corruption,n_samples,r_l,r_s,r_l_ema,r_s_ema,large_acc_ema,small_acc_ema,large_ent_ema,small_ent_ema,nuclear_norm_identity_pbs128_duo_acc_ema,fixed_ts_duo_acc_ema,coca_ts_duo_acc_ema,proxy_weighted_nuclear_norm_duo_acc_ema
impulse_noise/s5,128.0,0.14441919326782227,0.28968900442123413,0.14441919326782227,0.28968900442123413,0.13920454545454544,0.33096590909090906,5.530968536030162,4.385007121346214,0.2741477272727273,0.27698863636363635,0.26846590909090906,0.27698863636363635
impulse_noise/s5,256.0,0.12367670238018036,0.2561977207660675,0.140647831288251,0.28359968012029474,0.12831048084147256,0.29748544327573245,5.532734050865374,4.478833603733558,0.2617745116453794,0.26755024417731027,0.26184494740796393,0.26755024417731027
impulse_noise/s5,384.0,0.15107397735118866,0.2716466188430786,0.14254349420878512,0.28142639625170995,0.14710247064594445,0.31148818930028366,5.450285070984713,4.481515800967492,0.2875825243245928,0.28060181635010023,0.27161727884334774,0.28060181635010023
impulse_noise/s5,512.0,0.1875150501728058,0.2853776812553406,0.15072014074769796,0.2821448117069155,0.14599421588695455,0.3027834159778758,5.324442064316979,4.453749151574587,0.2867804501677026,0.27513427375502575,0.2662789222009187,0.27513427375502575
impulse_noise/s5,640.0,0.17338135838508606,0.2967047393321991,0.15484036213631397,0.2847920712751489,0.14835149989126709,0.3065120387951069,5.237113732934529,4.43189110321864,0.2957993096163959,0.2761229435880751,0.2570234933741687,0.2761229435880751
impulse_noise/s5,768.0,0.1931508332490921,0.2930459976196289,0.16180590233863726,0.2862927851559634,0.17110720240655067,0.30720020778845997,5.144720576732967,4.404290209378768,0.3023532568506451,0.29331370603829815,0.27252192531659225,0.29331370603829815
impulse_noise/s5,896.0,0.19161595404148102,0.3122500777244568,0.1672259117391543,0.2910122928956895,0.17084449086719505,0.3172166680236798,5.060943378109074,4.359548567604456,0.3139720149165475,0.30843727429010037,0.2945188095094543,0.30843727429010037
impulse_noise/s5,1024.0,0.20238524675369263,0.30519020557403564,0.173618518105434,0.29359009520084334,0.17066862611770905,0.3086842984290749,4.937850462347393,4.317487976017292,0.3036713488284326,0.29196007617767045,0.2774774675228578,0.29196007617767045
impulse_noise/s5,1152.0,0.19152487814426422,0.30698227882385254,0.17687421993067584,0.29602503767775407,0.16409428690524325,0.300648166716984,4.866981044477012,4.2853140084382115,0.29910024177771105,0.27860550554042396,0.2627121890029048,0.27860550554042396
impulse_noise/s5,1280.0,0.21041589975357056,0.31537097692489624,0.18297270717120212,0.2995424811772345,0.14497220858946036,0.2929442273064108,4.743421718275651,4.2398375925637914,0.2839018147437569,0.25365327230392015,0.23681559759698584,0.25365327230392015
impulse_noise/s5,1408.0,0.22137810289859772,0.3156867027282715,0.18995550639436495,0.30247779418651394,0.1507665197995561,0.30095853232908487,4.603059476305995,4.198071711676366,0.2949053470598703,0.2625178930298969,0.24091581326740372,0.2625178930298969
impulse_noise/s5,1536.0,0.22257119417190552,0.3507744073867798,0.19588563144482687,0.31125899658656225,0.15025486036168628,0.31407141420376755,4.45241050221774,4.11001086979514,0.30485399265991314,0.2772330523588566,0.2627721559889231,0.2772330523588566
impulse_noise/s5,1664.0,0.21919704973697662,0.3501676619052887,0.20012407113430863,0.3183332993717852,0.1509454023908809,0.32310772355789397,4.302575918281579,4.023064726697992,0.3221026727723385,0.28708369620716845,0.2693970631000229,0.2899246052980775
impulse_noise/s5,1792.0,0.21945738792419434,0.3681005835533142,0.20363921964156056,0.32738189649569954,0.14830849250959793,0.3203758314726397,4.178907374966283,3.9592360475069466,0.31453773962445797,0.28644652390727804,0.26195175298431284,0.28834828949706015
impulse_noise/s5,1920.0,0.2015453577041626,0.3478096127510071,0.20325851747112456,0.33109602672393723,0.1475763462254333,0.3216462177626761,4.001112751516422,3.923241289925395,0.3177380736329015,0.28292081352470677,0.2618747272043747,0.2841938962748915
impulse_noise/s5,2048.0,0.20477914810180664,0.3576068580150604,0.2035349957676122,0.3359161778677778,0.14243747144016608,0.29744498875022113,3.7405241908495936,3.8967726397302296,0.2948287930930993,0.2761701313677789,0.2620814289549946,0.2770223603162496
impulse_noise/s5,2176.0,0.2129848450422287,0.39267992973327637,0.20525315018117882,0.34623686002514115,0.14080524947647483,0.30319664536171825,3.420474465500135,3.784533060607429,0.3014453077730664,0.27914074909743875,0.25653798136656664,0.2797112494679026
impulse_noise/s5,2304.0,0.1820760816335678,0.3866735100746155,0.2010391377179768,0.35358897821595464,0.11672706783135914,0.3052390766471006,3.1959859326578393,3.7447445146175973,0.30639107379849895,0.2798380221230788,0.24921137595613135,0.2802199273297529
impulse_noise/s5,2432.0,0.16462403535842896,0.39136090874671936,0.1944182100162408,0.3604566019488209,0.09828423549041396,0.3151290513092161,2.9546284145255344,3.6824489716217146,0.3135758427907307,0.2591271057187552,0.23165183018550936,0.25938276127033044
impulse_noise/s5,2560.0,0.14448076486587524,0.38295626640319824,0.18533867453435612,0.36454745003143496,0.07328324855143412,0.31193556327311156,2.6874933439487396,3.6692489682524188,0.3108958121161089,0.24758715341503446,0.2211884152481509,0.247758294734684
impulse_noise/s5,2688.0,0.13809460401535034,0.3492656946182251,0.1767488435309005,0.36176894904721496,0.05990448869972036,0.31418826962910773,2.4077167918510742,3.7113356857999222,0.31349223786284974,0.23443850765799823,0.1927480300421506,0.23455307333478842
impulse_noise/s5,2816.0,0.1336659938097,0.412028044462204,0.16891559812704585,0.3709069663953948,0.05508069078245743,0.3074318168591547,2.0630989170176495,3.637161327976356,0.3069658782387672,0.2173720588454368,0.16983545812739007,0.21744875157122198
impulse_noise/s5,2944.0,0.11779644340276718,0.37309691309928894,0.15962120635899518,0.37130513852337554,0.04203748721800868,0.30187584434373166,1.7426796447018282,3.6444105448460773,0.30156393501934003,0.20310650220231719,0.1570799347794925,0.20315784196090064
impulse_noise/s5,3072.0,0.1254250705242157,0.40142756700515747,0.15340372711630798,0.37678194370188134,0.03563046665007192,0.28782597844497737,1.521475664965984,3.5902790861624263,0.2876171796410458,0.18710022048254288,0.13278698113337928,0.1899754975110161
impulse_noise/s5,3200.0,0.11540558934211731,0.4426334500312805,0.14649497479372783,0.38875494485268114,0.0295336181707093,0.3021810268929187,1.2981663397817145,3.4838614749687764,0.302041252486981,0.17457742032302456,0.12220657414713818,0.17882657271398597
impulse_noise/s5,3328.0,0.10773652046918869,0.4170151352882385,0.13944798309835707,0.3938931612955097,0.02545225679196242,0.3159228361845158,1.0561624578218933,3.461675008885136,0.3158292681937641,0.17781628963772717,0.11512382236296025,0.18066076355233768
impulse_noise/s5,3456.0,0.0991097092628479,0.3968302011489868,0.13211375149190085,0.39442716854159643,0.017038287604536823,0.30497727050368406,0.902389079363618,3.4842526228050037,0.304914634080123,0.15751545008806528,0.10005189761487421,0.16226051113834175
impulse_noise/s5,3584.0,0.0960676446557045,0.46600693464279175,0.1255599138853197,0.40744167146908644,0.014246704925351093,0.33329056951073066,0.7747783121700569,3.368018260160089,0.33324863934289223,0.14495868972837425,0.08815457608929594,0.1533004248116172
impulse_noise/s5,3712.0,0.08942510187625885,0.42531150579452515,0.11898994806549046,0.41069073225552977,0.009537050404573871,0.3452709597551172,0.652204374501917,3.3623890705614294,0.34524289079978737,0.12699713940494473,0.07631628647299976,0.1325812761135619
impulse_noise/s5,3840.0,0.09112828224897385,0.43074941635131836,0.11392419064430562,0.4143377657274913,0.0063843064691775486,0.3401194028112767,0.5905865647774333,3.342552981465668,0.34010061284944443,0.10670882885785554,0.062451398382751905,0.11044696996031829
impulse_noise/s5,3968.0,0.0930400863289833,0.43043649196624756,0.11012708076879246,0.4172648068618106,0.006598172099201499,0.34880926965052406,0.5422906188341646,3.3336816948706325,0.3487966912463223,0.09674310030980411,0.05446126668597441,0.10389425261806431
impulse_noise/s5,4096.0,0.09038012474775314,0.45788323879241943,0.10653672512860349,0.42464997630373946,0.007257867273019184,0.3727049656338219,0.46532169482102576,3.2734731718909376,0.37269654537976943,0.09859455475284405,0.05763522811209856,0.10854697902531577
impulse_noise/s5,4224.0,0.09001250565052032,0.4056456685066223,0.10353232158713382,0.4211946476133545,0.00485857230673185,0.3491867951763601,0.41188321244784265,3.31415390203638,0.3491811584773663,0.08717899946264766,0.04891283865355358,0.09616574628967418
impulse_noise/s5,4352.0,0.09683960676193237,0.43299180269241333,0.1023154643461881,0.4233395849004561,0.008934250883018842,0.36856719346516664,0.3732621218463206,3.275746500003575,0.36856342013774107,0.08341114840061536,0.04927223083419702,0.091751449995567
impulse_noise/s5,4480.0,0.09585186839103699,0.4227147400379181,0.10114026508161517,0.42322597674363094,0.0059807795167316205,0.35881357579073136,0.3652840831405649,3.2790278136908126,0.3588110498442729,0.0852793638053706,0.046930171054297164,0.0931869210714126
impulse_noise/s5,4608.0,0.08953292667865753,0.41065841913223267,0.09902983991744105,0.42094096626883126,0.004003662321117861,0.339887600322721,0.31052744048740666,3.2995878201497386,0.33988590939988517,0.08058990469615716,0.03658135417684354,0.08588339344449934
impulse_noise/s5,4736.0,0.08882889151573181,0.4273481070995331,0.09717512202622118,0.42210590096532247,0.005521046677773114,0.3680239307945487,0.2882001761472588,3.279725117692931,0.36802279885446854,0.0769341510775928,0.0348189230440027,0.08047772619011939
impulse_noise/s5,4864.0,0.08925346285104752,0.4310036599636078,0.09573482035800777,0.4237236753286471,0.0036959072801621665,0.37988585449883006,0.27994129782043664,3.264100253253406,0.37988509675381776,0.06518939039078525,0.03131473360796875,0.06756153571404686
impulse_noise/s5,4992.0,0.09017160534858704,0.4343635141849518,0.09472332671993128,0.4256581914843388,0.0024741197495300447,0.3545103654083077,0.27470826575044627,3.2817116229758057,0.35450985815751435,0.05861851753432731,0.02328713572103693,0.0630473916763454
impulse_noise/s5,5120.0,0.08815137296915054,0.4213777482509613,0.09352842603797114,0.42487992907827016,0.0016562289232391204,0.3597342115543216,0.2512698187463203,3.280755561550012,0.35973387198974094,0.059385123308103395,0.023078578457884222,0.06234990682466097
impulse_noise/s5,5248.0,0.09579580277204514,0.45205429196357727,0.09394067635325731,0.4298207223301442,0.0011087152296063532,0.37459480277603346,0.25280717453405727,3.2278227848678545,0.37459457546420677,0.05473301642939153,0.023455494670153898,0.056717706221467254
impulse_noise/s5,5376.0,0.09260271489620209,0.4107476472854614,0.09369741063379272,0.42635289050383823,0.0007421977983315256,0.3465779258252786,0.2531510436111806,3.2712231814306687,0.3465777736578574,0.055492763064303424,0.020866901390764178,0.056821357057345846
impulse_noise/s5,5504.0,0.09349317848682404,0.47010326385498047,0.09366027751616204,0.4343075038404095,0.0004968431542549881,0.3513248924946079,0.26387438344684805,3.1958382867705875,0.3513247906304665,0.060650114117426254,0.027140239773982628,0.061539503484669536
impulse_noise/s5,5632.0,0.08851867914199829,0.44896113872528076,0.09272544144813227,0.43697180109220424,0.0003325974834268928,0.36354187018234074,0.24237920295321352,3.1900499164052376,0.3635418019922957,0.0594537954009217,0.026174458030517295,0.06004917175420026
impulse_noise/s5,5760.0,0.08949162065982819,0.45614275336265564,0.09213747403207698,0.4404574287777408,0.0002226479021287464,0.3557077808658644,0.23599689883149652,3.177583137013361,0.35570773521798305,0.049613697747724436,0.017521744631999178,0.05001225547182
impulse_noise/s5,5888.0,0.09247598052024841,0.44851356744766235,0.09219902066628996,0.44192218126318106,0.0024734254551440366,0.3564035557862398,0.2146203314514787,3.161824408867187,0.3564035252285671,0.0515492522112866,0.01637819268753664,0.051816055315846446
impulse_noise/s5,6016.0,0.08840583264827728,0.46488162875175476,0.09150935011756038,0.4460966262611035,0.0016557641476584043,0.37133213238582996,0.20208509173225625,3.0999431649479026,0.37133211192986726,0.046130077926563755,0.017937054609012126,0.04630868165771538
impulse_noise/s5,6144.0,0.08889175206422806,0.4305221438407898,0.09103342319877268,0.44326490218468284,0.0011084040988457084,0.34232770845662996,0.22014000567725966,3.160147433118594,0.342327694762969,0.036045754645055064,0.012007449779586628,0.041847134002272274
impulse_noise/s5,6272.0,0.08844219893217087,0.42061978578567505,0.090562291513936,0.43914760829395416,0.0007419895207148957,0.31645491227262,0.2000856931370041,3.2191245310855168,0.31645490310578916,0.02697071178718562,0.010878953984681954,0.030854279786645074
impulse_noise/s5,6400.0,0.09154652804136276,0.47075867652893066,0.09074124360983177,0.44489507524576805,0.0004967037287430292,0.3399408916866299,0.1989579455782599,3.1470612862398575,0.33994088555015634,0.0283853525186945,0.017613184072390396,0.0333094765513905
impulse_noise/s5,6528.0,0.09108636528253555,0.5036656260490417,0.09080399300486883,0.45558062993727233,0.0031734132399023583,0.3406835721208018,0.19232185106558228,3.0581597080522314,0.34068356801291455,0.032689781438134335,0.0203133711558977,0.04063485620382339
impulse_noise/s5,6656.0,0.0892486572265625,0.49698033928871155,0.0905212046815404,0.46310784981935216,0.0021243510118354627,0.36029230860979294,0.17872977438279192,3.013255350227014,0.3602923058598849,0.03970349005362711,0.023928785649815813,0.045022093822394166
impulse_noise/s5,6784.0,0.08848664164543152,0.47564467787742615,0.0901512841295206,0.46538727310263833,0.0014220862145344832,0.34991675204457207,0.16594639369602082,2.9836901760234595,0.34991675020372454,0.028902749540031365,0.018342823451529593,0.032463137186891956
impulse_noise/s5,6912.0,0.08824336528778076,0.4609139561653137,0.08980438979465881,0.46457394275039743,0.0009519750692338275,0.33289881748438294,0.16257261629350594,2.994756436238659,0.33289881625208007,0.023996881923492065,0.012279080161767741,0.02638028191849792
impulse_noise/s5,7040.0,0.08869120478630066,0.4770161509513855,0.08960199252041187,0.4668361624233043,0.0006372725670077688,0.3599880513738431,0.16028046168992477,2.97433412343582,0.35998805054891303,0.026911135833081464,0.013385169364489146,0.028506635003291994
impulse_noise/s5,7168.0,0.08819218724966049,0.4670267105102539,0.08934566428936616,0.46687080753002236,0.0004266039498151179,0.3517791914155478,0.16088641972309253,2.9798672148261813,0.3517791908633219,0.02834547109487271,0.01180122907870761,0.029413532522864883
impulse_noise/s5,7296.0,0.08820881694555283,0.44139474630355835,0.08913896477230919,0.46223879639793797,0.00028557785070268215,0.3586806983856146,0.15135657069507694,3.0237206964803316,0.3586806980159427,0.032146555030451975,0.010224376490705095,0.032861538300430204
impulse_noise/s5,7424.0,0.08833309262990952,0.45071178674697876,0.08899244256460015,0.4601429764613999,0.0001911719496439442,0.35865195511764286,0.1528890045443924,3.049921935811613,0.35865195487017654,0.02151959468980669,0.0068444173202240706,0.021998219854006993
impulse_noise/s5,7552.0,0.08843435347080231,0.48576146364212036,0.08889097182027327,0.46480088322153085,0.0001279746109186734,0.3550170112770997,0.14695406778517164,3.0133855161195027,0.35501701111144046,0.017246588180779683,0.00742270911519132,0.019891370315492284
impulse_noise/s5,7680.0,0.08911404013633728,0.4650081396102905,0.08893152969592126,0.4648385662013053,8.566895441663258e-05,0.35800725548301715,0.15071631185877804,2.997714178282308,0.35800725537212125,0.016710525972257473,0.00496892097793799,0.01848099996326343
impulse_noise/s5,7808.0,0.08808749914169312,0.4722028970718384,0.0887780695951525,0.4661775354504931,5.7348638907001964e-05,0.35045320408367264,0.15154137720796912,2.983944451660995,0.35045320400943647,0.013510765320271529,0.003326302472834522,0.01753686774400279
impulse_noise/s5,7936.0,0.09379862248897552,0.4906121492385864,0.08969089739402941,0.4706201925028737,3.839041116915007e-05,0.37225586389072296,0.15170080744865588,2.914976687667273,0.37225586384102766,0.014209685875553667,0.005067607440492531,0.016904845349291125
impulse_noise/s5,8064.0,0.09158363938331604,0.5292668342590332,0.09003503230117244,0.4812832182767208,0.002350079531443811,0.3909832642574261,0.13849331873467205,2.830349352458601,0.39098326422415897,0.019326318643965675,0.008041125641982602,0.02113051630820315
impulse_noise/s5,8192.0,0.08934488892555237,0.4612096846103668,0.08990955168742333,0.4776334848828383,0.0015731937359251954,0.3849247471475331,0.1362486593291994,2.8712351981146784,0.3849247471252634,0.01810274223273735,0.007707282454550336,0.02163489108235087
impulse_noise/s5,8320.0,0.08878481388092041,0.4616459012031555,0.0897050539044228,0.4747266514865323,0.0010531296909912463,0.3839682191648775,0.1274326614453713,2.9131752033624734,0.3839682191499697,0.027614232403733265,0.01032470974230229,0.02997872874107785
impulse_noise/s5,8448.0,0.08816906809806824,0.4468386769294739,0.08942578375781288,0.4696561106579762,0.0007049876443825697,0.36421632853186015,0.12507099440690564,2.9584680452056893,0.36421632852188046,0.021326469625639624,0.0069115825547643416,0.025750223372126492
impulse_noise/s5,8576.0,0.0887182354927063,0.5215703248977661,0.08929713861870259,0.47909505870157437,0.00047193387764453003,0.3729464678601709,0.13047726706948912,2.854606433005669,0.3729464678534902,0.029255735865097596,0.006951142040792657,0.03221709167886153
impulse_noise/s5,8704.0,0.09270300716161728,0.4853871762752533,0.08991638744468707,0.48023908007860683,0.005481211934621545,0.37078441236920523,0.12898738618718444,2.8600159274859744,0.37078441236473303,0.02991499673613971,0.012142913266976904,0.031897391950312264
impulse_noise/s5,8832.0,0.09017099440097809,0.46124202013015747,0.08996267961855817,0.47678506917888874,0.0036692410471433476,0.3644300611727737,0.14247327397005743,2.9016990539893013,0.3644300611697799,0.027515411038242284,0.010453107228306852,0.02884246899153135
impulse_noise/s5,8960.0,0.08840443193912506,0.5171889662742615,0.08967936185866124,0.48413123228713834,0.004780648965443068,0.35836847070243527,0.1448462370119062,2.8422763522290526,0.3583684707004311,0.020743787554525824,0.009321914756139296,0.024473057754661482
impulse_noise/s5,9088.0,0.08822482824325562,0.5058725476264954,0.08941490120131476,0.48808419871247594,0.003200269142156103,0.3682569927842748,0.14669958447425402,2.8091231317245025,0.36825699278293317,0.02137600654476522,0.01140557929956432,0.02387246014981471
impulse_noise/s5,9216.0,0.08816614001989365,0.5210622549057007,0.08918785371378364,0.4940802089294259,0.0021423289298730932,0.384174102607655,0.13107010642488107,2.7782551698815787,0.3841741026067569,0.01947484735641308,0.007635139861691817,0.023986936133347035
impulse_noise/s5,9344.0,0.08905123174190521,0.5133073329925537,0.08916301335526028,0.49757604966817637,0.001434121019171244,0.3914719199274384,0.11860581452555428,2.745137160546432,0.3914719199268372,0.02853274905677239,0.01027641594047138,0.031553238238025694
impulse_noise/s5,9472.0,0.08929479867219925,0.49195101857185364,0.08918697432197645,0.4965533167415722,0.0032844115913460395,0.37001426044729346,0.10870023978211865,2.7812682806269433,0.370014260446891,0.0237491956495749,0.011528013976679187,0.025771176010579183
impulse_noise/s5,9600.0,0.088943250477314,0.5212563276290894,0.08914266089567417,0.5010447732665753,0.0021986556933804064,0.38250954624984107,0.10262746915255115,2.7314326519513794,0.3825095462495717,0.020546982211698896,0.010041480430669538,0.021900539312867052
impulse_noise/s5,9728.0,0.08809591829776764,0.48002201318740845,0.08895234405969116,0.4972224532521813,0.001471827364990189,0.3663390350928688,0.10752365331411395,2.774736961496039,0.36633903509268845,0.01607897156320339,0.009046362932927541,0.0169850717714234
impulse_noise/s5,9856.0,0.08815187215805054,0.5177649855613708,0.08880680371393831,0.5009574591265793,0.000985272864166986,0.37617530448365594,0.1034275637419561,2.736937911570772,0.3761753044835352,0.013604518153879953,0.006055829731959758,0.01705199019409335
impulse_noise/s5,9984.0,0.08817677944898605,0.5483319163322449,0.08869225384758335,0.5095709968003367,0.0006595628264258334,0.39412355093533985,0.103583208666093,2.6439346519393125,0.3941235509352591,0.017113355127803934,0.00689481163874992,0.021745547154723648
impulse_noise/s5,10112.0,0.08833932131528854,0.5383400917053223,0.08862808429625701,0.5148017413285159,0.0004415255284338223,0.4009732035186986,0.10185714355524572,2.60877740599061,0.40097320351864446,0.013780427812827425,0.0046155350639565575,0.019722225781261284
impulse_noise/s5,10240.0,0.09170068055391312,0.5405949354171753,0.08918673816128539,0.5194914129809993,0.000295566676059005,0.40426718582656673,0.10989047460522464,2.5625675064148763,0.4042671858265306,0.017747641759000177,0.0059306474395081086,0.02456611808497656
impulse_noise/s5,10368.0,0.08814472705125809,0.49724724888801575,0.08899728159582587,0.5154470195095477,0.00019785868397338347,0.39020158720621406,0.09833069233477797,2.623985614730309,0.3902015872061899,0.025052140351066232,0.003970102831406254,0.02961657491638926
impulse_noise/s5,10496.0,0.08822602778673172,0.5397126078605652,0.08885705363053603,0.5198589446642782,0.0001324508545606947,0.42055850052647387,0.08877725834843501,2.584679268892677,0.4205585005264577,0.019094821226746814,0.0026576721433380704,0.022150351803533305
impulse_noise/s5,10624.0,0.08821083605289459,0.5318279266357422,0.08873955952551033,0.5220351232045444,8.866544809434932e-05,0.4238346160549122,0.09977103738999528,2.5502989081211798,0.42383461605490136,0.020788681978235468,0.004103483005044492,0.02283411980236527
impulse_noise/s5,10752.0,0.08921229839324951,0.5019676685333252,0.08882551204691745,0.5183864950825045,5.9354556162333006e-05,0.4022673876070073,0.09042718628798543,2.607196768125802,0.4022673876070001,0.02140605983667002,0.007912248953790113,0.022775319867699064
impulse_noise/s5,10880.0,0.08860782533884048,0.4993060231208801,0.0887859326454489,0.5149173183622091,3.9733215282222917e-05,0.3764661850922941,0.09029142441172608,2.6557223786998523,0.37646618509228924,0.019494965675787367,0.005296629464933877,0.02041157776267458
impulse_noise/s5,11008.0,0.08830693364143372,0.5519696474075317,0.08869884191744613,0.5216541054613586,0.002867507358990579,0.4036157933262464,0.08248374600280381,2.5913197238888515,0.4036157933262432,0.018732167105279147,0.00922749575751772,0.022186676022947445
impulse_noise/s5,11136.0,0.08828206360340118,0.5508257746696472,0.08862306404216522,0.5269580453174111,0.0019195710419688998,0.41559197735062775,0.0815168091962319,2.5652997263956823,0.41559197735062553,0.017188475500228187,0.006177083936850704,0.01950099799883258
impulse_noise/s5,11264.0,0.08853567391633987,0.4791676998138428,0.08860717492837879,0.5182688915894895,0.0012850021024750486,0.4011400840115772,0.08475681590481901,2.6443217277393765,0.4011400840115757,0.016155095169574238,0.004135072718057082,0.017703147420706104
impulse_noise/s5,11392.0,0.08830200135707855,0.5265305042266846,0.08855168882450602,0.5197710029780704,0.0008602080190122224,0.41031898185898963,0.0792193022594462,2.6469782663681847,0.41031898185898863,0.015463328171367877,0.0027681065302696166,0.016499627612208217
impulse_noise/s5,11520.0,0.08856211602687836,0.551922082901001,0.0885535846794828,0.5256166538731487,0.0005758417317354546,0.4009676655419682,0.08413769980868888,2.587896949937191,0.40096766554196756,0.015516773403973536,0.004693939082246603,0.018534874682552608
impulse_noise/s5,11648.0,0.08828216046094894,0.5269969701766968,0.08850423482156755,0.5258676204737938,0.0032263899195915024,0.3980651314785076,0.08723225275254252,2.5983436852948882,0.39806513147850714,0.025883129303486414,0.005983132774065907,0.027903511151130257
impulse_noise/s5,11776.0,0.08850778639316559,0.5205324292182922,0.08850488056185811,0.5248975857000662,0.0021598147395612533,0.4209155012376786,0.0868732110647505,2.6099449432017865,0.4209155012376783,0.022492012178366938,0.0040052376421432926,0.026168879365632648
impulse_noise/s5,11904.0,0.088200144469738,0.5224392414093018,0.08844947399965446,0.5244506140108363,0.0014458263959046403,0.40367070744009886,0.07998286286582613,2.6159088034652145,0.40367070744009864,0.01738101641692332,0.0026811921406083195,0.019842390319142512
impulse_noise/s5,12032.0,0.08824174106121063,0.5214928984642029,0.08841170437448284,0.523912847547812,0.0009678672567626103,0.3861865892780827,0.07202984206413723,2.635564980228594,0.3861865892780825,0.011635225865874288,0.0017948476313163126,0.01328292244504581
impulse_noise/s5,12160.0,0.08826984465122223,0.5393893718719482,0.08838591169752635,0.5267267610612913,0.0006479111388245572,0.3848129234010305,0.07675539916173939,2.5898565297194738,0.3848129234010304,0.010113250373023283,0.0035258897366662917,0.013540634033460416
impulse_noise/s5,12288.0,0.08844850212335587,0.5581648945808411,0.0883972917749499,0.532442785337573,0.00043372563838668703,0.3931908826073014,0.07707756045097179,2.5299722493469403,0.3931908826073013,0.011935316365412278,0.004684686517933633,0.014229680633969368
impulse_noise/s5,12416.0,0.08842013031244278,0.5275396108627319,0.08840144423631223,0.5315512990694201,0.00029034526206050943,0.38717736769579675,0.08154723137644691,2.5435132246398022,0.3871773676957967,0.010830666327259458,0.005976938908699374,0.012366563069020814
impulse_noise/s5,12544.0,0.08820661902427673,0.4933846592903137,0.0883660214704876,0.5246119100186735,0.00019436335724711784,0.3746290643252853,0.08006140267818171,2.640795359069511,0.3746290643252853,0.009574660929818315,0.00632547150086487,0.013443732302402363
impulse_noise/s5,12672.0,0.08821660280227661,0.5452033877372742,0.08833885443990377,0.528355815058419,0.00013011100774393836,0.4016111918210587,0.07146931833747076,2.589228388801806,0.4016111918210587,0.006409483762936226,0.004234406541901275,0.008999523276814804
impulse_noise/s5,12800.0,0.08821044117212296,0.4916415810585022,0.08831550657303452,0.5216804997857069,8.709910435751245e-05,0.37034509535128723,0.07012393780274881,2.6602319922984385,0.37034509535128723,0.00945593541155235,0.002834602726396721,0.011189763515884289
impulse_noise/s5,12928.0,0.08818686753511429,0.5158386826515198,0.08829211765704903,0.5206183512158546,5.830601200792155e-05,0.3708508489541674,0.06799255585092642,2.6252355508257534,0.3708508489541674,0.009170915440791242,0.001897543973868879,0.010331577229641547
impulse_noise/s5,13056.0,0.08827641606330872,0.529737114906311,0.0882892628218235,0.522276308250483,3.903129729455905e-05,0.39391668401064095,0.06829494260960747,2.6073404968541976,0.39391668401064095,0.011304497113256946,0.0012702567097799932,0.014922378145462522
impulse_noise/s5,13184.0,0.08831191807985306,0.5231263041496277,0.08829338195964706,0.5224308529594184,2.61283890980106e-05,0.3925702595443133,0.06823819774162082,2.6081486037954247,0.3925702595443133,0.012732762530362086,0.0008503371362990035,0.015154649832912925
impulse_noise/s5,13312.0,0.08845920115709305,0.5178973078727722,0.08832353090463724,0.5216065720345736,1.749090509866825e-05,0.3924437274635485,0.06835073287817695,2.5752573601292745,0.3924437274635485,0.010847964999663874,0.0005692339507456138,0.012469228400545014
impulse_noise/s5,13440.0,0.08821704238653183,0.5233681201934814,0.08830416935589079,0.5219268535180114,0.00285261787861977,0.41844373491361503,0.06104348292020409,2.5754778601437405,0.41844373491361503,0.010102769958452676,0.0032219665290115266,0.011188078516067321
impulse_noise/s5,13568.0,0.08824581652879715,0.5435245037078857,0.08829355975096467,0.5258536990070795,0.0019096037038694325,0.4234520043636596,0.060653271724818436,2.5257942703099263,0.4234520043636596,0.01244482947631956,0.0021568536268589556,0.013171358345466552
impulse_noise/s5,13696.0,0.08822445571422577,0.5561603307723999,0.08828099538064851,0.5313639956916831,0.001278329752177058,0.4177653913508795,0.05598491149872378,2.486892822167456,0.4177653913508795,0.013496125517205654,0.0014438441634345074,0.01398247955357678
impulse_noise/s5,13824.0,0.08823752403259277,0.5830790400505066,0.08827309149918383,0.540766731029651,0.0036966504952590223,0.42144831982992753,0.059433643699358704,2.423166991144464,0.42144831982992753,0.019365174933005436,0.0066483584895718605,0.01969075077553487
impulse_noise/s5,13952.0,0.0882381945848465,0.5220626592636108,0.08826674660566794,0.5373659907085527,0.002474617273685791,0.4094509413737531,0.056267324099316854,2.45480008025532,0.4094509413737531,0.012963464211350743,0.004450554030209261,0.013181411676184498
impulse_noise/s5,14080.0,0.08844371885061264,0.5382422208786011,0.08829892337747607,0.5375253052849251,0.001656561976599579,0.3802419524898677,0.07261495886393607,2.471780141446279,0.3802419524898677,0.013843310753052975,0.005820205590470662,0.016313589634470615
impulse_noise/s5,14208.0,0.0884588286280632,0.5503139495849609,0.08832799705940099,0.5398505133394771,0.0011089381826823626,0.38470742274115105,0.06503086288359587,2.441273516043127,0.38470742274115105,0.00926700967766356,0.0038961706845299466,0.010920667441257187
impulse_noise/s5,14336.0,0.08827133476734161,0.5536272525787354,0.0883176948244811,0.5423553750193422,0.0007423470479113335,0.40551695241349783,0.06014567484019321,2.433292785258596,0.40551695241349783,0.006203535404055771,0.0026081803755944265,0.007310529444147372
impulse_noise/s5,14464.0,0.08830492943525314,0.5430911183357239,0.08831537384462146,0.5424891465314116,0.0004969430651307273,0.4018853152520109,0.05860086991719699,2.4471951213806777,0.4018853152520109,0.006477160063872043,0.0017459719869681695,0.007218205660958158
impulse_noise/s5,14592.0,0.0882110446691513,0.5607587099075317,0.08829640490362688,0.5458108853270698,0.0003326643659139579,0.38705752508605684,0.056583051786681826,2.4246584624246807,0.38705752508605684,0.007176859216311037,0.0011687911648299314,0.007672931062294303
impulse_noise/s5,14720.0,0.0883672907948494,0.5690938830375671,0.08830929324748552,0.5500441576380692,0.00022269267470273214,0.41225545067744296,0.06006475100729687,2.3935931924830127,0.41225545067744296,0.004804343772902429,0.0007824139202580532,0.0051364249259986654
impulse_noise/s5,14848.0,0.08827564120292664,0.5473909974098206,0.08830317469392934,0.5495617648692968,0.002989984352486953,0.4151772025196105,0.05915747062356344,2.4099804421691773,0.4151772025196105,0.008897949137232204,0.003364673781329771,0.009120251396742907
impulse_noise/s5,14976.0,0.08837555348873138,0.5791171789169312,0.08831633447480243,0.5549354765143212,0.0020015597731524227,0.4305628380503178,0.0672901067979471,2.339655906286058,0.4305628380503178,0.008797387438973622,0.002252384927997615,0.008946201348232853
impulse_noise/s5,15104.0,0.08826787769794464,0.5114395618438721,0.08830752415173737,0.5470271283924213,0.0013398871208706298,0.41219495770310527,0.06831838235844777,2.450385736503085,0.41219495770310527,0.008730069277329448,0.001507794869155428,0.008829688505841825
impulse_noise/s5,15232.0,0.08824659138917923,0.5389371514320374,0.08829644546763589,0.5455562234905332,0.0008969492296737273,0.41255406259464067,0.05843710917355584,2.4498660946459503,0.41255406259464067,0.008168476127799052,0.0010093502843106581,0.0082351633799437
impulse_noise/s5,15360.0,0.08824281394481659,0.5861400961875916,0.08828669428166874,0.5529351094354529,0.0006004370876328256,0.4303564385964123,0.053868473250829746,2.3799884535641094,0.4303564385964123,0.005468153440923331,0.0006756807688360604,0.005512795320458179
impulse_noise/s5,15488.0,0.09130975604057312,0.5580953359603882,0.0888363418741968,0.5538733324399865,0.0004019454884153625,0.444339847324871,0.05688300189000063,2.3614300230313106,0.444339847324871,0.008309259741444544,0.00045231522541918083,0.00833914397485217
impulse_noise/s5,15616.0,0.08848397433757782,0.5822572708129883,0.08877227504935697,0.559034048507805,0.0002690709467904492,0.4425952696968144,0.06478276179565519,2.3311352428265755,0.4425952696968144,0.005562397017000066,0.00030278953106573255,0.005582402164983683
impulse_noise/s5,15744.0,0.08847464621067047,0.5658717751502991,0.08871816071505033,0.560277271533713,0.0001801218734712924,0.41870013921852867,0.06320362441081775,2.315467636951349,0.41870013921852867,0.008888877341958722,0.00020269381831673002,0.011743178308790729
impulse_noise/s5,15872.0,0.08831260353326797,0.5750685930252075,0.08864442304563534,0.5629666027139847,0.00012057745248904697,0.42078273782397374,0.06385474642523858,2.315664785744499,0.42078273782397374,0.008274785658666581,0.002460067762674836,0.010185516057950816
impulse_noise/s5,16000.0,0.08828703314065933,0.5330715179443359,0.08857944306291242,0.5575311327558667,8.071713761663473e-05,0.42760042779951957,0.05678558651106313,2.3743454246562194,0.42760042779951957,0.008380228416132174,0.0016468222212947243,0.009659312402429884
impulse_noise/s5,16128.0,0.08827754110097885,0.5515275001525879,0.0885245517971063,0.5564395631916342,5.4033786338408364e-05,0.41950937728728166,0.049651640984739245,2.3775395745549313,0.41950937728728166,0.014132632245509966,0.0011024181811972946,0.014988878550386945
impulse_noise/s5,16256.0,0.08833059668540955,0.5629326701164246,0.08848928723134326,0.5576201280870506,3.6171377631496504e-05,0.4280393352088414,0.04867861019677823,2.3351950203384004,0.4280393352088414,0.01230159679244882,0.0007379824188180235,0.012874786467614401
impulse_noise/s5,16384.0,0.08826692402362823,0.5551764965057373,0.08844885755721325,0.5571758314359028,2.4213897422737326e-05,0.4014664144786459,0.05483063374961861,2.3493646097211207,0.4014664144786459,0.012883713555275653,0.0004940212886302471,0.013267419040303851
impulse_noise/s5,16512.0,0.08827661722898483,0.575492262840271,0.08841754113389899,0.5605060916912424,1.620930323340267e-05,0.4092461121716555,0.04999784287961728,2.3364489685030034,0.4092461121716555,0.008624634694027501,0.000330708465942562,0.011722404481525717
impulse_noise/s5,16640.0,0.0928487777709961,0.5738229751586914,0.0892232205224621,0.5629273432307786,0.0023352310211727737,0.4090304552554057,0.04853324265596171,2.319217235796569,0.4090304552554057,0.016104094299307665,0.002545763518523533,0.018177807958707298
impulse_noise/s5,16768.0,0.08830485492944717,0.5611206293106079,0.08905624496009573,0.5625988497907476,0.001563253824090865,0.380218734509817,0.049646959170712976,2.3135428792122177,0.380218734509817,0.010780426762346453,0.0017041888016562493,0.014492995410374304
impulse_noise/s5,16896.0,0.08825631439685822,0.5514252185821533,0.08891080303950709,0.5605672804800941,0.001046475700424463,0.3836588222751668,0.052029500201107456,2.3060544903584885,0.3836588222751668,0.010057558411157543,0.0011408206027616213,0.012542831638349738
impulse_noise/s5,17024.0,0.08826765418052673,0.5529294013977051,0.08879386688332884,0.559178575192387,0.0007005333201188554,0.3957757405313099,0.04563892865374456,2.304346682460671,0.3957757405313099,0.011898034969452569,0.0007636898249891844,0.013561730270300238
impulse_noise/s5,17152.0,0.08825867623090744,0.5864197015762329,0.0886965594919795,0.5641315072621771,0.00046895205726964694,0.4072445039920338,0.04543642849302952,2.2678450456693215,0.4072445039920338,0.010289180434096346,0.000511230378711768,0.011402893817308423
impulse_noise/s5,17280.0,0.08822919428348541,0.538443386554718,0.08861158399952601,0.5594609398608209,0.00031392658379207763,0.39245293242441937,0.042706785693535615,2.309351651650642,0.39245293242441937,0.01205308772860995,0.00034222860062523307,0.01279863139836349
impulse_noise/s5,17408.0,0.0886639654636383,0.544772744178772,0.08862110790209188,0.5567903588277211,0.0002101492007203164,0.41535072335849554,0.04495017380898585,2.339787704814399,0.41535072335849554,0.010392976082788477,0.002553475344220197,0.01089205903526812
impulse_noise/s5,17536.0,0.0882694199681282,0.5735588073730469,0.0885571646413712,0.559839167654144,0.00014067839056483987,0.4376521371242821,0.04225247497090759,2.3110590873390424,0.4376521371242821,0.00695728150996584,0.0017093512634862472,0.010132287453361304
impulse_noise/s5,17664.0,0.08828569203615189,0.5658818483352661,0.08850780598587678,0.5609378368688934,9.417313748555394e-05,0.4409592818765855,0.03977548180968423,2.320509079695264,0.4409592818765855,0.004657353738076305,0.0011442764656395539,0.006782770939853433
impulse_noise/s5,17792.0,0.08838766813278198,0.6072129607200623,0.08848596273985954,0.5693514957509241,6.304152178785015e-05,0.43387563497523485,0.044553137311184994,2.2453009584032313,0.43387563497523485,0.011640459940365128,0.006447821435676065,0.01306325988535643
impulse_noise/s5,17920.0,0.08828073740005493,0.5783390998840332,0.08844864904171323,0.5709856055933076,4.220134929599885e-05,0.43868947465284314,0.04065817909050588,2.2353498681001325,0.43868947465284314,0.007792374009665911,0.004316310217270754,0.01158573595631298
impulse_noise/s5,18048.0,0.08827425539493561,0.5852503776550293,0.08841694110593548,0.5735792005136205,2.8250490024594265e-05,0.42848221030479583,0.04710236821007933,2.2180755480201197,0.42848221030479583,0.00521638260151189,0.0028894308066027357,0.012921029855052491
impulse_noise/s5,18176.0,0.08837909251451492,0.5428273677825928,0.08841005954385903,0.5679879581988883,1.891148505778624e-05,0.4216492482205658,0.043105433019889665,2.2981324799049023,0.4216492482205658,0.009173776782830273,0.0019342470688828229,0.014331433208754147
impulse_noise/s5,18304.0,0.08830775320529938,0.5590260028839111,0.08839145839139363,0.5663585117779832,1.2659754460170951e-05,0.41113503393277545,0.04438413371941566,2.3025752778735025,0.41113503393277545,0.006141123300902909,0.001294826550243873,0.009593769338091617
impulse_noise/s5,18432.0,0.08830513060092926,0.5982199907302856,0.08837576242949101,0.5721515079511291,8.474711663420222e-06,0.4270821301533455,0.04316129754351442,2.2229259990683494,0.4270821301533455,0.004110999895645748,0.00086678471545251,0.006422275342028272
impulse_noise/s5,18560.0,0.08842179924249649,0.5621142387390137,0.08838413275912838,0.5703265499125627,5.67315408873585e-06,0.4282016739043056,0.04053899355168809,2.2715307664818134,0.4282016739043056,0.005076371830969467,0.0005802443136500272,0.009464498369456942
impulse_noise/s5,18688.0,0.08837186545133591,0.5690822005271912,0.08838190233952974,0.5701003045697679,0.0023281778965387402,0.4124221949276756,0.0410083542433561,2.277322349426562,0.4124221949276756,0.010371372878582865,0.0027128081769062164,0.013308879073768695
impulse_noise/s5,18816.0,0.08826591074466705,0.5635199546813965,0.08836081295864562,0.5689038773173367,0.0015585323109060987,0.41322270900117125,0.04068007935796368,2.265109904341712,0.41322270900117125,0.00694281986086952,0.001816012085366971,0.011750158718803836
impulse_noise/s5,18944.0,0.08830602467060089,0.5366252064704895,0.0883508514517284,0.5630350280724554,0.0010433150180445784,0.3915478465214452,0.044176720817296726,2.315512941119739,0.3915478465214452,0.00464767279942505,0.0012156775116919391,0.007865808729116616
impulse_noise/s5,19072.0,0.08833305537700653,0.5813278555870056,0.08834761580177897,0.5663609967114646,0.0006984174914182713,0.4000237650267526,0.042744601436982554,2.296792208597114,0.4000237650267526,0.003111252039284537,0.000813800648322703,0.005265541380648313
impulse_noise/s5,19200.0,0.08831027150154114,0.5533279180526733,0.08834082592900845,0.5639913460462298,0.0004675356760733881,0.383228718736917,0.04221282113806053,2.3199050851355003,0.383228718736917,0.0020827389684466733,0.0005447756406127184,0.005849246709359614
impulse_noise/s5,19328.0,0.08828142285346985,0.5984822511672974,0.08833002536981961,0.5702624197046057,0.00031297842778466473,0.39187211750157247,0.04203059324765559,2.2331645024404794,0.39187211750157247,0.0013942302185469466,0.00036468451974900983,0.003915611433538254
impulse_noise/s5,19456.0,0.08829695731401443,0.5302911996841431,0.08832401299603684,0.5629949251554306,0.00020951448471535406,0.3736395993192344,0.038069741834761084,2.2962354573824646,0.3736395993192344,0.003257707832250435,0.0025685078190055355,0.007786483686914037
impulse_noise/s5,19584.0,0.08831184357404709,0.6198568344116211,0.08832180037385688,0.5733334541111016,0.00014025349803259237,0.40172361607320645,0.039256343948894226,2.1754937559536254,0.40172361607320645,0.0021807796232420264,0.0017194143251194078,0.005212439492892867
impulse_noise/s5,19712.0,0.08830288797616959,0.5923268795013428,0.08831836175609556,0.5767868041820545,9.388870529454528e-05,0.41587490001594807,0.044946017519438664,2.169585770158288,0.41587490001594807,0.00378424090481491,0.001151012895327868,0.005813699164663819
impulse_noise/s5,19840.0,0.08833251893520355,0.620972752571106,0.08832093578866064,0.5848206129800638,6.285111676742286e-05,0.4098522057957999,0.0439452271990224,2.1315386121993356,0.4098522057957999,0.007182012506528989,0.0007705127646409692,0.008540575473865861
impulse_noise/s5,19968.0,0.09004217386245728,0.5899938941001892,0.08863388816571457,0.5857612095473593,4.2073888083977283e-05,0.42002503032611394,0.04336478799081684,2.1452351781188392,0.42002503032611394,0.009456553826684694,0.0005157978011232934,0.010366005069282104
impulse_noise/s5,20096.0,0.08834569901227951,0.5805500745773315,0.08858149013781728,0.5848137304618997,2.816516475043107e-05,0.42166964840012583,0.04523348006985766,2.164506781338639,0.42166964840012583,0.008654800495549257,0.00034528613133046906,0.00926360669927149
impulse_noise/s5,20224.0,0.0885770171880722,0.5865505337715149,0.08858067687422727,0.5851295128818297,1.8854366485825753e-05,0.417088772895952,0.04929891665152255,2.1668427040373155,0.417088772895952,0.005793709422640411,0.000231141955684033,0.006201257377198269
impulse_noise/s5,20352.0,0.08827868103981018,0.5961545705795288,0.08852576854069688,0.5871340688268658,0.0023370016833500155,0.43571645127745545,0.04483698871584758,2.145321638513354,0.43571645127745545,0.008527193911023745,0.002479111557110799,0.013965304525231897
impulse_noise/s5,20480.0,0.08833439648151398,0.5867946743965149,0.08849097362084545,0.5870723607486201,0.0015644391433995968,0.4440539880452387,0.04267171112836014,2.140343306490118,0.4440539880452387,0.010873576089197711,0.0016595705464956586,0.016838344351601517
impulse_noise/s5,20608.0,0.08827268332242966,0.5820744037628174,0.08845128447567893,0.586163641296656,0.0010472691786393995,0.4372386200963994,0.03875333163235711,2.1289822677631274,0.4372386200963994,0.007279005481198467,0.0011109521840177547,0.011271949524625808
impulse_noise/s5,20736.0,0.08829619735479355,0.5820183753967285,0.08842308681733613,0.5854099565875782,0.0007010644914858788,0.42415353907279624,0.035287638282859975,2.1428000398317533,0.42415353907279624,0.004872722677496493,0.0007436952636813068,0.010386594309873473
impulse_noise/s5,20864.0,0.08824259042739868,0.5881063938140869,0.08839026929189295,0.5859002179014888,0.00046930763479633206,0.4417370798751776,0.0397118253391214,2.127994657626004,0.4417370798751776,0.0032619052634480653,0.0004978455897370731,0.006953009414047531
impulse_noise/s5,20992.0,0.08829362690448761,0.5815258026123047,0.08837269794872835,0.5851048696670917,0.0003141646150289495,0.4168343261974329,0.03667573585932202,2.148192935465209,0.4168343261974329,0.0021835894738784565,0.0003332685352785365,0.004654493905271487
impulse_noise/s5,21120.0,0.08842168748378754,0.583590030670166,0.08838160513692092,0.5848294443949233,0.0002103085439449992,0.4004221522478682,0.03624613700826014,2.157115975650817,0.4004221522478682,0.004302650804827727,0.00022309711865753265,0.00595672732501645
impulse_noise/s5,21248.0,0.08834734559059143,0.582270085811615,0.08837537612849737,0.5843641064706855,0.00014078505834334655,0.4243011928270852,0.03755168760241905,2.1598996197409392,0.4243011928270852,0.005204667067694593,0.00014934600505173671,0.006311941432449028
impulse_noise/s5,21376.0,0.08833268284797668,0.5908896923065186,0.08836761371385723,0.5855505766226551,9.424454318852124e-05,0.43899501338011493,0.03873624837949987,2.1311207069619824,0.43899501338011493,0.00632502506184514,9.997542486934438e-05,0.0070662583142840595
impulse_noise/s5,21504.0,0.0884193480014801,0.624962329864502,0.08837701994797048,0.5927163499393544,6.308932229975388e-05,0.46277765358503564,0.03627516576499685,2.059666132259312,0.46277765358503564,0.007075016776937655,0.0029078347885489,0.007571214243446354
impulse_noise/s5,21632.0,0.08832109719514847,0.60215163230896,0.08836685217473011,0.5944318558247372,4.223334798578565e-05,0.4378924788461809,0.03600345292588292,2.067716467820279,0.4378924788461809,0.012225837677123551,0.0019465670898550485,0.012558002923298797
impulse_noise/s5,21760.0,0.08966979384422302,0.5942041873931885,0.08860375066009246,0.5943904615644556,0.002352652075924369,0.4387957916243028,0.042105767986820225,2.058201647197711,0.4387957916243028,0.010508618610305848,0.00362745400229966,0.010730977163530598
impulse_noise/s5,21888.0,0.08836677670478821,0.568263053894043,0.08856066448640078,0.5896400238061987,0.004415824943387388,0.41925586050883085,0.04056762908274586,2.13104521446678,0.41925586050883085,0.01219998435896507,0.005269204745341094,0.012348835952446104
impulse_noise/s5,22016.0,0.08836797624826431,0.5501916408538818,0.08852563026128506,0.5824675905421411,0.005280428267887424,0.39971879918359743,0.039695722903622985,2.2187134073681647,0.39971879918359743,0.012815692008893969,0.008176079209691146,0.012915336464034168
impulse_noise/s5,22144.0,0.0883033275604248,0.6056914329528809,0.08848521158840138,0.5866901073440938,0.0035348321462717464,0.40420225399893706,0.042167725512236916,2.193838976768643,0.40420225399893706,0.008579099609259597,0.005473243107313907,0.008645803748650972
impulse_noise/s5,22272.0,0.08831104636192322,0.638818621635437,0.08845354518358715,0.5961680190334289,0.0023662925937852184,0.4180506824290405,0.04031278435403072,2.064783248517034,0.4180506824290405,0.00858394271363659,0.006504815633821706,0.00862859589785726
impulse_noise/s5,22400.0,0.08830639719963074,0.6289711594581604,0.08842679100468598,0.60213222638338,0.0015840471082363857,0.41802359732853117,0.0376660695963598,1.99719410634125,0.41802359732853117,0.008587184791773252,0.004354463358178166,0.008617076592780479
impulse_noise/s5,22528.0,0.08857886493206024,0.5869805216789246,0.08845444080966311,0.5993773709825699,0.0010603951716293158,0.42962736680670266,0.03761159357680863,2.0369171220394913,0.42962736680670266,0.00807282618292259,0.002914971338945714,0.010933745487729081
impulse_noise/s5,22656.0,0.0884169414639473,0.5900938510894775,0.08844762274680568,0.597689458274735,0.0007098513132394593,0.44824228687060264,0.039988848206390426,2.0741833344840543,0.44824228687060264,0.008245032403444048,0.004792253540947131,0.010160193260380623
impulse_noise/s5,22784.0,0.08829943090677261,0.5944821834564209,0.08842067877589058,0.5971063173986778,0.00047518972208591894,0.4539886383183373,0.03630589782942218,2.0562696495949617,0.4539886383183373,0.005519401856850973,0.0032080374943530376,0.009642360777610166
impulse_noise/s5,22912.0,0.08828705549240112,0.6308901309967041,0.08839638363343794,0.6032488289619553,0.00031810221065255726,0.4653250388742588,0.033556858166490657,1.99786860356913,0.4653250388742588,0.0036948062016936263,0.0021475292317569917,0.0064548034957555645
impulse_noise/s5,23040.0,0.08835174888372421,0.6082772016525269,0.08838826822439907,0.6041630785420592,0.002537324620354191,0.4692981665191319,0.03192403793802281,2.0041435736454765,0.4692981665191319,0.0047977628292329225,0.003761982378283606,0.006645364323604964
impulse_noise/s5,23168.0,0.0884132981300354,0.6136397123336792,0.08839281911633295,0.6058861028678083,0.0016985396218899954,0.46395166519049325,0.03294742237258089,1.9796524580032506,0.46395166519049325,0.003211725530312948,0.0025183518400080335,0.00444854967117357
impulse_noise/s5,23296.0,0.08827173709869385,0.5913882851600647,0.08837080420403493,0.6032501360118548,0.001137038920438757,0.4660544204994211,0.033540246815390716,2.0099457119717914,0.4660544204994211,0.006798758412854122,0.0016858388350466998,0.00762671506913272
impulse_noise/s5,23424.0,0.08826396614313126,0.6042677164077759,0.08835137910205244,0.603435150629295,0.0007611582855829696,0.4460260996731662,0.037135790673526306,2.0297139429848974,0.4460260996731662,0.004551234970588296,0.0011285367408163857,0.0051054869471053735
impulse_noise/s5,23552.0,0.0883348137140274,0.6520900726318359,0.08834836721332061,0.6122815000843024,0.0005095357118365333,0.4483728435828633,0.03639033129432154,1.9596607588604527,0.4483728435828633,0.003046694484443404,0.0007554667438522912,0.003417722667070539
impulse_noise/s5,23680.0,0.08837787806987762,0.5667641758918762,0.0883537328236037,0.6040056229584068,0.0031820032451137124,0.4463281019025779,0.037702456399107645,2.034503829818217,0.4463281019025779,0.012886630192065419,0.003346634762413517,0.013135004430022426
impulse_noise/s5,23808.0,0.08832055330276489,0.6390745639801025,0.08834770018345119,0.6103817940532605,0.0021301013459025676,0.44780021697610584,0.03507453702393214,1.9558496961222622,0.44780021697610584,0.011467496244275194,0.0022403092211197924,0.011633763296130712
impulse_noise/s5,23936.0,0.08831053227186203,0.5842223763465881,0.08834094238134406,0.605625536288411,0.0014259356117199003,0.446203037810451,0.03174044584503402,2.0035662621730523,0.446203037810451,0.007676588394928022,0.0014997111314934146,0.0077878911321205575
impulse_noise/s5,24064.0,0.08833064138889313,0.5990472435951233,0.0883390694736257,0.6044294830714495,0.0009545519384240654,0.4500408765507977,0.03013918260584858,2.010089511720594,0.4500408765507977,0.007979782313960081,0.0010039388566195585,0.008054290757865828
impulse_noise/s5,24192.0,0.08829998970031738,0.5949543118476868,0.0883319640602969,0.6027067246671289,0.0006389975786144569,0.4435707520711951,0.026727194915617262,2.028782050134301,0.4435707520711951,0.005341837747361707,0.0006720582428610267,0.005391715300720098
impulse_noise/s5,24320.0,0.08828040957450867,0.5858131647109985,0.0883225905174263,0.5996351683114688,0.000427758709651,0.42374364394848596,0.028756815267026135,2.044752824618848,0.42374364394848596,0.005900321136663621,0.00044989022869209216,0.005933710242630809
impulse_noise/s5,24448.0,0.08830340206623077,0.6330683827400208,0.08831910170811802,0.6057139345712055,0.00028635087174984293,0.4177023566927881,0.025729204977970776,1.9732289532119984,0.4177023566927881,0.00679071084355168,0.00030116618614925173,0.00965397131944707
impulse_noise/s5,24576.0,0.08891832828521729,0.5884114503860474,0.08842805199486334,0.6025680283557222,0.00019168942654328327,0.4087511643976515,0.03174390627003847,2.0371474498583355,0.4087511643976515,0.006870227920063521,0.00020160711634784615,0.008786956007233162
impulse_noise/s5,24704.0,0.08830544352531433,0.6007758975028992,0.08840575954585443,0.6022421863824816,0.0029692301119835203,0.4216123497207419,0.027996484816454344,2.0126012484888984,0.4216123497207419,0.007439987285331778,0.002975869226646079,0.008723086252775918
impulse_noise/s5,24832.0,0.0883503183722496,0.6216143369674683,0.08839567933247172,0.6057643955797519,0.001987666438600538,0.43435413493702557,0.028384674513397316,1.9622375725168835,0.43435413493702557,0.004980487356296478,0.001992110804614317,0.0058394213758252
impulse_noise/s5,24960.0,0.08830244094133377,0.624855637550354,0.08837872689771936,0.6092355304834978,0.001330586624187137,0.45657177628015755,0.028545241610805797,1.9549917994412238,0.45657177628015755,0.0033340452550414436,0.0013335617782955344,0.003909034144147448
impulse_noise/s5,25088.0,0.08830069750547409,0.6167796850204468,0.08836453973549295,0.6106071949447612,0.0008907232773484139,0.4657629246172955,0.027559200742722945,1.9404845708134653,0.4657629246172955,0.004556261699655843,0.0008927149094375064,0.004941171617156556
impulse_noise/s5,25216.0,0.08837305754423141,0.5839581489562988,0.08836608842799085,0.6057619138559498,0.0034371783922745583,0.4528041065619912,0.030971728144839714,1.9721782581498744,0.4528041065619912,0.013380637997290275,0.0057628917988796526,0.01363830496685687
impulse_noise/s5,25344.0,0.08833499997854233,0.6133302450180054,0.08836043598263657,0.6071379740672326,0.0023009210725143735,0.4456787820786883,0.027912646974817615,1.972216424284996,0.4456787820786883,0.01128166675851663,0.0061821837661921635,0.011454154564590134
impulse_noise/s5,25472.0,0.08832599967718124,0.5826902389526367,0.08835417483619015,0.6026929313191243,0.0015402860072203655,0.45046472188738634,0.02918524515613504,2.0189985642093955,0.45046472188738634,0.009876570309420223,0.004138486653401365,0.012316417518444634
impulse_noise/s5,25600.0,0.0883055031299591,0.620011031627655,0.08834532543505724,0.6058416768297662,0.001031100550288013,0.43274911134610156,0.03154722982782565,1.991574173254367,0.43274911134610156,0.011776877645149075,0.005611300982855459,0.013410163793338967
impulse_noise/s5,25728.0,0.08832830935716629,0.6005112528800964,0.08834223160271343,0.6048725088389171,0.0006902408642423887,0.4152080828019357,0.028256819421037648,2.0373757126220515,0.4152080828019357,0.00788369495253781,0.0037563254513329927,0.008977051795540961
impulse_noise/s5,25856.0,0.0883159413933754,0.6576049327850342,0.08833745156465196,0.6144602222836656,0.0004620620661457312,0.43755665047071723,0.029224194977834808,1.920979492284513,0.43755665047071723,0.007601894968227788,0.004838945136842747,0.008333811532552212
impulse_noise/s5,25984.0,0.08836447447538376,0.6084887981414795,0.08834236482114864,0.613374508803268,0.00030931427568433245,0.43108131147213297,0.026643046186043812,1.9320891759434198,0.43108131147213297,0.007413252003524386,0.0032392938519360532,0.0102275928441052
impulse_noise/s5,26112.0,0.08829504996538162,0.6078694462776184,0.08833376212010009,0.612373588344059,0.00020706162256554483,0.42700484486977497,0.02545110747176748,1.957435753878111,0.42700484486977497,0.007286970349466737,0.0021684529091472752,0.009170950581591083
impulse_noise/s5,26240.0,0.08834685385227203,0.6155515909194946,0.08833614243504044,0.6129514069941381,0.00013861149940338124,0.4271168796235683,0.024461075535213456,1.9608710454336906,0.4271168796235683,0.007718963622370295,0.0014516089722390849,0.008980140471974197
impulse_noise/s5,26368.0,0.08831659704446793,0.605778694152832,0.08833258872766361,0.6116472773866279,9.278951612953619e-05,0.4297745227232151,0.026733598716778165,1.9489671510449784,0.4297745227232151,0.005167240110842923,0.0009717382376145938,0.006011498993635618
impulse_noise/s5,26496.0,0.08837538957595825,0.6356534957885742,0.08834037070008081,0.6160120443688,6.211529592142504e-05,0.4276796391783505,0.029619387350262448,1.9090115238166465,0.4276796391783505,0.00345906156180394,0.0006505024565849758,0.00402422659904533
impulse_noise/s5,26624.0,0.08830208331346512,0.6452275514602661,0.08833340935705977,0.6213239547490665,4.15813137986399e-05,0.4389322377970776,0.027588026359014604,1.864536534265271,0.4389322377970776,0.0023155701364142075,0.00043546032217671926,0.005534812847294807
impulse_noise/s5,26752.0,0.0883326306939125,0.6057994365692139,0.08833326778194209,0.6185013150800024,2.783542493958538e-05,0.4451736467897791,0.026028660774156775,1.9093713061849185,0.4451736467897791,0.0015500924053681883,0.0002915064966637542,0.006029502815131234
impulse_noise/s5,26880.0,0.08833421766757965,0.6175878047943115,0.08833344048842164,0.6183352223007859,1.8633631571127403e-05,0.43798814371877764,0.025065104310620513,1.9155864839087773,0.43798814371877764,0.001037665163924159,0.0001951407126426784,0.006360658909302726
impulse_noise/s5,27008.0,0.08833508938550949,0.6206578016281128,0.08833374028789215,0.6187575094512089,1.2473753365796029e-05,0.4318866912497602,0.024710391705995118,1.902943142575993,0.4318866912497602,0.003019015522957495,0.00013063138614923098,0.006582341914491907
impulse_noise/s5,27136.0,0.0883120745420456,0.5839751362800598,0.0883298010613746,0.612433441601909,8.350198534127919e-06,0.4337423305060377,0.022692141315800676,1.985230494745514,0.4337423305060377,0.004861902953384769,8.744745684370007e-05,0.007247270207221854
impulse_noise/s5,27264.0,0.08831848204135895,0.5877405405044556,0.08832774305773539,0.6079438232205538,5.589802324498854e-06,0.4280113948015624,0.02234068252576022,2.0127122315644823,0.4280113948015624,0.003254662307637738,5.8539206647435576e-05,0.004851478403181571
impulse_noise/s5,27392.0,0.08834925293922424,0.6396370530128479,0.08833165394527881,0.6137062286373345,3.7419337874744392e-06,0.43502209073493014,0.023588270576823094,1.9578266460239129,0.43502209073493014,0.0050196499745343535,3.918740279704365e-05,0.006088592980642208
impulse_noise/s5,27520.0,0.08833110332489014,0.6437203288078308,0.08833155383248087,0.6191633377592428,2.5049308825242113e-06,0.43713255660768047,0.023238722593694805,1.9117276013403868,0.43713255660768047,0.0033602615532006825,2.62328894757069e-05,0.004075834970512552
impulse_noise/s5,27648.0,0.08833888918161392,0.6421480178833008,0.08833288753232324,0.6233423705090715,1.6768545577228187e-06,0.4140102238448108,0.024375682983023242,1.88413226061065,0.4140102238448108,0.0022494312876797954,1.7560859896960814e-05,0.002728451509186088
impulse_noise/s5,27776.0,0.088321253657341,0.668430745601654,0.08833077228232647,0.6315402568895411,1.1225224725251924e-06,0.4395956870366088,0.025143759486030013,1.8233777070909918,0.4395956870366088,0.006671106895058376,1.1755616955816742e-05,0.006991773324331182
impulse_noise/s5,27904.0,0.08831647038459778,0.6389278769493103,0.08832817193728489,0.6328834605367718,7.514406634259552e-07,0.42521488140467195,0.02459452738440881,1.8134888425136764,0.42521488140467195,0.004465782301650648,7.869462590257487e-06,0.00468044329975889
impulse_noise/s5,28032.0,0.0883776918053627,0.6665549874305725,0.08833717554966267,0.6390055563356447,5.030305267562179e-07,0.427468226394863,0.023947700644346044,1.7623348708880815,0.427468226394863,0.005313870796972747,5.26798735380873e-06,0.005457569481656777
impulse_noise/s5,28160.0,0.08831212669610977,0.6562778353691101,0.08833262121265303,0.6421459707053656,0.0028412458303526222,0.44008203585110656,0.025061385609146065,1.7615314260252926,0.44008203585110656,0.008722508550039608,0.002844435594840153,0.01165961262821652
impulse_noise/s5,28288.0,0.08836062997579575,0.6293660402297974,0.0883377137150426,0.6398223469825349,0.0019019910104013417,0.45291648680941843,0.02549325734477336,1.7880650252558785,0.45291648680941843,0.005839034649200067,0.0019041263072896888,0.007805195230458991
impulse_noise/s5,28416.0,0.0883171558380127,0.6469091176986694,0.08833397591921899,0.6411108507491048,0.0012732336515909805,0.465123846541842,0.02311235810920462,1.7483711248645255,0.465123846541842,0.003908775261034755,0.0012746630652104528,0.005224965402208084
impulse_noise/s5,28544.0,0.08834658563137054,0.5775808095932007,0.08833626859415564,0.629559934175304,0.0008523299651146232,0.4446283600817289,0.022945127717801203,1.8675578688842323,0.4446283600817289,0.005457527240857976,0.0008532868453061707,0.006338613203131031
impulse_noise/s5,28672.0,0.08832978457212448,0.6316707134246826,0.08833508968105906,0.6299437122206455,0.0005705679931759047,0.45802600964148793,0.02335855188000309,1.8671445326669185,0.45802600964148793,0.0036533860042107106,0.0005712085493371886,0.004243203879781929
impulse_noise/s5,28800.0,0.08832772821187973,0.6445416212081909,0.08833375123211737,0.6325978774911083,0.0003819504747706469,0.4496909651319051,0.021538939867571095,1.8304554122289978,0.4496909651319051,0.0024456550937278308,0.000382379276829027,0.002840491853407737
impulse_noise/s5,28928.0,0.0883253812789917,0.6417984366416931,0.08833222942245815,0.6342707064275782,0.0002556858550117553,0.4714873402949116,0.02098117626383747,1.8097948536282382,0.4714873402949116,0.004478083161916977,0.0030968819952326546,0.00474239537294237
impulse_noise/s5,29056.0,0.08834441006183624,0.6293332576751709,0.08833444408416324,0.633372988472595,0.0024955417707103484,0.44604731044535395,0.022786234930088897,1.8249176322801821,0.44604731044535395,0.009970865587729544,0.004397499517469793,0.010147801861225882
impulse_noise/s5,29184.0,0.0883268415927887,0.6485000252723694,0.08833306181300424,0.6361233587998267,0.0016705692845251092,0.4300502656700303,0.021829974198221445,1.769559630291929,0.4300502656700303,0.00667471167443052,0.0029437806687194474,0.006793156617845424
impulse_noise/s5,29312.0,0.08841530233621597,0.6032471060752869,0.08834801463540637,0.6301458583044558,0.0011183149755911888,0.4389695993328302,0.03389133295453138,1.8202029395326673,0.4389695993328302,0.007309104509329521,0.0019706300344320264,0.007388394099549416
impulse_noise/s5,29440.0,0.08831235021352768,0.6245151162147522,0.08834153019506479,0.6291220870154187,0.0007486240745693081,0.4356428722806549,0.029320092016011906,1.8311679305667394,0.4356428722806549,0.0048928716136833975,0.0013191820891652406,0.004945949769119856
impulse_noise/s5,29568.0,0.08832421898841858,0.6271412372589111,0.08833838270294729,0.6287619325142355,0.0005011450416538343,0.4401307657415954,0.025343473320063026,1.8533904573024234,0.4401307657415954,0.003275393394283927,0.0008830888365486321,0.0033109250520554404
impulse_noise/s5,29696.0,0.08833254873752594,0.6439132690429688,0.08833732198196159,0.6315167209740051,0.0026598574245781863,0.4681867109509853,0.022577239976345847,1.8052249382323589,0.4681867109509853,0.007357907974685934,0.002915538807937514,0.007381693629888352
impulse_noise/s5,29824.0,0.08832158893346786,0.6215986013412476,0.08833446142769,0.6297134264953219,0.001780565713973827,0.45365184782669254,0.023569401826802425,1.830570753991203,0.45365184782669254,0.004925541702062484,0.001951724325974699,0.004941464330751706
impulse_noise/s5,29952.0,0.08838442713022232,0.6325485706329346,0.08834354610087769,0.630228907247615,0.0011919489490238014,0.45296115433026524,0.02779889914273416,1.818324227166794,0.45296115433026524,0.003297263453446786,0.001306526201685542,0.0033079224032304807
impulse_noise/s5,30080.0,0.0883614793419838,0.6539710164070129,0.0883468066901697,0.6345456543675055,0.0036388253295118007,0.45017440909711964,0.02650025180862419,1.8039009214896013,0.45017440909711964,0.007889077187844543,0.0037155258044341234,0.010220592683154289
impulse_noise/s5,30208.0,0.08831806480884552,0.6467347145080566,0.08834158089356531,0.636761847120333,0.0024359078652103783,0.4565733647674933,0.026494236569001642,1.7604662936565485,0.4565733647674933,0.0076054979521934536,0.00248725281123276,0.009166264523433863
impulse_noise/s5,30336.0,0.0883730798959732,0.6787484288215637,0.0883473079849122,0.6443957710660113,0.001630649066793724,0.45775778963774344,0.027111703651765354,1.693586288809295,0.45775778963774344,0.005091283753121237,0.001665020476940938,0.006136094433042502
impulse_noise/s5,30464.0,0.08832410722970963,0.6348031759262085,0.08834308966578444,0.6426516628587744,0.001091591524051997,0.46733166083187777,0.023884328225322077,1.7339563574383796,0.46733166083187777,0.00624912383473405,0.0011146004845637683,0.006948542554350765
impulse_noise/s5,30592.0,0.08866868913173676,0.6281106472015381,0.08840228956868486,0.6400078418301859,0.0007307348218860474,0.45798648369737266,0.02888370996824037,1.7968713448110043,0.45798648369737266,0.007024206864574033,0.0007461375144600432,0.007492412784317453
impulse_noise/s5,30720.0,0.0883251205086708,0.6202718019485474,0.08838825883050049,0.6364194709426152,0.0033300786824195855,0.45302194363212545,0.024879392555430042,1.8296913651220463,0.45302194363212545,0.007543064099425592,0.003340389575795566,0.007856491202724906
impulse_noise/s5,30848.0,0.08830797672271729,0.6540979743003845,0.08837366208363082,0.6396337442803913,0.005070135316330466,0.4832729540016707,0.024257691590475926,1.7640544692962536,0.4832729540016707,0.013572216463251841,0.007917946740821826,0.013782031300997664
impulse_noise/s5,30976.0,0.08829458057880402,0.6581438183784485,0.08835928362820776,0.6429992122982199,0.0033940575258079976,0.49009387829863904,0.025584689589058386,1.7471518281269849,0.49009387829863904,0.01140991350019338,0.005300443686004693,0.011550368060998437
impulse_noise/s5,31104.0,0.08838236331939697,0.6337443590164185,0.0883634799356967,0.6413165117015287,0.0022720550379375848,0.48200499291065907,0.02300234742810671,1.7514344542616578,0.48200499291065907,0.007638041268724493,0.0035482308972428107,0.010056444735048539
impulse_noise/s5,31232.0,0.08832171559333801,0.6436523795127869,0.0883558864189042,0.6417412149399393,0.001520962463412763,0.4626438382294494,0.02300478014004114,1.7510758638717843,0.4626438382294494,0.00511306894848499,0.0023752620055922944,0.006732000194536624
impulse_noise/s5,31360.0,0.08832601457834244,0.6663782596588135,0.0883504551751657,0.6462206776160981,0.0010181649548465603,0.4703442222858296,0.024263973029586113,1.720642479020527,0.4703442222858296,0.006263707312622184,0.001590051425231205,0.007347454675681541
impulse_noise/s5,31488.0,0.08855915069580078,0.6201207637786865,0.08838839981528115,0.6414752387365688,0.000681581498698937,0.45664571905084456,0.023704334410940706,1.7488827157973899,0.45664571905084456,0.007033969358036338,0.0010644145904440297,0.007759453130001692
impulse_noise/s5,31616.0,0.08831412345170975,0.6415766477584839,0.08837489502190453,0.6414936767405534,0.00045626530078193297,0.4712359772158546,0.030076618565230022,1.7663818260901982,0.4712359772158546,0.007549599322321845,0.0007125419985617057,0.00803525374818295
impulse_noise/s5,31744.0,0.08833546191453934,0.6285101771354675,0.08836772536601994,0.6391330404487195,0.00030543379639121125,0.4593087946651588,0.02586076126546722,1.7964717948820792,0.4593087946651588,0.007378244174446855,0.00047699092465700954,0.0077033516826679254
impulse_noise/s5,31872.0,0.08832821249961853,0.6331645250320435,0.0883605412084924,0.6380478558275058,0.0002044639463445298,0.45907241626345335,0.025178557236179497,1.787098899652244,0.45907241626345335,0.004939155191158638,0.0003193079743571716,0.005156789142942991
impulse_noise/s5,32000.0,0.08836770802736282,0.6388676166534424,0.08836184426646884,0.6381969032504033,0.00013687255912319762,0.46330467534991493,0.029218781368249437,1.7591838484357554,0.46330467534991493,0.008988194797387187,0.003054660710106867,0.01145826380643291
impulse_noise/s5,32128.0,0.08837347477674484,0.6148149967193604,0.08836395890470083,0.6339456475174864,9.162543214032236e-05,0.43927833639126534,0.02682174858993912,1.791828325032376,0.43927833639126534,0.0060168907321352235,0.002044855516683109,0.007670408002653434
impulse_noise/s5,32256.0,0.08831296861171722,0.618578314781189,0.08835468794234017,0.6311515870199778,6.133603308567034e-05,0.43171731609663216,0.026785716826698714,1.828319351713961,0.43171731609663216,0.006868745035561595,0.0013688702219118332,0.007975645026569653
impulse_noise/s5,32384.0,0.08832002431154251,0.6439226269721985,0.08834838546401332,0.6334735942840178,4.105965851189501e-05,0.43362894713906774,0.024236610912451596,1.789702933256041,0.43362894713906774,0.004598085519673464,0.0009163511402880865,0.005339068158282164
impulse_noise/s5,32512.0,0.08832845091819763,0.6543644666671753,0.08834476100113772,0.6372719347173192,2.748621768151649e-05,0.45841070015094615,0.02478887515978318,1.7839843259629555,0.45841070015094615,0.0054024374139962856,0.0006134251434986364,0.008222847279511199
impulse_noise/s5,32640.0,0.08832758665084839,0.6363495588302612,0.0883416383919942,0.6371042300105814,1.839986472894905e-05,0.44633278274567467,0.02262492879937999,1.7850828449395508,0.44633278274567467,0.0036165076903611495,0.0004106399720941284,0.005504550658185182
impulse_noise/s5,32768.0,0.08832179009914398,0.644752025604248,0.08833802961147597,0.638494738300339,1.2317264818552669e-05,0.43876409423470775,0.02072375555353584,1.7687323082887798,0.43876409423470775,0.0024209679580103555,0.0002748912209886314,0.0036848644901900803
impulse_noise/s5,32896.0,0.08833929896354675,0.6427798271179199,0.08833826040276156,0.639273845358081,8.245441738039388e-06,0.4512594349835647,0.021730261232479786,1.746459727725458,0.4512594349835647,0.0016206479718912294,0.00018401809008329866,0.0024667274686396403
impulse_noise/s5,33024.0,0.08832152932882309,0.6148682236671448,0.0883352183893182,0.6348364595960926,5.519675874224714e-06,0.43818813416255153,0.019708490175222023,1.8013215001336043,0.43818813416255153,0.0010848965762247072,0.0001231856636094809,0.0016512803715686847
impulse_noise/s5,33152.0,0.0883125513792038,0.6404660940170288,0.08833109711475193,0.6358600294908082,3.694989634811585e-06,0.44725817245592286,0.02270692067598991,1.7856042106033483,0.44725817245592286,0.0030506332452413325,8.24631301848591e-05,0.003429782728074904
impulse_noise/s5,33280.0,0.08833906799554825,0.6077340841293335,0.0883325463658058,0.6307462212432673,2.4735054580143668e-06,0.4094248923052045,0.020898648902134383,1.8082081986241847,0.4094248923052045,0.0048830685360706436,0.0028961116821898643,0.005136879346893117
impulse_noise/s5,33408.0,0.08834238350391388,0.6580804586410522,0.08833433493637091,0.635716082588319,1.6558177032988733e-06,0.44866459732827735,0.020693626999057513,1.7326709087350136,0.44866459732827735,0.010758500424972908,0.001938719390556851,0.010928406835523489
impulse_noise/s5,33536.0,0.0883280336856842,0.6316708326339722,0.08833318925442787,0.6349805825966195,1.108439950142221e-06,0.45866183788091286,0.019023347282171345,1.7410009427079742,0.45866183788091286,0.007201971358866161,0.0012978204184719414,0.007315710360970269
impulse_noise/s5,33664.0,0.08834132552146912,0.6498210430145264,0.0883346685757081,0.6376788481271479,0.0023251221788095993,0.46432114767234656,0.018718978562175796,1.7351630870139498,0.46432114767234656,0.007145534546017843,0.0031931690404646876,0.007221673878004891
impulse_noise/s5,33792.0,0.08834177255630493,0.6551893353462219,0.08833596020854388,0.6408625730760704,0.006205247078376674,0.4634608509211575,0.02052143035230381,1.7126070755527265,0.4634608509211575,0.014597423952292934,0.0067863362998152035,0.014648393257176824
impulse_noise/s5,33920.0,0.08833566308021545,0.6305937767028809,0.08833590618521145,0.6389955191900359,0.006478305895442235,0.47786428863317154,0.019386728553296186,1.7264926833573397,0.47786428863317154,0.014937118513518408,0.006867299506487862,0.01497123846141589
impulse_noise/s5,34048.0,0.08834559470415115,0.6785480380058289,0.08833766773410957,0.6461868862474529,0.004336717169676207,0.473559978341214,0.01887545979046793,1.6946679710157453,0.473559978341214,0.00999922809582637,0.004597117851450552,0.012862977813013942
impulse_noise/s5,34176.0,0.08835889399051666,0.6352481842041016,0.08834152705345631,0.6441980313304798,0.005744000749948535,0.5058025474846143,0.018837253667512023,1.6869157791330027,0.5058025474846143,0.009534607237701949,0.0059183185617148314,0.0114516628335052
impulse_noise/s5,34304.0,0.08833691477775574,0.6262645721435547,0.08834068845787439,0.6409374023874025,0.003845157526825051,0.48244839955581614,0.01716065446885063,1.7272318091403043,0.48244839955581614,0.006382670960775684,0.003961849615693399,0.007665989169536538
impulse_noise/s5,34432.0,0.0883503258228302,0.6302443146705627,0.08834244070604816,0.6389932046207044,0.0025740310716762735,0.4598414906117446,0.017805741798654594,1.7460937325941779,0.4598414906117446,0.007113606180353969,0.00265214726339806,0.00797268696473107
impulse_noise/s5,34560.0,0.08833591639995575,0.6529191136360168,0.0883412544685768,0.6415251880780339,0.0017231117091386623,0.4713091796657133,0.01769031707260076,1.6990026010690047,0.4713091796657133,0.004762000831476623,0.0017754043664069657,0.005337087968125757
impulse_noise/s5,34688.0,0.08857941627502441,0.6745483875274658,0.08838455661520364,0.6475294061597487,0.0011534880036382779,0.4779528392803535,0.017973008842496023,1.6482083774984464,0.4779528392803535,0.005512165845864516,0.0035128739973468116,0.0058971415323817045
impulse_noise/s5,34816.0,0.08833178132772446,0.6251780986785889,0.08837496110838924,0.6434655320722651,0.0007721696553281033,0.4526998345595754,0.018436102389628103,1.7143362144529222,0.4526998345595754,0.003689962260454758,0.0023515933370668735,0.003947673257214198
impulse_noise/s5,34944.0,0.08833879977464676,0.6176543235778809,0.08836838632043606,0.638772585073286,0.0005169069593518708,0.44741683139938515,0.018771634881950338,1.7482801440759228,0.44741683139938515,0.002470140025593681,0.0015742071099373283,0.0026426573044161157
impulse_noise/s5,35072.0,0.08834611624479294,0.6449326276779175,0.08836433721577366,0.6398925928195827,0.0003460286256818308,0.46015093672190244,0.01889923996673972,1.708995644740577,0.46015093672190244,0.00449447390143048,0.001053808065329947,0.004609960674857069
impulse_noise/s5,35200.0,0.08833498507738113,0.6515344381332397,0.08835900046333865,0.6420092919675202,0.00023163899735725862,0.46867542045019905,0.016997447021260652,1.6894868026413332,0.46867542045019905,0.0030086974050898252,0.0007054417627415347,0.003086006732755558
impulse_noise/s5,35328.0,0.08832814544439316,0.6405230760574341,0.08835339045989402,0.6417390708929591,0.0024794442874870905,0.4315099922021993,0.015998508190105752,1.6917580210384773,0.4315099922021993,0.004338466857952692,0.0027966180395211926,0.0043902193830842986
impulse_noise/s5,35456.0,0.08832832425832748,0.6572972536087036,0.0883488329687001,0.6445678313867308,0.0016597932833591264,0.4701637137882491,0.015813783739340715,1.684996091055624,0.4701637137882491,0.002904262937968331,0.001872116208274517,0.002938907190329158
impulse_noise/s5,35584.0,0.08834337443113327,0.6557223796844482,0.0883478405073243,0.6465959310772249,0.0011111012888602415,0.45368397369296004,0.016759112513680473,1.6781130298516305,0.45368397369296004,0.004268556181615163,0.0012532348171093873,0.004291747788567453
impulse_noise/s5,35712.0,0.08834569156169891,0.6412191390991211,0.08834744978993787,0.6456183325357514,0.0007437950776667731,0.4504000154473533,0.016234491337274688,1.7064803980170473,0.4504000154473533,0.0028574632290151087,0.0008389423155856227,0.0057138972799501125
impulse_noise/s5,35840.0,0.08833887428045273,0.6247340440750122,0.08834589060639512,0.6418211891792533,0.0004979124073637075,0.42960662191103816,0.016801176604683974,1.7505891703481198,0.42960662191103816,0.0019128472855390393,0.0005616060129126894,0.0038250056171566867
impulse_noise/s5,35968.0,0.08836808800697327,0.6351824402809143,0.08834992649740933,0.6406141439250098,0.0003333132644335562,0.4306664163206123,0.01712610805824044,1.7645807717917807,0.4306664163206123,0.0012805010754434888,0.00037595113261097387,0.0025605409503280294
impulse_noise/s5,36096.0,0.08833228796720505,0.649459719657898,0.08834671949191764,0.6422224304218985,0.00022312706131502523,0.44403082414850903,0.016219504846141198,1.7271338875538014,0.44403082414850903,0.005505955265379525,0.0002516697664585858,0.006362841462616284
impulse_noise/s5,36224.0,0.08836500346660614,0.6289499998092651,0.08835004385095191,0.6398092612196016,0.002473746214599314,0.44626236988453905,0.015388375149313755,1.7698110793667372,0.44626236988453905,0.006010184929716871,0.002492853314736739,0.006583802962577843
impulse_noise/s5,36352.0,0.08833764493465424,0.6365301609039307,0.08834778950253415,0.6392130611622069,0.0016559788709301193,0.43613431372436084,0.014668151382963814,1.7464352104171446,0.43613431372436084,0.004023346936422037,0.0016687695743278995,0.00440733917329591
impulse_noise/s5,36480.0,0.08834066241979599,0.6516027450561523,0.08834649366930902,0.641465730961106,0.001108547839217683,0.44949900340225807,0.01413036355850977,1.7287658842974873,0.44949900340225807,0.0026933148913238425,0.0011171102109137176,0.002950367545760072
impulse_noise/s5,36608.0,0.08831743896007538,0.6780848503112793,0.0883412109949029,0.6481237526611375,0.0007420857436085316,0.45250553120316445,0.018693134724577305,1.6574143176224045,0.45250553120316445,0.0041273430264233985,0.0030721977444959597,0.0042994195967484775
impulse_noise/s5,36736.0,0.08833879977464676,0.6619548797607422,0.08834077259121996,0.6506385030428838,0.0004967681424156285,0.46717312419385393,0.022351488460340803,1.6835471355559108,0.46717312419385393,0.0027629321085974813,0.002056595184332006,0.0028781238622861706
impulse_noise/s5,36864.0,0.08834458887577057,0.6572659611701965,0.08834146646113825,0.6518434954296679,0.0003325472688898009,0.5090167195016707,0.019334295095477346,1.6734705823963467,0.5090167195016707,0.0018495661222842643,0.001376729007693326,0.00192667795739818
impulse_noise/s5,36992.0,0.08837462961673737,0.6778526306152344,0.08834749612579262,0.6565724290997709,0.000222614287438627,0.5225649114019448,0.02054512044959309,1.644419748857619,0.5225649114019448,0.0012381393050002098,0.0009216119803566891,0.003614139789663244
impulse_noise/s5,37120.0,0.08834054321050644,0.6600587368011475,0.08834623195937695,0.6572063032272939,0.00014902278745891558,0.498318246475682,0.018151847703932765,1.6344703736488742,0.498318246475682,0.0008288370554133635,0.0006169468628834033,0.004743762999691923
impulse_noise/s5,37248.0,0.08833620697259903,0.6821198463439941,0.08834440923450823,0.6617360383394212,9.975905606753852e-05,0.49835766912834906,0.017259549742625127,1.5977687849727236,0.49835766912834906,0.0028792214999048132,0.0004129974867236005,0.005499957049380543
impulse_noise/s5,37376.0,0.08834873884916306,0.670522153377533,0.08834519643717274,0.663333513800896,0.005232070111912981,0.4996753818131923,0.017113373685560963,1.6032489872703568,0.4996753818131923,0.007092701995804048,0.0054417586481372866,0.008847078685948959
impulse_noise/s5,37504.0,0.08832056075334549,0.6521469354629517,0.08834071722193142,0.6612995904667243,0.0035024601575615816,0.4866112060071783,0.017317851675552356,1.6408608232936082,0.4866112060071783,0.00474800712115808,0.003642830169414216,0.005922424574891451
impulse_noise/s5,37632.0,0.08834788203239441,0.6214156150817871,0.08834201991474286,0.6540479585785538,0.002344622088946182,0.43938436104612755,0.01564022724197571,1.6943299657673432,0.43938436104612755,0.003178417990196731,0.0024385887910954667,0.00396459826914221
impulse_noise/s5,37760.0,0.0883408635854721,0.6491512060165405,0.08834180967305727,0.6531576399309149,0.0015695404066499233,0.4661374648325316,0.015532867707838977,1.689456378471288,0.4661374648325316,0.0021277012992226047,0.0016324437361878742,0.002653987271078669
impulse_noise/s5,37888.0,0.08834391832351685,0.6493496894836426,0.08834219306404992,0.652465285304138,0.001050684073873089,0.45847838554905007,0.015120110713667607,1.7033980628278798,0.45847838554905007,0.0014243289689010823,0.0010927929143075851,0.0017766361070857203
impulse_noise/s5,38016.0,0.0883619487285614,0.658197820186615,0.088345785003052,0.6535075643736793,0.0007033504957332247,0.463165282888207,0.016124393481536523,1.658510158848978,0.463165282888207,0.003277856582487501,0.0007315390583381354,0.0035136985510243247
impulse_noise/s5,38144.0,0.08841496706008911,0.7155647873878479,0.08835836355887693,0.6647906958308007,0.00047083793516025776,0.48386477614830387,0.020485570431744336,1.5585077602161317,0.48386477614830387,0.007876085811417253,0.003330617055581727,0.008033963492834466
impulse_noise/s5,38272.0,0.08833665400743484,0.6775267124176025,0.08835441636770563,0.6671063352102192,0.00031518903097504854,0.48093427163646785,0.01987002616521919,1.5446392799195188,0.48093427163646785,0.0052724210803702255,0.0022295866239844613,0.005378107792723898
impulse_noise/s5,38400.0,0.08834482729434967,0.6561006307601929,0.08835267289982272,0.6651052980374872,0.00021099430999156138,0.4812969091120156,0.016895565590268453,1.5460659739127987,0.4812969091120156,0.006370381053801555,0.0014925331945681102,0.006441130010005253
impulse_noise/s5,38528.0,0.08834559470415115,0.6545479893684387,0.08835138595515517,0.6631857873703875,0.002982153215779475,0.46552726973614267,0.015708498430206858,1.5814108604051929,0.46552726973614267,0.007105379052544842,0.0038400428823141893,0.009477120089342358
impulse_noise/s5,38656.0,0.08834799379110336,0.6610100269317627,0.08835076919805483,0.6627901945633647,0.001996317441968078,0.4505802384184095,0.018255395647729992,1.6034124797882447,0.4505802384184095,0.007597402506249026,0.005411516309648342,0.009185096919311825
impulse_noise/s5,38784.0,0.08835729956626892,0.6503500938415527,0.08835195653773012,0.6605283580684898,0.0013363777917306968,0.4762148703462079,0.017495121787398066,1.6426417385993635,0.4762148703462079,0.007926773578563397,0.003622585298194344,0.011313990499704607
impulse_noise/s5,38912.0,0.08833615481853485,0.6416044235229492,0.08834908349787643,0.6570876426965733,0.0008946000093403837,0.46625747519043664,0.01548688400249942,1.6740476750080555,0.46625747519043664,0.005306352560856488,0.0024250364392871225,0.007573828351041926
impulse_noise/s5,39040.0,0.08959180861711502,0.6587674617767334,0.08857503351955617,0.6573930643475114,0.0005988644690625709,0.4572674007473171,0.022476572260372432,1.691239409442058,0.4572674007473171,0.003552186425036161,0.0016233715006798092,0.005070083441606577
impulse_noise/s5,39168.0,0.0883626714348793,0.637043833732605,0.0885364222314331,0.6536932042357102,0.00040089274375263,0.4473752847977907,0.020756398469161393,1.7029381090322158,0.4473752847977907,0.002377909920891975,0.0010867197649178887,0.0033940227997531626
impulse_noise/s5,39296.0,0.08835897594690323,0.659203052520752,0.08850415927060948,0.6546949948329905,0.0002683662168922564,0.4368793228811656,0.01928873207225996,1.6650446838973314,0.4368793228811656,0.0015918239966301651,0.0007274735616392477,0.0022720317915702983
impulse_noise/s5,39424.0,0.08836329728364944,0.6419878602027893,0.08847854800025311,0.6523846067184085,0.00017965011213448565,0.4430245880444166,0.018219404345818327,1.693444523546901,0.4430245880444166,0.003906510278735896,0.0033278955247337113,0.004361855992704083
impulse_noise/s5,39552.0,0.08835478872060776,0.6990056037902832,0.08845604631304486,0.6608611516405676,0.00012026164531316806,0.48303712092229534,0.017441437547458964,1.608081219117818,0.48303712092229534,0.0026151019221289876,0.0022277647727556244,0.0029199201273473613
impulse_noise/s5,39680.0,0.08834801614284515,0.6320091485977173,0.08843640446391764,0.6556153329055038,8.050572950716208e-05,0.46979137846864394,0.01925013600884517,1.6302091832265968,0.46979137846864394,0.006915894675144198,0.0014913136082083103,0.007119946531530051
impulse_noise/s5,39808.0,0.08834220468997955,0.6445573568344116,0.08841927723229252,0.6536047918016689,5.3892265207273783e-05,0.47487067484264595,0.016886157038946602,1.5911260926852893,0.47487067484264595,0.009794937757741155,0.0009983173740898603,0.009931534454991191
impulse_noise/s5,39936.0,0.08838086575269699,0.6710038185119629,0.08841229332691151,0.6567682512035404,3.607664034536509e-05,0.4589010302665646,0.018200088229301806,1.5653541173607781,0.4589010302665646,0.011722231060967217,0.00066829510166346,0.014654580916151128
impulse_noise/s5,40064.0,0.08835680782794952,0.6444393396377563,0.08840220505437296,0.6545266309188524,2.4150478247723735e-05,0.4670639128230721,0.01634008971955479,1.5902655733614621,0.4670639128230721,0.010171493520151608,0.0004473711011135558,0.01213447152238216
impulse_noise/s5,40192.0,0.08833001554012299,0.6392322182655334,0.08838907968814569,0.6517458286182489,1.6166849074922497e-05,0.44747666891461846,0.016728472479701217,1.6214005152812558,0.44747666891461846,0.006809016323407273,0.00029947982801816544,0.008123075977793014
impulse_noise/s5,40320.0,0.08835529536008835,0.6430782079696655,0.08838293708304434,0.6501698975912338,1.0822436157592745e-05,0.4222261172073066,0.016846788268198767,1.6302276603733108,0.4222261172073066,0.009723391092528835,0.0025248583972683585,0.010603050861167224
impulse_noise/s5,40448.0,0.08835197985172272,0.6361048221588135,0.08837730849553133,0.6476126111489755,0.0028481538622211985,0.43708938424621346,0.015602039452293078,1.6586190277721622,0.43708938424621346,0.009349956020618475,0.004531103555196174,0.009938819171525164
impulse_noise/s5,40576.0,0.08833284676074982,0.6673626899719238,0.08836922454375286,0.6512035345713297,0.0019066153953712153,0.45091314152019246,0.01781791204039866,1.6127021041498344,0.45091314152019246,0.011424350724546253,0.0030332180824040496,0.011818548371020976
impulse_noise/s5,40704.0,0.08834391087293625,0.6841496825218201,0.08836462205814984,0.6571937432896007,0.0012763293142567637,0.436664995563104,0.01620655153796805,1.5561684651527903,0.436664995563104,0.010488614947836747,0.002030501360948165,0.013076879488038831
impulse_noise/s5,40832.0,0.08835405856370926,0.6730701923370361,0.088362701422797,0.6600803703891344,0.0008544022682214698,0.4614761540546398,0.01604222362306364,1.5548296645913258,0.4614761540546398,0.007021304221279144,0.0013592612416264574,0.00875394412009211
impulse_noise/s5,40960.0,0.08834023773670197,0.6454235315322876,0.08835861711623426,0.6574154905969803,0.0005719552374044549,0.440895194036577,0.01428566190189061,1.5920720313258179,0.440895194036577,0.0047002119167240545,0.0009099186824110994,0.008700987386177361
impulse_noise/s5,41088.0,0.0883745402097702,0.6949506998062134,0.08836151222414988,0.6642400740895682,0.00038287912586579205,0.4588843860906011,0.013428996017481744,1.5286188760700663,0.4588843860906011,0.0031464228533442016,0.0006091191179776781,0.005824627919672447
impulse_noise/s5,41216.0,0.08834556490182877,0.6569482088088989,0.08835861271100058,0.6629142804021737,0.003097216604918423,0.4574969857300717,0.013097863220588682,1.5446981567518194,0.4574969857300717,0.004947192158023804,0.0032486665169933217,0.006740040177631969
impulse_noise/s5,41344.0,0.08833394944667816,0.6943072080612183,0.08835412848112378,0.6686220854310909,0.0020733433470941504,0.4790372383812876,0.013003012943914129,1.5192000280139846,0.4790372383812876,0.003311756733883703,0.002174727172532719,0.004511927722216441
impulse_noise/s5,41472.0,0.08834613114595413,0.6755539774894714,0.08835267442018384,0.6698824294417055,0.0013879405877241832,0.48467575461887846,0.012651503992069999,1.5064898130287463,0.48467575461887846,0.0022169611193766934,0.0014558090989681837,0.00534476153305398
impulse_noise/s5,41600.0,0.08832131326198578,0.6725494861602783,0.08834697239142056,0.6703673488450823,0.0009291172529393291,0.4584916208605715,0.015773489723365893,1.5237725552417098,0.4584916208605715,0.0014840814104918358,0.0009745498926977096,0.006418807307251011
impulse_noise/s5,41728.0,0.08832485228776932,0.6459921002388,0.08834295055439306,0.6659354854621219,0.0006219710536205425,0.4487113329727792,0.019776199395832875,1.5546893919928653,0.4487113329727792,0.003317856150825113,0.0006523846389133427,0.009462176792457288
impulse_noise/s5,41856.0,0.08837740123271942,0.6615002155303955,0.08834921431408876,0.6651290727472625,0.00041636078796085895,0.4393232890148356,0.017181895283017064,1.590889301739552,0.4393232890148356,0.002221044200139125,0.0004367202954709153,0.006334184464372233
impulse_noise/s5,41984.0,0.08834756165742874,0.6975489854812622,0.08834891383105967,0.6710236023352625,0.0002787208580564427,0.460414763720675,0.015900489297364973,1.512535306657279,0.460414763720675,0.0014868147124898273,0.0002923499498606953,0.004240239186893808
impulse_noise/s5,42112.0,0.08834301680326462,0.6732782125473022,0.08834784164418784,0.6714335314647242,0.0001865817314262137,0.4381185608378072,0.016901725786409104,1.491144981926457,0.4381185608378072,0.0009953057166254215,0.00019570533833649848,0.005162887389573541
impulse_noise/s5,42240.0,0.08835546672344208,0.7047753930091858,0.08834922802223406,0.6774956881091716,0.00012490182021093643,0.43326531758563946,0.01601861409478433,1.43473735002289,0.43326531758563946,0.0006662790334434639,0.00013100935872112707,0.003456147756656667
impulse_noise/s5,42368.0,0.0883358046412468,0.6677853465080261,0.08834678740750909,0.6757301714544178,8.36119622899657e-05,0.4692726506151801,0.016110534026995242,1.4715557652035682,0.4692726506151801,0.0032869305926357074,8.7700479805052e-05,0.005154528663547025
impulse_noise/s5,42496.0,0.08834604173898697,0.6957688331604004,0.08834665183141416,0.6793735644918693,5.597164417758034e-05,0.46109367520520317,0.015629306478168434,1.474233191485301,0.46109367520520317,0.0022003419669710104,5.870858565462159e-05,0.010940221667333133
impulse_noise/s5,42624.0,0.08834414184093475,0.6592546701431274,0.08834619546950881,0.6757155837011889,3.746862130895874e-05,0.4512279974514169,0.014020997382081698,1.4867625510994946,0.4512279974514169,0.0014729561927657173,3.930078874400288e-05,0.007323619463256064
impulse_noise/s5,42752.0,0.08834949135780334,0.6759754419326782,0.08834679472192598,0.6757628306523688,2.5082300215088074e-05,0.4570203949881385,0.01317904253490412,1.506633847853905,0.4570203949881385,0.0009860285257357279,2.630879246499366e-05,0.0049025882357333975
impulse_noise/s5,42880.0,0.08834585547447205,0.6483399868011475,0.08834662394966163,0.6707768590430557,1.6790630722496973e-05,0.4683876197854481,0.014038969145103518,1.5662441339211246,0.4683876197854481,0.0006600686825173054,1.7611670988962697e-05,0.003281897909871117
impulse_noise/s5,43008.0,0.0883602648973465,0.6691979169845581,0.08834910412196796,0.6704897786687835,1.124000899605169e-05,0.4543028694431512,0.013854228770532736,1.5368161790753878,0.4543028694431512,0.0004418641593710887,1.178963099261139e-05,0.002196972980988103
impulse_noise/s5,43136.0,0.0883711501955986,0.6505680084228516,0.08835311249899172,0.6668676386240685,7.5243035428114606e-06,0.4464238216933491,0.014850900550680717,1.556768984873452,0.4464238216933491,0.0026201735281740344,7.892232317367954e-06,0.003795081086446581
impulse_noise/s5,43264.0,0.08835014700889587,0.6461946368217468,0.08835257331897428,0.6631089110236463,5.036930470807671e-06,0.4525130541914155,0.013392048084906523,1.5798572977845988,0.4525130541914155,0.004594909551918155,5.2832298984033405e-06,0.00538141791737333
impulse_noise/s5,43392.0,0.08835117518901825,0.6529802083969116,0.08835231911352773,0.6612673287278763,3.3718294887224906e-06,0.44264303627689794,0.012464989047223827,1.575867911933272,0.44264303627689794,0.00307593118764769,3.536707617939426e-06,0.003602436787663138
impulse_noise/s5,43520.0,0.08834744244813919,0.6646967530250549,0.08835143244709344,0.6618908604182723,2.2571751122853032e-06,0.4541143465985845,0.011506003490319713,1.5820665911326977,0.4541143465985845,0.0020590944314005195,2.367548074818954e-06,0.0024115485933943314
impulse_noise/s5,43648.0,0.08830144256353378,0.666519045829773,0.08834234337735532,0.6627323486749087,1.5110015214471863e-06,0.45611167003706893,0.016434999437943795,1.5758856973328732,0.45611167003706893,0.0013784020573838188,1.5848875542176468e-06,0.0016143424468176928
impulse_noise/s5,43776.0,0.08835458010435104,0.6834442615509033,0.08834456823680907,0.6664981510159986,0.0028419205877953492,0.4708784733305998,0.014543024609010666,1.5290299100189184,0.4708784733305998,0.00608802121196768,0.0028419700486933194,0.009086873869357298
impulse_noise/s5,43904.0,0.08835865557193756,0.7150977849960327,0.0883471295704688,0.6753344481032775,0.004226822872821679,0.49987525900643454,0.013965073552557106,1.4664740083329364,0.49987525900643454,0.011565121637763489,0.004226855983009577,0.016413527135685464
impulse_noise/s5,44032.0,0.08833693712949753,0.6719144582748413,0.08834527639938311,0.6747126317708345,0.002829526055359967,0.4947512064423239,0.01406118213266783,1.5055648585445554,0.4947512064423239,0.010582850021973905,0.002829548220031204,0.01382847684289688
impulse_noise/s5,44160.0,0.088352732360363,0.6909160017967224,0.08834663202865219,0.6776586990482686,0.0018941455411913826,0.46342849356882837,0.015401464628416552,1.4935935536390137,0.46342849356882837,0.009408767370081705,0.0018941603786985742,0.01158145970474915
impulse_noise/s5,44288.0,0.08836665004491806,0.6715360879898071,0.08835027166797324,0.6765454970376392,0.001267981725921504,0.46906163619070324,0.013478734911607138,1.4759545419405091,0.46906163619070324,0.006298431049393537,0.0012679916584676402,0.0077528779841709175
impulse_noise/s5,44416.0,0.08835533261299133,0.65907883644104,0.0883511918397947,0.6733697405655302,0.0031731943785094363,0.4702499382764211,0.01314197066698226,1.514074848043857,0.4702499382764211,0.006540685247941127,0.003173201027569247,0.0075143232786598685
impulse_noise/s5,44544.0,0.08835107088088989,0.6588594913482666,0.08835116984726654,0.6707315134351186,0.002124204501316234,0.46639665289578597,0.012058727596759628,1.4896603330254143,0.46639665289578597,0.004378475248621745,0.0021242089523397433,0.005030249467532638
impulse_noise/s5,44672.0,0.08837304264307022,0.7137082815170288,0.08835514671923084,0.6785454712681932,0.004262897228153843,0.47414775937651776,0.015118130516245233,1.4205701011654484,0.47414775937651776,0.011453772687093895,0.0042629002077646215,0.011890084354298707
impulse_noise/s5,44800.0,0.08835485577583313,0.6935246586799622,0.08835509382043126,0.6812689598885148,0.002853675003970754,0.4837270124751895,0.013337011733166568,1.4045339644753048,0.4837270124751895,0.009991781716153763,0.002853676998586234,0.010283858121472688
impulse_noise/s5,44928.0,0.08890100568532944,0.6613830924034119,0.08845435052314002,0.677653347618496,0.0019103113662944714,0.46818709099578804,0.021523164167380263,1.4504193165127008,0.46818709099578804,0.009529622471144254,0.004751221792442024,0.009725144692886675
impulse_noise/s5,45056.0,0.08836224675178528,0.6484128832817078,0.0884376043828937,0.6723368995572617,0.0012788034766103484,0.4495198708318911,0.018767968879705374,1.5017857626746418,0.4495198708318911,0.008703714216220532,0.0031805699602297844,0.008834600992758849
impulse_noise/s5,45184.0,0.08835738152265549,0.6746994256973267,0.08842301840830494,0.6727664497645462,0.0008560585256647786,0.4605256986560593,0.015829298107640652,1.4955467735516599,0.4605256986560593,0.005826453318296389,0.002129141874203409,0.00591407173895427
impulse_noise/s5,45312.0,0.08833667635917664,0.6952414512634277,0.08840731985391798,0.6768528136734338,0.002897444137015265,0.4867465420755438,0.01821719486575607,1.4600511581919027,0.4867465420755438,0.009065642303983532,0.0037496734860369926,0.009124295957481782
impulse_noise/s5,45440.0,0.08834956586360931,0.7185521125793457,0.0883968191284073,0.6844345043835995,0.001939611364448235,0.4908695860175128,0.016303881752750757,1.4178423023494282,0.4908695860175128,0.0060687357572121155,0.002510112003049557,0.008948908864099374
impulse_noise/s5,45568.0,0.08840334415435791,0.6573584079742432,0.08839800549676195,0.6795115777637165,0.001298417524961215,0.4900139377472606,0.01546060506539059,1.4697066749406975,0.4900139377472606,0.006903451209373399,0.004521232002041438,0.008831500975140901
impulse_noise/s5,45696.0,0.08837607502937317,0.6919329166412354,0.0883940181390549,0.6817700030141745,0.0008691885910897389,0.4793688343597363,0.0145079208501572,1.451297055449304,0.4793688343597363,0.004621318578175581,0.0030266098526062516,0.005911996520548867
impulse_noise/s5,45824.0,0.08835338801145554,0.657791793346405,0.08838663084312774,0.6774103285291254,0.0005818535196551144,0.46501136845569124,0.012973321486939707,1.5008500403285976,0.46501136845569124,0.0030936099572910912,0.0020260776699264986,0.00395761750549139
impulse_noise/s5,45952.0,0.088332399725914,0.7005311250686646,0.08837677063999796,0.6816141097181325,0.00038950524869474595,0.48665017227199164,0.014109765525928271,1.4841919251347024,0.48665017227199164,0.004911838070583293,0.001356299927802036,0.005490223288800021
impulse_noise/s5,46080.0,0.08835788816213608,0.6854947805404663,0.0883733374622049,0.6823196862312841,0.00026074318301053237,0.48021623102505223,0.013592926840258052,1.4837124316104673,0.48021623102505223,0.0032880899480764183,0.0009079363153054951,0.0036752734412628238
impulse_noise/s5,46208.0,0.0883522555232048,0.7065732479095459,0.0883695043823867,0.6867294247182407,0.00017454708945333156,0.4748761546531341,0.013902101717885737,1.440159653685377,0.4748761546531341,0.002201118064414792,0.0006077920788408685,0.00246030701439908
impulse_noise/s5,46336.0,0.0883837416768074,0.6669023036956787,0.08837209298137227,0.6831244936232294,0.0024412257375679325,0.47982412005705666,0.0124732349417033,1.4585161171341463,0.47982412005705666,0.0037978558943603147,0.002731249242860416,0.006812271637738227
impulse_noise/s5,46464.0,0.08833999931812286,0.6776002645492554,0.08836625776987239,0.6821200883370523,0.0016342089648182024,0.4986322621869553,0.012867608046330694,1.4823750675551706,0.4986322621869553,0.005383275433414755,0.0018283569311710222,0.007401190104601622
impulse_noise/s5,46592.0,0.08835071325302124,0.6541869640350342,0.08836343149408127,0.6770413384639581,0.0010939745962832593,0.4877207705549039,0.012489787461997491,1.5330752256549107,0.4877207705549039,0.003603680248814836,0.0012239414167343205,0.004954515689857283
impulse_noise/s5,46720.0,0.08834096044301987,0.6515727043151855,0.08835934584843373,0.6724106777096358,0.0007323301016441651,0.4796415902061753,0.012223135347733772,1.551189884967033,0.4796415902061753,0.0024123809930082785,0.0008193326839295862,0.00331665926345818
impulse_noise/s5,46848.0,0.08838120847940445,0.704034686088562,0.08836332087224658,0.6781604974148951,0.000490237506059317,0.4892125521214892,0.011929797340409486,1.4785921200866896,0.4892125521214892,0.0016148996730055414,0.0005484789041181527,0.004544623143306716
impulse_noise/s5,46976.0,0.08835852146148682,0.6536382436752319,0.08836244825210843,0.6737019058258654,0.00032817552058516254,0.4772827828251291,0.012308981907327465,1.5351797122314834,0.4772827828251291,0.0010810485414334615,0.0003671635639138046,0.005366648550478049
impulse_noise/s5,47104.0,0.08841677010059357,0.6673939228057861,0.08837232495183299,0.6725549998222146,0.00021968774518510878,0.4486355818912021,0.013277712096924285,1.5117589324490885,0.4486355818912021,0.0030480572880670275,0.00024578717914891047,0.005916930021394396
impulse_noise/s5,47232.0,0.0883508026599884,0.7098204493522644,0.08836841180786124,0.6793305361004054,0.0001470636971900315,0.4529605961420443,0.011725697668295183,1.4628274135943529,0.4529605961420443,0.0043648152093671835,0.00016453521909968384,0.006285300262255752
impulse_noise/s5,47360.0,0.08833952248096466,0.7182765007019043,0.08836315920297094,0.6864116205734052,9.844759894539296e-05,0.4656699032025255,0.01259858532327091,1.4193702328185882,0.4656699032025255,0.0029219010905681144,0.0001101434111328462,0.004207515051592692
impulse_noise/s5,47488.0,0.08835570514202118,0.6768024563789368,0.08836180391916189,0.6846644998107745,6.590293813699858e-05,0.45325836495375665,0.010908017048682366,1.4645957746670202,0.45325836495375665,0.0019559833746778284,7.37323661302524e-05,0.0028166009849504795
impulse_noise/s5,47616.0,0.08836565911769867,0.6857120394706726,0.08836250486435038,0.6848549615671196,4.411684288509822e-05,0.44934031042358913,0.010744709043464163,1.4863175226668435,0.44934031042358913,0.0013093773004041658,4.935803021942515e-05,0.0042098733866197426
impulse_noise/s5,47744.0,0.08835837990045547,0.6700011491775513,0.08836175487091494,0.6821542684053798,2.953276259250376e-05,0.4332877284653778,0.009619630383842977,1.4703542811376442,0.4332877284653778,0.0008765253002705571,3.3041326014656505e-05,0.0028181797050925543
impulse_noise/s5,47872.0,0.08835314959287643,0.6522734761238098,0.08836019027490793,0.6767213970814581,1.9769865867709126e-05,0.4468186446751702,0.010892444355173357,1.5140248571865071,0.4468186446751702,0.0005867648704290506,2.2118573613117163e-05,0.001886550050516503
impulse_noise/s5,48000.0,0.08833030611276627,0.6646343469619751,0.08835475679088217,0.6745237516051884,1.323437301887966e-05,0.4667236381709816,0.01314666455202982,1.5047104805606266,0.4667236381709816,0.000392793012435976,1.4806648451756116e-05,0.003587277306544105
impulse_noise/s5,48128.0,0.08835485577583313,0.668095588684082,0.08835477478814598,0.6733549947104417,8.859373673795475e-06,0.45757946026321905,0.012267253135543593,1.5150377970767337,0.45757946026321905,0.0002629440827050748,9.911888632993762e-06,0.0024014005109923345
impulse_noise/s5,48256.0,0.08836479485034943,0.64139723777771,0.0883565966176375,0.6675444934499449,5.93065510394573e-06,0.45739823372992344,0.011443613030381963,1.5593744811673609,0.45739823372992344,0.002500400584290174,6.6352312336569805e-06,0.0039319292676890825
impulse_noise/s5,48384.0,0.08834667503833771,0.668952226638794,0.08835479269412845,0.6678004449388265,3.970107962145488e-06,0.44384716472829583,0.01311590755127272,1.5316817869480246,0.44384716472829583,0.0039982020440289595,4.441766363026573e-06,0.004956498104816658
impulse_noise/s5,48512.0,0.0883498266339302,0.6605714559555054,0.08835388977409239,0.6664860833054954,2.6576755779651612e-06,0.44665595324786744,0.011619734364623574,1.5240953908549517,0.44665595324786744,0.0026764823600524436,2.9734138463235727e-06,0.0033179863346293327
impulse_noise/s5,48640.0,0.08836043626070023,0.6748929023742676,0.08835508004438472,0.668014595863454,1.7791051389684134e-06,0.46093291085187815,0.010348355824423184,1.5312846809060185,0.46093291085187815,0.00411607496829957,0.0023263706324095227,0.004545511513264264
impulse_noise/s5,48768.0,0.08834870159626007,0.7179300785064697,0.08835392032654388,0.6770901381621841,1.1909712087309213e-06,0.4787546758595217,0.012329860806863005,1.4580134999521306,0.4787546758595217,0.0055962981192749185,0.0015573224894642258,0.0087246812609455
impulse_noise/s5,48896.0,0.08836442977190018,0.6771546602249146,0.08835583113479048,0.6771018694463169,7.972617182413605e-07,0.4524618078067872,0.013181798697523178,1.4483589126002905,0.4524618078067872,0.0037462822120765977,0.0010425051375752253,0.008681398199475911
impulse_noise/s5,49024.0,0.08836209774017334,0.6922751069068909,0.08835697051758735,0.6798606398936939,5.337041254342991e-07,0.4464826977880145,0.011964491166293159,1.458585459387911,0.4464826977880145,0.0053487509022992095,0.0006978753400296962,0.008652423588078915
impulse_noise/s5,49152.0,0.08835884183645248,0.6792036890983582,0.088357310757381,0.6797411942945419,3.5727300958824975e-07,0.45668469851924937,0.011409769712295598,1.4591616342064895,0.45668469851924937,0.00358056878583666,0.00046717274828434195,0.011473936451523902
impulse_noise/s5,49280.0,0.08872349560260773,0.7048571705818176,0.0884238898201495,0.6843077354376829,2.3916622955907623e-07,0.46712983950462145,0.012165719045390141,1.423663533027318,0.46712983950462145,0.0052378187739898305,0.0003127354761242289,0.010521808698954017
impulse_noise/s5,49408.0,0.08834320306777954,0.6597527861595154,0.08840921950153677,0.6798431992052888,0.002841069193922267,0.4627584049576391,0.01232879388741509,1.4780901241887294,0.4627584049576391,0.009188126617298977,0.0030502609385625002,0.012725343013349382
impulse_noise/s5,49536.0,0.08835136890411377,0.6778287291526794,0.08839870121109622,0.6794769319229961,0.004226252931468625,0.4453692628228823,0.012968835217307448,1.483142905865559,0.4453692628228823,0.014156927735547248,0.0072071994712691115,0.016524816397366117
impulse_noise/s5,49664.0,0.08835113793611526,0.671341061592102,0.08839005334291786,0.6779976827719244,0.0028291445243715583,0.47246826684837573,0.012710672774685853,1.4832353691111448,0.47246826684837573,0.009476951624622537,0.004824654191510727,0.011062067175096325
impulse_noise/s5,49792.0,0.0883743166923523,0.6477559804916382,0.08838719213372412,0.6724991914482359,0.0018938901361495552,0.4523857819398217,0.012111150440398392,1.5443574089057237,0.4523857819398217,0.00866845521978864,0.0032297271860526346,0.009729565629609934
impulse_noise/s5,49920.0,0.08837106078863144,0.6920920610427856,0.08838425916188908,0.6760615313745176,0.0012678107522984625,0.4554710606374013,0.013577008942662082,1.4902989136598048,0.4554710606374013,0.008643759279362643,0.002162048777440193,0.009354089388416566
impulse_noise/s5,50000.0,0.11173075437545776,0.7045140266418457,0.09262907647344701,0.6812347123322137,0.0008486997598031029,0.42241244555065705,0.013121460511104549,1.5614264942899752,0.42241244555065705,0.008110698360565074,0.0014473219088649225,0.008586208598857368
