corruption,n_samples,r_l,r_s,r_l_ema,r_s_ema,large_acc_ema,small_acc_ema,large_ent_ema,small_ent_ema,nuclear_norm_identity_pbs128_duo_acc_ema,fixed_ts_duo_acc_ema,coca_ts_duo_acc_ema,proxy_weighted_nuclear_norm_duo_acc_ema
glass_blur/s5,128.0,0.1849553883075714,0.31413838267326355,0.1849553883075714,0.31413838267326355,0.12357954545454544,0.25284090909090906,4.928691777316007,4.015739289197055,0.24573863636363635,0.24289772727272727,0.24005681818181818,0.24289772727272727
glass_blur/s5,256.0,0.1743294894695282,0.2546442449092865,0.18302340670065448,0.3033212667161768,0.1044210180315552,0.2025732531930879,4.94797638535589,4.143937135441333,0.19549445905334334,0.19359269346356117,0.19169092787377906,0.19359269346356117
glass_blur/s5,384.0,0.21484869718551636,0.33073753118515015,0.18880982315244754,0.30830604207417195,0.12775291289715676,0.20766267362512494,4.8709333292616375,4.071704502612776,0.2029239767216596,0.20862403446734257,0.20451004262624878,0.20862403446734257
glass_blur/s5,512.0,0.20389577746391296,0.32016652822494507,0.1915527239363503,0.3104624941015852,0.13071682598900575,0.20332170713748032,4.790755033254795,3.9782088079773072,0.2024739017723506,0.20164088257731194,0.19604597894814998,0.20164088257731194
glass_blur/s5,640.0,0.19521042704582214,0.27760717272758484,0.19221776086534517,0.3044887993063124,0.11952944549677244,0.18879387006723886,4.781285173477334,4.067064991483788,0.1825445127566975,0.17914596271704353,0.17075185367603427,0.17914596271704353
glass_blur/s5,768.0,0.21104976534843445,0.29280680418014526,0.1956417616804523,0.3023648001924638,0.1148812816961865,0.16589713616071358,4.711675860248894,4.081515611548609,0.1673955002751446,0.1599551485957068,0.15717686072527912,0.1599551485957068
glass_blur/s5,896.0,0.18222972750663757,0.26678505539894104,0.19320321001248597,0.29589575568455057,0.10143912245777773,0.15573485974394874,4.686892449353303,4.117223963662696,0.1567378968784026,0.14245964492770452,0.13827541916320335,0.14245964492770452
glass_blur/s5,1024.0,0.22982385754585266,0.30290600657463074,0.1998615095640072,0.2971703467554742,0.11361833817421482,0.1631365590021475,4.557980118860451,4.020293042905252,0.16096710452190585,0.14960108462102534,0.14680007398528488,0.14960108462102534
glass_blur/s5,1152.0,0.21806396543979645,0.29743513464927673,0.20317104699596886,0.29721849000889283,0.10989120158769751,0.17041579569565246,4.501806546441792,4.035773920566391,0.1718044253411105,0.15851394920911613,0.15663889250254606,0.15851394920911613
glass_blur/s5,1280.0,0.22730740904808044,0.30088168382644653,0.20755947645998912,0.29788452524844805,0.10972055643473964,0.16263371447394914,4.438322094062785,4.026010975460003,0.1607223839060326,0.13477999905734217,0.13869008506368782,0.13477999905734217
glass_blur/s5,1408.0,0.2287255823612213,0.27671387791633606,0.21140785935112222,0.2940353166426095,0.10779847166292486,0.15871554439991636,4.3802581367525955,4.074648173410398,0.16027696773874908,0.13542090845987367,0.13855493297651827,0.13542090845987367
glass_blur/s5,1536.0,0.21279771625995636,0.3103608787059784,0.21166056060727384,0.2970036006541311,0.08662542317931334,0.1563509016230845,4.3418365040005344,4.039269387660069,0.1499064825358568,0.12061234367975013,0.1198694179429585,0.12061234367975013
glass_blur/s5,1664.0,0.26013821363449097,0.34680676460266113,0.22047467933949513,0.30605872137204565,0.10602610973160644,0.18085266968156893,4.279994932092146,3.967936893591121,0.17886301723474712,0.1465979325459484,0.14610060209404657,0.1465979325459484
glass_blur/s5,1792.0,0.23806555569171906,0.3497512936592102,0.22367302049444493,0.3140028254242574,0.11126541229967041,0.16884558879509987,4.22924233459433,3.8746668609656214,0.17267896195053317,0.14126597137373406,0.13860866751750225,0.14126597137373406
glass_blur/s5,1920.0,0.23105774819850922,0.33222484588623047,0.22501569825882023,0.31731592005370707,0.09979337517581241,0.1773367164661412,4.212829233826931,3.8295671679813195,0.17990285882638996,0.14518631141547486,0.1485727443712205,0.14518631141547486
glass_blur/s5,2048.0,0.227223739027977,0.3199443221092224,0.2254171602168487,0.317793811336528,0.09779556520033722,0.18818614903931763,4.192129732256754,3.844938428274955,0.18990397987551721,0.1506515803690369,0.1454288619344534,0.1506515803690369
glass_blur/s5,2176.0,0.248167484998703,0.3608260154724121,0.22955358290445857,0.3256178484521433,0.10653050232419267,0.20319692621640267,4.077175863254952,3.734557981307557,0.20434687909022226,0.16825642983381808,0.1619193207990969,0.16825642983381808
glass_blur/s5,2304.0,0.24066504836082458,0.33977368474006653,0.23157384935107056,0.32819163686812935,0.0999811627128893,0.1923260415167654,3.9980263701908836,3.7228417747624594,0.19542022484552066,0.17126050261602696,0.16185301640270122,0.17126050261602696
glass_blur/s5,2432.0,0.23965540528297424,0.3331403434276581,0.2330432231568712,0.3290914016971345,0.10541094363424819,0.18814801126328923,3.9527721241966063,3.7399784394089166,0.20106643150815845,0.17792025381734036,0.17162268040180823,0.17792025381734036
glass_blur/s5,2560.0,0.22090604901313782,0.36391681432724,0.23083646422164694,0.33542329490260825,0.0969073259039182,0.18509288357294568,3.9053416261202285,3.6673243120572834,0.18625108224926307,0.17075653354714518,0.16654080258302864,0.17075653354714518
glass_blur/s5,2688.0,0.2164432853460312,0.3678602874279022,0.22821952260789863,0.34132092990720714,0.08889044130758161,0.19131217825957522,3.829735839284173,3.602992955397156,0.19157097241479593,0.1693184232836261,0.15849012404318444,0.1693184232836261
glass_blur/s5,2816.0,0.21875521540641785,0.3443335294723511,0.22649873948035665,0.34186867528268783,0.07939153509019925,0.18127096230599662,3.768589918912718,3.6317849769046937,0.1814442046743675,0.16086605195019596,0.15077644667353668,0.16086605195019596
glass_blur/s5,2944.0,0.20791307091712952,0.37404870986938477,0.22311952701431534,0.34771959066208724,0.08078069704385239,0.18901196650236135,3.606981280365617,3.547948460376898,0.1891279386663121,0.15133388601624687,0.14457968744261543,0.15365826618153614
glass_blur/s5,3072.0,0.19377434253692627,0.3570441007614136,0.21778403892751733,0.349414956134692,0.06156600380621522,0.18153900236934933,3.42731931581019,3.561459694916287,0.18161663662786182,0.1403040889860826,0.12829301390786652,0.14186007901408618
glass_blur/s5,3200.0,0.178528293967247,0.3454994559288025,0.21064663075292273,0.34870304700634847,0.05154418436614407,0.18505916687534957,3.2415988156854123,3.5368922962281704,0.18511113691617193,0.1311126546105181,0.12023127377303461,0.13215426776976016
glass_blur/s5,3328.0,0.16674214601516724,0.3729203939437866,0.20266399716423988,0.3531062009949736,0.044835363088079914,0.21169250013969682,3.063586655137936,3.474437595313756,0.2117272900017349,0.12676756217728896,0.11948333202988265,0.12746484040785597
glass_blur/s5,3456.0,0.18106697499752045,0.3809128999710083,0.1987372658612,0.3581619644451617,0.04163565628210308,0.21764126042409457,2.86133938923616,3.442572845517632,0.2176645495052936,0.13548076476330911,0.1179495859043016,0.13594753779368868
glass_blur/s5,3584.0,0.1446392834186554,0.36972808837890625,0.1889012690534646,0.36026489606947887,0.030196183130994616,0.20509456276323684,2.6349422417319377,3.4456378281725826,0.205110152974618,0.1175532392217193,0.1001356732086647,0.1178657071180891
glass_blur/s5,3712.0,0.15017181634902954,0.40640926361083984,0.18185955037993093,0.368654781076999,0.027703643252979866,0.21374098829605107,2.4236630812666315,3.340374064929626,0.21375142471854588,0.11949844939635754,0.09802470685869288,0.11970762212037368
glass_blur/s5,3840.0,0.13851775228977203,0.40335869789123535,0.1739792234544475,0.3749645841341329,0.0265516124255485,0.22676049629735648,2.199890531329331,3.2723549781052093,0.22676748266282823,0.12028408595954512,0.08808885335168695,0.12042411067562205
glass_blur/s5,3968.0,0.13697504997253418,0.3842076361179352,0.1672511919122814,0.37664513904027874,0.025263889309664698,0.24115785289327166,2.061319152312743,3.318208705297213,0.24116252971643873,0.12003521456795994,0.07911319935112929,0.12296985921260649
glass_blur/s5,4096.0,0.11946111172437668,0.38945508003234863,0.15856208642357147,0.37897421922065505,0.016912190364320994,0.22858500896161157,1.8350635785338851,3.3100699347553104,0.22858813972753333,0.09533349074384094,0.060449745020177435,0.09729800492744729
glass_blur/s5,4224.0,0.11576397716999054,0.3762687146663666,0.1507806120138295,0.37848230930169346,0.017003201814132236,0.21965194814785566,1.6827535217923921,3.333900642744842,0.21965404394983634,0.08396291529133151,0.05028040782342456,0.0852780032985391
glass_blur/s5,4352.0,0.11779320240020752,0.4224756062030792,0.14478290117498915,0.3864810905564909,0.011382308652435627,0.22684345289236618,1.5709337223165316,3.2474327460179606,0.2268448558672458,0.0727355052776682,0.045022421766094126,0.07361585344778236
glass_blur/s5,4480.0,0.12114228308200836,0.3681224286556244,0.14048460697626536,0.3831431520290606,0.007619561990473435,0.23682288995274098,1.4850522510572237,3.2568242582697184,0.23682382913427197,0.07503368535116631,0.03762864597564978,0.07794738949810223
glass_blur/s5,4608.0,0.10995285958051682,0.3810730576515198,0.13493338017703835,0.38276677123314407,0.005100698522548332,0.2238752403815869,1.3613624067193884,3.284363987257411,0.2238758690898845,0.060559739780532806,0.02983818449609613,0.06251023594501057
glass_blur/s5,4736.0,0.11907214671373367,0.4197688698768616,0.1320495195473466,0.38949442553200175,0.0034145171927802876,0.21701565678436804,1.2963691345407415,3.244777099644815,0.21469169748992264,0.06120114811754675,0.025139611108956912,0.06534776125244508
glass_blur/s5,4864.0,0.10951805114746094,0.4187421202659607,0.12795288892918555,0.39481218821090336,0.002285751178638043,0.20596709255813064,1.1985669401360786,3.163801467162598,0.20441138427011346,0.05646523138447344,0.02431866528781413,0.05924106331775249
glass_blur/s5,4992.0,0.10850097984075546,0.36945560574531555,0.12441617818583461,0.39020190048988734,0.004371040045203979,0.19857094625792215,1.0984282966758034,3.222758610510633,0.1975295217014809,0.04761308877803593,0.021444726349693754,0.04947129032014835
glass_blur/s5,5120.0,0.10333647578954697,0.39071041345596313,0.12058350502287321,0.39029435739281015,0.005250448294723324,0.19955988964373297,1.0316755182000255,3.2077955210879505,0.19886273766793344,0.041170745380338096,0.021328701110125567,0.045255574511834845
glass_blur/s5,5248.0,0.10469596832990646,0.4169161915779114,0.11769486198778834,0.3951346908810104,0.0035147629080379272,0.1989305872821683,0.9187894625462057,3.136491106379688,0.198463898769443,0.03324239980006104,0.014277890825786536,0.03597687219387291
glass_blur/s5,5376.0,0.10139556229114532,0.3985738456249237,0.11473135295203504,0.39575999174354004,0.0023528578144716697,0.20883989727153413,0.8268842987800382,3.1639746962887645,0.20852748595309817,0.03206722631243755,0.016531067412303382,0.03673864998102236
glass_blur/s5,5504.0,0.1035454273223877,0.3920243978500366,0.11269754829209916,0.39508079285381215,0.0015750535782826877,0.21314902214044845,0.7444389474780796,3.1900199694829787,0.21293988729091695,0.026631779597582162,0.01390716082972375,0.029758930979031494
glass_blur/s5,5632.0,0.10140593349933624,0.4160153269767761,0.11064452742068771,0.39888707178526017,0.0010543747094289063,0.20570306440806876,0.6841856461284791,3.1940231972778514,0.2055630650459857,0.020668794606645908,0.012150661381881186,0.02276217693637645
glass_blur/s5,5760.0,0.09669460356235504,0.39042842388153076,0.10810817762826358,0.3973491358027639,0.0007058210864772016,0.2136318034467237,0.6060035666675417,3.207375160066072,0.21353808486549455,0.021325804654035687,0.0104582939829122,0.022727159767326383
glass_blur/s5,5888.0,0.09634662419557571,0.4434153735637665,0.10596971336777487,0.4057248153956734,0.00047249180169134977,0.22978657916681505,0.5543742586339266,3.1294581585336854,0.22972384193475254,0.022282150222949507,0.007001006715833786,0.026061156538458155
glass_blur/s5,6016.0,0.09296216070652008,0.4407542943954468,0.10360470379300127,0.41209381157745034,0.00031629616476858943,0.22949556126042986,0.48238072574495355,3.0660691076976363,0.22945356360921448,0.020081439405445534,0.0070110044957234436,0.025452096525744712
glass_blur/s5,6144.0,0.09327621757984161,0.3950149416923523,0.10172679720879041,0.4089885625074325,0.00021173544914260942,0.21096397076111417,0.4442134558833569,3.133285864794752,0.21093585663096173,0.01860823629620734,0.007534226150029743,0.022203469575085302
glass_blur/s5,6272.0,0.0947967916727066,0.3800067603588104,0.10046679620222972,0.4037191439349557,0.00014174025934339968,0.19055232753429957,0.41727393178722355,3.1663166320107576,0.19053350733147023,0.015297662313990035,0.0050435728772926375,0.01770438872381743
glass_blur/s5,6400.0,0.09049542993307114,0.42301511764526367,0.09865382051692814,0.4072275027913753,9.488397526293697e-05,0.20142345892791952,0.40322029721926295,3.1354714774053924,0.20141086027974453,0.015405873119282584,0.003376276058352922,0.017016987492803403
glass_blur/s5,6528.0,0.09549417346715927,0.4577864408493042,0.09807933923515198,0.416420036983726,6.351737187023053e-05,0.24201694357984693,0.35297165197014496,3.042569253710587,0.24200850977404384,0.010313022501337926,0.0022601517415420385,0.0113915370819593
glass_blur/s5,6656.0,0.09260766208171844,0.4575403332710266,0.09708448884361862,0.42389645449050795,4.251989356602208e-05,0.2648005985947735,0.3241431626433064,2.9922849081377185,0.26479495282394666,0.009228139029821255,0.0015129941410322735,0.009950119864782671
glass_blur/s5,6784.0,0.09472955018281937,0.45248889923095703,0.09665631817801874,0.42909508080695324,2.846373040370073e-05,0.2663644502989806,0.3046407015962938,2.9549467727303993,0.26636067089867504,0.016508093069549763,0.0010128307886249103,0.01699140255411071
glass_blur/s5,6912.0,0.08880840986967087,0.4306276738643646,0.09522942575831912,0.4293737340901189,1.9054232749584784e-05,0.25733901218361505,0.27819755456609063,2.9659509039332383,0.25733648217184024,0.01337525238540108,0.0006780106932117167,0.016539699230437747
glass_blur/s5,7040.0,0.0928187221288681,0.46047425270080566,0.09479111600750983,0.43502837383751647,1.2755312832366671e-05,0.2567207436931638,0.2618898023030946,2.910097179243061,0.2567190500489178,0.008953681348904854,0.0004538749268607359,0.011072030063350887
glass_blur/s5,7168.0,0.09151353687047958,0.4264070391654968,0.09419519252804978,0.4334608584426038,8.53868049108843e-06,0.24081099371195258,0.26511786806501714,2.9469157317104786,0.24080985995010196,0.00883469577901895,0.0003038336287249554,0.010252763926705965
glass_blur/s5,7296.0,0.09273403882980347,0.425943523645401,0.09392952821927772,0.4320940702976578,5.715976196513742e-06,0.2461730619063484,0.24239506715432166,2.955955855580935,0.24617230294180376,0.005914135190913512,0.0002033927597249701,0.006863420479861017
glass_blur/s5,7424.0,0.09243535250425339,0.45694446563720703,0.09365785990745511,0.4366123239957576,3.826397288575315e-06,0.2502790744992911,0.23044533464415376,2.9094835923325117,0.25027856643211654,0.00628342934267764,0.0001361554837828312,0.009759810403873904
glass_blur/s5,7552.0,0.089861661195755,0.43303194642066956,0.09296764195987327,0.4359613462548325,2.5614725650793423e-06,0.2620669837557238,0.2254667442676929,2.938973309007803,0.26206664364464,0.0070471717087346175,9.114540649925062e-05,0.009374335890196579
glass_blur/s5,7680.0,0.09052003175020218,0.44816720485687256,0.09252262192175124,0.4381805932733852,0.0028426237956840615,0.25988574945631093,0.2135954311175107,2.9440447199936504,0.25988552177864327,0.007558437259566148,0.0029019237845160275,0.009116290967817544
glass_blur/s5,7808.0,0.09237326681613922,0.4371267259120941,0.0924954664480036,0.43798898102587774,0.0019029134500033798,0.27082227856166263,0.20319328842192613,2.9491984670124918,0.27082212614933965,0.005059780314255025,0.0019426101367421339,0.00894355015201009
glass_blur/s5,7936.0,0.08977395296096802,0.4235633909702301,0.09200064581399713,0.4353661464703054,0.0012738511524816012,0.23398020300408817,0.19917190289595957,2.949718895206241,0.2339801009760042,0.006228034755823611,0.004141334058480271,0.008827913738122455
glass_blur/s5,8064.0,0.08866317570209503,0.4611276388168335,0.09139383306637856,0.44005005416967413,0.0008527433334794188,0.23204459870521604,0.1887216794182149,2.889111646234828,0.23204453040542425,0.004169180291088532,0.0027722980060900983,0.005909595147007594
glass_blur/s5,8192.0,0.08903348445892334,0.4519668221473694,0.09096467877411397,0.44221673925652777,0.0005708447108415943,0.23565588838944213,0.17863108143237688,2.8620391350623895,0.23565584266809386,0.00563184796345596,0.001855835855316512,0.00679691906535219
glass_blur/s5,8320.0,0.08878698199987411,0.49147501587867737,0.09056873390607036,0.45117278955146406,0.0032230448064311497,0.2391064211532629,0.1650702740229214,2.7936283095419827,0.23910639054640992,0.011259749463139939,0.00640762565521188,0.012039673093334934
glass_blur/s5,8448.0,0.09295140951871872,0.4342224597930908,0.0910019476538246,0.44809091141357804,0.0021575754489332488,0.22075512490425034,0.1850781881806284,2.877777253007572,0.2207551044153653,0.007537518235655662,0.004289402298117043,0.010900524963306856
glass_blur/s5,8576.0,0.08866585046052933,0.49313515424728394,0.09057720270958909,0.4562807737469791,0.0014443273666412653,0.23326376129953946,0.17352313810123834,2.7987675472040654,0.23326374758383955,0.005045776670149657,0.0028714180673345487,0.007297045636593845
glass_blur/s5,8704.0,0.08970943838357925,0.4363954961299896,0.0904194273775873,0.4526652687257083,0.0009668637743631609,0.22717450136580736,0.16867981650745906,2.816563932133044,0.22717449218422314,0.003377751324645638,0.0019221889541661025,0.004884799145157863
glass_blur/s5,8832.0,0.09399598091840744,0.42255479097366333,0.09106970983955459,0.4471906364071546,0.0006472393861439341,0.2295548314928132,0.17560874628984557,2.8765937094075804,0.22955482534646338,0.004585519481787575,0.0036111347544417706,0.005594369675684188
glass_blur/s5,8960.0,0.08870691061019897,0.49346721172332764,0.09064010997967174,0.45560455919191334,0.00043327595270792275,0.2461276144703956,0.15601742233496504,2.7874932459389616,0.24612761035589698,0.003069645272932178,0.002417371199254408,0.0037449912704993317
glass_blur/s5,9088.0,0.09124957770109177,0.4911293685436249,0.0907509222926572,0.46206361543767904,0.0002900442328044772,0.26600278324051274,0.16151726272304764,2.7286458917582257,0.2660027804861789,0.0043792666703099704,0.0016182402242942728,0.004831357792648312
glass_blur/s5,9216.0,0.0913579985499382,0.4976009428501129,0.09086129979398101,0.46852494769448516,0.00019416184179473262,0.2906712846486077,0.15773235106719366,2.6840443623936716,0.2906712828047974,0.0029315752090504758,0.001083284778246579,0.0032342147206984567
glass_blur/s5,9344.0,0.08824095875024796,0.49878963828086853,0.09038487414966591,0.47402761871019117,0.0001299761089700276,0.2860072236077456,0.14843541883605235,2.6740688379827278,0.2860072223734594,0.0019624594374635413,0.000725174107751842,0.0044894329948477266
glass_blur/s5,9472.0,0.08876045793294907,0.4795658588409424,0.09008952574662649,0.4750345714612368,8.700880021960524e-05,0.27926929844816023,0.13948350309483099,2.6665121770053473,0.27926929762190256,0.0013137125159879903,0.00048544712998263795,0.003005322913906329
glass_blur/s5,9600.0,0.08987823128700256,0.4891652464866638,0.0900511085721494,0.4776037851022235,5.8245560477586965e-05,0.27992407582066925,0.14285234633977278,2.6211950284292698,0.2799240752675546,0.006044716642934109,0.002649348905194989,0.007177116991953823
glass_blur/s5,9728.0,0.09039904922246933,0.46311306953430176,0.0901143705085712,0.4749691095444195,3.899082974119457e-05,0.2790710755493736,0.13574191118694698,2.6734354007228363,0.2790710751791068,0.004046463207253412,0.0017735310852958187,0.004804516333456691
glass_blur/s5,9856.0,0.08824577182531357,0.4720991253852844,0.08977462529343344,0.47444729424275855,2.6101299248237683e-05,0.2970951001611509,0.13054772460418015,2.7018840813330676,0.29709509991328636,0.0027087894197316224,0.0011872398174294322,0.003216246471156958
glass_blur/s5,9984.0,0.08916298300027847,0.49363091588020325,0.08966341760376889,0.4779352254495666,1.7472770571134314e-05,0.2838508521739936,0.13737000982791944,2.6297137126441834,0.2838508520080677,0.008786462338828606,0.0054435241753039995,0.009126164993088541
glass_blur/s5,10112.0,0.08923517912626266,0.4926837682723999,0.08958555606240412,0.48061677869008174,1.1696648068279994e-05,0.2762761902982932,0.13523923167079702,2.6165647669226004,0.27627619018721883,0.005881846689629066,0.003644012051236561,0.006109250945786543
glass_blur/s5,10240.0,0.08850786089897156,0.4988061785697937,0.08938961148723457,0.4839239423045748,7.829987549840325e-06,0.30658778028232847,0.1259961265742361,2.5819899927903105,0.3065877802079729,0.003937434560826069,0.002439379968183152,0.004089663856270329
glass_blur/s5,10368.0,0.08831986784934998,0.48395395278930664,0.08919511264398282,0.4839293987563442,5.241561913529474e-06,0.29201330746172394,0.1157444355589512,2.6193937926890434,0.29201330741194875,0.005476712391957947,0.0016329733671308702,0.005578617953371046
glass_blur/s5,10496.0,0.09086304903030396,0.4952383041381836,0.08949837380513212,0.4859855633712241,3.50881417351973e-06,0.2809655198710714,0.11759233725456117,2.5992544640042894,0.28096551983775075,0.0036662289565999474,0.0010931474606413263,0.003734446729116154
glass_blur/s5,10624.0,0.08817283064126968,0.5074910521507263,0.08925736595715714,0.48989565224022447,2.348875603761141e-06,0.27770212487237006,0.10881722867845217,2.5858697083896343,0.2777021248500645,0.002454252442021452,0.0007317763992722927,0.0024999188847802346
glass_blur/s5,10752.0,0.0897044837474823,0.4708024263381958,0.08933866010085262,0.48642415662167376,1.5723878008648958e-06,0.2747427447492725,0.10650597471089535,2.6675594553899677,0.2747427447343407,0.004483838411601137,0.0004898668457938487,0.004514408509646272
glass_blur/s5,10880.0,0.08908860385417938,0.4900185465812683,0.0892931953287302,0.48707768206887275,1.052590180744269e-06,0.266046796071827,0.11451143146262362,2.656654966394521,0.26604679606183135,0.0030015777796668767,0.0003279273926388574,0.0030220420601764298
glass_blur/s5,11008.0,0.0898134633898735,0.5172442197799683,0.08938778952166535,0.4925625071072537,7.046264846304611e-07,0.2974156238166776,0.1224000090062757,2.583029378003603,0.2974156238099862,0.002009320662421628,0.00021952164300617725,0.002023019891523064
glass_blur/s5,11136.0,0.0884963870048523,0.5196758508682251,0.08922571633679025,0.49749220597288485,4.716921095460111e-07,0.3024021944557924,0.10993068230522508,2.5296472688046756,0.30240219445131306,0.001345082426910346,0.00014695250482231698,0.0013542529852344479
glass_blur/s5,11264.0,0.09235920011997223,0.4790591299533844,0.08979544066100514,0.4941407376057029,3.1576083366303216e-07,0.28869485744561313,0.11007058003078475,2.5961329056390228,0.2886948574426145,0.0009004270791713886,9.837316438518739e-05,0.0009065660479668615
glass_blur/s5,11392.0,0.0881066620349884,0.5050645470619202,0.08948839000172937,0.4961268847795606,2.1137708699756695e-07,0.2867502764718567,0.09971010838173772,2.5788776245647687,0.28675027646984935,0.0006027652348172105,6.585311004297666e-05,0.0006068747924406262
glass_blur/s5,11520.0,0.08921520411968231,0.5326614379882812,0.08943871984135716,0.5027695308175097,1.4150036402316464e-07,0.30533489582000317,0.10329599374680959,2.547107483008722,0.30533489581865947,0.002727884165456149,4.4083486888273634e-05,0.0050550153569230635
glass_blur/s5,11648.0,0.0880851075053215,0.5149917602539062,0.0891926085075325,0.5049917543514,9.472338418079615e-08,0.3015051781935558,0.09605523457261883,2.537558684580555,0.3015051781926563,0.0018261042760491575,2.951043337148896e-05,0.0033839359000889927
glass_blur/s5,11776.0,0.08805247396230698,0.5182838439941406,0.08898531131749149,0.5074084979228073,0.00284097250077784,0.3141790862287439,0.09221085075346644,2.538006703358342,0.31417908622814184,0.009745160713718858,0.0028606640091164513,0.010788006676919077
glass_blur/s5,11904.0,0.08835198730230331,0.49499645829200745,0.08887016149654818,0.50515176344448,0.0019018080377107853,0.28728104119444836,0.09734916352605436,2.5551818759022455,0.28728104119404535,0.00652361998191097,0.0019149899565159712,0.00954610364322682
glass_blur/s5,12032.0,0.08839412778615952,0.4958566725254059,0.08878360991284115,0.5034617469137392,0.004114020256649369,0.29019433336157285,0.09701460302150484,2.5795725211402947,0.29019433336130307,0.009532340649047838,0.006447224681634658,0.011555656157862582
glass_blur/s5,12160.0,0.08825832605361938,0.4697384536266327,0.08868810375661901,0.49733023904335616,0.002754013560236354,0.2789730661346066,0.09178171901847171,2.5605652053305223,0.27897306613442596,0.009222062748536156,0.004315910737292622,0.010576513626337759
glass_blur/s5,12288.0,0.08833979070186615,0.5044288039207458,0.0886247741103003,0.4986208872028815,0.001843595854373096,0.30477742443721595,0.08597099249558056,2.550450339832127,0.30477742443709505,0.0061734469638961035,0.002889163386121507,0.007080145485399655
glass_blur/s5,12416.0,0.0889907032251358,0.5258469581604004,0.08869130667663402,0.5035710819224304,0.0012341426793737254,0.30268158164805364,0.08751531463883702,2.473932808164524,0.3026815816479727,0.0064570182155006955,0.004258448217155719,0.007063981688573321
glass_blur/s5,12544.0,0.08822952955961227,0.5205044150352478,0.08860734720081187,0.5066498697611245,0.0036670707192501795,0.3154831249048954,0.0824506598303644,2.4427568816237635,0.3154831249048412,0.012328665086409556,0.008015985996608374,0.012734979477474703
glass_blur/s5,12672.0,0.08821967989206314,0.46709367632865906,0.08853686223558482,0.49945783459158527,0.0024548159360269794,0.29977589353137624,0.07741563680971963,2.566325861027198,0.29977589353134,0.00825307332230722,0.005366073270456844,0.008525068906408684
glass_blur/s5,12800.0,0.08842858672142029,0.48835426568984985,0.08851717577846399,0.49743900388217877,0.0016433065356874818,0.3065648543474502,0.08502945708010393,2.5889975468205924,0.3065648543474259,0.008365693711627147,0.003592164751297556,0.008547773400157879
glass_blur/s5,12928.0,0.08959823101758957,0.5321083068847656,0.08871373127648682,0.5037425135190127,0.0011000647057081488,0.30697729919126826,0.09254548852179968,2.5124982252519064,0.306977299191252,0.010248935459849576,0.0024046722715297683,0.010370823515808167
glass_blur/s5,13056.0,0.08824498951435089,0.502490222454071,0.08862850550155302,0.5035148242344778,0.0007364069517550416,0.2896914151610969,0.08902789625807048,2.5133759125195745,0.289691415161086,0.006860857621882772,0.0016097392892058778,0.006942452105623648
glass_blur/s5,13184.0,0.09064621478319168,0.5589712858200073,0.08899536173457823,0.5135978172500286,0.002817346802414532,0.29645664981858555,0.08578310051699634,2.4114569752948234,0.2964566498185782,0.009241565846053755,0.005726354400212199,0.009296186946739797
glass_blur/s5,13312.0,0.08835237473249435,0.5341701507568359,0.08887845500692662,0.5173382415239935,0.0018859924875667526,0.31544825318434233,0.0806215507079708,2.428988591938699,0.31544825318433745,0.006186502756449207,0.0038333446811337855,0.006223067294924988
glass_blur/s5,13440.0,0.08814053982496262,0.5335961580276489,0.08874428861020589,0.52029422634284,0.0012625238966355945,0.3191223843630721,0.07383579671338023,2.423530271106418,0.31912238436306883,0.00414137787828418,0.0025661232989407983,0.004165854966024164
glass_blur/s5,13568.0,0.08895928412675858,0.5039083957672119,0.08878337870412456,0.5173149844199985,0.0036860697159296126,0.32932986060668457,0.07611254247229457,2.4795300064560624,0.3293298606066824,0.008454145521826599,0.004558727167059543,0.008470531010313698
glass_blur/s5,13696.0,0.08823331445455551,0.5191121697425842,0.08868336702238473,0.5176417453877413,0.0024675342726470954,0.3100782537945574,0.07311273152902878,2.438757310347308,0.31007825379455595,0.005659386671635987,0.0030517099217506026,0.005670355469714128
glass_blur/s5,13824.0,0.08815879374742508,0.5089108943939209,0.08858799006330115,0.5160543179343194,0.0016518204635075594,0.31785197154842265,0.06960874942522137,2.4087538263764956,0.31785197154842165,0.0037885150446488837,0.002042880195552056,0.003795857793775573
glass_blur/s5,13952.0,0.08827439695596695,0.49886375665664673,0.08853097313469492,0.512928761338379,0.0011057641119348123,0.3269298321935722,0.06932017736313856,2.465561950557262,0.3269298321935715,0.00253611337699636,0.0013675478995017892,0.0025410287710398464
glass_blur/s5,14080.0,0.093065045773983,0.4998684823513031,0.08935534997820183,0.5105541651589106,0.0007402222567497503,0.3074385653527219,0.07235990178543406,2.496761476637076,0.3074385653527214,0.004538637880468637,0.0009154659492532637,0.004541928350861384
glass_blur/s5,14208.0,0.08870118856430054,0.538137674331665,0.08923641153931067,0.5155693486448659,0.0004955206842704939,0.328481601599756,0.0731478710861413,2.423077525243066,0.32848160159975565,0.003038261721636029,0.0006128325775992922,0.0030404644332212567
glass_blur/s5,14336.0,0.08825688064098358,0.5280419588088989,0.0890583150123421,0.5178370959474173,0.000331712193602562,0.32139057627752254,0.06881024560915543,2.383757505084669,0.3213905762775223,0.002033877681425771,0.0004102432957482865,0.0020353522238919152
glass_blur/s5,14464.0,0.08861736953258514,0.5050187110900879,0.08897814310693174,0.515506480518812,0.0002220552700975828,0.31328625354115136,0.06924531868244302,2.409587479282289,0.31328625354115125,0.004202430514012293,0.00027462567731910084,0.004203417604423513
glass_blur/s5,14592.0,0.08856479078531265,0.5371579527854919,0.08890298813936462,0.5194431118400266,0.00014864856923887772,0.3169003019572997,0.06580135486118986,2.351450393257049,0.31690030195729957,0.0028131972862396335,0.00018384032944501787,0.002813858065771112
glass_blur/s5,14720.0,0.08822877705097198,0.5026067495346069,0.0887804043051114,0.516381955057223,9.95085463499925e-05,0.30692292940943194,0.06374524966325908,2.3728758421996576,0.3069229294094319,0.001883214712276118,0.00012306666681856566,0.001883657052293058
glass_blur/s5,14848.0,0.0903252586722374,0.5100076198577881,0.08906128691731613,0.515222985020962,6.661315912685448e-05,0.31264055605094204,0.06780971198955271,2.349472770122955,0.312640556050942,0.004101573485077401,8.23834711760646e-05,0.004101869596989568
glass_blur/s5,14976.0,0.08860023319721222,0.5425881147384644,0.08897745896820633,0.5201984631514169,4.459228007665465e-05,0.34539367801757276,0.06835996931282338,2.3389218977601884,0.3453936780175727,0.0027456814238947884,5.514926582860521e-05,0.0027458796475715286
glass_blur/s5,15104.0,0.0883314236998558,0.4961546063423157,0.08885999801032442,0.5158268528224894,2.9851030464537403e-05,0.314891635697714,0.06537669854916983,2.3643605318710135,0.31489163569771395,0.0018380181432684117,3.6918103571215055e-05,0.0018381508384569733
glass_blur/s5,15232.0,0.08876515179872513,0.5388920307159424,0.08884275324457909,0.5200205215303899,1.9982921220062225e-05,0.32210721067367626,0.06339077204565914,2.3336270264116514,0.32210721067367626,0.004071317930617697,0.002865622862721227,0.004071406759628222
glass_blur/s5,15360.0,0.0883239284157753,0.5392809510231018,0.08874842145752385,0.5235224178017921,1.3376996849793719e-05,0.3194478021865105,0.06525396927642409,2.3159444014539523,0.3194478021865105,0.005566336796529202,0.0019183095196728874,0.0055663962605775694
glass_blur/s5,15488.0,0.08893300592899323,0.5475326180458069,0.08878198227051827,0.5278879087552493,0.0028498639400399445,0.3411696031165896,0.07116076654641212,2.2901928724542513,0.3411696031165896,0.00940804364065178,0.004125066703252098,0.009408083447163497
glass_blur/s5,15616.0,0.0883345976471901,0.5639047622680664,0.08870063961173133,0.5344364275757615,0.0019077601582085575,0.349770560763998,0.06513215571250458,2.2512375878543196,0.349770560763998,0.008622326734651192,0.0027614082889538837,0.008622353381985479
glass_blur/s5,15744.0,0.0882422998547554,0.5332027673721313,0.08861730511046297,0.534212125720556,0.0012770956430982903,0.3400323588585441,0.06033624830062733,2.3082488832290617,0.3400323588585441,0.005771970789311954,0.001848546044671608,0.005771988627610113
glass_blur/s5,15872.0,0.08849021047353745,0.5557864904403687,0.08859419699465831,0.5381347374877946,0.0008549152652145579,0.33583777741770304,0.06494476955287214,2.2648115363747183,0.33583777741770304,0.006188261437473291,0.0035618366084165308,0.010837033709391892
glass_blur/s5,16000.0,0.08831223845481873,0.5277041792869568,0.08854293180559657,0.5362382723603696,0.000572298648614704,0.32708975182507394,0.06082157880587986,2.249865057029552,0.32708975182507394,0.004142555177151541,0.002384369961006107,0.0072545432269482905
glass_blur/s5,16128.0,0.08876786381006241,0.5204684734344482,0.08858382853368126,0.5333710361920202,0.002707489177998273,0.2982480983291817,0.06345076648266292,2.310900476670268,0.2982480983291817,0.007938404705365908,0.0039205286515826,0.010021636375064556
glass_blur/s5,16256.0,0.08827027678489685,0.5340991020202637,0.08852681912481136,0.5335034117971553,0.001812451433205455,0.2993437683030059,0.06019087961452109,2.3357403813214357,0.2993437683030059,0.005314138687063128,0.002624486122133806,0.006708698730415115
glass_blur/s5,16384.0,0.08824054896831512,0.4956095218658447,0.0884747700054484,0.5266136136278261,0.001213293934625139,0.29103797712845847,0.055994912413205075,2.390533335290428,0.29103797712845847,0.0058817787905133334,0.0017568874040730434,0.006815327249286149
glass_blur/s5,16512.0,0.0887909084558487,0.5160168409347534,0.088532249723703,0.524686927683631,0.0008122050306168285,0.2958084805570672,0.05658502395342758,2.368125391317203,0.2958084805570672,0.003937389107699008,0.0011760981795860867,0.00456232650572048
glass_blur/s5,16640.0,0.08823776245117188,0.5065693855285645,0.08847870658324279,0.5213928291099825,0.0005437074998344058,0.2956445200423342,0.05203997095398573,2.3668719794249102,0.2956445200423342,0.0026357728737489224,0.0007873053929460578,0.003054119396391395
glass_blur/s5,16768.0,0.08851388096809387,0.5575830936431885,0.08848510192594299,0.5279728772069291,0.003204878574269313,0.3007000506068518,0.052530410737847644,2.2732367820463404,0.3007000506068518,0.004605352089038534,0.0033679482382531463,0.004885402240559529
glass_blur/s5,16896.0,0.08828099071979523,0.4920291006565094,0.08844799079755247,0.5214376451068528,0.002145414582775325,0.2932372239599586,0.05452824739824874,2.307561969675528,0.2932372239599586,0.003082921646381167,0.002254576919822354,0.003270393235415883
glass_blur/s5,17024.0,0.08822646737098694,0.5311354398727417,0.08840771381090419,0.5232008805188325,0.0014361866215272835,0.30606169537815403,0.05097342514590311,2.32706593358279,0.30606169537815403,0.002063773994684913,0.001509262235583559,0.0021892715046998882
glass_blur/s5,17152.0,0.08944623917341232,0.5358149409294128,0.08859653660408748,0.5254943460480289,0.0009614141846587598,0.31258055641016913,0.05512959653116675,2.329477342165585,0.31258055641016913,0.0013815346575989911,0.0010103325709278368,0.0014655453874437266
glass_blur/s5,17280.0,0.08823198080062866,0.5340589284896851,0.08853025373073134,0.5270515428556027,0.0006435913136971862,0.30919648817540246,0.05135472337751105,2.29329405711015,0.30919648817540246,0.0009248289856654403,0.0006763383326045849,0.0009810675734127424
glass_blur/s5,17408.0,0.08821994066238403,0.5238591432571411,0.08847383317285001,0.5264711065649733,0.0004308338546237362,0.32268525241493884,0.0502017110707863,2.3065411658129014,0.32268525241493884,0.0029434805606520713,0.0004527554127353005,0.0029811278797225796
glass_blur/s5,17536.0,0.08842948079109192,0.5422692894935608,0.08846576910343944,0.5293435034610801,0.00028840943987208786,0.32345045822818214,0.04813130075110779,2.2378242742377488,0.32345045822818214,0.001970429135643122,0.0003030842019137135,0.0019956310599795776
glass_blur/s5,17664.0,0.09257669746875763,0.4683989882469177,0.08921321062440637,0.5182626825130505,0.0001930674762780092,0.3123408026155599,0.05061448817610056,2.4066432836298732,0.3123408026155599,0.0013190476031991144,0.00020289107731413875,0.0013359183128788905
glass_blur/s5,17792.0,0.0886918380856514,0.5561227798461914,0.08911841561736,0.5251463365736215,0.00012924351717784086,0.3364120248914078,0.05393707340642967,2.3242932580507585,0.3364120248914078,0.003207378974042382,0.00013581964679706808,0.0032186725896131414
glass_blur/s5,17920.0,0.08836038410663605,0.5721425414085388,0.08898059170631928,0.533691101089061,8.651838753227362e-05,0.33418904145623163,0.054493906222960985,2.2375726448852005,0.33418904145623163,0.0021470884041110156,9.092059000464886e-05,0.0021546485930468134
glass_blur/s5,18048.0,0.08826680481433868,0.5573891401290894,0.08885081227141371,0.5379998354599752,5.79172676868939e-05,0.33941580461119636,0.05148992132859545,2.1894434492909975,0.33941580461119636,0.00376168727878506,6.086419661468229e-05,0.003766748231709024
glass_blur/s5,18176.0,0.08829589188098907,0.5096514225006104,0.08874991765497287,0.5328455785582725,3.877106349287938e-05,0.3217370262273297,0.0484474319013589,2.227083322012596,0.3217370262273297,0.0025181542940627254,4.07438010395807e-05,0.002521542204697776
glass_blur/s5,18304.0,0.08843562006950378,0.501961886882782,0.08869277263943302,0.5272303618900015,2.595418299936553e-05,0.30396238945796455,0.04743800461391058,2.2791822042423995,0.30396238945796455,0.0016857065935461217,2.7274775902529225e-05,0.0016879745337233046
glass_blur/s5,18432.0,0.08850761502981186,0.5273163914680481,0.08865910761950191,0.5272460036314645,0.0028582833787020546,0.31582399624872004,0.04807291341288154,2.280111864410352,0.31582399624872004,0.011459026727911041,0.005183547577257065,0.011460544935798244
glass_blur/s5,18560.0,0.08833739161491394,0.5167776942253113,0.08860061380048592,0.5253426746485275,0.001913396311362532,0.3007788735218704,0.04815898469570947,2.2633676556138904,0.3007788735218704,0.012836207974882597,0.005794358295519192,0.012837224295864941
glass_blur/s5,18688.0,0.08824117481708527,0.5170102715492249,0.08853526125804945,0.523827692266836,0.001280868605126984,0.28941602277083883,0.0463099598638428,2.2073732741103074,0.28941602277083883,0.008592833437731325,0.0038788679498930126,0.008593513784835208
glass_blur/s5,18816.0,0.08878715336322784,0.5283902883529663,0.08858105982262734,0.5246572551915869,0.0008574409670684767,0.2800016350779995,0.0440153505026549,2.236722786171595,0.2800016350779995,0.005752227342613531,0.002596597553234165,0.005752682781583899
glass_blur/s5,18944.0,0.0882275253534317,0.528993546962738,0.08851678082822813,0.5254456718772507,0.0005739894077069968,0.2860961358786608,0.04332956737407905,2.253556924700508,0.2860961358786608,0.0038506645847247597,0.0017382181967931186,0.0038509694653578157
glass_blur/s5,19072.0,0.08850713819265366,0.5632631182670593,0.08851502762176004,0.5323215712208522,0.0003842408431757581,0.29353336368736793,0.049243933291346395,2.2213608227552895,0.29353336368736793,0.007226477945146327,0.001163600611076385,0.007226682038793248
glass_blur/s5,19200.0,0.08854097872972488,0.5207003355026245,0.08851974600502638,0.5302086192720835,0.00025721907683666446,0.3016111773444363,0.046987244682370755,2.2411340550556456,0.3016111773444363,0.004837559616172334,0.0007789392520428691,0.004837696240845066
glass_blur/s5,19328.0,0.08829522132873535,0.5369892120361328,0.08847892333660982,0.5314414543200925,0.00017218797705594892,0.3090847550818127,0.045715168508005444,2.214658012201264,0.3090847550818127,0.005562746519917016,0.0005214386728551437,0.008403747070317772
glass_blur/s5,19456.0,0.08830772340297699,0.5466258525848389,0.0884477960759493,0.5342022540045919,0.0001152663317481972,0.3078893815010481,0.043117950538639,2.179982436975827,0.3078893815010481,0.0037238220505229607,0.00034906225207658375,0.005625648865254045
glass_blur/s5,19584.0,0.08829489350318909,0.5507350564002991,0.0884199956081747,0.5372082180765386,7.71617592694543e-05,0.3223267760461561,0.04060277662631356,2.176446135344257,0.3223267760461561,0.0024928064966310724,0.0002336697720512668,0.0037659302321122116
glass_blur/s5,19712.0,0.0884082019329071,0.5305411219596863,0.0884178513035806,0.5359960187825654,5.165373967624626e-05,0.31959478396478214,0.039936366330696776,2.16593536115279,0.31959478396478214,0.0016687382332819572,0.00015642356641448437,0.0025209946181908188
glass_blur/s5,19840.0,0.08875289559364319,0.5369784832000732,0.08847876844722835,0.5361746486766578,3.4578123254346664e-05,0.3185407231499781,0.04364523997435067,2.176729196893266,0.3185407231499781,0.00111708923054412,0.00010471329652539861,0.0016876079675492257
glass_blur/s5,19968.0,0.08832497894763947,0.5541354417800903,0.08845080672003036,0.5394402474227364,2.31473387074552e-05,0.3343640378111423,0.04104681329891837,2.1480196018320337,0.3343640378111423,0.0007478035344964769,7.00973307318784e-05,0.0011297210361279938
glass_blur/s5,20096.0,0.08825983107089996,0.49884575605392456,0.08841608387473392,0.5320594308102251,1.549532591160224e-05,0.3219709674603514,0.04001162643473882,2.1739877232863742,0.3219709674603514,0.0005005957544976415,4.692465941555495e-05,0.0007562595365815495
glass_blur/s5,20224.0,0.08842390030622482,0.5082798004150391,0.08841750504409589,0.527735861647464,1.0372904122642822e-05,0.293530151770979,0.04127559140238918,2.177116953050214,0.293530151770979,0.00033510955466371035,3.141237531123926e-05,0.0005062563839926074
glass_blur/s5,20352.0,0.08828506618738174,0.5483050346374512,0.08839342525196604,0.5314757112820071,6.94384490854602e-06,0.3083239032516471,0.042504591765155336,2.121460500662686,0.3083239032516471,0.0025487097018823185,2.1028119010003135e-05,0.0026632790669702576
glass_blur/s5,20480.0,0.08848600834608078,0.5515061616897583,0.08841025854180508,0.5351176113561437,4.648358988365517e-06,0.322875918705648,0.04418155561050227,2.091224103654696,0.322875918705648,0.0040305412053922955,1.4076674709175649e-05,0.004107236400203229
glass_blur/s5,20608.0,0.08856512606143951,0.5522990822792053,0.08843841627264769,0.5382415151603367,3.111711388905841e-06,0.31247272243931806,0.04550251359149743,2.027065447443339,0.31247272243931806,0.0026981308895601313,9.423228524324192e-06,0.002749472300962492
glass_blur/s5,20736.0,0.08930670469999313,0.5025632381439209,0.0885962868958014,0.5317545557028065,2.0830464669534965e-06,0.27864909518665093,0.0452122094337933,2.077471480630339,0.27864909518665093,0.00697147605003612,0.002330688276946035,0.007005845094032742
glass_blur/s5,20864.0,0.08835916221141815,0.5454550385475159,0.08855317331682262,0.5342455525836627,0.002842303526973746,0.30507708024891506,0.04163840223893006,2.0689527638265788,0.30507708024891506,0.009832145124404345,0.004401121904401891,0.009855152500964064
glass_blur/s5,20992.0,0.08839021623134613,0.5056666731834412,0.0885235447558269,0.5290493926927133,0.0019026990552468877,0.27705573140629847,0.04042629777097036,2.0967886765208887,0.27705573140629847,0.008906229380799602,0.005270585737657464,0.00892163101304206
glass_blur/s5,21120.0,0.08844558894634247,0.5202525854110718,0.08850937097228427,0.5274499731869603,0.0012737076320247758,0.2781840020157866,0.04191815101287332,2.1324447123078034,0.2781840020157866,0.005962021321031137,0.0035282433450434256,0.005972331504598403
glass_blur/s5,21248.0,0.08845788240432739,0.5399960875511169,0.08850000941447393,0.5297310848895342,0.0008526472578017093,0.2804888773824687,0.04459220560520697,2.061248383867896,0.2804888773824687,0.00683201427275638,0.0023618819086654334,0.0068389161311774435
glass_blur/s5,21376.0,0.08842780441045761,0.5386223793029785,0.08848688123192551,0.5313476838737968,0.0005707803957184996,0.2820318104791732,0.04325356816888466,2.0521755448205465,0.2820318104791732,0.004573497157795593,0.0015810945008421493,0.004578117410127048
glass_blur/s5,21504.0,0.08839244395494461,0.5659769773483276,0.08846971081792897,0.5376439190509842,0.0003820926615966815,0.31328162519680186,0.03966601639057403,1.9917592486148683,0.31328162519680186,0.003061597270921016,0.0010584186327951578,0.0030646901671098417
glass_blur/s5,21632.0,0.08839873224496841,0.5227123498916626,0.08845680562284522,0.5349290882947438,0.000255781037928357,0.32051290612347894,0.040628698893017144,2.0645377743612423,0.32051290612347894,0.0020494989995421676,0.0007085281756727915,0.002051569450709894
glass_blur/s5,21760.0,0.0883566215634346,0.5443759560585022,0.088438590339316,0.5366467006154272,0.00017122532291071832,0.31166566442976684,0.03947874627935781,2.07706606419128,0.31166566442976684,0.004212887760024096,0.0004743039853677364,0.004214273764524805
glass_blur/s5,21888.0,0.0883297324180603,0.5439026355743408,0.08841879798999677,0.5379659615170478,0.00011462191037824944,0.2871480894116621,0.03778331591461146,1.9834413816228214,0.2871480894116621,0.0028201975914210887,0.0003175092794610466,0.005145505577905034
glass_blur/s5,22016.0,0.08901924639940262,0.5111997723579407,0.08852797042807055,0.5330993816699374,7.673036975734053e-05,0.27383467142433576,0.04356180280986383,1.9821612732020213,0.27383467142433576,0.006536661197562877,0.0025369276994739237,0.008093272329010807
glass_blur/s5,22144.0,0.08941388130187988,0.5379299521446228,0.0886890451323995,0.5339776672107893,5.1364958267310586e-05,0.2990132924410842,0.043069674010527956,1.9560863764891796,0.2990132924410842,0.004375781462831347,0.001698273914523866,0.005417810402065085
glass_blur/s5,22272.0,0.08839254826307297,0.5648441314697266,0.08863513661070377,0.5395897516215051,3.438480677398477e-05,0.32155022055973403,0.039209012441084067,1.9680242301483388,0.32155022055973403,0.0029292421362755294,0.0011368610502184556,0.0036267986989030727
glass_blur/s5,22400.0,0.08837447315454483,0.576537549495697,0.0885877432550385,0.5463075330531764,2.301792850159311e-05,0.33947783359783845,0.037599412735105114,1.9533888740958376,0.33947783359783845,0.00480180671932494,0.0007610392154354949,0.005268766071166519
glass_blur/s5,22528.0,0.08856438100337982,0.5180060863494873,0.08858349557291874,0.5411618154706874,1.540869593908299e-05,0.3328839216646687,0.05215400037850759,1.9696426297460292,0.3328839216646687,0.0032144325972340505,0.0005094560037212817,0.003527025221194115
glass_blur/s5,22656.0,0.08827214688062668,0.5646489858627319,0.08852688671977471,0.5454322100874227,1.031491215756795e-05,0.3573954351639517,0.04504904923052758,1.892555935918117,0.3573954351639517,0.0021518102510409754,0.00034104079587953564,0.002361066470386143
glass_blur/s5,22784.0,0.08838587254285812,0.5351499319076538,0.08850124777851714,0.5435627049638283,6.905023841016561e-06,0.3459114070105792,0.04317503797729685,1.953659750236663,0.3459114070105792,0.0014404680192918924,0.00022830003691109407,0.0015805486289361783
glass_blur/s5,22912.0,0.08832535147666931,0.5458303689956665,0.08846926663272663,0.5439750075150716,4.622371331589598e-06,0.34442209890790837,0.03988608796695948,1.945800212413984,0.34442209890790837,0.0009642802443193659,0.0001528289503289142,0.0010580532144118216
glass_blur/s5,23040.0,0.08833912014961243,0.5629889965057373,0.08844560363579677,0.5474320964224653,3.0943146930475817e-06,0.3418755372854593,0.03789322518886174,1.9188928697610386,0.3418755372854593,0.0029698900809080053,0.00010230698327803346,0.003032663722044277
glass_blur/s5,23168.0,0.08829639106988907,0.5672897696495056,0.088418474078359,0.5510425824637453,2.071400744932678e-06,0.3344889960340678,0.03923746942899647,1.8958374196360452,0.3344889960340678,0.0019881082359797385,6.848649293818769e-05,0.002030130260211458
glass_blur/s5,23296.0,0.08829604089260101,0.5511217713356018,0.08839621349913027,0.5510569804404464,1.386640168095429e-06,0.3385835427996652,0.03568827240412752,1.9200307027857373,0.3385835427996652,0.0013308823728459403,4.584632998341489e-05,0.0013590128188192402
glass_blur/s5,23424.0,0.08834445476531982,0.5491232872009277,0.08838680282025564,0.550705399851443,9.282467240969399e-07,0.3178224542708502,0.03459889268730387,1.911960558462102,0.3178224542708502,0.0008909212578555468,3.069051841864963e-05,0.0009097523828459376
glass_blur/s5,23552.0,0.08828447759151459,0.5447224974632263,0.0883681982332118,0.5496175994172218,6.213883029078688e-07,0.31967866773503195,0.03265828237136194,1.9065810398113352,0.31967866773503195,0.0005964018337710684,2.0544892495129086e-05,0.0006090077934753796
glass_blur/s5,23680.0,0.08837102353572845,0.5172032713890076,0.08836871192457847,0.5437240852302737,4.159706821118791e-07,0.2886381990622941,0.03399388721669008,1.9068981694977976,0.2886381990622941,0.00039924420277236806,1.3753192496739305e-05,0.0004076829030702954
glass_blur/s5,23808.0,0.08840813487768173,0.5706766843795776,0.08837587973423361,0.5486245578028743,2.7845971281869586e-07,0.3272598687937671,0.03398601959911157,1.851047175409972,0.3272598687937671,0.00026726264813687446,9.206682580461847e-06,0.00027291169544375144
glass_blur/s5,23936.0,0.08928042650222778,0.5551233291625977,0.08854034278295982,0.5498061525955512,1.8640691519268066e-07,0.33271115183714983,0.04032594557161015,1.8798069487580986,0.33271115183714983,0.0025032915247858415,6.16315114890421e-06,0.0025070731184375526
glass_blur/s5,24064.0,0.08835387974977493,0.5395525693893433,0.08850644041328984,0.5479418647398769,1.2478479446782753e-07,0.31828184544470356,0.03701179602791007,1.8644699757881695,0.31828184544470356,0.0016757571364268854,4.1257458104234785e-06,0.0016782886164747252
glass_blur/s5,24192.0,0.088310107588768,0.5576140880584717,0.08847074353610405,0.5497004507978032,8.353362274292585e-08,0.3088808221571982,0.035607377910004824,1.8412098491755122,0.3088808221571982,0.003962696926037832,2.761862897886791e-06,0.003964391553177295
glass_blur/s5,24320.0,0.08834174275398254,0.5146751999855042,0.0884472888484456,0.5433322233773851,5.591920200146275e-08,0.30026319499779375,0.037791987121387025,1.854603014020163,0.30026319499779375,0.0026527144711492924,1.8488503696597525e-06,0.004978229056259181
glass_blur/s5,24448.0,0.08834594488143921,0.5526389479637146,0.08842886267262626,0.5450243551203541,3.743351538940894e-08,0.2988848660729032,0.035545081669330104,1.8763195976727516,0.2988848660729032,0.004616693158372666,1.237660164813553e-06,0.006173442591380113
glass_blur/s5,24576.0,0.0883352980017662,0.5504887104034424,0.08841185091428806,0.5460178742627337,2.5058799558199373e-08,0.29537953844549714,0.03781839468519713,1.7964389270939591,0.29537953844549714,0.003090513601885834,8.285163086768411e-07,0.004132635123155282
glass_blur/s5,24704.0,0.0882997065782547,0.5257265567779541,0.08839146103500926,0.5423285438109555,1.6774898877802885e-08,0.3100784513560766,0.034619023633126945,1.7623809215272517,0.3100784513560766,0.0020688562128326655,5.546266198580506e-07,0.0027664747518642793
glass_blur/s5,24832.0,0.0883331224322319,0.49783846735954285,0.08838085401632248,0.5342394390016078,0.002324391394767017,0.3057136740482826,0.033421956772827964,1.792642749525339,0.3057136740482826,0.0037093169689210405,0.002324751444266186,0.004176317809099228
glass_blur/s5,24960.0,0.08833520859479904,0.47089433670043945,0.08837255484877277,0.5227221476741226,0.0015559975452572592,0.29246121981744533,0.03157976869293097,1.7726196928404878,0.29246121981744533,0.0053240055742363995,0.0015562385701286036,0.005636625971380475
glass_blur/s5,25088.0,0.08851129561662674,0.4960384964942932,0.08839778044292804,0.5178705747323354,0.0056903785220317185,0.28668891574556254,0.03187603553853674,1.8395593448531131,0.28668891574556254,0.011053673153001226,0.005690539869259643,0.011262947964312549
glass_blur/s5,25216.0,0.08831403404474258,0.520107090473175,0.08838255382507612,0.5182772139579427,0.003809261655244373,0.2854074559949633,0.031112149264078633,1.7859863202172628,0.2854074559949633,0.007399566325562804,0.0038093696645457114,0.007539659381068729
glass_blur/s5,25344.0,0.08836788684129715,0.5090644359588623,0.08837988710075267,0.5166021634126553,0.0025500016039239188,0.27318598293877705,0.03026535032462618,1.7592215319575084,0.27318598293877705,0.00779433778818667,0.0025500739076710958,0.007888119089806338
glass_blur/s5,25472.0,0.08836103230714798,0.5186095833778381,0.0883764589564609,0.5169671488608704,0.0017070258670895653,0.26319681502513176,0.03187209725954601,1.767088682352838,0.26319681502513176,0.00521769719705058,0.0017070742687715597,0.005280476415490193
glass_blur/s5,25600.0,0.08831272274255753,0.5194287300109863,0.08836487055393302,0.5174147090699823,0.0011427197953244195,0.2668404298928568,0.02955690820247148,1.7529109084478611,0.2668404298928568,0.0034928386195131975,0.0011427521964503828,0.0035348643773116164
glass_blur/s5,25728.0,0.08831672370433807,0.46932071447372437,0.0883561165812794,0.5086703464161172,0.000764961185299818,0.26359772579604457,0.028691815893811572,1.7415504456170654,0.26359772579604457,0.002338181224632801,0.0007649828753097603,0.0023663141699358753
glass_blur/s5,25856.0,0.08829519152641296,0.4795364439487457,0.08834503929857641,0.5033732732402314,0.0005120814546221922,0.2634931056981785,0.027682981963886452,1.7004306907900673,0.2634931056981785,0.0044061378445889,0.0005120959743809138,0.004424970642684346
glass_blur/s5,25984.0,0.08831135183572769,0.48038360476493835,0.0883389143053312,0.49919333351745077,0.0003427983291272526,0.2657474509219211,0.027156563917226238,1.7033546623048446,0.2657474509219211,0.002949563350509924,0.00034280804896573566,0.0029621704302267107
glass_blur/s5,26112.0,0.0883006602525711,0.4766061305999756,0.08833195902301116,0.4950865693506371,0.00022947656743229302,0.26441564896426123,0.025071213286635283,1.6308672707049956,0.26441564896426123,0.001974501085878544,0.00022948307410102962,0.0019829405359368885
glass_blur/s5,26240.0,0.08834242820739746,0.47144031524658203,0.0883338625110814,0.49078725042262705,0.00015361654514062587,0.26688155013310044,0.025868490654105958,1.6453588156186858,0.26688155013310044,0.0013217734541831573,0.00015362090084449086,0.0013274230033957681
glass_blur/s5,26368.0,0.08829708397388458,0.4294548034667969,0.08832717550431834,0.4796358964306579,0.00010283421616851813,0.2563938476097614,0.024733272246157467,1.6435089820762547,0.2563938476097614,0.000884823551973849,0.00010283713197027899,0.0008886054816120429
glass_blur/s5,26496.0,0.08838067203760147,0.4454222321510315,0.08833690214673345,0.4734152301979985,6.883943396404932e-05,0.25944546823463366,0.02735762215951637,1.5934398609788505,0.25944546823463366,0.0005923198984287748,6.884138586440163e-05,0.0005948516033931857
glass_blur/s5,26624.0,0.08832094818353653,0.47658267617225647,0.08833400142615219,0.4739911294660454,4.608259628998342e-05,0.26277961096698615,0.026553198514666435,1.614750469609146,0.26277961096698615,0.0032374207584523204,4.608390293402092e-05,0.003239115536155769
glass_blur/s5,26752.0,0.0883229672908783,0.45661312341690063,0.08833199521973875,0.47083149200256447,3.0848680161063274e-05,0.25545577263079233,0.0260370520605462,1.569210038004562,0.25545577263079233,0.0021671990201209746,3.084955485665863e-05,0.002168333540732374
glass_blur/s5,26880.0,0.08829959481954575,0.467827707529068,0.08832610423788548,0.4702853493710196,2.065076936401756e-05,0.24926171556276175,0.02468954609704674,1.5603352934440453,0.24926171556276175,0.0014507695919818092,2.06513549040442e-05,0.001451529064457209
glass_blur/s5,27008.0,0.08830530941486359,0.44354334473609924,0.0883223233609724,0.46542316671012496,1.3824068747813406e-05,0.23814214017011323,0.023558952399660195,1.5216750065616655,0.23814214017011323,0.0009711763384341035,1.3824460720889091e-05,0.0009716847456283794
glass_blur/s5,27136.0,0.08831973373889923,0.3741496205329895,0.08832185252059545,0.4488279764961003,9.254128665891618e-06,0.21520258970065428,0.02414022307729337,1.4825430111539286,0.21520258970065428,0.000650126309199689,9.254391061091043e-06,0.0006504666478999895
glass_blur/s5,27264.0,0.08831467479467392,0.42095229029655457,0.08832054747951881,0.44375966991436466,6.194912577993561e-06,0.20217074186572723,0.026327742585875166,1.4561873401102987,0.20217074186572723,0.005083968851613015,6.1950882309783e-06,0.005084196681652059
glass_blur/s5,27392.0,0.08845742791891098,0.4510284662246704,0.08834543483213557,0.4450812692435111,4.147007593532879e-06,0.20868454620763555,0.0278728424365391,1.423997116907161,0.20868454620763555,0.003403317991575654,4.147125179415225e-06,0.0034034705058993116
glass_blur/s5,27520.0,0.0883060172200203,0.42636698484420776,0.08833826799356916,0.4416786720800014,2.7760959923649846e-06,0.20374750613899567,0.02652475954355011,1.3967658056267156,0.20374750613899567,0.002278254192707669,2.776174706881266e-06,0.0022783562890730923
glass_blur/s5,27648.0,0.0883541852235794,0.3897671103477478,0.08834116203538919,0.43224020631050075,0.0023262385435981947,0.20534957022527808,0.025725963034179743,1.3639582501046357,0.20534957022527808,0.003849492476110092,0.0023262385962913835,0.003849560821610913
glass_blur/s5,27776.0,0.088343545794487,0.41557297110557556,0.08834159544613425,0.4292097999096052,0.0015572340663756506,0.20564723296072335,0.025124927538351754,1.2890071338543156,0.20564723296072335,0.0025769329798753507,0.0015572341016496035,0.002576978731822181
glass_blur/s5,27904.0,0.08830296993255615,0.39167243242263794,0.08833457262548369,0.4223848240028839,0.001042445945259733,0.19577418074230238,0.024893107795970162,1.2427312381638946,0.19577418074230238,0.0017250543088421766,0.0010424459688728749,0.0017250849361784848
glass_blur/s5,28032.0,0.08872015029191971,0.4231855869293213,0.08840467765574478,0.42253041726223617,0.0006978357154218046,0.192005856529971,0.02951488157872636,1.2027015919638424,0.192005856529971,0.0011547884216216223,0.0006978357312289492,0.001154808924218655
glass_blur/s5,28160.0,0.08838849514722824,0.3697608709335327,0.08840173538146903,0.412935954293381,0.0004671462227203815,0.18819193701593095,0.031924980864208474,1.2224466957068743,0.18819193701593095,0.0007730401830690198,0.0004671462333020238,0.0007730539079480251
glass_blur/s5,28288.0,0.08831938356161118,0.33323177695274353,0.08838676232331305,0.3984442856859923,0.00031271771934174297,0.1709177429610777,0.03033385636645411,1.2043610137608427,0.1709177429610777,0.000517489709327195,0.00031271772642532165,0.0005174988970561159
glass_blur/s5,28416.0,0.08883751928806305,0.34405022859573364,0.08846871813508578,0.3885544571241271,0.0025337201261709185,0.16942634032931647,0.03279887256307594,1.1712512607699657,0.16942634032931647,0.0026707988963264695,0.0025337201309128185,0.0026708050467896313
glass_blur/s5,28544.0,0.08840765058994293,0.338766872882843,0.0884576149450598,0.37950216908025725,0.0016961266960317716,0.16507052534441843,0.0346073171857581,1.1276440003534058,0.16507052534441843,0.004112270335557389,0.0016961266992061013,0.0041122744528095875
glass_blur/s5,28672.0,0.08832673728466034,0.34063732624053955,0.08843381900680536,0.37243583401849034,0.0011354236560212685,0.1644790293627925,0.033212360319314925,1.1112387654050748,0.1644790293627925,0.002752842125455772,0.0011354236581462328,0.002752844881632864
glass_blur/s5,28800.0,0.08833865076303482,0.3412410020828247,0.08841651568975617,0.3667640463938239,0.0007600769928737416,0.1565933998213735,0.03056376113561806,1.1152526703633137,0.1565933998213735,0.001842811670759649,0.0007600769942962384,0.0018428135158038176
glass_blur/s5,28928.0,0.08833160996437073,0.33455032110214233,0.08840107828514063,0.3609070054316999,0.0005088118712625872,0.15647987921926654,0.02667227189645207,1.0430362917008629,0.15647987921926654,0.0012336177300126573,0.0005088118722148371,0.0012336189651248695
glass_blur/s5,29056.0,0.08834119141101837,0.3188265562057495,0.08839018976257294,0.3532560146633452,0.00034060959977082276,0.1535629769980214,0.02509208900978643,1.0080110997690912,0.1535629769980214,0.0008258102159588861,0.0003406096004082793,0.0008258110427695405
glass_blur/s5,29184.0,0.08833764493465424,0.28674882650375366,0.08838063615749682,0.34116379863432855,0.00022801138497055074,0.13688926559371678,0.024427520581701303,0.9732085890263127,0.13688926559371678,0.0005528151032452047,0.00022801138539727786,0.0005528156567300229
glass_blur/s5,29312.0,0.08833210170269012,0.3196348547935486,0.08837181171116833,0.3372494452087322,0.0001526357205174761,0.1301180207693476,0.023145320547580485,0.9149096660392954,0.1301180207693476,0.00037006630878397994,0.0001526357208031364,0.0003700666792986103
glass_blur/s5,29440.0,0.0884789377450943,0.28937941789627075,0.08839128917188215,0.32854580387919374,0.00010217763109021125,0.13307487340757979,0.02271425680040115,0.9159650606054701,0.13307487340757979,0.0002477303389380361,0.00010217763128143841,0.00024773058696849116
glass_blur/s5,29568.0,0.08835019916296005,0.30635446310043335,0.08838381826116903,0.32451101464669185,6.8399901804191e-05,0.15313276649598315,0.02386365610568174,0.8756818304814169,0.15313276649598315,0.00016583601201637126,6.839990193220256e-05,0.00016583617805328744
glass_blur/s5,29696.0,0.08840098232030869,0.28509384393692017,0.08838693899919442,0.31734425633582425,4.578836401768157e-05,0.1482231742659061,0.025014351255792256,0.8516568864663924,0.1482231742659061,0.00011101418986219892,4.578836410337526e-05,0.00011101430101087835
glass_blur/s5,29824.0,0.08832474052906036,0.27980077266693115,0.08837563018644276,0.3105181683960255,3.0651714755638074e-05,0.12737460426064784,0.02288082370264576,0.8252044733461591,0.12737460426064784,7.431528412262902e-05,3.0651714813003265e-05,7.431535852794335e-05
glass_blur/s5,29952.0,0.08842597156763077,0.25314831733703613,0.08838478316484058,0.3000872863853001,2.0518916489311436e-05,0.1190999416951444,0.024812725022752332,0.7997954252204988,0.1190999416951444,0.0028906573389581238,0.002861428007436804,0.00289065738876664
glass_blur/s5,30080.0,0.08831958472728729,0.25424695014953613,0.08837292890346725,0.29175267979697933,0.002854644894509374,0.11123632460584044,0.022867983919619028,0.7904677780125893,0.11123632460584044,0.004775977226905852,0.004756410484317199,0.0047759772602487425
glass_blur/s5,30208.0,0.08837778121232986,0.231575608253479,0.08837381114144227,0.28081139406179745,0.0019109606318616467,0.10106522556258739,0.02469930065048725,0.7520019578900898,0.10106522556258739,0.003197141779994826,0.0031840433820635792,0.003197141802315273
glass_blur/s5,30336.0,0.08836722373962402,0.22656948864459991,0.08837261343202077,0.27094922944048877,0.0012792381089321765,0.09219035760801303,0.02419280299817007,0.6950835657885941,0.09219035760801303,0.0021402354064428172,0.002131467057414462,0.0021402354213846037
glass_blur/s5,30464.0,0.08835495263338089,0.2256081998348236,0.0883694023777226,0.26270540587582236,0.0008563494778802172,0.08573280137395912,0.02363964390296852,0.6178316330240391,0.08573280137395912,0.0014327195696022164,0.0014268498483518295,0.0014327195796045693
glass_blur/s5,30592.0,0.08835868537425995,0.20472067594528198,0.08836745383163849,0.25216272770663317,0.0005732587413908891,0.07856906538256767,0.022454263499343718,0.6477628746648663,0.07856906538256767,0.0009590932656014835,0.0009551639480702329,0.0009590932722972735
glass_blur/s5,30720.0,0.0883367657661438,0.1805473417043686,0.08836187418336673,0.23914174843349414,0.0003837517194434877,0.06525077930568578,0.021501322465889625,0.6131969034512695,0.06525077930568578,0.0006420376406092574,0.0006394072710222218,0.0006420376450915632
glass_blur/s5,30848.0,0.08832608163356781,0.24495640397071838,0.08835536644703965,0.2401989585311713,0.0002568916469001859,0.07518853821289709,0.020680544031536536,0.5960272692837896,0.07518853821289709,0.00042979379247396566,0.00042803296655206577,0.0004297937954745174
glass_blur/s5,30976.0,0.08832088112831116,0.18817830085754395,0.088349096389089,0.2307406571359663,0.00017196878842078557,0.07099398012598895,0.01931427325782822,0.5496126735170067,0.07099398012598895,0.00028771319992058854,0.00028653446521253984,0.00028771320192922235
glass_blur/s5,31104.0,0.08851733058691025,0.19454339146614075,0.08837968442505649,0.22415933610508892,0.00011511960216598042,0.07051043297690168,0.02300757661373075,0.5506110170333427,0.07051043297690168,0.00019260139829394766,0.00019181232795219608,0.00019260139963857032
glass_blur/s5,31232.0,0.08831186592578888,0.18151012063026428,0.08836735378882601,0.21640493329148444,7.706353533425134e-05,0.0575317774473474,0.02310235019128867,0.49442670569173247,0.0575317774473474,0.00012893151456041122,0.00012840329391841223,0.00012893151546053053
glass_blur/s5,31360.0,0.08832915127277374,0.1947229951620102,0.08836040787681651,0.2124627627224891,0.0023759681517526807,0.06718036341516644,0.023501620637788354,0.4549790220035248,0.06718036341516644,0.002410689691565234,0.002410336089317284,0.002410689692167793
glass_blur/s5,31488.0,0.08834990113973618,0.1738993227481842,0.08835849756098371,0.20545122818170639,0.0015905241346443563,0.05762693749279736,0.022596918337851945,0.44201499250180115,0.05762693749279736,0.001613767479477553,0.0016135307705347106,0.001613767479880919
glass_blur/s5,31616.0,0.08833719044923782,0.15373589098453522,0.08835462354066627,0.19604843960040252,0.0010647310322825854,0.05458910691666599,0.021574241204187272,0.4302801535936076,0.05458910691666599,0.0010802906267577007,0.001080132168705054,0.0010802906270277225
glass_blur/s5,31744.0,0.08834699541330338,0.1464957296848297,0.08835323660841847,0.18703885597938927,0.0007127538315280116,0.04635717074586731,0.022341534320342023,0.411193739415005,0.04635717074586731,0.0007231697584080475,0.000723063683182722,0.0007231697585888059
glass_blur/s5,31872.0,0.08834781497716904,0.18366959691047668,0.08835225085728221,0.18642626342140517,0.0004771327301964374,0.05169364322657233,0.021214444981339103,0.4035229593786687,0.05169364322657233,0.00048410537546323833,0.00048403436642810313,0.00048410537558424185
glass_blur/s5,32000.0,0.0884895771741867,0.19151173532009125,0.08837721927853756,0.18735089467571173,0.003160311992941417,0.05526599257315999,0.02100692843973903,0.4159357635870784,0.05526599257315999,0.003164979631508449,0.0031649320965345153,0.0031649796315894514
glass_blur/s5,32128.0,0.08845019340515137,0.17001739144325256,0.08839048730155825,0.18419934863344642,0.002115580755605411,0.05869045783823106,0.021429868218122244,0.4081676247562521,0.05869045783823106,0.002118705373158548,0.0021186735522255844,0.002118705373212773
glass_blur/s5,32256.0,0.08833831548690796,0.1577966958284378,0.08838100151707638,0.17939886630526303,0.0014162152165622997,0.04677832301567533,0.0204939885394163,0.41768295547398143,0.04677832301567533,0.0014183069026929122,0.0014182856010766308,0.0014183069027292113
glass_blur/s5,32384.0,0.08835417032241821,0.13522106409072876,0.08837612311804761,0.17136653862989315,0.0009480448970375725,0.04216152201875786,0.020649441475273287,0.37960637071109743,0.04216152201875786,0.0009494451166787263,0.0009494308569190669,0.0009494451167030255
glass_blur/s5,32512.0,0.08834166824817657,0.14907395839691162,0.08836985859625288,0.1673133422238965,0.0006346416252896145,0.03571349821090402,0.019862202306282176,0.34365857297137187,0.03571349821090402,0.0006355789624047671,0.0006355694166152431,0.0006355789624210335
glass_blur/s5,32640.0,0.08836477994918823,0.11853352189064026,0.08836893520587749,0.15844428398148624,0.0004248427408963534,0.026748292190770455,0.01953590436517883,0.3028211146979242,0.026748292190770455,0.00042547021450236477,0.0004254638243457412,0.0004254702145132538
glass_blur/s5,32768.0,0.08834744244813919,0.13744708895683289,0.08836502743174325,0.15462661215882198,0.00028439885960830267,0.033401749317788484,0.01895237280341505,0.28084471417974627,0.033401749317788484,0.0026091990692123264,0.0002848146262149176,0.002609199069219616
glass_blur/s5,32896.0,0.0883990153670311,0.15277056396007538,0.08837120705634105,0.15428914884995895,0.00019038270767167366,0.03604786524579229,0.019161622623308137,0.3008305952629773,0.03604786524579229,0.0017466539223652759,0.0001906610307719696,0.0017466539223701559
glass_blur/s5,33024.0,0.0883692055940628,0.14554345607757568,0.08837084315410865,0.1526990228913438,0.00012744627538351704,0.03213741392486921,0.018755493006233297,0.2858982428376238,0.03213741392486921,0.0011692476670379117,0.00012763259084735151,0.0011692476670411786
glass_blur/s5,33152.0,0.08831464499235153,0.1373082995414734,0.08836062530651644,0.1499007095550037,8.531527525673454e-05,0.037525872131524016,0.01866170621510246,0.28493583571944775,0.037525872131524016,0.0007827195126452135,8.54399988316981e-05,0.0007827195126474004
glass_blur/s5,33280.0,0.08837597072124481,0.12533360719680786,0.08836341538192159,0.14543396367169537,5.7111878477648734e-05,0.027445005311185492,0.01915860979716868,0.29823955820732906,0.027445005311185492,0.0005239692605310932,5.719537111874004e-05,0.0005239692605325572
glass_blur/s5,33408.0,0.08835452795028687,0.12848709523677826,0.08836179948526074,0.14235271486534679,0.002879141009559418,0.026895003555421692,0.019736571460209615,0.2751749879618831,0.029219383720710947,0.0031916653727522195,0.0028791969013274212,0.0031916653727531996
glass_blur/s5,33536.0,0.08833399415016174,0.11826864629983902,0.08835674396978818,0.13797379330798173,0.001927358857638949,0.02032847345445584,0.019860382271688404,0.2633811531370075,0.02188446348245939,0.00213656938175975,0.0019273962727894306,0.0021365693817604063
glass_blur/s5,33664.0,0.08832798153162003,0.13973940908908844,0.08835151443557579,0.13829481435909202,0.001290215433626073,0.018773606196784486,0.01999145261285209,0.2609040516551865,0.019815219356026537,0.001430265453905287,0.0012902404801317675,0.0014302654539057264
glass_blur/s5,33792.0,0.088348388671875,0.12675420939922333,0.08835094611490292,0.1361965225482068,0.00086369793490671,0.019540595883797876,0.0185259071558006,0.2733692743667058,0.020237874114364868,0.0009574504278208945,0.0008637147015758111,0.0009574504278211886
glass_blur/s5,33920.0,0.08832339942455292,0.12522649765014648,0.08834593762574837,0.1342019725667413,0.0005781779564251529,0.023928002203203534,0.017805972564493226,0.24388664294318338,0.02439477523358309,0.0006409378896982846,0.0005781891803937247,0.0006409378896984816
glass_blur/s5,34048.0,0.0884433314204216,0.12803475558757782,0.08836364558841622,0.13308066038871158,0.00038704474768956506,0.0206666791608222,0.01787077754227126,0.23797239175610585,0.020979147057191984,0.0004290575955831492,0.00038705226125530323,0.000429057595583281
glass_blur/s5,34176.0,0.0883534848690033,0.12662237882614136,0.0883617981848866,0.13190642737733518,0.00025909607076739477,0.01900000836385618,0.01823410517449485,0.23701871805980843,0.01920918108787232,0.0002872203739027693,0.0002591011005097484,0.0002872203739028575
glass_blur/s5,34304.0,0.08834316581487656,0.11619940400123596,0.0883584104812484,0.12905060494531712,0.00017344447712528077,0.015559922954316945,0.017440281202436795,0.23111820321611776,0.018540856761302956,0.00019227148996796948,0.0001734478441428894,0.00019227148996802854
glass_blur/s5,34432.0,0.08833830803632736,0.13621020317077637,0.08835475549126276,0.1303523500772188,0.00011610745989378297,0.023587634374377456,0.017417339402563202,0.24276189733536027,0.025583135517897017,0.0001287106668380622,0.00011610971384771933,0.00012871066683810172
glass_blur/s5,34560.0,0.08836427330970764,0.12230993807315826,0.08835648600370727,0.12889009334920778,7.772482852393735e-05,0.020438829622517134,0.017848541329946996,0.22629941955153518,0.024615570057435192,0.002410541851354405,7.772633736913441e-05,0.002410541851354432
glass_blur/s5,34688.0,0.08835271745920181,0.1523512452840805,0.08835580081379718,0.13315575733736645,5.203067033420599e-05,0.03150243966466022,0.01866617410260453,0.2248567207991333,0.03429843945993595,0.0016136685120636924,5.203168038760237e-05,0.0016136685120637104
glass_blur/s5,34816.0,0.08835262060165405,0.10272456705570221,0.08835522259340753,0.12762281364979114,3.4830448736121365e-05,0.02392931911435932,0.019812642127695745,0.2002794903594595,0.02580102145665134,0.0010802243758442898,3.483112488756852e-05,0.0010802243758443017
glass_blur/s5,34944.0,0.08839327841997147,0.13308410346508026,0.08836214183460098,0.12861577543438915,2.3316250806825044e-05,0.020667560729447147,0.020108683913858044,0.2046692548116259,0.024244898661064117,0.0007231254086230368,2.331670343713264e-05,0.0007231254086230448
glass_blur/s5,35072.0,0.08833862841129303,0.11224660277366638,0.0883578666667268,0.12563956222334863,1.5608399300436598e-05,0.013835309248638171,0.018342844729768472,0.20282176261067814,0.016230056128480934,0.00048407568676418165,1.5608702300890444e-05,0.00048407568676418696
glass_blur/s5,35200.0,0.08834820985794067,0.10026649385690689,0.08835611088331113,0.12102627706581376,1.0448597878804664e-05,0.01210256238958423,0.01857208697753936,0.18388535325508756,0.013705657408321945,0.0003240506663462703,1.0448800713819222e-05,0.00032405066634627383
glass_blur/s5,35328.0,0.08835222572088242,0.10722415894269943,0.08835540449014226,0.11851680104342932,6.994515935398162e-06,0.01042609548393655,0.018011184965643096,0.18187103466285626,0.0114992417361494,0.00021692647912436273,6.994651717515345e-06,0.00021692647912436506
glass_blur/s5,35456.0,0.08833157271146774,0.11746078729629517,0.08835107143947415,0.11832479854395038,4.682279262539265e-06,0.011628212679329425,0.016931638201577746,0.17614399044339338,0.012346599839901664,0.00014521524635597834,4.68237015800614e-06,0.00014521524635597988
glass_blur/s5,35584.0,0.08835345506668091,0.12479931116104126,0.08835150482623902,0.11950198265614871,3.1344183493031433e-06,0.018631282867980853,0.017115317353990172,0.18343175529272618,0.019112186669686233,9.721020623829954e-05,3.1344791966817956e-06,9.721020623830058e-05
glass_blur/s5,35712.0,0.08834771066904068,0.10720907151699066,0.08835081497947567,0.11726690790357452,2.098246994161608e-06,0.015313090184350817,0.016430837294617844,0.17768513937834965,0.015635017522682516,6.507460087026662e-05,2.0982877267043422e-06,6.507460087026733e-05
glass_blur/s5,35840.0,0.08835212141275406,0.1169169545173645,0.088351052512799,0.11720328001517269,1.4046116241908284e-06,0.012575291776300958,0.016628721634497027,0.18135704828224636,0.012790796854027136,4.3562336119765254e-05,1.4046388914301792e-06,4.356233611976572e-05
glass_blur/s5,35968.0,0.08839187026023865,0.10846176743507385,0.08835847392142437,0.11561391409151836,9.402772029707198e-07,0.01358345978413535,0.018388962956466064,0.16851001122985387,0.013727723513852874,2.9161563848768475e-05,9.402954562466487e-07,2.9161563848768783e-05
glass_blur/s5,36096.0,0.08834552764892578,0.11314535140991211,0.08835612005369735,0.1151650845130445,0.0023250096070532283,0.014258349111693911,0.01792252418372602,0.18541740232352402,0.016679302517537874,0.005184810633650829,0.0023250096192723633,0.005184810633650829
glass_blur/s5,36224.0,0.08847707509994507,0.11344359070062637,0.08837811188028784,0.11485208563805938,0.0015564113898455495,0.011869225438406667,0.019462921421337327,0.18746765069931684,0.013489863668765022,0.003470823647319976,0.0015564113980253008,0.003470823647319976
glass_blur/s5,36352.0,0.08838767558336258,0.1045074611902237,0.08837985073539233,0.11297124482936197,0.0010418952279131362,0.013110803805875537,0.01788101576616994,0.17253891188861623,0.011354784769999725,0.0023234439291976695,0.0010418952333888375,0.0023234439291976695
glass_blur/s5,36480.0,0.08837495744228363,0.1148693785071373,0.0883789610457362,0.11331636004350293,0.0006974670533963968,0.01394194304360263,0.01775063336621312,0.18790839922624328,0.01276642616834692,0.0015553632914463735,0.000697467057061949,0.0015553632914463735
glass_blur/s5,36608.0,0.08834623545408249,0.09259159117937088,0.0883730109381628,0.10954822025002438,0.0004668994324389102,0.012173945343238124,0.018186287625571385,0.15665495898835236,0.011387029087901655,0.0010411936083236052,0.00046689943489270963,0.0010411936083236052
glass_blur/s5,36736.0,0.08845534175634384,0.10964177548885345,0.08838798017783207,0.10956523029344784,0.0031534616035334855,0.013314789857870147,0.01835116960628929,0.1464197673028742,0.012788011207603586,0.0035379064650761325,0.0031534616051761112,0.0035379064650761325
glass_blur/s5,36864.0,0.08842634409666061,0.108036570250988,0.08839495543580089,0.10928729210390968,0.0021109949577372915,0.013561966764359352,0.02228497729484965,0.14203827382587927,0.013209329816660252,0.002368350608852617,0.0021109949588369007,0.002368350608852617
glass_blur/s5,36992.0,0.08835063874721527,0.12499818205833435,0.08838689785605805,0.1121438175501687,0.001413145384931575,0.019409250478620722,0.01947863527472051,0.17446917532877376,0.019173187728508102,0.0015854247877443138,0.001413145385667677,0.0015854247877443138
glass_blur/s5,37120.0,0.08832263946533203,0.10329156368970871,0.08837521451228969,0.11053431684826687,0.003786898976689732,0.01583387841957255,0.02711222002822783,0.18135104604321536,0.01567585294222443,0.003902226510804045,0.0037868989771824946,0.003902226510804045
glass_blur/s5,37248.0,0.08834970742464066,0.11995500326156616,0.08837057685998986,0.11224716892341219,0.005375940637288168,0.02093011695855683,0.022596013966622162,0.16272969426928005,0.02082433130843123,0.005453143366736591,0.005375940637618033,0.005453143366736591
glass_blur/s5,37376.0,0.08834528177976608,0.11894713342189789,0.08836597775449463,0.11346534428677323,0.003598770178680508,0.024341648542504986,0.019761136936067538,0.17663656047550286,0.024270833355230816,0.0036504513446749074,0.003598770178901327,0.0036504513446749074
glass_blur/s5,37504.0,0.08846109360456467,0.12572354078292847,0.08838327154541645,0.11569410728607417,0.00240909408655472,0.027141930016057053,0.021021888835046236,0.16992652884995663,0.027094524808047072,0.0024436905695757643,0.0024090940867025406,0.0024436905695757643
glass_blur/s5,37632.0,0.08833654224872589,0.10331755131483078,0.08837477530965453,0.11344382438221173,0.004453608438106878,0.01816939116777373,0.018752578124058287,0.1515350321454067,0.020978566193816633,0.004476768067236668,0.004453608438205832,0.004476768067236668
glass_blur/s5,37760.0,0.08836110681295395,0.1216377541422844,0.08837229012843624,0.11493362979313404,0.0029813411858401417,0.019652650285865055,0.017908752908283154,0.14799521123845957,0.021533172410736753,0.0029968447392245464,0.0029813411859063834,0.0029968447392245464
glass_blur/s5,37888.0,0.08833478391170502,0.11296023428440094,0.08836547081630329,0.11457483060972802,0.001995773851678111,0.02348648490210801,0.01853158038692753,0.15099189557269307,0.024745346820410553,0.0020061522634478367,0.0019957738517224544,0.0020061522634478367
glass_blur/s5,38016.0,0.088371142745018,0.10968024283647537,0.08836650207606961,0.11368490556004572,0.0013360139007101404,0.01856326675265081,0.016849695997568487,0.1357440680502238,0.019405975970688057,0.0013429614325559897,0.0013360139007398246,0.0013429614325559897
glass_blur/s5,38144.0,0.088332898914814,0.10748394578695297,0.08836039241038676,0.1125574583285743,0.0008943564128720773,0.018108467826154676,0.015814129620730824,0.12642714730086482,0.02099697564979944,0.000899007239975497,0.0008943564128919485,0.000899007239975497
glass_blur/s5,38272.0,0.0883772224187851,0.10469012707471848,0.08836345241191373,0.11112703446423687,0.0005987014003523822,0.014963106561310151,0.015883785503914987,0.11734896984029629,0.016896735765568216,0.0006018147639505392,0.0005987014003656845,0.0006018147639505392
glass_blur/s5,38400.0,0.08836853504180908,0.1254139393568039,0.08836437652644016,0.11372465353561269,0.000400783582054074,0.018022823400546464,0.01570810667261353,0.13509033148221686,0.022158145429843186,0.0004028677345454022,0.0004007835820629788,0.0004028677345454022
glass_blur/s5,38528.0,0.08834999054670334,0.09690987318754196,0.08836176089376073,0.11066742074505437,0.0025926733069948755,0.012064865251605482,0.015734019142239423,0.1291996397429699,0.014833138676176014,0.002594068483456013,0.002592673307000837,0.002594068483456013
glass_blur/s5,38656.0,0.08836427330970764,0.09840875118970871,0.08836221769666017,0.10843857173499152,0.0017355912220378916,0.010917389135372265,0.01539989187869963,0.11769569452650745,0.012770530849340964,0.0017365251831399752,0.0017355912220418821,0.0017365251831399752
glass_blur/s5,38784.0,0.08836650103330612,0.11258754879236221,0.08836299648514125,0.10919293119996801,0.0011618420577278446,0.018155442313761594,0.016490921282804084,0.12109445872220119,0.019395975196666262,0.001162467271358165,0.001161842057730516,0.001162467271358165
glass_blur/s5,38912.0,0.08834250271320343,0.10583163052797318,0.08835927034478891,0.10858178562324167,0.0007777620386442595,0.016802403532352798,0.016115005472203275,0.11510139549626876,0.01763284290024766,0.0007781805700827385,0.0007777620386460478,0.0007781805700827385
glass_blur/s5,39040.0,0.08840247988700867,0.10809142887592316,0.0883671266251925,0.10849262985100194,0.00052065062091062,0.014088799058847738,0.015635671793929426,0.1180114817055437,0.014644713015868269,0.0005209307948487752,0.0005206506209118171,0.0005209307948487752
glass_blur/s5,39168.0,0.08837654441595078,0.09615128487348557,0.0883688389507849,0.10624874894599896,0.00034853471317157204,0.009431344824517907,0.015630764108349852,0.11905668670646924,0.009803485572606031,0.00034872226762603953,0.0003485347131723734,0.00034872226762603953
glass_blur/s5,39296.0,0.08834125101566315,0.10493115335702896,0.08836382296258094,0.10600918611164077,0.00023331662617270523,0.009154453973437606,0.01565044815306696,0.12231364128442825,0.0065626638957114744,0.00023344217915462147,0.00023331662617324164,0.00023344217915462147
glass_blur/s5,39424.0,0.08834141492843628,0.0987960621714592,0.08835974877455464,0.10469770903160774,0.00015618716297511668,0.008452568362383851,0.014861787911424578,0.10897104207917924,0.006717568392996936,0.0001562712108390441,0.00015618716297547577,0.0001562712108390441
glass_blur/s5,39552.0,0.0883474349975586,0.1076391190290451,0.0883575099060099,0.10523251084932363,0.0029454641338924337,0.010823620143413981,0.0145839933494787,0.10260571949112798,0.011986554048204558,0.0029455203973385337,0.002945464133892674,0.0029455203973385337
glass_blur/s5,39680.0,0.08840806037187576,0.10378307104110718,0.0883667008998037,0.10496897633873882,0.0019717569821924553,0.007245563897657292,0.016593112565962822,0.1013843348537512,0.008024056842186522,0.0019717946461522413,0.001971756982192616,0.0019717946461522413
glass_blur/s5,39808.0,0.08834208548069,0.10237256437540054,0.08836222536905575,0.10449690143631367,0.001319936492211478,0.007174716328183806,0.015191320569628167,0.11347150195407212,0.007695856233199241,0.001319961705275467,0.0013199364922115858,0.001319961705275467
glass_blur/s5,39936.0,0.08836226165294647,0.10386738926172256,0.08836223196612679,0.1043824446772971,0.0008835938501580967,0.007643818368453621,0.01516694824041585,0.11989235804019832,0.010317060784207754,0.0008836107283248993,0.0008835938501581689,0.0008836107283248993
glass_blur/s5,40064.0,0.08836343139410019,0.09844399243593216,0.08836245004394012,0.10330272608795801,0.0005914967096099655,0.010282225519378043,0.015275891717264675,0.11461382365166119,0.012071751434056428,0.0005915080082174944,0.0005914967096100138,0.0005915080082174944
glass_blur/s5,40192.0,0.08835525065660477,0.09953770786523819,0.08836114106442461,0.10261817732019077,0.0003959606072595636,0.006883142703054721,0.014590623755389004,0.12553508688358045,0.008081089802963393,0.00039596817079022345,0.00039596060725959596,0.00039596817079022345
glass_blur/s5,40320.0,0.0883590504527092,0.10267272591590881,0.08836076095320362,0.10262809524668495,0.0002650645387440053,0.0069321037929539865,0.01475380167208934,0.11879395267499983,0.0077340353226449145,0.0002650696019339512,0.000265064538744027,0.0002650696019339512
glass_blur/s5,40448.0,0.08834587782621384,0.08871857076883316,0.08835805493011456,0.10009909079616644,0.003018348988745987,0.0046404992332997755,0.013879137601551005,0.10013479965299724,0.008018238521770561,0.0030183523781541328,0.0030183489887460014,0.0030183523781541328
glass_blur/s5,40576.0,0.08838246017694473,0.11329164355993271,0.08836249224772005,0.10249773675321486,0.004861456761061363,0.010596119321465137,0.014172221221697427,0.11238759420849065,0.008208490250110872,0.0048614590300040065,0.004861456761061372,0.0048614590300040065
glass_blur/s5,40704.0,0.08836141228675842,0.11247159540653229,0.08836229589118158,0.10431116559927257,0.0032543636169088458,0.014582939380484924,0.01355723500869113,0.11882922666341407,0.010660229010404795,0.0032543651357878054,0.0032543636169088514,0.0032543651357878054
glass_blur/s5,40832.0,0.08834515511989594,0.09358958899974823,0.08835917938731146,0.10236178803572268,0.002178540933633194,0.009762132973713047,0.013089834858508844,0.10830950236047082,0.007136186362337094,0.0021785419504034066,0.0021785409336331977,0.0021785419504034066
glass_blur/s5,40960.0,0.0883861780166626,0.09684291481971741,0.08836408822901166,0.10135835654190355,0.0014583621125974272,0.00937589066835336,0.013877364196495634,0.10945442747098573,0.0076180255813992105,0.0014583627932452554,0.0014583621125974298,0.0014583627932452554
glass_blur/s5,41088.0,0.08838682621717453,0.10653647035360336,0.08836822240867764,0.10229983178039442,0.006141548191077616,0.011441711935013407,0.015298078790409097,0.10922498240884766,0.010264959273498644,0.006141548646717898,0.006141548191077618,0.006141548646717898
glass_blur/s5,41216.0,0.08834599703550339,0.098747618496418,0.08836418143173685,0.10165397481967144,0.0041112843262585685,0.00998370798955443,0.014221187134118456,0.10034294847369413,0.009195964472342067,0.004111284631273964,0.00411128432625857,0.004111284631273964
glass_blur/s5,41344.0,0.08840574324131012,0.10808457434177399,0.08837173812438653,0.10282317473278098,0.002752182069644165,0.009007688819453791,0.015287596735761003,0.101342909454424,0.010804736547600887,0.0027521822738280255,0.0027521820696441665,0.0027521822738280255
glass_blur/s5,41472.0,0.08834407478570938,0.10380715876817703,0.08836670842644523,0.1030020809210348,0.0018423698152163416,0.01403613879649386,0.014082663286863936,0.11856858885032596,0.009557302978146047,0.0018423699519014053,0.0018423698152163425,0.0018423699519014053
glass_blur/s5,41600.0,0.08835449814796448,0.09496935456991196,0.08836448837581236,0.10154158522083064,0.0012333219424175508,0.012237002004264485,0.012965284424299978,0.09979668507276779,0.00923877306801512,0.0012333220339174695,0.0012333219424175514,0.0012333220339174695
glass_blur/s5,41728.0,0.08835432678461075,0.1050119400024414,0.08836264081377569,0.10217255881748713,0.0008256122093869553,0.013357001341697712,0.01256909144334617,0.09351518965237093,0.011349922467018384,0.0008256122706389672,0.0008256122093869557,0.0008256122706389672
glass_blur/s5,41856.0,0.08844935148954391,0.09487796574831009,0.0883784063911881,0.10084626916854585,0.0005526825533912676,0.011265843873367888,0.015032447281613038,0.08323324683401315,0.009922262147342884,0.0005526825943946804,0.0005526825533912678,0.0005526825943946804
glass_blur/s5,41984.0,0.08838242292404175,0.08895033597946167,0.08837913666988877,0.09868337222507598,0.00036997757706357576,0.009865978130105774,0.015351811026975642,0.07503243794458954,0.0089665556523535,0.0003699776045121413,0.0003699775770635759,0.0003699776045121413
glass_blur/s5,42112.0,0.08835335075855255,0.12271597981452942,0.08837444832237308,0.10305293724134024,0.0002476709400177655,0.022100365525112128,0.01394038539255499,0.09152515017820831,0.014008603370583747,0.0002476709583924251,0.0002476709400177657,0.0002476709583924251
glass_blur/s5,42240.0,0.0883646085858345,0.08834242820739746,0.08837265927936606,0.10037829923516882,0.0001657962491028017,0.014794459566397373,0.013831281449028936,0.077722529097407,0.009377660107580855,0.00016579626140319364,0.0001657962491028018,0.00016579626140319364
glass_blur/s5,42368.0,0.08835331350564957,0.10185164958238602,0.08836914186596306,0.10064618111648102,0.00011098757171344575,0.01739339855271229,0.012955499759685532,0.0842594492570487,0.010926367510033464,0.00011098757994759242,0.00011098757171344582,0.00011098757994759242
glass_blur/s5,42496.0,0.08865533024072647,0.10194999724626541,0.08842117611592004,0.10088323859462363,0.0023986776306511495,0.0139678948989231,0.015673042524132635,0.08591425204491328,0.009638725357956283,0.002398677636163264,0.0023986776306511495,0.002398677636163264
glass_blur/s5,42624.0,0.08835772424936295,0.1098700687289238,0.08840963941290966,0.10251720770995093,0.0016057263477912652,0.01399916931250224,0.014145772601414924,0.09081911626281429,0.011101130198301312,0.0016057263514811931,0.0016057263477912652,0.0016057263514811931
glass_blur/s5,42752.0,0.08837767690420151,0.08896167576313019,0.08840382804769,0.1000525655378017,0.0010749077204222517,0.009371344746385797,0.016842011159651747,0.0783250270885368,0.007431335091424844,0.0010749077228923687,0.0010749077204222517,0.0010749077228923687
glass_blur/s5,42880.0,0.08834068477153778,0.09938875585794449,0.08839234745202595,0.09993187286873675,0.000719566325241342,0.010922139871547516,0.01507084923198938,0.0756380200072206,0.007299075557069523,0.0007195663268948914,0.000719566325241342,0.0007195663268948914
glass_blur/s5,43008.0,0.0883450135588646,0.11395561695098877,0.08838374128963297,0.10248164452005529,0.0004816931598723033,0.012993333302440898,0.01452670009783975,0.08689283689553598,0.01056797619936059,0.00048169316097922474,0.0004816931598723033,0.00048169316097922474
glass_blur/s5,43136.0,0.08839934319257736,0.10638193041086197,0.08838657799925922,0.10319078740929286,0.0003224557516500542,0.013346776838824069,0.015584965861781059,0.09172352821835962,0.011723190678910807,0.00032245575239105124,0.0003224557516500542,0.00032245575239105124
glass_blur/s5,43264.0,0.08834938704967499,0.11209450662136078,0.08837981600842572,0.10480964544785065,0.00021585880895582136,0.016424288627642555,0.014953729330076599,0.08791100932612038,0.015337425165221283,0.00021585880945186074,0.00021585880895582136,0.00021585880945186074
glass_blur/s5,43392.0,0.08836785703897476,0.0924103707075119,0.08837764165034372,0.10255523185869814,0.0024688806902927398,0.010994771725942534,0.015250309017362013,0.08638251215546051,0.012591582135396063,0.0024688806906247992,0.0024688806902927398,0.0024688806906247992
glass_blur/s5,43520.0,0.08835451304912567,0.09545693546533585,0.08837343645012224,0.10126463251445045,0.001652721784410842,0.010201045535548306,0.014088583496623515,0.08184638903625627,0.01126998473526513,0.0016527217846331297,0.001652721784410842,0.0016527217846331297
glass_blur/s5,43648.0,0.08834574371576309,0.0887296125292778,0.08836840140751148,0.09898553797169178,0.0011063674755146958,0.006828799077515807,0.013285638615492909,0.07242367120428791,0.007544369946747731,0.0011063674756635,0.0011063674755146958,0.0011063674756635
glass_blur/s5,43776.0,0.08834640681743622,0.09547454118728638,0.08836440239113416,0.0983471749199817,0.0007406261612949615,0.006895725002303969,0.012421856465297938,0.06690333554562103,0.005050363352781539,0.0007406261613945742,0.0007406261612949615,0.0007406261613945742
glass_blur/s5,43904.0,0.08835368603467941,0.08836577832698822,0.08836245396268785,0.09653237553943743,0.002820171231941255,0.004616146489145632,0.012034418402345367,0.061079434440706536,0.003380821748556236,0.002820171232007938,0.002820171231941255,0.002820171232007938
glass_blur/s5,44032.0,0.08835441619157791,0.09571470320224762,0.08836099254975877,0.09638370784176656,0.001887883221382162,0.005414527815047901,0.012005527524225165,0.059295006796513394,0.004587574889529381,0.001887883221426801,0.001887883221382162,0.001887883221426801
glass_blur/s5,44160.0,0.08835174143314362,0.09470934420824051,0.08835931052855601,0.09607927809021637,0.0012637895944789678,0.0036246012646188423,0.012249174279810739,0.061907913912166455,0.003071021207040329,0.00126378959450885,0.0012637895944789678,0.00126378959450885
glass_blur/s5,44288.0,0.0884309858083725,0.09167831391096115,0.08837234239761355,0.09527910278489722,0.0008460079103536891,0.004750766135819225,0.013670531274162227,0.06379267878715635,0.004380187750167492,0.000846007910373693,0.0008460079103536891,0.000846007910373693
glass_blur/s5,44416.0,0.0883699283003807,0.0995742455124855,0.08837190347084392,0.0960600378262769,0.0005663358738731307,0.003180264933895514,0.013391935258971446,0.06461882500101217,0.00577310089060799,0.0005663358738865217,0.0005663358738731307,0.0005663358738865217
glass_blur/s5,44544.0,0.08837707340717316,0.09657818078994751,0.08837284345926742,0.09615424563785335,0.00037911740317126926,0.0021289376830209636,0.014181937347670315,0.07407469678583356,0.0038646377862747694,0.0003791174031802335,0.00037911740317126926,0.0003791174031802335
glass_blur/s5,44672.0,0.08836100995540619,0.1004018634557724,0.08837069191311084,0.0969265397865659,0.0002537893360072133,0.0014251566307826283,0.013365800402557006,0.07034540489781259,0.0025870715759360023,0.00025378933601321414,0.0002537893360072133,0.00025378933601321414
glass_blur/s5,44800.0,0.08835241198539734,0.0955505445599556,0.0883673682898902,0.09667635883627312,0.00016989203484780392,0.003794939562755313,0.012707529767950433,0.06283103558092216,0.0017318413028993072,0.000169892034851821,0.00016989203484780392,0.000169892034851821
glass_blur/s5,44928.0,0.08848410099744797,0.09039273113012314,0.08838859241853707,0.09553388107151857,0.00011372937869976955,0.0025404140874643,0.013866302268790843,0.06580669982917552,0.0011593317812797013,0.00011372937870245866,0.00011372937869976955,0.00011372937870245866
glass_blur/s5,45056.0,0.0883549377322197,0.09380199015140533,0.08838247338466118,0.09521899181331617,0.0024005130551626556,0.0017006077775587462,0.012630700694907949,0.06713370158641815,0.0007760816056500479,0.0024005130551644554,0.0024005130551626556,0.0024005130551644554
glass_blur/s5,45184.0,0.08835289627313614,0.10984554141759872,0.08837709572802026,0.09787836446864026,0.0016069550203981413,0.009144621735390565,0.011857351055803121,0.061670375808204135,0.006201343884773999,0.004447864111308437,0.0016069550203981413,0.004447864111308437
glass_blur/s5,45312.0,0.08834680169820786,0.09997698664665222,0.08837158772259981,0.0982599321373697,0.0010757302202665242,0.010770366616253187,0.011655550386878082,0.05998416219100904,0.006475693013774329,0.002977495810049449,0.0010757302202665242,0.002977495810049449
glass_blur/s5,45440.0,0.08835841715335846,0.10477524250745773,0.08836919307364684,0.09944453402284024,0.0007201169243106483,0.012375204098483538,0.011341827871559329,0.06836441080346824,0.009500257306741491,0.004834108765405003,0.0007201169243106483,0.004834108765405003
glass_blur/s5,45568.0,0.08834702521562576,0.10138311982154846,0.08836516255400663,0.09979700416805992,0.0028064419080096074,0.011125136627910467,0.011377637487385715,0.0684363000539532,0.009200585469802154,0.005560436446262853,0.0028064419080096074,0.005560436446262853
glass_blur/s5,45696.0,0.08836222440004349,0.1051860898733139,0.08836462834419515,0.10077683793265155,0.001878692516932051,0.01028831460215494,0.010736520991020437,0.08147152822270114,0.0061590696120163175,0.0037222756375809175,0.001878692516932051,0.0037222756375809175
glass_blur/s5,45824.0,0.0883578434586525,0.0929996445775032,0.08836339472864194,0.09936280277717002,0.001257637139433852,0.006887218865905371,0.01112260546487008,0.08139463683998811,0.0041230135419282775,0.002491771294578961,0.001257637139433852,0.002491771294578961
glass_blur/s5,45952.0,0.08835252374410629,0.09647610038518906,0.08836141818599909,0.09883794779680984,0.0008418893247449752,0.007451361389573016,0.010331739594852314,0.0755499537616668,0.005600942949555293,0.0016680452467842629,0.0008418893247449752,0.0016680452467842629
glass_blur/s5,46080.0,0.0883510410785675,0.09884358197450638,0.08835953143919334,0.09883897219275466,0.0005635788041681238,0.009636861756656316,0.009851923492046312,0.07215272251584766,0.006073771726561808,0.0011166253304919444,0.0005635788041681238,0.0011166253304919444
glass_blur/s5,46208.0,0.08836596459150314,0.09460144490003586,0.08836070110324966,0.09806851268498759,0.00037727176146791757,0.009292031423877366,0.011540345773107924,0.07496080647891788,0.004065913304557903,0.0007474929898334502,0.00037727176146791757,0.0007474929898334502
glass_blur/s5,46336.0,0.08834555000066757,0.09829872101545334,0.08835794635732563,0.09811036874507227,0.0030934629147016638,0.0062202854986286495,0.011513253762583893,0.07402252128218391,0.005562718823712315,0.003341296960136442,0.0030934629147016638,0.003341296960136442
glass_blur/s5,46464.0,0.08835876733064651,0.08845481276512146,0.08835809562520217,0.09635481311235393,0.0020708305462052456,0.004163992771809261,0.010728352677847873,0.06270875983823404,0.003723803510088409,0.00223673598157894,0.0020708305462052456,0.00223673598157894
glass_blur/s5,46592.0,0.0883556678891182,0.09336001425981522,0.08835765421864145,0.09581030423007417,0.0013862584648150816,0.007952755491872314,0.01034080484065389,0.06565580873979635,0.002492794085265794,0.0014973191281644144,0.0013862584648150816,0.0014973191281644144
glass_blur/s5,46720.0,0.0883498564362526,0.09232383221387863,0.08835623644002528,0.0951764002271295,0.0009279912037191868,0.005323745411914524,0.009892268189081066,0.06629901605965792,0.0016687299248473496,0.001002337598192707,0.0009279912037191868,0.001002337598192707
glass_blur/s5,46848.0,0.08835304528474808,0.10866480320692062,0.08835565622997488,0.09762883713254607,0.0006212172520764803,0.01053697006913286,0.009375596043339193,0.07725788724552911,0.0034414638339887215,0.0006709863260628864,0.0006212172520764803,0.0006709863260628864
glass_blur/s5,46976.0,0.0883602425456047,0.09719810634851456,0.08835649010554394,0.09755052244454032,0.0027402363422991314,0.012218963434708772,0.010657594603337338,0.0738076786727811,0.004628170004570962,0.00277355282984375,0.0027402363422991314,0.00277355282984375
glass_blur/s5,47104.0,0.08836152404546738,0.0974942222237587,0.0883574053673482,0.09754028604076184,0.0018343730886465255,0.008179636679433144,0.010031478314606912,0.06989705963898256,0.003098196449340891,0.0018566758613003614,0.0018343730886465255,0.0018566758613003614
glass_blur/s5,47232.0,0.08835961669683456,0.09636911749839783,0.08835780742725481,0.09732734630578657,0.0012279687618212277,0.007800004719289955,0.010080823779924628,0.06491855628164123,0.004398379441294315,0.0012428987170688367,0.0012279687618212277,0.0012428987170688367
glass_blur/s5,47360.0,0.08835422247648239,0.09704897552728653,0.08835715561802346,0.09727673343696838,0.0008220286752687556,0.005221490762499887,0.009812487605983702,0.06617932720261437,0.002944369708635037,0.0008320231081204608,0.0008220286752687556,0.0008320231081204608
glass_blur/s5,47488.0,0.08836822211742401,0.09562177956104279,0.08835916770882356,0.09697583273225463,0.000550283658650985,0.003495378113739593,0.01082718776848485,0.06367074082175951,0.0019710243504085785,0.0005569741467583249,0.000550283658650985,0.0005569741467583249
glass_blur/s5,47616.0,0.08836810290813446,0.09545492380857468,0.08836079229051644,0.09669930383704009,0.0003683717053779321,0.004664261381924851,0.011091418916907533,0.05845981725650425,0.00131944605275285,0.00037285046187953975,0.0003683717053779321,0.00037285046187953975
glass_blur/s5,47744.0,0.08835960924625397,0.09080103784799576,0.08836057719155962,0.09562689183903203,0.00024659593500506193,0.0031223567928587844,0.010376048525761936,0.06657834227718835,0.0008832655394461226,0.0002495941108449811,0.00024659593500506193,0.0002495941108449811
glass_blur/s5,47872.0,0.08836178481578827,0.10714814066886902,0.08836079675960119,0.09772166435354784,0.00016507661764801664,0.006738933059682326,0.010533531210786231,0.06381663129537163,0.0005912769313647597,0.0001670836609788716,0.00016507661764801664,0.0001670836609788716
glass_blur/s5,48000.0,0.08836908638477325,0.09473682940006256,0.08836230396417792,0.09717896708927778,0.0024348860002437133,0.006835566758960895,0.010360674241803041,0.05836576427478414,0.002720193648268971,0.002436229558175939,0.0024348860002437133,0.002436229558175939
glass_blur/s5,48128.0,0.08837053179740906,0.09234046936035156,0.0883637999338563,0.096299240229473,0.0016299650084276095,0.0045758752683953095,0.009714495128338805,0.06388938822218902,0.001820956078593278,0.0016308644149772812,0.0016299650084276095,0.0016308644149772812
glass_blur/s5,48256.0,0.0883893296122551,0.09077383577823639,0.08836844169356517,0.09529462123833907,0.001091133600682945,0.0030631892292563635,0.01063396799528703,0.059341847463695085,0.0012189871269921943,0.0010917356827533865,0.001091133600682945,0.0010917356827533865
glass_blur/s5,48384.0,0.08835214376449585,0.08872336894273758,0.08836547843373438,0.09409984809368424,0.0007304282781431284,0.0020505646906592186,0.010132852460857962,0.05348752625556752,0.0008160161759203943,0.0007308313248183826,0.0007304282781431284,0.0007308313248183826
glass_blur/s5,48512.0,0.08851034939289093,0.09373445063829422,0.08839181860812648,0.09403341219270422,0.0004889643845420942,0.0013726920656479064,0.012111124683996659,0.05541830776393981,0.0005462587623929912,0.0004892341926470164,0.0004889643845420942,0.0004892341926470164
glass_blur/s5,48640.0,0.08836600929498672,0.10985500365495682,0.08838712600573743,0.09691006518584105,0.0003273232656852035,0.003243289729896532,0.011047892147935046,0.07058853600464463,0.00036567735333745686,0.00032750388102816794,0.0003273232656852035,0.00032750388102816794
glass_blur/s5,48768.0,0.08835067600011826,0.10294192284345627,0.0883804987319885,0.09800676657813473,0.00021911722744216098,0.007852946017534041,0.010229519692831505,0.07244360157259716,0.005926610459672182,0.00021923813523373222,0.00021911722744216098,0.00021923813523373222
glass_blur/s5,48896.0,0.08835971355438232,0.09597989916801453,0.08837671960878737,0.09763824523084014,0.00014668178035384327,0.010422220061324441,0.009811470237519087,0.07524876207286345,0.009132689646557411,0.00014676271862753973,0.00014668178035384327,0.00014676271862753973
glass_blur/s5,49024.0,0.08837281167507172,0.0899815708398819,0.08837600907538452,0.09624612261430227,9.81919356087711e-05,0.006976858057580824,0.010355727930771788,0.06346779841891598,0.00611361868901777,9.824611742835302e-05,9.81919356087711e-05,9.824611742835302e-05
glass_blur/s5,49152.0,0.08835933357477188,0.09666352719068527,0.08837297716618221,0.09632201435546281,6.573179160587155e-05,0.006994838864992122,0.009840810209451184,0.05929468258728052,0.004092587717441647,6.576806208013713e-05,6.573179160587155e-05,6.576806208013713e-05
glass_blur/s5,49280.0,0.08837655186653137,0.09654965251684189,0.08837362711170024,0.0963634031120772,0.002884911364628724,0.004682495438548445,0.009751609963900978,0.06142235294397101,0.005064046323246061,0.002884935644863563,0.002884911364628724,0.002884935644863563
glass_blur/s5,49408.0,0.08838681131601334,0.10532480478286743,0.08837602423975716,0.09799274887040269,0.001931221657313443,0.0059754721530778845,0.010173100324175392,0.07316881427494368,0.0033899814229994287,0.0019312379110243685,0.001931221657313443,0.0019312379110243685
glass_blur/s5,49536.0,0.0883578360080719,0.08981025964021683,0.08837271728854165,0.09650502355582344,0.0012928012747304863,0.004000109457845525,0.009535490228271291,0.07150254928175265,0.002269326407131849,0.0012928121553138334,0.0012928012747304863,0.0012928121553138334
glass_blur/s5,49664.0,0.08837666362524033,0.10706859081983566,0.08837343480430504,0.09842567214928019,0.003706338043414623,0.007843048480045352,0.009725004483118202,0.07944210973253886,0.009525334206427104,0.0037063453271109132,0.003706338043414623,0.0037063453271109132
glass_blur/s5,49792.0,0.08839315176010132,0.09300918132066727,0.08837701970535891,0.09744085563498693,0.002481102326583342,0.0052503051808568055,0.00978372009133191,0.07223295214390904,0.006376463394385085,0.002481107202446148,0.002481102326583342,0.002481107202446148
glass_blur/s5,49920.0,0.08837390691041946,0.09910930693149567,0.08837645374264264,0.09774421041617033,0.0039852833756467,0.005839047269829762,0.009884779826161795,0.0676886853478753,0.006592921776406543,0.003985286639654033,0.0039852833756467,0.003985286639654033
glass_blur/s5,50000.0,0.11176107078790665,0.1161332055926323,0.092628202296327,0.10108766408461795,0.002667834325846138,0.003908783709555459,0.009186474291984045,0.06185714317098356,0.004413443503214296,0.002667836510842782,0.002667834325846138,0.002667836510842782
