corruption,n_samples,r_l,r_s,r_l_ema,r_s_ema,large_acc_ema,small_acc_ema,large_ent_ema,small_ent_ema,nuclear_norm_identity_pbs128_duo_acc_ema,fixed_ts_duo_acc_ema,coca_ts_duo_acc_ema,proxy_weighted_nuclear_norm_duo_acc_ema
contrast/s5,128.0,0.17919732630252838,0.15553030371665955,0.17919732630252838,0.15553030371665955,0.23863636363636362,0.37215909090909083,5.34940632906827,5.370521892200816,0.3196022727272727,0.3167613636363636,0.3196022727272727,0.3167613636363636
contrast/s5,256.0,0.2012770175933838,0.14012086391448975,0.18321181562813846,0.15272858738899228,0.24833302028549958,0.3609598046581517,5.292219393419914,5.433187976983326,0.30640730653643866,0.32103446656649126,0.31493003380916595,0.32103446656649126
contrast/s5,384.0,0.2495819628238678,0.1661238819360733,0.19527911511827106,0.15516409548846155,0.27884276564566496,0.3743821832835561,5.14609502096136,5.4327809263530025,0.3319234861938143,0.3636677007593867,0.3526081218061358,0.3636677007593867
contrast/s5,512.0,0.2734203338623047,0.20717044174671173,0.20948660943536807,0.1646197948081434,0.308305900969412,0.4187496433551077,4.98674431594869,5.334201860846792,0.3588186147247847,0.39169077488851506,0.37860543691154547,0.39169077488851506
contrast/s5,640.0,0.28200584650039673,0.19632631540298462,0.22267192526537327,0.17038461673447816,0.33345271056630055,0.41358447199804727,4.8481722432527246,5.293726969045703,0.3775975850636988,0.4132909319501629,0.40401479661020806,0.4132909319501629
contrast/s5,768.0,0.32638218998908997,0.2230032980442047,0.24152833703332177,0.17995164969988298,0.343313384759259,0.42381481183340347,4.63614232646074,5.199431270203861,0.3757058214062777,0.4507360784129189,0.44168552500352765,0.4507360784129189
contrast/s5,896.0,0.32031962275505066,0.22203558683395386,0.25585402534636337,0.1876032746333504,0.3749659848388428,0.4420268575083114,4.511909182721781,5.162964721005085,0.4098216655694916,0.4825175400945986,0.4684527068205433,0.4825175400945986
contrast/s5,1024.0,0.35669296979904175,0.24954624474048615,0.27418837888321396,0.19886563283464778,0.3703284691896385,0.44905310296010925,4.308889572976764,5.055849804513338,0.4096740075299902,0.48519769212944197,0.47578239051623145,0.48519769212944197
contrast/s5,1152.0,0.3688214421272278,0.250386118888855,0.29139439038212556,0.20823299393541272,0.37626327276331173,0.44058513503941193,4.191335608133744,4.971340273502504,0.4049264017349521,0.47717779390483306,0.4731993688579731,0.47717779390483306
contrast/s5,1280.0,0.35407280921936035,0.2545100748538971,0.30279046653435004,0.2166470086478644,0.3797196288746136,0.45402806560489556,4.122243511242435,4.92223847593261,0.40872139289695136,0.4751665397214171,0.4655301560123621,0.47284215955612785
contrast/s5,1408.0,0.3901015520095825,0.2813941538333893,0.31866520934802867,0.22841921686341438,0.3993371069325925,0.45889482077683086,3.988680367238134,4.802717316866318,0.4244333291293641,0.4975804935325188,0.4911296912148869,0.4960245035045153
contrast/s5,1536.0,0.3944242596626282,0.3045254647731781,0.3324395821325013,0.2422567164833714,0.41479384844247924,0.43632628498283715,3.885200732091829,4.671809055969016,0.43908346826015276,0.4932150411250745,0.4865723552760813,0.4921734279658325
contrast/s5,1664.0,0.4028109312057495,0.327018141746521,0.3452343728730919,0.257667884713035,0.4060293530895935,0.43206552961660993,3.7836365476810645,4.522648717284502,0.4274546357774576,0.4799621349680251,0.4783562874162197,0.47926485673745806
contrast/s5,1792.0,0.3986356258392334,0.3294377028942108,0.35494369159420847,0.27071694256415785,0.3854411371922072,0.4111347760243422,3.7238674132789957,4.4132822999197625,0.4026245908923476,0.44758828869760353,0.4418645395100313,0.44712151566722397
contrast/s5,1920.0,0.41942325234413147,0.4025917947292328,0.36666724809419443,0.2946941884123533,0.4029089430790808,0.41365220543778275,3.6376392800864013,4.1753560332193755,0.4213850567130591,0.4468359618554205,0.4453287413248969,0.44652349395905067
contrast/s5,2048.0,0.39879029989242554,0.3602724075317383,0.3725078029666001,0.3066175009795142,0.4086621850364094,0.4148208978550446,3.627153817533273,4.100953660594627,0.44814826110543626,0.472675313308174,0.46934196733319544,0.4724661405841578
contrast/s5,2176.0,0.46744728088378906,0.42172637581825256,0.38976952622427075,0.32754638731383023,0.43291642138800956,0.4220598572418067,3.4695756790167067,3.921943573396425,0.4678719764424821,0.48480744114018254,0.4797351186280068,0.4846674164241056
contrast/s5,2304.0,0.47963181138038635,0.4066799283027649,0.4061081235253826,0.3419343038572729,0.4571589267142873,0.4065028796412094,3.3654094314831378,3.8143362467571613,0.48159198423009125,0.5004186176227667,0.4970230959410624,0.5003248820690294
contrast/s5,2432.0,0.4430665969848633,0.4008293151855469,0.4128278459725609,0.3526424877351409,0.4754534963955146,0.40926019215651205,3.33685810595249,3.7429154844256516,0.49981570845154866,0.5129351903094553,0.5106621551340996,0.5128724417156312
contrast/s5,2560.0,0.46378594636917114,0.43665021657943726,0.4220929551355809,0.36791662025228566,0.46497300171931133,0.395868393096508,3.2552299566496408,3.6334833910190647,0.47895720978987966,0.4934214910336023,0.48905896335423193,0.4933794857765795
contrast/s5,2688.0,0.4333982467651367,0.42039668560028076,0.42414846270459106,0.37745845031555747,0.4489178771840018,0.394909833395183,3.266445944675194,3.5712298787165695,0.46447755366099375,0.47131934523737007,0.46891550439415525,0.4712912260157267
contrast/s5,2816.0,0.4882236421108246,0.47263777256011963,0.43579849532390624,0.3947637816327506,0.4376537029082987,0.41647889673561833,3.178623819379433,3.4410419877557796,0.4780283623681032,0.4826084046630328,0.4809992219498064,0.4825895810518501
contrast/s5,2944.0,0.44679176807403564,0.457533061504364,0.4377972721875661,0.4061763779730439,0.4350202474014231,0.40767388955028994,3.1843204864974712,3.3773216689842265,0.4573991516679038,0.4604651303942615,0.45706352874325873,0.4604525294644616
contrast/s5,3072.0,0.4110739529132843,0.4487404525279999,0.4329384868649694,0.4139153006193995,0.41182140528525013,0.4077197111865577,3.2298048044190155,3.320938438671846,0.4399738122735554,0.43970186414822465,0.4397491390760658,0.43969342881505274
contrast/s5,3200.0,0.47265109419822693,0.47953474521636963,0.4401589609255616,0.4258461087279395,0.4363225936207046,0.4149817901331502,3.169603663125127,3.2385079516715862,0.46937296524097505,0.47487273550418335,0.4749043823567052,0.474867088710903
contrast/s5,3328.0,0.5094003677368164,0.5075312852859497,0.45274830761851703,0.44069795901121406,0.47002793457253766,0.44696095041971207,3.0864538183596317,3.132250366750754,0.508681489128256,0.5118466245937094,0.5090269005858935,0.5118428445089516
contrast/s5,3456.0,0.5012956857681274,0.5227929949760437,0.4615751036457189,0.4556243291866376,0.47167159256508717,0.452356090776832,3.0252730024531793,3.021816024353477,0.5091690133833779,0.5112878230751278,0.512241148326094,0.5112852926051659
contrast/s5,3584.0,0.5059718489646912,0.5375018119812012,0.4696472391582593,0.4705111442401946,0.46321610741960373,0.4611330029167222,2.9443016506971245,2.922176790818696,0.5071709924301951,0.5057484600750854,0.5063866364827572,0.5057467661241193
contrast/s5,3712.0,0.49494627118110657,0.4842551350593567,0.4742470631624133,0.4730100516618604,0.4753760719089909,0.451512588729376,2.8902367037165644,2.921164437754055,0.4885297552631884,0.4899018617031563,0.4903290707033333,0.4899007277359806
contrast/s5,3840.0,0.5443515777587891,0.5239605903625488,0.4869933385435725,0.48227378597107645,0.4992703456580848,0.4517873527857806,2.776725865109816,2.8601052594781837,0.5217637204654402,0.5221657090740137,0.5201273117931404,0.52216494997202
contrast/s5,3968.0,0.48242875933647156,0.4955967664718628,0.4861634150513723,0.4846961460621285,0.508550809903346,0.46075227748469605,2.8355529340586747,2.891901712477268,0.5367798459314103,0.5347245655784719,0.5356843988036725,0.5347240574192861
contrast/s5,4096.0,0.5420350432395935,0.5248023271560669,0.4963218929037761,0.49198817898829905,0.5266435173733143,0.48224945848149064,2.7691723730864735,2.8432182251722766,0.565168739838382,0.5637928910070761,0.564435423992541,0.563792550834398
contrast/s5,4224.0,0.5287953615188599,0.5268152952194214,0.5022261599247004,0.4983203819394122,0.5020816108036236,0.47597897633884906,2.7248654555707197,2.7995314983331494,0.5531811398918094,0.5499357369551501,0.5526902425074035,0.5499355092362499
contrast/s5,4352.0,0.5439618825912476,0.5402756333351135,0.5098144731368,0.5059486094659034,0.49777777252143385,0.46609956267311375,2.665999098180206,2.7454596611849778,0.5384415068697235,0.5334280553170839,0.535271980521485,0.5334279028771589
contrast/s5,4480.0,0.48575344681739807,0.47457242012023926,0.5054397410787268,0.5002438477666917,0.46158057499368704,0.43262656674811745,2.75077631296399,2.8312956430468486,0.5001653888962612,0.49448489653457683,0.4980436398532254,0.4944847944880155
contrast/s5,4608.0,0.535975456237793,0.5203613638877869,0.5109916892894661,0.5039015779705271,0.45826881466519537,0.43294629674873975,2.7139511059102523,2.806424282613729,0.49029666529419136,0.4864940216471134,0.48887632089348143,0.4864939533349525
contrast/s5,4736.0,0.5170693397521973,0.5546725988388062,0.5120967166463263,0.5131326726738505,0.48626879328827116,0.4548545457574208,2.733509084065546,2.737585087719782,0.5172647098250371,0.5118782293670758,0.5134729916724957,0.5118781836374475
contrast/s5,4864.0,0.5221362709999084,0.5366271734237671,0.5139220901651593,0.5174044000829263,0.4895167128623964,0.4473096545979428,2.718613216526112,2.7039432777547403,0.522921004097752,0.5198317072622574,0.5208992754171252,0.5198316766498615
contrast/s5,4992.0,0.5412392616271973,0.5449090003967285,0.5188888486128025,0.5224052365036176,0.5004719317508604,0.46188704150771376,2.675537096312805,2.674594868428343,0.5313562093546934,0.5339369280020069,0.5346515810643564,0.5339369075094114
contrast/s5,5120.0,0.517609715461731,0.5496785640716553,0.5186562789489713,0.5273640233341699,0.4899853427423114,0.46183140795144473,2.644078301126834,2.637423626366344,0.5233149004771087,0.5325321584145666,0.5399837030265526,0.5325321446963828
contrast/s5,5248.0,0.5428701639175415,0.5331697463989258,0.5230588034887113,0.5284196093459437,0.4917463864638614,0.47160821524022334,2.6053200236491687,2.640865762818533,0.5339442722202132,0.5424388829056189,0.5451027268194277,0.5424388737223719
contrast/s5,5376.0,0.5183442831039429,0.5215561389923096,0.5222016179642079,0.5271717056452829,0.46012568019481626,0.4481943424335379,2.627520135442513,2.6713058109690895,0.5002540169408038,0.5082648720277282,0.5100481063832533,0.5082648658802653
contrast/s5,5504.0,0.5725211501121521,0.5482837557792664,0.5313506238092887,0.5310102602150981,0.46530107517173647,0.4400102622902195,2.565994202297646,2.636309041468255,0.4898394658859926,0.49752648458054527,0.4963958398102769,0.49752648046530157
contrast/s5,5632.0,0.5024025440216064,0.5218469500541687,0.5260873365751646,0.5293442038222018,0.46463336437116237,0.4513188532686593,2.6548340999993014,2.6667861272228324,0.4983636093947553,0.5115156632316046,0.5079178762366315,0.5115156604767721
contrast/s5,5760.0,0.5278064608573914,0.5312974452972412,0.5263999046264786,0.5296993386358453,0.4497235744963979,0.45320724888232555,2.6201653363922235,2.6609465019071865,0.49967935835516675,0.5084836257996691,0.5089160989683236,0.508483623955525
contrast/s5,5888.0,0.519318699836731,0.5635327696800232,0.5251124128465244,0.5358508715529685,0.45833768210089443,0.4544713814832096,2.6425767103273827,2.5859650641345997,0.5039175869980869,0.5178175511551504,0.5175905290614397,0.5178175499206408
contrast/s5,6016.0,0.5292364358901978,0.5311472415924072,0.5258622352181014,0.5349956661055937,0.4700442334724995,0.4400800157036361,2.607949165038967,2.5829549281087996,0.4925502028664878,0.5127022449881584,0.5125502715204677,0.5127022441617511
contrast/s5,6144.0,0.4977364242076874,0.517163097858429,0.5207484513980261,0.5317533809697454,0.46780853645679715,0.4505907543140043,2.6595861789456823,2.634034884133028,0.49036418538996285,0.5123771226780234,0.5122753883732056,0.5123771221248086
contrast/s5,6272.0,0.4742145240306854,0.4995564818382263,0.5122877373312368,0.5258993993094692,0.4497829872148807,0.44574670330111027,2.721162364196036,2.702931820072131,0.4798615621205536,0.5002793135282635,0.4996946814729723,0.5002793131579296
contrast/s5,6400.0,0.5308433771133423,0.5380707383155823,0.5156614900188923,0.5281123700378534,0.47051588400334987,0.4435370493172721,2.657899500501152,2.6570812558677006,0.4950416242294614,0.5138749950065234,0.5134836297463699,0.513874994758614
contrast/s5,6528.0,0.518496036529541,0.5788971185684204,0.5161768621117374,0.5373459606797746,0.48465319507662263,0.4603946363198267,2.647750639778619,2.5691622145406163,0.5052034839883172,0.5126456578142843,0.5100592893343467,0.5126456576483284
contrast/s5,6656.0,0.5692800283432007,0.5987194776535034,0.5258319832447307,0.5485047819477252,0.49050131240666467,0.4820100458008757,2.586972085017818,2.4594871024471114,0.5344750595293694,0.5337751924211324,0.5320438217858022,0.5337751923100379
contrast/s5,6784.0,0.5924688577651978,0.57920902967453,0.5379477786120883,0.5540873724435078,0.5088789777267755,0.47814308851133,2.4665606997039973,2.4203790158893033,0.5458056183626356,0.5396552941000968,0.5441780955756197,0.5396552940257278
contrast/s5,6912.0,0.5147459506988525,0.5282598733901978,0.5337292644460454,0.5493914635247241,0.48011733219726294,0.46238297660675803,2.5144197332561764,2.469300010808649,0.5368616122923429,0.5327444530752714,0.5329312044762412,0.5327444530254871
contrast/s5,7040.0,0.5317073464393616,0.5664530396461487,0.5333616429902847,0.552493568274074,0.49108061080973797,0.4768844719433669,2.5253958432830075,2.4252920897840773,0.5360395916998328,0.5257938074305536,0.5259188228312028,0.5281181875625162
contrast/s5,7168.0,0.5386028289794922,0.5308805108070374,0.5343145858974132,0.5485639214618855,0.47233495434370887,0.46334828287117946,2.519331184994659,2.4693512076805972,0.5019149332866649,0.502545854560949,0.5026295425564251,0.504101844566643
contrast/s5,7296.0,0.5180916786193848,0.5412817001342773,0.5313649663923171,0.5472398812205022,0.4688254653044662,0.461001743079054,2.5694958793040636,2.4887200928328337,0.5046393355059492,0.5073860679292302,0.5097664706369457,0.5084276810735378
contrast/s5,7424.0,0.5467808842658997,0.5628907680511475,0.5341678605511503,0.5500854970078922,0.46311869991456,0.45659000982977993,2.5229981682683467,2.4654352721304518,0.5069796378180321,0.5145001777046913,0.5160936704263851,0.5151974559252608
contrast/s5,7552.0,0.5498672723770142,0.5745301246643066,0.5370222990649437,0.5545299747636039,0.45051747680230875,0.45027926277861297,2.5010576840117125,2.399503674220773,0.505705377382319,0.5107397883808263,0.5141308868143569,0.5112065614045134
contrast/s5,7680.0,0.5543730854988098,0.5887291431427002,0.5401769875074648,0.560748005377985,0.44673070761146283,0.47343074615758385,2.482633921943944,2.360891441791924,0.5110507071732879,0.5120964699078259,0.5143665440658092,0.5124089377997155
contrast/s5,7808.0,0.5179527997970581,0.5586315393447876,0.5361362261055727,0.5603631933719491,0.45013584559114445,0.4736912432955726,2.5483788666389384,2.385904552222804,0.5058479940581514,0.506548050103586,0.5080676865233928,0.5067572228246029
contrast/s5,7936.0,0.5335131883621216,0.5500500202178955,0.5356593101522179,0.558488070980303,0.43097936770977435,0.4599193446854659,2.5052509969573222,2.3928534089386195,0.4876441117248782,0.4881127442842187,0.48628911246607287,0.48825276899828784
contrast/s5,8064.0,0.6055982708930969,0.6036561727523804,0.5483754848323776,0.5667004531206806,0.46335189078092326,0.4633550985084523,2.379024455332379,2.315565819753134,0.5100654797497117,0.5103791924547249,0.5091584141301809,0.5104729280071182
contrast/s5,8192.0,0.5218936204910278,0.5655927658081055,0.5435606004066776,0.5664990554274851,0.4610041582913618,0.4728864709023523,2.430565989543528,2.301134577239568,0.5144859823117904,0.5141794594118406,0.5110378640045012,0.514242208004765
contrast/s5,8320.0,0.5405614376068115,0.5755327939987183,0.5430152980794293,0.5681415533495275,0.4583994778644653,0.4743599515957895,2.458043679380646,2.333776976274444,0.5138294592335126,0.519306084399662,0.517203032928633,0.5193480896560823
contrast/s5,8448.0,0.530247688293457,0.5446784496307373,0.5406939144819798,0.5638755344915656,0.45484799757869154,0.4466789758616442,2.485643034857517,2.3553661524606344,0.4821399685778059,0.4945871308791125,0.49602021212577907,0.4946152501003525
contrast/s5,8576.0,0.5653938055038452,0.6042066812515259,0.5451848037586826,0.5712084702661038,0.4806213868088761,0.4728284879734973,2.4561930026252936,2.2977427798916485,0.5012155988000188,0.5141967570347777,0.5151560924147777,0.5142155806456905
contrast/s5,8704.0,0.5083293318748474,0.5553417205810547,0.5384838088707126,0.5683236066870039,0.45371142422742944,0.4593417977343246,2.515304421571356,2.35027762552199,0.4915162272958803,0.4968486555356776,0.5003317643437768,0.4968612564652969
contrast/s5,8832.0,0.5554230809211731,0.6036517024040222,0.5415636765162508,0.5747468968173708,0.4659142591935684,0.46839202988826684,2.487937448686348,2.3111164954335788,0.49690342488401895,0.49530777767264367,0.4976394455524456,0.49531621300569456
contrast/s5,8960.0,0.5225687026977539,0.5449725389480591,0.5381100449128877,0.5693333772047686,0.46995086772462014,0.4636033423218976,2.464813798744364,2.3524047561170764,0.5079994001289713,0.5139043800949102,0.515465248675604,0.5139100268881095
contrast/s5,9088.0,0.5968092679977417,0.5973253846168518,0.5487826309283157,0.5744228330978747,0.49253942384871263,0.46737083246341893,2.3694264128220435,2.2943324667053204,0.5203343091772451,0.5237707007246919,0.5276564887828423,0.5237744808093956
contrast/s5,9216.0,0.5565401315689087,0.6103005409240723,0.5501930855902416,0.5809460527026379,0.5074024242293035,0.4833226233846027,2.3609225674333985,2.2402332700717373,0.5347899094492302,0.5507783203198351,0.5510551701769439,0.5507808507897607
contrast/s5,9344.0,0.5630718469619751,0.5635907053947449,0.5525346785669204,0.5777905350102936,0.502114432748542,0.4681746487120067,2.345291142484117,2.2739240327417205,0.5341362203751046,0.5512958177347655,0.5538055271432434,0.5512975116857075
contrast/s5,9472.0,0.560754656791687,0.5678028464317322,0.5540292200623325,0.5759745916323733,0.4830786698564619,0.45906732682373996,2.301575616621659,2.272315048903873,0.531374246697384,0.545702158979471,0.5445413032942373,0.5457032929466306
contrast/s5,9600.0,0.5489792823791504,0.6074244976043701,0.5531110495744811,0.5816927563545545,0.47989150626754884,0.4764727559729168,2.3229983641549454,2.217335137471866,0.5357236692767611,0.5481559907217947,0.5473788889820927,0.5481567498237774
contrast/s5,9728.0,0.5190111398696899,0.6001181602478027,0.5469110659917917,0.5850428297896906,0.46484472733612764,0.4674631672215393,2.384309650043322,2.2028258783788575,0.5306290678629557,0.5436002913096311,0.5454044628723099,0.5436007994688096
contrast/s5,9856.0,0.529188871383667,0.5756152868270874,0.5436888487903145,0.5833287310692172,0.4829229166464986,0.4748617069830139,2.3954135006038406,2.2299183396899487,0.5308343346851191,0.5511394512072737,0.5523472024186538,0.5511397913799468
contrast/s5,9984.0,0.6157979369163513,0.6375442743301392,0.5567995920859575,0.5931861025712031,0.5136198863501353,0.4978929608729266,2.2417154481709924,2.126837270040409,0.5560233975991293,0.5667751698164394,0.5704245735199251,0.5667753975353362
contrast/s5,10112.0,0.5922497510910034,0.5983669757843018,0.5632450755414203,0.5941280795190391,0.4871649652426525,0.49471553579096733,2.2260918257870084,2.1398371381118175,0.5501582248390865,0.5527069318605916,0.5551499211166441,0.5527070843005143
contrast/s5,10240.0,0.5430115461349487,0.6045669913291931,0.5595662520129709,0.5960260634845216,0.48675919160871783,0.4832909785046971,2.2217763116350366,2.11485696604667,0.5359013736526116,0.5404484419893215,0.5420838314913071,0.5404485440358815
contrast/s5,10368.0,0.5311192274093628,0.6001273393630981,0.5543940657214058,0.5967717500078992,0.4560123514074888,0.48106668808992115,2.257182284723003,2.127335240233063,0.521967035255054,0.5136473041416119,0.5119011599239328,0.5136473724537718
contrast/s5,10496.0,0.5800015926361084,0.635427713394165,0.5590499797058972,0.6038001069872202,0.47933471457856686,0.5069537333494514,2.238767587506021,2.0644450489223307,0.5441473541790031,0.5489085259129798,0.5477396194532111,0.5489085716426075
contrast/s5,10624.0,0.5933705568313599,0.6040388941764832,0.5652900846377995,0.6038435228398134,0.48849059405672646,0.4958739867876492,2.1766139370057114,2.055718422417769,0.5254209561032995,0.5425544677599285,0.5394475964934718,0.5425544983723241
contrast/s5,10752.0,0.5363578796386719,0.5956928730010986,0.5600296837288672,0.6023615865055015,0.45949576957516397,0.4786429167752032,2.206966273917724,2.087733694666995,0.5002301441683245,0.5145405941202827,0.5101364075700101,0.514540614612878
contrast/s5,10880.0,0.524724543094635,0.6004166603088379,0.5536105672499159,0.6020079635606536,0.4659124573189114,0.4872526963536484,2.2280419387407826,2.0935398028992442,0.5125507576663989,0.5319445299482884,0.5261553637452133,0.531944543666472
contrast/s5,11008.0,0.5495641231536865,0.6361751556396484,0.5528748501415105,0.608220180302289,0.4601356119242299,0.48010304466649184,2.23359723619604,2.0623703986676674,0.5195071187684157,0.5244835283124906,0.5234490451517543,0.5244835374957374
contrast/s5,11136.0,0.5486699342727661,0.6035481095314026,0.552110319983557,0.6073707128894006,0.47331392203192246,0.48719707948748625,2.1994989560565585,2.0720532736929678,0.5187403026466253,0.53240219663894,0.5317096913825793,0.5324022027864026
contrast/s5,11264.0,0.5225110650062561,0.5715153217315674,0.5467286372604113,0.6008515508607036,0.46844774945938605,0.482390193706499,2.221221795397537,2.1248532643183093,0.5246835910279062,0.5361535365930093,0.5351734297685034,0.5361535407082529
contrast/s5,11392.0,0.5494144558906555,0.6201144456863403,0.5472169679204557,0.6043538953744557,0.48068609674553936,0.4768479809109621,2.210448778103538,2.1109155903599692,0.5216890154814908,0.5306585658184607,0.5276780810847005,0.5306585685732933
contrast/s5,11520.0,0.5613199472427368,0.6250514984130859,0.5497811459790523,0.608117095926934,0.47958118873048494,0.47210484672552,2.104003177783464,2.065517230563998,0.5233000847438078,0.5378272217462422,0.5381564013872787,0.5378272235903864
contrast/s5,11648.0,0.5297951698303223,0.614246129989624,0.5461473321338286,0.609231465756514,0.4599882337782584,0.469704484171629,2.101567450656933,2.0678739109514237,0.509140965820235,0.536169462491286,0.5363898224162775,0.5361694637257959
contrast/s5,11776.0,0.5164133906364441,0.5931923389434814,0.5407411609524859,0.6063152608814171,0.4460974953391647,0.47068027452811523,2.0467953621442145,2.1049653737252116,0.5068939523259424,0.5335101360478857,0.529008889386103,0.533510136874293
contrast/s5,11904.0,0.5417635440826416,0.6013810038566589,0.5409270487943324,0.6054181232405519,0.4355074142353086,0.44963927468411014,2.0424106297304947,2.0846886489746965,0.48421206725951504,0.5203662894204854,0.5196774383493747,0.5203662899737003
contrast/s5,12032.0,0.49524033069610596,0.5832675099372864,0.532620372776473,0.6013907390035944,0.4167962855624793,0.4433019111521729,2.0420958207414395,2.1238728300029233,0.47574320204975795,0.512600573909581,0.5098150620355317,0.512600574279915
contrast/s5,12160.0,0.5507381558418274,0.6366289854049683,0.535914515151992,0.6077976928947533,0.4396528853765357,0.4865802049861653,1.9485571329551241,2.0493347621479883,0.5232764410415734,0.5417512106336864,0.5398865291312236,0.541751210881596
contrast/s5,12288.0,0.5032620429992676,0.668938159942627,0.5299777020333147,0.6189141414489121,0.42912713814462305,0.49928096366842467,1.894859034434939,1.946050269953524,0.5318524109451854,0.5475772567051949,0.5440046186746207,0.547577256871151
contrast/s5,12416.0,0.43499991297721863,0.6085808277130127,0.5127090131140245,0.6170353571332939,0.3910892412373096,0.49486990129869746,1.834782588645239,1.9687160025920527,0.5138330188971902,0.522035188372899,0.516286149691275,0.5220351884839936
contrast/s5,12544.0,0.4413442015647888,0.594002902507782,0.49973359283234525,0.6128476381104735,0.36407626892745515,0.4787455537619379,1.8185317930219418,2.0519311049110716,0.49324772339398676,0.49848016742318024,0.4894663481404402,0.4984801674975494
contrast/s5,12672.0,0.4199780821800232,0.597510814666748,0.48523259089555937,0.6100591247570688,0.34315229572829636,0.4911953707001402,1.7525951134498992,2.054623822782231,0.503744343759611,0.49381730215931896,0.48778325784607973,0.49381730220910325
contrast/s5,12800.0,0.36478468775749207,0.5628042221069336,0.4633329721431835,0.601467324275226,0.32811228061150416,0.45226714898108555,1.7134792987425318,2.119443697160246,0.4653164615250288,0.4793322435942548,0.46444581723580536,0.4793322436275815
contrast/s5,12928.0,0.3702540099620819,0.6438458561897278,0.44640952447389226,0.6091725118960445,0.3296660721448912,0.48922428981378446,1.5487624499566743,2.023146714688716,0.4951188709382424,0.4998525762903689,0.4842054644305803,0.4998525763126785
contrast/s5,13056.0,0.32980722188949585,0.5920467376708984,0.4252091058221838,0.6060587347641997,0.29635704003087754,0.4863298964869135,1.433707078924158,2.0390522952877093,0.49027585575204646,0.4924116419795031,0.46928217040394216,0.4924116419944376
contrast/s5,13184.0,0.33156028389930725,0.5958249568939209,0.4081820472907517,0.6041980478786945,0.28025760530992627,0.4761278645904131,1.2854451999442693,2.064703435080284,0.4787693745117005,0.4801991157052871,0.4533521140720604,0.4801991157152846
contrast/s5,13312.0,0.24684959650039673,0.6251658797264099,0.37884887441977805,0.6080103809419155,0.23177368619920682,0.48221162836217735,1.1461796336065067,2.035541995502206,0.48397991186320444,0.4441312262159359,0.4163452168581561,0.4418068460573393
contrast/s5,13440.0,0.2097427099943161,0.6128482818603516,0.34810229906969403,0.6088899992907221,0.18098073208376653,0.49919745369699475,0.9615133549128656,2.0380483671577183,0.5003811806687567,0.42489363077265124,0.3879563021943028,0.4233376407491279
contrast/s5,13568.0,0.23609863221645355,0.6451138257980347,0.3277379960054685,0.6154761495647789,0.1730635479238437,0.4966218491690626,0.8467021858509327,1.970524287230929,0.4974142614394156,0.4102077197734276,0.3666277725432936,0.4143313958733831
contrast/s5,13696.0,0.18032628297805786,0.6241542100906372,0.3009358663641211,0.6170539787512985,0.14167890398207716,0.5101352874602815,0.7380547347320764,1.9670297939962915,0.5106657452610963,0.4001183909227078,0.3544161121984031,0.40571977740284315
contrast/s5,13824.0,0.1532525271177292,0.6532294750213623,0.2740843501375044,0.623631341709492,0.11214662167395245,0.5132413907791966,0.5785663615860439,1.9124057639321088,0.5135964906293289,0.37296148483255637,0.3217062403972781,0.37671117330272963
contrast/s5,13952.0,0.11737577617168427,0.6129854917526245,0.24559188214371888,0.6216957326264251,0.08023864756686071,0.49207688143070183,0.4534345169755624,1.9583211630197859,0.49231459290062507,0.3449680187722071,0.2801814501833018,0.34980252097124875
contrast/s5,14080.0,0.13079716265201569,0.648146390914917,0.22472011496340918,0.6265049432243327,0.05603785498277451,0.4972787388089821,0.39477362834004764,1.9094144909331061,0.49743786797479855,0.3233876819880063,0.26452229309791275,0.3312727619724888
contrast/s5,14208.0,0.12018578499555588,0.6205804347991943,0.20571387315107223,0.6254277598743074,0.04551914259177467,0.5043766763927896,0.3147890536425235,1.904288059020385,0.5044832008756915,0.30093514248783887,0.2235645102556275,0.30905449355183134
contrast/s5,14336.0,0.10252835601568222,0.6458532214164734,0.18695287003554675,0.6291414801547012,0.03331240123912188,0.49544017180013183,0.25509828796519346,1.8817754597136134,0.4955114815779422,0.27273344249185905,0.1876237630636845,0.28849928907188704
contrast/s5,14464.0,0.11065739393234253,0.630495548248291,0.17308096528950961,0.6293876743535357,0.029273177688998942,0.49281532161827,0.21209274212792012,1.891894822002581,0.49286305791581253,0.2430075110895916,0.1682130149434582,0.2644086149985359
contrast/s5,14592.0,0.09370177984237671,0.6118069887161255,0.1586483861173036,0.6261911860558247,0.01959609415544557,0.4838267855461146,0.16771304631218714,1.9305668538855751,0.4838587412494281,0.21613519337402412,0.1412727620695877,0.2327859323543918
contrast/s5,14720.0,0.10050403326749802,0.6216146945953369,0.14807668559915713,0.6253590966993724,0.015442426666042076,0.4995038812333493,0.15290712291731468,1.9427295607556867,0.4995252730677989,0.20279504680409877,0.1296949894846,0.21394140926203084
contrast/s5,14848.0,0.08934866636991501,0.6019976139068604,0.13739886392111308,0.6211115543734611,0.010337492230986843,0.5048331766933991,0.12280990967026889,1.9562395658872567,0.5048474968470389,0.18146817182753716,0.09999210039878181,0.18892978636549168
contrast/s5,14976.0,0.09847967326641083,0.6554874181747437,0.13032264743843994,0.6273617114282397,0.00976104851826392,0.5233800604311184,0.10954558462631887,1.891322367110319,0.5233896466496707,0.16848282576884718,0.10309388539092004,0.1758021710380564
contrast/s5,15104.0,0.09568887203931808,0.6159300804138184,0.12402559736587232,0.6252832330619813,0.006534255619664276,0.5130684702059553,0.10061573144566151,1.8869970761891879,0.513074887426639,0.14558561063864978,0.07701946046830183,0.14816095747175678
contrast/s5,15232.0,0.10077071934938431,0.6126025915145874,0.11979743772651086,0.622977661871546,0.0066985512825851745,0.5040995544353915,0.09518330679275293,1.9363743099428166,0.5041038502608078,0.14239615257628618,0.08332501072671444,0.14980196326621734
contrast/s5,15360.0,0.09202652424573898,0.6188361644744873,0.11474818073000688,0.622224662344808,0.004484154164375199,0.5076513546220389,0.08836752753127651,1.9466371489141046,0.5076542303398796,0.12734783767503455,0.06326922205672618,0.13514635557490579
contrast/s5,15488.0,0.09009137004613876,0.6459339261054993,0.11026512424203085,0.6265354375740245,0.00532616931664786,0.5113203283007037,0.07872891061021867,1.9101417880400366,0.5113222533680185,0.12502210621221319,0.06198187592227124,0.1377322710873336
contrast/s5,15616.0,0.09423522651195526,0.6551876664161682,0.1073505973820171,0.6317449337271415,0.005889832352466749,0.5246235255566694,0.07481046552448171,1.877112413661779,0.5246248142380949,0.1263061206875146,0.07145067727028073,0.13481457816590098
contrast/s5,15744.0,0.09485094994306564,0.6265885233879089,0.10507793421129866,0.6308074045745538,0.003942780335122368,0.49582236008339015,0.06552888931929937,1.8913055796480798,0.4958232227544271,0.1281987254189147,0.0638430153627499,0.1367353787722147
contrast/s5,15872.0,0.09597573429346085,0.6400744318962097,0.10342298877169179,0.6324923186330367,0.004963762042519932,0.5018521584029306,0.06318921713215667,1.88274163489137,0.5018527358934595,0.12817435337960403,0.07011391937506398,0.13853773289710242
contrast/s5,16000.0,0.08860235661268234,0.6308263540267944,0.10072832837914461,0.6321894159773562,0.003322848970612516,0.5141530977738626,0.05700148098747815,1.876386718090909,0.5141534843584316,0.11963531094006549,0.06759692123454696,0.13225459805508508
contrast/s5,16128.0,0.08861549198627472,0.6051844954490662,0.09852599448953189,0.6272794304267579,0.0022243865009885433,0.5048256274353956,0.051072091291065026,1.9085686279645269,0.5048258862234128,0.10591289410037441,0.057905790247919864,0.11436051605340405
contrast/s5,16256.0,0.08842603862285614,0.6305349469184875,0.09668963887740901,0.6278713425161633,0.0014890521204964627,0.4980650894402235,0.045842730410392246,1.8757582449208337,0.4980652626784829,0.12177846629859773,0.049093958761004204,0.13027439504401428
contrast/s5,16384.0,0.0887954905629158,0.6177196502685547,0.09525433918386479,0.6260255802893253,0.0009968034856215988,0.47313654747651324,0.04257900873127972,1.899979634888032,0.4731366634459264,0.10450665925773897,0.03983769140199454,0.11535930577326574
contrast/s5,16512.0,0.08971565961837769,0.6624244451522827,0.0942473065355944,0.6326435557189539,0.000667281672192971,0.468329011120641,0.04342978926758914,1.8565367722016375,0.4683290887530581,0.09991768099071782,0.03983969424431039,0.11234796502177292
contrast/s5,16640.0,0.08883286267518997,0.647585391998291,0.09326286219733905,0.6353602532242879,0.00044669268964984006,0.5023008256262141,0.040813900412371734,1.8600217417117693,0.5023008775950224,0.09038910876238135,0.031834836642885465,0.09871020798978186
contrast/s5,16768.0,0.09316148608922958,0.62856125831604,0.09324443017768277,0.6341240723318792,0.0002990256848069177,0.4935340237663086,0.048455968974389724,1.852440848112579,0.4935340585553455,0.08969229594837097,0.03164150221548531,0.09991137890225066
contrast/s5,16896.0,0.09112922102212906,0.6705485582351685,0.09285984669485484,0.6407467061324772,0.000200174218755044,0.5165909580584379,0.048388500361789065,1.7933218711253245,0.5165909813469668,0.10136426422990122,0.04235918743350669,0.10820513794282896
contrast/s5,17024.0,0.08854536712169647,0.6518871784210205,0.09207539586337149,0.6427722465485759,0.00013400092329883109,0.5105898148986237,0.04531291028505065,1.81125451885023,0.5105898304884653,0.10582029258365287,0.03636234861251273,0.11039972044106731
contrast/s5,17152.0,0.08846715092658997,0.6413214802742004,0.09141935132941122,0.6425084708623259,8.970309741491997e-05,0.4913349174114753,0.042149270508759384,1.804685773825762,0.49133492784765026,0.0953735016469081,0.03002355568275645,0.0984390690555905
contrast/s5,17280.0,0.08889496326446533,0.6391279697418213,0.09096037168123923,0.6418938342949614,6.004918091411996e-05,0.4885175893415661,0.04386370076670073,1.8057951504572158,0.4885175963277658,0.09070457548264095,0.030945520746308033,0.09740549250828784
contrast/s5,17408.0,0.09773506969213486,0.6534213423728943,0.09219213495594752,0.6439897448545855,0.002881107302925981,0.495670865592288,0.05000091848693928,1.8056734527284592,0.49567087026900014,0.10669066623218112,0.04137675355744587,0.11117640407579599
contrast/s5,17536.0,0.08911903202533722,0.6806636452674866,0.09163338896856384,0.6506577267478402,0.0042530553019587145,0.5138891744873992,0.04549109904084109,1.7564846055040593,0.5138891776180909,0.11971647904798902,0.05068402510870343,0.12736808867883861
contrast/s5,17664.0,0.09549129754304886,0.6416900753974915,0.09233482689119747,0.6490272446841404,0.005171466772385586,0.5183369680452837,0.04204371384083352,1.7979144300333367,0.518336970141036,0.10364284961063726,0.041935173833098985,0.10876500151228038
contrast/s5,17792.0,0.09020336717367172,0.650282084941864,0.09194728876073824,0.6492553974582719,0.006302800070770515,0.5316449951377518,0.04215564323975928,1.783032849858162,0.5316449965406934,0.12129190759059189,0.04227685190480179,0.12704516630160917
contrast/s5,17920.0,0.09768953174352646,0.6611968278884888,0.092991332939427,0.6514265666274022,0.006543609964730675,0.5284152446789908,0.0445095526839302,1.744534240197762,0.52841524561815,0.11916028524659456,0.046121281027181354,0.12533602041677971
contrast/s5,18048.0,0.08991654962301254,0.6398308277130127,0.09243228142735165,0.6493182504611495,0.0043804331168858235,0.5275445026363492,0.044198509452153735,1.7791155927155098,0.5275445032650425,0.10611143061962114,0.04921135341489,0.11256998060957979
contrast/s5,18176.0,0.08850705623626709,0.6344742774963379,0.09171860411988172,0.6466193462857291,0.002932356053452493,0.5352260720127626,0.039876277294781,1.8164060222336313,0.5352260724336235,0.09737624694371332,0.040949335757075114,0.10169973908575175
contrast/s5,18304.0,0.08861084282398224,0.6522521376609802,0.09115355661153636,0.6476434901721384,0.0019629821514847265,0.516607949033337,0.03655073462364366,1.795198083158302,0.5166079493150701,0.08068161985488245,0.03490203468035606,0.08874114765244538
contrast/s5,18432.0,0.09084637463092804,0.6504106521606445,0.09109770534233484,0.6481466105336849,0.0013140624319856432,0.5160247427413247,0.03803207738778976,1.7673549328552576,0.516024742929923,0.07183025791938413,0.03369475048850282,0.08239076826320724
contrast/s5,18560.0,0.08878502249717712,0.6416022181510925,0.09067721755230615,0.6469567210095772,0.0008796616280234471,0.49858887737229174,0.036171420760074346,1.7922641915878137,0.4985888774985434,0.08010951149975301,0.035727477599741556,0.09001985313487426
contrast/s5,18688.0,0.08918364346027374,0.6567943096160889,0.09040565862648207,0.6487453734834885,0.0034297734865280927,0.49750577741450935,0.035096344619551356,1.793428886615572,0.4975057774990249,0.07712909447504127,0.03992913789734765,0.08608767028037037
contrast/s5,18816.0,0.09224367886781693,0.6572240591049194,0.0907398441249066,0.650286952687385,0.0046203442347832685,0.485933619591531,0.03357747905333412,1.7675848838329835,0.48593361964810755,0.0676442698551929,0.03137818322053851,0.07829009332818182
contrast/s5,18944.0,0.08843212574720383,0.6044499278068542,0.09032025896532428,0.6419529481636521,0.0030929577108879725,0.49110019162738844,0.031826027075798166,1.8265733132413942,0.49110019166526203,0.05845401535760846,0.03133580860217867,0.07074584759985725
contrast/s5,19072.0,0.08959650248289108,0.6632199287414551,0.09018866687760915,0.6458196719050708,0.0020704923519167416,0.4994658307588303,0.03372463788226303,1.7725763558863652,0.4994658307841836,0.06883078714021723,0.039830169394846876,0.08222449302139204
contrast/s5,19200.0,0.08889014273881912,0.6219431161880493,0.08995257157964733,0.6414784799565215,0.0013860320702913723,0.48905357265673755,0.03284330479545694,1.8143943500593043,0.48905357267370964,0.063897055854195,0.04164251009076526,0.07570399946060127
contrast/s5,19328.0,0.0884726494550705,0.674001932144165,0.08968349482972426,0.6473918348997294,0.0009278396503603399,0.5161742924396342,0.030110055702178222,1.7594745610026727,0.5161742924509957,0.0750571200346264,0.03588258939960318,0.08296094178767523
contrast/s5,19456.0,0.08847468346357346,0.6366225481033325,0.08946371094496958,0.64543378275493,0.0006211157990015497,0.506695187500912,0.029432233796772646,1.7718482122304067,0.5066951875085177,0.06935641919673337,0.028669336705519483,0.07981269656860902
contrast/s5,19584.0,0.09535259753465652,0.6633956432342529,0.09053441759763992,0.6486995755693523,0.003256697353050624,0.5285004974179659,0.02920443580438644,1.728840125612027,0.5285004974230573,0.07974479301599505,0.03520426672022378,0.08674444976906884
contrast/s5,19712.0,0.08860988914966583,0.6926189064979553,0.09018450333437189,0.656684908465462,0.0021801031867528966,0.5451635561227706,0.028940030656331002,1.6880781480919569,0.5451635561261787,0.08824858044872395,0.034413600035852275,0.09577521017598822
contrast/s5,19840.0,0.08947540819644928,0.6678295731544495,0.09005557694565867,0.658711211136187,0.0014594079184048314,0.5382396532722679,0.028460826459895894,1.690017511504208,0.5382396532745494,0.0843854133582367,0.03233472399094243,0.0894239010269012
contrast/s5,19968.0,0.09004652500152588,0.6609259843826294,0.09005393113763453,0.6591138971809947,0.0009769590197586061,0.5379951397938322,0.03129239870622694,1.6719451894333417,0.5379951397953594,0.09367949158691878,0.04333977391129203,0.09705236349734708
contrast/s5,20096.0,0.08836255222558975,0.621665358543396,0.08974640769908093,0.6523050719741585,0.0006539973603342734,0.5373149282917389,0.028704588281444125,1.7424254852119612,0.5373149282927612,0.08233916378959025,0.0313369560893773,0.08692141688665381
contrast/s5,20224.0,0.08890289068222046,0.6702791452407837,0.08959304096874265,0.6555730852953631,0.0004377998858436044,0.5329856131539739,0.027794645062112315,1.7041170612217846,0.5329856131546582,0.07578076253683315,0.03414911936561621,0.08117260138693354
contrast/s5,20352.0,0.08844059705734253,0.6400831937789917,0.08938350571212444,0.6527567413832955,0.0002930726508539831,0.5225978071526602,0.02659287614486519,1.707138143323498,0.5225978071531183,0.0657086096320949,0.028025443542272006,0.06931802241604641
contrast/s5,20480.0,0.09453900903463364,0.6591159701347351,0.09032086995258065,0.6539129647926482,0.0025205692951997733,0.5308815899121113,0.03092329997101879,1.6908902763150742,0.5308815899124181,0.06593923454710485,0.02573397460267795,0.07300421335289056
contrast/s5,20608.0,0.08860249072313309,0.6567158699035645,0.09000843736540835,0.6544225839037238,0.004528232338108939,0.5080178411808347,0.02908347542215608,1.6862108329313115,0.5080178411810401,0.07280849585384704,0.028073982998486888,0.07753794447590194
contrast/s5,20736.0,0.08845915645360947,0.6423619985580444,0.08972674992689945,0.6522297502045094,0.0030312960279902813,0.4857392159970877,0.027775737586220678,1.7056460107731968,0.48573921599722514,0.0755990757368728,0.027316054734524278,0.0787650702689922
contrast/s5,20864.0,0.0884036049246788,0.6676534414291382,0.08948617810831389,0.6550340576998964,0.002029214696423246,0.5289349297170587,0.026080116616059322,1.6865354997681683,0.5289349297171507,0.07256012508005533,0.02525909449170633,0.07700389001477988
contrast/s5,20992.0,0.08843276649713516,0.6587525010108948,0.0892946487244632,0.6557101383018961,0.0013583999207461396,0.5100721430337335,0.02469476425406269,1.6909512606896442,0.510072143033795,0.06019520769821885,0.023882121106018284,0.06316995943138157
contrast/s5,21120.0,0.08867095410823822,0.6977024674415588,0.08918124970333138,0.6633451072363802,0.0009093420957060933,0.5232714345928298,0.02490739670825328,1.6122101802624256,0.5232714345928711,0.06715546961616303,0.03251613065774778,0.07147121251191658
contrast/s5,21248.0,0.08872870355844498,0.6893755793571472,0.0890989685860793,0.668077920349247,0.0006087331384478805,0.5548345967109025,0.02476695376503388,1.6034279406388898,0.5548345967109302,0.07439746313148105,0.029256665977500578,0.07728651416086976
contrast/s5,21376.0,0.088487908244133,0.6370013952255249,0.08898786670572542,0.6624276430540248,0.0004074990430932092,0.5568520854015132,0.023776415912187255,1.6618108675219991,0.5568520854015317,0.07666276457561953,0.02810776813369873,0.0785967574134748
contrast/s5,21504.0,0.08951413631439209,0.69907546043396,0.08908355208911936,0.6690908825776494,0.0002727886156243797,0.5662088340291122,0.025109194245039334,1.5968363452158094,0.5662088340291245,0.07895399942665439,0.02811346461842642,0.08024865578918561
contrast/s5,21632.0,0.08843964338302612,0.654568076133728,0.08896647777892058,0.6664503723151182,0.0001826105608725186,0.5368319467467609,0.023909449440749974,1.6479293269102395,0.5368319467467693,0.07248160292197524,0.023468517637128424,0.08316232329689285
contrast/s5,21760.0,0.08897272497415543,0.6154206991195679,0.08896761363259964,0.6571722499159273,0.00012224343331135543,0.5218151874916332,0.023514406279291918,1.7204375581775437,0.5218151874916388,0.062208758980826395,0.01855123907940002,0.0740074230334572
contrast/s5,21888.0,0.08841444551944733,0.6340463757514954,0.0888670376120265,0.6529675455223942,8.183238097702305e-05,0.5045312412134073,0.022140712258497734,1.7459782621942443,0.5045312412134111,0.05429883865658626,0.02042479640852398,0.06452149806371926
contrast/s5,22016.0,0.08863062411546707,0.6313939094543457,0.08882405333992477,0.6490450662372944,5.478035420775923e-05,0.491927938332942,0.022563428933377996,1.7588590025542858,0.4919279383329445,0.056493437447797404,0.023486847182565638,0.06333670531538231
contrast/s5,22144.0,0.08977128565311432,0.6819700002670288,0.08899627739686833,0.6550314178790643,3.667114620519419e-05,0.5119001074790769,0.02281681226880615,1.7113246904676718,0.5119001074790785,0.06829312754769909,0.02837755885775055,0.07571506719459475
contrast/s5,22272.0,0.0890117809176445,0.6872410774230957,0.08899909621882762,0.6608877196143427,2.4548453244799412e-05,0.5182967661636795,0.024129869982024897,1.6433650591288964,0.5182967661636806,0.07438424240796385,0.02751927493783301,0.07935264828729069
contrast/s5,22400.0,0.0885985940694809,0.7279317378997803,0.08892627764621913,0.6730775411207859,1.643326208949382e-05,0.5305850252831242,0.022988362585694422,1.5420649187981192,0.5305850252831249,0.07381300524830636,0.023587283222846887,0.08178772323364086
contrast/s5,22528.0,0.0887131318449974,0.6889631748199463,0.08888752386417881,0.6759658381569968,1.100077875412396e-05,0.5617965871730004,0.022720166137645863,1.5084311580483472,0.561796587173001,0.07756283822407285,0.02560388381033552,0.08522566596632156
contrast/s5,22656.0,0.09621588885784149,0.670589804649353,0.09021995386302656,0.6749883775192435,0.0028482732485874715,0.5465332525703557,0.023621656301159897,1.5404419485873857,0.546533252570356,0.08058958591859422,0.02566251726146427,0.08571924746505823
contrast/s5,22784.0,0.0916912853717804,0.6789401769638062,0.09048746868279997,0.675706886509164,0.0019066953151701252,0.5422557310594942,0.025957792829101718,1.5329199861198557,0.5422557310594944,0.08364881371410027,0.02802614791883145,0.0950889177245431
contrast/s5,22912.0,0.08870536834001541,0.7215237021446228,0.09016345043865731,0.684037216624702,0.0012763828142874389,0.5709005307092482,0.024087557718204235,1.4775552528682008,0.5709005307092482,0.0797566438912572,0.025734446127482206,0.08741489533626437
contrast/s5,23040.0,0.08882021903991699,0.6986236572265625,0.08991922654797725,0.6866892967341311,0.0008544380822915912,0.5559850660119761,0.022965502570883867,1.4799390262678922,0.5559850660119761,0.08386601781150274,0.028074298647322797,0.09183352497716869
contrast/s5,23168.0,0.08996252715587616,0.7101595401763916,0.08992709938577705,0.6909566137236329,0.0005719792121125527,0.5594300855121491,0.023244288882244807,1.4488173090488525,0.5594300855121491,0.07912725159282415,0.029124117276306996,0.08730178118306334
contrast/s5,23296.0,0.08846205472946167,0.6626797914505005,0.08966072763008334,0.685815373310336,0.00038289517505055176,0.5315193134420171,0.022153238438796106,1.5222930908274845,0.5315193134420171,0.07647154858693186,0.02698597933372617,0.08710904360188537
contrast/s5,23424.0,0.08834715932607651,0.6798326373100281,0.08942189702935482,0.6847276031284618,0.0002563182576784685,0.5071534247008543,0.02062568045837918,1.5598236785495312,0.5071534247008543,0.07133632591356595,0.020389374595304294,0.07845729365084889
contrast/s5,23552.0,0.09444433450698853,0.6864726543426514,0.09033506747983368,0.6850448851674054,0.00017158494935500784,0.5151192347171007,0.02348953424134221,1.556148718670451,0.5151192347171007,0.07022307767767637,0.02346313505966651,0.07783091558445256
contrast/s5,23680.0,0.08842616528272629,0.6365524530410767,0.08998799435308688,0.6762280793262547,0.00011486265204756721,0.5139951075378938,0.021153530357158848,1.6076024296273124,0.5139951075378938,0.055015035470180045,0.023712925122586673,0.06010788563917897
contrast/s5,23808.0,0.08850586414337158,0.7128883004188538,0.08971851613313864,0.6828935740703636,7.689152740374332e-05,0.5411351546328049,0.02001504085779855,1.5326244720361248,0.5411351546328049,0.057489403909789946,0.02388013995809521,0.06554742757664046
contrast/s5,23936.0,0.08852850645780563,0.6451691389083862,0.08950215073762355,0.6760345858590949,5.14728406587042e-05,0.5407082440103901,0.019787125633683594,1.589096580139427,0.5407082440103901,0.05398051005531392,0.021151168071121586,0.06402348457609816
contrast/s5,24064.0,0.09026080369949341,0.6934009790420532,0.0896400876397817,0.6791921118923601,3.445702556491768e-05,0.5530774195441455,0.020960550770193667,1.5670086796415235,0.5530774195441455,0.058604721607276256,0.031979294328602054,0.06816861364185083
contrast/s5,24192.0,0.08873023092746735,0.7133359313011169,0.08947465914663363,0.6854000790575886,2.3066273312052327e-05,0.5660063717609569,0.020708189440557256,1.5380939109610485,0.5660063717609569,0.0547271276875155,0.027089444963774925,0.06913560086768525
contrast/s5,24320.0,0.08837184309959412,0.6705745458602905,0.08927414713808099,0.6827045275671707,1.54410589940185e-05,0.5330807116746901,0.01946164825571716,1.5756342743894978,0.5330807116746901,0.055488821013956656,0.028464835058394783,0.06513416256431823
contrast/s5,24448.0,0.08833333104848862,0.6849797964096069,0.089103089667246,0.68311821281125,1.0336576681946266e-05,0.5412565094681809,0.018413374780710763,1.5574018527817652,0.5412565094681809,0.05548218596802057,0.019054972229173364,0.06477989394801467
contrast/s5,24576.0,0.08835122734308243,0.6525222063064575,0.08896638742648899,0.6775553025376513,6.919526539154111e-06,0.5131551840241542,0.01797790711811747,1.5944418561933995,0.5131551840241542,0.057285595565369135,0.015080188021182167,0.06350968107263791
contrast/s5,24704.0,0.08855615556240082,0.654802680015564,0.0888917998148366,0.67341846207909,4.632079749351099e-06,0.5317919000492272,0.018016192055603755,1.6013325290663212,0.5317919000492272,0.0481622581883876,0.01758467131996492,0.057494084023831986
contrast/s5,24832.0,0.08871276676654816,0.7071532011032104,0.08885924835151142,0.6795520509925663,3.10081371650776e-06,0.543751189289152,0.017870499517435967,1.5542203808450146,0.543751189289152,0.058583825729416485,0.02545957336295172,0.06483075046223463
contrast/s5,24960.0,0.08932415395975113,0.6969552636146545,0.08894377664391864,0.6827162714693096,0.0028429848422399763,0.5551144324993497,0.02135160462668387,1.533289896714867,0.5551144324993497,0.0585871064800226,0.028406821838009,0.06276893212761162
contrast/s5,25088.0,0.08873508870601654,0.6608819961547852,0.0889058333824819,0.6787464032303051,0.004744064233235025,0.5485166862185729,0.019961849968540002,1.5771111411555951,0.5485166862185729,0.0570397159081143,0.031671095610568,0.06268002894493008
contrast/s5,25216.0,0.09235285967588425,0.6759592890739441,0.08953256543582777,0.6782396552018758,0.008341067792496173,0.5425504263116065,0.021259063353334027,1.5477447726337805,0.5425504263116065,0.06246047097981205,0.031015361524429817,0.06856059788875483
contrast/s5,25344.0,0.08860639482736588,0.6876277923583984,0.08936417077974379,0.6799465892303345,0.007908070175142065,0.5429469795970259,0.021514271735288932,1.5401824434095046,0.5429469795970259,0.057308249168303925,0.02592763870643649,0.06604056552883587
contrast/s5,25472.0,0.08955632150173187,0.659320056438446,0.0893991072746507,0.6761963105409001,0.005293832100714936,0.5321070689864388,0.020753370177566816,1.5789414004509172,0.5321070689864388,0.045853042831674524,0.022005278803482273,0.051698643039964506
contrast/s5,25600.0,0.09162481874227524,0.6820665001869202,0.08980378208694606,0.6772636177492674,0.003543804959982725,0.5315654759330705,0.024049971109804405,1.5799158008942475,0.5315654759330705,0.06168674768070773,0.0297101453147278,0.07360611641518283
contrast/s5,25728.0,0.08834034949541092,0.6783519387245178,0.08953770343393967,0.677461494290222,0.002372299188087609,0.5464405252113942,0.021061843735048005,1.6032995137925374,0.5464405252113942,0.053949393075515086,0.019888609673495466,0.06192847462503974
contrast/s5,25856.0,0.09196744114160538,0.6789288520812988,0.08997947392624252,0.6777282866158723,0.0039124482168189775,0.5460676243150654,0.022462891932136225,1.5796695616141734,0.5460676243150654,0.050577692885262156,0.020287003169860596,0.06521658218701007
contrast/s5,25984.0,0.08839630335569382,0.6843233108520508,0.08969162473159731,0.678927381931541,0.0026190769054738605,0.5484006410704156,0.02002464785154134,1.5459486437976508,0.5484006410704156,0.04935366217939036,0.018745845097179407,0.061994158323535664
contrast/s5,26112.0,0.08988761901855469,0.6794707775115967,0.08972726005649864,0.6790261811279148,0.004594175449118865,0.5352413382372203,0.01973757272967073,1.5554654677416275,0.5352413382372203,0.056540468070500983,0.02055506985844241,0.07197542829922635
contrast/s5,26240.0,0.08837385475635529,0.6749470829963684,0.08948118636556349,0.678284526922179,0.003075439763459736,0.5349549454315277,0.01787858429335022,1.547415584946579,0.5349549454315277,0.06703328854306263,0.02228273271515566,0.07736578258047383
contrast/s5,26368.0,0.08945569396018982,0.7106978893280029,0.08947655138276828,0.6841778655414197,0.002058765461489575,0.5355380213219316,0.019998252210815713,1.508599065721342,0.5355380213219316,0.06372682952056258,0.022922738429153787,0.07348453214064776
contrast/s5,26496.0,0.08836742490530014,0.6970844268798828,0.08927489202322861,0.6865245130575038,0.0013781818378566576,0.5581390886535245,0.017897673876832314,1.487476533613627,0.5581390886535245,0.052990687530293956,0.017669353824474848,0.061847083499111305
contrast/s5,26624.0,0.08843424171209335,0.6806044578552246,0.0891220465121131,0.6854481393843621,0.0009225845360858615,0.5606137700903758,0.01725765296514518,1.5223196572748756,0.5606137700903758,0.048644592478957104,0.019317914543656715,0.06206292366469435
contrast/s5,26752.0,0.08835728466510773,0.7093278169631958,0.08898299890356666,0.68978989894415,0.0029419780778756595,0.5532311188208301,0.016293077811176015,1.4708129978391111,0.5532311188208301,0.04935092554376467,0.01525620725649747,0.060657824932563977
contrast/s5,26880.0,0.08850637078285217,0.6557731628417969,0.08889633924525492,0.6836050378346312,0.0019694233413878382,0.5423489307808862,0.016910962530244225,1.5418304136906271,0.5423489307808862,0.05705516503342923,0.023384320560134668,0.06462424644246018
contrast/s5,27008.0,0.08840818703174591,0.6689592599868774,0.0888075842973442,0.6809421691350396,0.0013183743029125195,0.5412625073822461,0.016216534412923395,1.5656410745128213,0.5412625073822461,0.05136544105543609,0.020819255912156266,0.061597636048258464
contrast/s5,27136.0,0.08839629590511322,0.6313647031784058,0.08873280458966583,0.6719280844156515,0.0008825480870736699,0.5413100256029911,0.015279743992829602,1.6558324765230354,0.5413100256029911,0.05737066715281258,0.02142652668499717,0.06938560760255319
contrast/s5,27264.0,0.08838069438934326,0.6935796737670898,0.08866878455324353,0.6758647370250039,0.0005907966533303079,0.5545133229243163,0.014700486678739607,1.5930185005653954,0.5545133229243163,0.05519234743287453,0.01666775753293199,0.0660763158331141
contrast/s5,27392.0,0.09559621661901474,0.6807700991630554,0.08992831765611102,0.6767566210501043,0.00323640106545252,0.5313271004699969,0.015038034007303622,1.591541777738127,0.5313271004699969,0.05295934001704823,0.013998664133615626,0.06024530233456399
contrast/s5,27520.0,0.08860928565263748,0.6887439489364624,0.08968849365547946,0.6789361352112602,0.0044908965810054055,0.5354338441162789,0.01559556629058061,1.5664223828734742,0.5354338441162789,0.060245508606453765,0.02150943632085013,0.0651228883396668
contrast/s5,27648.0,0.08893974125385284,0.7016661167144775,0.0895523568551837,0.683068859120936,0.0030063026699292377,0.5211375320117239,0.015364230890658552,1.5447059011858064,0.5211375320117239,0.055825505761345075,0.024212928446188928,0.0642558178141571
contrast/s5,27776.0,0.08842238038778305,0.7387988567352295,0.08934690658838357,0.6932015859598983,0.00201248360548982,0.5456581825863606,0.014971620929483795,1.4539414720171657,0.5456581825863606,0.06319723939395827,0.024214852926787628,0.06884067142931177
contrast/s5,27904.0,0.09268723428249359,0.6714329719543457,0.08995423889640357,0.6892436561407069,0.004188108859873351,0.5563910147892165,0.019026880027602378,1.4895163726799674,0.5563910147892165,0.06399980488355883,0.027057050306361963,0.07061854864276242
contrast/s5,28032.0,0.08841238915920258,0.7097804546356201,0.08967390258054884,0.6929776195034184,0.0028036100632210033,0.5519539024622028,0.017128511894888548,1.464034665477696,0.5519539024622028,0.05317342310386996,0.025602240287729908,0.057604152397221116
contrast/s5,28160.0,0.09162423759698868,0.7315936088562012,0.09002850894717426,0.6999987084766517,0.0018767968191810021,0.5624133561937059,0.020814529042523885,1.4150605216256698,0.5624133561937059,0.05160782868936749,0.022820507961207624,0.05457385408409017
contrast/s5,28288.0,0.08853138983249664,0.7058626413345337,0.08975630547177833,0.7010648780871757,0.001256368118625299,0.5691568748073568,0.01904470840488603,1.4119911380914167,0.5691568748073568,0.055725075403626166,0.023282736734362125,0.0652002659571182
contrast/s5,28416.0,0.08836648613214493,0.6934535503387451,0.08950361104639043,0.6996810003147338,0.000841039814947514,0.5685058418131892,0.016712398869847885,1.4234430796949762,0.5685058418131892,0.04530976122060924,0.02126778244201101,0.05397703754154193
contrast/s5,28544.0,0.08874409645795822,0.6972599625587463,0.0893655174848573,0.6992408116318269,0.0005630101240557738,0.545084489147672,0.016316856968193554,1.4344542444991542,0.545084489147672,0.052542071560903694,0.017078019651263567,0.06299289289970988
contrast/s5,28672.0,0.08835963159799576,0.7254143953323364,0.08918262914179156,0.7039996450319195,0.00037689107478113774,0.5777011869500944,0.014890255612782977,1.4052993585592501,0.5777011869500944,0.04963560162341486,0.011432393320267346,0.06179689524691322
contrast/s5,28800.0,0.08840025216341019,0.6788126230239868,0.08904037878208584,0.6994201864850226,0.00025229898394439794,0.5473660838260962,0.014559939256916687,1.44544218667283,0.5473660838260962,0.04407424571484796,0.010493998834228553,0.056864037314049334
contrast/s5,28928.0,0.08837475627660751,0.6965072751045227,0.0889193565083625,0.6988905662340226,0.00016889436115286141,0.5598587007430892,0.013694955409643978,1.462319057976467,0.5598587007430892,0.04164267688349325,0.009349288475805888,0.050204438201966906
contrast/s5,29056.0,0.08857890218496323,0.6774212121963501,0.0888574557222899,0.6949870473180821,0.00011306151449075845,0.5542752459519853,0.013623304930578188,1.4977490086317085,0.5542752459519853,0.04233931262448721,0.008582994764795676,0.05840131813520098
contrast/s5,29184.0,0.08837699145078659,0.70758056640625,0.08877009858201657,0.6972767780613853,7.568580722108623e-05,0.5422730985298413,0.013238478722054208,1.450172543111716,0.5422730985298413,0.03996474646763193,0.012718781619408674,0.05355790718141552
contrast/s5,29312.0,0.08846528083086014,0.6853939890861511,0.08871467717271539,0.6951162709749791,5.066570566039656e-05,0.5347551320736954,0.013240217773769464,1.4732294286762486,0.5347551320736954,0.045606565817175086,0.011355134803075227,0.05703049984871617
contrast/s5,29440.0,0.08851977437734604,0.680021345615387,0.08867924030083005,0.6923717390914169,0.00235829687734291,0.552966245437763,0.013243125137308964,1.4913042693783918,0.552966245437763,0.0540320812495139,0.019739800983876805,0.06632826849376869
contrast/s5,29568.0,0.08865318447351456,0.7048225402832031,0.08867450287768178,0.6946355211262871,0.0015786946038411213,0.5646406271112298,0.01345020631568325,1.46795566504443,0.5646406271112298,0.05450701306785641,0.020703916361107615,0.06557925411566334
contrast/s5,29696.0,0.08845394849777222,0.7045453190803528,0.08863440208133458,0.6964373025724808,0.0010568120901746348,0.5716809156695009,0.0132345898343883,1.4520654377566873,0.5716809156695009,0.05146750461567247,0.019024935745865428,0.06172040977990686
contrast/s5,29824.0,0.08838880062103271,0.696778416633606,0.0885897472703706,0.6964993233108672,0.0007074527215218628,0.56141449726636,0.012837415152545741,1.4717349627420224,0.56141449726636,0.05227370143693776,0.017900990044752887,0.0671434148113426
contrast/s5,29952.0,0.09109875559806824,0.6720293760299683,0.08904593060267926,0.6920502419870673,0.0004735840532501726,0.5480853246163236,0.0161469265208119,1.484179313783145,0.5480853246163236,0.059786527408198,0.029287026393594907,0.07258154214643596
contrast/s5,30080.0,0.08845330029726028,0.6882365942001343,0.08893817963805763,0.6913568514803521,0.00031702734143193367,0.5363215809415058,0.015331822632900428,1.5127389565656006,0.5363215809415058,0.0531938737195375,0.021929744941166836,0.06408351168480422
contrast/s5,30208.0,0.08834436535835266,0.6840618848800659,0.088830213405384,0.6900304939166636,0.003053134005421377,0.5328371740186939,0.01401252662167795,1.5032694528414057,0.5328371740186939,0.05162151877093006,0.01752115157218606,0.061235656582389594
contrast/s5,30336.0,0.08837573230266571,0.6607577204704285,0.08874758047761702,0.6847081714718936,0.0020438335077614177,0.5263724057480512,0.013309030950487615,1.5149240028948272,0.5263724057480512,0.04540366132599449,0.014053415515265047,0.05468048085267402
contrast/s5,30464.0,0.08839487284421921,0.6852771043777466,0.08868345181699923,0.6848116138184123,0.0013681860671791307,0.5370240897982821,0.01277125339435068,1.5039805384865683,0.5370240897982821,0.035559475763682256,0.01173203848542536,0.04461048718236855
contrast/s5,30592.0,0.08836031705141068,0.6910954713821411,0.08862470004143766,0.6859541333754539,0.003240273317698426,0.5299500105261227,0.012387395736874685,1.5113445385787223,0.5299500105261227,0.02845303749469638,0.01250243898611119,0.03916073935348637
contrast/s5,30720.0,0.08837719261646271,0.6852384805679321,0.08857969869144221,0.6858240146831772,0.00501001767548407,0.5383859574596358,0.0121625157884611,1.4870130088243603,0.5383859574596358,0.028861124273309145,0.01121031039566121,0.03602908998043302
contrast/s5,30848.0,0.08883536607027054,0.7024590373039246,0.088626183669411,0.6888485642505857,0.003353813485241402,0.542741839291161,0.013199680114285116,1.4540030965885604,0.542741839291161,0.03714050467882678,0.017318472248335187,0.041938894945579126
contrast/s5,30976.0,0.08880895376205444,0.6852063536643982,0.08865941459534615,0.6881863441440061,0.0022451148124343267,0.5510813139056532,0.013585904603688949,1.4783666317654771,0.5510813139056532,0.05688744528086751,0.028122283075331822,0.062423970996627345
contrast/s5,31104.0,0.08835455030202866,0.7210111021995544,0.08860398472383388,0.6941544819722876,0.0015029280975800037,0.5587300531103959,0.012889563215128741,1.4230637358112135,0.5587300531103959,0.06339159560124187,0.018825660571089895,0.07407100537790756
contrast/s5,31232.0,0.0883960872888565,0.6763954758644104,0.08856618519020162,0.6909255717708552,0.0010060923628428123,0.5266602008424964,0.011994815935613407,1.4731851125922106,0.5266602008424964,0.05664024168347596,0.015443210795522987,0.06895455731909514
contrast/s5,31360.0,0.08839444816112518,0.6885015964508057,0.08853496027582408,0.6904848489853916,0.0035144089371096513,0.526627903043324,0.011805965687073105,1.4542861064590948,0.526627903043324,0.05573644277984753,0.015503306400308774,0.06630429043674962
contrast/s5,31488.0,0.08837928622961044,0.6541306972503662,0.08850665590378523,0.683875003215387,0.002352620858726295,0.5216992574091673,0.011441531272500863,1.5078977271756462,0.5216992574091673,0.04815827987741859,0.013219155524173642,0.06039791343286545
contrast/s5,31616.0,0.08842524886131287,0.7006373405456543,0.0884918546233357,0.6869227009117992,0.0015748949550151228,0.5522325607449798,0.011212168456054742,1.4659128621853703,0.5522325607449798,0.047734055124552935,0.011690095846760867,0.055927528826959505
contrast/s5,31744.0,0.0893569141626358,0.7104983925819397,0.08864913817593573,0.6912091903063702,0.0010542685236051648,0.5564015489284575,0.012767965135133447,1.4557489377462356,0.5564015489284575,0.04512568979412221,0.016348328624691155,0.05810024657011338
contrast/s5,31872.0,0.08837788552045822,0.7067877650260925,0.08859981951130345,0.6940416584372288,0.0007057500034051103,0.558417565811612,0.011951923709103314,1.4345209736456905,0.558417565811612,0.04931967663904049,0.013268302633057715,0.0631704129932164
contrast/s5,32000.0,0.08858256042003632,0.7314934730529785,0.08859668149470942,0.700851079276456,0.000472444217155487,0.5561514283532277,0.011885690875824298,1.381275085743847,0.5561514283532277,0.051868957088944456,0.022053574489898135,0.06346531778884734
contrast/s5,32128.0,0.08842490613460541,0.7084441781044006,0.08856544961105414,0.7022316426997186,0.00031626431065780527,0.5422377330298466,0.011460952918277104,1.384484874307807,0.5422377330298466,0.046860624166979344,0.01708751680728718,0.05462347719749284
contrast/s5,32256.0,0.08978724479675293,0.6680799126625061,0.0887875941902721,0.6960222372384073,0.00021171412531638203,0.5584917882265914,0.01387915132052494,1.44281022045464,0.5584917882265914,0.04118355832665559,0.01660404017677902,0.04922108804129686
contrast/s5,32384.0,0.08985646814107895,0.7227891683578491,0.08898193490860062,0.7008889519873966,0.00014172598471592514,0.5649821061682141,0.01481303413800548,1.3969393623572655,0.5649821061682141,0.04771378697900084,0.023770059953050413,0.053094282077231776
contrast/s5,32512.0,0.09047690778970718,0.7200494408607483,0.0892537481597109,0.7043726772370968,9.487441952057796e-05,0.5636450462778954,0.015290324767386633,1.3827842912963493,0.5636450462778954,0.04459559293635593,0.021077478150389118,0.051038321059965065
contrast/s5,32640.0,0.08839733898639679,0.6640395522117615,0.08909803740092652,0.6970393817779449,6.35109750509654e-05,0.5570681714752852,0.01384916234752374,1.4651271674531292,0.5570681714752852,0.037859446511114295,0.016950625869268744,0.047854165337662555
contrast/s5,32768.0,0.09274884313344955,0.6879595518112183,0.08976182026138524,0.6953885036021764,0.0023668957766870098,0.5648038999132073,0.015401276567628215,1.4684832704077944,0.5648038999132073,0.04497202617686163,0.024002071862898905,0.05166270572190633
contrast/s5,32896.0,0.08858085423707962,0.6857230067253113,0.08954709916605694,0.6936311405336555,0.0015844508918317997,0.568432775974957,0.014669492673636373,1.44883317130728,0.568432775974957,0.04973333983740323,0.025365023313180256,0.05421222449152407
contrast/s5,33024.0,0.08836567401885986,0.6761482954025269,0.08933229459383929,0.6904524414189047,0.0010606654730444275,0.5279901227600952,0.013125228098787162,1.484820864467565,0.5279901227600952,0.04078223575892282,0.019304271804690912,0.04378049738688801
contrast/s5,33152.0,0.08857960253953934,0.7452200651168823,0.08919544149305747,0.7004101911821734,0.0007100322588148646,0.5378487598641959,0.0134611705725707,1.3856330615049568,0.5378487598641959,0.05131909997084916,0.01808798360479309,0.055650580895354775
contrast/s5,33280.0,0.08863748610019684,0.6948422789573669,0.0890939950579919,0.6993978435049357,0.0033162199418512728,0.5240454508181807,0.012962786845194332,1.4155393507551584,0.5240454508181807,0.05914749667470067,0.01727377414866314,0.06488799216961766
contrast/s5,33408.0,0.08841675519943237,0.730273962020874,0.0889708605382538,0.7050116832351063,0.002219948886693827,0.5600015001344846,0.012587145815194387,1.338100575698133,0.5600015001344846,0.05509047298058474,0.024218394264807555,0.0612576641796614
contrast/s5,33536.0,0.08850841224193573,0.7124847173690796,0.08888677902983233,0.7063704167140106,0.001486081486133884,0.5440402604206053,0.011877101495303397,1.3367550242268182,0.5440402604206053,0.052891143069647636,0.019053222607019932,0.0593439735417568
contrast/s5,33664.0,0.08851518481969833,0.7106013298034668,0.0888192164461716,0.7071396736393661,0.0038357239700565673,0.5496261247443721,0.011574063038279632,1.3561638417439141,0.5496261247443721,0.05374324453422692,0.02308521513362491,0.060387288073407444
contrast/s5,33792.0,0.0936027467250824,0.724329948425293,0.08968894922415538,0.7102651781458983,0.005408625136980016,0.5435513727627614,0.014003736976679459,1.3613279309403423,0.5435513727627614,0.056638039729523804,0.02061902831259188,0.06392661433013225
contrast/s5,33920.0,0.088564932346344,0.6810604333877563,0.08948458251909876,0.7049552245535088,0.0036206498850857955,0.54103439003127,0.012980789598975298,1.4082049300265487,0.54103439003127,0.05625149767017709,0.02180901895305737,0.0662959153780224
contrast/s5,34048.0,0.08840849250555038,0.7237640023231506,0.08928892978936269,0.7083750023298073,0.002423740832164871,0.5486469883680402,0.012287511827240067,1.3912484394365814,0.5486469883680402,0.05031091992796978,0.016923806076013608,0.06271668715388276
contrast/s5,34176.0,0.08837682008743286,0.674175500869751,0.08912309166173908,0.7021569111552517,0.001622504193432682,0.5581335211389359,0.011328105901775805,1.4144524945825219,0.5581335211389359,0.04865854970384753,0.011329159439314892,0.056963236855078536
contrast/s5,34304.0,0.08843732625246048,0.7037383913993835,0.08899840704187024,0.7024444530178211,0.0010861391708103076,0.5513125224153207,0.010894555218028807,1.384233924422054,0.5513125224153207,0.046261095256294626,0.0075839827651612065,0.054661340374060834
contrast/s5,34432.0,0.09346862137317657,0.7249588370323181,0.08981117328392593,0.7065379773840932,0.003567993990377148,0.5637918538482725,0.012773214561614373,1.3406840213611473,0.5637918538482725,0.049304948064131104,0.007917790115521139,0.06009354190329692
contrast/s5,34560.0,0.09218483418226242,0.7154774069786072,0.09024274799271437,0.7081633282194593,0.005229400935707016,0.5904825633199179,0.013687757119722858,1.3222309294535557,0.5904825633199179,0.05030951068755884,0.012790008259150516,0.06037253631543015
contrast/s5,34688.0,0.08853960037231445,0.7036258578300476,0.08993308478900529,0.7073383336032025,0.0035006733536551093,0.5995689060240772,0.01241841689823747,1.3495899913385723,0.5995689060240772,0.05253157327018401,0.016568104702406543,0.06443326811198216
contrast/s5,34816.0,0.09410951286554337,0.6964153051376343,0.09069243534837584,0.7053523284276446,0.009316566459884825,0.5787919949417375,0.013392501707196325,1.3838915009568318,0.5787919949417375,0.05582692094946201,0.023229475048718428,0.07180036956256655
contrast/s5,34944.0,0.08835936337709427,0.7086176872253418,0.09026824044450647,0.7059460300272259,0.006236709778931163,0.5741810048783531,0.012457288710012967,1.3702433962474552,0.5741810048783531,0.04718579005707787,0.01787468990864622,0.06640148706254455
contrast/s5,35072.0,0.08847127109766006,0.7232893705368042,0.08994151874507984,0.709099364665331,0.006499367703251438,0.5638629040921206,0.01229172218458818,1.3092055438691863,0.5638629040921206,0.04424214045143229,0.019971899856201188,0.05710554092616618
contrast/s5,35200.0,0.08836814761161804,0.7222371101379395,0.0896554512662686,0.7114880456603506,0.004350816396391457,0.5794247539790228,0.01139055908345932,1.3064227478706913,0.5794247539790228,0.045629036169967066,0.013369618912002446,0.05424007285140049
contrast/s5,35328.0,0.09163443744182587,0.7131573557853699,0.09001526693455174,0.7117915565921723,0.0029125299843612232,0.5549764882008335,0.013218609282261418,1.3069824083262978,0.5549764882008335,0.040359106857581255,0.014115199436960314,0.04612351984267305
contrast/s5,35456.0,0.0884944349527359,0.7454394102096558,0.08973875202876704,0.7179093481589874,0.001949710154820323,0.5980111202005578,0.01229414346112027,1.2596389892613247,0.5980111202005578,0.05568460872284365,0.024944885573502357,0.06754962898559105
contrast/s5,35584.0,0.08836905658245087,0.7034884691238403,0.08948971649307318,0.715287370152597,0.001305177872235092,0.5924702540185551,0.011207161517285309,1.2868104098225293,0.5924702540185551,0.05225581245082921,0.01669864240870819,0.06717165246142871
contrast/s5,35712.0,0.08953806012868881,0.7216233015060425,0.08949850624500329,0.7164393576714052,0.0008737141128185324,0.610713558475231,0.011913043516141841,1.2976238136094111,0.610713558475231,0.05280141164063772,0.016860248224011262,0.06562730454029525
contrast/s5,35840.0,0.08837436139583588,0.6771240830421448,0.08929411627242739,0.7092911259206306,0.0005848830011429844,0.5619756052602786,0.010786524727721156,1.364800297337709,0.5619756052602786,0.05419970531315418,0.01929281079458605,0.06795092287408194
contrast/s5,35968.0,0.08911211043596268,0.7141659259796143,0.08926102430216107,0.7101774532040821,0.00039153324869902254,0.5706716861659715,0.012785713608576166,1.361537434941095,0.5706716861659715,0.044288645705499896,0.01575593119307,0.058142766552071366
contrast/s5,36096.0,0.09512097388505936,0.7293866872787476,0.09032646968086984,0.7136700412176576,0.003103009860699346,0.5744269138796999,0.013501116525261344,1.3335125912740746,0.5744269138796999,0.060122977703681746,0.02836760683172454,0.06939722389022958
contrast/s5,36224.0,0.08843759447336197,0.7319386005401611,0.08998303782495931,0.7169915974581128,0.0020772214769970826,0.5854634712748403,0.012272110025633364,1.3105530322014367,0.5854634712748403,0.0637496792892415,0.026996083912146182,0.06995805896783963
contrast/s5,36352.0,0.08857021480798721,0.6849511861801147,0.08972616091278257,0.7111660681348404,0.0013905366912129228,0.5533371171343971,0.011755544923672565,1.34675108073988,0.5533371171343971,0.05197292580519472,0.020396138817221823,0.05845332873053727
contrast/s5,36480.0,0.08841932564973831,0.7101892232894897,0.08948855450131997,0.7109884599811402,0.0009308551403987333,0.5488764998998856,0.010717464319415728,1.344458418525112,0.5488764998998856,0.04460584289438654,0.01881890284458651,0.04894396386093816
contrast/s5,36608.0,0.0883929654955864,0.7100480794906616,0.0892893565002775,0.710817481710144,0.000623134432828904,0.5347850949743036,0.009914034443743752,1.3471522255080546,0.5347850949743036,0.03218448987144883,0.012597777937285183,0.04309471960938835
contrast/s5,36736.0,0.08856143802404404,0.7471141815185547,0.08915700768641686,0.7174168816753096,0.00041713957900116707,0.5772631627513932,0.00968946075923405,1.3173283336825492,0.5772631627513932,0.03523300561642442,0.01643942159438099,0.04253654783768972
contrast/s5,36864.0,0.09044778347015381,0.725662112236023,0.08939169419255086,0.7189160145045301,0.0002792421975131779,0.5747071585360566,0.012805727062676901,1.2743996203271257,0.5747071585360566,0.047087797148184944,0.018494571480536036,0.0576587634285361
contrast/s5,36992.0,0.08837265521287918,0.6940009593963623,0.08920641437806509,0.7143860044848632,0.00018693072726088766,0.5673142962100874,0.01126348005167396,1.3250244775804805,0.5673142962100874,0.0395277815620081,0.012380663553086105,0.05461041188191258
contrast/s5,37120.0,0.08854898065328598,0.7176864743232727,0.0890868809735598,0.7149860899100287,0.002449515610811007,0.5618488263885708,0.010761238333153645,1.3220642554454787,0.5618488263885708,0.055128101706798806,0.01577755163471053,0.06522473853251998
contrast/s5,37248.0,0.08858312666416168,0.7172159552574158,0.08899528928094196,0.71539151997319,0.0016397583840966244,0.5664545862601176,0.01008934516693279,1.2946929221993266,0.5664545862601176,0.06402170444835291,0.015210592416624405,0.07646242827383568
contrast/s5,37376.0,0.08841123431921005,0.7204242944717407,0.08888909746971796,0.7163065698820174,0.001097689496791955,0.5697960453476819,0.009439762454534949,1.2862336613728746,0.5697960453476819,0.053188083143112276,0.015347586659062617,0.06668146024942717
contrast/s5,37504.0,0.0883762463927269,0.7398496866226196,0.08879585181935595,0.7205871365621268,0.0007348169358689946,0.5679006584558862,0.008775970715696784,1.2758675848300838,0.5679006584558862,0.04645235317844706,0.01543929354862869,0.060650399009947106
contrast/s5,37632.0,0.08838596194982529,0.6765062808990479,0.08872132638853218,0.712572435532476,0.0004919022463255252,0.5410636639250147,0.008807564347421078,1.3431335986672865,0.5410636639250147,0.04091025295416703,0.012659775020156394,0.05041472991574971
contrast/s5,37760.0,0.08839353919029236,0.6931558847427368,0.08866172871612495,0.7090421535707052,0.0003292899334906408,0.5246479899002164,0.008271056687653154,1.3566872791010332,0.5246479899002164,0.040041161068491975,0.008474725426716262,0.04924457126591509
contrast/s5,37888.0,0.08848156780004501,0.7051733136177063,0.08862897218592859,0.7083387281247053,0.00022043375713009838,0.5350949353877481,0.008246040549212802,1.39069252447666,0.5350949353877481,0.04694904170700702,0.015487212888958816,0.05595091134329852
contrast/s5,38016.0,0.08836980909109116,0.7107653617858887,0.08858185162323087,0.7087799342449204,0.00014756309361601625,0.5229767749289883,0.008324015764190661,1.3812759763402125,0.5229767749289883,0.03891836676254188,0.015016233421534414,0.05010970098187752
contrast/s5,38144.0,0.09424874931573868,0.7194620966911316,0.0896121966582323,0.710722145598777,0.0029396909965528706,0.5479224691673392,0.011086530702060792,1.3612625275093275,0.5479224691673392,0.05472014634517266,0.02787243724912634,0.062211865946546104
contrast/s5,38272.0,0.08878613263368607,0.7166939377784729,0.08946200319922389,0.7118079259950854,0.001967892320006467,0.5475761983682188,0.010850464274990436,1.3170790435830046,0.5475761983682188,0.047477949206272595,0.026664606753547385,0.05533397637743995
contrast/s5,38400.0,0.08863406628370285,0.678230881690979,0.08931146921458369,0.7057030088488842,0.004158258495210941,0.5677472898167415,0.01050569676210596,1.340560449974844,0.5677472898167415,0.05864226351824858,0.026372587992044116,0.06622563707911269
contrast/s5,38528.0,0.08840514719486237,0.6892766952514648,0.08914668339281617,0.702716406376626,0.005624536678612282,0.5533576898773228,0.009774975419402386,1.3574159808656878,0.5533576898773228,0.05294440780973665,0.02333619526740143,0.06034526118519114
contrast/s5,38656.0,0.0883776992559433,0.7110445499420166,0.08900686809520292,0.704230614297606,0.006606094801385081,0.5414006023145713,0.009122080784191945,1.344667083044523,0.5414006023145713,0.049130140765195604,0.02414447782363236,0.05408443104132629
contrast/s5,38784.0,0.08839865028858185,0.706270694732666,0.08889628303945363,0.7046015380130715,0.004422261809191665,0.5540574279957047,0.00863017094445763,1.33172712154948,0.5540574279957047,0.051225548776701185,0.024169030609208435,0.054542057143367184
contrast/s5,38912.0,0.08908089250326157,0.7116509675979614,0.08892984839650961,0.7058832524830514,0.002960357078880371,0.5578814187409261,0.009663070796796734,1.3337802765166484,0.5578814187409261,0.0446220615777917,0.01902017751525523,0.04684220354225407
contrast/s5,39040.0,0.08842425793409348,0.6934154033660889,0.0888379228578885,0.7036163708254218,0.0019817266395810744,0.5586334290745043,0.009236065088088464,1.3815842420840176,0.5586334290745043,0.0383936941140589,0.012732515526741102,0.04272081394150892
contrast/s5,39168.0,0.08844014257192612,0.7173290848731995,0.0887655991695317,0.7061095915613813,0.0013266103950914628,0.5645603946697094,0.008797500831433788,1.3324197645930358,0.5645603946697094,0.03887305143172537,0.01601308890633082,0.04461062751456382
contrast/s5,39296.0,0.08838940411806107,0.7298316955566406,0.0886972000692643,0.7104227013787012,0.000888061504152136,0.5576809253574088,0.00832166547171374,1.293619992148269,0.5576809253574088,0.04771667079313847,0.013560414887709059,0.05439843660065842
contrast/s5,39424.0,0.0918193832039833,0.7282395362854004,0.08926486973012229,0.7136621259071919,0.0005944874531927522,0.5861335120161165,0.01172270974688951,1.282445419152598,0.5861335120161165,0.05647768871276211,0.017600360379375485,0.06844027574093663
contrast/s5,39552.0,0.09159582853317261,0.7574472427368164,0.08968868042158598,0.7216230562398509,0.0027223428405670487,0.6173187146554168,0.012799788292694937,1.221505121865562,0.6173187146554168,0.06182597343581595,0.022112637939912513,0.0721583664050898
contrast/s5,39680.0,0.08838478475809097,0.7219470739364624,0.0894516084827687,0.7216819685483257,0.004663303885007694,0.6084943461742872,0.011044974541100561,1.227115095768208,0.6084943461742872,0.057916560729761084,0.020484493166387716,0.0780047742050601
contrast/s5,39808.0,0.08838760107755661,0.6991453766822815,0.08925815259091195,0.717584406390863,0.003121715823848125,0.5961305127282418,0.00961166420053556,1.2507308359499196,0.5961305127282418,0.04341935057116238,0.01603714005353227,0.05686683231908981
contrast/s5,39936.0,0.08838450908660889,0.7120714783668518,0.08909930831740229,0.7165820558410427,0.004930652741584282,0.577006789512294,0.008703632333177693,1.2818477453279011,0.577006789512294,0.037588573522844226,0.01641742433335631,0.04891498692434937
contrast/s5,40064.0,0.08837492018938065,0.6833075881004333,0.0889676013850347,0.7105321526154774,0.003300684893126667,0.5512917351280645,0.00803790315835574,1.3335407828007915,0.5512917351280645,0.03316879715165605,0.013314556785139346,0.04075094166010164
contrast/s5,40192.0,0.08840014785528183,0.6972236037254333,0.08886442801598872,0.7081124164536512,0.0022095493912666114,0.5286539714493654,0.008278223868101162,1.3564081696372856,0.5286539714493654,0.035375393134579665,0.016919248756994104,0.04045104359064655
contrast/s5,40320.0,0.08836860209703445,0.6970505118370056,0.08877427784890612,0.7061011610688066,0.0014791198404346736,0.5225390222099058,0.007909718207005423,1.3396152703918305,0.5225390222099058,0.033495097883478944,0.011326108672037373,0.03921722752762289
contrast/s5,40448.0,0.0884275734424591,0.7431268692016602,0.08871124068409757,0.7128331080020527,0.0009901546039273433,0.5450467834628295,0.00781685777107205,1.2923554953510275,0.5450467834628295,0.03791820602117185,0.01326375869781014,0.04691401181601201
contrast/s5,40576.0,0.08875765651464462,0.7408261895179749,0.0887196799260152,0.7179227591867657,0.000662830767918304,0.5564982600040429,0.008507475709541228,1.2684640780153282,0.5564982600040429,0.030032022212519993,0.011203425243988607,0.04406020625699977
contrast/s5,40704.0,0.08841194212436676,0.7155327796936035,0.08866372759844275,0.7174882174607362,0.00044371315868911256,0.5478934633084914,0.008373395365608055,1.2728042828314685,0.5478934633084914,0.03844085784474478,0.010340722683992372,0.0478316256761734
contrast/s5,40832.0,0.08840012550354004,0.7413172721862793,0.08861579994482408,0.7218207728653804,0.00029703112275882736,0.5444576076693206,0.007940508208554948,1.228761851630861,0.5444576076693206,0.04122900401177129,0.009246682127300678,0.05319720396504169
contrast/s5,40960.0,0.08836504071950912,0.6936708688735962,0.08857020735840317,0.7167026085032377,0.00019883901606169434,0.541641043150537,0.007341219860064418,1.2910603879833236,0.541641043150537,0.030440490288871684,0.006189927705052519,0.03845226050552377
contrast/s5,41088.0,0.08837847411632538,0.7060140371322632,0.08853534676893447,0.7147592318903333,0.00013310710992559704,0.555509706571847,0.007331580170217639,1.308588921953549,0.555509706571847,0.04155520424296369,0.0064680507777624295,0.049242835545020035
contrast/s5,41216.0,0.08838392049074173,0.7196374535560608,0.08850781471835396,0.7156461812841018,8.91047595369699e-05,0.5655684812588395,0.007157563065990784,1.2808644647955736,0.5655684812588395,0.04202249209652941,0.012852579446270716,0.06034024528220349
contrast/s5,41344.0,0.08844203501939774,0.7266592979431152,0.08849585477308919,0.7176485661311952,0.002900557731590864,0.5624879915864958,0.0077601981062321215,1.286917965865617,0.5624879915864958,0.044659684791891585,0.01996742921609858,0.059246362544284975
contrast/s5,41472.0,0.08841956406831741,0.7142746448516846,0.08848198373585794,0.7170351258985569,0.0019416956715608263,0.5591345232934393,0.007808762077612732,1.27919584448488,0.5591345232934393,0.037385822050770394,0.015691006334743674,0.04715045757096762
contrast/s5,41600.0,0.08837401121854782,0.7069525718688965,0.08846235236907429,0.7152019342568005,0.001299812804929148,0.5266726974113105,0.007502997712380197,1.2984652992749237,0.5266726974113105,0.03251654203398679,0.012828276967886259,0.041377579035110544
contrast/s5,41728.0,0.08842096477746964,0.710059404373169,0.08845482735241889,0.7142669288234129,0.0037110317123905867,0.5289606486802987,0.00751842700300472,1.2948891231588306,0.5289606486802987,0.03777966863432173,0.01659372259833708,0.04371143720532193
contrast/s5,41856.0,0.08837669342756271,0.7165891528129578,0.08844062118426321,0.7146891513669665,0.0024842443694515493,0.5328166325876379,0.007130448686660847,1.3010691077936734,0.5328166325876379,0.03613762941636413,0.013949103557564489,0.04010848275728162
contrast/s5,41984.0,0.08839049190282822,0.7304632067680359,0.08843150676945685,0.7175571614398881,0.0016630065613683922,0.5434041094181707,0.007006209176488186,1.2785638135538224,0.5434041094181707,0.03684626432004541,0.014503118910435733,0.04234534796148604
contrast/s5,42112.0,0.08843579888343811,0.6959105730056763,0.08843228715381707,0.7136214180882132,0.0034376324914945433,0.5339626682881969,0.007310750081916032,1.3131281102254726,0.5339626682881969,0.04300245793325354,0.01952274902268838,0.04668366268496173
contrast/s5,42240.0,0.0884142816066742,0.7289611101150513,0.08842901341797291,0.7164104530021838,0.002301225056289735,0.5377146787714375,0.0071625072412757635,1.280815134962181,0.5377146787714375,0.0442826371288722,0.01590985678378313,0.046746914689933056
contrast/s5,42368.0,0.0884045660495758,0.7710486054420471,0.0884245684419007,0.7263446625367043,0.0015404895004914754,0.564244950251954,0.007391842095708676,1.1913983320410104,0.564244950251954,0.0474639967556913,0.013491309086664738,0.05143801727177336
contrast/s5,42496.0,0.08837127685546875,0.765798807144165,0.08841487906254944,0.7335181433744244,0.0010312367730562768,0.5618602559537873,0.006936601841713458,1.1532900391797545,0.5618602559537873,0.03926308873728095,0.011872281289420195,0.044764292553831755
contrast/s5,42624.0,0.08946660161018372,0.7075855135917664,0.08860610134393748,0.7288031197775775,0.0006903320546905653,0.5563899234070807,0.008676146515949395,1.17957432207753,0.5563899234070807,0.04126289411338643,0.015437229623496161,0.04494551815587084
contrast/s5,42752.0,0.08838645368814468,0.738215446472168,0.0885661654065206,0.7305144519038667,0.00046212311099120483,0.5416225933551532,0.00793482701279859,1.1896332415437951,0.5416225933551532,0.04131028448912644,0.015499302475232967,0.04609989231921932
contrast/s5,42880.0,0.08836886286735535,0.711993932723999,0.08853029221758146,0.7271470847802542,0.00030935514041559986,0.5353527277832015,0.007352511752686172,1.2259374089413408,0.5353527277832015,0.03462713259189456,0.01037556611978405,0.03783339899055177
contrast/s5,43008.0,0.08838962018489838,0.7312924861907959,0.08850471548436635,0.7279007941276254,0.00020708897829474038,0.5277981070284241,0.007083600577899599,1.2195061404327843,0.5277981070284241,0.04203345239622693,0.012627445088450477,0.04882855634904705
contrast/s5,43136.0,0.08866509795188904,0.7117632031440735,0.08853387593300684,0.7249666866760704,0.00013862981191631378,0.5563152617297714,0.0077108147577583585,1.2314014712841743,0.5563152617297714,0.03846867474458166,0.016459281422847014,0.04301746334109761
contrast/s5,43264.0,0.08840478211641312,0.7530721426010132,0.0885104043299898,0.7300767695715146,9.280177491918525e-05,0.5591345966951362,0.007441442063465035,1.1800948094645036,0.5591345966951362,0.05829307978769516,0.022381833018600066,0.06417904570767691
contrast/s5,43392.0,0.09126055985689163,0.7125881910324097,0.08901043260760831,0.72689702801895,6.212350221862814e-05,0.5651541515066614,0.01073185154758422,1.2125948101173996,0.5651541515066614,0.04986974762647361,0.017823789045509134,0.05380993968861015
contrast/s5,43520.0,0.08837834745645523,0.7156286835670471,0.08889550803467137,0.724848238118604,4.158680727032131e-05,0.5660845972895832,0.009267991041592396,1.2406507646915865,0.5660845972895832,0.0455223103945815,0.014256007542861484,0.050484339791548934
contrast/s5,43648.0,0.08836989849805832,0.7267190217971802,0.08879994266437809,0.7251883806056179,2.783910238757046e-05,0.556893408102944,0.008107457433658054,1.235778559654936,0.556893408102944,0.04312857142116613,0.009543277776626282,0.04877464068690466
contrast/s5,43776.0,0.0885591208934784,0.7340325117111206,0.08875615688785086,0.726796404442982,1.8636093333828156e-05,0.5641703806308963,0.0080932928846386,1.2268454564028926,0.5641703806308963,0.049015820538135996,0.011553764462039082,0.05563632971602708
contrast/s5,43904.0,0.08838532865047455,0.744258463382721,0.08868873357196425,0.7299713242502072,1.2475401322645292e-05,0.5876367837281206,0.007530298685867153,1.2018592460470174,0.5876367837281206,0.0483081112693307,0.012899627449794757,0.05558093146279498
contrast/s5,44032.0,0.08842332661151886,0.7574317455291748,0.08864047776097417,0.7349641281191104,8.351301711853458e-06,0.5896576816692377,0.00713428381079586,1.1858635726914744,0.5896576816692377,0.04783435547781641,0.013800577053168391,0.05554384668170573
contrast/s5,44160.0,0.08838490396738052,0.7196954488754272,0.08859400979850258,0.7321880046202589,5.590540815372975e-06,0.5620848943405641,0.006665163680133271,1.2194785469581775,0.5620848943405641,0.0395110148239928,0.00923840282071603,0.044671913894364985
contrast/s5,44288.0,0.08837372809648514,0.7480818033218384,0.08855395857995395,0.7350777862023643,0.00232812259343839,0.5704865821618651,0.006562145277398684,1.164193099276272,0.5704865821618651,0.04013753884911914,0.011349674615520645,0.046433264673087296
contrast/s5,44416.0,0.08842767030000687,0.6783692836761475,0.08853099707450902,0.7247671493794158,0.001558495289822393,0.5603567202901741,0.006504115348389871,1.2382236819984813,0.5603567202901741,0.04804661691552604,0.015603914412042745,0.05226111106214934
contrast/s5,44544.0,0.08869531005620956,0.7160232663154602,0.08856087216209094,0.7231773524586965,0.0010432902353356515,0.5742367301116041,0.00709193078949285,1.2394102189686231,0.5742367301116041,0.04197748735667444,0.015610884854342661,0.04479876029780244
contrast/s5,44672.0,0.0884535014629364,0.7600433826446533,0.0885413502167901,0.7298802670379613,0.0006984009013403947,0.5868857449507433,0.0075639817034666885,1.1845476082808493,0.5868857449507433,0.03894773947017049,0.018456460109105417,0.04367726929026444
contrast/s5,44800.0,0.09406835585832596,0.7622358798980713,0.08954626033343299,0.7357631057397994,0.0027919047356080324,0.5816652507521504,0.01070017244751187,1.123880460242253,0.5816652507521504,0.04337617270317198,0.02268572949452511,0.04654222159100347
contrast/s5,44928.0,0.08843112736940384,0.7211016416549683,0.08934350888542768,0.7330973849971028,0.0018689610213574429,0.5722304571150759,0.009231204891695748,1.1465148415510116,0.5722304571150759,0.03704314040460272,0.015186314785591189,0.04200347065182876
contrast/s5,45056.0,0.08840025961399078,0.7298307418823242,0.0891720090178937,0.7325034498853248,0.001251122667189693,0.5591997274902574,0.008252859192787185,1.1770041553720336,0.5591997274902574,0.03745243283283323,0.014814805765561044,0.04361389357684404
contrast/s5,45184.0,0.088384710252285,0.7048963308334351,0.08902886378778302,0.727483973694072,0.0008375283970443397,0.568813453939759,0.007218866337438297,1.2310024868129241,0.568813453939759,0.037726421979004054,0.009917349314135904,0.044175416361358404
contrast/s5,45312.0,0.08837021887302399,0.7418508529663086,0.08890911016691773,0.7300961335617514,0.000560659505459434,0.5605280146208305,0.006728694969543654,1.2065472465121074,0.5605280146208305,0.03842636512644073,0.009479795821859571,0.04274346053942174
contrast/s5,45440.0,0.08843053877353668,0.7483441233634949,0.08882209718630299,0.733413949889341,0.000375317520183588,0.5462005717709691,0.006582488782986595,1.180378900719107,0.5462005717709691,0.030888723762328086,0.006345979021244836,0.039460498377629424
contrast/s5,45568.0,0.08840510994195938,0.7235549688339233,0.08874628132369505,0.7316214078792651,0.0002512456126848812,0.5606280687061859,0.006422608294151637,1.209359836044276,0.5606280687061859,0.033332534088831196,0.01457871322909778,0.03907066420320647
contrast/s5,45696.0,0.0883745327591896,0.7141860723495483,0.08867869067560315,0.728451346873862,0.003009098302706408,0.5594390377289343,0.006336305896302026,1.246551055787118,0.5594390377289343,0.03832591124954815,0.014924593153362975,0.047332428102972925
contrast/s5,45824.0,0.08837384730577469,0.7269930839538574,0.08862326460836162,0.7281862081611339,0.002014355062142306,0.5581265459177163,0.006195015918154828,1.227815360941892,0.5581265459177163,0.03547023810920164,0.009990843350598353,0.04666468327554386
contrast/s5,45952.0,0.09185527265071869,0.7433711886405945,0.08921090243424473,0.7309471137028539,0.0013484525622605517,0.5815247952011158,0.00843475846023504,1.1979020651755485,0.5815247952011158,0.03355858914748209,0.014177754639656748,0.04389330037453762
contrast/s5,46080.0,0.08838170766830444,0.7236306667327881,0.08906013974952831,0.7296168506173875,0.0009026831201909476,0.563097176952813,0.007516992545182274,1.2347061285489829,0.563097176952813,0.03047103901608305,0.009490893601753689,0.039713696944938405
contrast/s5,46208.0,0.08837441354990005,0.7425916194915771,0.0889354622586868,0.7319758995036038,0.0006042754771526177,0.5902757961419657,0.006752832447903182,1.1975882312632757,0.5902757961419657,0.025563257523163033,0.006353408113570651,0.03407487150859513
contrast/s5,46336.0,0.08847950398921967,0.7515829205513,0.0888525607551473,0.7355408124213667,0.0004045149888377027,0.6025296651859439,0.006621674134311455,1.1660594443801593,0.6025296651859439,0.029767552556828142,0.009934926092555559,0.040630699109059545
contrast/s5,46464.0,0.0883927270770073,0.7405625581741333,0.08876895463184911,0.7364538571036878,0.0002707910255855695,0.6164144866120781,0.006635476446346043,1.176657243476268,0.6164144866120781,0.03774728724878578,0.016464702590884298,0.04501931097383324
contrast/s5,46592.0,0.08837360888719559,0.7306932210922241,0.08869707358736664,0.7354064687379671,0.00018127333117711673,0.5867113505419695,0.006174420716158643,1.1701106154588832,0.5867113505419695,0.03792380386075742,0.011021825701335768,0.04279185280066522
contrast/s5,46720.0,0.08846824616193771,0.722194492816925,0.088655468600925,0.7330042912977776,0.002962257353928483,0.5861972677181778,0.006101846069304079,1.1778574490818978,0.5861972677181778,0.03959155465058968,0.015900974229819807,0.04801562046986679
contrast/s5,46848.0,0.08838199079036713,0.7275136709213257,0.08860574536264175,0.7320059966838772,0.001982998724530637,0.5899853610344825,0.005965908416554309,1.173559541582537,0.5899853610344825,0.04019145393965094,0.01580974307946615,0.05383690295916702
contrast/s5,46976.0,0.08837832510471344,0.7389485836029053,0.0885643962248366,0.7332682852146095,0.001327461956090757,0.5870976383784553,0.005853071910303347,1.164938114574767,0.5870976383784553,0.042400890653815915,0.010583381730882297,0.06522346396440105
contrast/s5,47104.0,0.08837252110242844,0.7226943969726562,0.0885295098389442,0.7313457600797089,0.0008886315573830687,0.5601128818897096,0.005542457510330481,1.1760092591269657,0.5601128818897096,0.02838406729718255,0.007084743142160875,0.04366198827368996
contrast/s5,47232.0,0.08839695155620575,0.7380924224853516,0.08850540833299174,0.7325724259716438,0.0005948690590746161,0.5583193672154254,0.005655792082785857,1.1802224226373381,0.5583193672154254,0.029331483066708977,0.007583588384421742,0.042399760745197405
contrast/s5,47360.0,0.08978114277124405,0.7614411115646362,0.08873736004903761,0.7378212778976424,0.00039821813045490826,0.5692571797061938,0.007044742446346244,1.1302661243169871,0.5692571797061938,0.035130992796722535,0.017731575695356702,0.049560996862487515
contrast/s5,47488.0,0.08837651461362839,0.7166163921356201,0.08867175178805412,0.7339658441227292,0.00026657577327973193,0.5665068723653033,0.0063106759160384,1.1942404987974917,0.5665068723653033,0.03281496212012004,0.014194277944825558,0.042474716907946186
contrast/s5,47616.0,0.08842147141695023,0.7224811315536499,0.08862624626603521,0.7318777145647147,0.0025028317159971757,0.5595004682775996,0.00632574346262527,1.225126835504905,0.5595004682775996,0.036429850675452256,0.01415071498785843,0.042896298095401984
contrast/s5,47744.0,0.09058006852865219,0.699569821357727,0.08898148667742012,0.7260035521634443,0.0016754493305435635,0.5455127101693021,0.008899007063550997,1.257489033612162,0.5455127101693021,0.03884973474968291,0.016962462099310186,0.043178513601054215
contrast/s5,47872.0,0.08837706595659256,0.7062386274337769,0.08887159200090601,0.7224099294853229,0.001121581783256435,0.5420890869728386,0.007752863368317304,1.2729217572142972,0.5420890869728386,0.03117213648532492,0.011355036611934917,0.036394294228804885
contrast/s5,48000.0,0.08847147226333618,0.7353137135505676,0.08879884295771148,0.72475607204264,0.000750810945816291,0.5552931078082639,0.007232406153535302,1.2238619017318209,0.5552931078082639,0.040495397151333205,0.015090974922039074,0.04631560192176194
contrast/s5,48128.0,0.08842547237873077,0.7378625273704529,0.0887309573978968,0.7271390639204242,0.0005026089802571865,0.5478615019212345,0.0067688885244307755,1.2331199241283355,0.5478615019212345,0.03459815842361975,0.012426603046984834,0.041335237650105106
contrast/s5,48256.0,0.08836916089057922,0.6966358423233032,0.08866517621474813,0.7215930236300385,0.00033645725124654627,0.5459857988067768,0.006250644653517355,1.2840838299316708,0.5459857988067768,0.027809511010852887,0.010643015262857615,0.037484745864946385
contrast/s5,48384.0,0.08848999440670013,0.7158965468406677,0.08863332497692122,0.7205573005774255,0.00022523171364438217,0.5537694190359415,0.006234617010274097,1.2854662305690747,0.5537694190359415,0.029463391668422177,0.007124663109846832,0.0359402017773608
contrast/s5,48512.0,0.08840887993574142,0.709282636642456,0.0885925167876158,0.7185073616801583,0.00015077494880326407,0.5321204375364565,0.006112626709758281,1.2865271733260433,0.5321204375364565,0.03237838615819997,0.009934691833864407,0.03671410201624979
contrast/s5,48640.0,0.08840971440076828,0.7200867533683777,0.08855927999000715,0.7187945238052891,0.00010093199052119328,0.5429380614913469,0.005942832441293357,1.2922184833897035,0.5429380614913469,0.03665412627119171,0.016464545773082782,0.04652968812658043
contrast/s5,48768.0,0.09028378129005432,0.7569011449813843,0.08887282568092482,0.7257230003827609,6.756604324145996e-05,0.5550866362049511,0.007960464069269542,1.2190957216274336,0.5550866362049511,0.042873836594764694,0.021868828162146324,0.05180913006820673
contrast/s5,48896.0,0.08838100731372833,0.7232744693756104,0.08878340415961637,0.7252778129269153,4.52301611781674e-05,0.5505641944843062,0.006938107488596389,1.2189043868474552,0.5505641944843062,0.0431634773898838,0.019804752736643404,0.04914495483904747
contrast/s5,49024.0,0.08837700635194778,0.7155870199203491,0.08870951364913117,0.7235158505620851,3.027804178042611e-05,0.543146278952304,0.0062396648592615575,1.2615386300345455,0.543146278952304,0.028894559244467665,0.013257727038579466,0.03289868877655243
contrast/s5,49152.0,0.08855502307415009,0.7549245357513428,0.08868142445368006,0.7292265205964955,0.002344648937059624,0.5730462693812944,0.006140984381600697,1.2116913604160606,0.5730462693812944,0.03148106858513951,0.0158481478522722,0.03932680818926237
contrast/s5,49280.0,0.08839240670204163,0.749444842338562,0.08862887577156398,0.732902579095053,0.001569558379353963,0.5752417175197094,0.005759919796966346,1.1809643487308448,0.5752417175197094,0.031404682276002474,0.012933470876314445,0.03949769804405166
contrast/s5,49408.0,0.08855301141738892,0.747505247592926,0.08861508225262305,0.7355576097310298,0.0010506961051873634,0.5818766869346814,0.005875535254666541,1.1710019758533314,0.5818766869346814,0.03935974598641488,0.010982323479185702,0.044777384641059376
contrast/s5,49536.0,0.08839210867881775,0.725509762763977,0.08857454160284026,0.7337307284642929,0.0007033585497535241,0.5491281953860263,0.005722762795512144,1.1894053821281796,0.5491281953860263,0.039519747313219875,0.009676183486066461,0.043146431040709164
contrast/s5,49664.0,0.08840674161911011,0.732022762298584,0.08854403251488932,0.7334201891614367,0.0004708433266945078,0.5705940812088275,0.005725404622881253,1.1692486359115906,0.5705940812088275,0.04711652506091578,0.01629149473034201,0.057033974498325965
contrast/s5,49792.0,0.08842857927083969,0.6926550269126892,0.0885230410159712,0.7260083414798462,0.00031519264018392665,0.5467406659331819,0.005605788575375702,1.2454716877079812,0.5467406659331819,0.04367924404904278,0.01607116589386531,0.05031819780466448
contrast/s5,49920.0,0.08843366801738739,0.7270626425743103,0.08850679137986504,0.7262000325879305,0.00021099672607353766,0.5444606937238655,0.005644315412225431,1.2286478239896224,0.5444606937238655,0.05274189064440053,0.01644020196200901,0.05718614894361837
contrast/s5,50000.0,0.11177682131528854,0.7548829913139343,0.09273770591357841,0.7314151159926585,0.00014124574224757478,0.5256307123275463,0.005319337380590441,1.2228858591166971,0.5256307123275463,0.03763093505947473,0.011005424453906855,0.04060601706143047
