corruption,n_samples,r_l,r_s,r_l_ema,r_s_ema,large_acc_ema,small_acc_ema,large_ent_ema,small_ent_ema,nuclear_norm_identity_pbs128_duo_acc_ema,fixed_ts_duo_acc_ema,coca_ts_duo_acc_ema,proxy_weighted_nuclear_norm_duo_acc_ema
motion_blur/s5,128.0,0.21066570281982422,0.39638030529022217,0.21066570281982422,0.39638030529022217,0.20880681818181818,0.34517045454545453,4.781203400004993,3.3832632411609995,0.33238636363636365,0.33238636363636365,0.3352272727272727,0.33238636363636365
motion_blur/s5,256.0,0.22843404114246368,0.3535173535346985,0.21389630978757684,0.38858704133467237,0.18471778737791134,0.2982132794891059,4.757795263286106,3.4937678332798106,0.2896553343350864,0.2839735161532682,0.2858752817430503,0.2839735161532682
motion_blur/s5,384.0,0.24524018168449402,0.38515302538871765,0.21959519558701632,0.3879626747990442,0.2186953783273621,0.3057770713935337,4.6957334250902125,3.5261433228066026,0.3000481990177024,0.2996021058546671,0.3031995687701411,0.2996021058546671
motion_blur/s5,512.0,0.27753302454948425,0.3841826021671295,0.230129346307465,0.3872753888659688,0.22775269127699443,0.32117101473451426,4.595125128436592,3.5311662037847507,0.31733598446639577,0.31471297995229774,0.314280289837863,0.31471297995229774
motion_blur/s5,640.0,0.24313265085220337,0.35193270444869995,0.23249358349741742,0.3808494462446471,0.2281340330036078,0.3276020842437657,4.599745096732509,3.6267654899509183,0.3335575598494054,0.3243119948441001,0.3211814336931148,0.3243119948441001
motion_blur/s5,768.0,0.2781406044960022,0.3705131709575653,0.24079304186079645,0.37897012346517767,0.24905046837431596,0.3169278415185539,4.517621012590443,3.636265678103523,0.3209145648578664,0.32970472382125704,0.3304499680094405,0.32970472382125704
motion_blur/s5,896.0,0.2679394781589508,0.3566879630088806,0.24572875755136997,0.3749188215640327,0.2627941151927239,0.3291521087851476,4.483898719620042,3.6740764782986712,0.34447586573129896,0.3477775423927423,0.34595204470053453,0.3477775423927423
motion_blur/s5,1024.0,0.27873969078063965,0.3601071834564209,0.2517307454112372,0.3722257964535578,0.2608890357901705,0.3016948000958426,4.419541629206197,3.6628605062468114,0.3096284721011175,0.327334553172001,0.32843690595655617,0.33017546226291006
motion_blur/s5,1152.0,0.274000883102417,0.3822856843471527,0.25577986135508807,0.37405486697966595,0.2541901809835025,0.30061800667572935,4.3582835390887595,3.6246762754429174,0.30876988628256624,0.3239801554291907,0.3223937139048021,0.32588192101897284
motion_blur/s5,1280.0,0.269470751285553,0.363609254360199,0.25826911406971803,0.3721556646852174,0.23291863355093967,0.3079033763697031,4.3237709970944485,3.616343471165376,0.31620132883378393,0.32018506272532593,0.31344124649825594,0.3214581454755107
motion_blur/s5,1408.0,0.28249800205230713,0.35839182138442993,0.26267436643018877,0.36965314772143787,0.24992900262500917,0.303482838726826,4.317144727005399,3.6498509612065866,0.3090376664093925,0.33753090975827604,0.3324999253418076,0.33838313870674686
motion_blur/s5,1536.0,0.32495635747909546,0.3991960883140564,0.2739983648027172,0.37502459146555034,0.25408470423657636,0.30672198294936287,4.206002363807247,3.5789743875972553,0.31508926429058504,0.3478512701687632,0.347324330187491,0.3484217705392272
motion_blur/s5,1664.0,0.34488821029663086,0.42509108781814575,0.2868874276197924,0.38412759080238584,0.2733955458112619,0.33368372412312713,4.097568416636092,3.517174988292532,0.33876843312014365,0.36767316432784974,0.36732041938170884,0.368055069534524
motion_blur/s5,1792.0,0.3496611714363098,0.4078698456287384,0.29830083558643194,0.3884443644071772,0.2708267703364645,0.34295150127250656,4.020110921650493,3.502046563191297,0.3543615130804267,0.36389691165748617,0.36133639644560667,0.36415256720906153
motion_blur/s5,1920.0,0.3449762761592865,0.41554445028305054,0.30678727932695093,0.3933716527482451,0.2869274247706911,0.34037455870308286,3.967836830929114,3.464095609370421,0.35369448396293024,0.35258801524178823,0.3480330422487119,0.35275915656143786
motion_blur/s5,2048.0,0.3441234529018402,0.42250871658325195,0.31357567452238533,0.3986693007182463,0.2930567884828593,0.35182098557809677,3.9379219677751274,3.4077212627898525,0.36874382810741607,0.37600933251723007,0.37011922662930297,0.3761238981940203
motion_blur/s5,2176.0,0.41902148723602295,0.44367551803588867,0.33274764047031946,0.406852249321454,0.3260855360918314,0.3661983457175689,3.772653384152117,3.3359202408510136,0.40386983534463383,0.4064091399495507,0.4001417963386243,0.4064858326753359
motion_blur/s5,2304.0,0.34750068187713623,0.38822370767593384,0.3354300116351952,0.40346524174954124,0.2929270944085813,0.34663897523242215,3.7754857984668626,3.3561840144080004,0.37185707985880445,0.3787222341811041,0.37168583060684757,0.3787735739396876
motion_blur/s5,2432.0,0.37653106451034546,0.4244665503501892,0.34290293033976793,0.4072836614951136,0.3110193772487197,0.3663450991225305,3.7143265592217896,3.3317635570592525,0.3798692022195302,0.3798161237080118,0.3745892750343359,0.37985049164557594
motion_blur/s5,2560.0,0.39750900864601135,0.4305926561355591,0.35283130821363035,0.4115216605206491,0.3164158641086471,0.35603473577623934,3.6469732282903866,3.3041003013812924,0.37438558165109037,0.37615790099461943,0.38014860560149755,0.3761809076305095
motion_blur/s5,2688.0,0.35624247789382935,0.41466426849365234,0.3534515208827574,0.41209304378846784,0.3037577272132265,0.3295046578336808,3.6839336922232055,3.2865131077673126,0.35057010011353984,0.36492801636829897,0.36992385994810983,0.36494341750472126
motion_blur/s5,2816.0,0.39805570244789124,0.44868969917297363,0.36156137207641803,0.4187469811311052,0.31181302400224253,0.32491634119444746,3.60139131054041,3.2165777170772993,0.34883205048922905,0.36877412665977033,0.3697940715355115,0.3687844365114249
motion_blur/s5,2944.0,0.40417736768722534,0.4261813163757324,0.3693097349147466,0.4200986784483101,0.3099740078031541,0.31771259203925817,3.5746588358771807,3.2254260110242363,0.3417284800795665,0.35327028313587927,0.35162867598658204,0.35327718477211084
motion_blur/s5,3072.0,0.368213415145874,0.42479822039604187,0.3691104040476788,0.42095314062062494,0.29195574076078906,0.3084997516957017,3.587645412812263,3.2374465895077074,0.3434298089788833,0.35348052011575387,0.35470597318110036,0.35348514021934685
motion_blur/s5,3200.0,0.36843636631965637,0.45407143235206604,0.3689878517334929,0.42697464820815967,0.2917740909225116,0.3126630569202631,3.5998721436996104,3.1941454540458416,0.3479261531180954,0.35129687710228147,0.3492763126253646,0.35129996989890155
motion_blur/s5,3328.0,0.3991025686264038,0.4346041679382324,0.37446325480493126,0.42836183361362745,0.3123136476423425,0.3242310546325728,3.5621597839316763,3.2062699921138798,0.37056420167409687,0.38134336401061814,0.3776663745673928,0.3813454343951324
motion_blur/s5,3456.0,0.45190712809562683,0.4532296061515808,0.38854395903960315,0.43288324680234624,0.3188318632977664,0.32732616053916025,3.4248167492359824,3.1683825329182764,0.3743549614512549,0.3815707643376865,0.3785927796690811,0.38157215029756797
motion_blur/s5,3584.0,0.3987075388431549,0.45564162731170654,0.39039188264024893,0.4370211341676844,0.3084742225381742,0.34980098350142125,3.429146242215782,3.1454223602060245,0.39161365188059205,0.4049667926558066,0.4086550839107071,0.40496772044713225
motion_blur/s5,3712.0,0.434977263212204,0.4721991717815399,0.3984983154715135,0.4434171410065672,0.314970347318943,0.3524494187075629,3.359410439296518,3.082855225703395,0.3969686429944459,0.41107281161256465,0.41302530410551463,0.41107343269601404
motion_blur/s5,3840.0,0.409970760345459,0.4712885022163391,0.40058421453950355,0.4484846612265257,0.33119915812259815,0.36610250343233547,3.348277919741375,3.058183497380975,0.4183736370458687,0.4353049400051052,0.4291223110127824,0.43530535577171187
motion_blur/s5,3968.0,0.4334264099597931,0.49106186628341675,0.406555522797738,0.4562259712368695,0.34154654386719374,0.37524217171916674,3.287804168556381,3.025037303127966,0.42340507934475513,0.44093760446622743,0.4339579106779783,0.4409378827893277
motion_blur/s5,4096.0,0.4642927646636963,0.501285970211029,0.4170532031370031,0.46441869832308025,0.3688761987871296,0.4244906273491942,3.1991880082036026,2.9416043756685295,0.47171125146219145,0.48009046249392084,0.47361025425550607,0.48009064880938457
motion_blur/s5,4224.0,0.41487497091293335,0.43278104066848755,0.41665716091444494,0.45866639693133604,0.3564377859649379,0.39909083318417127,3.211583992320432,3.015571052263601,0.44619720139204544,0.4639448550579139,0.4624477735098842,0.4639449797814888
motion_blur/s5,4352.0,0.4668157696723938,0.5050997734069824,0.4257769079613447,0.4671088290178172,0.3791029806872725,0.40662278915634603,3.1646713942759686,2.943502934255418,0.4725059777913692,0.4947172170222398,0.4937150384652943,0.4947173005148809
motion_blur/s5,4480.0,0.3918258547782898,0.45947983860969543,0.4196039892007893,0.46572173985270415,0.35037059037743035,0.3907454208401986,3.2439364774236576,2.977609600161517,0.4428552413314124,0.462889211395053,0.4645427116999077,0.462889267286821
motion_blur/s5,4608.0,0.4670569896697998,0.4604968726634979,0.4282318074678821,0.46477176400012116,0.36186998198819714,0.39457957924013287,3.1564242252304937,2.9894802636707394,0.44547540948631736,0.4532047613471015,0.4599934681627481,0.45320479876225206
motion_blur/s5,4736.0,0.4433807134628296,0.4888748824596405,0.43098615401241797,0.4691541491745792,0.36595221934747074,0.40102021420207234,3.1556445764905634,2.9579283368580676,0.44077279478009673,0.45343665842243974,0.4603055448031619,0.4534366834689456
motion_blur/s5,4864.0,0.4103924632072449,0.49049490690231323,0.42724184659329556,0.4730342869432581,0.35448041129872,0.41411270537494094,3.193721220020354,2.943782788770786,0.4546702179932878,0.45462495315882323,0.4568987531326951,0.45462496992549245
motion_blur/s5,4992.0,0.44922998547554016,0.4760452210903168,0.4312396900264309,0.4735817295154506,0.3664290356627795,0.40789776144934053,3.144870680677627,2.9266272300764933,0.45235155088806867,0.4523212496352452,0.453843380196267,0.452321260859214
motion_blur/s5,5120.0,0.4062500596046448,0.4899855852127075,0.42669612085883346,0.47656424873313363,0.3553161313114474,0.4107104849371618,3.201692229876558,2.9151380517406285,0.4536402943961451,0.4456138117392964,0.4437918495528729,0.44561381925286225
motion_blur/s5,5248.0,0.4517294466495514,0.48856961727142334,0.431247634638964,0.4787470430128226,0.3664719556712995,0.4177586717347942,3.147595454148524,2.8880711675052835,0.4591517673230393,0.4509377582717603,0.44687718854365865,0.4509377633015028
motion_blur/s5,5376.0,0.4136201739311218,0.4587151110172272,0.42804264178299267,0.475104873559078,0.3532787471849195,0.3870946480208126,3.193530793034487,2.9380340348833225,0.4297834144889767,0.4167951109091949,0.4169177873722012,0.4167951142762126
motion_blur/s5,5504.0,0.4616653025150299,0.5022388696670532,0.4341558528251812,0.4800383273968916,0.3529696572064337,0.39032782222880846,3.129239573611041,2.883937154479121,0.42122897994716624,0.4109847436664858,0.4110668659268454,0.4109847459204398
motion_blur/s5,5632.0,0.42316240072250366,0.4888652563095093,0.4321570433519671,0.4816432235628221,0.32926067961752997,0.38293639339283864,3.104605187867223,2.881685995001856,0.4162772510390121,0.40709515898334997,0.40017699289317743,0.40709516049219524
motion_blur/s5,5760.0,0.46525102853775024,0.4865301251411438,0.438174131567564,0.4825317511225169,0.3260443392480985,0.3769553542547101,3.031126693436472,2.8801352105692426,0.4152868374723965,0.40733229650951525,0.40502550763923445,0.40733229751956873
motion_blur/s5,5888.0,0.49222779273986816,0.494240403175354,0.4480020699625284,0.4846605969503054,0.3442941444553386,0.38767259251761577,2.9559138629018307,2.865851759659839,0.4236630895476372,0.41885467782868374,0.4126617034609751,0.4188546785048352
motion_blur/s5,6016.0,0.44941002130508423,0.5003032684326172,0.44825806111572036,0.4875047190379984,0.3510874024866316,0.37496057846220554,2.983112651345735,2.8408543441213108,0.4248798368046166,0.4239853628439948,0.4198396527300742,0.42398536329662523
motion_blur/s5,6144.0,0.4143593907356262,0.46174356341362,0.44209466650115775,0.48282087256083867,0.32619280662328226,0.3726492302102367,3.080655285947956,2.9186686678488325,0.41458898166259456,0.4083083833914345,0.4032087757945124,0.408308383694435
motion_blur/s5,6272.0,0.4563435912132263,0.4181785583496094,0.4446853800851702,0.4710677245224333,0.33122204410318895,0.3519903937771006,3.052475810772693,3.0315214329058966,0.40640873979066244,0.4022043723529437,0.398790585449219,0.4022043725557788
motion_blur/s5,6400.0,0.46479153633117676,0.5199936628341675,0.4483410448571714,0.4799633496700213,0.3467271534905645,0.3629543131896293,3.0144093642455467,2.8821888053554297,0.42236866052102195,0.4223950757073424,0.42243419356517964,0.4223950758431246
motion_blur/s5,6528.0,0.4800856411457062,0.5462572574615479,0.454112789636905,0.49201678745029886,0.37725123498128693,0.3909549534575204,2.98597952468631,2.7743258492801943,0.4330525743983701,0.44443389365532837,0.44446007998991355,0.4444338937462238
motion_blur/s5,6656.0,0.49918726086616516,0.5648350715637207,0.462308148042225,0.505256475470921,0.3801227275494565,0.4218376134715632,2.9261159483245596,2.6990121939203653,0.4471777564154378,0.46280285443042635,0.46230385519985945,0.4628028544912737
motion_blur/s5,6784.0,0.4433605670928955,0.5175472497940063,0.45886313332416506,0.5074911617114819,0.3799788506736031,0.426498732985096,2.9610131199660197,2.7031088799912597,0.43597229974917734,0.44126678685012005,0.4414492749685009,0.4412667868908526
motion_blur/s5,6912.0,0.4698227047920227,0.5040111541748047,0.46085578268195737,0.5068584330684497,0.3646449330955524,0.39888551546936174,2.958647698456004,2.7130962785815633,0.40987608495606076,0.4250422292137167,0.43497844026817,0.4250422292409839
motion_blur/s5,7040.0,0.48224207758903503,0.48048704862594604,0.46474419993778965,0.5020636358970854,0.3667767733945433,0.37497708060345697,2.934439060065785,2.768659951203758,0.40635299902017286,0.42115430220091776,0.42031614596464273,0.421154302219171
motion_blur/s5,7168.0,0.44067755341529846,0.5054557919502258,0.4603684460246094,0.5026803915431108,0.36510469954510744,0.3798916820568596,3.000214790467591,2.7577505745097066,0.39753795802176856,0.4149359378369779,0.4154079158936864,0.414935937849197
motion_blur/s5,7296.0,0.4254385232925415,0.5154973268508911,0.4540175509824152,0.5050107434172527,0.37044198895168345,0.39996881195541834,3.064192619437832,2.707858620634034,0.41927127768399375,0.43375876830409255,0.4340747205569305,0.43375876831227234
motion_blur/s5,7424.0,0.4408613443374634,0.4829337000846863,0.45162551341060575,0.5009967355386042,0.376855794256912,0.40075391544123046,3.0908210301177848,2.7728885653802076,0.42736341729259075,0.4427434729969545,0.44579588731497,0.4427434730024302
motion_blur/s5,7552.0,0.45357048511505127,0.5053541660308838,0.4519791446295958,0.5017889956281095,0.38011627549429644,0.4020542739730551,3.0310033368719087,2.7282917198220673,0.4387205520718995,0.44101009349382897,0.4425369163017568,0.44101009349749454
motion_blur/s5,7680.0,0.49783146381378174,0.5262322425842285,0.4603159299358114,0.5062332223474039,0.39056337450444634,0.4088648445604748,2.9408467170783714,2.7034315250391656,0.454587724940693,0.4548290708512409,0.4558511588466305,0.4548290708536946
motion_blur/s5,7808.0,0.47701162099838257,0.5470122694969177,0.46335151012900616,0.5136475945564063,0.3916168044203318,0.42323803644130953,2.901013100551422,2.641302259293524,0.4659843447950093,0.4604640887516571,0.46295614765766174,0.4604640887532996
motion_blur/s5,7936.0,0.4917914867401123,0.5283418297767639,0.46852241496738906,0.5163192736873804,0.3701112492400568,0.4271779417499675,2.872094298172221,2.620214894074986,0.46276637957351857,0.4544222412304481,0.45040866082868264,0.4544222412315476
motion_blur/s5,8064.0,0.47533297538757324,0.5050199627876282,0.4697606986801498,0.514264853523789,0.3683699271772281,0.40476374613014343,2.8661271853078016,2.6493548927175925,0.45725476649136365,0.453476872228647,0.44794918617457263,0.45347687222938304
motion_blur/s5,8192.0,0.49631252884864807,0.5334009528160095,0.47458830416533127,0.5177441443041927,0.3837331743913675,0.403447218483815,2.848651192691632,2.6270457175931505,0.4558895544281029,0.4533605508307471,0.4519845791747139,0.4533605508312399
motion_blur/s5,8320.0,0.4773286283016205,0.5375750660896301,0.47508654491738384,0.5213497664469995,0.38781931508843603,0.4268427660924712,2.8469828780249395,2.575725254500581,0.47227937114608537,0.4734273108866984,0.4696652968029076,0.4734273108870283
motion_blur/s5,8448.0,0.46797317266464233,0.5205599069595337,0.47379320450779444,0.5212061556310966,0.3859059051418456,0.419776975648679,2.8650528685746166,2.6075093721872062,0.4561332980399414,0.46826538993241784,0.46342263670277284,0.46826538993263866
motion_blur/s5,8576.0,0.49604088068008423,0.5453882217407227,0.47783823653911983,0.5256028949237559,0.36525519269826023,0.42744367791357846,2.8335785141794996,2.582675410053918,0.46443634001020867,0.4748822031778995,0.4716403601068148,0.47488220317804736
motion_blur/s5,8704.0,0.47127482295036316,0.4923298954963684,0.4766448886138913,0.5195532586642309,0.37105926122776095,0.39745196620661033,2.8446821602973222,2.6531919015347536,0.43590366562666855,0.4537434583257013,0.44924891874919004,0.4537434583258003
motion_blur/s5,8832.0,0.486150860786438,0.5426702499389648,0.47837324719071794,0.5237563479869097,0.37546115834255067,0.4026847872953342,2.8305515944598323,2.612987986941693,0.4405636108740508,0.4576712406973702,0.44846415222053215,0.45767124069743653
motion_blur/s5,8960.0,0.532035231590271,0.584449052810669,0.4881299716270003,0.5347913852275932,0.4037178002127818,0.41393568405720715,2.745401078734101,2.509868943419537,0.45943721058510834,0.47476339253295025,0.4680834407426702,0.47476339253299465
motion_blur/s5,9088.0,0.47380852699279785,0.5195834636688232,0.48552607260259983,0.5320263085805441,0.4053296844399613,0.4108784331292048,2.8069735495851833,2.5415366646823556,0.45864185171399807,0.4735502875633799,0.46675420413352303,0.4735502875634096
motion_blur/s5,9216.0,0.5197818875312805,0.557705283164978,0.49175440258963266,0.5366952130504411,0.40847483007964347,0.4310425874666577,2.7597758027944996,2.5128072338749217,0.48884289246970114,0.5006307710135022,0.49375694656872204,0.500630771013522
motion_blur/s5,9344.0,0.500767707824707,0.5698163509368896,0.49339318535964616,0.5427172381207045,0.3901773655905051,0.4349851205355311,2.746126824745262,2.4809963368461387,0.4788431759507916,0.48286026819912126,0.4810996915046816,0.4828602681991345
motion_blur/s5,9472.0,0.5181854963302612,0.5427778959274292,0.49790087826339435,0.5427282668128363,0.39704021994075134,0.43220078316841337,2.680056392197657,2.50172974773507,0.4742152665455712,0.49343332003412244,0.49225475216429093,0.49343332003413126
motion_blur/s5,9600.0,0.509251058101654,0.5409367680549622,0.4999645473248961,0.5424025397659501,0.4029256844231475,0.4401509374929048,2.6452183978176045,2.4820050328534093,0.4827391453734815,0.496637181179867,0.4935238423579137,0.4966371811798729
motion_blur/s5,9728.0,0.48016589879989624,0.5299744606018066,0.4963647930476234,0.5401428890088331,0.3960184333741731,0.4214543465861594,2.711673710275361,2.5249361807111708,0.4654596758285289,0.4747633196328035,0.4778444729833967,0.4747633196328074
motion_blur/s5,9856.0,0.4896891415119171,0.5670063495635986,0.4951510382229495,0.545027154564245,0.40998961242403315,0.4376058022601562,2.731200255768212,2.4854289514420023,0.4946982127447176,0.4934366023988188,0.4926582835673977,0.49343660239882137
motion_blur/s5,9984.0,0.5347716808319092,0.5812755823135376,0.5023547914245785,0.5516177777913891,0.4314806496392287,0.4432526444882037,2.6574060242297044,2.4050189128841613,0.5031657457216704,0.4981889652421844,0.49766794189222485,0.49818896524218614
motion_blur/s5,10112.0,0.5087243318557739,0.5794039964675903,0.5035128896847958,0.5566698175506983,0.4316626662874175,0.4346360677978883,2.6825379854019227,2.368427501546924,0.48481549920210987,0.4871657535918755,0.48397606027496043,0.48716575359187664
motion_blur/s5,10240.0,0.5257428884506226,0.5952161550521851,0.5075547076422188,0.5636782425509687,0.443148148506453,0.46011794621180946,2.618856028068521,2.3165826293443055,0.5063640945071974,0.5027721160408423,0.4983124866303454,0.5027721160408429
motion_blur/s5,10368.0,0.5271661877632141,0.568809449672699,0.5111204313005815,0.5646111893003741,0.4547107440415098,0.4392111871335253,2.601614596292213,2.322081819793875,0.4975453855791982,0.5054714165232084,0.5001616646037849,0.5054714165232088
motion_blur/s5,10496.0,0.48117494583129883,0.5644664764404297,0.5056757975788937,0.5645848778712933,0.449537770804647,0.43451327403153345,2.680345608424809,2.343588076883479,0.4942245969579756,0.501338303622974,0.5081144201066659,0.5013383036229745
motion_blur/s5,10624.0,0.5713276267051697,0.597197949886322,0.5176124937836711,0.5705145273285712,0.45588892095187106,0.4613270677401174,2.559433213641205,2.2901685030267243,0.5012991103602976,0.5117429966401728,0.516279074616859,0.5117429966401729
motion_blur/s5,10752.0,0.4874865710735321,0.511899471282959,0.5121350532909186,0.5598572444111871,0.43870456691819465,0.4583573759252025,2.622110304206582,2.409328373890158,0.48640684247259586,0.49236514651118996,0.4954016945782278,0.49236514651119007
motion_blur/s5,10880.0,0.5256699323654175,0.5602237582206726,0.5145959403953729,0.559923883285639,0.4313332224824278,0.44164832603257353,2.6054415835375933,2.385096759854466,0.4684314400023162,0.4757774947719536,0.48065113438707807,0.47577749477195364
motion_blur/s5,11008.0,0.5337454080581665,0.5781688094139099,0.5180776617886081,0.5632411425816882,0.4356962067857574,0.4604216066829624,2.5785607355753113,2.3325124206618133,0.4925553441337819,0.4946320419547788,0.49789456103597785,0.49463204195477883
motion_blur/s5,11136.0,0.5222610831260681,0.5737629532814026,0.5188382838499644,0.5651541990725454,0.44610655164996976,0.46885661273818136,2.5708273308430507,2.3170548318014728,0.5053469659077383,0.5077702099036122,0.5071133011893736,0.5077702099036122
motion_blur/s5,11264.0,0.500063419342041,0.5396655201911926,0.5154246721212511,0.5605198938213903,0.43603000564997973,0.4396374845602701,2.592215526049217,2.354822813555788,0.48085210114484955,0.4853151818363024,0.4871998131928864,0.4853151818363024
motion_blur/s5,11392.0,0.5163888335227966,0.5542072057723999,0.5155999741942594,0.5593721323579375,0.4341915740301517,0.4492614566064618,2.5713875982020453,2.385084669336311,0.49622124126225464,0.5072151217251281,0.5084767344514364,0.5072151217251281
motion_blur/s5,11520.0,0.47541892528533936,0.5555418133735657,0.5082943289380921,0.5586757107244154,0.41694849170613457,0.4355593221911025,2.6179264210153765,2.374425828326464,0.47267702927473243,0.48468532941930054,0.4832054999220359,0.48468532941930054
motion_blur/s5,11648.0,0.533280074596405,0.5703734159469604,0.512837191785058,0.5608025662194235,0.4397547754396438,0.4514384718799942,2.5696965682782587,2.3801727998467377,0.4768023914979614,0.4951715841567218,0.49418095449326366,0.4951715841567218
motion_blur/s5,11776.0,0.5522356629371643,0.5999684929847717,0.52000055017635,0.5679236438131231,0.4338441058728194,0.47084930762214483,2.5218617072861598,2.319682586098817,0.5004834191019409,0.51329668030326,0.5126335315202839,0.51329668030326
motion_blur/s5,11904.0,0.4986681342124939,0.5558673143386841,0.5161219290920125,0.5657315839086796,0.40612704608015177,0.44277928857350185,2.5821018974676417,2.3374032657362678,0.4794041896467538,0.49547133144267813,0.49218649630696687,0.49547133144267813
motion_blur/s5,12032.0,0.49788761138916016,0.5664835572242737,0.5128065986005848,0.5658683063296968,0.3971284358057214,0.4348357221029227,2.627505770741308,2.344968199206474,0.477689994722207,0.48741262683352826,0.4800483983542505,0.48741262683352826
motion_blur/s5,12160.0,0.5524512529373169,0.574228048324585,0.5200147175708997,0.5673882594196764,0.4293277132253176,0.4465635825647664,2.533420166897796,2.347075189090298,0.5101168559710642,0.5189497749877338,0.5140200022040851,0.5189497749877338
motion_blur/s5,12288.0,0.5222227573394775,0.5959987640380859,0.5204161793470047,0.5725901693502963,0.4343536757954605,0.46293719163426506,2.5058629404724284,2.2976883643246433,0.5325988870550099,0.5361874526777392,0.5305629766820734,0.5361874526777392
motion_blur/s5,12416.0,0.513056755065918,0.5838158130645752,0.5190781022049888,0.5746311954801652,0.39794543586307685,0.44962117787087164,2.4834063256647894,2.284071924817394,0.4967707425740148,0.5014973856768337,0.5000566207541152,0.5014973856768337
motion_blur/s5,12544.0,0.5012816190719604,0.6020697355270386,0.5158423779989836,0.5796200209432331,0.38777752318106795,0.4507794661780215,2.4627916515646913,2.2347047050225695,0.49138165411979495,0.497386679667963,0.4940978205048209,0.497386679667963
motion_blur/s5,12672.0,0.5127583146095276,0.5557987689971924,0.5152816392009006,0.5752888842257711,0.4018903254352603,0.4368337748795019,2.463387893056624,2.304633226336908,0.476152181683499,0.5018662896950826,0.4926915162057065,0.5018662896950826
motion_blur/s5,12800.0,0.4634684920310974,0.5615403056144714,0.5058610669882091,0.5727891426600802,0.39041831702690977,0.44635153524991444,2.5642988882090756,2.3189330517563573,0.49049236955672243,0.5066728881429892,0.4982067174600183,0.5066728881429892
motion_blur/s5,12928.0,0.5271139740943909,0.615689754486084,0.5097252319166057,0.5805892539011718,0.41734614610892296,0.4480741682251493,2.499181522426292,2.2168105400334226,0.4879535697032604,0.49826862759985224,0.4954421001178635,0.49826862759985224
motion_blur/s5,13056.0,0.44702181220054626,0.5577803254127502,0.4983246101500494,0.576442175994186,0.3906924614448162,0.4295992365804718,2.521481816542707,2.277988170867423,0.476439992941852,0.4805042052527936,0.47809553809542926,0.4805042052527936
motion_blur/s5,13184.0,0.5060347318649292,0.5708341598510742,0.4997264504618457,0.5754225366954384,0.40409991220686037,0.4319527947356877,2.4764156790671064,2.31526057317981,0.47699702006851247,0.4866908316155064,0.48507841806388236,0.4866908316155064
motion_blur/s5,13312.0,0.44619980454444885,0.5731794238090515,0.489994333022319,0.5750146979888225,0.38079208998971636,0.4286212923437248,2.4807955790320393,2.2979506250916626,0.45412610434338435,0.4774025401723637,0.47348224680309475,0.4774025401723637
motion_blur/s5,13440.0,0.4809640645980835,0.5809990167617798,0.48835246603609433,0.576102755947542,0.3938566883402233,0.4470522700813364,2.3910811803471517,2.2918437993005902,0.4754893756348275,0.4952033533385244,0.4954199338103361,0.4952033533385244
motion_blur/s5,13568.0,0.5133303999900818,0.5919802188873291,0.49289390857318294,0.5789895673911396,0.3801334029384965,0.4392457345172582,2.2914891047584858,2.237039492735813,0.4662883423671159,0.4846505919043014,0.4819546664350183,0.4846505919043014
motion_blur/s5,13696.0,0.4852464199066162,0.5927264094352722,0.4915034560883526,0.5814871750355273,0.3864426085786629,0.45132359087518936,2.2517102205293034,2.1845908659464524,0.4854388903449288,0.5028962640020529,0.49876717339864857,0.5028962640020529
motion_blur/s5,13824.0,0.4762064218521118,0.5960003137588501,0.48872217713630883,0.5841259275306768,0.39066612640389825,0.4532104203379366,2.121333492628527,2.17699112537403,0.4863785133713986,0.4985813833402172,0.4901354631842192,0.4985813833402172
motion_blur/s5,13952.0,0.41290298104286194,0.5870499014854431,0.4749368687556821,0.5846575591588161,0.3785141011464112,0.46764499212704846,2.0829586880871673,2.1976933112711636,0.48752404614118416,0.5047321657070875,0.4962373761811715,0.5047321657070875
motion_blur/s5,14080.0,0.3461836576461792,0.5768299102783203,0.4515271940084997,0.5832343502714532,0.33086481151123387,0.447090862498272,1.9524276405121261,2.2050681184052805,0.4632392374994703,0.46546120183697587,0.4499605576088833,0.46546120183697587
motion_blur/s5,14208.0,0.3224044740200043,0.6009789705276489,0.4280503358287733,0.5864606448634888,0.30800660935875984,0.4617405773748763,1.872314433513902,2.167178639445973,0.47255064659055446,0.4688727880065706,0.44584136501090527,0.4688727880065706
motion_blur/s5,14336.0,0.3240586519241333,0.5917330980300903,0.4091427569370205,0.5874192727119618,0.2808246723806574,0.43874782452367744,1.719915940421381,2.154004504715247,0.44882522623004056,0.43887351924406787,0.4154495914535811,0.43887351924406787
motion_blur/s5,14464.0,0.27280813455581665,0.5791205763816833,0.3843546437768016,0.5859104188337294,0.2512648633292004,0.44608325443320557,1.5415600922372241,2.1757772865802973,0.4528292836746552,0.42085747982454125,0.40517699923752126,0.42085747982454125
motion_blur/s5,14592.0,0.2108575701713562,0.6056838035583496,0.35280972130308424,0.5895055796927512,0.20074342090632422,0.4484111042073524,1.3647829039037476,2.1560371148157587,0.4529270411375791,0.4333322798825441,0.4003664209771836,0.4361731889734532
motion_blur/s5,14720.0,0.17491541802883148,0.5818735361099243,0.32046530252594735,0.5881179354049645,0.15504311647448146,0.4644322267834342,1.231179903028392,2.1804608839217017,0.4674552920011893,0.4308360716569097,0.3816502487533212,0.43557874633760085
motion_blur/s5,14848.0,0.17293857038021088,0.5877366065979004,0.29364226031763163,0.5880486028945892,0.13142349119366115,0.465084796441803,1.0721810940894594,2.1626475199970976,0.46710850125699444,0.4105700149108238,0.35594975329767775,0.4165857723416997
motion_blur/s5,14976.0,0.144150048494339,0.656122624874115,0.26646185816794205,0.6004256977999575,0.10399010567509546,0.4686208141469921,0.9646497513336928,2.022612590712607,0.46997552563484746,0.4194724893204687,0.357082066257123,0.42349956660890636
motion_blur/s5,15104.0,0.11551041901111603,0.576196551322937,0.23901614195761003,0.5960203984404991,0.0747785004932457,0.45239285905707727,0.8408010422888883,2.093718368068758,0.4532997320365507,0.383593154007917,0.3126437798911319,0.3942951644241439
motion_blur/s5,15232.0,0.10086388885974884,0.5766531825065613,0.21389755048527162,0.5924990864525104,0.05289924413184215,0.47613695523655586,0.7435667685536169,2.1707481656413536,0.4767440354955421,0.36189913615406005,0.2704991419105924,0.371387672052526
motion_blur/s5,15360.0,0.10154175758361816,0.5976239442825317,0.19346922450315282,0.5934308787852415,0.040577179956026554,0.4798933336707522,0.66354779625832,2.1682335815065508,0.4802997262408174,0.3569324795742055,0.235571739626099,0.36560868955582315
motion_blur/s5,15488.0,0.10020411759614944,0.5924675464630127,0.17651193233824308,0.5932557274539271,0.032328525425108674,0.5020360332837266,0.5742498291603475,2.1341420865090965,0.5023080812025306,0.34973372599595576,0.21503149512160344,0.361223585570427
motion_blur/s5,15616.0,0.09734681248664856,0.6000931262969971,0.1621182741834077,0.5944988908799398,0.02629016991267605,0.5000716421155524,0.5136011810168186,2.118169342961369,0.5002537568380576,0.33096844467497866,0.1966326537590899,0.3461496729851618
motion_blur/s5,15744.0,0.09236063063144684,0.5867444276809692,0.14943506626486935,0.5930889884801269,0.01759920465228727,0.47267192571371686,0.459175509900946,2.1424105186633424,0.4727938372221707,0.2974871406501923,0.15616524755773786,0.3133315992710587
motion_blur/s5,15872.0,0.08988597989082336,0.617360532283783,0.13860795965140643,0.597501996444428,0.01178128575896916,0.4966853387009178,0.4099675710698706,2.098639004789719,0.496766948884263,0.2897951106831866,0.13966433927418814,0.31744718628889046
motion_blur/s5,16000.0,0.09160023927688599,0.5948150157928467,0.1300611014014936,0.5970134545077769,0.007886645838648777,0.4755703507006144,0.3830551933255078,2.101897491423529,0.4756249823109529,0.2606273054986621,0.1337835659604069,0.28714439743305886
motion_blur/s5,16128.0,0.08718589693307877,0.5581868886947632,0.12226560967996361,0.5899540789054107,0.005279490189508684,0.45162147443594836,0.3420272534474105,2.171758512869909,0.4516580460098114,0.22612241111893908,0.10556999043630544,0.26169377018246087
motion_blur/s5,16256.0,0.08947043865919113,0.6193212270736694,0.11630285131255041,0.5952935603905487,0.003534204176447962,0.4588333837133208,0.30854224017183146,2.092101796250125,0.4588578655107002,0.20121624215400052,0.08952412582926231,0.23355120152710188
motion_blur/s5,16384.0,0.08843178302049637,0.5689767599105835,0.11123538435035876,0.5905086875760095,0.0023658722172916107,0.43990086017172714,0.2838622210870213,2.1519661334446556,0.439917248812948,0.19435756706176893,0.09143763795182022,0.21884419275781197
motion_blur/s5,16512.0,0.0877174437046051,0.6190435886383057,0.1069593951420399,0.5956968514055179,0.0015837656991786813,0.45331173284223053,0.25889983186581583,2.078785819595683,0.4533227037508164,0.19131580935539905,0.08006362540576394,0.21003206292051874
motion_blur/s5,16640.0,0.0958578959107399,0.6039096713066101,0.10494094073634899,0.5971900913875345,0.0033845869556485384,0.44756818479521215,0.24774928404659005,2.067045952545019,0.4475755289571581,0.18153165750237457,0.07658184841212295,0.20155038922778526
motion_blur/s5,16768.0,0.08847572654485703,0.6163102388381958,0.101947265428805,0.6006664818331092,0.002265715234772988,0.46954977659844777,0.24111759092979915,2.0267637104286913,0.4695546929382628,0.17369061369993669,0.070635369598198,0.18941596303678185
motion_blur/s5,16896.0,0.09084904193878174,0.607757031917572,0.09992940661243713,0.6019556727575569,0.0015167184629472066,0.4718680322683823,0.22162609418499532,2.034455246480394,0.4718713233718949,0.17877222900574272,0.07130342923515731,0.19962969426429195
motion_blur/s5,17024.0,0.0880078598856926,0.5888234972953796,0.09776185266211994,0.5995680044917064,0.0010153239297415182,0.4811678563118922,0.20434358574320402,2.0833779209484344,0.4811700594473015,0.17959132685508394,0.07123411378551853,0.19923558045791442
motion_blur/s5,17152.0,0.0888230949640274,0.6633954644203186,0.09613662398973948,0.6111729972059995,0.0035205887463558923,0.4951412922418451,0.19643691136545804,1.9717437139917044,0.49514276706802823,0.1734247725228248,0.06834680344319835,0.1917403472486865
motion_blur/s5,17280.0,0.08870670944452286,0.6104058027267456,0.09478573043606373,0.6110335073006806,0.0023567577558250186,0.4887412782775987,0.19082267736622258,2.014017923355479,0.4887422655579362,0.16645583945742815,0.06460612461900055,0.19421254650531905
motion_blur/s5,17408.0,0.08937309682369232,0.5790461897850037,0.09380161523381438,0.6052176313887393,0.004418573373734103,0.481357797855252,0.18174999452109453,2.067252316735259,0.4813584587619242,0.15714192558720394,0.0701082321829673,0.1808881509663706
motion_blur/s5,17536.0,0.09032607078552246,0.6472057700157166,0.09316969806139766,0.612851838411826,0.0029578879609294404,0.48881183162211084,0.18680165114600633,2.0052751421897845,0.4888122740472385,0.16795244605424395,0.07120881658529214,0.18384867957252907
motion_blur/s5,17664.0,0.08885493874549866,0.5690934658050537,0.09238519636759784,0.6048957706651401,0.0019800737589692947,0.4473141186891816,0.17617561437132379,2.0952160881550084,0.44731441485806867,0.1354165134743286,0.05567491027610465,0.15922928136673434
motion_blur/s5,17792.0,0.0885818749666214,0.6347250938415527,0.09169368338560213,0.6103192839699424,0.0013255039212934946,0.4577577984613529,0.16626502080174155,2.036498585559997,0.45775799672316986,0.14901849249107946,0.05276584902780558,0.17012456025376427
motion_blur/s5,17920.0,0.08774792402982712,0.6101427674293518,0.09097627259364303,0.6102871900534713,0.0032117009721055628,0.4621663774823932,0.15512514042758754,2.03130315401554,0.4621665102031137,0.15140907348576393,0.045653171663241746,0.17302759818640417
motion_blur/s5,18048.0,0.08794738352298737,0.5968207120895386,0.09042556548988745,0.6078387395145745,0.0021499816424838886,0.4607270791411061,0.14694169238909288,2.0598476632017726,0.46072716798720836,0.15120152853179236,0.0488979909481205,0.1703221938272623
motion_blur/s5,18176.0,0.08831023424863815,0.6082248687744141,0.0900409598096603,0.6079089448345453,0.007121062091249545,0.4450425075242115,0.14492414855858843,2.0618066290110315,0.4450425669997014,0.14021548604194364,0.043580473279320325,0.15585617933891113
motion_blur/s5,18304.0,0.08786766231060028,0.635724663734436,0.0896458148098312,0.612966348270889,0.004766991978439778,0.44823093478893494,0.13788496204775502,2.015136618445306,0.4482309746031058,0.12795416834212753,0.038987754839875585,0.146430582863238
motion_blur/s5,18432.0,0.09217538684606552,0.6204531192779541,0.09010573699823744,0.6143275793630827,0.006032035952509273,0.4532062456025101,0.13485451257208458,2.001566612863582,0.45320627225497156,0.12646105484059775,0.04159510861181753,0.14631923315638246
motion_blur/s5,18560.0,0.09527995437383652,0.5838562846183777,0.0910465037938009,0.6087873439549545,0.006362354645894636,0.46686740408101907,0.12949337011808348,2.0609977676821423,0.46686742192274955,0.1179718631577555,0.038691766921960496,0.13358973459228907
motion_blur/s5,18688.0,0.08828087151050568,0.5942236185073853,0.0905436615604745,0.6061393938735782,0.0071000060026236815,0.45560958455010364,0.12499114564340055,2.1001259702481567,0.4556095964937414,0.12494397451056358,0.04088043901387438,0.13772329340475548
motion_blur/s5,18816.0,0.08798318356275558,0.6215630769729614,0.09007812010634379,0.6089436998916478,0.004752896580268745,0.46589360618643294,0.11838830531248867,2.065051018420869,0.4658936141817607,0.12625381764756732,0.03537244264565144,0.13480856831227434
motion_blur/s5,18944.0,0.08852458745241165,0.5746209621429443,0.08979565962381067,0.6027032021191562,0.0031816910991881676,0.460639521496703,0.1155591741466459,2.1191423145958304,0.46063952684894716,0.10905214239217315,0.03504270953965096,0.12330160358094396
motion_blur/s5,19072.0,0.09436078369617462,0.6278064250946045,0.0906256821824223,0.6072674244783286,0.007811710570530922,0.4651285226548177,0.11253986046365044,2.0492067238929104,0.46512852623772494,0.12181383085757044,0.03998726836951841,0.1388423957855906
motion_blur/s5,19200.0,0.08791274577379227,0.5930880308151245,0.09013242101721683,0.6046893529032006,0.005229326910851278,0.45237942425653077,0.10698245089226044,2.080333238134552,0.45237942665500586,0.12105925867324963,0.02960924576802472,0.1404647442862218
motion_blur/s5,19328.0,0.0880451500415802,0.6181129217147827,0.08975291720346472,0.6071300017780337,0.006341532890735153,0.4668304410312313,0.10345072742983158,2.058284573880694,0.46683044263682205,0.1267524789465555,0.028343792621570264,0.14439168832383442
motion_blur/s5,19456.0,0.08848508447408676,0.6000537276268005,0.08952240216175963,0.6058434064778094,0.004245158381401217,0.4661736836655349,0.10165324396103873,2.050807659154398,0.4661736847403519,0.11300165946009086,0.031628902498737115,0.1276506343324842
motion_blur/s5,19584.0,0.0881875529885292,0.6453207731246948,0.08927970231208136,0.6130211095045158,0.002841800238789244,0.49130221799097784,0.09576811187712535,1.9828986416370928,0.4913022187104835,0.11929243319229221,0.04002637274708848,0.13374753207381174
motion_blur/s5,19712.0,0.08919689059257507,0.6250912547111511,0.0892646456358075,0.6152156813602676,0.0019023621433217248,0.5050246252666877,0.09313716915956728,1.994593198715665,0.5050246257483402,0.12221228998822867,0.039966001591026167,0.13757066196676654
motion_blur/s5,19840.0,0.08853262662887573,0.6210864782333374,0.08913155127091081,0.6162830989735529,0.0012734820959426421,0.5170516086496008,0.08921293028824905,1.9675133046461895,0.5170516089720293,0.11280326850451669,0.03476029858572825,0.13625598032486022
motion_blur/s5,19968.0,0.09550469368696213,0.6412290334701538,0.0902903044374656,0.6208187234274802,0.00369340537001119,0.5165800024844434,0.08682621705953276,1.9285567433818096,0.516580002700284,0.11967615494930456,0.041089538722677586,0.14002466451498904
motion_blur/s5,20096.0,0.08856120705604553,0.6013026237487793,0.08997592309538921,0.6172703416677164,0.002472444917114928,0.5041258694317348,0.0868907777946468,1.9694685390221323,0.5041258695762232,0.12246916157763361,0.03783679864906516,0.14642146963400093
motion_blur/s5,20224.0,0.08798578381538391,0.633894681930542,0.0896140795899337,0.6202929489882302,0.0016551077544323068,0.46815450763611993,0.08362362387011474,1.9448766480963475,0.46815450773284356,0.10910125692387043,0.025328766037803947,0.13030073587069482
motion_blur/s5,20352.0,0.09496451914310455,0.6300466656684875,0.0905868867814193,0.6220663520210042,0.003432344860405098,0.47480797618616294,0.090030488460569,1.9412336039621678,0.47480797625091176,0.10686737033746696,0.026769669826959667,0.12906495541757257
motion_blur/s5,20480.0,0.08835877478122711,0.640853226184845,0.09018177550865708,0.6254821473235207,0.002297685402419941,0.46454087662048915,0.08803639361216331,1.916378402459065,0.46454087666383337,0.10769633882094894,0.036256969057716804,0.13288645775887087
motion_blur/s5,20608.0,0.09488583356142044,0.6304548382759094,0.09103705879097769,0.6263862729512277,0.004379029071041448,0.45379389261371583,0.09000308696439197,1.8942757057055184,0.45379389264273134,0.11290002846691623,0.03692615284028976,0.13492812461544249
motion_blur/s5,20736.0,0.0940794125199318,0.5976665019989014,0.09159021401442388,0.621164496414441,0.005772325245903779,0.4507318619976114,0.09778707711368526,1.9458908635388164,0.45073186201703497,0.1140591099654563,0.03272535851292124,0.13112957102356068
motion_blur/s5,20864.0,0.08838336914777756,0.6771209239959717,0.09100715131139728,0.6313383923383556,0.003864118553043025,0.5088576927422026,0.08814511089499394,1.85127616605059,0.5088576927552052,0.11638461080332198,0.029913256525178678,0.14330781200750756
motion_blur/s5,20992.0,0.08982167392969131,0.6158218383789062,0.09079160996926891,0.6285172007093648,0.0025867239900535946,0.47106382737287933,0.08683893589499105,1.8663038720730374,0.4710638273815836,0.11484217747990974,0.03732829569040886,0.13570605597196786
motion_blur/s5,21120.0,0.08977370709180832,0.6091974973678589,0.09060653671882153,0.6250045273745455,0.0017316086214408356,0.48527826460498535,0.10119168761463887,1.9121594694310293,0.48527826461081214,0.13085509401547676,0.06062885909853816,0.1448218225928049
motion_blur/s5,21248.0,0.09568024426698685,0.6534074544906616,0.09152902900030613,0.630168695941112,0.0034835561846008893,0.5017668548182133,0.10691687235248039,1.8787347285473008,0.5017668548221139,0.12272117863845965,0.06357179823951728,0.13671956719022477
motion_blur/s5,21376.0,0.09201211482286453,0.6342731714248657,0.09161686278622583,0.6309149642108853,0.0023319673632452233,0.5001497127295477,0.10293901071650002,1.877382971112735,0.5001497127321589,0.12347450801417545,0.05288690625951156,0.13284533010254712
motion_blur/s5,21504.0,0.08983244001865387,0.680575966835022,0.09129242228303092,0.6399442374152737,0.0015610690613459756,0.5316084853809369,0.1011875858863424,1.8095984051579725,0.5316084853826848,0.13095194338139018,0.050899499231573844,0.15220431188682904
motion_blur/s5,21632.0,0.0944230854511261,0.587445080280304,0.09186163376813913,0.6303989361180065,0.00388592226420681,0.4852606389740155,0.09790373712021021,1.907947327797007,0.48526063897518557,0.12097816044539343,0.04724470609716926,0.13752933275068718
motion_blur/s5,21760.0,0.08822373300790787,0.6297904253005981,0.0912001972662789,0.6302882977875686,0.004925700028105385,0.4805773698916963,0.0883402584183865,1.8972916954021453,0.48057736989247957,0.11042752889319724,0.040924142098105035,0.12150723927938561
motion_blur/s5,21888.0,0.08825372904539108,0.5935089588165283,0.09066447577157202,0.6236011452473794,0.0032973694403019517,0.4650455947208876,0.08009475400894543,1.9510805487091913,0.46504559472141194,0.10155685818470227,0.037209549668979394,0.11181476348454739
motion_blur/s5,22016.0,0.08817627280950546,0.6161895990371704,0.09021207523301447,0.6222535913909777,0.002207329955904612,0.453615232829685,0.07381984065213006,1.9402066103320978,0.4536152328300361,0.09432731828893291,0.030074161348655624,0.10351856067973832
motion_blur/s5,22144.0,0.09052293747663498,0.6622210741043091,0.09026859564094547,0.6295204064297653,0.003802014268002261,0.4958085442909461,0.07275190806498,1.8766943286665825,0.4958085442911811,0.11144018827606253,0.042601298092901696,0.11759300343023804
motion_blur/s5,22272.0,0.0883125364780426,0.6597546339035034,0.08991294852041767,0.6350175386977176,0.0025451500471750667,0.4948697693187325,0.06764804229878355,1.8100137826623763,0.4948697693188897,0.11463144835009144,0.039881860706818484,0.12107465518883702
motion_blur/s5,22400.0,0.08883805572986603,0.6609165668487549,0.0897175134675901,0.639726452906997,0.0017037781307535568,0.5187764571472506,0.06601294073562487,1.7623904341365695,0.5187764571473559,0.11160245715997856,0.03754488196076278,0.12108096752310576
motion_blur/s5,22528.0,0.08841970562934875,0.6194456815719604,0.08948154840609167,0.6360390399369904,0.0011405456908350254,0.5187677109828702,0.06371655431259711,1.8137957026038696,0.5187677109829407,0.1173227192558534,0.03546392924646102,0.13167403611050882
motion_blur/s5,22656.0,0.08875544369220734,0.6526457071304321,0.08934952936720361,0.6390584339721616,0.0007635057930383227,0.5355490461951444,0.06686863177705994,1.7791508095712738,0.5355490461951917,0.11882760545226549,0.04207709313192845,0.14393055309877034
motion_blur/s5,22784.0,0.08857055008411407,0.6246306896209717,0.08920789677027824,0.6364352077264906,0.0005111071837694556,0.527154733403361,0.0669903890873795,1.823956118993977,0.5271547334033927,0.12267591769945044,0.04417970697261325,0.1423212793471107
motion_blur/s5,22912.0,0.08849482983350754,0.6869561672210693,0.08907824823631993,0.645620836725505,0.0026665262965729413,0.5607915983939854,0.06445800861006122,1.7510581727922336,0.5607915983940066,0.1218946225921941,0.041196745989931186,0.14253531923236334
motion_blur/s5,23040.0,0.09197375178337097,0.661912202835083,0.08960470342669284,0.6485829032908828,0.004109410165474448,0.5567075989248993,0.06942079560020216,1.7572250211896732,0.5567075989249134,0.12576210272700594,0.051080053100697735,0.1424203376679457
motion_blur/s5,23168.0,0.0882113128900528,0.6803861260414124,0.08935135969275829,0.6543653074273427,0.002750927466144052,0.5439013678753458,0.06431530609199416,1.7114877262536166,0.5439013678753553,0.10433248199080561,0.041683754555012525,0.12013262273639339
motion_blur/s5,23296.0,0.08835037052631378,0.6258518695831299,0.08916936166249564,0.6491810460011221,0.0018415299566749436,0.544884386759529,0.06379671191643665,1.784399072218123,0.5448843867595353,0.09850976067153101,0.04107548858641334,0.11141109455907325
motion_blur/s5,23424.0,0.0885670855641365,0.636817455291748,0.08905985691733943,0.6469331204175995,0.0012327597230633917,0.4959556638638169,0.06339725654423649,1.812984408351531,0.4959556638638212,0.0940953769784629,0.04247615351652463,0.11125453437425564
motion_blur/s5,23552.0,0.09296566992998123,0.6721162796020508,0.08977000473781975,0.6515118766329543,0.0036661449385796256,0.48257156010718316,0.06523814566611041,1.7852945667195974,0.482571560107186,0.10147087219219415,0.048579077973871856,0.11812287011830336
motion_blur/s5,23680.0,0.09124162793159485,0.601676344871521,0.0900375725912334,0.6424508708581482,0.005295105289462394,0.49272352370811434,0.07090189276582133,1.847592073101627,0.49272352370811623,0.09607760865758451,0.04801574641226131,0.11006572297175678
motion_blur/s5,23808.0,0.09391538798809052,0.6599289178848267,0.09074262993611651,0.6456286975902716,0.0035446572598880483,0.5088169869451012,0.07201370711367129,1.7987249796624107,0.5088169869451025,0.09866558926664748,0.04195682197845591,0.11371135174142395
motion_blur/s5,23936.0,0.08863820880651474,0.6477556228637695,0.09036000791255254,0.6460154112763622,0.0023728697359581144,0.5095179829963074,0.06387937761326011,1.7955409742484119,0.5095179829963082,0.0867100225669293,0.03376861636574321,0.09910635943020941
motion_blur/s5,24064.0,0.08875944465398788,0.6940280795097351,0.09006899641099532,0.6547449873187936,0.003912830153823201,0.5058550134107511,0.06603295271515923,1.7249697356712224,0.5058550134107517,0.10453315560265515,0.042750065501034704,0.12083772821361126
motion_blur/s5,24192.0,0.0882973000407219,0.6623891592025757,0.08974686979821833,0.6561348367522085,0.002619332582311398,0.5227727775724863,0.05995081517884604,1.7114587390493454,0.5227727775724866,0.10096847606458732,0.03714053971556868,0.11472401640745876
motion_blur/s5,24320.0,0.08823035657405853,0.633499264717102,0.08947114012109836,0.652019278200371,0.001753437513778704,0.5082714461435652,0.05673035946077447,1.7712201580280107,0.5082714461435653,0.10555534348125266,0.03519325385918234,0.1170879779256542
motion_blur/s5,24448.0,0.08839049190282822,0.6641364097595215,0.08927465862686743,0.6542223930293074,0.0011737887488931819,0.5011465879142875,0.05351995272770183,1.766831629117656,0.5011465879142876,0.108367626627946,0.03957151704622949,0.11892872902461149
motion_blur/s5,24576.0,0.08845560997724533,0.6276904940605164,0.0891257406905725,0.649398411398618,0.0007857594104160969,0.49792664149634114,0.053193026219526526,1.7753106690952813,0.4979266414963412,0.10870064261870763,0.03682060232020321,0.11577047149581429
motion_blur/s5,24704.0,0.08859913051128387,0.6233448386192322,0.08902999338524728,0.6446613981660023,0.0005260042334190399,0.4893145286049886,0.054548242189111515,1.8021455597108065,0.4893145286049887,0.08309712439764724,0.03213817180112777,0.09351163794347898
motion_blur/s5,24832.0,0.09366003423929214,0.6643275618553162,0.08987181899507363,0.648237064291332,0.0055174077926193575,0.5060184034463145,0.053982193975798336,1.755520640727625,0.5060184034463147,0.08248650476206137,0.031844561288358254,0.09462349316877519
motion_blur/s5,24960.0,0.08936048299074173,0.6533566117286682,0.08977884881246782,0.6491678910981205,0.006534380423158412,0.5172003361913344,0.05199114280414741,1.7315776168500125,0.5172003361913345,0.0867265031878262,0.029840160862454695,0.09717564418736188
motion_blur/s5,25088.0,0.0884222686290741,0.6414284110069275,0.0895321978700326,0.6477607128997217,0.007215163754345714,0.4983427870371743,0.050097759420652116,1.771283427344516,0.4983427870371743,0.08207517981994976,0.0279818432219738,0.08907005933203561
motion_blur/s5,25216.0,0.09662546962499619,0.6261998414993286,0.09082188364366234,0.6438405544632866,0.009995274909933908,0.4996654194215794,0.05840452244667058,1.7940699469354127,0.4996654194215794,0.09626520301996636,0.03371098595851138,0.10559648599913127
motion_blur/s5,25344.0,0.08832715451717377,0.6495361924171448,0.09036829652975532,0.6448761250003517,0.0066910517992119535,0.5077822229185779,0.05304819474320564,1.7743736202689044,0.5077822229185779,0.11041306979022539,0.032380907955697695,0.12983111872669117
motion_blur/s5,25472.0,0.09364984184503555,0.6599957942962646,0.09096494113253355,0.6476251557814269,0.007320042939968332,0.5240628930281388,0.05960463590905826,1.7516216920664607,0.5240628930281388,0.09973932771081202,0.03200705408604556,0.11790347617241309
motion_blur/s5,25600.0,0.08833692222833633,0.6326349973678589,0.0904871195135886,0.6448996724335054,0.004900194034193676,0.4988044986386714,0.05650030369653079,1.7988901934962844,0.4988044986386714,0.1011168226824444,0.029432408107187523,0.11895811214847486
motion_blur/s5,25728.0,0.08821704983711243,0.6410273909568787,0.0900743795724111,0.6441956212559369,0.0032802951799147744,0.47853854867547413,0.050612305921841225,1.8072195507583961,0.47853854867547413,0.08034473253948755,0.019702686418861068,0.1002942734217063
motion_blur/s5,25856.0,0.08846840262413025,0.6228480339050293,0.08978238376363276,0.64031424173759,0.0045202802444057584,0.4804679540720116,0.04778116993688037,1.801572116821375,0.4804679540720116,0.07160473831155778,0.015513781817584681,0.08728376981122488
motion_blur/s5,25984.0,0.08872009813785553,0.6384192705154419,0.08958924092258234,0.6399697015153812,0.003025972725593937,0.48046821718870186,0.04672854952076427,1.8117614107795215,0.48046821718870186,0.08564036201021635,0.028205506836564948,0.0961362426009026
motion_blur/s5,26112.0,0.08829262852668762,0.6467901468276978,0.08935349321423786,0.6412097824812569,0.002025651163414123,0.48279277348995736,0.045830291269634005,1.7904507674747918,0.48279277348995736,0.08548032498204565,0.02921195085753521,0.09250649298076949
motion_blur/s5,26240.0,0.08827025443315506,0.6523672938346863,0.08915654070858645,0.6432384209091532,0.00419692350608714,0.48848111283212015,0.04410234456902627,1.749079757646351,0.48848111283212015,0.09208806878963387,0.030918743962482245,0.10660558621026717
motion_blur/s5,26368.0,0.08829396218061447,0.6265257596969604,0.08899970824895517,0.640199755234209,0.0028095107768021346,0.49564644743307207,0.04220916530870181,1.7534039358048887,0.49564644743307207,0.09263746753686233,0.02586296083438894,0.10235580564488958
motion_blur/s5,26496.0,0.08824824541807175,0.6723743081092834,0.08886307864334,0.6460496739387679,0.001880746883644404,0.5048335722485854,0.04066159383751516,1.6989718320281784,0.5048335722485854,0.07750937909492436,0.021961982046161187,0.09434562196062855
motion_blur/s5,26624.0,0.08830878883600235,0.6505340933799744,0.08876229867836952,0.6468650229280781,0.001259012376654518,0.503235697125086,0.04142057674483677,1.7131087453464091,0.503235697125086,0.0782294190635444,0.01986711194825666,0.08949996180835465
motion_blur/s5,26752.0,0.08827441930770874,0.6383059024810791,0.08867359333824937,0.6453088192104419,0.000842809938091041,0.49751728485233015,0.04037593261728058,1.750377534650289,0.49751728485233015,0.07742010697642226,0.01562385180007264,0.10046071823534485
motion_blur/s5,26880.0,0.08890024572610855,0.6635574102401733,0.08871480286331467,0.6486267448522113,0.0005641950825237546,0.5022119840747004,0.04168494496978338,1.7288052229893136,0.5022119840747004,0.07300436913297687,0.02414695864302383,0.0884282493972143
motion_blur/s5,27008.0,0.08831526339054108,0.6734530925750732,0.08864215932281036,0.653140626256368,0.00037768431144152164,0.5050964521491795,0.04133776212388804,1.7073816910704356,0.5050964521491795,0.07573019751876962,0.021846311157726693,0.08837965455515998
motion_blur/s5,27136.0,0.08826614916324615,0.655429482460022,0.08857379383925322,0.6535567819297596,0.00025282999360961363,0.49488894730647554,0.03856260326669046,1.7028187451619998,0.49488894730647554,0.06851566941339124,0.01746529920475919,0.07982439685097485
motion_blur/s5,27264.0,0.08827323466539383,0.66765296459198,0.08851914671673333,0.6561197242319814,0.00016924983043288183,0.5040682209241696,0.036584980151246047,1.6866662175256248,0.5040682209241696,0.06136172911144372,0.011691646575086728,0.07177294334652036
motion_blur/s5,27392.0,0.08829053491353989,0.6317605972290039,0.08847758093433453,0.6516907920496218,0.00011329947326498699,0.498074594172378,0.034668136671361136,1.7362872350106362,0.498074594172378,0.05941363684319785,0.014799779938694418,0.07335626786006734
motion_blur/s5,27520.0,0.09104274958372116,0.6816803812980652,0.088943975234223,0.6571434446402478,7.584510193771855e-05,0.5033598522972116,0.037299761384227394,1.6860707871998206,0.5033598522972116,0.071281029622306,0.017913489049869814,0.08061452641872276
motion_blur/s5,27648.0,0.08872085809707642,0.6567928194999695,0.08890340848201453,0.6570796946147426,5.077234096657191e-05,0.5019908928601168,0.03752438757676871,1.6970922970769107,0.5019908928601168,0.07715920164798995,0.018964814983797144,0.09089691437947556
motion_blur/s5,27776.0,0.08840101212263107,0.7102950811386108,0.08881206368939935,0.666755219437264,3.398809601894483e-05,0.5248348125757807,0.036730983080990244,1.603432463830973,0.5248348125757807,0.08703425895443956,0.02405909102221131,0.10139586830361585
motion_blur/s5,27904.0,0.08852200955152512,0.6943864822387695,0.08875932657342221,0.671779085401174,2.275236179780604e-05,0.5070691720548614,0.03623029095841421,1.5655414367290854,0.5070691720548614,0.09157871880421159,0.031085011345447236,0.10919888704622219
motion_blur/s5,28032.0,0.08830402791500092,0.651107132434845,0.0886765449991638,0.6680205484982051,1.5230919881175941e-05,0.4915607680697832,0.03507719929766316,1.6394742826377506,0.4915607680697832,0.07912501010860445,0.023649883627944016,0.09324470951028097
motion_blur/s5,28160.0,0.08823768049478531,0.7071205377578735,0.08859675145291317,0.6751296374545084,1.0195905044423563e-05,0.5168196050715077,0.03494054618091001,1.5961256911276518,0.5168196050715077,0.07879442825452032,0.015831740279863348,0.09341174768870046
motion_blur/s5,28288.0,0.0883408710360527,0.6785251498222351,0.08855022774075672,0.6757470033395496,0.002847734448831391,0.5210734546346456,0.034154479883053715,1.6114133744885257,0.5210734546346456,0.08606279907947227,0.026093974898090334,0.10333761622136145
motion_blur/s5,28416.0,0.08830628544092178,0.6988757848739624,0.08850587459533217,0.6799522363458064,0.0019063346310358898,0.5358012382264983,0.033591817508116927,1.556949608668667,0.5358012382264983,0.08912055144989466,0.02779844600615964,0.10869088358620063
motion_blur/s5,28544.0,0.08825866132974625,0.6574153900146484,0.088460926728862,0.6758546279219595,0.0012761413645777442,0.5304227297218707,0.032520036002312326,1.6187967183893994,0.5304227297218707,0.07696293113587988,0.018608877078503557,0.09238811215274587
motion_blur/s5,28672.0,0.09279806911945343,0.6791491508483887,0.08924949807260589,0.6764536320904011,0.000854276450667746,0.5348284389047233,0.039126153024476515,1.618945832373347,0.5348284389047233,0.06882435885955593,0.02407908300296519,0.08199121557332573
motion_blur/s5,28800.0,0.08844438940286636,0.6468633413314819,0.08910311467810779,0.671073579225143,0.0005718710124304745,0.5119512690188642,0.037396077806199066,1.6585304981835725,0.5119512690188642,0.06905804188119032,0.020767815894546942,0.08019659885487093
motion_blur/s5,28928.0,0.09308278560638428,0.6641679406166077,0.0898266912105217,0.6698180085690456,0.0003828227438584167,0.49715332884733876,0.04000088397259556,1.6880909772252668,0.49715332884733876,0.06585703630063151,0.02087556270626696,0.08261094634086401
motion_blur/s5,29056.0,0.08882012963294983,0.6462403535842896,0.08964368001459953,0.6655311622081809,0.0002562697706820806,0.48724726972425153,0.040057326702309576,1.716005303227857,0.48724726972425153,0.08024314000290209,0.0271460378446911,0.09378294755049572
motion_blur/s5,29184.0,0.08836150169372559,0.6870307922363281,0.08941055668353154,0.6694401858496621,0.0001715524911177564,0.5232295772534244,0.03616596990865343,1.6377726891717335,0.5232295772534244,0.08419168876227329,0.0233374302927271,0.10358610538504258
motion_blur/s5,29312.0,0.08834731578826904,0.6798808574676514,0.08921724015712018,0.6713384897802056,0.00011484092380610138,0.5145173203101436,0.03518740625153163,1.6273836534752026,0.5145173203101436,0.08218617181606724,0.025953155815792515,0.09749359120816899
motion_blur/s5,29440.0,0.08839935064315796,0.6668791174888611,0.0890685329727634,0.6705276948181429,7.687698205201827e-05,0.5130756441745589,0.034443405382937345,1.626125282791544,0.5130756441745589,0.08884983402563178,0.030545087777513996,0.10426223874265855
motion_blur/s5,29568.0,0.09363097697496414,0.6776067018508911,0.0898980682458908,0.6718147870059152,0.005216752359886062,0.5286394808110683,0.038634427373415825,1.582033803693933,0.5286394808110683,0.09150278145517499,0.030778116611393666,0.11215075486078795
motion_blur/s5,29696.0,0.08982900530099869,0.6611034870147705,0.0898855113468195,0.6698672779166162,0.003492206125212983,0.52407890864212,0.041785261123381816,1.6044073806093995,0.52407890864212,0.08630558097412538,0.03145064004564369,0.10761744746879193
motion_blur/s5,29824.0,0.09284450113773346,0.6565247774124146,0.09042350949062203,0.667441368734034,0.005178666910266542,0.509920591735634,0.04071230310554037,1.631255799726379,0.509920591735634,0.07146282693309218,0.02389464333633999,0.0927025888014227
motion_blur/s5,29952.0,0.09015242010354996,0.6664248704910278,0.09037422051115437,0.6672565508716692,0.0034667109068726434,0.513355933310631,0.03887906515292336,1.6266503211704353,0.513355933310631,0.07934701637669805,0.02684269512597966,0.10157156771004329
motion_blur/s5,30080.0,0.09525613486766815,0.6427679061889648,0.0912618413032478,0.6628040700202684,0.004645070937658546,0.5063581041170339,0.04094347204543447,1.6741696681732021,0.5063581041170339,0.0833335398885334,0.03114056450582109,0.105700801524905
motion_blur/s5,30208.0,0.08903306722640991,0.7056480646133423,0.09085660965291363,0.6705938872190091,0.003109510297110266,0.5225930283758655,0.03936471952288283,1.5808367618996255,0.5225930283758655,0.0878100556278612,0.03220979937992982,0.10743194151667193
motion_blur/s5,30336.0,0.0914192721247673,0.673725962638855,0.09095891192052338,0.6711633554771629,0.006730333339387863,0.53216971321029,0.043317124902414184,1.5908659140066557,0.53216971321029,0.08977367360212196,0.03137598140309351,0.11091518399049938
motion_blur/s5,30464.0,0.09615042805671692,0.6714286804199219,0.09190282394528583,0.6712115963758463,0.009670719012317495,0.5223098906614337,0.04626557755072713,1.5974867276773441,0.5223098906614337,0.08876378150224692,0.028493425567360113,0.10808165209281362
motion_blur/s5,30592.0,0.08850117027759552,0.6150796413421631,0.09128434146025123,0.661005786369722,0.006473787107419148,0.5027962904427778,0.043932905989046575,1.7098437571710072,0.5027962904427778,0.08240591984861156,0.024755929512034452,0.09817862660758596
motion_blur/s5,30720.0,0.08831778913736343,0.672600269317627,0.09074496831063528,0.6631138741784319,0.0043336921958756274,0.4979979299658265,0.03770944620393532,1.654055373365757,0.4979979299658265,0.07479239262593004,0.021220911491527196,0.08767536161334265
motion_blur/s5,30848.0,0.09049516916275024,0.682781457901001,0.09069955028374709,0.6666897984916262,0.002901066676577899,0.5162217547705119,0.03784296973702732,1.6243879136311876,0.5162217547705119,0.08854903969173829,0.021695403560443825,0.10285499413785748
motion_blur/s5,30976.0,0.08842460811138153,0.6736752986907959,0.09028592443422608,0.6679598894369299,0.0019420363702711554,0.5263550589786071,0.034823116095413456,1.620459128252318,0.5263550589786071,0.08510307615727934,0.02020518750740454,0.09467978946418558
motion_blur/s5,31104.0,0.0916060209274292,0.6796858310699463,0.09052594197844482,0.670091878824751,0.001300040875966641,0.5292645436137783,0.037235012013849184,1.596237421982903,0.5292645436137783,0.07814751379123656,0.021531985025617914,0.08455837145949613
motion_blur/s5,31232.0,0.08827617019414902,0.6645647883415222,0.0901168925631183,0.6690869532823457,0.0008702752971346935,0.49557171927864485,0.03884308298010193,1.6187489452870008,0.49557171927864485,0.07633221997595174,0.017254882537810337,0.08062378585305112
motion_blur/s5,31360.0,0.08835305273532867,0.68543940782547,0.0897961944126111,0.672060126835641,0.0034234900749414063,0.48567197736834894,0.03490106564627728,1.586403151727426,0.48567197736834894,0.07976578362026521,0.016716078393079644,0.08832046821567885
motion_blur/s5,31488.0,0.08833419531583786,0.6878941059112549,0.08953037639501596,0.6749390321221161,0.0022917578187624287,0.48653454683335756,0.03251638999911362,1.592658744128556,0.48653454683335756,0.07173370639042548,0.0163553913209872,0.07978477624355361
motion_blur/s5,31616.0,0.09127490967512131,0.6761699914932251,0.08984756426412602,0.6751628429168632,0.004375061019171543,0.5028661015991898,0.037359707492434724,1.5929681569718201,0.5028661015991898,0.07901181998036746,0.023603609066115395,0.08672575930353588
motion_blur/s5,31744.0,0.09436500817537308,0.683344841003418,0.09066891770253456,0.6766504789326004,0.005253140021098305,0.5176727622275568,0.03978434098707203,1.5912227073492533,0.5176727622275568,0.0828508877554526,0.025098283755002865,0.09834534300484632
motion_blur/s5,31872.0,0.08898751437664032,0.6690690517425537,0.09036320800691743,0.6752720376253192,0.0058409449728013445,0.5244854854581165,0.03699196412902164,1.5920453782365145,0.5244854854581165,0.08077208188588149,0.026615380034340757,0.09863407259002109
motion_blur/s5,32000.0,0.08831442147493362,0.6877941489219666,0.08999070136473854,0.6775487851338006,0.003910054072701725,0.5099344985298135,0.03183520238951448,1.5528880429615322,0.5099344985298135,0.08557883167567272,0.02298219655191406,0.09986041222968353
motion_blur/s5,32128.0,0.08839919418096542,0.6494015455245972,0.08970133642223434,0.6724311052048544,0.002617474213957353,0.5081999535612801,0.030686794316621184,1.616130787364321,0.5081999535612801,0.07665814351842554,0.023907503476901144,0.09706564785623442
motion_blur/s5,32256.0,0.08848445862531662,0.6835377216339111,0.08948008591370384,0.6744504900101375,0.0017521934820706245,0.5052309606484602,0.03670487207046205,1.573659191256103,0.5052309606484602,0.07714305475200386,0.01884510563329746,0.09545303699466931
motion_blur/s5,32384.0,0.08830833435058594,0.6497348546981812,0.08926704017495513,0.6699567381352364,0.0011729559673365336,0.5053095686985559,0.033573973917891776,1.6257855602183642,0.5053095686985559,0.06791187962737448,0.017264078977661936,0.08016897517824968
motion_blur/s5,32512.0,0.08863317966461182,0.6675844192504883,0.08915179280943816,0.6695254074289185,0.003109582093836853,0.5128518600378762,0.030924034046883302,1.63158605738643,0.5128518600378762,0.06973853099022588,0.019046614852815016,0.08775774371436548
motion_blur/s5,32640.0,0.0906258225440979,0.6619652509689331,0.08941979821573992,0.6681508335271029,0.002081621071080868,0.4892334765542807,0.03257720823990862,1.658385757718304,0.4892334765542807,0.06166381000172145,0.015591122339487735,0.08793080364350085
motion_blur/s5,32768.0,0.08833005279302597,0.6716209053993225,0.08922166268433739,0.6687817556856882,0.004234390964938432,0.4951170380239399,0.029572296908449567,1.6382230774201911,0.4951170380239399,0.0699464347945408,0.020767610822301705,0.08753012475308733
motion_blur/s5,32896.0,0.09226765483617783,0.6546308994293213,0.08977547943921746,0.6662088727299851,0.0028345922988430826,0.4889833064457779,0.031742106059506135,1.6326515480068715,0.4889833064457779,0.06386910097816367,0.01674319402154081,0.08416272814049647
motion_blur/s5,33024.0,0.08831212669610977,0.6476063132286072,0.08950941530410696,0.66282658918428,0.0018975369934404105,0.4833276679513058,0.028605270326420643,1.6715063760917528,0.4833276679513058,0.0536024560267046,0.014049162940039713,0.07002835520148937
motion_blur/s5,33152.0,0.08906564116477966,0.6987758874893188,0.08942872909695654,0.6693628252397416,0.0012702520369311837,0.4927131496202956,0.029184206566231663,1.5944037560010518,0.4927131496202956,0.05034544576994274,0.014053571885481127,0.07167187414314577
motion_blur/s5,33280.0,0.08840294182300568,0.639628529548645,0.08924222231987455,0.6639565896595421,0.0008503340081936023,0.4656798770185449,0.02877047062554302,1.6292381092816917,0.4656798770185449,0.05488000915177984,0.01508958117953695,0.07432166781483311
motion_blur/s5,33408.0,0.08831313997507095,0.6865100264549255,0.08907329825718299,0.66805721453143,0.002893612022013899,0.4837402482520838,0.026653663602800217,1.5640831356516032,0.4837402482520838,0.06488868381234848,0.014750050211094982,0.08306863713224363
motion_blur/s5,33536.0,0.08838511258363724,0.6970200538635254,0.08894817358926559,0.6733231853190836,0.0019370460643233535,0.48601619924313044,0.026510080701505304,1.4963690236144438,0.48601619924313044,0.059450275940497746,0.017880198901642094,0.07962652568356805
motion_blur/s5,33664.0,0.08841074258089066,0.6694843769073486,0.08885045886047013,0.6726252201533136,0.001296700257935468,0.5009695218073847,0.027556328879965956,1.5412062575580552,0.5009695218073847,0.06407415166264724,0.0217834389341571,0.07758056677990918
motion_blur/s5,33792.0,0.08833780884742737,0.6861487627029419,0.08875724976718963,0.6750840460714278,0.0008680390156427512,0.5151118286479186,0.027229870412312448,1.5420063098461434,0.5151118286479186,0.07620872962540848,0.01690668226170847,0.08525021412539374
motion_blur/s5,33920.0,0.09516915678977966,0.6728708744049072,0.08992305104402418,0.6746816512229695,0.0034219930600583705,0.49229593488001155,0.027691322945518616,1.5676918697878277,0.49229593488001155,0.063670719831885,0.014158605480978397,0.06972328383600736
motion_blur/s5,34048.0,0.08853606134653091,0.6947033405303955,0.0896708710990254,0.6783219583697742,0.0022907556848324622,0.4948427332667845,0.02814930963959599,1.5643859238618734,0.4948427332667845,0.06328370501142715,0.01696774416495248,0.07714947099765782
motion_blur/s5,34176.0,0.08844508975744247,0.7024211883544922,0.08944800176419214,0.6827036365488138,0.001533481078276276,0.5037790197901615,0.027318838069520266,1.5152878804202938,0.5037790197901615,0.05321057938781486,0.01419948163108389,0.07618063761000232
motion_blur/s5,34304.0,0.08835355192422867,0.6570959091186523,0.08924901088419877,0.6780476861069663,0.001026545184631226,0.4955566165537444,0.025661945192809205,1.5414940748487957,0.4955566165537444,0.048275263887710765,0.014670727372874337,0.06649282352405113
motion_blur/s5,34432.0,0.08994082361459732,0.680755078792572,0.0893747950169985,0.678539939322531,0.0006871914045878454,0.5076143466186223,0.03016995696286212,1.5145192518574793,0.5076143466186223,0.05530203615623612,0.023508916671097696,0.07317908021031522
motion_blur/s5,34560.0,0.09380210191011429,0.6972163915634155,0.09017975990665592,0.6819356579117828,0.0027844008576166568,0.524725306414119,0.031131820015576246,1.5022969928606864,0.524725306414119,0.06181375974095144,0.025551423556685233,0.08230376443831018
motion_blur/s5,34688.0,0.08839895576238632,0.6688719987869263,0.08985597733497053,0.6795604471618089,0.0018639377641896627,0.5090619819796994,0.030207746853429484,1.5443880049528707,0.5090619819796994,0.06539805404146334,0.025110870314805814,0.08195541255787706
motion_blur/s5,34816.0,0.08834811300039291,0.6639481782913208,0.08958182018322913,0.6767218528217201,0.0012477599909038236,0.5009009962012863,0.02753119932373587,1.5846263864312162,0.5009009962012863,0.06392349072197132,0.024299425582638604,0.07733172245609951
motion_blur/s5,34944.0,0.08837228268384933,0.6783241033554077,0.08936190427425098,0.6770131711005724,0.0008352773492827248,0.5083510801016874,0.026101746761731378,1.5746393914660808,0.5083510801016874,0.06241985742545186,0.02375622704292336,0.08172619437143851
motion_blur/s5,35072.0,0.0883486345410347,0.6824741363525391,0.0891776734136662,0.6780060738736572,0.0005591526057181876,0.5061069213903857,0.024321242761911582,1.5430752958204799,0.5061069213903857,0.05779759050794711,0.018743837937824727,0.07821133672798775
motion_blur/s5,35200.0,0.0883573368191719,0.7445282340049744,0.08902852130557633,0.6901010120793512,0.00037430876911713376,0.5423112448976961,0.024031682761792898,1.445510767177004,0.5423112448976961,0.05702772587722078,0.01822934605755209,0.08438114276832237
motion_blur/s5,35328.0,0.08835936337709427,0.6687843799591064,0.0889068562276705,0.6862252607847612,0.00025057033304535397,0.5066298416257304,0.026153138765413975,1.4998730766239239,0.5066298416257304,0.0668429404632635,0.015044025046791067,0.08747828565482736
motion_blur/s5,35456.0,0.09199067205190659,0.6728898286819458,0.08946755001389523,0.6838006367660675,0.0030086462560055677,0.5393038609230096,0.02922201982203161,1.5363742915596021,0.5393038609230096,0.07005601799606895,0.020401372138760962,0.0890350507276117
motion_blur/s5,35584.0,0.08877482265233994,0.6679681539535522,0.08934159958452154,0.6809220035274284,0.0020140524523673633,0.5263108490476345,0.027630856815128765,1.5573699390857356,0.5263108490476345,0.08408708642712052,0.02631207556396395,0.0967920587515417
motion_blur/s5,35712.0,0.08840696513652802,0.6891666054725647,0.0891716660485227,0.6824210220629077,0.004189159079683938,0.5292349485360197,0.026051007105176837,1.5398589641869591,0.5292349485360197,0.07410995041815505,0.022779158022157686,0.08545584098243701
motion_blur/s5,35840.0,0.0884169191122055,0.6400353908538818,0.08903443933282866,0.6747145436612666,0.002804313102928917,0.4932275275323768,0.024512287743282714,1.58854271488139,0.4932275275323768,0.0692388924286823,0.018089766940452664,0.07915845553369749
motion_blur/s5,35968.0,0.08832542598247528,0.6910632848739624,0.08890552781458258,0.6776870420635749,0.0018772674490681175,0.5200014853729134,0.022960473842601015,1.5699951651057482,0.5200014853729134,0.057197109807630285,0.014950587786584014,0.06900276775396277
motion_blur/s5,36096.0,0.0908169075846672,0.7076552510261536,0.08925305140914343,0.6831358073294983,0.001256683168384442,0.5291435563240163,0.027812086308639426,1.5322068645534033,0.5291435563240163,0.07961128838362028,0.028345021576143017,0.08983862965347919
motion_blur/s5,36224.0,0.08839917182922363,0.7069998383522034,0.08909780057643074,0.6874747220608992,0.0008412507160259487,0.5161518848119447,0.026156681034567725,1.4937595214661044,0.5161518848119447,0.07860342445515076,0.0316297251873354,0.08544982646224639
motion_blur/s5,36352.0,0.09229680895805359,0.7006549835205078,0.08967943846399853,0.6898711332353734,0.0028875314710586925,0.5170107658658473,0.028631722560039107,1.485716739784179,0.5170107658658473,0.07147212711460504,0.03202072512540634,0.07837963589621452
motion_blur/s5,36480.0,0.08853188157081604,0.6745023727416992,0.08947079175614717,0.6870768131456144,0.0019329756128574716,0.520426628389534,0.02641212274032672,1.5181104975850976,0.520426628389534,0.07263836608498353,0.028408501943453828,0.08191116121977995
motion_blur/s5,36608.0,0.08905249834060669,0.6623029708862305,0.08939473840786707,0.6825724781893627,0.004134884501169051,0.5074756768558037,0.029221610840377155,1.532786003872415,0.5074756768558037,0.08529923680069143,0.03115569138363438,0.09150664511406756
motion_blur/s5,36736.0,0.0883609801530838,0.6764005422592163,0.08920678236154284,0.6814503080202452,0.0027679805338404386,0.5078452878125628,0.025632581924797518,1.5353790863330166,0.5078452878125628,0.07595444777566945,0.023697198364251115,0.08295072937387991
motion_blur/s5,36864.0,0.08848527818918228,0.6894316673278809,0.08907559978475,0.682901464257997,0.0018529456466204587,0.5315947794447734,0.024680834331685803,1.5166602984128041,0.5315947794447734,0.08183727495726632,0.020512174111606114,0.09168602544863033
motion_blur/s5,36992.0,0.0887165516614914,0.69037926197052,0.08901031830779389,0.6842610638420921,0.0012404016312087367,0.5418113812812119,0.025041153930965322,1.5152221826643895,0.5418113812812119,0.09662247331850059,0.026386248785455327,0.11173816579619054
motion_blur/s5,37120.0,0.08885752409696579,0.6754933595657349,0.08898253754218878,0.6826669357918453,0.0008303515051893195,0.5264398502791583,0.02546353458102744,1.5320008498433726,0.5264398502791583,0.0961894242875913,0.03264286075720563,0.10863257379744985
motion_blur/s5,37248.0,0.0883563756942749,0.6969777345657349,0.08886868993347716,0.6852688992052798,0.0005558551398374782,0.5437841146496845,0.023453738320188437,1.4949764036789766,0.5437841146496845,0.09667432534954458,0.028824972903583927,0.11249370642639205
motion_blur/s5,37376.0,0.08833041787147522,0.7025922536849976,0.08877082228584043,0.688418600019774,0.00037210137460194816,0.5324092007159044,0.02222012279606435,1.4730870729603334,0.5324092007159044,0.07737082936622405,0.022136965332151225,0.0959668613267583
motion_blur/s5,37504.0,0.0887586697936058,0.6990453600883484,0.08876861274179777,0.6903507382140601,0.00024909265572527103,0.5446809525453574,0.024086922789104584,1.471890367160614,0.5446809525453574,0.06264080312945576,0.02050077844548966,0.08025467576419357
motion_blur/s5,37632.0,0.08832865208387375,0.6272046566009521,0.0886886198949025,0.6788696324662222,0.000166747976146669,0.5030508855882144,0.02237660611171295,1.578482907701133,0.5030508855882144,0.05174714920236294,0.013723661604005474,0.07102792344545188
motion_blur/s5,37760.0,0.09001894295215607,0.6762717962265015,0.08893049681440314,0.6783972986044549,0.0001116246782469437,0.5048832374598791,0.024576660544041458,1.5827293771749726,0.5048832374598791,0.059950570953647905,0.013835674296896226,0.08086373387670744
motion_blur/s5,37888.0,0.08832892775535583,0.6737562417984009,0.08882112062184908,0.6775534700942631,7.472395816530942e-05,0.5009445639194231,0.023341561813487958,1.5778157134997985,0.5009445639194231,0.057952448324342806,0.009261897669823093,0.07195216895878762
motion_blur/s5,38016.0,0.08880715072154999,0.7012277841567993,0.08881858063997652,0.681857890832906,5.002182323462861e-05,0.508638509731184,0.02561523746611726,1.5205840737957594,0.508638509731184,0.07443511003530387,0.021179452159137774,0.09181302219555204
motion_blur/s5,38144.0,0.08879601955413818,0.710706353187561,0.08881447862436956,0.6871030658064796,3.348568332235468e-05,0.5251526387456685,0.023874755700357537,1.4805665703995872,0.5251526387456685,0.07797928853602985,0.026832939048679005,0.09426119667636126
motion_blur/s5,38272.0,0.08860214799642563,0.6997412443161011,0.08877587305565247,0.6894009164445927,2.2416035943063874e-05,0.5217447416396624,0.02448905014913067,1.4384421363703572,0.5217447416396624,0.06769687910263154,0.02312783523093388,0.08841038785772944
motion_blur/s5,38400.0,0.08832114189863205,0.6617540121078491,0.08869319466346694,0.6843742065651847,1.5005776127174988e-05,0.5086163146513443,0.0223432863314933,1.50289859873024,0.5086163146513443,0.053840472787712014,0.018323178956244992,0.06770654063203374
motion_blur/s5,38528.0,0.08836197853088379,0.7024379968643188,0.08863297354845182,0.6876585320741182,1.004518897769565e-05,0.5315943924525528,0.02145094725125002,1.4944556842050074,0.5315943924525528,0.053862217320699776,0.01975559913599871,0.07166718835698124
motion_blur/s5,38656.0,0.08881567418575287,0.6634162664413452,0.08866619184614291,0.6832508474136141,6.724465348705351e-06,0.5010053370963369,0.024914103209748274,1.526778053214309,0.5010053370963369,0.06885611242129488,0.023555401074511532,0.08309952278442545
motion_blur/s5,38784.0,0.08838371932506561,0.7065158486366272,0.08861483320594704,0.68748084763598,4.501501597067219e-06,0.5143610107834982,0.023068009271698275,1.4736440949251395,0.5143610107834982,0.06907929839772631,0.022741632124259784,0.08429596153337571
motion_blur/s5,38912.0,0.0885038748383522,0.7097628116607666,0.08859465895729343,0.6915321138223048,3.013401895557394e-06,0.5261424948220111,0.024095122929222355,1.445075523903729,0.5261424948220111,0.059414654299304384,0.02322993555425655,0.07192539573721843
motion_blur/s5,39040.0,0.0883481502532959,0.7065492868423462,0.08854983919293025,0.6942625089168578,2.0172359796706516e-06,0.5260230750461397,0.02223893132403833,1.4310895708319211,0.5260230750461397,0.04209782643176574,0.0178749981809486,0.05563807483235282
motion_blur/s5,39168.0,0.08839192986488342,0.6658591032028198,0.08852112840601263,0.6890982533324872,1.3503811103580392e-06,0.5326580089151843,0.02109626050529259,1.4798507998111572,0.5326580089151843,0.041869206123744,0.017647726055015175,0.053774248441492374
motion_blur/s5,39296.0,0.08839109539985657,0.707236647605896,0.08849748604125698,0.6923961432003798,9.039741317272823e-07,0.4983599067944622,0.020212391406767918,1.4424597201330445,0.4983599067944622,0.04584839418201045,0.016462527359142387,0.0618240836674453
motion_blur/s5,39424.0,0.08839990198612213,0.7176061868667603,0.08847974348577792,0.696979787503358,6.051397080157839e-07,0.5120735739698465,0.019495135676091874,1.4071050685169788,0.5120735739698465,0.054193966353246664,0.024191857157773004,0.07005372543027329
motion_blur/s5,39552.0,0.08878083527088165,0.6897588968276978,0.08853448744670586,0.6956668982896015,4.050935235477561e-07,0.5184128883599799,0.019425935502463652,1.4289760900950315,0.5184128883599799,0.06081372954225603,0.019035458097352173,0.07143059305662922
motion_blur/s5,39680.0,0.08832315355539322,0.6953063011169434,0.08849606310283083,0.6956013351672999,0.0028411802692182428,0.5244644128690774,0.020039067357078562,1.4295250770036563,0.5244644128690774,0.06369555448696476,0.018424562858558063,0.07364362014534682
motion_blur/s5,39808.0,0.08834655582904816,0.6687265634536743,0.08846887996214306,0.6907150130375498,0.0019019471223692365,0.5189596482842583,0.01854323299859612,1.4468001405753699,0.5189596482842583,0.05348628027639789,0.012333798277216554,0.06815192753531481
motion_blur/s5,39936.0,0.09024342149496078,0.6935477256774902,0.08879152387720082,0.6912300516993571,0.0012732042719992406,0.5188903430663216,0.022447102007697315,1.4508964955552208,0.5188903430663216,0.05594949340816718,0.015746179012020998,0.08074633165587189
motion_blur/s5,40064.0,0.08857301622629166,0.684220016002655,0.08875179521339915,0.6899554997545021,0.0008523102977846155,0.5103212213915045,0.021213805938077805,1.4575188159279642,0.5103212213915045,0.05811495013274001,0.01803049999978265,0.07471448648037704
motion_blur/s5,40192.0,0.08832243829965591,0.6925673484802246,0.08867373031999129,0.6904303813409971,0.0005705548274425937,0.49657866886538726,0.019798947923352073,1.4461050565133917,0.49657866886538726,0.05543232198968545,0.014910913222994995,0.06654440830504578
motion_blur/s5,40320.0,0.0884493961930275,0.6801098585128784,0.08863294229690695,0.6885539226449755,0.0003819416613458685,0.48789563783550716,0.02040025569511305,1.4416315891709246,0.48789563783550716,0.050279075050946455,0.009981685711261111,0.057717744402551306
motion_blur/s5,40448.0,0.0883437842130661,0.7029814720153809,0.08858036809984496,0.6911771134395945,0.0002556799551158293,0.5130747658237692,0.020119767948331656,1.4417072237421917,0.5130747658237692,0.04450500065393936,0.006681954897621074,0.05800733302980707
motion_blur/s5,40576.0,0.08835373818874359,0.6972042918205261,0.08853916266146289,0.6922729640543094,0.00017115765590398487,0.5110769093531017,0.019528599711174804,1.429548552026497,0.5110769093531017,0.045288471512141215,0.004473044187663693,0.06181689235879646
motion_blur/s5,40704.0,0.08829133957624435,0.6880934238433838,0.08849410391869589,0.6915130476523229,0.00011457661262994026,0.504832476509101,0.025206557545822166,1.4444204283286213,0.504832476509101,0.04581294373953254,0.005318732059510406,0.05687742381043399
motion_blur/s5,40832.0,0.08834367245435715,0.7072809934616089,0.08846675274336156,0.6943799468903749,7.670004647128231e-05,0.5006523189854312,0.022728554451553168,1.406690197144375,0.5006523189854312,0.038157838371092025,0.00356047352744085,0.045564639079712005
motion_blur/s5,40960.0,0.08832020312547684,0.6684181690216064,0.08844010735829161,0.6896596236415078,5.134465920804848e-05,0.4862321308910737,0.020713454717456305,1.446451124026004,0.4862321308910737,0.03354987527321036,0.004707837650600899,0.051163105499641925
motion_blur/s5,41088.0,0.0891788899898529,0.7270509600639343,0.08857443147312093,0.6964580484455852,3.437121814753658e-05,0.5024053934064212,0.021259490297589247,1.388712426965587,0.5024053934064212,0.04363669336471106,0.008833345865278288,0.062917037565876
motion_blur/s5,41216.0,0.08873356878757477,0.7250462770462036,0.08860336553029435,0.7016559081911522,2.3008831983061675e-05,0.5181391476522323,0.02107286455590729,1.3467082328421793,0.5181391476522323,0.05219687737637682,0.013402900951136703,0.07491760365980127
motion_blur/s5,41344.0,0.0895245224237442,0.7179901003837585,0.08877084860183068,0.7046257613170805,1.5402606534115663e-05,0.5167914955357918,0.023764987391799563,1.3403103882720127,0.5167914955357918,0.04759666997922745,0.016461859314397295,0.07494484211937108
motion_blur/s5,41472.0,0.08834990859031677,0.6860421895980835,0.08869431405428269,0.7012469300954447,0.007499980257266639,0.5233790176727201,0.02205559551024699,1.3740056015133648,0.5233790176727201,0.05536429973816052,0.021350500863356867,0.07651266290635583
motion_blur/s5,41600.0,0.0883389338850975,0.719305157661438,0.0886296994780672,0.7045302441983525,0.007861557031723948,0.5073859539792589,0.020100324572909747,1.3533668802325247,0.5073859539792589,0.05255791965942976,0.017133393139933107,0.0723969065736762
motion_blur/s5,41728.0,0.08847443014383316,0.6732304096221924,0.08860146869002465,0.6988393651845052,0.005262695203054874,0.49228935762247905,0.019997781933543592,1.4116525367417032,0.49228935762247905,0.042673070185238096,0.01379384168871555,0.058794623408824555
motion_blur/s5,41856.0,0.08835336565971375,0.6865020990371704,0.08855635904814993,0.6965962258849897,0.0035229612516317747,0.4938052724580231,0.017957312823015124,1.4538031755375185,0.4938052724580231,0.03605593954548996,0.011558274188313712,0.04968896277780817
motion_blur/s5,41984.0,0.08835790306329727,0.7185312509536743,0.08852027614181308,0.7005844122611141,0.0023583459618361467,0.5097993972652881,0.01819640170045867,1.4195352003080726,0.5097993972652881,0.03911595953045195,0.010578266192176947,0.055731867644648436
motion_blur/s5,42112.0,0.08834582567214966,0.6826800107955933,0.08848855787460155,0.6973290665401103,0.0015787274620556022,0.5086260427974242,0.018050471380161033,1.44166448820175,0.5086260427974242,0.050720187784848,0.00992222778153994,0.0670085229687316
motion_blur/s5,42240.0,0.08834066241979599,0.7130862474441528,0.08846166779190962,0.7001940085226634,0.0010568340861694526,0.491569912947036,0.016426838219899362,1.396660782071828,0.491569912947036,0.03911847281465031,0.006642152481857314,0.05234661454931618
motion_blur/s5,42368.0,0.08843006938695908,0.6938303709030151,0.08845592262737315,0.6990369835009091,0.0007074674461134351,0.5021046524686769,0.015890709392786456,1.4140895936032891,0.5021046524686769,0.053821043785013845,0.009095159925871423,0.06784153535945958
motion_blur/s5,42496.0,0.08835616707801819,0.7145746350288391,0.08843778525476316,0.7018620110514417,0.00047359391020816726,0.4915948499996927,0.015641413631619788,1.3845746945615653,0.4915948499996927,0.04868392187261257,0.00608849548756682,0.060393920364596905
motion_blur/s5,42624.0,0.08851978927850723,0.707985520362854,0.08845269507726207,0.7029753763807893,0.0003170339398914177,0.49979696570227355,0.017046306222423736,1.3489029398744095,0.49979696570227355,0.04292064191472412,0.009757587888371177,0.0577327070209285
motion_blur/s5,42752.0,0.08842860907316208,0.6773096323013306,0.08844831580378934,0.6983088774572513,0.0025366094969521058,0.4970231753874723,0.016681091080965833,1.4178879570418874,0.4970231753874723,0.04371133880241862,0.014021608421141037,0.05595123362558023
motion_blur/s5,42880.0,0.08840543031692505,0.6986789107322693,0.08844051844254129,0.6983761562345273,0.0016980609029183516,0.5083378281519442,0.01727288202690882,1.4234883440655752,0.5083378281519442,0.053538168950379404,0.01635950646373904,0.06457272664191732
motion_blur/s5,43008.0,0.0883798897266388,0.7220104932785034,0.08842949503964992,0.7026733084243411,0.0011367184556726154,0.5334740833083261,0.016934635811278312,1.363387902498003,0.5334740833083261,0.06683133623951018,0.026447272922007124,0.07654248642971323
motion_blur/s5,43136.0,0.08836038410663605,0.7095533609390259,0.08841692941546557,0.7039242270633747,0.0007609437595824945,0.5482347169254084,0.016331005243653732,1.348169829181241,0.5482347169254084,0.06720734078843242,0.025710571129608076,0.07603257356038653
motion_blur/s5,43264.0,0.08840171992778778,0.7108100056648254,0.0884141640540696,0.7051761868090929,0.006191210285340348,0.5477852237269262,0.016115656199565016,1.3499198406872668,0.5477852237269262,0.08218012069308285,0.030899225301638463,0.09041230130901909
motion_blur/s5,43392.0,0.0883970633149147,0.6549973487854004,0.08841105482876871,0.6960527617138761,0.004144529199277422,0.5327632489411653,0.016146017243861735,1.4117694318499272,0.5327632489411653,0.06586024608379926,0.02584989462341087,0.0713710446779384
motion_blur/s5,43520.0,0.08839312195777893,0.699221134185791,0.08840779430677057,0.6966288294360424,0.002774436901995629,0.532004736894499,0.017139985406713756,1.4036385504311883,0.532004736894499,0.06319983415527057,0.024277615409060167,0.07489507949514884
motion_blur/s5,43648.0,0.08851446956396103,0.7212580442428589,0.08842718980807791,0.7011068684918272,0.001857267678195421,0.5172924271773092,0.017298393141670684,1.3583068901189035,0.5172924271773092,0.054962285674189384,0.020900717753172503,0.07312191271989302
motion_blur/s5,43776.0,0.08834894001483917,0.7096015810966492,0.0884129625729436,0.7026513616927039,0.0012432948920151163,0.5299126991848102,0.016318580740221737,1.3529725406164284,0.5299126991848102,0.059778472228176366,0.019156678826503907,0.0747758258703416
motion_blur/s5,43904.0,0.08835435658693314,0.7158854007720947,0.08840230693912352,0.7050575506162295,0.0008322883161423505,0.5448175920162779,0.01599022975897165,1.3165108532133367,0.5448175920162779,0.07152525826844865,0.015664801528486084,0.08388918921898898
motion_blur/s5,44032.0,0.08879189193248749,0.7193186283111572,0.08847314057428059,0.7076504738334891,0.0005571516827068626,0.5473055781265992,0.01773975500047085,1.3163672887624096,0.5473055781265992,0.07422351999788711,0.016168172924027873,0.08482458121271162
motion_blur/s5,44160.0,0.09352483600378036,0.7107846736907959,0.08939163065237145,0.7082203283529994,0.0003729693082583129,0.5357996018864011,0.021068687960297774,1.3521425277984864,0.5357996018864011,0.07964549685808972,0.01547208270120874,0.0890664551919805
motion_blur/s5,44288.0,0.09345874190330505,0.6926854848861694,0.09013110542526846,0.7053958113590303,0.00024967366916465566,0.5270641963041197,0.021681053691889496,1.365362888222173,0.5270641963041197,0.06700442351657244,0.016039162799982708,0.07615192455000347
motion_blur/s5,44416.0,0.08835615962743759,0.7130266427993774,0.08980838800748103,0.7067832352572752,0.00016713691902757937,0.5186338834763115,0.019326684928191902,1.3514866275339417,0.5186338834763115,0.0575091595441518,0.010736960221476025,0.06595707345909321
motion_blur/s5,44544.0,0.08835844695568085,0.692748486995697,0.08954476236169917,0.7042314628460791,0.00011188504496887543,0.5129904509221588,0.017704416898135223,1.3511757755925473,0.5129904509221588,0.05683464399236607,0.012352841139996348,0.07049605743955825
motion_blur/s5,44672.0,0.08850450068712234,0.6996898651123047,0.08935562387541246,0.7034057178035746,7.489825324362735e-05,0.5195431944189658,0.017885008690908543,1.3649909216154603,0.5195431944189658,0.05586657986265827,0.016275455639171106,0.06785273266615056
motion_blur/s5,44800.0,0.09280019998550415,0.7395381927490234,0.08998191044088368,0.7099752587027471,5.013850010523813e-05,0.5270289152722002,0.023963479018659254,1.2988807790183396,0.5270289152722002,0.051861098916324955,0.0178682802212633,0.0673745565781669
motion_blur/s5,44928.0,0.0883646309375763,0.6947322487831116,0.0896878596221005,0.7072038023537225,3.356378932664701e-05,0.514478034190481,0.020834124218682935,1.3265479214008953,0.514478034190481,0.04737189266299439,0.014802319817539891,0.060081314734144776
motion_blur/s5,45056.0,0.08835769444704056,0.7062907814979553,0.08944601140845324,0.7070377985617649,2.2468321780647994e-05,0.5182146344580906,0.018282924353436824,1.335605817366829,0.5182146344580906,0.038684903352913594,0.009908990952237446,0.047192863582361376
motion_blur/s5,45184.0,0.08833785355091095,0.6741638779640198,0.08924452816162735,0.7010607220894476,1.5040777390351136e-05,0.535178804885168,0.01677899595264111,1.3964101649485379,0.535178804885168,0.04190890224451241,0.006633291463894487,0.0550939830592667
motion_blur/s5,45312.0,0.08836574852466583,0.7382614612579346,0.08908475004581617,0.7078244928473543,1.0068619575359024e-05,0.5473097784768479,0.015903355686481057,1.3359936485196524,0.5473097784768479,0.04484190976698764,0.00908922817004507,0.055992666345459526
motion_blur/s5,45440.0,0.09075592458248138,0.7600082755088806,0.08938859996157347,0.7173124533312681,6.740150294248602e-06,0.551556545922518,0.019428542249769514,1.2686473295133098,0.551556545922518,0.05352020405889255,0.008925433733666534,0.07131533862795224
motion_blur/s5,45568.0,0.08840081095695496,0.6864794492721558,0.08920900196073375,0.7117064525932477,4.5120014366457575e-06,0.5288312414853219,0.017812132295276624,1.3313464410445441,0.5288312414853219,0.048482533295622285,0.011140166383694125,0.06504373908152174
motion_blur/s5,45696.0,0.08853444457054138,0.695361852645874,0.08908635516251695,0.7087347071482707,3.0204307137876553e-06,0.5159428145480253,0.019945223508055034,1.376936346928483,0.5159428145480253,0.06396351402434218,0.020628954356026644,0.08021523029424182
motion_blur/s5,45824.0,0.0885167121887207,0.6992942094802856,0.0889827837127358,0.7070182530268188,2.0219412216264465e-06,0.5070567601519838,0.019936986100080722,1.3516880438171524,0.5070567601519838,0.07251896393365054,0.029821862006926925,0.0890800301969718
motion_blur/s5,45952.0,0.0884086936712265,0.7385973930358887,0.08887840370518865,0.7127599148466496,1.353530900427621e-06,0.528742541919923,0.019168307015173785,1.3051425249787223,0.528742541919923,0.06972343866632805,0.025645213409595705,0.08313415244590674
motion_blur/s5,46080.0,0.08837336301803589,0.7036338448524475,0.08878657812570634,0.7111006293931583,9.060826688812999e-07,0.5071024454174691,0.018727260387253537,1.317880911393908,0.5071024454174691,0.06552767381795513,0.0171674569105558,0.07967038304230119
motion_blur/s5,46208.0,0.08879870921373367,0.7226359844207764,0.08878878377807495,0.713197966670907,6.065512080940933e-07,0.5254156866017767,0.019277466975716962,1.2842212697352893,0.5254156866017767,0.05471274032441623,0.016657553799628258,0.06986199195393715
motion_blur/s5,46336.0,0.08834391832351685,0.7470652461051941,0.08870789914997347,0.7193556538407773,4.060384120299301e-07,0.544131575328462,0.01712725549167448,1.2235097039660146,0.544131575328462,0.049280842696510035,0.0134753046096685,0.067944804531148
motion_blur/s5,46464.0,0.08839869499206543,0.7242922782897949,0.08865168021217201,0.7202532219224168,2.718108378051598e-07,0.561825682657896,0.01663517387546376,1.2543557602040258,0.561825682657896,0.04977684511088687,0.00902065845771197,0.07027710055390898
motion_blur/s5,46592.0,0.08839554339647293,0.6986123919487,0.0886051098820449,0.7163185255635592,1.819560153902309e-07,0.5393213247544593,0.017189767620437016,1.2794895762809833,0.5393213247544593,0.05114193763621352,0.00887953169483198,0.0671896292964184
motion_blur/s5,46720.0,0.08856894820928574,0.6956539750099182,0.08859853503245232,0.7125613345538062,0.002324501970555757,0.5252894818604231,0.01790925840047672,1.3243729557243147,0.5252894818604231,0.05024790866556442,0.011109438572573474,0.06383148738024702
motion_blur/s5,46848.0,0.0883614644408226,0.715846598148346,0.08855543128851964,0.7131586552073588,0.0015560715670662503,0.5127970911627626,0.0163518835405198,1.315175883317962,0.5127970911627626,0.04448413720587369,0.01027780598659877,0.061583475023140564
motion_blur/s5,46976.0,0.08837199211120605,0.7027866840362549,0.08852207871082626,0.711272842267158,0.0010416677432426964,0.5279364825139153,0.017258499910249088,1.339320817104901,0.5279364825139153,0.04708235631136999,0.009204564338136366,0.060853400635325496
motion_blur/s5,47104.0,0.08859097957611084,0.6623594760894775,0.088534606140878,0.7023795029621253,0.0006973147702699042,0.5013975626746044,0.016387459929939438,1.3754442713433546,0.5013975626746044,0.044172899679512136,0.016492311664372275,0.05623244174761458
motion_blur/s5,47232.0,0.08836110681295395,0.7064704298973083,0.08850306080852817,0.7031233078594312,0.00046679749084183665,0.4980946493937434,0.015367624237424599,1.3606507899049372,0.4980946493937434,0.044549627058185805,0.013364687973670695,0.060112213070717194
motion_blur/s5,47360.0,0.08850499242544174,0.7220333218574524,0.08850341201160336,0.7065614922227077,0.0031533933616379236,0.5175778231478778,0.015401190864294386,1.3458526491267946,0.5175778231478778,0.05048363464225661,0.019793716742705175,0.06322594428700902
motion_blur/s5,47488.0,0.08836331218481064,0.7342878580093384,0.08847793931582286,0.7116026496384587,0.002110949275146048,0.5053103609502323,0.015328296809667881,1.3128957258198712,0.5053103609502323,0.04464193723985772,0.016091248398009246,0.05317191311774983
motion_blur/s5,47616.0,0.08837378025054932,0.719400942325592,0.08845900130395493,0.7130205210361193,0.0014131148040233872,0.48599288625594056,0.01593739663607356,1.3178297967861985,0.48599288625594056,0.04951237121015268,0.015420587770568171,0.05754690051684079
motion_blur/s5,47744.0,0.08834339678287506,0.6772582530975342,0.08843798230012222,0.706518290501831,0.0009459694142635896,0.47977622964240646,0.015317113978004376,1.3553964832131384,0.47977622964240646,0.03882646337208567,0.01316378189600018,0.05169461935424879
motion_blur/s5,47872.0,0.09174830466508865,0.6993362903594971,0.08903985909375248,0.705212472294134,0.00063325225252356,0.4882696248019414,0.016592972273005675,1.3574196901819342,0.4882696248019414,0.04097060771189206,0.01113649862459516,0.051909207997472326
motion_blur/s5,48000.0,0.09017057716846466,0.7160364389419556,0.0892454441982456,0.7071804662301016,0.00042391266491246567,0.5089346248674154,0.02504819093898525,1.3356198057318849,0.5089346248674154,0.04292247293110129,0.009779391641257915,0.06057558551896907
motion_blur/s5,48128.0,0.08837383985519409,0.7252036929130554,0.08908697068132714,0.7104574165360932,0.0002837762467595844,0.517344666233559,0.021144746782464658,1.2829528504885874,0.517344666233559,0.05507620088776201,0.011711824156544554,0.07154233410773962
motion_blur/s5,48256.0,0.08848622441291809,0.7127766609191895,0.08897774408707093,0.7108790973330197,0.00018996591725228373,0.5098030410323824,0.01901564861960247,1.3055535428422942,0.5098030410323824,0.06398696092486547,0.012488907080000899,0.08585685175807362
motion_blur/s5,48384.0,0.0883498564362526,0.7100904583930969,0.08886358269601305,0.7107357084348519,0.00012716726692095024,0.49649005226134685,0.016465691494776676,1.3138767218857088,0.49649005226134685,0.05135697384226531,0.011201251846942747,0.07064590902813192
motion_blur/s5,48512.0,0.0884031131863594,0.6844111680984497,0.08877986096698512,0.7059494283736878,8.512850099666916e-05,0.4994582168030503,0.015469428991890011,1.3590660461691417,0.4994582168030503,0.044710040340690003,0.01033926776530878,0.06511213744858417
motion_blur/s5,48640.0,0.0883856788277626,0.7120988368988037,0.08870819148712648,0.7070675026509815,5.698684777462976e-05,0.5272716162070006,0.014918724083127893,1.3632168384635244,0.5272716162070006,0.05523977907104041,0.012086617264380258,0.07122176143252328
motion_blur/s5,48768.0,0.08860597759485245,0.7319843173027039,0.08868960714307665,0.7115978325876582,3.8148220411115786e-05,0.530136371179893,0.01536495834827922,1.312615396391711,0.530136371179893,0.05531547194011796,0.01609723965632067,0.06601415434739161
motion_blur/s5,48896.0,0.08835092186927795,0.719962477684021,0.08862802800238598,0.7131186771506333,2.553723845702792e-05,0.5170747608724903,0.014414759018818592,1.2964604228219403,0.5170747608724903,0.056657464687186396,0.01542459844761962,0.06898468183585718
motion_blur/s5,49024.0,0.08974506705999374,0.7184523344039917,0.08883112601286011,0.7140884330148802,1.7095176157183978e-05,0.5091058316584439,0.016068663901844332,1.3248504865661814,0.5091058316584439,0.04825830280712477,0.01264993780377842,0.06684098536119365
motion_blur/s5,49152.0,0.08847574889659882,0.7392857074737549,0.0887665119917217,0.7186697556437666,1.144387825398266e-05,0.5381204327630905,0.015331446704723741,1.258007493515103,0.5381204327630905,0.05012539278824055,0.013116900513273157,0.06256503978724533
motion_blur/s5,49280.0,0.08843635767698288,0.7064353227615356,0.08870648393449646,0.7164453133015427,7.660778004732193e-06,0.5415310335025646,0.014799649646247078,1.291509696922046,0.5415310335025646,0.05240832079212797,0.014462553236158063,0.06641750597327992
motion_blur/s5,49408.0,0.08857686817646027,0.6919695734977722,0.08868291743303533,0.7119951787917662,5.128289408126509e-06,0.5066240802785762,0.015527874148700983,1.3265877722018078,0.5066240802785762,0.04877127259638318,0.015363362083709114,0.060473702345749364
motion_blur/s5,49536.0,0.0883554145693779,0.6830648183822632,0.0886233714578249,0.7067351132627657,0.0028443420780335394,0.5008185991947492,0.014751112756748518,1.3804192746829744,0.5008185991947492,0.05279316595295072,0.015449853956863126,0.06527578421492312
motion_blur/s5,49664.0,0.09446593374013901,0.7487539052963257,0.08968565550915474,0.7143748936325038,0.0047449727960389805,0.5212091449154932,0.017330587249790513,1.2662686590791177,0.5212091449154932,0.07304749125776039,0.016024282400875313,0.08940982249098159
motion_blur/s5,49792.0,0.08835337311029434,0.6693055033683777,0.08944342234572555,0.7061804590390264,0.003176386747761631,0.5082577746954954,0.01597968802603468,1.3537843598804482,0.5082577746954954,0.0724016263791619,0.013567908053478513,0.08903674067578106
motion_blur/s5,49920.0,0.08912742882966995,0.7409307360649109,0.08938596897916998,0.7124986912255509,0.002126341541890017,0.5163750392589679,0.015991448438688344,1.2750531585127938,0.5163750392589679,0.0781676176587778,0.014247938449022807,0.09446880987386996
motion_blur/s5,50000.0,0.1117662712931633,0.7782357335090637,0.0934551148544415,0.7244508807316441,0.0014234187181247219,0.4750630428097222,0.015133639383566136,1.2340299819126412,0.4750630428097222,0.06394898372199175,0.014186636482403696,0.07718573222961542
