corruption,n_samples,r_l,r_s,r_l_ema,r_s_ema,large_acc_ema,small_acc_ema,large_ent_ema,small_ent_ema,nuclear_norm_identity_pbs128_duo_acc_ema,fixed_ts_duo_acc_ema,coca_ts_duo_acc_ema,proxy_weighted_nuclear_norm_duo_acc_ema
defocus_blur/s5,128.0,0.21020205318927765,0.3503352999687195,0.21020205318927765,0.3503352999687195,0.2130681818181818,0.3480113636363636,4.818007599223743,3.7866790944879702,0.3508522727272727,0.3508522727272727,0.3607954545454545,0.3508522727272727
defocus_blur/s5,256.0,0.2020583152770996,0.31585121154785156,0.20872137356888165,0.3440654657103799,0.1803390308039068,0.2934001690458301,4.8826181872458845,3.9214487176117006,0.2986593726521412,0.29401061232156267,0.30118332081141985,0.29401061232156267
defocus_blur/s5,384.0,0.2376023381948471,0.356702983379364,0.21397245804632992,0.3463631961956497,0.18942116938112769,0.28447655944390277,4.843385350511667,3.9162202697311814,0.2926459436762267,0.2957323107276576,0.30234172715475216,0.2957323107276576
defocus_blur/s5,512.0,0.2450598031282425,0.33475443720817566,0.21962470260667763,0.3442525127433817,0.21383772495761438,0.2919326554955051,4.7634819726009825,3.9344036672122815,0.2945605077502014,0.2891369187515724,0.29123702396309853,0.2891369187515724
defocus_blur/s5,640.0,0.24868813157081604,0.33162975311279297,0.22490896241833916,0.3419574655378201,0.21468682414517987,0.30208921566228025,4.720262060126516,3.9561919932705396,0.3038483564278207,0.29272801999072195,0.29413387554554526,0.29272801999072195
defocus_blur/s5,768.0,0.2487126737833023,0.34028416872024536,0.22923690993924153,0.3416532297528065,0.21138126244429392,0.2871940204020223,4.649341822117395,3.9603422812657914,0.29637782537730145,0.28428487288635107,0.2852259828032162,0.28428487288635107
defocus_blur/s5,896.0,0.24489101767539978,0.3444238305091858,0.23208311134581572,0.34215697534487544,0.21200935750403144,0.3017579805997008,4.626793430170375,3.9586265485272145,0.3055814368228216,0.292837394246235,0.28830210419058266,0.292837394246235
defocus_blur/s5,1024.0,0.2808768153190613,0.3202405571937561,0.2409546938864058,0.3381721720446719,0.216303784775426,0.2810322018890559,4.5142781310797195,3.9708773292322888,0.2841082345673433,0.29339734656152916,0.28571256561518343,0.29339734656152916
defocus_blur/s5,1152.0,0.2724607288837433,0.3559575080871582,0.2466830638859217,0.34140586950694213,0.22201947575875622,0.2756806475455663,4.447361592628376,3.9244641861761353,0.28574600826408925,0.29609657083870955,0.2909522133457013,0.29609657083870955
defocus_blur/s5,1280.0,0.26774317026138306,0.32619041204452515,0.25051217413600557,0.33863942269559355,0.1969200622847872,0.2597015078610816,4.4181402220410995,3.9540601181565433,0.2646316253668696,0.2733683656027725,0.2676002419917505,0.2733683656027725
defocus_blur/s5,1408.0,0.27575618028640747,0.3382011353969574,0.25510199343607864,0.3385597340958415,0.19716343012452694,0.28051299286568265,4.373491184130774,3.9401334883866848,0.2763236500389788,0.26383543482499644,0.2599741289366263,0.26383543482499644
defocus_blur/s5,1536.0,0.267753005027771,0.3433651030063629,0.2574021773618409,0.3394334375341181,0.17692345322385683,0.2699095241497545,4.330994324196901,3.936148260685653,0.2665885591170023,0.25125553901508024,0.24634631771790683,0.25125553901508024
defocus_blur/s5,1664.0,0.31204068660736084,0.4061683118343353,0.2673364517701172,0.3515670510432485,0.19307479100109423,0.2770158798027282,4.227736087386203,3.822445278217648,0.2724683742849354,0.26969379058034293,0.2664074523566153,0.26969379058034293
defocus_blur/s5,1792.0,0.30404502153396606,0.4048219323158264,0.2740107371817261,0.3612497567291717,0.17521948819081515,0.2729920352398428,4.16273159027835,3.7299703904162964,0.2676234571659485,0.26679914906617996,0.25710953422219696,0.26679914906617996
defocus_blur/s5,1920.0,0.291820228099823,0.37754976749420166,0.2772488264395619,0.3642133950500862,0.17127296316905805,0.2700401227638617,4.130363792550462,3.7155967625719954,0.2664462812433208,0.26976843863107913,0.2576001840660988,0.26976843863107913
defocus_blur/s5,2048.0,0.30821752548217773,0.3804008960723877,0.28287949899276477,0.367156577054141,0.19729842989003055,0.29776446234605614,4.079601870096449,3.704957799389469,0.29819957670007424,0.29190077296791245,0.27858979263928924,0.29190077296791245
defocus_blur/s5,2176.0,0.3262903392314911,0.4378424882888794,0.29077237903616954,0.3800085609150025,0.22479275058754108,0.316065466529178,4.038648604980962,3.5990436111455044,0.32436293977442987,0.3087827488462885,0.2970311835023341,0.3087827488462885
defocus_blur/s5,2304.0,0.30011922121047974,0.38284069299697876,0.29247180488604413,0.3805234940208163,0.20445837022802335,0.3107545685030034,4.0343904492791065,3.6147656325792767,0.3186334555514778,0.292191344269003,0.2838080649891658,0.292191344269003
defocus_blur/s5,2432.0,0.3033643662929535,0.3976708650588989,0.2944522705963913,0.3836411978459222,0.19833576849975115,0.32114562023754767,4.021503006952509,3.602642875259519,0.3240955363609066,0.2908987511222251,0.27676407656299523,0.2908987511222251
defocus_blur/s5,2560.0,0.35160157084465027,0.4092797040939331,0.3048430524597111,0.3883027444364696,0.1932041094915689,0.29426896891935006,3.909508149473938,3.565958557452195,0.29572717723333414,0.2786698251314068,0.2645590099306001,0.2786698251314068
defocus_blur/s5,2688.0,0.34759050607681274,0.40419450402259827,0.31261531675372956,0.39119215527031115,0.18537837081667008,0.2943556734088211,3.8718515254624855,3.532294962129974,0.29765620955289307,0.27306616393094174,0.25613041160643474,0.27306616393094174
defocus_blur/s5,2816.0,0.3436824679374695,0.40228843688964844,0.3182638896962277,0.39320966101928156,0.19072849616653118,0.28692404583565706,3.804361255884024,3.5137923650429648,0.2875839088742507,0.2700897461025312,0.2610769697530678,0.2700897461025312
defocus_blur/s5,2944.0,0.31902533769607544,0.39671188592910767,0.3184023347871091,0.39384642918470447,0.20154138999577703,0.2716185761379192,3.826897377362823,3.5158734698362633,0.2829074100728455,0.26034933416781014,0.2571568971074255,0.26034933416781014
defocus_blur/s5,3072.0,0.33442580699920654,0.4068171977996826,0.32131569337112675,0.3962047507510641,0.18605250074097468,0.26111450138158226,3.7936362652235864,3.4930282009540066,0.26583058029669815,0.26338467824456707,0.2537579228570369,0.26338467824456707
defocus_blur/s5,3200.0,0.34686052799224854,0.3945200443267822,0.3259602087567852,0.3958984404921037,0.19789464925635492,0.2721613604289931,3.7526293524110814,3.492659731512837,0.28564898350440115,0.27755503254388375,0.2739515847224792,0.27755503254388375
defocus_blur/s5,3328.0,0.32940611243247986,0.41247639060020447,0.32658673669782057,0.3989126132390311,0.19962369082450201,0.28833735698139207,3.7666691956838334,3.4540721311734344,0.3071803112715412,0.2816174184797899,0.2768808129133951,0.2816174184797899
defocus_blur/s5,3456.0,0.38533592224121094,0.4529001712799072,0.3372684067966188,0.40872853288282673,0.22170056989078232,0.29477542078919633,3.6789305773743166,3.3678410093481084,0.3079058282065689,0.2874360404699419,0.2814243458345868,0.2874360404699419
defocus_blur/s5,3584.0,0.34154248237609863,0.44696545600891113,0.3380455114474333,0.415680700723933,0.2222747616624245,0.29314511639607355,3.661539527303278,3.315850656617175,0.3019348932622486,0.2853910684137627,0.2795588596082771,0.2853910684137627
defocus_blur/s5,3712.0,0.3621782064437866,0.45341840386390686,0.342433274174043,0.4225421012948373,0.22059302226988745,0.29282854899241284,3.6133025948225477,3.2525779500847323,0.30155352358877796,0.29564402100425435,0.288898906018764,0.29564402100425435
defocus_blur/s5,3840.0,0.34779196977615356,0.4277988374233246,0.3434075824653358,0.42349787150001683,0.22902301490794116,0.3050133261850036,3.6281506279493003,3.2767118446384136,0.3142114496751323,0.3050902124078066,0.298250507334875,0.3050902124078066
defocus_blur/s5,3968.0,0.3843754231929779,0.45870551466941833,0.3508562807794525,0.42989926116718075,0.2362158198970515,0.32789115223954785,3.5757095636498457,3.229591809702227,0.3420547720965761,0.3439550182234077,0.3342110834225196,0.3439550182234077
defocus_blur/s5,4096.0,0.37196680903434753,0.46195077896118164,0.35469455864397886,0.4357268098569991,0.25807629265835674,0.3434643250529204,3.5618147593451703,3.1777679733203548,0.3656007152051459,0.3650649295545126,0.35337684096879407,0.3650649295545126
defocus_blur/s5,4224.0,0.36539703607559204,0.4420470595359802,0.3566404636315449,0.4368759461622684,0.248433303349809,0.33142033329988885,3.530836025117486,3.1793352565432893,0.34391452836046954,0.34639677102409516,0.3419299513923332,0.34639677102409516
defocus_blur/s5,4352.0,0.37675291299819946,0.5156062841415405,0.3602972726073002,0.4511905530675906,0.2585070047217729,0.35202518179579334,3.5132974371300136,3.050279312474085,0.3683952627867606,0.37470568969381574,0.37688079390726437,0.37470568969381574
defocus_blur/s5,4480.0,0.36793315410614014,0.4197952449321747,0.3616856146979983,0.4454823152247877,0.23813278828482318,0.33560156797900215,3.492649651742725,3.1346816985776833,0.34552699409692234,0.3435529823570171,0.3408768124503174,0.3435529823570171
defocus_blur/s5,4608.0,0.3837563991546631,0.44684308767318726,0.3656984845992101,0.4457297283972239,0.2384401310005841,0.32254113228346426,3.473561765334138,3.145671562621938,0.33150980596570834,0.33587017827205273,0.33123778354112154,0.33587017827205273
defocus_blur/s5,4736.0,0.38634639978408813,0.4639134407043457,0.36945265099646063,0.4490358579076097,0.24019545959543231,0.3303271216112446,3.44510911226988,3.1162345591480216,0.3288412750679535,0.32607838380195264,0.3229773592300069,0.32607838380195264
defocus_blur/s5,4864.0,0.3466413617134094,0.45689260959625244,0.3653051438540877,0.4504643582146356,0.2364634894812398,0.3184937756240563,3.4925808144648816,3.0961782620686056,0.3221478783512746,0.31229214122279475,0.3102162487407484,0.31229214122279475
defocus_blur/s5,4992.0,0.3779822289943695,0.4330679774284363,0.367610068425048,0.44730137988987206,0.2391305177519043,0.31418798202932685,3.4921936163529836,3.1446952630939546,0.32593163757399374,0.3175261441243502,0.31045467890909595,0.3175261441243502
defocus_blur/s5,5120.0,0.371869295835495,0.43846312165260315,0.3683844734087656,0.44569442384673225,0.2391080325446632,0.3032993929287229,3.4887453819332954,3.1556411924103234,0.31968357556606186,0.3230960138353088,0.3178456941457585,0.3230960138353088
defocus_blur/s5,5248.0,0.3652900159358978,0.46016329526901245,0.3678218447773351,0.4483251277416923,0.2375433936869233,0.2960103374150954,3.46252691557461,3.102952292235828,0.3149844596764546,0.31210352992281,0.3109132332711275,0.31210352992281
defocus_blur/s5,5376.0,0.38154441118240356,0.45311591029167175,0.37031685685098387,0.44919617911441584,0.21351045362513044,0.27744287050101424,3.430352691501196,3.104022384875759,0.29530984490737866,0.29441434647725295,0.2884522470657961,0.29441434647725295
defocus_blur/s5,5504.0,0.3938128352165222,0.46788328886032104,0.37458885291744537,0.45259383543185316,0.21007724581516993,0.2745691943023318,3.391863183039895,3.060229238208441,0.29401940030989804,0.2877381162368387,0.28607133894487174,0.2877381162368387
defocus_blur/s5,5632.0,0.38092392683029175,0.4756861627101898,0.37574068453796283,0.45679244039155076,0.2113946852151137,0.2881413614751146,3.4107936130126326,3.0298636974648088,0.29315554896778295,0.2889507224395367,0.2878349459052447,0.2889507224395367
defocus_blur/s5,5760.0,0.36788874864578247,0.4653855562210083,0.37431305983029367,0.4583548250878158,0.19161545043325792,0.2861214899130932,3.4144516125846502,3.040288959621883,0.29515991294537536,0.2814980042777063,0.27377793899442,0.28382238444299557
defocus_blur/s5,5888.0,0.4080415368080139,0.4764297306537628,0.38044551018987915,0.4616411715543516,0.21556488830656106,0.29949041886744254,3.369732199767582,3.017803337365793,0.31251407395516856,0.3033684987313571,0.29820052114502493,0.3049244887593606
defocus_blur/s5,6016.0,0.4220818877220154,0.47496479749679565,0.38801576065026755,0.4640636489984323,0.22359095828786313,0.3027580489939078,3.3151585224197544,3.009378494978468,0.31380074372205496,0.3094863503904125,0.3145495224193968,0.31052796354965456
defocus_blur/s5,6144.0,0.3423038125038147,0.42725229263305664,0.3797044973509125,0.4573706751138185,0.20830262496956123,0.2773111732934424,3.425143077843958,3.0902663951652616,0.30588107637592105,0.29214582133573064,0.2880455480658772,0.2928430995662976
defocus_blur/s5,6272.0,0.34731653332710266,0.4291608929634094,0.37381577661931065,0.4522416238137441,0.18412200514491286,0.27396450443610604,3.4672446768536664,3.129815402872082,0.2832757618714843,0.27175670684458,0.26668751564740534,0.2722234798749595
defocus_blur/s5,6400.0,0.3883023262023926,0.48761987686157227,0.3764496947253255,0.45867403345880375,0.20770770592345406,0.3003915277630131,3.4004306430375064,3.0501603614116837,0.3112734438974398,0.29039085334223946,0.28983833692099026,0.2907033212386092
defocus_blur/s5,6528.0,0.4061132073402405,0.5033486485481262,0.38184306065531004,0.4667966907477714,0.246998546940494,0.3299625103206947,3.3350787826274,2.9547090573061556,0.34757767731977374,0.31991040595637515,0.31385872140991905,0.32011957868039126
defocus_blur/s5,6656.0,0.44203102588653564,0.5414396524429321,0.39278632706098743,0.48036813832870967,0.2794990272907439,0.35414845732211786,3.2316770012544755,2.8375266158867087,0.369297866635551,0.3512933296071602,0.3420769126793673,0.35143335432323713
defocus_blur/s5,6784.0,0.4134230315685272,0.5008972883224487,0.39653845515326736,0.484100711054844,0.25605926620289465,0.35303533093464085,3.199607899600103,2.8098753583228824,0.35749485287173244,0.3374360305634708,0.3237766936118078,0.3375297661172083
defocus_blur/s5,6912.0,0.405869722366333,0.4846157431602478,0.39823504919200653,0.48419435325582644,0.25302314514408647,0.3326620810388918,3.2158184152982825,2.8345194096370627,0.33797176101330845,0.33203362376562917,0.3172079519219539,0.33209637235945344
defocus_blur/s5,7040.0,0.3951760232448578,0.4659508466720581,0.39767886265616126,0.48087735205877763,0.25899689881546284,0.3099845335880184,3.2251560499792236,2.8799143309068835,0.32335299704196674,0.32221878946294186,0.3122941661626303,0.3222607947199647
defocus_blur/s5,7168.0,0.4129093885421753,0.4748848080635071,0.40044804918089105,0.479787798605092,0.24001032069464864,0.31443179521181397,3.209014566683998,2.8805103420623768,0.3158912624826388,0.3024770408801511,0.3009985740427525,0.30250516010179446
defocus_blur/s5,7296.0,0.3855583071708679,0.47543543577194214,0.3977408233608868,0.47899645990815565,0.24951104112616973,0.32773946621617295,3.2468325585002304,2.879293800444723,0.3354313410007747,0.32800115959745646,0.327011442127793,0.32801998320863923
defocus_blur/s5,7424.0,0.3947616517543793,0.48857951164245605,0.3971991557960672,0.4807388329507557,0.2530301184398326,0.340780138541405,3.280128427346418,2.884292184527887,0.3477370960418409,0.34560408204457826,0.3397762546475308,0.3456166829743783
defocus_blur/s5,7552.0,0.41752010583877563,0.4775431752204895,0.40089387398565046,0.48015780427252547,0.2520284263936069,0.33659662166821325,3.2103593023354473,2.884638195166821,0.34177028743296783,0.3403424020298416,0.33179236881363633,0.3403508373630135
defocus_blur/s5,7680.0,0.45496395230293274,0.5127609372138977,0.41072479731606537,0.48608564662550224,0.2529074589907616,0.338961374835746,3.1218668959772184,2.8268616715025683,0.3424247378683503,0.33914450053237327,0.32825563532152513,0.3391501473256537
defocus_blur/s5,7808.0,0.40101224184036255,0.48750483989715576,0.4089588781386648,0.48634368176580284,0.2351591254400966,0.35061670546855717,3.165500206495023,2.839904734939824,0.357583915432532,0.3365347482902663,0.32692112777721927,0.3365385283750243
defocus_blur/s5,7936.0,0.43291139602661133,0.4880102574825287,0.4133138813910187,0.48664669553248024,0.2325755302532878,0.33078473671862085,3.1186648408762383,2.8386962649044722,0.3447462574383065,0.33194681497116996,0.3226703417351633,0.3319493454411319
defocus_blur/s5,8064.0,0.4098008871078491,0.5266643166542053,0.41267515515771513,0.4939226266455211,0.22981295826872983,0.3552154022661842,3.1282203133568722,2.7761475921516277,0.35655534588845306,0.34359662820384096,0.3298970882689936,0.34359832215480723
defocus_blur/s5,8192.0,0.43961286544799805,0.521324634552002,0.41757292066503926,0.49890480990124486,0.25301528611377777,0.34651816184761086,3.0958061707487037,2.690773619065614,0.3492230001402041,0.34752129656620756,0.33318524090734275,0.3451980503680941
defocus_blur/s5,8320.0,0.4244441092014313,0.4961417019367218,0.418822227671656,0.4984024266349679,0.2675143650844297,0.349735298426913,3.0774368148616,2.726419237698113,0.364717462903773,0.3566051654699406,0.3470083017644195,0.3550499345439307
defocus_blur/s5,8448.0,0.4064626097679138,0.49282920360565186,0.41657502441643013,0.49738911335691044,0.25371829398213885,0.343882720434545,3.1044382594400646,2.7660661340009787,0.3642426817785587,0.3466737058104561,0.34024935903237996,0.3456326008103998
defocus_blur/s5,8576.0,0.43755704164505005,0.5335528254508972,0.42038993663981555,0.5039643337376353,0.24138373398804336,0.3518450442578358,3.064894389623694,2.7022912290637984,0.36779882003358055,0.3335687617408838,0.3292681659638246,0.33287182368299484
defocus_blur/s5,8704.0,0.42488721013069153,0.4849564731121063,0.4212076227290657,0.5005083590784482,0.2419077062234009,0.34503676516433635,3.090208874529203,2.754658470093521,0.35339218531173566,0.32427950166125274,0.31391092101710566,0.32381295634977336
defocus_blur/s5,8832.0,0.38881897926330566,0.5040549635887146,0.4153187784625638,0.501153196262133,0.2368349107776485,0.33918783453149787,3.130317473027607,2.750545395739843,0.34891336372107923,0.312120988715384,0.3056965669618641,0.3118086732589392
defocus_blur/s5,8960.0,0.43376314640045166,0.5258184671401978,0.4186722999058161,0.5056377909672356,0.25564981630569855,0.34043772394257293,3.0890231782139947,2.7169747155524275,0.3497891112513009,0.33419876104087687,0.3298981150736445,0.3339896903634221
defocus_blur/s5,9088.0,0.4176445007324219,0.5130066275596619,0.4184854273288353,0.5069775794385858,0.2682449183534015,0.36735913751527605,3.0633605651038325,2.697233722829765,0.37930097530045764,0.3551764433414134,0.35462187868566286,0.3550364869374974
defocus_blur/s5,9216.0,0.43197137117385864,0.5402889251708984,0.42093741711883953,0.5130341877535517,0.25498213542665715,0.3737590094110525,3.052738625558424,2.658042536492351,0.3835609834655956,0.34520075959218577,0.34431299316974123,0.34510706976807676
defocus_blur/s5,9344.0,0.4281117022037506,0.537451982498169,0.4222418325888233,0.5174737867980276,0.25333514850875394,0.37184487406855576,3.0549050285380144,2.6208796617046484,0.3830552864521755,0.3597005084873309,0.35678183840288463,0.3596377905059026
defocus_blur/s5,9472.0,0.4213908314704895,0.5174150466918945,0.4220871051127626,0.5174631067787306,0.23105493412569475,0.37211309751696703,3.0381733343545774,2.631450006660593,0.377293208286167,0.3474544726237504,0.34782503231928635,0.34741248785932316
defocus_blur/s5,9600.0,0.4041340947151184,0.5339451432228088,0.4188229214041,0.5204598406776539,0.22130536912546506,0.3725509165196226,3.062822633710018,2.6000841952309344,0.3811838832328886,0.3555273742357337,0.3482857654368776,0.35549926873227417
defocus_blur/s5,9728.0,0.4288623332977295,0.5227682590484619,0.4206482690211235,0.5208795531087099,0.22510937933192288,0.36767871271148284,3.040981882136119,2.622569976309912,0.3757821862963965,0.3464687381247473,0.33645576033377755,0.34877430386210084
defocus_blur/s5,9856.0,0.4168338179588318,0.49565690755844116,0.4199547324643432,0.5162936175541156,0.22946371674285745,0.375264262228348,3.0514976884626264,2.6711884709335396,0.380688901570315,0.3473778329595416,0.34067493047137176,0.348921228205208
defocus_blur/s5,9984.0,0.44874781370162964,0.5386487245559692,0.4251898381438498,0.5203581824635435,0.250973645092326,0.37491863835120814,2.9821295695215677,2.6144481957641017,0.37441777708426044,0.34824466503903195,0.34375759808414136,0.3492778469803458
defocus_blur/s5,10112.0,0.4342101514339447,0.4946988523006439,0.4268298951056852,0.5156928497066526,0.23851334919403638,0.3387885099706434,2.994194205219036,2.6608687246105465,0.345942892097728,0.3299716352740627,0.3241269871472351,0.33066326946618185
defocus_blur/s5,10240.0,0.4394609034061432,0.5420832633972168,0.4291264420694048,0.5204911067413006,0.2565151345844376,0.3783935479968769,2.9538251019113098,2.588166881482112,0.3865402831398014,0.3626772930347031,0.3512750905696366,0.3631402878244688
defocus_blur/s5,10368.0,0.42793458700180054,0.5311581492424011,0.4289097411480222,0.5224305690142279,0.24480558596148297,0.37236468915493404,2.9792708949806435,2.610666990274445,0.3773017597878009,0.3538376920314954,0.34620481269537656,0.35414763069241295
defocus_blur/s5,10496.0,0.440418541431427,0.563000500202179,0.4310022502904594,0.5298069201393099,0.2441983674618191,0.37736809769875745,2.948837292852426,2.5472572992617653,0.39100365737861054,0.3740049839219101,0.36373008122583056,0.37421246352136733
defocus_blur/s5,10624.0,0.4744122326374054,0.5444912910461426,0.4388949743535405,0.5324768057587339,0.26393651044964744,0.377101784409912,2.891970804454016,2.511506553179268,0.39604377064187973,0.3807905264270637,0.36926352544869645,0.38092941772917976
defocus_blur/s5,10752.0,0.4135027527809143,0.5070978999137878,0.43427820679488116,0.5278624592414709,0.2533893169125739,0.3694338391504369,2.9355801506542574,2.5619066501335808,0.3815974828263823,0.3677709309139848,0.3600545087714414,0.3678639077360625
defocus_blur/s5,10880.0,0.44048011302948,0.492445170879364,0.43540582611026274,0.5214229522665423,0.22256846834643373,0.3614598427370693,2.885210953517374,2.6313481688161175,0.3696024471812972,0.3316793008597749,0.33451996041724585,0.33174154154232277
defocus_blur/s5,11008.0,0.4570392966270447,0.54380863904953,0.43933918438604125,0.5254930771361764,0.24196732178562919,0.3659359277826662,2.8547500407355293,2.5723015456918983,0.3719032910883064,0.34548366421191545,0.341703444576834,0.34552532946221604
defocus_blur/s5,11136.0,0.4618191123008728,0.5636119842529297,0.44342644400691966,0.5324237875210406,0.270190934418479,0.3802959516561649,2.8484560215836368,2.5010514725268154,0.3819662527120067,0.3686708826542574,0.3632994133117649,0.36869877426809505
defocus_blur/s5,11264.0,0.41143637895584106,0.5037291646003723,0.4376100685430872,0.5272065833536463,0.2624831875032793,0.3627910916045401,2.895858274604346,2.5557334084736096,0.361068317931178,0.34054621070243674,0.33695043370456984,0.34288926211335286
defocus_blur/s5,11392.0,0.44178304076194763,0.5111092329025269,0.43836879076469815,0.5242797923625337,0.2578399850228564,0.3787072596691549,2.8773747426677234,2.5732822566104407,0.3798783781192183,0.3599420914619617,0.35236971181876164,0.3615105804229883
defocus_blur/s5,11520.0,0.41715407371520996,0.537758469581604,0.434511569482973,0.5267304609478192,0.2444011469987716,0.3839383308529053,2.920423609769613,2.560546080976372,0.3847223027079064,0.3507153670117264,0.34280534427536935,0.3517653472253061
defocus_blur/s5,11648.0,0.4346643090248108,0.5359164476394653,0.4345393403087616,0.5284006403463003,0.25761564385868174,0.3838244198271515,2.918652870793463,2.5709572591850676,0.3877066654490943,0.3649416919665276,0.3591300238537596,0.3656445712830561
defocus_blur/s5,11776.0,0.4344128370285034,0.5616171360015869,0.434516339712351,0.534440003192716,0.2584555136574646,0.3917543636859444,2.8693602503962174,2.518210221121816,0.3995185115816251,0.37988865329990684,0.3656676192740043,0.380359175817583
defocus_blur/s5,11904.0,0.4170750677585602,0.5489686727523804,0.4313451993571163,0.5370815794762913,0.23732352567152584,0.38337482197158257,2.8871908803220747,2.511451688614091,0.3908966895711705,0.3555452968371277,0.34886634017515983,0.3558602747208613
defocus_blur/s5,12032.0,0.39556068181991577,0.5324060916900635,0.4248389234412616,0.5362314907878862,0.19864219487102142,0.3583955419809767,2.8875807196758405,2.492533303355831,0.37376142029144466,0.33305098383311854,0.32444771532386735,0.3361027458875187
defocus_blur/s5,12160.0,0.4428327679634094,0.5204131603240967,0.4281105315361976,0.5333554307035608,0.22001047755828704,0.363109825623629,2.8291654239835813,2.532685766055139,0.37107169457526457,0.3507923941362198,0.33702698298539885,0.35283530923048767
defocus_blur/s5,12288.0,0.43798691034317017,0.5345582365989685,0.429906236773829,0.5335741226845441,0.21623635274563013,0.35206112293813174,2.8105179420434903,2.5073405754151596,0.3723703079388134,0.33942507376060993,0.3255614514199777,0.340792645022062
defocus_blur/s5,12416.0,0.4335264563560486,0.571560263633728,0.43056445851605074,0.5404806937662139,0.2459929303503805,0.3482805864296584,2.754384522314243,2.430927231274192,0.36936566068631305,0.3421461237571025,0.33570642615717516,0.3430616053453473
defocus_blur/s5,12544.0,0.38141655921936035,0.5182121992111206,0.42162847682574334,0.5364318765743787,0.2258816310609985,0.3524646900892754,2.809637659990961,2.4930607279415438,0.36709602079001113,0.3540399671431843,0.34508033486554696,0.35465281018986056
defocus_blur/s5,12672.0,0.3832544684410095,0.5154120326042175,0.4146513843921553,0.5326100867616221,0.21784224889207335,0.33253834625810996,2.7844669297586964,2.5438677520974573,0.34982254284289993,0.3289441102363465,0.3177810506124735,0.32935436054031986
defocus_blur/s5,12800.0,0.4044432044029236,0.5393881797790527,0.41279535166684045,0.5338424673102459,0.2083282823161813,0.3357281491479909,2.6990816598878893,2.535059818030513,0.34781509066342886,0.3410700242078022,0.3175848355339699,0.34134465457657776
defocus_blur/s5,12928.0,0.44030049443244934,0.545069694519043,0.41779628671513297,0.535883781348209,0.22907719725298087,0.34871057918171283,2.631530228122103,2.486748290131657,0.35680183755155154,0.341955966618446,0.32055265849794673,0.34213981008845284
defocus_blur/s5,13056.0,0.3705531358718872,0.5290340185165405,0.40920662292545196,0.5346383699242693,0.2050020907230698,0.3344157596175102,2.5480480208211875,2.5064373062143286,0.33285908133616254,0.3172391181495382,0.2954216143663941,0.31736218691871637
defocus_blur/s5,13184.0,0.3671826720237732,0.5355097055435181,0.40156590457969216,0.5347967945823144,0.19482577974023682,0.3682349299918869,2.49288989390167,2.5278166848874735,0.36254409577048896,0.32161255016621976,0.3018421550717183,0.32401931521004973
defocus_blur/s5,13312.0,0.33227816224098206,0.5224674344062805,0.3889681332453812,0.5325550927321264,0.1854308938756957,0.38364280437473414,2.444190857504339,2.5206637190352037,0.380349766590162,0.3219575749046594,0.303041029428175,0.32356871514061175
defocus_blur/s5,13440.0,0.3164031505584717,0.5924469232559204,0.37577450002957946,0.5434445164637253,0.19360456532174666,0.395765017804574,2.220788139394303,2.441091331512953,0.39588496771738113,0.34233316997749924,0.3211473006915882,0.343411701870988
defocus_blur/s5,13568.0,0.33668896555900574,0.5827378630638123,0.36866803921674784,0.5505887613001047,0.19236132058728495,0.40310509456339244,2.073727829738768,2.3621229731869864,0.4031853916124617,0.34615898155518543,0.32448703600015405,0.34688097397975226
defocus_blur/s5,13696.0,0.24875515699386597,0.5601661205291748,0.3468656969944056,0.5523300993417538,0.15872947907082707,0.39717159222838666,1.8115049185357905,2.357862706281598,0.3972253447984247,0.34432956616504146,0.3161338836034089,0.3448128834079333
defocus_blur/s5,13824.0,0.22641238570213318,0.5664327144622803,0.32496509494126513,0.5548942111818496,0.12820940334493383,0.38648470223553155,1.5506849789276234,2.352864595312769,0.38652068536092893,0.32425161040800293,0.2945297072055877,0.3245751533557239
defocus_blur/s5,13952.0,0.16982346773147583,0.5555727481842041,0.29675752635766706,0.555017581545914,0.09512365017305487,0.38242984199238056,1.3483242505805348,2.3676943662144465,0.38245392986971266,0.3237242185375887,0.27851782052605456,0.3239408051389556
defocus_blur/s5,14080.0,0.17387472093105316,0.5195435285568237,0.2744151980982827,0.5485677537297158,0.0884712038348549,0.3520811338957257,1.1269313374788543,2.4140579366097725,0.35209725883840265,0.28540629505408827,0.24765449142653234,0.2855512827789703
defocus_blur/s5,14208.0,0.13071094453334808,0.5609139204025269,0.24828715199556728,0.5508125113065905,0.06206543397209294,0.3782526598806097,0.9927909964126901,2.3641528169775468,0.37826345426372404,0.29229677602794335,0.23500011409544724,0.2923938339264181
defocus_blur/s5,14336.0,0.1124853640794754,0.5474931001663208,0.2235959178290051,0.5502089820083595,0.043872315303632455,0.3640059128126395,0.8267256283382468,2.347217735112552,0.3640131388046417,0.27366561039887116,0.2071591672870349,0.276054963206941
defocus_blur/s5,14464.0,0.11484283208847046,0.5358593463897705,0.20382262951254423,0.5475999573504342,0.03401783090573743,0.35860106560184957,0.6866796487563332,2.395353836570958,0.3586059028361651,0.24647243340750877,0.18413134339049442,0.248071917518696
defocus_blur/s5,14592.0,0.09445390105247498,0.5655735731124878,0.183937406156168,0.5508678874889894,0.022772266969956458,0.3598899695351224,0.5836624971052436,2.3492306962086897,0.35989320768371386,0.24402286864469594,0.15993503152586813,0.24509359767780475
defocus_blur/s5,14720.0,0.09201400727033615,0.5526511669158936,0.16722406090419856,0.5511921201120629,0.015244244831127875,0.37340774820119765,0.5285204839054995,2.342675225180047,0.37340991588744477,0.25400497818363943,0.1450288227569861,0.2598870364620015
defocus_blur/s5,14848.0,0.09602081775665283,0.5830656886100769,0.15427801669555385,0.556987314384429,0.015886643234060808,0.38297336863055376,0.4457823601298461,2.259154011359016,0.382974819726306,0.2309868035774776,0.13272590614310636,0.23776528887125717
defocus_blur/s5,14976.0,0.10401996225118637,0.5778965353965759,0.14514018861475975,0.5607889909320921,0.013475769437677067,0.40099870131466814,0.4034933750964125,2.231730605399692,0.4009996727093453,0.21325356272541887,0.11467601981480674,0.2252808958559655
defocus_blur/s5,15104.0,0.09069974720478058,0.534856915473938,0.13524192654021805,0.5560740681215186,0.009020969623568943,0.3887883868304802,0.3501798814453783,2.3141769358287725,0.3887890371029501,0.19440940975833823,0.09794427772726733,0.20530167408539837
defocus_blur/s5,15232.0,0.09869660437107086,0.5853936672210693,0.128597322509464,0.5614049043214369,0.010687591235612267,0.41238106886999093,0.31251080533637676,2.292839479586316,0.41238150417635494,0.1854104313258297,0.10068997104056737,0.19554285620592782
defocus_blur/s5,15360.0,0.101773701608181,0.5854282975196838,0.12372030052741255,0.5657727939938454,0.009478883389128872,0.4046724510617294,0.3002761592354902,2.2669207002457132,0.40467274246516316,0.17292971022638187,0.09271394755608228,0.18255348225355494
defocus_blur/s5,15488.0,0.09013346582651138,0.5624443292617798,0.11761360330906687,0.5651676185880152,0.006345368219168914,0.4018365168264469,0.271495334685677,2.2643817149284358,0.40183671189816705,0.16457484734162753,0.08737462604993938,0.1738581162193219
defocus_blur/s5,15616.0,0.09091845154762268,0.5719331502914429,0.11275993935244065,0.5663977152613656,0.004247725832666793,0.38986576746233215,0.2383155180965206,2.2763687875458953,0.3898658980475333,0.1605315093774531,0.0796681380995462,0.17139468936995927
defocus_blur/s5,15744.0,0.09797260910272598,0.5578813552856445,0.11007133385249253,0.5648492861748708,0.008525337127652978,0.38934196003676774,0.22914829519358348,2.30912324731486,0.38934204745330736,0.15085167156672477,0.07270139823192762,0.1604480978427
defocus_blur/s5,15872.0,0.08934547007083893,0.5967689752578735,0.10630299498310096,0.570652866008144,0.008547952953222242,0.3802103203551916,0.20560429731876173,2.275364814098536,0.3802103788737016,0.14411351567689837,0.0721699442709598,0.15570285888643554
defocus_blur/s5,16000.0,0.09078671783208847,0.5643200874328613,0.10348185368291686,0.569501451721729,0.005722183381909103,0.37693831362620256,0.18340477309850228,2.2637219764769614,0.37693835279975063,0.12617309727131212,0.05631830980122101,0.14142092206447335
defocus_blur/s5,16128.0,0.08938850462436676,0.5034850835800171,0.1009194265813623,0.5574984756959631,0.0038305525118565065,0.36596697027869757,0.16726221426955407,2.369629996683663,0.3659669965023124,0.10331628825600231,0.04570688507354464,0.11920532799357304
defocus_blur/s5,16256.0,0.08801690489053726,0.570065438747406,0.09857351354666682,0.5597833780689527,0.0025642541608295617,0.3785088809303678,0.15367989653030004,2.33592098500597,0.378508898485019,0.10402784585732386,0.04144427843766211,0.119313070805615
defocus_blur/s5,16384.0,0.09562541544437408,0.5519564151763916,0.09803749570988632,0.5583602939066689,0.0017165668349354913,0.3584956145071056,0.1413424899679895,2.3535137870462526,0.3584956262585664,0.10011368193754737,0.04272302936736058,0.11318684905169267
defocus_blur/s5,16512.0,0.08866268396377563,0.5536290407180786,0.09633298448332074,0.5575000660541979,0.0011491067242130146,0.36782557665351695,0.1333176633877371,2.329359952233296,0.3678255845201973,0.09852651435488707,0.03660591222112567,0.11244326258832318
defocus_blur/s5,16640.0,0.08842520415782928,0.5348448753356934,0.09489520624232228,0.5533809404690152,0.0007692367327376378,0.35237703891681704,0.11885744976454525,2.3720899474964567,0.352377044182942,0.08842477407227978,0.033802304875299,0.1000653245425965
defocus_blur/s5,16768.0,0.0920146107673645,0.558854341506958,0.09437146161051177,0.5543761042940957,0.0005149435979483359,0.35804785249803456,0.11680733689129986,2.3475634219561297,0.35804785602329176,0.08889385702359223,0.0414812949991671,0.09901067180124229
defocus_blur/s5,16896.0,0.08856208622455597,0.5544480085372925,0.09331521154033798,0.5543891777928587,0.0003447143093703736,0.3590031078705851,0.10552190263124467,2.3430325349068974,0.359003110230468,0.07732770594141297,0.03293375946225235,0.08642449930496385
defocus_blur/s5,17024.0,0.08877571672201157,0.5558251142501831,0.0924898488460968,0.5546502571487358,0.00023075916577686162,0.37978720444229247,0.10161763836391906,2.3705889950044905,0.3797872060220488,0.07862433207648305,0.04141640096233421,0.09220359044381876
defocus_blur/s5,17152.0,0.0887388065457344,0.5776955485343933,0.0918078411551218,0.5588403101279462,0.0024788553093217005,0.4146199467754189,0.09153740466505529,2.3086831258985985,0.41461994783294176,0.07561835453053824,0.04270436758635596,0.08987389112354809
defocus_blur/s5,17280.0,0.09163475036621094,0.5555009841918945,0.09177637010259256,0.5582331599577549,0.0016593990087194854,0.40100591478354486,0.09023608605809855,2.3355373438622506,0.40100591549147335,0.08522798939647601,0.04589094028508126,0.09709533207444128
defocus_blur/s5,17408.0,0.08973684161901474,0.5855321884155273,0.09140554674194204,0.5631966196773499,0.0011108373529444488,0.38956800906997624,0.08360528408993173,2.27554662464941,0.3895680095438788,0.0908860920753269,0.05189806746356679,0.10115472642999787
defocus_blur/s5,17536.0,0.09074726700782776,0.5819836854934692,0.09128585951755762,0.5666124498257352,0.0007436183932933912,0.41419428706337247,0.08148040232252976,2.2467095262871,0.41419428738061304,0.09958077238100396,0.05101234268222239,0.10877919703165145
defocus_blur/s5,17664.0,0.08856533467769623,0.5376360416412354,0.09079121863758281,0.561344011974008,0.000497794131047642,0.3898738615878774,0.07477998835591768,2.3070930823579725,0.3898738618002451,0.094295806304639,0.04112189882033069,0.10277780958317163
defocus_blur/s5,17792.0,0.09364309161901474,0.5792964696884155,0.09130974099784317,0.5646080951948093,0.0003332340877261074,0.4193060561042815,0.07835551512000086,2.2768610001402774,0.419306056246445,0.11245215132789883,0.040182841359064345,0.12329547583666861
defocus_blur/s5,17920.0,0.09303633123636246,0.6092954874038696,0.09162366649575576,0.5727330755964566,0.0002230740587257413,0.41783091359046937,0.07904686504588694,2.197410617440046,0.4178309136856367,0.11789152278975044,0.05272570371970423,0.1251502772129765
defocus_blur/s5,18048.0,0.09460687637329102,0.6045774221420288,0.09216606829167126,0.5785229567865606,0.002990239659146984,0.4132277190151075,0.07781055891012027,2.149908194920389,0.4132277190788146,0.10242118467743624,0.043818446291702826,0.10960473102686856
defocus_blur/s5,18176.0,0.08969642221927643,0.5595017671585083,0.09171704173305402,0.5750645586723693,0.002001730680916576,0.3972330185142455,0.07646023709526771,2.1931620350920005,0.3972330185568924,0.08354228065183747,0.0373392078481647,0.08835110093534175
defocus_blur/s5,18304.0,0.08894345909357071,0.5835214853286743,0.0912127539804207,0.5766021817007884,0.0013400015302003523,0.3842014421458998,0.07290919172657424,2.166354057239493,0.38420144217444857,0.08304276638676722,0.031968808559515206,0.0862618940145676
defocus_blur/s5,18432.0,0.08951881527900696,0.582421064376831,0.0909047651256182,0.5776601603691598,0.0008970258177374258,0.3821927009406436,0.07692149017790825,2.1762606457311504,0.38219270095975477,0.09045631468866235,0.036379946225791174,0.09261126789404939
defocus_blur/s5,18560.0,0.08900041878223419,0.5309337973594666,0.090558520335912,0.5691644580037609,0.0006004883573283593,0.3860132956710093,0.07473664997593837,2.2565529351314284,0.3860132956838027,0.08405546685769957,0.03520062515941392,0.08549803883816529
defocus_blur/s5,18688.0,0.08841954171657562,0.5322120189666748,0.09016961513239628,0.5624458327242907,0.00040197980945121564,0.36558534668885745,0.06220162370519191,2.324720286465307,0.3655853466974216,0.07977060178077408,0.028729344114979564,0.08073629046191229
defocus_blur/s5,18816.0,0.09563233703374863,0.5703620910644531,0.09116283729627853,0.563885152422502,0.00026909392202932613,0.38496828993221033,0.06302862580781668,2.291831151135912,0.38496828993794335,0.08103445243175784,0.038860139448870616,0.08400528535053634
defocus_blur/s5,18944.0,0.09368935227394104,0.5467897057533264,0.09162220365585352,0.5607768893917429,0.0025045174188791353,0.35817092135957873,0.0604390847624994,2.2956039959285883,0.3581709213634166,0.07774826980968913,0.04150968012692991,0.08206138936688795
defocus_blur/s5,19072.0,0.08960486203432083,0.5953490734100342,0.09125541427012031,0.5670627410314322,0.0016765777762744623,0.3614098729762469,0.05930081655029602,2.221346411479761,0.36140987297881605,0.07658148640152741,0.036310199093234075,0.07946878131171836
defocus_blur/s5,19200.0,0.0930778831243515,0.5479381680488586,0.09158677224361689,0.5635855459436915,0.003963246279985384,0.3669355348022809,0.06094786082294163,2.256000682861296,0.36693553480400076,0.07580041651672495,0.04600104236819801,0.08005761393594368
defocus_blur/s5,19328.0,0.08840352296829224,0.5615874528884888,0.0910079996481033,0.563222256297291,0.002653082220486083,0.369084944784998,0.05406248747411778,2.268261869561292,0.3690849447861493,0.06675482427979108,0.038800284560529245,0.07528650189100361
defocus_blur/s5,19456.0,0.08952008932828903,0.5765593647956848,0.09073747049904615,0.5656471851151808,0.0017760302467716752,0.35502793824450274,0.054576224491564705,2.2495061985449767,0.35502793824527346,0.06948050220382708,0.033463413631428664,0.07519179052207678
defocus_blur/s5,19584.0,0.08895830810070038,0.5962227582931519,0.09041398642661964,0.5712063802384482,0.001188912809822361,0.37790093386615464,0.05285096902370312,2.207823025437704,0.3779009338666706,0.06433198907859497,0.02756641738963406,0.06815524820072907
defocus_blur/s5,19712.0,0.08994201570749283,0.558388888835907,0.09032817356859657,0.568875927256168,0.000795883781781911,0.37616715407569024,0.05025248289734769,2.226869462339784,0.3761671540760357,0.0676003397964148,0.024135370318680648,0.07015971160544673
defocus_blur/s5,19840.0,0.08871626853942871,0.5702401399612427,0.09003509992692968,0.569123965929818,0.0005327817051597916,0.3667420618192637,0.05091524872578557,2.213858870362325,0.3667420618194949,0.06358989688850906,0.027003842940604397,0.06530319537224119
defocus_blur/s5,19968.0,0.08947163820266724,0.5646160840988159,0.08993265234070014,0.5683043510514539,0.0003566555216358935,0.3841930331186806,0.05014707230381953,2.234398720376926,0.38419303311883535,0.08544034419809285,0.034089349406520295,0.09459346136488872
defocus_blur/s5,20096.0,0.08833754062652588,0.5712297558784485,0.08964263202903208,0.5688362428381801,0.00023875286985543278,0.38167054283151336,0.044937541166372844,2.238744764738275,0.38167054283161705,0.07888981719045883,0.02850196117295986,0.08734149066575193
defocus_blur/s5,20224.0,0.08851663023233414,0.5841700434684753,0.08943790442963245,0.5716242065891428,0.00015982630130818225,0.3810149914822527,0.04377058800204108,2.197212648508736,0.38101499148232215,0.07166384456551375,0.024761643429832635,0.08300339457790004
defocus_blur/s5,20352.0,0.09600086510181427,0.5711109638214111,0.09063117000639277,0.5715308897222825,0.0024313713256691135,0.38935714305836744,0.047515903306370615,2.2093664158272417,0.3893571430584139,0.08929563148600506,0.03155531502327639,0.09972747901495788
defocus_blur/s5,20480.0,0.08849634975194931,0.5966507196426392,0.09024302086922123,0.5760981315259837,0.0016276122097454392,0.4011399056837005,0.04496860322119461,2.1565527995262435,0.4011399056837316,0.08741071198649925,0.03093785551144948,0.0943940148777817
defocus_blur/s5,20608.0,0.09120616316795349,0.5815502405166626,0.0904181376508089,0.5770894240697434,0.0010895585866890955,0.4028291930609895,0.04903450597233146,2.161923350764491,0.40282919306101034,0.0820166749661689,0.03155757269774717,0.08669144797603567
defocus_blur/s5,20736.0,0.09641710668802261,0.5549089312553406,0.09150885929393866,0.5730566071943973,0.0035702830208414606,0.3706439226276045,0.052101827160503586,2.194991073100424,0.3706439226276184,0.07324050142363372,0.03145589577287207,0.0763698949261065
defocus_blur/s5,20864.0,0.09359738230705261,0.601563572883606,0.09188859075086847,0.5782396918651626,0.005230933261885605,0.42192898952756985,0.05472759731031708,2.165550418860501,0.42192898952757923,0.06736554227532505,0.03422874014547634,0.0694604255290465
defocus_blur/s5,20992.0,0.09082968533039093,0.5742347240447998,0.09169606249259982,0.5775115158978239,0.0035016991257250736,0.3842045301796128,0.054198388494308775,2.165625011637763,0.3842045301796191,0.06239966053141594,0.030403123568459364,0.0684507807260559
defocus_blur/s5,21120.0,0.09259545803070068,0.5775293111801147,0.0918595889540727,0.5775147514036949,0.0023441126378820737,0.38916790863263334,0.05785347642991935,2.169589274291751,0.3891679086326375,0.07379646696731149,0.033523991810290976,0.08017159701496303
defocus_blur/s5,21248.0,0.09282931685447693,0.5555753111839294,0.09203590311778255,0.5735257622728284,0.0015691993691607268,0.3759615752003578,0.05280927508511273,2.1927965114787353,0.37596157520036066,0.06722118863101016,0.0356131680713518,0.07148883767117359
defocus_blur/s5,21376.0,0.09085959196090698,0.6074972152709961,0.091822028361987,0.579702390090677,0.0010504557760497425,0.3849412197622229,0.05657564506669415,2.14162028431259,0.38494121976222484,0.077024101480263,0.04553443482462393,0.08220533761458726
defocus_blur/s5,21504.0,0.09321688860654831,0.6231046915054321,0.09207563931554359,0.5875937176206325,0.0030275778335539594,0.42478503141107476,0.05225020387324628,2.0826175439906476,0.4247850314110761,0.06938183652810993,0.037971398518963126,0.08085646567588071
defocus_blur/s5,21632.0,0.08899899572134018,0.5855974555015564,0.09151624957114296,0.5872307608717096,0.002026725657172485,0.40496973177105006,0.046009391285400075,2.0924602987621284,0.4049697317710509,0.05961717982460251,0.031100688264760437,0.06729854313839947
defocus_blur/s5,21760.0,0.0896015390753746,0.5771705508232117,0.09116812039009416,0.5854016317719826,0.003681113869677448,0.40952519234260376,0.04280001178532476,2.129533780854742,0.4095251923426043,0.05385530219663473,0.03244136983012889,0.06183828094388724
defocus_blur/s5,21888.0,0.08842506259679794,0.5995901823043823,0.09066938260949484,0.5879813682324189,0.002464216722676638,0.3921718229731479,0.03778690155479537,2.1091075937986523,0.3921718229731483,0.04870685518948275,0.026882239307772227,0.059216121954172446
defocus_blur/s5,22016.0,0.08886431157588959,0.5842931270599365,0.09034118787611206,0.5873107789283312,0.0016495996242711377,0.3839125426514461,0.036654600061561717,2.1315358331087304,0.3839125426514463,0.049909134465686796,0.02600174697462438,0.059785172547834435
defocus_blur/s5,22144.0,0.08879318088293076,0.6152158975601196,0.09005973205917,0.5923844368613835,0.0011042774344294391,0.41867285913030683,0.034819725218755725,2.0988998313522607,0.41867285913030694,0.059753222245625036,0.031094144668963427,0.06636445435020322
defocus_blur/s5,22272.0,0.08870664983987808,0.621993362903595,0.08981371711020783,0.5977678779599674,0.0007392270428825169,0.43057852553351117,0.035391666185024685,2.037161418460517,0.4305785255335113,0.06737612398260849,0.03166219601806643,0.07464273390385504
defocus_blur/s5,22400.0,0.08980943262577057,0.6631863117218018,0.08981293811303742,0.6096621386439373,0.003335763557632098,0.4437137237042513,0.04148562671629381,1.932499282958417,0.44371372370425133,0.07531996729414286,0.04857138741705273,0.08018439211745668
defocus_blur/s5,22528.0,0.09031953662633896,0.6123813390731812,0.0899050469336377,0.6101565387219815,0.00455741196833223,0.43649431090945745,0.04872817574231347,1.9572807408034885,0.4364943109094575,0.0734063417423601,0.04000439984116753,0.08466889059102471
defocus_blur/s5,22656.0,0.0885450541973114,0.5993587970733643,0.08965777552703291,0.6081933129676874,0.0030508294994620712,0.43114495193112434,0.04232761134879403,1.9913212005013823,0.4311449519311244,0.06747655934819145,0.03478600319945925,0.07501595155266944
defocus_blur/s5,22784.0,0.08868297934532166,0.5891627669334412,0.08948053985763085,0.6047332136887335,0.0020422908219539485,0.41774992649934767,0.038400631027223776,2.00040409111852,0.4177499264993477,0.08649257278680583,0.03697451453848098,0.0938639840972415
defocus_blur/s5,22912.0,0.0885453149676323,0.629706621170044,0.08931049896854021,0.6092738332307899,0.00136715336015099,0.42453714087972855,0.0380596880251134,1.9588575764344278,0.4245371408797286,0.07701155698951463,0.03172467502162776,0.08194613811468231
defocus_blur/s5,23040.0,0.09750016778707504,0.6147165894508362,0.09079952966281926,0.6102634252707982,0.00323958200142339,0.41100213563023147,0.040526082955650654,1.9676432247591555,0.4110021356302315,0.06317509186901392,0.030534699807866515,0.07396807592801045
defocus_blur/s5,23168.0,0.08861593902111053,0.6536701917648315,0.09040251318250858,0.6181555646333498,0.00216864580260574,0.4357741569094937,0.03910749135325291,1.9108410525964277,0.4357741569094937,0.06295192100322419,0.03025463375567923,0.07017697644767641
defocus_blur/s5,23296.0,0.09309113025665283,0.6037098169326782,0.0908913526505348,0.6155290650514095,0.00429264719017409,0.4298880719807355,0.03885280701827616,1.9420495858701239,0.4298880719807355,0.0656434347211666,0.03626549862983486,0.07280442225009742
defocus_blur/s5,23424.0,0.08984224498271942,0.5956340432167053,0.09070060580184108,0.6119117883541905,0.00287359026780249,0.4099354035573518,0.037896115778500744,1.9834389864773507,0.4099354035573518,0.06460428274722722,0.03744839164476548,0.06939800167155281
defocus_blur/s5,23552.0,0.08859273791313171,0.610607385635376,0.09031735709480301,0.6116746242234968,0.0019236430718347242,0.4056179147780619,0.03395935688906963,1.996974247652183,0.4056179147780619,0.07191485043409424,0.033074956390297554,0.07744824905285766
defocus_blur/s5,23680.0,0.0897229015827179,0.6001570820808411,0.09020927427442389,0.6095805256521047,0.0012877280067653937,0.4104756289010166,0.032587378527837225,2.0097729057532456,0.4104756289010166,0.05950498252199696,0.024981995600116543,0.06605006754778074
defocus_blur/s5,23808.0,0.0903012827038765,0.637712836265564,0.0902260030797789,0.6146954912181882,0.0008620327979173296,0.418376247446135,0.031193013249477205,1.977271981580374,0.418376247446135,0.04499920317588225,0.019047864823218512,0.05454591298653091
defocus_blur/s5,23936.0,0.08990167826414108,0.6298578977584839,0.09016703493148112,0.6174522924073328,0.0005770632779446587,0.42624773589369364,0.03769273642132332,1.9608465291170432,0.42624773589369364,0.04716888807641704,0.02411468636926198,0.06104933018106613
defocus_blur/s5,24064.0,0.09259064495563507,0.6394972205162048,0.0906076912995091,0.6214604611544003,0.002710678723252209,0.41163071576354693,0.03532874922924804,1.925848678473402,0.41163071576354693,0.05275355317512214,0.026473467734795204,0.06721070863360624
defocus_blur/s5,24192.0,0.09620792418718338,0.6175614595413208,0.09162591546090443,0.620751551770204,0.004655495674243214,0.42870527253592805,0.03350464567573758,1.9296063530677052,0.42870527253592805,0.05132675873706523,0.025728106500152163,0.061004689250595906
defocus_blur/s5,24320.0,0.08834143728017807,0.5981025695800781,0.09102873760986327,0.6166335550083629,0.003116488839782647,0.4132758435984311,0.030526210393753195,1.9582803549902108,0.4132758435984311,0.04701419386530812,0.01722294732654814,0.05581718867188651
defocus_blur/s5,24448.0,0.08926858752965927,0.6302759647369385,0.09070871032255345,0.6191139931408312,0.0020862445952263995,0.4099201928220902,0.03060207687647521,1.9425614790691927,0.4099201928220902,0.05549090663710708,0.019535609367358674,0.06990654778861824
defocus_blur/s5,24576.0,0.08842974156141281,0.6133269667625427,0.09029435236598243,0.6180618065265968,0.0013965769604408127,0.3903701290792504,0.027837662144250916,1.9659979558865341,0.3903701290792504,0.04231209452566671,0.013077556683934316,0.054286614635355994
defocus_blur/s5,24704.0,0.08856608718633652,0.6150237917900085,0.08998012233331953,0.6175094402108534,0.0009348986264107918,0.3935535574828039,0.02766538106782317,1.9825953143090327,0.3935535574828039,0.04097958393866945,0.0167605957966833,0.04899558500383335
defocus_blur/s5,24832.0,0.08839982002973557,0.6026757955551147,0.0896927946417588,0.61481241390981,0.0006258412292501994,0.4075647781496456,0.027472531831546052,1.9941729041804916,0.4075647781496456,0.03724666362836549,0.01586866330191196,0.04726150731661571
defocus_blur/s5,24960.0,0.09271019697189331,0.6273479461669922,0.0902414132472378,0.617091601592934,0.00041895156668814995,0.41901030603406025,0.02976150485552176,1.9826375403371999,0.41901030603406025,0.04094611366857524,0.020953402706238584,0.05333208341029646
defocus_blur/s5,25088.0,0.09194884449243546,0.5804466009140015,0.0905518552918192,0.6104288741967644,0.00028045518100611687,0.3964552461880899,0.05090116374804812,2.0309140423012266,0.3964552461880899,0.048587894274004916,0.02151632743144897,0.062044617820115805
defocus_blur/s5,25216.0,0.10178050398826599,0.6270564794540405,0.09259342778208224,0.6134520751526327,0.002512122889764425,0.40175929703500224,0.04602131577663294,1.9897133657630741,0.40175929703500224,0.044664210216482626,0.02137663241278815,0.0536724301109866
defocus_blur/s5,25344.0,0.08845338970422745,0.6204389929771423,0.09184069358610863,0.614722423847998,0.0016816690419084164,0.42080581041186094,0.038653906458907414,1.9407031261009724,0.42080581041186094,0.042037611797810674,0.018958737400296195,0.048067907760247226
defocus_blur/s5,25472.0,0.08953814953565598,0.611464262008667,0.09142204921329906,0.6141300307863015,0.001125745391690758,0.41883488135008873,0.035077609876855174,1.9410977908482094,0.41883488135008873,0.043120219467955904,0.020697584540694147,0.049481409327107644
defocus_blur/s5,25600.0,0.0884639322757721,0.5994800925254822,0.09088420977011233,0.6114664056479706,0.0007535981547681932,0.4100258296641089,0.02945270692321207,1.9708345044983524,0.4100258296641089,0.044361469230615104,0.019020697089225005,0.048619786409055524
defocus_blur/s5,25728.0,0.0883830338716507,0.6100160479545593,0.09042945051584658,0.6112027042491684,0.0005044747978200302,0.39663919175861834,0.026670687512755083,1.967322461250384,0.39663919175861834,0.04519238849322168,0.02073906168782831,0.05088390660440907
defocus_blur/s5,25856.0,0.09572264552116394,0.6152143478393555,0.09139184960772245,0.6119320939928388,0.00033770626961506146,0.4083390457227114,0.0286049863865403,1.945122419210502,0.4083390457227114,0.04342424353678476,0.0190484627827611,0.047234268057496975
defocus_blur/s5,25984.0,0.08877293020486832,0.6127136945724487,0.09091568244356715,0.6120742031891314,0.00022606783337867747,0.42985919589702165,0.025599035833989158,1.9366792631821732,0.42985919589702165,0.04688936964032698,0.017400210623170653,0.05176426208807648
defocus_blur/s5,26112.0,0.0899735614657402,0.6214690208435059,0.09074438772032589,0.613782351853563,0.0001513346653196105,0.4269615278318905,0.025447678142276022,1.930622262408606,0.4269615278318905,0.05773172678402054,0.024819562483279527,0.060995084538299126
defocus_blur/s5,26240.0,0.08840092271566391,0.6306288242340088,0.09031830317402371,0.6168453468318258,0.00010130667678420205,0.4146911880527531,0.024083947931787655,1.8841965452589606,0.4146911880527531,0.05181834602897242,0.019455657530129268,0.05400290783142338
defocus_blur/s5,26368.0,0.08838538080453873,0.6256941556930542,0.08996686274320825,0.618454221170231,6.781686627702782e-05,0.45115691101052063,0.021454814010948547,1.8757647061778155,0.45115691101052063,0.042694512630965006,0.01302403520611959,0.04699781433343217
defocus_blur/s5,26496.0,0.09266580641269684,0.5937491059303284,0.09045757977402435,0.6139623820357032,0.0023697782327970185,0.4461257007591088,0.022019285258440102,1.9061418411645321,0.4461257007591088,0.04510954977775343,0.013883858278476748,0.047990272405024834
defocus_blur/s5,26624.0,0.09424211829900742,0.6566588878631592,0.09114567768765763,0.6217253830952406,0.0044272895607980044,0.44094984926849423,0.025693483903468983,1.8647942646792401,0.44094984926849423,0.046209698611553954,0.020141260500467904,0.04813811623807447
defocus_blur/s5,26752.0,0.08853604644536972,0.5679510235786438,0.09067119927996892,0.6119482268194957,0.002963722763839986,0.41398295694833076,0.025282928412129462,1.946352622775434,0.41398295694833076,0.03842343460773446,0.020972661987916526,0.045396176985818444
defocus_blur/s5,26880.0,0.09041997790336609,0.6147278547286987,0.09062552266604113,0.6124536137120781,0.001983979701413544,0.40393693812243625,0.028058932764820556,1.9582105232280482,0.40393693812243625,0.043541720687822236,0.02152922000843999,0.055182564759101604
defocus_blur/s5,27008.0,0.08839460462331772,0.61468505859375,0.09021990120372778,0.6128593309632911,0.0013281186430950168,0.4232966279993168,0.025109421195183217,1.9625858426366307,0.4232966279993168,0.0428357799645752,0.017253031575897842,0.05062841111972917
defocus_blur/s5,27136.0,0.08959294110536575,0.5923243761062622,0.09010590845857104,0.6091257028074677,0.003729980248683441,0.4068142716359062,0.022840440279517253,1.9867789817432713,0.4068142716359062,0.044687588240748685,0.016714839319402684,0.05274505207188481
defocus_blur/s5,27264.0,0.08940098434686661,0.6425867080688477,0.08997774043826114,0.6152095219459004,0.002496928926804617,0.4151504628306479,0.02836242026089118,1.9219674974425371,0.4151504628306479,0.04489417064050118,0.02100332218902163,0.05261239022993942
defocus_blur/s5,27392.0,0.09006906300783157,0.6313230991363525,0.0899943445418194,0.6181392632532553,0.001671497876621272,0.40755940073787167,0.03017269285798051,1.8803020468503995,0.40755940073787167,0.04090022993289748,0.02206627353149382,0.0460669719721082
defocus_blur/s5,27520.0,0.08892637491226196,0.6419757604598999,0.08980016824553622,0.6224731718362815,0.0011189365950935786,0.4221058798327901,0.026861427024021473,1.8661273434168804,0.4221058798327901,0.04339188945921235,0.01993692690951239,0.049691526692072434
defocus_blur/s5,27648.0,0.08844397217035294,0.6061220765113831,0.08955358714095743,0.6195002454135726,0.0007490402000213211,0.41583120881368585,0.022938413233683067,1.9132908057796587,0.41583120881368585,0.039894570629720655,0.018511496526202507,0.046436063322792286
defocus_blur/s5,27776.0,0.09099539369344711,0.6563640832901001,0.08981573378686464,0.626202761391123,0.0028258037702622064,0.42118659432982275,0.023321002251362747,1.8593611592447117,0.42118659432982275,0.04220215058683779,0.017557282798532255,0.04658116635657995
defocus_blur/s5,27904.0,0.08884646743535995,0.6300365328788757,0.0896395035411365,0.6268998107525325,0.0018916537635639563,0.42038110860095573,0.021693036322611187,1.8525358955935862,0.42038110860095573,0.0494287123763129,0.017435040551083573,0.05236011962713203
defocus_blur/s5,28032.0,0.08851446956396103,0.6395494937896729,0.08943495190892277,0.6291997531229216,0.0012663136764353756,0.4250071884022927,0.01989904079555666,1.8385237289451815,0.4250071884022927,0.03773740249984582,0.013995770947419581,0.03969974950246028
defocus_blur/s5,28160.0,0.0888906717300415,0.6557192802429199,0.0893359918763989,0.6340214853265577,0.0008476975850517803,0.4557382831453364,0.020266249014921984,1.8027963911466063,0.4557382831453364,0.0327518975412191,0.011693449973066,0.04155520421239076
defocus_blur/s5,28288.0,0.08842148631811142,0.6509460806846619,0.08916971813852845,0.6370986844825766,0.0005674669784230925,0.447642982932002,0.018798187635350717,1.7844849367384352,0.447642982932002,0.03354672480032022,0.012476607006763188,0.03943984744796406
defocus_blur/s5,28416.0,0.09158763289451599,0.6492229700088501,0.08960933900325345,0.6393031000328081,0.0003798745888617396,0.46805026130158806,0.020142723864987597,1.745501206839859,0.46805026130158806,0.041310204205173034,0.01119301791361833,0.04525518713458751
defocus_blur/s5,28544.0,0.08990778028964996,0.6087801456451416,0.08966360105532555,0.6337534719623232,0.002578676377667776,0.42360182781345973,0.024774990499517834,1.8204079624091554,0.42360182781345973,0.051156004467925745,0.01730689628928169,0.053796860809104036
defocus_blur/s5,28672.0,0.08846653997898102,0.626006543636322,0.08944595358689927,0.6323449395394138,0.0017262213767858664,0.42303097564372094,0.022662036233045368,1.830303383794757,0.42303097564372094,0.04870773852811557,0.013909988425056337,0.05047558450857376
defocus_blur/s5,28800.0,0.08838196843862534,0.5796873569488525,0.08925250174175856,0.6227708336138572,0.0011555696819806212,0.4110269341086065,0.019703797947972227,1.9182334204606273,0.4110269341086065,0.04293658529568067,0.014476934400244324,0.0469609284726816
defocus_blur/s5,28928.0,0.09112167358398438,0.6519299149513245,0.08959235116761778,0.6280724847661239,0.0007735631755407463,0.41926183192394323,0.029008137014617817,1.8882695323733394,0.41926183192394323,0.05172820999132342,0.012532080053056116,0.056746571952786845
defocus_blur/s5,29056.0,0.09291982650756836,0.5981224775314331,0.09019734668397243,0.6226270289052709,0.0033587489026347143,0.39972279657718507,0.02737306019816462,1.9314721766969225,0.39972279657718507,0.0552891323082413,0.022077260200806158,0.058648531637815984
defocus_blur/s5,29184.0,0.08922965079545975,0.6169851422309875,0.09002140197697012,0.6216012313281285,0.005089327777796792,0.416859888617785,0.024704506608732704,1.9168710267352609,0.416859888617785,0.053024129892293756,0.022785190712936353,0.055272983988951196
defocus_blur/s5,29312.0,0.08837148547172546,0.6536457538604736,0.08972141715783472,0.6274275081521912,0.0034069053719135546,0.4156768675871122,0.023904117493540305,1.8625130988517173,0.4156768675871122,0.04350169025847764,0.01525289626237888,0.045007121513264844
defocus_blur/s5,29440.0,0.08844494819641113,0.6221190690994263,0.08948933189212133,0.6264623374153248,0.0022806556621900653,0.42340765516162054,0.020579156121074093,1.8548802194237872,0.42340765516162054,0.04048460256972469,0.01305152559712966,0.04149237059978886
defocus_blur/s5,29568.0,0.09238465130329132,0.6406669020652771,0.09001575360324314,0.6290449855334979,0.0043676289970032665,0.4523431410586055,0.02580216897217181,1.8155762901618568,0.4523431410586055,0.035107461224361154,0.01157788077163225,0.03578208279820576
defocus_blur/s5,29696.0,0.09327509999275208,0.6335396766662598,0.09060836203769931,0.629862202103091,0.0057646937913823516,0.4471780531053474,0.025532341677681755,1.834518333282577,0.4471780531053474,0.04467937486920044,0.01059139126034886,0.04513098104673277
defocus_blur/s5,29824.0,0.08847324550151825,0.6010555624961853,0.09022015903112093,0.6246246312654717,0.0038590098934047144,0.4331315892688689,0.022234125917506512,1.864047015505775,0.4331315892688689,0.045921730284340795,0.01845374125692775,0.04906495425442441
defocus_blur/s5,29952.0,0.08878041803836823,0.6165293455123901,0.08995838794152952,0.6231527611285477,0.002583304143518858,0.4211459399237882,0.021747959503199243,1.900839851157209,0.4211459399237882,0.053210001264724,0.017002091254637582,0.05531414293064774
defocus_blur/s5,30080.0,0.1009892001748085,0.6475111246109009,0.09196399016576205,0.6275815544889755,0.006894608558884525,0.4237113316845193,0.021873119988568824,1.8462143367509503,0.4237113316845193,0.05395669506150945,0.01654685447624499,0.05820616179654931
defocus_blur/s5,30208.0,0.08836741000413895,0.6298099756240845,0.09131006650001239,0.6279867219680861,0.004615399117930962,0.4303356848466616,0.01954213089564274,1.8047793411555182,0.4303356848466616,0.03844415123952285,0.011076819938643338,0.041288835582813994
defocus_blur/s5,30336.0,0.08855855464935303,0.620387077331543,0.09080979161807431,0.6266049683978054,0.0030896473434083296,0.43554496258330233,0.018259228638900313,1.7973387063787047,0.43554496258330233,0.03890682851571364,0.012580350537438927,0.04081112134056143
defocus_blur/s5,30464.0,0.09517883509397507,0.65348881483078,0.09160416315914717,0.631492940476528,0.007233565576992352,0.43799910718386353,0.021523029832468316,1.7950062554080448,0.43799910718386353,0.038700025700601694,0.015911226392831015,0.0399748002362436
defocus_blur/s5,30592.0,0.09061895310878754,0.6283299922943115,0.09142503405908177,0.6309178589888523,0.004842304229226285,0.42621221224704914,0.026482494856885117,1.8173453301116882,0.42621221224704914,0.041919025468997825,0.015816606097680264,0.04277238693500604
defocus_blur/s5,30720.0,0.08846994489431381,0.6091169714927673,0.09088774512003304,0.6269540612622914,0.0032415425005564388,0.42581148092571053,0.02402014615420512,1.855430100151272,0.42581148092571053,0.03606769473544482,0.013428885073653727,0.036638953237483375
defocus_blur/s5,30848.0,0.09057754278182983,0.630920946598053,0.09083134469490518,0.6276753131415208,0.002169958202851831,0.43639033020646734,0.0240266583174389,1.809719383526588,0.43639033020646734,0.046096969203066364,0.0193201627352558,0.052161200101125224
defocus_blur/s5,30976.0,0.08842398226261139,0.6427280306816101,0.09039364243448812,0.6304121708760825,0.0014526166481900683,0.43675716319606483,0.020940422581044792,1.7885987092354105,0.43675716319606483,0.04118888021031715,0.020423001500460496,0.04808931577017473
defocus_blur/s5,31104.0,0.08854859322309494,0.644875168800354,0.09005817894150753,0.6330418068623137,0.0009724127975487232,0.42331471255273756,0.020933179589170434,1.7668508367377163,0.42331471255273756,0.045392969396989155,0.01883688530196116,0.05285317832548886
defocus_blur/s5,31232.0,0.08840016275644302,0.6231462359428406,0.08975672145331398,0.6312426121496822,0.0006509540214995583,0.3975288571634028,0.019604487984770876,1.7808783253096754,0.3975288571634028,0.03606884728228199,0.018291633962469862,0.04106287144102973
defocus_blur/s5,31360.0,0.08838118612766266,0.6257693767547607,0.08950662412137737,0.6302474784415146,0.00043576260943358863,0.3957631192581456,0.01751078734278795,1.7785507347014984,0.3957631192581456,0.03499236884185819,0.015085721908760816,0.04350076517953229
defocus_blur/s5,31488.0,0.08837548643350601,0.6397844552993774,0.08930096272358257,0.6319814742338533,0.0002917088542489312,0.39277324512322137,0.015970106321539553,1.781663660809375,0.39277324512322137,0.02858993286107862,0.010098706401732447,0.03428563619456292
defocus_blur/s5,31616.0,0.08836498111486435,0.6807224750518799,0.08913078424927015,0.6408434743825854,0.00019527617515837539,0.4297696930163713,0.014485231211118558,1.7285759814596957,0.4297696930163713,0.027144913733449322,0.009601200153225853,0.030957739931897488
defocus_blur/s5,31744.0,0.08890683948993683,0.633607029914856,0.08909006702030045,0.6395277572066345,0.00013072206766800333,0.4250937614407113,0.014740440741402594,1.748603378289133,0.4250937614407113,0.02566105795379665,0.008751629854638792,0.02821344573953468
defocus_blur/s5,31872.0,0.08856942504644394,0.6282272934913635,0.08899540484323563,0.6374731274402216,8.750816100089479e-05,0.43203590641898854,0.01420855951631888,1.803344316052408,0.43203590641898854,0.02931649334097131,0.01283166957211357,0.03102511656944057
defocus_blur/s5,32000.0,0.08901438862085342,0.6435192823410034,0.08899885643916614,0.6385724283312728,5.857984331464857e-05,0.4348752761978353,0.014640768247392123,1.7817964485536257,0.4348752761978353,0.03512095835222046,0.018920373845795035,0.039105656546485006
defocus_blur/s5,32128.0,0.08862369507551193,0.6237894296646118,0.0889306452821381,0.6358846103918799,3.921460585526061e-05,0.4378090691902864,0.017626931255236917,1.7928913047090946,0.4378090691902864,0.03435783162421369,0.015506613896771881,0.03702527421706847
defocus_blur/s5,32256.0,0.0923832580447197,0.6193010807037354,0.08955839305715294,0.6328694231758536,0.002867160190696497,0.41730400499515036,0.01938178694075155,1.8241508949757261,0.41730400499515036,0.03901226745091991,0.018903187815194396,0.040797910839525164
defocus_blur/s5,32384.0,0.08840098232030869,0.6281698942184448,0.08934795474136306,0.6320149633654156,0.0019193386400530267,0.4079679702860097,0.01707694304070611,1.820855097391234,0.4079679702860097,0.03360531953326043,0.014978580272981372,0.037125047752078824
defocus_blur/s5,32512.0,0.08840713649988174,0.6014764308929443,0.08917689687927555,0.6264625029158754,0.0041257556185478935,0.3942285586212131,0.015248965391001169,1.8512068568991902,0.3942285586212131,0.04031637092722392,0.022165413240590834,0.04267255262742466
defocus_blur/s5,32640.0,0.08849017322063446,0.629722535610199,0.0890520380322499,0.627055236133025,0.0027618694636560273,0.40853316734147316,0.014920097590699389,1.8382185516323841,0.40853316734147316,0.03551137227359617,0.023360731177585595,0.037088650932408235
defocus_blur/s5,32768.0,0.08903820812702179,0.6057155132293701,0.0890495235040266,0.6231752865141786,0.001848854764926762,0.4170759219393332,0.014170152503911964,1.8389612058821965,0.4170759219393332,0.03591050540629165,0.017962555581689528,0.036966369632438566
defocus_blur/s5,32896.0,0.09008415043354034,0.6254981756210327,0.08923763749121091,0.623597629988152,0.0012376631070997331,0.4119475179924461,0.015882868835968823,1.8350576205210212,0.4119475179924461,0.047024801139748953,0.018997661174519433,0.04773161934072333
defocus_blur/s5,33024.0,0.08857651054859161,0.6065943241119385,0.08911743259255285,0.6205061198288405,0.003669427369215524,0.3865619748544473,0.015153118269880996,1.8719314759556438,0.3865619748544473,0.04180999084561707,0.015558351695339454,0.04460753030246768
defocus_blur/s5,33152.0,0.08852483332157135,0.6447919607162476,0.08900968727055622,0.6249217272629145,0.0024563935281525402,0.3930704129190928,0.014496012251251255,1.8408702422044678,0.3930704129190928,0.037802555855330426,0.012739475101838805,0.039675288880164306
defocus_blur/s5,33280.0,0.08835422992706299,0.6113083958625793,0.0888905132081029,0.6224465760992173,0.0016443626097550062,0.39432812765658276,0.013337021366209517,1.8285810002592822,0.39432812765658276,0.030471132432080692,0.008528078373958208,0.03172478015944882
defocus_blur/s5,33408.0,0.08834423869848251,0.653128445148468,0.0887911905699901,0.6280250977445356,0.0011007716643814502,0.4145399036378777,0.01290234398071356,1.782747140404867,0.4145399036378777,0.025563320057839137,0.005708878911492683,0.026402538784424417
defocus_blur/s5,33536.0,0.08845695853233337,0.6658366918563843,0.08873042110859797,0.634899933037599,0.0007368802050817971,0.42419613384023214,0.013110639659348219,1.7129795658117173,0.42419613384023214,0.024602305162685703,0.0038216462134785727,0.028005005301970066
defocus_blur/s5,33664.0,0.08938086777925491,0.6339264512062073,0.0888486841396265,0.6347229363409823,0.0004932834430712856,0.4549370813310645,0.018444702194499164,1.756359716346422,0.4549370813310645,0.029124270398161504,0.01004796151480797,0.031402110987269215
defocus_blur/s5,33792.0,0.08847896009683609,0.6483455300331116,0.08878146158639187,0.6371997715577331,0.0003302145362708605,0.46415209576707617,0.015583245024994238,1.7444275435939578,0.46415209576707617,0.03731666034918249,0.011375081675202028,0.04168240487577526
defocus_blur/s5,33920.0,0.08892768621444702,0.6541957855224609,0.08880804788240189,0.6402899559149563,0.00022105270609867517,0.4501761963399435,0.014555980173509744,1.726922043745796,0.4501761963399435,0.03531115279573373,0.010455633187531935,0.03823367599122145
defocus_blur/s5,34048.0,0.08842352032661438,0.6451785564422607,0.08873813378134962,0.6411787923744662,0.00014797743135531145,0.4271324124259125,0.013294072597222843,1.7321685639244748,0.4271324124259125,0.0311277138549953,0.009323605687521375,0.035408493845363105
defocus_blur/s5,34176.0,0.08843475580215454,0.6528730392456055,0.08868297414876869,0.6433050190783096,9.905927222958865e-05,0.42642748269833813,0.0135037590100974,1.7042836934943968,0.42642748269833813,0.039174337374005115,0.010890182319745714,0.04488089257416869
defocus_blur/s5,34304.0,0.08835481107234955,0.6248049139976501,0.08862330813487429,0.6399413636090987,6.631240537683206e-05,0.4202737694096313,0.0126581882061901,1.7285659765082433,0.4202737694096313,0.029065052291689368,0.007290122048755393,0.03572605205378234
defocus_blur/s5,34432.0,0.08842465281486511,0.6515210866928101,0.0885871889857817,0.6420467678061371,4.439094905391236e-05,0.4277762423320672,0.012131308178771727,1.6989633590763793,0.4277762423320672,0.03960139864154412,0.009528924677266007,0.05439099352360636
defocus_blur/s5,34560.0,0.09423795342445374,0.641645073890686,0.08961460070190388,0.6419737325487823,0.0023540964204410487,0.4281497985859292,0.01523204240703061,1.715328094070661,0.4281497985859292,0.036324076776570846,0.011027627263293772,0.051389838639769536
defocus_blur/s5,34688.0,0.08885841816663742,0.6490374803543091,0.08947711296821907,0.6432580503316053,0.0015758827277332636,0.4245258982269443,0.014351728124336225,1.6935693082496326,0.4245258982269443,0.04316942329671271,0.01771270915972558,0.05325476801505233
defocus_blur/s5,34816.0,0.08839168399572372,0.6094028949737549,0.08927976224594719,0.6371025675392689,0.0010549297598875565,0.40014750211886346,0.013055337172986238,1.7963157516537853,0.40014750211886346,0.033547299892840735,0.014181648280477454,0.04262302652247304
defocus_blur/s5,34944.0,0.08860988914966583,0.6525735259056091,0.0891579671375324,0.6399154690604216,0.0007061926491809262,0.40009874108783416,0.0131218740291219,1.7478699304572465,0.40009874108783416,0.03227133298611652,0.00949350008858408,0.04351210866380427
defocus_blur/s5,35072.0,0.08837682753801346,0.6267861127853394,0.08901594175580169,0.637528313374043,0.000472740533749215,0.4124627936207815,0.012496726012461854,1.760318001645696,0.4124627936207815,0.037615520428722626,0.0063551529518620685,0.04746471736998467
defocus_blur/s5,35200.0,0.08839874714612961,0.6493414640426636,0.08890372455404312,0.6396761589501558,0.0003164626713527803,0.4279709610188702,0.012197615424791242,1.734841663347864,0.4279709610188702,0.04635832359278126,0.012260474290089482,0.05295158766089882
defocus_blur/s5,35328.0,0.08840791136026382,0.652228593826294,0.0888135767006287,0.6419584198367264,0.0002118469122278942,0.4112346929134585,0.011448919315968174,1.7083920911593369,0.4112346929134585,0.04317168769434117,0.012856185268572297,0.05042626942589094
defocus_blur/s5,35456.0,0.09040387719869614,0.6401753425598145,0.08910272224573186,0.6416342239681969,0.0029827239660368547,0.43825421591727376,0.01933237042248554,1.744105851951622,0.43825421591727376,0.037422782671418464,0.01712893394011864,0.04512006465700137
defocus_blur/s5,35584.0,0.08841113746166229,0.6446679830551147,0.08897697955771922,0.6421858165294547,0.0019966995144544233,0.41398629329999315,0.01697078766727947,1.7286036137754102,0.41398629329999315,0.03770657352384211,0.01947267478636041,0.04570020857204224
defocus_blur/s5,35712.0,0.0888904482126236,0.658544659614563,0.08896124658588364,0.645160151635838,0.0013366335592628782,0.41323669220908626,0.016082036769764867,1.7067120512368958,0.41323669220908626,0.03789654921843976,0.018200716179299116,0.04324766028376381
defocus_blur/s5,35840.0,0.08839304745197296,0.6166965365409851,0.08885793765244533,0.6399849488913192,0.0008947712256222572,0.40188778569368583,0.014479225740629426,1.7732096050424822,0.40188778569368583,0.03234190484870761,0.014508330665481224,0.035924053578387335
defocus_blur/s5,35968.0,0.08843240886926651,0.6402924060821533,0.08878056878277645,0.6400408501987436,0.0005989790849206844,0.4046211623238723,0.013457182477735925,1.7804678674191803,0.4046211623238723,0.034821853659052195,0.014877477552925445,0.039544201155779946
defocus_blur/s5,36096.0,0.08844749629497528,0.6928076148033142,0.08872001014863078,0.6496348073995746,0.0004009694700708713,0.43176086072920367,0.0119107454693695,1.6913312000739804,0.43176086072920367,0.03080016649903494,0.00995930315526414,0.03396140738527417
defocus_blur/s5,36224.0,0.08839245140552521,0.6286709904670715,0.08866045401352066,0.6458232043209376,0.0002684175791383518,0.43004239437244207,0.011860449458233242,1.720617195084869,0.43004239437244207,0.0389550701357176,0.014156640955176818,0.04107127271245626
defocus_blur/s5,36352.0,0.08887121081352234,0.6464583873748779,0.08869877343170278,0.6459386921489267,0.0001796844951256735,0.4296668094559322,0.014767857371700117,1.7326995130193588,0.4296668094559322,0.028401741165232433,0.011801139812969604,0.029818372642222778
defocus_blur/s5,36480.0,0.08846037089824677,0.6570439338684082,0.08865542751652895,0.6479578270070142,0.00012028466202627729,0.4374215831895083,0.013245377065996796,1.7126971578965837,0.4374215831895083,0.030376372184990307,0.01358175475083089,0.031324695735702845
defocus_blur/s5,36608.0,0.0909670889377594,0.6566908359527588,0.0890757295931163,0.6495456468153313,0.0029214302282985823,0.42530907635000137,0.013646991298182263,1.6731851371901016,0.42530907635000137,0.028340794603175325,0.01193282756047357,0.028975622765222565
defocus_blur/s5,36736.0,0.08839236199855804,0.6584144830703735,0.08895148093956025,0.6511581624980662,0.001955668169356902,0.42572343127562073,0.011893989284441324,1.6839343914438207,0.42572343127562073,0.027494664155844634,0.010829000267755032,0.027919631768454772
defocus_blur/s5,36864.0,0.08845192939043045,0.6893723607063293,0.088860653385173,0.6581061985359322,0.001309166295189331,0.4464037019283081,0.011292255288543463,1.6118613807729472,0.4464037019283081,0.02925262641837533,0.015255363815604607,0.029537108869792036
defocus_blur/s5,36992.0,0.08838764578104019,0.6592990159988403,0.0887746520026034,0.6583230744382791,0.0008763840488457503,0.4594727260842393,0.010754626814169289,1.614074808669565,0.4594727260842393,0.027588535040400014,0.015377557595570024,0.027778973706224418
defocus_blur/s5,37120.0,0.08839575201272964,0.6452747583389282,0.08870576109535362,0.6559506533293061,0.008076339735177733,0.4403288496927552,0.01067312940433868,1.615046963278836,0.4403288496927552,0.03964604411795372,0.020624645993728694,0.04209790801821634
defocus_blur/s5,37248.0,0.08850118517875671,0.6713428497314453,0.08866856547415418,0.6587492344933313,0.0054064753599123655,0.45153212252159647,0.010905264593434653,1.620644129996911,0.45153212252159647,0.03118867416160538,0.021296250623901024,0.03515438470640928
defocus_blur/s5,37376.0,0.08835287392139435,0.6561236381530762,0.08861116701001603,0.6582718533405577,0.0036192107781231535,0.4492177844979282,0.013552427417762827,1.6234800258329636,0.4492177844979282,0.023202748818925915,0.01425616777302465,0.025857480671232655
defocus_blur/s5,37504.0,0.08903411030769348,0.6567128896713257,0.08868806579141193,0.6579884054006973,0.002422777463041119,0.4396623185481998,0.015879277886109145,1.6446963244587436,0.4396623185481998,0.0315448153250661,0.015225203219958648,0.03848723912702351
defocus_blur/s5,37632.0,0.08846209943294525,0.5859144926071167,0.08864698099896344,0.6448840576200462,0.0016218592934407487,0.39839998183805103,0.013882574347455342,1.7658841357141901,0.39839998183805103,0.02808991769694507,0.010192078188567358,0.032737325366023994
defocus_blur/s5,37760.0,0.09499245136976242,0.6308776140213013,0.08980070288456325,0.6423374315111834,0.0034100876261876083,0.401511558089935,0.017692580825547886,1.7634711549517894,0.401511558089935,0.031458953169029344,0.011471556473338479,0.03457002772436316
defocus_blur/s5,37888.0,0.08847810328006744,0.6464263200759888,0.08956023022920037,0.6430808657956933,0.005123695022489225,0.4002370760767333,0.016087812229607562,1.7301434261680866,0.4002370760767333,0.04275351410488741,0.019042942763143937,0.04483613426176376
defocus_blur/s5,38016.0,0.08837322890758514,0.6186518669128418,0.0893444118070885,0.6386392296351748,0.0034299115439803897,0.4079066377042594,0.013660426910863917,1.7413844824408524,0.4079066377042594,0.03378541026856099,0.015072135238137675,0.03517956095208978
defocus_blur/s5,38144.0,0.08886329084634781,0.6839093565940857,0.08925693526877201,0.6468701618095223,0.0022960564881191036,0.4114912202813637,0.013327648203874377,1.6736196642462033,0.4114912202813637,0.04043692753515239,0.012413991357761583,0.0413702019596634
defocus_blur/s5,38272.0,0.08841735124588013,0.6955008506774902,0.08910428362824621,0.6557121052400618,0.001537029549897912,0.4342937094445492,0.01151811753805088,1.5957263458471593,0.4342937094445492,0.04127389363923424,0.013992010743625521,0.04189864759283252
defocus_blur/s5,38400.0,0.08851298689842224,0.6306672692298889,0.08899677513191458,0.6511584986927577,0.0038698296986919905,0.41804992119841716,0.012166182266429777,1.639164305952289,0.41804992119841716,0.046999465989900596,0.017889279919286502,0.04741768971090441
defocus_blur/s5,38528.0,0.08835472166538239,0.6479287147521973,0.08888003813799963,0.6505712652490194,0.0025905471536698445,0.42215531914935356,0.011213530515156606,1.6559183534790576,0.42215531914935356,0.03662774169571857,0.014816377466629806,0.036907709641183936
defocus_blur/s5,38656.0,0.08843228965997696,0.645453929901123,0.08879862932381369,0.6496408406403109,0.0017341679293161765,0.4336845524884102,0.011421850393062417,1.674765809246963,0.4336845524884102,0.04182311634176202,0.009918401444603424,0.04433491306558594
defocus_blur/s5,38784.0,0.08840515464544296,0.653474748134613,0.08872708847320082,0.650337914730184,0.00400179836590587,0.4287475103434812,0.011760661997598822,1.647622745994319,0.4287475103434812,0.04814192085688201,0.012321409231511381,0.052147751721590585
defocus_blur/s5,38912.0,0.09106070548295975,0.6138073205947876,0.08915138247497517,0.6436959885237482,0.0026788898151931854,0.42828345733737166,0.013542235127324536,1.7209249322970275,0.42828345733737166,0.042557814788491265,0.013930034278945633,0.04756378421032097
defocus_blur/s5,39040.0,0.08845218271017075,0.659879744052887,0.08902425524501072,0.6466384895290461,0.0017933064052119666,0.41118562020105043,0.012572468019673062,1.7105644133581313,0.41118562020105043,0.03365440494105613,0.009325064269376827,0.03984641752922312
defocus_blur/s5,39168.0,0.088422030210495,0.6498273611068726,0.08891475978418967,0.6472182843613782,0.0012004778415055312,0.4237585556717775,0.012106819110912192,1.7010562736291703,0.4237585556717775,0.03001865124153344,0.013732067816690272,0.03416371751956258
defocus_blur/s5,39296.0,0.08844848722219467,0.6875693798065186,0.08882998295473603,0.6545548471695855,0.0008036256624954382,0.40996440503647913,0.011042456633927824,1.6319046803729431,0.40996440503647913,0.03843190702945626,0.014357830521916626,0.04353108362879808
defocus_blur/s5,39424.0,0.08837488293647766,0.6459795832633972,0.08874723749687087,0.6529957082775512,0.0005379642864638884,0.4242323703136761,0.010152660346689423,1.664638914567505,0.4242323703136761,0.039931689829636005,0.018134167539464847,0.043345188214319375
defocus_blur/s5,39552.0,0.08853941410779953,0.6877874135971069,0.08870945142613063,0.6593214728811068,0.003201033943831198,0.4469551404579154,0.010801946445434796,1.6105788725309482,0.4469551404579154,0.03990261881157452,0.01782121959253432,0.04502859706908982
defocus_blur/s5,39680.0,0.08837626874446869,0.6583605408668518,0.08864887275673754,0.6591467579694239,0.002142840904548157,0.4745629452652161,0.011999569002052395,1.623191870928078,0.4745629452652161,0.04169100928708707,0.01709519658673785,0.045122449277655165
defocus_blur/s5,39808.0,0.08838852494955063,0.620280385017395,0.08860153679179447,0.6520801447054186,0.0014344637460198405,0.46437684765688014,0.010627514434144681,1.6607427611175465,0.46437684765688014,0.03307414671284341,0.011443891929965005,0.038212135466860066
defocus_blur/s5,39936.0,0.08837258815765381,0.6738430261611938,0.08855990976740526,0.6560370322428323,0.0009602608547736121,0.45678326165460564,0.010029240098662517,1.5983443112019387,0.45678326165460564,0.030146742840829056,0.01050169625063773,0.033586222915831944
defocus_blur/s5,40064.0,0.08960243314504623,0.6359415054321289,0.08874945947243089,0.6523833000954317,0.0006428192498897732,0.4199334230910996,0.011518887783767225,1.6081193143000767,0.4199334230910996,0.032835836116588045,0.01451973054794757,0.0351382979849784
defocus_blur/s5,40192.0,0.08836472779512405,0.6602843403816223,0.08867950825837509,0.6538198528747391,0.0004303170185212531,0.4022384898378435,0.010573184555864996,1.6075988329503783,0.4022384898378435,0.02998721260697216,0.009719819623006222,0.03152853005605992
defocus_blur/s5,40320.0,0.08836881816387177,0.638425350189209,0.08862301915028357,0.6510208523864608,0.0002880634586795165,0.40640551799062247,0.009583379242898264,1.6186559366796969,0.40640551799062247,0.020074084472435905,0.0065066561112686275,0.023430255657362425
defocus_blur/s5,40448.0,0.0883590430021286,0.6508724689483643,0.08857502348698267,0.6509938735795342,0.0001928358690333953,0.4128107186548795,0.009034768453319048,1.62121971314996,0.4128107186548795,0.016278932580721554,0.004355695413328585,0.018525625687986415
defocus_blur/s5,40576.0,0.08841421455144882,0.6635035276412964,0.08854578549870377,0.6532683561362183,0.0001290884743116117,0.43207783645491926,0.009074861764393998,1.6044306726440754,0.43207783645491926,0.02406895486808633,0.008081085359335664,0.028413848601048754
defocus_blur/s5,40704.0,0.08837670832872391,0.6684936285018921,0.08851504419507106,0.6560365874754317,8.641459850612022e-05,0.426380617792136,0.009774332038652656,1.6112018499049128,0.426380617792136,0.023601944994338778,0.008250561273604864,0.026510510220536767
defocus_blur/s5,40832.0,0.0883694738149643,0.6685233116149902,0.08848857685323346,0.6583069009553514,5.78477890826094e-05,0.43780438050547943,0.008591215103408458,1.581632776640564,0.43780438050547943,0.01579964912844166,0.0055231030013387925,0.023428523370772544
defocus_blur/s5,40960.0,0.08837675303220749,0.6790400743484497,0.08846824524941055,0.6620765688450055,3.872455302224265e-05,0.4325384695945771,0.00895451013134532,1.5536156295925418,0.4325384695945771,0.0152253849537502,0.0036972838273424966,0.020332317297789886
defocus_blur/s5,41088.0,0.08838176727294922,0.6892714500427246,0.08845252198096303,0.6670210926991362,2.5923047890922763e-05,0.43159600030711354,0.00906593601441052,1.5318666533451706,0.43159600030711354,0.013033108935981537,0.005315950330700349,0.02110055951339653
defocus_blur/s5,41216.0,0.08913463354110718,0.661658763885498,0.0885765422646256,0.6660461238239292,1.735344528235325e-05,0.4381964960733569,0.009879180872603633,1.5341258481691162,0.4381964960733569,0.027061420031524827,0.008723900634601059,0.03478632496351338
defocus_blur/s5,41344.0,0.08848239481449127,0.6655877828598022,0.08855942454641935,0.6659627891031787,1.161676915595548e-05,0.4374497205119166,0.009328633607417544,1.544465771785075,0.4374497205119166,0.038776653078954636,0.013329635962005666,0.04678877952102962
defocus_blur/s5,41472.0,0.08843682706356049,0.6737299561500549,0.08853713409499046,0.6673750012935198,7.776514889523914e-06,0.41964609389640695,0.009054074304575156,1.534275533978327,0.41964609389640695,0.036805032226407644,0.014604962916714537,0.042168521828127255
defocus_blur/s5,41600.0,0.08837146311998367,0.6414070129394531,0.08850701209953467,0.6626535488655076,5.205766165714355e-06,0.39894697194718143,0.008700004039382382,1.5985281797493034,0.39894697194718143,0.03264427777139685,0.012101256167387416,0.04088347328990337
defocus_blur/s5,41728.0,0.08924087882041931,0.6600367426872253,0.08864044241242278,0.6621777659240017,3.4848517307674605e-06,0.4031690473365429,0.010624834079960085,1.5952723976270282,0.4031690473365429,0.04354699586349706,0.02178885743436678,0.049062490384150184
defocus_blur/s5,41856.0,0.08836732059717178,0.636742353439331,0.08859078390055895,0.6575531454722433,2.332834629687308e-06,0.4103858911922312,0.009666582336278385,1.6506563992046863,0.4103858911922312,0.03767402202432447,0.014585929356890157,0.04369059273649722
defocus_blur/s5,41984.0,0.08843639492988586,0.6928303241729736,0.08856271317861839,0.6639671779632852,0.002325941814917394,0.4567975800543035,0.0087181876260952,1.563040955524986,0.4567975800543035,0.034517320528680014,0.014412894858744649,0.04086932241038243
defocus_blur/s5,42112.0,0.08860383182764053,0.6765894889831543,0.08857018929662241,0.6662621436032613,0.0015570354298207348,0.42898226433387254,0.016312887702576207,1.5200193923085266,0.42898226433387254,0.03963556167622381,0.017654499864118316,0.04388772822513203
defocus_blur/s5,42240.0,0.08838729560375214,0.6743758916854858,0.08853693589791872,0.6677373705273021,0.0010423129736816489,0.42379184637226175,0.01332072526119664,1.5296362762534224,0.42379184637226175,0.03402256608077792,0.014142681727219698,0.03686905773748508
defocus_blur/s5,42368.0,0.08843380212783813,0.652705729007721,0.08851818430335862,0.6650043447964692,0.0006977467013901946,0.4123110707120099,0.014686901576107171,1.5715339966348805,0.4123110707120099,0.028457254979694313,0.01230832413144459,0.0332036667498867
defocus_blur/s5,42496.0,0.08857777714729309,0.7059892416000366,0.08852901936589215,0.6724561442152996,0.0004670866348149235,0.43019377460886604,0.012921125985699411,1.5015103119187214,0.43019377460886604,0.029380476474010243,0.012888216980553814,0.03488220666727952
defocus_blur/s5,42624.0,0.09276268631219864,0.6873390674591064,0.08929877699249332,0.6751621302596281,0.00031267782991742805,0.43105946895304253,0.014883757623586106,1.4541150090971806,0.43105946895304253,0.03283940987103164,0.013792938639874866,0.03652238628140199
defocus_blur/s5,42752.0,0.08838815242052078,0.6783086061477661,0.08913320888849831,0.6757342167847441,0.0002093132580438981,0.4360294792164995,0.012796032987200825,1.4705676388709479,0.4360294792164995,0.037995803302095565,0.014398578758924495,0.040461266849533564
defocus_blur/s5,42880.0,0.0883692055940628,0.6431466937065125,0.08899429919860094,0.669809212588702,0.00014011879257484086,0.422311056335012,0.011531096196332682,1.5559598081938386,0.422311056335012,0.032924876590659014,0.01196309817746185,0.03457531086621668
defocus_blur/s5,43008.0,0.0884283110499382,0.6467303037643433,0.08889139226248044,0.6656130473479094,9.379853056662899e-05,0.4337888063069088,0.01171398534807528,1.5826841961944962,0.4337888063069088,0.032371198378870904,0.016014553325408343,0.03580041471209546
defocus_blur/s5,43136.0,0.08843997865915298,0.6973060369491577,0.08880931706187543,0.6713754090935908,6.279075186691691e-05,0.4487036637261125,0.010251827464970687,1.528942460938257,0.4487036637261125,0.03484146337759127,0.0164023042922155,0.037137054476691994
defocus_blur/s5,43264.0,0.09103304892778397,0.679850697517395,0.08921363194658607,0.6729163706251915,4.2033478522481563e-05,0.4584297253042571,0.015500227140610962,1.5020908754804647,0.4584297253042571,0.042176930029627205,0.026992451633631863,0.04655455712902521
defocus_blur/s5,43392.0,0.08853553980588913,0.6472952365875244,0.08909034246645935,0.6682579826183429,2.813811372166121e-05,0.4486698987573952,0.013149093960868172,1.5369084455921402,0.4486698987573952,0.03107505233388267,0.01806932712664612,0.03684643906984332
defocus_blur/s5,43520.0,0.08842119574546814,0.6755708456039429,0.08896867942627912,0.6695875940702701,1.8836257945905436e-05,0.4604732380111488,0.011540874752721633,1.5330486623106958,0.4604732380111488,0.03242420858714459,0.012095995845110211,0.03912860797237445
defocus_blur/s5,43648.0,0.08852224797010422,0.6737693548202515,0.08888751007061095,0.6703479142066303,0.002336989561104284,0.45933539073473595,0.01142399292062824,1.527492012974598,0.45933539073473595,0.03436042062445216,0.015586988954164684,0.03884848963439942
defocus_blur/s5,43776.0,0.08895736187696457,0.6937673091888428,0.08890021039903888,0.674605986021578,0.0015644310285078261,0.4642555095001124,0.011980559712850317,1.4904588345830696,0.4642555095001124,0.030491273310583676,0.015599554589151562,0.033495683143688865
defocus_blur/s5,43904.0,0.0885368064045906,0.71523118019104,0.08883413694550282,0.6819923849614802,0.0038881728372655694,0.4874355063595794,0.011184899237468422,1.428584645779459,0.4874355063595794,0.028417711885597337,0.013283586129927905,0.03275330855073386
defocus_blur/s5,44032.0,0.08847948908805847,0.6556984186172485,0.08876965551687657,0.6772116638079835,0.0026028264447810834,0.4600807935134374,0.010858153253086679,1.4869917341985797,0.4600807935134374,0.03116185671680483,0.011216698153092234,0.03406419828602845
defocus_blur/s5,44160.0,0.08838097006082535,0.6941168308258057,0.08869898543395816,0.6802853305384966,0.0017423879506385763,0.4601057378065159,0.009597669291059914,1.4745659309497532,0.4601057378065159,0.02370132557075364,0.007508698763640255,0.027968595546845488
defocus_blur/s5,44288.0,0.0889248251914978,0.7042096853256226,0.08874004720805627,0.684635213227065,0.0011663919338985509,0.43816995671345277,0.011052243483808908,1.456034726107708,0.43816995671345277,0.032395102241578884,0.013549211569048434,0.03525170445697921
defocus_blur/s5,44416.0,0.08994550257921219,0.6575459241867065,0.0889592209119028,0.6797098879469998,0.0007808078235188645,0.4312336073866915,0.012986405100560787,1.507135559397393,0.4312336073866915,0.024010357698908177,0.01139451352969358,0.02876353769434145
defocus_blur/s5,44544.0,0.08839137107133865,0.6766444444656372,0.08885597548634568,0.6791525345867521,0.0005226895347522977,0.4436357206472893,0.011572130673204773,1.4953380106522831,0.4436357206472893,0.023562718790178197,0.00762773219756347,0.026744599613567416
defocus_blur/s5,44672.0,0.08838976174592972,0.6360676288604736,0.08877120935172458,0.6713189153637923,0.0003498996059085629,0.4501301105159539,0.010423156905593523,1.564278841321929,0.4501301105159539,0.028944877867805238,0.007430548000021826,0.03107489726197488
defocus_blur/s5,44800.0,0.08875489979982376,0.72638338804245,0.0887682439786517,0.6813306376690027,0.0002342303146991206,0.4580932971222501,0.011632311228075187,1.4703943869358773,0.4580932971222501,0.03254781080406796,0.01349689576860965,0.033973691555536895
defocus_blur/s5,44928.0,0.08839447051286697,0.6619393229484558,0.08870028516669083,0.6778049440834487,0.00015679880570767575,0.45102733113142357,0.010185629137914069,1.4942172770754727,0.45102733113142357,0.026953493182888467,0.009035112043449435,0.030748917487590816
defocus_blur/s5,45056.0,0.08839095383882523,0.6705828309059143,0.0886440431070789,0.6764918325966243,0.00242934465506051,0.4349335853028537,0.009425243884168346,1.498321820232785,0.4349335853028537,0.02553291692408236,0.010697058475366976,0.030914564599131042
defocus_blur/s5,45184.0,0.08873031288385391,0.6612825989723206,0.08865972852103798,0.6737265173922053,0.001626255512891746,0.44094727611182766,0.009580707295639,1.522195147118414,0.44094727611182766,0.042918729511162566,0.015167039144667148,0.04652132010355053
defocus_blur/s5,45312.0,0.0884099155664444,0.7092738747596741,0.08861430798383915,0.6801896732771997,0.0010886503846630694,0.4537539616946945,0.013270727368558053,1.4527686267677173,0.4537539616946945,0.0385447693421832,0.017642811328248256,0.04095642089576522
defocus_blur/s5,45440.0,0.08874071389436722,0.6839560270309448,0.08863729087666243,0.6808744648687897,0.000728765959981063,0.44553984212620046,0.012375699916933791,1.4527841249742464,0.44553984212620046,0.033808895179478,0.016975766261058747,0.0354233065500577
defocus_blur/s5,45568.0,0.08914423733949661,0.6478157043457031,0.0887294629608141,0.6748637811373193,0.00048785159304517436,0.4273861753076218,0.012126137369865722,1.5200220013212453,0.4273861753076218,0.03709521082262577,0.01833708319955172,0.03817593248392292
defocus_blur/s5,45696.0,0.08836818486452103,0.6584841012954712,0.08866377603421535,0.6718856575297105,0.0003265783391459431,0.43408702644559805,0.010200790641176127,1.5402884073072345,0.43408702644559805,0.03232200063332799,0.012275237513749497,0.0353698391008079
defocus_blur/s5,45824.0,0.08906421810388565,0.6672806739807129,0.08873658368324631,0.6710483877935292,0.00021861855761009413,0.4450293317528384,0.012548150506187579,1.53112672392339,0.4450293317528384,0.037132909514872456,0.016740035029865364,0.03917319807574743
defocus_blur/s5,45952.0,0.08859453350305557,0.6928379535675049,0.08871075637775708,0.6750101270251612,0.002987257050962129,0.45571178406594964,0.011969769458198491,1.498156534453779,0.45571178406594964,0.03751252620417081,0.018695808573711524,0.041202719373021
defocus_blur/s5,46080.0,0.08840631693601608,0.6759164929389954,0.088655403751986,0.6751749208276765,0.0019997340589085325,0.43936078106894144,0.010729647613779732,1.4968076058693867,0.43936078106894144,0.03311788944246145,0.015356285078269697,0.0355881840430967
defocus_blur/s5,46208.0,0.08837435394525528,0.693274199962616,0.08860430378712586,0.678465698852211,0.0013386649485255463,0.4359047377403657,0.009660821295470067,1.4495065220344159,0.4359047377403657,0.02965949623834196,0.010279827201155745,0.03647845378091597
defocus_blur/s5,46336.0,0.08838725835084915,0.6908867359161377,0.0885648409805301,0.6807240692274703,0.0037370401721534647,0.44004779964437696,0.00926350117322413,1.414368034936176,0.44004779964437696,0.027860902440542963,0.012563355399120787,0.03759094839879499
defocus_blur/s5,46464.0,0.0883675217628479,0.7056107521057129,0.08852896475913333,0.685248920659878,0.0025016549912762857,0.4714886096792936,0.008456640371571495,1.4192933681953057,0.4714886096792936,0.03130564543540479,0.010734560225857715,0.04014352744051565
defocus_blur/s5,46592.0,0.08972742408514023,0.6352605819702148,0.08874686645477094,0.6761601318072119,0.0016746616057304058,0.4186721271406841,0.009276105406979979,1.504530486908823,0.4186721271406841,0.031287250250147,0.009510325440450204,0.037203518369270806
defocus_blur/s5,46720.0,0.08837659657001495,0.6982076168060303,0.08867954465754257,0.6801687654433606,0.0011210544633401887,0.42670406858178017,0.007970313737737418,1.4619633095096034,0.42670406858178017,0.026626175787288486,0.006366416203937739,0.03291103295794161
defocus_blur/s5,46848.0,0.08836298435926437,0.6820777058601379,0.08862198823967381,0.6805158455191382,0.0007504579465335147,0.40625437648862966,0.007428438326201077,1.4524253421800761,0.40625437648862966,0.023505952386531963,0.004261815805941792,0.03287846007928322
defocus_blur/s5,46976.0,0.08839842677116394,0.7295327186584473,0.08858134069994474,0.6894280042717398,0.0033432817658612785,0.41529218591387607,0.008279108175635173,1.3875777370968891,0.41529218591387607,0.0260659681265214,0.008018240332903184,0.032340126168776365
defocus_blur/s5,47104.0,0.08845014125108719,0.6547356247901917,0.0885574862546979,0.6831202989114583,0.0022380646531798636,0.3893174963555699,0.007952207667103374,1.4570402371870206,0.3893174963555699,0.025455317506183746,0.00769196253690213,0.032496282807197394
defocus_blur/s5,47232.0,0.08976571261882782,0.6593766212463379,0.08877716377544881,0.678803266608709,0.0014982085694840409,0.40085510086612525,0.00898189100097812,1.5077660128982635,0.40085510086612525,0.01936471667769325,0.00514916500404192,0.024078090143661062
defocus_blur/s5,47360.0,0.08838494122028351,0.7020511627197266,0.08870585058360057,0.6830301568107122,0.0010029330093240274,0.4199422576045962,0.00818606517728013,1.4809044935211115,0.4199422576045962,0.025101587197464074,0.008612250953118971,0.028256820674682197
defocus_blur/s5,47488.0,0.08836464583873749,0.6650301218032837,0.08864381335726182,0.6797574231729979,0.0006713849070681504,0.43271961046258084,0.007692351659757475,1.5173943947253725,0.43271961046258084,0.027650649280947022,0.005765225844649889,0.029762830369002128
defocus_blur/s5,47616.0,0.08843378722667694,0.6531403660774231,0.08860562678806456,0.6749179582465298,0.00044943948324396843,0.42655197064024003,0.00943425063645568,1.5772835552777353,0.42655197064024003,0.03348927761782404,0.0090246553174929,0.03722759718916671
defocus_blur/s5,47744.0,0.0884275808930397,0.6474151015281677,0.08857325480715095,0.6699174388431912,0.0003008644474608383,0.4330120629905738,0.009260913860540402,1.6046081194757147,0.4330120629905738,0.032749020554080556,0.008882207278652271,0.035251532002665315
defocus_blur/s5,47872.0,0.09136711061000824,0.6604025363922119,0.08908122858948864,0.6681874565793767,0.00020140512598618097,0.42829733142344195,0.01097512243471367,1.5768491267565004,0.42829733142344195,0.029929096403971275,0.00827032057496557,0.031604331340627186
defocus_blur/s5,48000.0,0.08837851881980896,0.6723397970199585,0.0889534631768196,0.6689424275685734,0.00013482491904860046,0.43263085822560987,0.009184767188207967,1.550867211877521,0.43263085822560987,0.027008320733236967,0.005536330302249678,0.028129758996618192
defocus_blur/s5,48128.0,0.08856166154146194,0.6740639209747314,0.08888222651584547,0.6698736081878748,9.025469787550938e-05,0.42158553319235037,0.014442923675577745,1.5302839743598147,0.42158553319235037,0.02789399982968755,0.00835489879737375,0.02864471470021548
defocus_blur/s5,48256.0,0.08841139078140259,0.6616984605789185,0.08879662001867403,0.668387217713519,6.041843411501041e-05,0.42452213378992043,0.013833128994314738,1.5543184650402515,0.42452213378992043,0.023838132117394144,0.00791732894700226,0.024340676782788877
defocus_blur/s5,48384.0,0.08836574852466583,0.6615544557571411,0.08871827974703617,0.6671448973578139,4.044539804393258e-05,0.4249383705535831,0.011090523861938257,1.562412728101886,0.4249383705535831,0.015957757863710127,0.005300030121546967,0.019135081152114868
defocus_blur/s5,48512.0,0.08839515596628189,0.6555410623550415,0.0886595299687172,0.6650351091754916,2.707501852527718e-05,0.407396760453225,0.010064161082216173,1.5535302208778696,0.407396760453225,0.018688664355045622,0.0035479540483083,0.02081563283736615
defocus_blur/s5,48640.0,0.08836697041988373,0.6712408065795898,0.08860633732347475,0.6661634177944185,1.812459917807811e-05,0.4139908065843902,0.008972991387778023,1.5735458432809646,0.4139908065843902,0.01948373398974128,0.004699456842255969,0.02090757239526163
defocus_blur/s5,48768.0,0.08841661363840103,0.6935317516326904,0.0885718421080068,0.6711394784922861,1.2132996144002699e-05,0.43390087052343473,0.00915889424491531,1.5099465819374482,0.43390087052343473,0.02466473101792598,0.007794677720849037,0.025617879041456133
defocus_blur/s5,48896.0,0.08838340640068054,0.6829879283905029,0.08853758107031111,0.6732937421101436,8.122088327803458e-06,0.4059067810942001,0.008123407823865168,1.4949298773145514,0.4059067810942001,0.021676390185553753,0.010383214011477453,0.02231444795337146
defocus_blur/s5,49024.0,0.08841431885957718,0.6690388917922974,0.08851516975926857,0.6725201329614442,0.0023298172657400997,0.4184169361043818,0.007902594956279365,1.5150212581400724,0.4184169361043818,0.021483781859750858,0.01392388706553449,0.02475182053076932
defocus_blur/s5,49152.0,0.08852334320545197,0.6963762640953064,0.08851665584039281,0.6768576113494191,0.0015596297398756038,0.43944646135913157,0.007545408612207817,1.4552872251306819,0.43944646135913157,0.02419575479867619,0.012161858283539616,0.0263834501073745
defocus_blur/s5,49280.0,0.08837147057056427,0.6674724817276001,0.08849025851860581,0.675151224145452,0.0010440496605778834,0.43234639148834425,0.007028281852586669,1.4895574325188647,0.43234639148834425,0.024203356518122075,0.008141409264187676,0.02850875585700276
defocus_blur/s5,49408.0,0.09003731608390808,0.6518587470054626,0.08877154171229712,0.6709162283018175,0.000698909276915773,0.4325004769467428,0.008575064262933899,1.50381392780992,0.4325004769467428,0.025499767586511467,0.01009879463139836,0.03638809276377871
defocus_blur/s5,49536.0,0.08849954605102539,0.6652771830558777,0.08872208795570226,0.6698909473480102,0.0004678648878527075,0.4163329639064972,0.008628260841105075,1.51966839700923,0.4163329639064972,0.02688414193807792,0.006760350125150967,0.03417302077575268
defocus_blur/s5,49664.0,0.08842615783214569,0.6768463850021362,0.08866828247869198,0.6711555723760331,0.0003131988092237132,0.45173942211922535,0.00799016519189151,1.4987428466863897,0.45173942211922535,0.031168309892432324,0.00684990380278701,0.03604764200690882
defocus_blur/s5,49792.0,0.08846542984247208,0.6511504650115967,0.08863140018119745,0.6675182801279538,0.00020966201278612204,0.43954250571617565,0.00898060610782197,1.5473316788931069,0.43954250571617565,0.026030025630471222,0.004585472793601221,0.03162073555834392
defocus_blur/s5,49920.0,0.08868354558944702,0.6866776347160339,0.08864088116451554,0.6710017991439683,0.00298126134740228,0.43938382614058036,0.008907991661650941,1.5090489317735443,0.43938382614058036,0.03679489319064602,0.013916721456873542,0.04053743454732113
defocus_blur/s5,50000.0,0.11183223873376846,0.737532377243042,0.09285749163165244,0.6830982678892543,0.0019957204061122696,0.4186164455982397,0.007764996725323799,1.5487836779236077,0.4186164455982397,0.03160443263175477,0.011640532545510387,0.03643415039944637
