corruption,n_samples,r_l,r_s,r_l_ema,r_s_ema,large_acc_ema,small_acc_ema,large_ent_ema,small_ent_ema,nuclear_norm_identity_pbs128_duo_acc_ema,fixed_ts_duo_acc_ema,coca_ts_duo_acc_ema,proxy_weighted_nuclear_norm_duo_acc_ema
fog/s5,128.0,0.13968954980373383,0.16795676946640015,0.13968954980373383,0.16795676946640015,0.3565340909090909,0.4758522727272727,5.556253693320534,5.236512704329057,0.4786931818181818,0.4758522727272727,0.4474431818181818,0.4758522727272727
fog/s5,256.0,0.1335151195526123,0.16848310828208923,0.13856692612171173,0.16805246743288907,0.3166674492862509,0.46808086025544693,5.4888649624509975,5.2543696346899145,0.4550032870022539,0.4518101990984221,0.4229784936138241,0.4518101990984221
fog/s5,384.0,0.17526639997959137,0.1844506561756134,0.1452395577322353,0.17103395629520257,0.2979860610924489,0.4912876006668694,5.314141371358353,5.229560595262019,0.4569650103072939,0.4530196374129933,0.4192562643199979,0.4530196374129933
fog/s5,512.0,0.18779587745666504,0.18880516290664673,0.15297707040940434,0.1742650847700106,0.29271174337593686,0.48641979879352404,5.128371524902927,5.16603513347007,0.45827823004041984,0.44349868289630123,0.41573146619768453,0.44349868289630123
fog/s5,640.0,0.21589219570159912,0.1909383088350296,0.1644161840988943,0.1772965800545595,0.3080343075491808,0.49271697274607806,4.9768794927346836,5.139428626960521,0.4733618730022645,0.46217680425289576,0.42990081621497883,0.46217680425289576
fog/s5,768.0,0.24778896570205688,0.1959882378578186,0.17957487166310565,0.1806950632915157,0.33817792488829457,0.4984820230779531,4.8003141361337045,5.087072549516064,0.46951290672052415,0.46770719954119466,0.4380947612678784,0.46770719954119466
fog/s5,896.0,0.26747310161590576,0.20403248071670532,0.19555636801816023,0.1849382300960956,0.3490591893880318,0.5201615195811091,4.541815267865941,5.024400238479975,0.462287565655888,0.4703763071308823,0.44357996415453005,0.4703763071308823
fog/s5,1024.0,0.2844286561012268,0.18676874041557312,0.21171496585144506,0.18527105015418244,0.33671524248289725,0.49800068666173414,4.33022627469324,4.973390404737604,0.43033299849691675,0.4465948832859624,0.42684898426873497,0.4465948832859624
fog/s5,1152.0,0.2812769114971161,0.18802869319915771,0.22436259233247616,0.18577243979872338,0.33413375736458406,0.4560479803272765,4.159195935771342,4.913281946577033,0.4024853130433905,0.43532384748895003,0.4197811382294837,0.43532384748895003
fog/s5,1280.0,0.2802663743495941,0.20641925930976868,0.2345269163355885,0.1895264069825498,0.3246577218721595,0.44242674716123465,4.033055877223188,4.819542655972651,0.3760955401364845,0.4078924103025202,0.3928390264180841,0.4078924103025202
fog/s5,1408.0,0.2975529134273529,0.20288416743278503,0.2459861885340911,0.19195509070077438,0.33432665679045387,0.43614931008314045,3.836510950362227,4.733000231674788,0.37108461777731605,0.4065746713595383,0.3959810838005356,0.4065746713595383
fog/s5,1536.0,0.30391767621040344,0.1858443021774292,0.2565191862934206,0.19084403824198434,0.3028343735539401,0.3725462323697055,3.643623693397213,4.681923263527881,0.332606231735228,0.3708268461167157,0.36425179989953205,0.3708268461167157
fog/s5,1664.0,0.2902678847312927,0.18954524397850037,0.26265531328212455,0.1906078938304418,0.2938911922137946,0.37852268447889376,3.5127943802836845,4.644826658943569,0.3189864030624253,0.3629088804582972,0.35566649414762064,0.3629088804582972
fog/s5,1792.0,0.2942171096801758,0.20858223736286163,0.26839382171813386,0.19387595629088175,0.2778321204075815,0.35411435903132554,3.317755437394827,4.55850049844065,0.29463139378559045,0.3493439612985295,0.3346817026938617,0.3493439612985295
fog/s5,1920.0,0.3321622908115387,0.20848208665847778,0.2799880888260256,0.19653161635771738,0.27792894010755453,0.35352903373171374,3.1085493881230244,4.485899095384623,0.2863338255920068,0.3446538088031479,0.33199766874547765,0.3446538088031479
fog/s5,2048.0,0.23249927163124084,0.2130330204963684,0.27135375842697385,0.19953187165565392,0.2377044970967927,0.32963513828321334,2.9679911939702905,4.351407386190273,0.25650239564423594,0.3081980042401237,0.2945604228792041,0.3081980042401237
fog/s5,2176.0,0.2418171912431717,0.22167879343032837,0.26598347348446433,0.2035585847055947,0.2138765641722331,0.3386917041400023,2.7182836853444745,4.25648930023075,0.23214209956349674,0.27888668052438026,0.2674330103571531,0.27888668052438026
fog/s5,2304.0,0.20516210794448853,0.20015835762023926,0.2549250433862869,0.20294036159916642,0.18294629502438742,0.3083390746722329,2.485554947144888,4.155013411362541,0.1946571079722581,0.23059769522706444,0.2229303623052016,0.23059769522706444
fog/s5,2432.0,0.2172624170780182,0.21245601773262024,0.24807729314841986,0.20467048089615802,0.16714793303285438,0.28543772767314757,2.2867044350714663,4.055816664336842,0.17963616318804054,0.20601994473877866,0.20088726732827544,0.20601994473877866
fog/s5,2560.0,0.21198676526546478,0.22683024406433105,0.24151537898788256,0.20869952874491673,0.16122093037736532,0.2610678176985533,2.098897378830628,3.9204843709056396,0.18042792742339903,0.1957654175524055,0.19465387317016783,0.1957654175524055
fog/s5,2688.0,0.1729205995798111,0.21691596508026123,0.22904360091368772,0.21019342626043389,0.13142682116170734,0.22822515069076707,1.8995097637198666,3.793118680971688,0.16081332331649026,0.15971693241111445,0.16181374980812888,0.15971693241111445
fog/s5,2816.0,0.14832425117492676,0.22694031894207,0.21436735550664027,0.21323831583891317,0.10476712821568837,0.21708667112357133,1.7051404298844466,3.6433280388028484,0.14845767924492323,0.1311948059942171,0.13543936970626805,0.1311948059942171
fog/s5,2944.0,0.14286161959171295,0.19748558104038239,0.2013663126130171,0.21037418223918028,0.08743708583033682,0.19645884595875435,1.5443019283225916,3.519961788010988,0.11952538858544445,0.10512834120274035,0.1079697433570885,0.10512834120274035
fog/s5,3072.0,0.13222040235996246,0.21953906118869781,0.18879432893064352,0.21204052386636527,0.06653846241534943,0.17180302911288514,1.3719947834031914,3.3658943420430503,0.10015749153240494,0.0830301292348923,0.08725660505722453,0.0830301292348923
fog/s5,3200.0,0.12436485290527344,0.21096470952033997,0.17707987874421258,0.21184492125799703,0.052548474840027296,0.1488412839516008,1.2558935040256765,3.2429554369727267,0.08925832077789089,0.07211107824815102,0.07494037198045608,0.07211107824815102
fog/s5,3328.0,0.12187172472476959,0.22663071751594543,0.1670420325588593,0.21453324785035127,0.04550765671109265,0.1541313553725592,1.1690006176267216,3.16223161447232,0.10391466101660464,0.06144419287686141,0.06333818289600779,0.06144419287686141
fog/s5,3456.0,0.12802109122276306,0.20619048178195953,0.15994731595229633,0.21301638129246184,0.04647619994709508,0.12435652715022556,1.1069800751025076,3.0298741306551706,0.09074039291194194,0.05946883985971714,0.05841233731055066,0.05946883985971714
fog/s5,3584.0,0.11203271150588989,0.21604928374290466,0.15123556968931334,0.21356781810163325,0.03343654707202232,0.10494114627411792,1.0228752498996012,2.8876007136076614,0.07675596550303551,0.044458479575513125,0.04375123406739342,0.044458479575513125
fog/s5,3712.0,0.11794652044773102,0.20804795622825623,0.1451830152817529,0.2125642068519283,0.03219719266804799,0.09607630453060785,0.9590040256652883,2.8503438443240743,0.07488415872517254,0.04293294913732697,0.04245950379718071,0.04293294913732697
fog/s5,3840.0,0.09543345123529434,0.20417554676532745,0.1361376400005786,0.2110389959270918,0.02671878186869328,0.0906585179089193,0.8778587857356459,2.712429321694041,0.07130675088214028,0.039070817191103176,0.03875388270720362,0.039070817191103176
fog/s5,3968.0,0.10466799139976501,0.20363223552703857,0.1304158857095216,0.2096923122179912,0.0225348870360674,0.08651520620349143,0.7892253486226198,2.6221000644778156,0.06323013902027572,0.030803604896523614,0.030591442142838782,0.030803604896523614
fog/s5,4096.0,0.10426826030015945,0.2165621966123581,0.12566177199872847,0.21094138210787608,0.017926246693565778,0.07805976613622154,0.7514310976039656,2.499501835011262,0.05498257240200275,0.0234615041042844,0.02331947779809869,0.0234615041042844
fog/s5,4224.0,0.08972366899251938,0.22367501258850098,0.119127571452145,0.21325658764980787,0.012000214728750644,0.08427967815730532,0.6879215095275314,2.440273312718811,0.06314949061621672,0.015705634978901126,0.015610559517735486,0.015705634978901126
fog/s5,4352.0,0.10807202756404877,0.20745065808296204,0.11711747256340023,0.21220096409219952,0.01552287101676696,0.07888763579125396,0.662672163172963,2.358289083069042,0.06009387388358309,0.018003358952818106,0.017939713396170034,0.018003358952818106
fog/s5,4480.0,0.09579110890626907,0.1851271688938141,0.11323995189846729,0.20727845587431123,0.012715723573207632,0.06882147519910388,0.6300263407397583,2.2793244134810307,0.05391614697991924,0.017217124588250133,0.01717451888503944,0.017217124588250133
fog/s5,4608.0,0.10648221522569656,0.18893970549106598,0.11201127250341807,0.2039441376228121,0.013160938920907589,0.056917681744854655,0.5961910320445142,2.2004751959825395,0.04125791657333436,0.01617427348469637,0.01614575231147268,0.01617427348469637
fog/s5,4736.0,0.09771113097667694,0.19781334698200226,0.1094112467712833,0.20282944841539213,0.011134595475979458,0.04946555554820849,0.5486169376017498,2.1347617496719797,0.03330075406975275,0.010827406217028147,0.010808313530820552,0.010827406217028147
fog/s5,4864.0,0.09265045821666718,0.19388991594314575,0.106363830670444,0.2012040788749837,0.009778117632680463,0.054290991730618895,0.5040740478805517,2.1219296029803982,0.037788108096280755,0.009572478541977519,0.009559697487574086,0.009572478541977519
fog/s5,4992.0,0.08853327482938766,0.18289470672607422,0.10312191142661557,0.1978751021206365,0.00654568205162907,0.047190663885786195,0.4624106251918555,2.0482021787766125,0.030977989717344966,0.006408022825621314,0.0063994669131694285,0.006408022825621314
fog/s5,5120.0,0.09408974647521973,0.18726104497909546,0.10147969961727088,0.19594527354944719,0.00438182021637979,0.04140449400618744,0.46329753512323535,1.9830348410712157,0.02822700138103258,0.0042896681725233575,0.004283940660882013,0.0042896681725233575
fog/s5,5248.0,0.102055124938488,0.1989995837211609,0.10158432240294671,0.19650060267157693,0.005257664772948454,0.045020776979348615,0.4473591891898786,1.9137604241520774,0.03335857117242677,0.0075203563799536525,0.0075165222605904376,0.0075203563799536525
fog/s5,5376.0,0.09299882501363754,0.18602648377418518,0.10002332287761775,0.1945962174175057,0.006360502864535741,0.04046845401096891,0.4404833481708341,1.836655508717393,0.03266152285096337,0.005034288155175585,0.005031721513287813,0.005034288155175585
fog/s5,5504.0,0.09130135923624039,0.1806473731994629,0.09843751130645823,0.1920600639233161,0.006582237454771859,0.037421031197425465,0.4028296728813393,1.7733780299211674,0.02702961447047961,0.0033700606658613416,0.003368342500630684,0.0033700606658613416
fog/s5,5632.0,0.09388275444507599,0.18460600078105927,0.09760937369529782,0.19070477971563304,0.00673067135402083,0.03254011179331787,0.389776664866054,1.7273941684700203,0.025583874149659902,0.004580371189543542,0.0022548408475296313,0.0022559910242542862
fog/s5,5760.0,0.1134604662656784,0.18667170405387878,0.10049139052627609,0.18997149323167772,0.01716061470806353,0.02978924839056816,0.38857578795587194,1.6855722417548251,0.025132593439028524,0.01288024848225642,0.011323488501238842,0.011324258454252868
fog/s5,5888.0,0.09711793810129166,0.18611806631088257,0.09987803553991528,0.1892708701551695,0.01381206439134831,0.03259652164988447,0.3800575019305278,1.6857182645923432,0.026638347674060415,0.010946695264981567,0.009904566682647487,0.009905082105739524
fog/s5,6016.0,0.08899634331464767,0.170993834733963,0.09789954604441208,0.1859477728058592,0.009246092691729034,0.02414519217884828,0.35152100875703723,1.6251637988135257,0.020156662492552838,0.007327953028624023,0.00663032976276402,0.006630674798057036
fog/s5,6144.0,0.09112196415662766,0.16696935892105103,0.09666725842845127,0.18249715209953044,0.009030442215124394,0.027010417904848847,0.34557672635032677,1.5943784807999668,0.024340410428899006,0.010587307399326826,0.010120303394908145,0.010120534368947273
fog/s5,6272.0,0.08928953856229782,0.1630769670009613,0.09532585481642336,0.17896620935433605,0.006045172061364262,0.02892846157266741,0.33290685749582916,1.557260001399677,0.02197581194000677,0.007087371068970849,0.006774748553616195,0.006774903172601067
fog/s5,6400.0,0.0944150760769844,0.15623173117637634,0.0951602586819799,0.1748326678674343,0.0063711482394256625,0.024014094110628593,0.33314861775586835,1.5030512141506815,0.017035460885459076,0.004744438484187097,0.004535162254900097,0.004535265760170962
fog/s5,6528.0,0.08944515883922577,0.15648731589317322,0.09412114961966096,0.17149714932665955,0.0042649835321775095,0.016075550602982776,0.31499382136061305,1.4583713206320397,0.011403903567951942,0.0031760290679268993,0.003035935063197585,0.003036004351849982
fog/s5,6656.0,0.08777280151844025,0.15349653363227844,0.0929669045103481,0.16822431010949934,0.0028550716207138695,0.010761318998690948,0.298335212198282,1.4080207520331074,0.007634018090943035,0.002126102103322965,0.0020323201662727636,0.002032366549585525
fog/s5,6784.0,0.09013570100069046,0.16407467424869537,0.09245214023586489,0.16746983086208045,0.0019112462915522592,0.015726585445404683,0.2885485845321315,1.385110488330378,0.010792193928647817,0.004264167523712068,0.004201387879901602,0.004201418929887831
fog/s5,6912.0,0.08884824812412262,0.1474197804927826,0.09179688712463902,0.16382436715857174,0.0012794293356672146,0.010527714223783298,0.28111482073668415,1.334980994991686,0.007224526514218786,0.0028545253671130367,0.002812499324562229,0.0028125201100902006
fog/s5,7040.0,0.08786250650882721,0.1504906266927719,0.09108154519449141,0.1614000507102445,0.0008564774891656559,0.009888387207656587,0.2698449357148788,1.311822314507954,0.007677162377286955,0.0019108806176541815,0.00188274748173174,0.001882761396010795
fog/s5,7168.0,0.09147335588932037,0.13977478444576263,0.09115278350264214,0.15746818411670233,0.0005733444348960175,0.006619498874546971,0.26853939699366336,1.2486377078904152,0.005139257459175563,0.0012791845457023857,0.001260351620002239,0.001260360934519623
fog/s5,7296.0,0.08907971531152725,0.1372750997543335,0.09077586201334852,0.15379671423263527,0.00038380908451716864,0.006755614949076898,0.2561446718429079,1.217190546936641,0.0034403293734976905,0.0008563136215032497,0.0008437064563651351,0.0008437126917032186
fog/s5,7424.0,0.09040706604719162,0.13774755597114563,0.09070880820131999,0.15087868545781896,0.0002569300483131459,0.007363262899795278,0.2532184076838081,1.1862360279659827,0.0023030304070521725,0.0005732347383616795,0.0005647952311204622,0.0005647994051897579
fog/s5,7552.0,0.0956539511680603,0.1465345323085785,0.09160792510436369,0.15008883943068432,0.00017199449515177532,0.004929126403995185,0.25030086877517066,1.1837980212857673,0.0015416980410845119,0.0003837356512999672,0.00037808606380791265,0.00037808885801958995
fog/s5,7680.0,0.08805280923843384,0.1365002691745758,0.09096154040146735,0.14761819029321005,0.00011513681080408097,0.00614057222085628,0.2470807777824107,1.1725554502612288,0.0010320457960978963,0.0002568808905396474,0.00025309893527637126,0.00025310080578170896
fog/s5,7808.0,0.08913867920637131,0.13634610176086426,0.09063011109326807,0.14556871965096535,7.707505516636824e-05,0.0064350111561104015,0.2281021933134843,1.1317091820367116,0.0006908736320985916,0.0001719615878819127,0.00016942986576352122,0.00016943111791998698
fog/s5,7936.0,0.08765210211277008,0.1333799958229065,0.09008865491499571,0.14335258804586373,0.002892504788995668,0.0071486438317763835,0.20686045862959465,1.1056611779766987,0.003303394745454429,0.0029560238728796274,0.0029543290836929357,0.0029543299219133797
fog/s5,8064.0,0.09083686769008636,0.13284140825271606,0.09022469360137582,0.14144146444710962,0.001936304858749166,0.0071098359535031975,0.2032456323131597,1.081769645147132,0.002211363424643047,0.001978825898373965,0.0019776913700754357,0.0019776919311982125
fog/s5,8192.0,0.09051921218633652,0.13658256828784943,0.09027824243500503,0.14055802878178958,0.004137113169906466,0.007600386051518669,0.2069797212054568,1.0624008311264868,0.00432124328426518,0.004165577667506538,0.004164818189885209,0.0041648185655128525
fog/s5,8320.0,0.0899517685174942,0.1302381455898285,0.09021888354091215,0.1386816863832512,0.00509385261787127,0.007412241902256298,0.19970144354261743,1.0132113281426725,0.005217113272937847,0.005112907364198591,0.005112398953559519,0.005112399205012735
fog/s5,8448.0,0.08851425349712372,0.1340201199054718,0.08990895080567787,0.13783412884183677,0.0034099343970873785,0.004961914000683968,0.18582446149554632,1.0064406344602994,0.003492447728165004,0.0034226900537197174,0.003422349712713397,0.003422349881041583
fog/s5,8576.0,0.08813869953155518,0.12963201105594635,0.08958708693765556,0.1363428346989476,0.0022826833567279143,0.0033216118516975314,0.17797370312438107,0.9815404539053677,0.0023379195535650024,0.0022912222673660914,0.002290994435783348,0.002290994548465853
fog/s5,8704.0,0.09018956869840622,0.12891939282417297,0.08969662907597385,0.1349931179944431,0.0015280772883881075,0.005064467437913223,0.18902721534615058,0.9642379524493907,0.004405962676353431,0.001533793418650028,0.0015336409032929849,0.0015336409787250747
fog/s5,8832.0,0.09127077460289001,0.12700799107551575,0.08998283735359497,0.1335412767364563,0.00618821702776394,0.006231172417115462,0.1819639820013221,0.9389873854852577,0.005790355180038247,0.006192043528187209,0.006191941431130015,0.006191941481625876
fog/s5,8960.0,0.08795983344316483,0.13149306178092957,0.08961501846078948,0.13316887401726962,0.004142525448337844,0.004171280708978119,0.16804121444578,0.9289409735934182,0.0038761881783727103,0.004145086989943503,0.004145018643979596,0.004145018677782611
fog/s5,9088.0,0.08848649263381958,0.12852561473846436,0.08940983194679496,0.13232464505748684,0.0027730955480608703,0.002792344937415104,0.16569369311391463,0.9097282160330376,0.002594803656596607,0.0027748102990530887,0.002774764546796258,0.0027747645694247225
fog/s5,9216.0,0.09091132879257202,0.13006818294525146,0.08968283137329988,0.1319143792188986,0.004697278837958103,0.0018692557019059782,0.1651351425844768,0.8921924244845976,0.0017370173238373979,0.001857517638209092,0.001857487010665263,0.0018574870258132436
fog/s5,9344.0,0.08880579471588135,0.12185446918010712,0.08952337016286015,0.13008530466639104,0.0031444593873934407,0.0012513199326808612,0.1750505864436842,0.8693478218536161,0.004003705811825035,0.0040843713115284,0.004084350808792448,0.004084350818932833
fog/s5,9472.0,0.08881282061338425,0.1237524151802063,0.0893941793356827,0.12893387021435743,0.0021049686808170963,0.0008376604508028905,0.17023321467740538,0.8359233195603281,0.0026801667004779156,0.0027341659192876063,0.0027341521943156054,0.0027341522011037965
fog/s5,9600.0,0.08823882788419724,0.12657058238983154,0.0891841154354126,0.12850418151898907,0.0014091112656709486,0.0005607479050829266,0.18358392161495093,0.8449582410389492,0.0017941611796587697,0.0018303094170437693,0.0018303002292525952,0.001830300233796756
fog/s5,9728.0,0.08801045268774033,0.12141558527946472,0.08897072220856309,0.12721534583907554,0.0009432893596640232,0.00037537669679104995,0.17857950515586932,0.8335959510330975,0.0012010500458872755,0.0012252484527317791,0.0012252423022269436,0.0012252423052689025
fog/s5,9856.0,0.08791451901197433,0.12305538356304169,0.08877868526372877,0.12645898906161485,0.00063145816638666,0.0002512852267774797,0.16237352747809974,0.8178560780611037,0.0008040087084038785,0.0008202076419113561,0.0008202035246312597,0.0008202035266676122
fog/s5,9984.0,0.08915088325738907,0.12548020482063293,0.08884635762621246,0.1262810282905272,0.005071471995680326,0.004816976060900627,0.16888782268602157,0.8129864144729503,0.005186981036204249,0.005197824950370411,0.005197822194174645,0.005197822195537822
fog/s5,10112.0,0.08781658113002777,0.11700177937746048,0.08865912553599706,0.12459389212451506,0.0033949523276868288,0.003224587280437609,0.15342072561694559,0.7833495687526786,0.003472276561425984,0.0034795357105785393,0.0034795338655218694,0.0034795338664344094
fog/s5,10240.0,0.08846104890108109,0.11867249757051468,0.08862311160237596,0.12351727493287863,0.002272654037542422,0.002158608014177242,0.15484249831070118,0.7561619727060388,0.0023244165411198735,0.002329275971544311,0.0023292747364237303,0.002329274737034604
fog/s5,10368.0,0.08791129291057587,0.12103275954723358,0.08849369002204865,0.12306554486276135,0.001521363446619307,0.0014450185880029469,0.1442497997004137,0.7380025990310288,0.001556014378766196,0.001559267385909828,0.0015592665590935713,0.0015592665595025033
fog/s5,10496.0,0.0945562794804573,0.12288440763950348,0.08959597901448658,0.123032610822169,0.0033428135469104454,0.000967326492795361,0.14491889292049834,0.7277964925041385,0.0033660096254550568,0.003368187258336331,0.003368186704847762,0.00336818670512151
fog/s5,10624.0,0.08859732747077942,0.11607001721858978,0.08941440600653983,0.12176668471242731,0.002237751217353273,0.0006475491398051589,0.15095484174955667,0.7043295318733213,0.00225327917075917,0.0022547369250020067,0.0022547365544848654,0.002254736554668118
fog/s5,10752.0,0.09333676844835281,0.11400460451841354,0.09012756281414218,0.1203553974044248,0.004338907839715828,0.0004334833084646104,0.14550398013736027,0.6931909716842711,0.004349302585384237,0.004350278437398037,0.004350278189365901,0.004350278189488575
fog/s5,10880.0,0.08896372467279434,0.11251135915517807,0.08991595587935167,0.11892920863183448,0.0029045581406362147,0.0002901830412035821,0.1419362524292491,0.680253565585785,0.002911516606744819,0.002912169863051578,0.0029121696970135368,0.0029121696970956573
fog/s5,11008.0,0.09005951136350632,0.1138358935713768,0.08994205687647068,0.1180031513481149,0.0019443736313349866,0.0001942547631197533,0.15758489645419976,0.6819529983489144,0.0019490317780688458,0.0019494690818775023,0.00194946897072807,0.0019494689707830431
fog/s5,11136.0,0.08796417713165283,0.1200118362903595,0.08958244237741289,0.11836836679215937,0.0013016054887449082,0.00013003831250165302,0.14366464109368027,0.665213567741123,0.0013047237522609628,0.0013050164928270882,0.0013050164184212698,0.00130501641845807
fog/s5,11264.0,0.0887424647808075,0.10964468866586685,0.08942971917803008,0.11678224349646982,0.0008713226825482443,8.705044060028011e-05,0.1395758779238488,0.6504587007366919,0.0008734101151499006,0.000873606081975158,0.0008736060321663044,0.0008736060321909393
fog/s5,11392.0,0.08797895163297653,0.11090824007987976,0.08916594326074762,0.11571424287527161,0.0005832821263339486,5.827343544316271e-05,0.13453609174330441,0.6370592559804826,0.000584679498571421,0.0005848106829751057,0.0005848106496319888,0.0005848106496484799
fog/s5,11520.0,0.0915914997458458,0.11120368540287018,0.08960695353076546,0.11489414151665316,0.00039046158870289116,3.9009489842117184e-05,0.15279683064273172,0.625482117899731,0.00039139701970483545,0.0003914848373635004,0.00039148481504290155,0.00039148481505394105
fog/s5,11648.0,0.08839995414018631,0.1133258193731308,0.08938749909611471,0.11460899203601273,0.0002613833775614395,2.6113790720756127e-05,0.14180303554716722,0.6223557528816183,0.00026200957517431134,0.00026206836220201264,0.00026206834726012415,0.00026206834726751424
fog/s5,11776.0,0.08818742632865906,0.11156772077083588,0.08916930404748641,0.11405603362416239,0.0024993558147312113,0.002341861297920506,0.13245406375112154,0.6038150336574621,0.0024997750048687535,0.0024998143581682892,0.002499814348165868,0.002499814348170815
fog/s5,11904.0,0.08796504884958267,0.11239556968212128,0.08895034855695846,0.11375413108924581,0.0016731224875473395,0.0015676922738145534,0.12313608428567757,0.6100278919103714,0.0016734031024328018,0.001673429446377119,0.0016734294396812833,0.0016734294396845949
fog/s5,12032.0,0.08812544494867325,0.10710500180721283,0.08880036608272479,0.11254519849251254,0.0011200241445564834,0.0010494468940411472,0.11980336072516662,0.6054067239273684,0.001120211994190553,0.0011202296293929472,0.0011202296249106108,0.0011202296249128278
fog/s5,12160.0,0.08793842047452927,0.11155591160058975,0.08864364869941652,0.11236532814852658,0.000749768229000621,0.0007025223009696934,0.1183652354140789,0.5952164641045972,0.0007498939795821057,0.0007499057849655265,0.0007499057819649542,0.0007499057819664383
fog/s5,12288.0,0.0881672129034996,0.11490479111671448,0.0885570240092498,0.11282704868819711,0.0005019109632152916,0.00047028352378962945,0.1139851629172775,0.5856229717022944,0.0005019951433566162,0.0005020030461339474,0.0005020030441252998,0.0005020030441262933
fog/s5,12416.0,0.08857814967632294,0.10461761057376862,0.08856086503962672,0.11133442357648282,0.0003359899836399886,0.0003148178960905783,0.10883469196081492,0.5681091962548886,0.00033604633563542066,0.00033605162592437795,0.0003360516245797461,0.0003360516245804112
fog/s5,12544.0,0.0912754163146019,0.1091187447309494,0.08905441981689492,0.11093157287729491,0.005906737096486273,0.00589256404614328,0.11255443143496065,0.5484219688371819,0.005906774819722885,0.0059067783611559885,0.005906778360255863,0.005906778360256309
fog/s5,12672.0,0.08792705088853836,0.10361596196889877,0.08884944364810282,0.10960146180304106,0.003954096734011472,0.003944608989566988,0.1144913718933229,0.5340029554211699,0.003954121986756641,0.003954124357468058,0.0039541243568654945,0.003954124356865793
fog/s5,12800.0,0.089131198823452,0.10555300861597061,0.08890067186180266,0.10886537940539188,0.0026469573178093324,0.0026406060178093054,0.1107493447309876,0.5346125970925607,0.0026469742225395695,0.0026469758095447322,0.0026469758091413635,0.0026469758091415634
fog/s5,12928.0,0.08901205658912659,0.11053456366062164,0.08892092363040699,0.1091688674517973,0.0017719301053103792,0.0017676784086161465,0.11018177963053367,0.5266160730671152,0.001771941421700042,0.001771942484075399,0.0017719424838053754,0.0017719424838055092
fog/s5,13056.0,0.08805377036333084,0.10094884037971497,0.0887632594000295,0.10767431707505504,0.0011861680870259561,0.0011833219099000648,0.1095438815375965,0.5023169311415168,0.0011861756624603585,0.0011861763736372504,0.001186176373456491,0.0011861763734565805
fog/s5,13184.0,0.08832813054323196,0.10234810411930084,0.08868414506242994,0.10670591471946336,0.0007940464053644829,0.0036330502041479773,0.10533758755302045,0.4974256413986301,0.0007940514765230498,0.0007940519526001428,0.0007940519524791385,0.0007940519524791984
fog/s5,13312.0,0.08932051807641983,0.10453683137893677,0.08879984924679173,0.1063115359302767,0.0005315517259051497,0.0024320418721982323,0.10723255769426701,0.4924374576463936,0.0005315551206476613,0.0005315554393438972,0.0005315554392628942,0.0005315554392629345
fog/s5,13440.0,0.0889936089515686,0.10588186979293823,0.08883507828402387,0.10623341481439696,0.0003558321470935299,0.0016280610880004694,0.10055534561123904,0.4794915914867417,0.00035583441960711205,0.0003558346329492204,0.0003558346328949953,0.0003558346328950222
fog/s5,13568.0,0.08928695321083069,0.1059480756521225,0.08891723736162511,0.10618153496671069,0.00023820168524442908,0.0010898590754383306,0.10002800884583131,0.48132593279293884,0.00023820320651385182,0.00023820334932964337,0.00023820334929334393,0.00023820334929336193
fog/s5,13696.0,0.0882217064499855,0.10429546236991882,0.08879077719587246,0.10583861267638489,0.0001594573264859401,0.0007295750835578906,0.10002044500741594,0.47322444305457256,0.00015945834485638012,0.00015945844046033974,0.00015945844043604011,0.00015945844043605218
fog/s5,13824.0,0.08914481848478317,0.10060998797416687,0.08885514833931077,0.10488795363961798,0.00010674416070546401,0.0004883932377536292,0.10555034601725262,0.46983362254333266,0.0001067448424245189,0.00010674490642386378,0.00010674490640759708,0.00010674490640760516
fog/s5,13952.0,0.08811850845813751,0.10436180233955383,0.08872121381546108,0.10479228976687903,7.145683485241805e-05,0.00032694092775242947,0.09979569925478723,0.4662599079506598,7.14572912098019e-05,7.145733405233854e-05,7.145733404144928e-05,7.145733404145468e-05
fog/s5,14080.0,0.0880894884467125,0.1008683294057846,0.0886063546575068,0.10407884242849821,4.783474068632943e-05,0.00021886128221443625,0.1009755678579615,0.44304072227068936,4.7835046181768206e-05,4.7835074861482815e-05,4.783507485419331e-05,4.783507485419693e-05
fog/s5,14208.0,0.0882546678185463,0.10007568448781967,0.08854241159587761,0.10335099553019303,3.202160326936102e-05,0.00014651044511875482,0.09613666304218367,0.4261309211120332,3.2021807774572096e-05,3.2021826973389314e-05,3.2021826968509564e-05,3.202182696851199e-05
fog/s5,14336.0,0.08815965801477432,0.10138054192066193,0.08847282003567701,0.10299273123755101,2.1435949296018526e-05,9.807724012081934e-05,0.09133872339134991,0.4249603763739032,2.1436086196201153e-05,2.1436099048301932e-05,2.1436099045035326e-05,2.143609904503695e-05
fog/s5,14464.0,0.08820821344852448,0.1039184033870697,0.08842470974710381,0.10316103526473622,1.4349685065929756e-05,6.56550119817055e-05,0.0915749739573885,0.42560175238323994,1.4349776709853661e-05,1.4349785313326086e-05,1.4349785311139347e-05,1.4349785311140435e-05
fog/s5,14592.0,0.0879845842719078,0.10193709284067154,0.08834468693343181,0.10293850027854264,0.0023339861528127296,0.002368331041078662,0.08847208916179208,0.43420949943138676,0.0023339862141611416,0.002333986219920491,0.002333986219919027,0.002333986219919028
fog/s5,14720.0,0.08872688561677933,0.10219162702560425,0.08841417760313135,0.10280270514164475,0.0015624204824614138,0.0015854116886559637,0.08757544787310875,0.42372292844628123,0.001562420523529359,0.0015624205273847911,0.0015624205273838112,0.0015624205273838119
fog/s5,14848.0,0.0880969762802124,0.10217445343732834,0.08835650463532789,0.10268847755904176,0.003886826934540285,0.006743126832901927,0.09071188728000248,0.4191845821301602,0.0038868269620320503,0.0038868269646129593,0.0038868269646123036,0.0038868269646123036
fog/s5,14976.0,0.08823747932910919,0.10127460211515427,0.08833486367056084,0.10243140929651676,0.002601925468576554,0.004513993995578975,0.08727888741266854,0.40581491640760003,0.002601925486980132,0.0026019254887078482,0.0026019254887074093,0.0026019254887074093
fog/s5,15104.0,0.08809647709131241,0.10120561718940735,0.08829152065615203,0.10220853800431505,0.001741784817807445,0.0030217645755528672,0.08267721506944556,0.41272682847857084,0.0017417848301271956,0.001741784831283766,0.001741784831283472,0.001741784831283472
fog/s5,15232.0,0.08802696317434311,0.10177344083786011,0.08824341929582313,0.10212942942859596,0.0040068972747306034,0.0048637432282626625,0.09234876838862499,0.4138733366209489,0.0040068972829777096,0.004006897283751943,0.004006897283751746,0.004006897283751746
fog/s5,15360.0,0.08852853626012802,0.09799876809120178,0.08829525874387857,0.10137840009452428,0.0026823031343237917,0.0032558942271840963,0.08886534345139382,0.40134950392283675,0.002682303139844582,0.0026823031403628702,0.0026823031403627384,0.0026823031403627384
fog/s5,15488.0,0.08802448958158493,0.09866586327552795,0.08824602798709791,0.1008852115819795,0.0017955913543820422,0.002179565557040593,0.08630732454143072,0.3828774413901461,0.001795591358077778,0.001795591358424731,0.0017955913584246429,0.0017955913584246429
fog/s5,15616.0,0.08828146755695343,0.10129226744174957,0.08825247154525345,0.10095922173830132,0.001202007435578061,0.0014590480175230413,0.08601327042112095,0.3749645211450894,0.0012020074380520661,0.0012020074382843237,0.001202007438284265,0.001202007438284265
fog/s5,15744.0,0.08835911005735397,0.09855595231056213,0.08827186036563536,0.10052226366053055,0.0008046496056349002,0.0009767180943749283,0.08222553555356871,0.36380691954449496,0.0008046496072910524,0.0008046496074465306,0.0008046496074464913,0.0008046496074464913
fog/s5,15872.0,0.08807951211929321,0.09984353184700012,0.0882368879572095,0.10039885787625229,0.0028630299012927843,0.0029782162449947867,0.08567876681637666,0.3583535290901827,0.0028630299024014483,0.0028630299025055287,0.002863029902505502,0.002863029902505502
fog/s5,16000.0,0.08901380002498627,0.0991470143198967,0.08837814469680527,0.1001712499569149,0.0019165737355761612,0.0019936819491287415,0.08647982043513122,0.36049822761725325,0.0019165737363183246,0.0019165737363879983,0.0019165737363879805,0.0019165737363879805
fog/s5,16128.0,0.08833775669336319,0.09681583195924759,0.08837080142345216,0.09956117395733902,0.0012829956411708184,0.0013346135361936202,0.08471200007722113,0.35006241868374643,0.0012829956416676386,0.0012829956417142797,0.0012829956417142678,0.0012829956417142678
fog/s5,16256.0,0.08809871226549149,0.09713651239871979,0.0883213306674593,0.09912032640122642,0.0008588648507011263,0.0008934189787742414,0.08057791148340011,0.3369552329310265,0.0008588648510337084,0.000858864851064931,0.000858864851064923,0.000858864851064923
fog/s5,16384.0,0.08875645697116852,0.09579823911190033,0.08840044454086098,0.09851631053043985,0.000574942586006539,0.0005980738618240789,0.08028394037468206,0.3368756686076378,0.0005749425862291766,0.0005749425862500777,0.0005749425862500723,0.0005749425862500723
fog/s5,16512.0,0.08834979683160782,0.09764592349529266,0.08839123586645131,0.09835805834223127,0.0003848789212109889,0.00040036349427892876,0.07745469268135301,0.3363965633720186,0.00038487892136002724,0.0003848789213740189,0.0003848789213740153,0.0003848789213740153
fog/s5,16640.0,0.08897033333778381,0.09841170161962509,0.0884965263157845,0.09836781166539377,0.0002576462199842157,0.0025923920912115143,0.07782692695236548,0.3410177438876617,0.002582026385373241,0.0025820263853826076,0.002582026385382605,0.002582026385382605
fog/s5,16768.0,0.09134701639413834,0.09738034009933472,0.08901479723912156,0.09818827138065575,0.0001724739158572022,0.0017354029701498563,0.09281222832192107,0.334343464055295,0.0017284639439275411,0.0017284639439338115,0.0017284639439338095,0.0017284639439338095
fog/s5,16896.0,0.08817579597234726,0.09620239585638046,0.08886225155425351,0.09782720310351478,0.00011545774532589568,0.001161716037868912,0.08694514599558398,0.32574462727384995,0.0011570709046126513,0.001157070904616849,0.0011570709046168476,0.0011570709046168476
fog/s5,17024.0,0.08825679868459702,0.09466327726840973,0.08875216921431596,0.09725194386076841,7.72898956313847e-05,0.0007776776782428252,0.07933631055664189,0.3102001482699738,0.0007745681262283037,0.0007745681262311136,0.0007745681262311127,0.0007745681262311127
fog/s5,17152.0,0.08803882449865341,0.09549438953399658,0.08862247017510458,0.09693238852862807,5.1739516910265785e-05,0.000520594148245197,0.0779662364657264,0.3119753570356386,0.0005185125473098561,0.0005185125473117371,0.0005185125473117365,0.0005185125473117365
fog/s5,17280.0,0.08809498697519302,0.09602400660514832,0.08852656413875702,0.09676722817890447,3.463554437794651e-05,0.00034849690915587564,0.07445595183465993,0.3091981879368234,0.00034710344076114327,0.0003471034407624025,0.000347103440762402,0.000347103440762402
fog/s5,17408.0,0.08939741551876068,0.09633597731590271,0.08868490075330313,0.09668881893108595,2.3185777641435267e-05,0.00023329131935228035,0.0747603918154725,0.30887239661679733,0.00023235850166655042,0.00023235850166739336,0.00023235850166739307,0.00023235850166739307
fog/s5,17536.0,0.08806994557380676,0.09588166326284409,0.08857309072066741,0.09654206335504198,0.00285643014866906,0.0029970793129548323,0.07179660150845087,0.3037573808838966,0.0029964548647519883,0.0029964548647525525,0.0029964548647525525,0.0029964548647525525
fog/s5,17664.0,0.08803899586200714,0.09355782717466354,0.08847598256454736,0.09599947495860953,0.0019121557193569737,0.0020063092921433173,0.07202645122385698,0.2938725339703105,0.002005891273098438,0.002005891273098816,0.002005891273098816,0.002005891273098816
fog/s5,17792.0,0.09334679692983627,0.09670510143041611,0.08936158517641807,0.09612777068075617,0.004120947217090205,0.0013430665509389147,0.07432948002223394,0.300461616048077,0.001342786720008045,0.001342786720008298,0.001342786720008298,0.001342786720008298
fog/s5,17920.0,0.08809759467840195,0.09513969719409943,0.08913176872223331,0.09594812095590949,0.0027586506163992277,0.0008990776084797691,0.07118837870918866,0.29214011687087615,0.0008988902836417489,0.0008988902836419184,0.0008988902836419184,0.0008988902836419184
fog/s5,18048.0,0.08837392181158066,0.09431298822164536,0.08899397837484191,0.09565082409513417,0.0018466999994077474,0.0006018618701393494,0.07047914242439161,0.2840718145624875,0.0006017364708676169,0.0006017364708677304,0.0006017364708677304,0.0006017364708677304
fog/s5,18176.0,0.08828696608543396,0.09485413879156113,0.08886543068585864,0.09550597222175725,0.001236220660760558,0.00040289926844039087,0.06924581834198587,0.27910661036641665,0.00040281532347336333,0.0004028153234734393,0.0004028153234734393,0.0004028153234734393
fog/s5,18304.0,0.08816398680210114,0.09517665207386017,0.08873789543426637,0.09544609583123051,0.0008275526737322741,0.00026970942763365004,0.06687338843081655,0.2749800982656371,0.00026965323306894567,0.00026965323306899646,0.00026965323306899646,0.00026965323306899646
fog/s5,18432.0,0.0882534310221672,0.094386026263237,0.08864981099570288,0.09525335590977714,0.002878361707209208,0.0025049294515564102,0.06679577897442891,0.2668873772880308,0.0025048918337073106,0.002504891833707345,0.002504891833707345,0.002504891833707345
fog/s5,18560.0,0.0881039947271347,0.09311177581548691,0.08855057167414503,0.09486397771081528,0.0019268371759003785,0.0016768535998022249,0.06492279600561278,0.2627922815188976,0.00167682841760572,0.001676828417605743,0.001676828417605743,0.001676828417605743
fog/s5,18688.0,0.08835653215646744,0.09416989982128143,0.08851529176184,0.09473778173090003,0.0012898662086605838,0.0011225218312725636,0.06562206655234261,0.26302557419361333,0.0011225049737691182,0.0011225049737691335,0.0011225049737691335,0.0011225049737691335
fog/s5,18816.0,0.08861183375120163,0.09417964518070221,0.08853284485081483,0.09463630235813678,0.0008634641562108039,0.0007514402341576664,0.06954836506888748,0.26823140994250894,0.0007514289493826327,0.000751428949382643,0.000751428949382643,0.000751428949382643
fog/s5,18944.0,0.08810143917798996,0.09369594603776932,0.08845440745575575,0.09446532848170633,0.0005780214599427695,0.0005030302393948013,0.06628632201873269,0.26493621587250427,0.000503022685123911,0.000503022685123918,0.000503022685123918,0.000503022685123918
fog/s5,19072.0,0.08815621584653854,0.09567795693874359,0.08840019079953444,0.09468580638298582,0.002711320150870779,0.002661119416454371,0.06344152369068702,0.2648131535630414,0.002661114359463114,0.0026611143594631186,0.0026611143594631186,0.0026611143594631186
fog/s5,19200.0,0.08816596865653992,0.09705021977424622,0.08835760495535362,0.09511569972685134,0.0018150159687647363,0.0017814105184529258,0.05993362779831572,0.2702731581928481,0.0017814071331943154,0.0017814071331943187,0.0017814071331943187,0.0017814071331943187
fog/s5,19328.0,0.0881941094994545,0.09312041848897934,0.0883278785088265,0.09475292131996552,0.0035393908551235006,0.00351689464458419,0.06368418676208451,0.2608510070961813,0.0035168923784193347,0.003516892378419337,0.003516892378419337,0.003516892378419337
fog/s5,19456.0,0.0884769931435585,0.095039963722229,0.08835499026059594,0.09480511084764978,0.00236934429144631,0.0023542848447216476,0.06778427868561233,0.26174081203340666,0.002354283327702199,0.0023542833277022004,0.0023542833277022004,0.0023542833277022004
fog/s5,19584.0,0.08858030289411545,0.0956188440322876,0.08839595619396312,0.09495306233576574,0.001586089980224389,0.0015760088629954829,0.06871596386508008,0.2558066858730478,0.001576007847470067,0.0015760078474700678,0.0015760078474700678,0.0015760078474700678
fog/s5,19712.0,0.08821868896484375,0.09471137076616287,0.08836372578866868,0.09490911841401975,0.0010617627140345081,0.0010550141975424305,0.06657538294123427,0.2544819847483467,0.001055013517727896,0.0010550135177278964,0.0010550135177278964,0.0010550135177278964
fog/s5,19840.0,0.08813439309597015,0.09432275593280792,0.08832202893545077,0.09480250705379942,0.0007107667755107037,0.0007062491735614617,0.062480369429899645,0.249025065211604,0.0007062487184790046,0.000706248718479005,0.000706248718479005,0.000706248718479005
fog/s5,19968.0,0.08826988935470581,0.09376810491085052,0.08831254901167895,0.09461443393689961,0.00047580255220138005,0.00047277837238411896,0.059463012414778096,0.24654720020983947,0.0004727780677421435,0.0004727780677421438,0.0004727780677421438,0.0004727780677421438
fog/s5,20096.0,0.08825543522834778,0.0926416665315628,0.08830216468743693,0.0942557489541111,0.00031851245230009735,0.00031648800134804653,0.05936464941539376,0.23721534762568386,0.00031648779741416216,0.0003164877974141623,0.0003164877974141623,0.0003164877974141623
fog/s5,20224.0,0.08814872056245804,0.09296172112226486,0.08827426575562258,0.09402047116650268,0.00021321907963890813,0.00021186386867100634,0.05715341396889072,0.233891976114209,0.00021186373215328205,0.0002118637321532822,0.0002118637321532822,0.0002118637321532822
fog/s5,20352.0,0.09063190221786499,0.09385612607002258,0.08870292693057574,0.09399059023986993,0.004791493764055798,0.004790586556713649,0.06421796946721295,0.23368807347290227,0.0047905864653257505,0.004790586465325751,0.004790586465325751,0.004790586465325751
fog/s5,20480.0,0.0947183221578598,0.09422342479228973,0.08979663515371829,0.09403292379485535,0.005531909048665451,0.0032069215792876484,0.06903405491550095,0.23387978791578687,0.003206921518110626,0.003206921518110626,0.003206921518110626,0.003206921518110626
fog/s5,20608.0,0.08817926794290543,0.09481822699308395,0.08950256838811595,0.09417570619453328,0.003703178784643814,0.00214678221423388,0.0641390256667585,0.2422449243027735,0.002146782173280667,0.002146782173280667,0.002146782173280667,0.002146782173280667
fog/s5,20736.0,0.08891782909631729,0.0928812101483345,0.08939625215324346,0.09394034327704259,0.0024789874508772632,0.0014371021434127623,0.07063986006300353,0.23655614380719922,0.0014371021159978016,0.0014371021159978016,0.0014371021159978016,0.0014371021159978016
fog/s5,20864.0,0.08824050426483154,0.09421030431985855,0.0891861161735322,0.09398942710300912,0.0016594874671161841,0.0009620270546812706,0.068554072552195,0.23586458420123732,0.0009620270363291067,0.0009620270363291067,0.0009620270363291067,0.0009620270363291067
fog/s5,20992.0,0.0883244052529335,0.0924234613776207,0.08902944146069607,0.0937047060620294,0.0011108965688959578,0.0006440015820593629,0.06254241368687626,0.225831630381396,0.00064400156977403,0.00064400156977403,0.00064400156977403,0.00064400156977403
fog/s5,21120.0,0.08828487247228622,0.09341734647750854,0.08889406528098519,0.09365245886484377,0.0007436580337237403,0.0004311084970810611,0.05887093038867939,0.22458834216900517,0.00043110848885699523,0.00043110848885699523,0.00043110848885699523,0.00043110848885699523
fog/s5,21248.0,0.08816362172365189,0.09264247119426727,0.08876125736147003,0.09346882474292076,0.0033387297581125865,0.0031295023823435203,0.055651948304412224,0.21484311471288656,0.0031295023768381537,0.0031295023768381537,0.0031295023768381537,0.0031295023768381537
fog/s5,21376.0,0.09276171028614044,0.09210830926895142,0.08948861243868284,0.09322145829310814,0.005075926532290244,0.0020949561402464887,0.06337586801871808,0.21039460743445054,0.004935865227470169,0.004935865227470169,0.002094956136561078,0.004935865227470169
fog/s5,21504.0,0.0881526991724968,0.09384579211473465,0.08924571911755809,0.09333497353340386,0.006238843381119914,0.0042433177467765745,0.06106677302000914,0.20754751794949128,0.0061450833340916,0.0061450833340916,0.004243317744309482,0.0061450833340916
fog/s5,21632.0,0.08820296823978424,0.09226367622613907,0.08905612804887192,0.09314019220481026,0.00417641581711333,0.0028405680784206818,0.05561276642337954,0.2080820661690126,0.00411365082695388,0.00411365082695388,0.002840568076769157,0.00411365082695388
fog/s5,21760.0,0.08813828974962234,0.09194118529558182,0.08888924835809926,0.0929221909485869,0.005636691580051072,0.004742446399603927,0.054468059141305585,0.20343345273494184,0.005594675346969126,0.005594675346969126,0.004742446398498361,0.005594675346969126
fog/s5,21888.0,0.08812223374843597,0.091632179915905,0.0887497911563423,0.09268764348809928,0.0037733224626788162,0.0031746955237018024,0.054157245003226925,0.20168642969710407,0.0037451958934256123,0.0037451958934256123,0.0031746955229617125,0.0037451958934256123
fog/s5,22016.0,0.08815354853868484,0.09156935662031174,0.0886413834076773,0.092484318603047,0.004850323301462678,0.004449589565453272,0.05263984977366941,0.19566618111462014,0.004831494771632021,0.004831494771632021,0.00444958956495784,0.004831494771632021
fog/s5,22144.0,0.0886419415473938,0.09125547111034393,0.08864148488762574,0.09226089178619189,0.003246910639822123,0.002978650866129876,0.0561426488297501,0.19032588012004847,0.003234306417373501,0.003234306417373501,0.0029786508657982233,0.003234306417373501
fog/s5,22272.0,0.0885055810213089,0.09177259355783463,0.08861677509374995,0.09217211029012692,0.0021735517506247266,0.0019939728938555366,0.06218503226895865,0.18626342036226406,0.002165114213283087,0.002165114213283087,0.001993972893633521,0.002165114213283087
fog/s5,22400.0,0.08820886164903641,0.09299634397029877,0.08854260901289293,0.09232197095924907,0.0014550222462859739,0.0013348083008454417,0.057228581132379656,0.18691432650504855,0.001449373977487025,0.001449373977487025,0.0013348083006968197,0.001449373977487025
fog/s5,22528.0,0.0883227214217186,0.09323729574680328,0.08850262945086124,0.09248839364789528,0.0009740231566046601,0.0008935493584171964,0.059858725031322724,0.19145057066947355,0.0009702420841028843,0.0009702420841028843,0.0008935493583177057,0.0009702420841028843
fog/s5,22656.0,0.0938747301697731,0.09340221434831619,0.08947937503611793,0.09265454286615363,0.00349294112136345,0.000598161140758619,0.05990942974284845,0.1974758891394546,0.0034904099901845757,0.0034904099901845757,0.0034390702316011088,0.0034904099901845757
fog/s5,22784.0,0.08818165212869644,0.09206825494766235,0.08924342541658674,0.09254794506279157,0.0023382498415738793,0.0004004219206731251,0.05564025372111109,0.20150400065078194,0.0023365554479747985,0.0023365554479747985,0.0023021875104106593,0.0023365554479747985
fog/s5,22912.0,0.08815521001815796,0.09323205798864365,0.08904556807141786,0.09267232923112831,0.0015652746873345803,0.0002680510378059763,0.05445360630153853,0.20012439215792457,0.0015641404238508978,0.0015641404238508978,0.0015411337879608544,0.0015641404238508978
fog/s5,23040.0,0.08827044069766998,0.09166073799133301,0.08890463582164553,0.09248840355116553,0.0010478285097033138,0.00017943912448168658,0.05289756290276666,0.19011360282852566,0.001047069209354733,0.001047069209354733,0.0010316680729324727,0.001047069209354733
fog/s5,23168.0,0.08817528933286667,0.09225492924451828,0.08877202736914028,0.09244595367722966,0.0007014389197187472,0.00012012040564476539,0.05042655762766883,0.1845832350404712,0.0007009306277498625,0.0007009306277498625,0.0006906207760952915,0.0007009306277498625
fog/s5,23296.0,0.08819685876369476,0.09408418834209442,0.08866745125905927,0.09274381452538688,0.00046955828510097947,8.041118063823137e-05,0.047081853341427546,0.1813610546571524,0.00046921802353503187,0.00046921802353503187,0.00046231638730345954,0.00046921802353503187
fog/s5,23424.0,0.08822137862443924,0.0909925177693367,0.0885863471436738,0.09242539693337776,0.0003143324057287548,5.3828972162782974e-05,0.04511980233524732,0.1736198866296598,0.00031410462732510397,0.00031410462732510397,0.0003094845237320679,0.00031410462732510397
fog/s5,23552.0,0.08824186027050018,0.09206442534923553,0.08852371316673315,0.09235976573626098,0.0002104208666448689,3.6034270621367107e-05,0.04422343589654423,0.17414297694528716,0.00021026838688705305,0.00021026838688705305,0.00020717559026692148,0.00021026838688705305
fog/s5,23680.0,0.09100019931793213,0.0909523144364357,0.08897398337604205,0.0921038654999291,0.00014086024957218494,2.4122115044055663e-05,0.04641889653431314,0.17054277188847988,0.00014075817634587846,0.00014075817634587846,0.0001386877918315755,0.00014075817634587846
fog/s5,23808.0,0.08820241689682007,0.09134461730718613,0.08883369856163806,0.09196582037397583,9.429487781278495e-05,1.6147862136929823e-05,0.045748945427661905,0.1691164692660758,9.42265478017864e-05,9.42265478017864e-05,9.284058792031086e-05,9.42265478017864e-05
fog/s5,23936.0,0.08816719800233841,0.09093965590000153,0.0887125166417654,0.0917792450150714,6.312301737880644e-05,1.0809725893316656e-05,0.04951253278500767,0.16354796844907019,6.307727580119584e-05,6.307727580119584e-05,6.214948447557999e-05,6.307727580119584e-05
fog/s5,24064.0,0.09205314517021179,0.09163419157266617,0.08931990364693747,0.0917528716619068,0.005724074086013912,0.002848145353697179,0.05020641586580235,0.16456434132418854,0.0028831343747098915,0.0028831343747098915,0.0028825132912605124,0.0028831343747098915
fog/s5,24192.0,0.08819717913866043,0.09293783456087112,0.08911577191815982,0.09196831946171849,0.003831818189810966,0.0019066096995824088,0.04532881201489791,0.16853235872510275,0.0019300321020785222,0.0019300321020785222,0.001929616335471913,0.0019300321020785222
fog/s5,24320.0,0.08830815553665161,0.09030402451753616,0.08896893257606742,0.09166572038095806,0.0025651014328486625,0.0012763255013733478,0.04403112139632107,0.16085961959133618,0.0012920049608955396,0.0012920049608955396,0.0012917266377952474,0.0012920049608955396
fog/s5,24448.0,0.08817026019096375,0.09138336032629013,0.08882371941513947,0.09161438218920025,0.0017171340170309228,0.0008543997157953815,0.04429371230634398,0.15971701192880264,0.0008648958829135429,0.0008648958829135429,0.000864709567449711,0.0008648958829135429
fog/s5,24576.0,0.08833333849906921,0.09131017327308655,0.08873455924858124,0.09155907147717957,0.0011494864080950804,0.0005719535287555858,0.045316770664540526,0.15990147558536016,0.0005789798885619584,0.0005789798885619584,0.0005788551649869966,0.0005789798885619584
fog/s5,24704.0,0.0882403701543808,0.09214428812265396,0.08864470668599934,0.09166547450362945,0.0007694909012867893,0.0003828779820595243,0.04517308745195956,0.1647620369401645,0.0003875815782935423,0.0003875815782935423,0.0003874980856524522,0.0003875815782935423
fog/s5,24832.0,0.08904966711997986,0.09123839437961578,0.08871833585581398,0.0915878235719906,0.0005151137438366109,0.00025630674832083855,0.04832440998487316,0.1644313566300271,0.0002594554367089002,0.0002594554367089002,0.00025939954494089775,0.0002594554367089002
fog/s5,24960.0,0.08824639022350311,0.09109443426132202,0.08863252755903019,0.09149811642459632,0.00034482820868401217,0.00017157724474370183,0.0511297532918486,0.16146622456585805,0.0001736850444084373,0.0001736850444084373,0.00017364762925795632,0.0001736850444084373
fog/s5,25088.0,0.08824604004621506,0.0919562578201294,0.0885622571021547,0.09158141486014779,0.00023083541242483455,0.00011485749441520534,0.04749743073455974,0.16285181899007609,0.0001162685008023423,0.0001162685008023423,0.00011624345429664843,0.0001162685008023423
fog/s5,25216.0,0.08877342194318771,0.09062325954437256,0.08860065070961524,0.09140720480273411,0.00015452618517695533,7.688807477381514e-05,0.05033367812888609,0.15797690522490554,7.783263276851013e-05,7.783263276851013e-05,7.781586609940926e-05,7.783263276851013e-05
fog/s5,25344.0,0.09167581796646118,0.09202259033918381,0.08915977202904178,0.0915190930820886,0.00010344314875482132,5.147052939404153e-05,0.05271459318806643,0.16049929917329164,5.210283681197785e-05,5.210283681197785e-05,5.209161284340619e-05,5.210283681197785e-05
fog/s5,25472.0,0.08821235597133636,0.09083127975463867,0.08898751456400443,0.09139403611346134,6.924706652182252e-05,3.445547835468895e-05,0.05254123497488766,0.15813867499828033,3.487875852702649e-05,3.487875852702649e-05,3.4871244961288435e-05,3.487875852702649e-05
fog/s5,25600.0,0.09204360097646713,0.09131027013063431,0.08954316663899764,0.0913788059347655,0.0023707356395724598,2.3065237576279376e-05,0.051602434210302424,0.1589125007540706,2.3348590418918557e-05,2.3348590418918557e-05,2.3343560676564983e-05,2.3348590418918557e-05
fog/s5,25728.0,0.08886610716581345,0.09190772473812103,0.08942006491660051,0.09147497298992105,0.0015870213785567704,1.5440365650236605e-05,0.05523314541264737,0.1660783403522454,1.5630048131672748e-05,1.5630048131672748e-05,1.5626681114064162e-05,1.5630048131672748e-05
fog/s5,25856.0,0.08839699625968933,0.09058620780706406,0.08923405243352575,0.09131337932031068,0.001062386212091722,1.033611254272037e-05,0.053461924336537306,0.15646548990863515,1.046309007161564e-05,1.046309007161564e-05,1.0460836117679314e-05,1.046309007161564e-05
fog/s5,25984.0,0.08821609616279602,0.09383498877286911,0.08904896947521124,0.09177185376623039,0.0007111841585076816,6.919215834383056e-06,0.048687928935687984,0.1578957132959082,7.00421732066832e-06,7.00421732066832e-06,7.002708475471275e-06,7.00421732066832e-06
fog/s5,26112.0,0.08848731964826584,0.0903165265917778,0.08894685132485752,0.09150724882542081,0.0004760819573481174,4.6318717569010534e-06,0.04712936118520078,0.15120910218067476,4.688773578298627e-06,4.688773578298627e-06,4.6877635249022574e-06,4.688773578298627e-06
fog/s5,26240.0,0.08828543871641159,0.09166939556598663,0.08882659448695826,0.09153673005097823,0.00031869949210907027,3.10067448189244e-06,0.045517589879053924,0.14948419241104802,3.1387657838197415e-06,3.1387657838197415e-06,3.138089632372585e-06,3.1387657838197415e-06
fog/s5,26368.0,0.08825042098760605,0.09039049595594406,0.08872183566889422,0.09132832385188111,0.00021334428810607182,2.0756581242420465e-06,0.04327831782497868,0.14216693859352691,2.101157260242967e-06,2.101157260242967e-06,2.1007046299353664e-06,2.101157260242967e-06
fog/s5,26496.0,0.08827328681945801,0.0905013158917427,0.08864028133263308,0.09117795876821957,0.00014281725071563483,1.3894901492859979e-06,0.040456928971666785,0.13768026300906605,1.406559818840333e-06,1.406559818840333e-06,1.4062568183864849e-06,1.406559818840333e-06
fog/s5,26624.0,0.08823937922716141,0.0908011645078659,0.08856739004072914,0.09110945072088253,9.560493642947455e-05,9.30154562745172e-07,0.04038715480546282,0.1344934260680817,9.415813663311318e-07,9.415813663311318e-07,9.413785313165725e-07,9.415813663311318e-07
fog/s5,26752.0,0.08824338018894196,0.09070509672164917,0.088508479158586,0.09103593181193101,6.399999876683833e-05,6.226654510938753e-07,0.03789064708870881,0.13456961021820535,6.303147989489394e-07,6.303147989489394e-07,6.30179016831755e-07,6.303147989489394e-07
fog/s5,26880.0,0.08821623027324677,0.09081245213747025,0.08845534299761523,0.09099529914384723,4.2842974381106644e-05,4.168256325504454e-07,0.03704849776775883,0.13664810437358,4.2194627037077757e-07,4.2194627037077757e-07,4.218553749039021e-07,4.2194627037077757e-07
fog/s5,27008.0,0.08818994462490082,0.09053078293800354,0.0884070887480308,0.09091084165187566,2.8680007643550723e-05,2.7903203501310805e-07,0.039604398330647994,0.1365089831807169,2.8245990000027254e-07,2.8245990000027254e-07,2.8239905262162037e-07,2.8245990000027254e-07
fog/s5,27136.0,0.08820103108882904,0.09009669721126556,0.08836962371908502,0.09076281538994654,1.9199013381219903e-05,1.8679003996745247e-07,0.03933955916087931,0.13381554983756935,1.890847264464634e-07,1.890847264464634e-07,1.8904399390372932e-07,1.890847264464634e-07
fog/s5,27264.0,0.08823578804731369,0.09004596620798111,0.08834528996058114,0.09063247917504373,1.2852232098171999e-05,1.2504126642449294e-07,0.03754103087311683,0.13108120087083555,1.2657737886085566e-07,1.2657737886085566e-07,1.2655011162150472e-07,1.2657737886085566e-07
fog/s5,27392.0,0.0882386788725853,0.09076102823019028,0.08832590612640007,0.09065585173052491,8.603560330181255e-06,8.370531058168534e-08,0.03591103818027289,0.13238291689408765,8.473361725396121e-08,8.473361725396121e-08,8.471536397803207e-08,8.473361725396121e-08
fog/s5,27520.0,0.08832219988107681,0.09051558375358582,0.08832523226361401,0.09063034846199053,5.759408154914724e-06,5.603413352988853e-08,0.036670586253054624,0.13264686416339022,5.672250411215584e-08,5.672250411215584e-08,5.671028497702972e-08,5.672250411215584e-08
fog/s5,27648.0,0.08823501318693161,0.09056346118450165,0.0883088287951263,0.09061818713881073,3.855471574777624e-06,3.7510453024140246e-08,0.035901315909054834,0.13265037213235867,3.797126308334398e-08,3.797126308334398e-08,3.796308333173063e-08,3.797126308334398e-08
fog/s5,27776.0,0.08822181075811386,0.09087678790092468,0.0882930073338513,0.09066520545919507,0.002843490026426091,0.002840934201212355,0.034937212741535745,0.13372053839221568,0.0028409345096885104,0.0028409345096885104,0.002840934504212809,0.0028409345096885104
fog/s5,27904.0,0.08821544796228409,0.09043662250041962,0.08827890562992999,0.0906236449212359,0.0019034933234753169,0.0019017823991586836,0.03521269797925047,0.13136314624382547,0.0019017826056592507,0.0019017826056592507,0.0019017826019936985,0.0019017826056592507
fog/s5,28032.0,0.08826988935470581,0.09090276062488556,0.08827726630716196,0.09067439323099037,0.001274239332243807,0.0012730940027425896,0.03850130126505476,0.13898270716191918,0.0012730941409785064,0.0012730941409785064,0.0012730941385247071,0.0012730941409785064
fog/s5,28160.0,0.08823923021554947,0.0901976153254509,0.0882703506541415,0.09058770633907409,0.0008530031893532921,0.0008522364811747912,0.039946973425296045,0.13556294759637139,0.0008522365737128844,0.0008522365737128844,0.0008522365720702584,0.0008522365737128844
fog/s5,28288.0,0.08842319250106812,0.09609731286764145,0.08829814008085543,0.09158945298063179,0.000571018663947245,0.0034114145039269264,0.03854010174732493,0.14163669100334883,0.0005705054749648233,0.0005705054749648233,0.0005705054738652142,0.0005705054749648233
fog/s5,28416.0,0.08823876082897186,0.09013421088457108,0.08828734385324023,0.09132486350862075,0.00038225216346881685,0.0022836741720502563,0.036194869331990724,0.13460260964009566,0.0003819086237367825,0.0003819086237367825,0.00038190862300068053,0.0003819086237367825
fog/s5,28544.0,0.08886513859033585,0.09057413786649704,0.08839239744180306,0.09118836793732552,0.00025588781190887737,0.00152874056145513,0.038257550311897065,0.13068138988734324,0.0002556578390304081,0.0002556578390304081,0.00025565783853764563,0.0002556578390304081
fog/s5,28672.0,0.08824026584625244,0.09101564437150955,0.08836473715170295,0.0911569636526317,0.00017129679970759556,0.0010233717808088058,0.03715358803947046,0.12751280267915152,0.00017114285092118225,0.00017114285092118225,0.00017114285059131648,0.00017114285092118225
fog/s5,28800.0,0.08828970044851303,0.0902562290430069,0.08835109411475933,0.090993193723609,0.0024390499237712,0.0030094472251695308,0.03586322900863236,0.1258863202049682,0.0024389468671455845,0.0024389468671455845,0.0024389468669247655,0.0024389468671455845
fog/s5,28928.0,0.08825406432151794,0.09041858464479446,0.08833345233416999,0.09088871934564272,0.0016327524283096461,0.002014588638336628,0.03373137393020331,0.13027398365954582,0.0016326834399900193,0.0016326834399900193,0.0016326834398421983,0.0016326834399900193
fog/s5,29056.0,0.08834931254386902,0.0899510309100151,0.08833633600866071,0.09071823053916497,0.001092999559446953,0.0013486089231840234,0.04348149545119172,0.12776095699966955,0.0010929533771834013,0.0010929533771834013,0.0010929533770844466,0.0010929533771834013
fog/s5,29184.0,0.08827389776706696,0.09003537893295288,0.08832498360109821,0.09059407570167187,0.0007316773910347371,0.0009027877915529412,0.0389192870573074,0.12472904353002064,0.0007316464756351693,0.0007316464756351693,0.0007316464755689269,0.0007316464756351693
fog/s5,29312.0,0.08824647217988968,0.08985940366983414,0.08831070879724211,0.09046049896861047,0.0004898005675521793,0.000604345546411473,0.03603673387787682,0.11995800159041607,0.0004897798721194107,0.0004897798721194107,0.0004897798720750668,0.0004897798721194107
fog/s5,29440.0,0.0882529616355896,0.09006278216838837,0.08830020931330529,0.09038818682311553,0.00032788302455972324,0.0004045618947052009,0.03382711255328528,0.11727281448884003,0.00032786917059233274,0.00032786917059233274,0.00032786917056264794,0.00032786917059233274
fog/s5,29568.0,0.08825264126062393,0.09001287072896957,0.08829156057645413,0.0903199475332708,0.00021949194206064116,0.0002708224253811675,0.032114606229226975,0.11532288605427105,0.0002194826679171814,0.0002194826679171814,0.00021948266789730973,0.0002194826679171814
fog/s5,29696.0,0.08823192119598389,0.08995427191257477,0.08828071705273226,0.0902534610567806,0.000146932622371173,0.0001812943508749964,0.03341944621489935,0.11379328825510598,0.0001469264140602619,0.0001469264140602619,0.0001469264140469594,0.0001469264140602619
fog/s5,29824.0,0.08825680613517761,0.08996662497520447,0.08827636961317686,0.09020130904194858,9.835985464516537e-05,0.00012136233405681575,0.03288486393649108,0.11510906199231632,9.835569866843977e-05,9.835569866843977e-05,9.835569865953478e-05,9.835569866843977e-05
fog/s5,29952.0,0.08826420456171036,0.08978843688964844,0.08827415778563749,0.090126241377894,6.584420021701151e-05,8.124255420332293e-05,0.03411259271726273,0.11248198401573323,6.584141811688943e-05,6.584141811688943e-05,6.584141811092823e-05,6.584141811688943e-05
fog/s5,30080.0,0.08826269954442978,0.09019148349761963,0.08827207446905426,0.09013810358148047,4.407752245932175e-05,5.438551149148063e-05,0.03480922975364847,0.1131994819824266,4.407566006171936e-05,4.407566006171936e-05,4.407566005772881e-05,4.407566006171936e-05
fog/s5,30208.0,0.08821946382522583,0.0898805484175682,0.08826250889744909,0.09009127536986006,0.0028704155315636783,0.0028773159209157847,0.035066001314770855,0.1116314461334134,0.002870414284834705,0.002870414284834705,0.0028704142848320333,0.002870414284834705
fog/s5,30336.0,0.08855565637350082,0.09036683291196823,0.0883158084385494,0.09014137674115245,0.001921517835178991,0.0019261371040841199,0.03870328528991896,0.11350419482809646,0.001921517000591827,0.001921517000591827,0.0019215170005900384,0.001921517000591827
fog/s5,30464.0,0.08825910836458206,0.08994390815496445,0.08830549933419171,0.09010547336184555,0.0012863053276818037,0.0012893975655439147,0.03505542282831867,0.11174033120471663,0.0012863047689912227,0.0012863047689912227,0.0012863047689900254,0.0012863047689912227
fog/s5,30592.0,0.08825241029262543,0.08925405889749527,0.08829584678117966,0.08995067073196367,0.0008610804259688106,0.0008631504364384882,0.033012615451746094,0.10963040182668253,0.0008610800519693308,0.0008610800519693308,0.0008610800519685293,0.0008610800519693308
fog/s5,30720.0,0.0884433314204216,0.08953133970499039,0.08832266217013274,0.08987442872705943,0.0005764257396981293,0.0005778114491860953,0.037787938323823586,0.10617616573673477,0.0005764254893348412,0.0005764254893348412,0.0005764254893343046,0.0005764254893348412
fog/s5,30848.0,0.08823741972446442,0.08992844074964523,0.0883071635436476,0.0898842490948023,0.00038587177616155764,0.00038679939986837784,0.04568738880961924,0.10663620341709666,0.0003858716085629928,0.0003858716085629928,0.00038587160856263364,0.0003858716085629928
fog/s5,30976.0,0.08824596554040909,0.08987657725811005,0.08829603663396786,0.0898828542154037,0.0002583108584221997,0.0002589318296639554,0.040257981368250165,0.10449119051134984,0.0002583107462281191,0.0002583107462281191,0.0002583107462278787,0.0002583107462281191
fog/s5,31104.0,0.08872199803590775,0.09018897265195847,0.0883734841615933,0.08993851211295911,0.00017291883910907578,0.00017333453060149075,0.03732411811187631,0.10537320222134994,0.0001729187640039475,0.0001729187640039475,0.00017291876400378652,0.0001729187640039475
fog/s5,31232.0,0.0882592722773552,0.08979573845863342,0.0883527183644591,0.08991255326671807,0.00011575558651103418,0.00011603385932827066,0.033320380047761375,0.10689046506872879,0.00011575553623404747,0.00011575553623404747,0.00011575553623393972,0.00011575553623404747
fog/s5,31360.0,0.08825836330652237,0.0900009498000145,0.08833556289937969,0.08992862536368106,7.748927692060964e-05,7.767555872388365e-05,0.03147932537298262,0.10907337319982935,7.748924326411441e-05,7.748924326411441e-05,7.748924326404228e-05,7.748924326411441e-05
fog/s5,31488.0,0.08829507976770401,0.08975565433502197,0.0883282023299841,0.08989717608574305,5.1872987029499014e-05,5.1997688071360126e-05,0.03273984746581345,0.10612383898811595,5.1872964499117896e-05,5.1872964499117896e-05,5.1872964499069615e-05,5.1872964499117896e-05
fog/s5,31616.0,0.08826779574155807,0.08972738683223724,0.08831721931390665,0.08986630531237835,3.472489214371421e-05,3.480836970066256e-05,0.030968277710292653,0.10297003727101109,3.472487706139297e-05,3.472487706139297e-05,3.4724877061360646e-05,3.472487706139297e-05
fog/s5,31744.0,0.08825250715017319,0.09021816402673721,0.08830545346595511,0.08993027962407996,2.324558895570951e-05,2.3301470626063364e-05,0.029852620138008136,0.10268903399436338,2.3245578859279586e-05,2.3245578859279586e-05,2.324557885925795e-05,2.3245578859279586e-05
fog/s5,31872.0,0.08824494481086731,0.09028926491737366,0.08829445189230278,0.08999554967740608,1.5561096738946032e-05,1.5598505129844066e-05,0.03023350225446948,0.10666077796414714,1.5561089980178896e-05,1.5561089980178896e-05,1.556108998016441e-05,1.5561089980178896e-05
fog/s5,32000.0,0.08823885023593903,0.09186755120754242,0.08828434250023663,0.09033591359197632,1.0416932527724202e-05,1.044197450840801e-05,0.031245574204161852,0.11088525498269779,1.041692800326025e-05,1.041692800326025e-05,1.0416928003250555e-05,1.041692800326025e-05
fog/s5,32128.0,0.0882478579878807,0.08946219831705093,0.08827770895253555,0.0901770562692626,6.973318468972399e-06,6.990082108934287e-06,0.03036721336193684,0.10468948899657447,6.9733154401990094e-06,6.9733154401990094e-06,6.97331544019252e-06,6.9733154401990094e-06
fog/s5,32256.0,0.08828475326299667,0.08946017175912857,0.08827898973625574,0.0900467136310564,4.66808922303111e-06,4.679311163832042e-06,0.03364987363706706,0.10166813667443045,4.668087195505121e-06,4.668087195505121e-06,4.668087195500777e-06,4.668087195505121e-06
fog/s5,32384.0,0.088284932076931,0.08973966538906097,0.08828007016183306,0.08999088667796631,3.1249192319464445e-06,3.1324314402512016e-06,0.031543207442673846,0.10007995154427089,3.1249178746769815e-06,3.1249178746769815e-06,3.1249178746740737e-06,3.1249178746769815e-06
fog/s5,32512.0,0.08824770897626877,0.08936485648155212,0.08827418630991227,0.089877063005891,2.091888080889768e-06,2.0969169145483246e-06,0.030629265227092334,0.09819549179793835,2.0918871723044252e-06,2.0918871723044252e-06,2.0918871723024787e-06,2.0918871723044252e-06
fog/s5,32640.0,0.08825580775737762,0.08986060321331024,0.08827084475490596,0.08987407031633085,1.4003548310088529e-06,1.4037212403174732e-06,0.029482409851626708,0.10093182365546513,1.400354222782301e-06,1.400354222782301e-06,1.400354222780998e-06,1.400354222782301e-06
fog/s5,32768.0,0.08830576390028,0.0896778553724289,0.08827719369042851,0.08983839487198503,9.374276141464221e-07,9.396811608736803e-07,0.029261087636456413,0.09991897484786917,9.37427206986499e-07,9.37427206986499e-07,9.374272069856265e-07,9.37427206986499e-07
fog/s5,32896.0,0.08861923962831497,0.09546007961034775,0.0883393838609533,0.09086051936986915,6.275341879823155e-07,0.002325009208049841,0.03154602698004563,0.1013086974400246,0.002325007699204677,0.002325007699204677,0.002325007699204676,0.002325007699204677
fog/s5,33024.0,0.08826164156198502,0.0889391377568245,0.08832524889750451,0.09051117725840649,4.200848696410541e-07,0.0015564111227441082,0.029277387333049416,0.09635178516720204,0.001556410112690734,0.001556410112690734,0.0015564101126907333,0.001556410112690734
fog/s5,33152.0,0.0882442519068718,0.09437490999698639,0.08831052217193491,0.09121367411996646,2.8121383835475515e-07,0.003882804140018783,0.029716155910728854,0.09803499128729613,0.0010418943729582598,0.0010418943729582598,0.0010418943729582594,0.0010418943729582598
fog/s5,33280.0,0.08829188346862793,0.09079239517450333,0.08830713331678818,0.09113707794806405,0.002841097341495097,0.005440141614392739,0.030049293520885038,0.10002095821238347,0.0035383755719803228,0.0035383755719803228,0.0035383755719803223,0.0035383755719803228
fog/s5,33408.0,0.08825603872537613,0.0900258794426918,0.0882978433910769,0.09093504185617819,0.0019018916087694445,0.003641747692279436,0.029899712606072618,0.10427748940549932,0.0023686646390942653,0.0023686646390942653,0.002368664639094265,0.0023686646390942653
fog/s5,33536.0,0.08826464414596558,0.08948251605033875,0.08829180716469301,0.09067094625511647,0.0012731671100026857,0.0024378641576416056,0.029079908982352902,0.09922300442151571,0.0015856350063358303,0.0015856350063358303,0.0015856350063358298,0.0015856350063358303
fog/s5,33664.0,0.08844219148159027,0.08949354290962219,0.08831914976776523,0.09045687291957205,0.0008522854207455994,0.0016319586509832232,0.028894897700508397,0.09623160180732565,0.0010614581447372085,0.0010614581447372085,0.0010614581447372083,0.0010614581447372085
fog/s5,33792.0,0.08833692222833633,0.09021136909723282,0.0883223811242327,0.09041223586096492,0.0005705381742181284,0.0010924681878482733,0.0285509595159489,0.10103024329693204,0.0007105628902786271,0.0007105628902786271,0.000710562890278627,0.0007105628902786271
fog/s5,33920.0,0.08836204558610916,0.08955331891775131,0.08832959284457387,0.09025606914401699,0.00038193051331957353,0.0007313216794686787,0.02794504245047369,0.09833429734585682,0.000475666067046023,0.000475666067046023,0.0004756660670460229,0.000475666067046023
fog/s5,34048.0,0.08829666674137115,0.089649498462677,0.0883236062803552,0.09014578356559153,0.0002556724923874831,0.0004895624465864708,0.026759974789758393,0.09743771806194416,0.00031842108620436243,0.00031842108620436243,0.0003184210862043624,0.00031842108620436243
fog/s5,34176.0,0.08826874941587448,0.08922604471445084,0.08831363230499506,0.08997855831992957,0.00017115266019327376,0.0003277236212686292,0.025945860241508096,0.09460241060131808,0.00021315791721118475,0.00021315791721118475,0.0002131579172111847,0.00021315791721118475
fog/s5,34304.0,0.08914298564195633,0.08968827873468399,0.08846442382080619,0.08992578021352127,0.0029554823593029352,0.003060294324981479,0.03344476364135992,0.09514686242071028,0.0029836015809430244,0.0029836015809430244,0.0029836015809430244,0.0029836015809430244
fog/s5,34432.0,0.08827786147594452,0.08948062360286713,0.08843050339446769,0.08984484264794779,0.0019784633975498986,0.0020486267795330557,0.03022010260159486,0.0908875689363271,0.001997287008730454,0.001997287008730454,0.001997287008730454,0.001997287008730454
fog/s5,34560.0,0.08826488256454468,0.08953661471605301,0.08840039051629986,0.0897888012057851,0.0013244259107565435,0.0013713947862989875,0.028701136729204272,0.08956825496073184,0.001337026840555097,0.001337026840555097,0.001337026840555097,0.001337026840555097
fog/s5,34688.0,0.08824443072080612,0.08943042159080505,0.08837203418984645,0.08972364127578872,0.003210979328688264,0.003242421303224942,0.029325765758488238,0.08977527905483916,0.003219414661859197,0.003219414661859197,0.003219414661859197,0.003219414661859197
fog/s5,34816.0,0.08826941251754761,0.08912388980388641,0.08835337570397392,0.08961459555362465,0.0021494985588739616,0.0021705464922414895,0.029921922451523926,0.08799082624578689,0.002155145352153677,0.002155145352153677,0.002155145352153677,0.002155145352153677
fog/s5,34944.0,0.09300388395786285,0.08929185569286346,0.08919892265922644,0.0895559155789408,0.0037633006881718253,0.001453010461748435,0.03032400950762939,0.08834940056341091,0.0014427006076400647,0.0014427006076400647,0.0014427006076400647,0.0014427006076400647
fog/s5,35072.0,0.08841697126626968,0.08955873548984528,0.08905674967868885,0.08955642829001434,0.002519234344974527,0.0009726764248068035,0.0310952864437752,0.0872026811771906,0.0009657747869326052,0.0009657747869326052,0.0009657747869326052,0.0009657747869326052
fog/s5,35200.0,0.08827555179595947,0.08953025192022324,0.08891471370001078,0.08955166895005232,0.0016864296028341872,0.0006511304992508353,0.029161761647992956,0.08784604818810988,0.0006465103945581901,0.0006465103945581901,0.0006465103945581901,0.0006465103945581901
fog/s5,35328.0,0.08835680037736893,0.08930760622024536,0.0888132749140759,0.08950729390826923,0.0011289322134675137,0.0004358807474323773,0.027501293531784536,0.08534980270540643,0.00043278795007614375,0.00043278795007614375,0.00043278795007614375,0.00043278795007614375
fog/s5,35456.0,0.08828441053628922,0.08937973529100418,0.08871711775447831,0.08948410143240285,0.0007557314817427156,0.0002917879383638228,0.02601753002397005,0.0833126691349405,0.0002897175533567573,0.0002897175533567573,0.0002897175533567573,0.0002897175533567573
fog/s5,35584.0,0.08830692619085312,0.08919782936573029,0.08864253747018282,0.0894320519657351,0.0028302830580261154,0.002519709281053468,0.025513439336536874,0.08344248899974499,0.0025183233208421266,0.0025183233208421266,0.0025183233208421266,0.0025183233208421266
fog/s5,35712.0,0.0882742702960968,0.08957920223474503,0.08857557980216718,0.08945880656010054,0.0018946522950422755,0.0016867475352506684,0.025188994263474627,0.08378728169234036,0.001685819743704233,0.001685819743704233,0.001685819743704233,0.001685819743704233
fog/s5,35840.0,0.08828606456518173,0.08979335427284241,0.08852294066816982,0.0895196334169627,0.0012683209578382172,0.0011291450442587117,0.026269954315673735,0.08390538033051156,0.0011285239606615113,0.0011285239606615113,0.0011285239606615113,0.0011285239606615113
fog/s5,35968.0,0.08978530764579773,0.08906547725200653,0.08875246193682942,0.08943705956878886,0.000849041302354509,0.0007558739552475672,0.02913401218706883,0.08089154741426079,0.0007554581885420033,0.0007554581885420033,0.0007554581885420033,0.0007554581885420033
fog/s5,36096.0,0.08827119320631027,0.08942156285047531,0.08866495853128048,0.08943424198364093,0.0005683664916588035,0.0005059982675624209,0.02759566048976605,0.08097825060058568,0.0005057199443958864,0.0005057199443958864,0.0005057199443958864,0.0005057199443958864
fog/s5,36224.0,0.08828983455896378,0.0893050879240036,0.08859675417267743,0.08941075942734322,0.000380476742350108,0.0003387261129963313,0.025435020678623223,0.07993996339488649,0.0003385397974881553,0.0003385397974881553,0.0003385397974881553,0.0003385397974881553
fog/s5,36352.0,0.08827545493841171,0.08923492580652237,0.08853833613008366,0.08937878967810306,0.00025469930686246897,0.00022675053845208948,0.02529268389500271,0.07920523648693364,0.00022662581484744277,0.00022662581484744277,0.00022662581484744277,0.00022662581484744277
fog/s5,36480.0,0.08827244490385056,0.08901680260896683,0.08848999227076855,0.08931297384735101,0.0001705011888914048,0.00015179168276544832,0.02519298831048126,0.07813818998113235,0.00015170819010448645,0.00015170819010448645,0.00015170819010448645,0.00015170819010448645
fog/s5,36608.0,0.08827763050794601,0.0893920511007309,0.08845138104116446,0.08932735152978372,0.00011413715950581643,0.00010161261408265547,0.024231528685213097,0.07822108038898437,0.0001015567223013504,0.0001015567223013504,0.0001015567223013504,0.0001015567223013504
fog/s5,36736.0,0.08828452974557877,0.08907438814640045,0.08842104444196705,0.08928135818735039,7.640586710719942e-05,6.802166727847184e-05,0.023880736444470953,0.0767407793528717,6.79842521190858e-05,6.79842521190858e-05,6.79842521190858e-05,6.79842521190858e-05
fog/s5,36864.0,0.08971506357192993,0.0913872942328453,0.08865632064741485,0.08966425565016764,5.114772922052192e-05,4.553516569881172e-05,0.026841528699666436,0.07837843088479522,4.55101191871566e-05,4.55101191871566e-05,4.55101191871566e-05,4.55101191871566e-05
fog/s5,36992.0,0.08827726542949677,0.08906234055757523,0.0885874015168843,0.08955481654242356,3.423938898233285e-05,3.048221836036156e-05,0.02540064839214566,0.07710591194566503,3.046545168727012e-05,3.046545168727012e-05,3.046545168727012e-05,3.046545168727012e-05
fog/s5,37120.0,0.08830755949020386,0.08971737325191498,0.08853652114839694,0.08958437230778563,2.292058270718149e-05,2.040545196024203e-05,0.024023096865032092,0.0776336615276443,2.0394227988999002e-05,2.0394227988999002e-05,2.0394227988999002e-05,2.0394227988999002e-05
fog/s5,37248.0,0.08831220120191574,0.0896020457148552,0.08849573570358217,0.08958758565452554,1.5343530572576036e-05,1.3659848006443011e-05,0.02384723423930183,0.0791531399133454,1.3652334438916686e-05,1.3652334438916686e-05,1.3652334438916686e-05,1.3652334438916686e-05
fog/s5,37376.0,0.08827313035726547,0.08915764093399048,0.08845526200425186,0.08950941388715553,1.027128906098065e-05,9.144195772908131e-06,0.024118310871530345,0.07768287619665523,9.13916602935745e-06,9.13916602935745e-06,9.13916602935745e-06,9.13916602935745e-06
fog/s5,37504.0,0.08828254789113998,0.0890922024846077,0.0884238594382315,0.08943355726851046,6.875821602805227e-06,6.121321137236021e-06,0.024121476627229577,0.07587981303844371,6.11795411882606e-06,6.11795411882606e-06,6.11795411882606e-06,6.11795411882606e-06
fog/s5,37632.0,0.08829431235790253,0.08931775391101837,0.08840030542362623,0.08941250211260279,4.602822725844821e-06,4.097743901786096e-06,0.023258039767945375,0.07508909103014867,4.0954899473133125e-06,4.0954899473133125e-06,4.0954899473133125e-06,4.0954899473133125e-06
fog/s5,37760.0,0.08831192553043365,0.08911518007516861,0.08838423635213667,0.08935844356034203,3.0812284363093424e-06,2.7431178185510226e-06,0.02326329946434013,0.07390830357014334,2.7416089729948615e-06,2.7416089729948615e-06,2.7416089729948615e-06,2.7416089729948615e-06
fog/s5,37888.0,0.08828568458557129,0.08937383443117142,0.08836631784912478,0.08936124190049283,0.0023264428058127357,0.002326216467300022,0.02263018157554038,0.07611778608943762,0.002326215457246385,0.002326215457246385,0.002326215457246385,0.002326215457246385
fog/s5,38016.0,0.0882447212934494,0.09064749628305435,0.08834420938445653,0.08959510633368584,0.00155737080389117,0.001557219288027287,0.03447787679048459,0.08915497011971252,0.0015572186118756788,0.0015572186118756788,0.0015572186118756788,0.0015572186118756788
fog/s5,38144.0,0.08829023689031601,0.08892978727817535,0.0883343962037037,0.08947413923268394,0.0010425374802907831,0.001042436052315787,0.03145192310557044,0.0821505052171113,0.0010424355996853716,0.0010424355996853716,0.0010424355996853716,0.0010424355996853716
fog/s5,38272.0,0.08827760815620422,0.08912652730941772,0.08832407110415834,0.08941093706481734,0.000697896990938458,0.0006978290928725515,0.02892588790150774,0.07703663035043253,0.0006978287898720255,0.0006978287898720255,0.0006978287898720255,0.0006978287898720255
fog/s5,38400.0,0.08829998970031738,0.08916264772415161,0.08831969266709634,0.08936579354833266,0.00046718724186789327,0.00046714178944360876,0.027133159112608114,0.07857040244262588,0.00046714158660854594,0.00046714158660854594,0.00046714158660854594,0.00046714158660854594
fog/s5,38528.0,0.08828292787075043,0.08923031389713287,0.08831300815866981,0.08934116088447815,0.0003127451784404905,0.00031271475161101075,0.02558601730951699,0.07655891401803976,0.0003127146158288613,0.0003127146158288613,0.0003127146158288613,0.0003127146158288613
fog/s5,38656.0,0.08846832811832428,0.0895729511976242,0.08834124815133425,0.08938330457777743,0.0002093583425923944,0.00020933797421894107,0.025084541790988787,0.07619279951285357,0.00020933788332345258,0.00020933788332345258,0.00020933788332345258,0.00020933788332345258
fog/s5,38784.0,0.08829887211322784,0.08931300044059753,0.08833354341713306,0.08937052200738108,0.002981058064049454,0.002981044429022597,0.023464616158759347,0.07781859442262558,0.002981044368175204,0.002981044368175204,0.002981044368175204,0.002981044368175204
fog/s5,38912.0,0.08830618113279343,0.08921414613723755,0.08832856845634404,0.08934209003099133,0.001995584323867816,0.001995575196287854,0.022740946513493326,0.07697968887545233,0.0019955751555553016,0.0019955751555553016,0.0019955751555553016,0.0019955751555553016
fog/s5,39040.0,0.09281367808580399,0.0891786739230156,0.08914404293442765,0.08931237801135938,0.0013358870267214304,0.0013358809165232737,0.03089405110197977,0.0856285410715416,0.0013358808892560282,0.0013358808892560282,0.0013358808892560282,0.0013358808892560282
fog/s5,39168.0,0.08837064355611801,0.08926992863416672,0.08900342486564407,0.08930465994277889,0.0008942714806978169,0.0008942673903998773,0.027540175146154703,0.08055327986640974,0.0008942673721465972,0.0008942673721465972,0.0008942673721465972,0.0008942673721465972
fog/s5,39296.0,0.08829040825366974,0.08906189352273941,0.08887378548164873,0.08926052059368081,0.0029230247102191996,0.002923021972085868,0.02572592078062837,0.07642925368951557,0.00292302195986673,0.00292302195986673,0.00292302195986673,0.00292302195986673
fog/s5,39424.0,0.0883241519331932,0.08939681947231293,0.08877385210920227,0.08928530220797755,0.001956735549816158,0.00195673371685087,0.024447562260359153,0.07536175547911696,0.0019567337086711166,0.0019567337086711166,0.0019567337086711166,0.0019567337086711166
fog/s5,39552.0,0.08829030394554138,0.08998724073171616,0.08868593426126392,0.08941292739411183,0.003634260987893461,0.0036342597608671106,0.024003700542526298,0.08289218167371917,0.003634259755391408,0.003634259755391408,0.003634259755391408,0.003634259755391408
fog/s5,39680.0,0.08832836896181107,0.08891928941011429,0.08862092238863611,0.08932317503338501,0.0024328523968543,0.002432851575456495,0.023891919573182777,0.0772094113121099,0.0024328515717909425,0.0024328515717909425,0.0024328515717909425,0.0024328515717909425
fog/s5,39808.0,0.08876001089811325,0.09025086462497711,0.08864621120854103,0.08949184586821993,0.0016286036706214732,0.0016286031207601327,0.023192360515460066,0.07606293267755715,0.0016286031183063332,0.0016286031183063332,0.0016286031183063332,0.0016286031183063332
fog/s5,39936.0,0.08831089735031128,0.08884906023740768,0.08858524505249925,0.08937497575352679,0.0010902222919036307,0.001090221923814634,0.022205910730872927,0.07244528662129453,0.0010902219221720082,0.0010902219221720082,0.0010902219221720082,0.0010902219221720082
fog/s5,40064.0,0.0883159190416336,0.08935576677322388,0.0885362766868873,0.08937148321165353,0.0007298182284644139,0.0007298179820577302,0.020760815055160683,0.07207779289179442,0.0007298179809581212,0.0007298179809581212,0.0007298179809581212,0.0007298179809581212
fog/s5,40192.0,0.0882919430732727,0.0888722687959671,0.08849185239350282,0.08928071695425599,0.0004885560041786571,0.0004885558392287284,0.021167067744926528,0.07007028296075618,0.0004885558384926265,0.0004885558384926265,0.0004885558384926265,0.0004885558384926265
fog/s5,40320.0,0.08884184062480927,0.0889018252491951,0.08855548661737672,0.08921182755333582,0.0003270498870948035,0.00032704977667377677,0.022013172601670513,0.06709455006157652,0.00032704977618101436,0.00032704977618101436,0.00032704977618101436,0.00032704977618101436
fog/s5,40448.0,0.08829562366008759,0.09128965437412262,0.08850823880696052,0.08958961424802432,0.0025433143872287526,0.0025433143133105447,0.02106451049361552,0.0708548536050795,0.0025433143129806788,0.0025433143129806788,0.0025433143129806788,0.0025433143129806788
fog/s5,40576.0,0.08830300718545914,0.08918029814958572,0.08847092396668753,0.0895151931392173,0.0017025493005415613,0.0017025492510591247,0.019843406663127176,0.07074357353460917,0.0017025492508383052,0.0017025492508383052,0.0017025492508383052,0.0017025492508383052
fog/s5,40704.0,0.08831292390823364,0.08885104954242706,0.08844219668333227,0.08939443975798271,0.0011397230854864996,0.001139723052361893,0.020072258430479495,0.06789328167407165,0.0011397230522140719,0.0011397230522140719,0.0011397230522140719,0.0011397230522140719
fog/s5,40832.0,0.08829623460769653,0.0890427753329277,0.08841565812412577,0.08933050077160906,0.0007629551233422021,0.0007629551011678787,0.020834753810854003,0.06721849167109228,0.000762955101068924,0.000762955101068924,0.000762955101068924,0.000762955101068924
fog/s5,40960.0,0.08832217007875443,0.0893474668264389,0.08839866029769462,0.08933358550885084,0.0005107385536423005,0.000510738538798332,0.020490355661246983,0.06755223302347078,0.0005107385387320896,0.0005107385387320896,0.0005107385387320896,0.0005107385387320896
fog/s5,41088.0,0.08838650584220886,0.08923574537038803,0.0883964503966972,0.0893157963927667,0.0003418993623555895,0.00034189935241871807,0.02830510676423904,0.06677136768835897,0.000341899352374374,0.000341899352374374,0.000341899352374374,0.000341899352374374
fog/s5,41216.0,0.0883236899971962,0.08895308524370193,0.08838322123315157,0.08924984891111855,0.00022887477975870038,0.0002288747731067451,0.026384214956909492,0.06480123408036022,0.00022887477307706022,0.00022887477307706022,0.00022887477307706022,0.00022887477307706022
fog/s5,41344.0,0.08834686130285263,0.08927121758460999,0.08837661033673357,0.08925373412448062,0.00015321369554094816,0.00015321369108798637,0.026015375752401055,0.065695680936434,0.00015321369106811465,0.00015321369106811465,0.00015321369106811465,0.00015321369106811465
fog/s5,41472.0,0.08830008655786514,0.08902683854103088,0.08836269692239385,0.0892124803820352,0.00010256453999022147,0.00010256453700931319,0.02353955862263746,0.06655589976406712,0.00010256453699601061,0.00010256453699601061,0.00010256453699601061,0.00010256453699601061
fog/s5,41600.0,0.09547023475170135,0.08949609845876694,0.08965497652772249,0.08926404730507734,0.0029095679978446936,6.865890494011874e-05,0.022789696227956777,0.06734749587099628,0.002909567995840305,0.002909567995840305,0.002909567995840305,0.002909567995840305
fog/s5,41728.0,0.08829257637262344,0.08897494524717331,0.08940726740861357,0.08921148329454934,0.0019477273374001666,4.596174628222824e-05,0.02156162814362783,0.06534991791831157,0.0019477273360583856,0.0019477273360583856,0.0019477273360583856,0.0019477273360583856
fog/s5,41856.0,0.08830711990594864,0.08878923952579498,0.08920724058994721,0.08913471170023037,0.0013038505316480453,3.076778056909493e-05,0.02159992759723465,0.0634727781066818,0.0013038505307498283,0.0013038505307498283,0.0013038505307498283,0.0013038505307498283
fog/s5,41984.0,0.08830831199884415,0.08953691273927689,0.08904379902792847,0.08920783916187519,0.0008728255625081954,2.0596613438815607e-05,0.021639611280918368,0.07161499544199122,0.0008728255619069098,0.0008728255619069098,0.0008728255619069098,0.0008728255619069098
fog/s5,42112.0,0.08830663561820984,0.08893979340791702,0.08890976931707054,0.08915910357024644,0.0029086683517616846,0.002338167980897058,0.020121116119424336,0.06854381814323844,0.002908668351359171,0.002908668351359171,0.002908668351359171,0.002908668351359171
fog/s5,42240.0,0.08834540098905563,0.08915179967880249,0.08880715689379509,0.0891577755899839,0.0019471250949809622,0.0015652198880385263,0.020161927745130325,0.07157799729077297,0.0019471250947115108,0.0019471250947115108,0.0019471250947115108,0.0019471250947115108
fog/s5,42368.0,0.08837653696537018,0.08911186456680298,0.08872886236135419,0.08914942813122373,0.0013034473776318836,0.0010477918258770297,0.020896146665561294,0.068882445773296,0.001303447377451507,0.001303447377451507,0.001303447377451507,0.001303447377451507
fog/s5,42496.0,0.0882958471775055,0.08881429582834244,0.08865013232792715,0.08908849498524532,0.0008725556825469633,0.0007014143627771851,0.0206583003232991,0.06492179934106423,0.0008725556824262153,0.0008725556824262153,0.0008725556824262153,0.0008725556824262153
fog/s5,42624.0,0.08832856267690659,0.08887454122304916,0.08859166511865069,0.08904959430120965,0.000584107523027306,0.0004695418461566279,0.02039682174471073,0.062346009973134414,0.0005841075229464746,0.0005841075229464746,0.0005841075229464746,0.0005841075229464746
fog/s5,42752.0,0.0882972925901413,0.08931823074817657,0.08853814284073988,0.08909843729156727,0.0003910141269852213,0.0003143214011461724,0.019722886224219232,0.06260394905256429,0.000391014126931111,0.000391014126931111,0.000391014126931111,0.000391014126931111
fog/s5,42880.0,0.08831597119569778,0.08923846483230591,0.08849774799618676,0.08912389684442884,0.0031026623494694455,0.003051322590849917,0.018529994383577074,0.0628510771617107,0.003102662349433223,0.003102662349433223,0.003102662349433223,0.003102662349433223
fog/s5,43008.0,0.08830343931913376,0.08914149552583694,0.08846241914581347,0.08912709660468486,0.0020769888455126036,0.0020426209079243245,0.018803149457271833,0.06121816511358588,0.0020769888454883556,0.0020769888454883556,0.0020769888454883556,0.0020769888454883556
fog/s5,43136.0,0.08829913288354874,0.08889124542474747,0.0884327307344926,0.08908421457196897,0.0013903809626985195,0.001367374326792316,0.01922482461176604,0.059726303381357246,0.0013903809626822875,0.0013903809626822875,0.0013903809626822875,0.0013903809626822875
fog/s5,43264.0,0.0883040502667427,0.08929377794265747,0.08840933428581081,0.08912231700300323,0.0009307508923849592,0.0009153497559518809,0.018490560705489812,0.061424620638975136,0.0009307508923740932,0.0009307508923740932,0.0009307508923740932,0.0009307508923740932
fog/s5,43392.0,0.08830206841230392,0.0888681709766388,0.08838983139971865,0.08907610863457333,0.0006230646469684437,0.000612754795306631,0.02010808760927054,0.061545377308391165,0.0006230646469611697,0.0006230646469611697,0.0006230646469611697,0.0006230646469611697
fog/s5,43520.0,0.08831077069044113,0.08885066211223602,0.08837545672530456,0.08903511835778471,0.003258001953755735,0.003251100317519315,0.018921141289521885,0.059852698162692904,0.0032580019537508656,0.0032580019537508656,0.0032580019537508656,0.0032580019537508656
fog/s5,43648.0,0.08830781280994415,0.09000692516565323,0.08836315783160266,0.08921181050466989,0.0021809765144976405,0.002176356410901359,0.018284784719149436,0.06628507511966605,0.002180976514494381,0.002180976514494381,0.002180976514494381,0.002180976514494381
fog/s5,43776.0,0.08843184262514114,0.088929183781147,0.08837564597588238,0.08916042382766573,0.0014599925427628833,0.001456899746140579,0.018795212051582837,0.06373585956479297,0.0014599925427607012,0.0014599925427607012,0.0014599925427607012,0.0014599925427607012
fog/s5,43904.0,0.08831430226564407,0.08898556232452393,0.08836449257402086,0.08912863082709449,0.000977350379866062,0.0009752799953503048,0.0180524835388384,0.06272575033203628,0.0009773503798646015,0.0009773503798646015,0.0009773503798646015,0.0009773503798646015
fog/s5,44032.0,0.0883127748966217,0.08911440521478653,0.08835508935994828,0.0891260443521294,0.0006542593451995952,0.0006528733853171461,0.01837518979649427,0.061190496756367535,0.0006542593451986174,0.0006542593451986174,0.0006542593451986174,0.0006542593451986174
fog/s5,44160.0,0.0883406326174736,0.08875418454408646,0.08835246086131651,0.08905843347793976,0.00043797526414187765,0.00043704747281561016,0.019529238146838674,0.05883529323168977,0.00043797526414122317,0.00043797526414122317,0.00043797526414122317,0.00043797526414122317
fog/s5,44288.0,0.08833923935890198,0.0921662300825119,0.08835005695178659,0.08962348740604378,0.0002931900528553065,0.00029256896940549104,0.019701285340988497,0.06727588873051571,0.00029319005285486835,0.00029319005285486835,0.00029319005285486835,0.00029319005285486835
fog/s5,44416.0,0.0883188471198082,0.08898880332708359,0.08834438243688142,0.08950809030077829,0.00019626772133289107,0.00019585195472598984,0.019302314737175717,0.06340619174790287,0.0001962677213325978,0.0001962677213325978,0.0001962677213325978,0.0001962677213325978
fog/s5,44544.0,0.08831623196601868,0.08881840109825134,0.08833926416945181,0.0893826922639552,0.000131385829983175,0.0001311075068826874,0.017884703470799544,0.06031873433060424,0.00013138582998297867,0.00013138582998297867,0.00013138582998297867,0.00013138582998297867
fog/s5,44672.0,0.0883134976029396,0.0889270082116127,0.08833457933917686,0.08929984061807475,8.7952497757332e-05,8.776618229336924e-05,0.01779028083852985,0.059071947147335976,8.795249775720058e-05,8.795249775720058e-05,8.795249775720058e-05,8.795249775720058e-05
fog/s5,44800.0,0.08859848976135254,0.08990150690078735,0.08838256305229972,0.08940923448765885,5.88772918871396e-05,5.8752568312090146e-05,0.01964237338039638,0.059033978472241976,5.8877291887051624e-05,5.8877291887051624e-05,5.8877291887051624e-05,5.8877291887051624e-05
fog/s5,44928.0,0.08956661075353622,0.09041202813386917,0.08859784445252453,0.08959156060515164,0.002363793889610399,0.0023637103969692506,0.021388427496892543,0.06926064548493438,0.0023637938896103406,0.0023637938896103406,0.0023637938896103406,0.0023637938896103406
fog/s5,45056.0,0.08830566704273224,0.0886216014623642,0.08854472128710775,0.0894152043973721,0.0015823744219705975,0.001582318530202556,0.019726214833383788,0.06335835242695732,0.0015823744219705584,0.0015823744219705584,0.0015823744219705584,0.0015823744219705584
fog/s5,45184.0,0.08831510692834854,0.08878373354673386,0.0885029732218788,0.08930039151543788,0.0010592754395009783,0.0010592380243504712,0.018667944157118043,0.06031496140078382,0.0010592754395009523,0.0010592754395009523,0.0010592754395009523,0.0010592754395009523
fog/s5,45312.0,0.08835606276988983,0.0890691876411438,0.08847626223060809,0.0892583544473844,0.0007091017404923903,0.0007090766939866789,0.02158682018439262,0.05842541883388907,0.0007091017404923729,0.0007091017404923729,0.0007091017404923729,0.0007091017404923729
fog/s5,45440.0,0.0884174108505249,0.08881790190935135,0.08846556197968387,0.08917827216774202,0.0004746879419825092,0.0004746711753133965,0.02815882324380515,0.05608370726758617,0.0004746879419824975,0.0004746879419824975,0.0004746879419824975,0.0004746879419824975
fog/s5,45568.0,0.08834361284971237,0.08890467137098312,0.08844338941059815,0.0891285265683313,0.00031776630826928296,0.00031775508430070343,0.02475693409932463,0.056833700278393545,0.00031776630826927516,0.00031776630826927516,0.00031776630826927516,0.00031776630826927516
fog/s5,45696.0,0.08830802142620087,0.08867670595645905,0.08841877704979864,0.0890463773661727,0.00021271959479183402,0.00021271208122609068,0.022257605934661733,0.05441583053515931,0.0002127195947918288,0.0002127195947918288,0.0002127195947918288,0.0002127195947918288
fog/s5,45824.0,0.08830979466438293,0.08874725550413132,0.08839896207063215,0.08899199157307425,0.00014239906758792194,0.00014239403784556482,0.02190054797564895,0.05302774416480617,0.00014239906758791845,0.00014239906758791845,0.00014239906758791845,0.00014239906758791845
fog/s5,45952.0,0.08830848336219788,0.08916035294532776,0.08838251139637138,0.08902260273166579,9.532499565803037e-05,9.53216286404194e-05,0.020483944786172187,0.05320472619774967,9.532499565802804e-05,9.532499565802804e-05,9.532499565802804e-05,9.532499565802804e-05
fog/s5,46080.0,0.08831354975700378,0.08872980624437332,0.08836997291648636,0.08896936700670352,6.381260039917735e-05,6.381034644523943e-05,0.019210289757598753,0.05261872708791587,6.381260039917579e-05,6.381260039917579e-05,6.381260039917579e-05,6.381260039917579e-05
fog/s5,46208.0,0.08834846317768097,0.08872146159410477,0.08836606205488538,0.08892429329532192,4.27175258870526e-05,4.271601704185448e-05,0.01858759142424034,0.05090997756016168,4.2717525887051555e-05,4.2717525887051555e-05,4.2717525887051555e-05,4.2717525887051555e-05
fog/s5,46336.0,0.08831731230020523,0.08982561528682709,0.08835719846312534,0.08908817002105013,2.859602972604347e-05,2.8595019672646382e-05,0.017266739005038785,0.05443803074273237,2.8596029726042773e-05,2.8596029726042773e-05,2.8596029726042773e-05,2.8596029726042773e-05
fog/s5,46464.0,0.08831179887056351,0.08875443041324615,0.08834894399175046,0.0890274900923585,1.914279675875637e-05,1.9142120607308734e-05,0.01668289749073392,0.05296641594675078,1.91427967587559e-05,1.91427967587559e-05,1.91427967587559e-05,1.91427967587559e-05
fog/s5,46592.0,0.08836732804775238,0.08863881975412369,0.08835228654738717,0.08895682275813399,1.2814599483134428e-05,1.2814146852826506e-05,0.01590655869754877,0.05311346655682249,1.2814599483134113e-05,1.2814599483134113e-05,1.2814599483134113e-05,1.2814599483134113e-05
fog/s5,46720.0,0.08831122517585754,0.08874533325433731,0.08834482084347269,0.08891837012108005,8.578368249040402e-06,8.578065248586338e-06,0.016527463807508865,0.05206147429890847,8.57836824904019e-06,8.57836824904019e-06,8.57836824904019e-06,8.57836824904019e-06
fog/s5,46848.0,0.08830215036869049,0.08879480510950089,0.08833706257533047,0.08889590375533837,5.742544034481591e-06,5.742341199466886e-06,0.017559247290886853,0.05129376075577642,5.742544034481448e-06,5.742544034481448e-06,5.742544034481448e-06,5.742544034481448e-06
fog/s5,46976.0,0.08831991255283356,0.08881118148565292,0.08833394438942194,0.08888049970630466,3.844182370190154e-06,3.844046588072874e-06,0.017054445620940984,0.04991023016902568,3.8441823701900596e-06,3.8441823701900596e-06,3.8441823701900596e-06,3.8441823701900596e-06
fog/s5,47104.0,0.08830170333385468,0.08896870166063309,0.08832808237931879,0.08889653642527345,2.573378280871095e-06,2.573287385404155e-06,0.017429142677890003,0.050150108822412866,2.5733782808710313e-06,2.5733782808710313e-06,2.5733782808710313e-06,2.5733782808710313e-06
fog/s5,47232.0,0.08832269161939621,0.08966787159442902,0.08832710224115103,0.08903677918330175,1.7226747169467656e-06,1.7226138695680703e-06,0.018281352540207352,0.06087283413720881,1.722674716946723e-06,1.722674716946723e-06,1.722674716946723e-06,1.722674716946723e-06
fog/s5,47360.0,0.08832187205553055,0.088846854865551,0.08832615129831094,0.08900224748916524,1.1531954716751075e-06,1.1531547391323445e-06,0.017010839706474986,0.056535226013060526,1.153195471675079e-06,1.153195471675079e-06,1.153195471675079e-06,1.153195471675079e-06
fog/s5,47488.0,0.08831679075956345,0.08859103918075562,0.08832444938217503,0.08892748234218167,7.719738281461462e-07,7.71946560906776e-07,0.016660189397620512,0.05254754495415054,7.719738281461271e-07,7.719738281461271e-07,7.719738281461271e-07,7.719738281461271e-07
fog/s5,47616.0,0.08830610662698746,0.08866623044013977,0.08832111433577729,0.08887998199635587,5.167758684284119e-07,5.167576151524698e-07,0.01661874007765317,0.050618625607965886,5.167758684283991e-07,5.167758684283991e-07,5.167758684283991e-07,5.167758684283991e-07
fog/s5,47744.0,0.08832557499408722,0.08873777836561203,0.0883219253645609,0.08885412679076608,0.002324726106159857,0.002324726093940722,0.01560784758560035,0.04943846023343121,0.002324726106159857,0.002324726106159857,0.002324726106159857,0.002324726106159857
fog/s5,47872.0,0.08832965791225433,0.08870646357536316,0.08832333128232334,0.0888272789334201,0.001556221608255772,0.0015562216000760203,0.014729063677435244,0.049179946001668876,0.001556221608255772,0.001556221608255772,0.001556221608255772,0.001556221608255772
fog/s5,48000.0,0.08830998837947845,0.08885504305362701,0.0883209052999879,0.0888323269552759,0.0010417681840389876,0.0010417681785632863,0.015031035894116546,0.048601262385690076,0.0010417681840389876,0.0010417681840389876,0.0010417681840389876,0.0010417681840389876
fog/s5,48128.0,0.08831126987934113,0.08877400308847427,0.08831915340532485,0.08882172261585743,0.0006973820074971734,0.0006973820038316213,0.015513327339881243,0.04859317877583721,0.0006973820074971734,0.0006973820074971734,0.0006973820074971734,0.0006973820074971734
fog/s5,48256.0,0.08833017200231552,0.08868821710348129,0.08832115678659588,0.08879744888633448,0.0004668425008865375,0.0004668424984327382,0.015497573181347084,0.04926404191805101,0.0004668425008865375,0.0004668425008865375,0.0004668425008865375,0.0004668425008865375
fog/s5,48384.0,0.08832558989524841,0.08867990225553513,0.08832196280635088,0.08877607677164369,0.0003125144014199135,0.0003125143997772875,0.014980956081703991,0.04831646210677756,0.0003125144014199135,0.0003125144014199135,0.0003125144014199135,0.0003125144014199135
fog/s5,48512.0,0.08835002779960632,0.08866733312606812,0.08832706553239732,0.08875630519972086,0.0002092038554959751,0.00020920385439636598,0.01768042907444415,0.04833968311834876,0.0002092038554959751,0.0002092038554959751,0.0002092038554959751,0.0002092038554959751
fog/s5,48640.0,0.0883328914642334,0.08904674649238586,0.08832812479273115,0.08880911270747813,0.00014004555615846265,0.00014004555542236068,0.016644130262670927,0.04991169154835897,0.00014004555615846265,0.00014004555615846265,0.00014004555615846265,0.00014004555615846265
fog/s5,48768.0,0.08839409053325653,0.089623361825943,0.08834011856373578,0.08895715800174447,9.374950453583035e-05,9.374950404306789e-05,0.01673320214239345,0.055413252870212704,9.374950453583035e-05,9.374950453583035e-05,9.374950453583035e-05,9.374950453583035e-05
fog/s5,48896.0,0.08839664608240128,0.08909154683351517,0.08835039629440222,0.08898159233479369,6.27579327884484e-05,6.275793245858262e-05,0.017597854492773898,0.05351313696220909,6.27579327884484e-05,6.27579327884484e-05,6.27579327884484e-05,6.27579327884484e-05
fog/s5,49024.0,0.08832036703824997,0.08867942541837692,0.08834493642964726,0.08892665289544519,4.20115087261514e-05,4.2011508505332156e-05,0.01920198839208749,0.050557790373897654,4.20115087261514e-05,4.20115087261514e-05,4.20115087261514e-05,4.20115087261514e-05
fog/s5,49152.0,0.08831868320703506,0.08888920396566391,0.08834016311644503,0.08891984399912131,2.812340666791953e-05,2.812340652009838e-05,0.017981795342287298,0.049017054993472677,2.812340666791953e-05,2.812340666791953e-05,2.812340666791953e-05,2.812340666791953e-05
fog/s5,49280.0,0.08832800388336182,0.0902685672044754,0.08833795234679354,0.08916506640009478,1.8826412728111418e-05,1.8826412629156767e-05,0.03074027972049121,0.05863183848328775,1.8826412728111418e-05,1.8826412728111418e-05,1.8826412728111418e-05,1.8826412728111418e-05
fog/s5,49408.0,0.08833125233650208,0.08870162814855576,0.08833673416310418,0.08908080489981496,1.2602805214686155e-05,1.2602805148443784e-05,0.025160777370279067,0.05452491559302988,1.2602805214686155e-05,1.2602805214686155e-05,1.2602805214686155e-05,1.2602805214686155e-05
fog/s5,49536.0,0.08833220601081848,0.08865883946418762,0.08833591086268859,0.08900408391151908,8.436588614789903e-06,8.436588570445838e-06,0.02190132483726483,0.05239299687923895,8.436588614789903e-06,8.436588614789903e-06,8.436588614789903e-06,8.436588614789903e-06
fog/s5,49664.0,0.088325135409832,0.08856306225061417,0.08833395168944193,0.08892389815499091,5.647633700809769e-06,5.647633671124899e-06,0.018956491437188607,0.04966573967320649,5.647633700809769e-06,5.647633700809769e-06,5.647633700809769e-06,5.647633700809769e-06
fog/s5,49792.0,0.08832602202892303,0.08859656751155853,0.08833250993298394,0.08886438349254866,0.0046525409779319465,0.004652540977912075,0.01698294843127558,0.04752902629999559,0.0046525409779319465,0.0046525409779319465,0.0046525409779319465,0.0046525409779319465
fog/s5,49920.0,0.08832848817110062,0.08865170180797577,0.0883317787035506,0.08882571409535359,0.003114510902582542,0.0031145109025692403,0.016324305799637007,0.04606433913770847,0.003114510902582542,0.003114510902582542,0.003114510902582542,0.003114510902582542
fog/s5,50000.0,0.11170897632837296,0.11211436986923218,0.09258217827170012,0.0930600151451497,0.00208492052156352,0.002084920521554615,0.015819765971217068,0.04553451378062623,0.00208492052156352,0.00208492052156352,0.00208492052156352,0.00208492052156352
