corruption,n_samples,r_l,r_s,r_l_ema,r_s_ema,large_acc_ema,small_acc_ema,large_ent_ema,small_ent_ema,nuclear_norm_identity_pbs128_duo_acc_ema,fixed_ts_duo_acc_ema,coca_ts_duo_acc_ema,proxy_weighted_nuclear_norm_duo_acc_ema
elastic_transform/s5,128.0,0.27607834339141846,0.48322594165802,0.27607834339141846,0.48322594165802,0.2443181818181818,0.4190340909090909,4.356830596923828,2.9887588240883565,0.39346590909090906,0.3963068181818182,0.3650568181818182,0.3963068181818182
elastic_transform/s5,256.0,0.2879810631275177,0.4262339472770691,0.2782424742525274,0.47286376086148346,0.23070060105184068,0.3907893501126971,4.272530208934437,3.0707576656413202,0.37134907963936886,0.36524464688204356,0.3448417543200601,0.36524464688204356
elastic_transform/s5,384.0,0.30864712595939636,0.44075921177864075,0.2837705927446854,0.4670265701191484,0.2295908982247859,0.38763584594321043,4.137928470465404,3.088283582093172,0.36661591281643696,0.34935798675574814,0.3328589429745856,0.34935798675574814
elastic_transform/s5,512.0,0.3112953305244446,0.45298904180526733,0.2887750905228234,0.46447429224389725,0.2466682872413856,0.393272756375207,4.038290167182617,3.084933703994209,0.3792015614721603,0.33898137956376523,0.3250956560408383,0.34130575972905447
elastic_transform/s5,640.0,0.2958665192127228,0.4331473708152771,0.2900644411937142,0.45877848834778445,0.2289163741037374,0.3996288699701799,3.929443136150881,3.1078275328356684,0.3827196403243387,0.33126026235260314,0.3191239515645281,0.3328162523806067
elastic_transform/s5,768.0,0.26736900210380554,0.4282793700695038,0.2859379977228217,0.4532331941153698,0.22323120911076633,0.3806399873354096,3.9357497360334808,3.1379563978583453,0.3693205856716647,0.32040976240132935,0.31228545517956013,0.3214513755605714
elastic_transform/s5,896.0,0.2858378291130066,0.44093358516693115,0.28591978524830985,0.45099690157929,0.22097502428076093,0.3699945369765965,3.883797881481821,3.0943157589738837,0.36241708627607305,0.3141792624339477,0.3058997675168956,0.3148765406645147
elastic_transform/s5,1024.0,0.3180834949016571,0.4363802373409271,0.29176773245800935,0.44833932626322404,0.22747088402265814,0.3533124586372257,3.726884932850508,3.0697204932206974,0.35108085940794964,0.31362413435660963,0.3034329022220541,0.31124999829608
elastic_transform/s5,1152.0,0.3170734941959381,0.4697885811328888,0.2963687800467236,0.4522391907849812,0.23181935211434138,0.3695211499968205,3.643935418115103,3.018350302545297,0.36518636043011504,0.318159544486656,0.31133731471063125,0.31657024679324364
elastic_transform/s5,1280.0,0.3061538338661194,0.44257014989852905,0.2981478807411592,0.4504811833510808,0.22930675637406323,0.35351209214663193,3.6048653044883663,3.043736320954163,0.3529346710317298,0.30544151325139773,0.2962258057153812,0.3043776032252291
elastic_transform/s5,1408.0,0.3008611500263214,0.4618540406227112,0.29864120242937053,0.4525489755822863,0.21755245674627371,0.36784693771799326,3.4531664932113406,3.0400906426843326,0.36746039961628196,0.3051922526724232,0.29334124184252786,0.3044800484400294
elastic_transform/s5,1536.0,0.2798745036125183,0.4253489375114441,0.295229075371761,0.44760351411486043,0.19857850410287742,0.3428355533484087,3.430459355217417,3.0539920030169263,0.3374115071811474,0.27971547492947335,0.26661686437392357,0.2792387101127469
elastic_transform/s5,1664.0,0.28507426381111145,0.44043612480163574,0.29338274599709746,0.44630035242154686,0.19414139530853775,0.3325490067869512,3.3361615721440367,3.039700899857084,0.3289180337328341,0.284613251812292,0.27532823152303976,0.28429409519944215
elastic_transform/s5,1792.0,0.3103918433189392,0.46103614568710327,0.2964753091465232,0.4489795875607389,0.19246242165282276,0.33237784751853755,3.265557793471225,3.0265135510677297,0.32194099778809554,0.2819518462545095,0.2687631136641836,0.2840625761252464
elastic_transform/s5,1920.0,0.2723931670188904,0.4801905155181885,0.2920967378505899,0.4546543017348206,0.18772277813122845,0.3423355838760458,3.135563368336997,2.966310574707126,0.332508023312692,0.2884347069968204,0.27159968765949477,0.2898476749268178
elastic_transform/s5,2048.0,0.26183217763900757,0.45851096510887146,0.2865940905393931,0.4553555132573752,0.17835161180685538,0.35339200242941904,3.0279507562614003,2.9528237630663785,0.3439723131266781,0.2796029856755574,0.25981053471420723,0.28054885676919206
elastic_transform/s5,2176.0,0.2744729816913605,0.4654545485973358,0.28439025256702355,0.4571917015010044,0.17905149220128333,0.3538202660891152,2.927282060418262,2.9710767449991238,0.3451901434980241,0.288670180493555,0.2730963083624032,0.28930336692813685
elastic_transform/s5,2304.0,0.23947571218013763,0.4532850980758667,0.2762239724966806,0.45648140996916114,0.1544683542835037,0.336803235977011,2.802810762079068,2.976964263175935,0.3310260464738839,0.25832466628080947,0.2375686031186335,0.25874853488577754
elastic_transform/s5,2432.0,0.22936852276325226,0.4538108706474304,0.2677047998178754,0.4559958573652101,0.14188584047077518,0.32876910838130485,2.662220918720682,2.9681449457999416,0.3197364443337569,0.2498908923036823,0.23315542853396123,0.2501746390557684
elastic_transform/s5,2560.0,0.22006772458553314,0.48022088408470154,0.259043513411995,0.46040040767784485,0.12261572791845281,0.32054998164368337,2.5700564694014068,2.915897956009988,0.3145033222399529,0.2349476221206468,0.2162548736467013,0.23513756829353089
elastic_transform/s5,2688.0,0.1930517554283142,0.44876399636268616,0.24704501196041664,0.45828469652963416,0.10325928893714607,0.3207297397780029,2.34788155657542,2.9145614042740142,0.3166819760449271,0.2244277470394412,0.20158384103622148,0.22455490108905782
elastic_transform/s5,2816.0,0.19097813963890076,0.43149569630622864,0.23685103517468648,0.4534139692162877,0.08229547441246968,0.30173850348775394,2.1884492317426525,2.9661583724131493,0.3018697525590007,0.20989584719169202,0.1842730671399499,0.20998096684474116
elastic_transform/s5,2944.0,0.1487676203250885,0.4791754484176636,0.2208358688383959,0.4580978745256287,0.06542093741661192,0.3210501552273394,1.9310733359433514,2.8693724624573154,0.32113801617585996,0.22444474068204173,0.18224064825071024,0.22450172160681017
elastic_transform/s5,3072.0,0.16944850981235504,0.4813653528690338,0.211492712651843,0.4623283251335205,0.06109790025409558,0.33036208738359074,1.8541739656836216,2.8440914077970407,0.3304209033904516,0.21688036359706922,0.17313216949014484,0.21691850785249273
elastic_transform/s5,3200.0,0.14717820286750793,0.46695420145988464,0.19979916541832754,0.4631693935564958,0.05174735471555158,0.3262651163476929,1.610949988715859,2.8093827330675785,0.3263044890465006,0.19632073926745955,0.15205541924546886,0.19634627385166867
elastic_transform/s5,3328.0,0.1444234699010849,0.4582987129688263,0.18973085714246524,0.4622838152678286,0.05194451018148494,0.33669400350548034,1.499842705803748,2.8439790316292832,0.33672036043608716,0.20786760231953902,0.1673883385031651,0.20788469571888563
elastic_transform/s5,3456.0,0.11855364590883255,0.47836536169052124,0.17678954600907745,0.4652077327992272,0.03993806053471305,0.335669126313586,1.3039599038080776,2.8659108943990144,0.33568677020928145,0.18460558502382363,0.1471773175103832,0.18461702771264243
elastic_transform/s5,3584.0,0.13551858067512512,0.47863608598709106,0.16928573413017703,0.467649251560657,0.042231263663733525,0.34557189447438397,1.199919177423683,2.8141957546457386,0.3455837056772875,0.18711200319776622,0.14604431998628958,0.18944404334482673
elastic_transform/s5,3712.0,0.1253865361213684,0.49019524455070496,0.16130406176493908,0.471748523013393,0.03627671369225136,0.35478366489607516,1.0751158269951835,2.748254041730835,0.35479157156909324,0.16735390296709968,0.13004826379247483,0.17408031000769392
elastic_transform/s5,3840.0,0.11227718740701675,0.48423194885253906,0.1523900846089532,0.4740182368023286,0.02944970090142446,0.3699894781535709,0.9987974791565525,2.692236925038567,0.3699947710503847,0.1711728606639262,0.12837941625777238,0.1780000422365554
elastic_transform/s5,3968.0,0.10903763025999069,0.5088112354278564,0.14450782018186908,0.48034423655242453,0.022038642752193232,0.37784419611933256,0.9044221259805107,2.7050589183038793,0.37784773929819143,0.17114670837833074,0.11228291501553356,0.18088225967901644
elastic_transform/s5,4096.0,0.107838474214077,0.5213021039962769,0.13784066636954326,0.4877911215422158,0.019918430272129355,0.39420768500550357,0.8385686097968184,2.661032429891161,0.3942100568855661,0.15124283784003958,0.09634228195254725,0.15776002507438291
elastic_transform/s5,4224.0,0.10131241381168365,0.4704665541648865,0.13119916590447786,0.4846412002008832,0.017982585554070063,0.36848820235905605,0.7418286260927294,2.6988253990492526,0.36848979014653593,0.12655512285159673,0.0794729325467465,0.13324224819028938
elastic_transform/s5,4352.0,0.09661891311407089,0.5314896702766418,0.12491184721531295,0.49315910385102113,0.012037929172559296,0.35798590405854164,0.6599886273008817,2.6349502033226626,0.3579869669575984,0.10537987562792839,0.0635314672420369,0.10985638101994577
elastic_transform/s5,4480.0,0.09688669443130493,0.48962852358818054,0.11981636489094785,0.49251718016686824,0.008058448454357874,0.3630938696590237,0.6226290431788152,2.6398246079148566,0.3630945811864915,0.10850842913935702,0.06783924666615693,0.11434600712905459
elastic_transform/s5,4608.0,0.09894382208585739,0.5213242769241333,0.11602135710820412,0.4977548341227346,0.005394498552090807,0.36806283836678444,0.5988808257363201,2.6216865450771047,0.3680633146785604,0.09381556000237946,0.05574362793354306,0.09772336014424314
elastic_transform/s5,4736.0,0.09620323032140732,0.4761973023414612,0.11241806132878651,0.4938352828897758,0.0036111932456145066,0.3605420653529714,0.5320844407429205,2.6673506259599193,0.360542384206309,0.081655457522254,0.04532218068278501,0.08427142290647681
elastic_transform/s5,4864.0,0.08729773759841919,0.4946861267089844,0.107850729741447,0.4939899817659955,0.0024174103545022726,0.373844275153642,0.47173319572222006,2.71879384417014,0.3738444886009176,0.07196563685374027,0.04247807136616186,0.07371682029276545
elastic_transform/s5,4992.0,0.09600316733121872,0.508154571056366,0.10569662748504186,0.4965653616369719,0.004459175526567637,0.36828625030946277,0.4420329821204148,2.7140910084740852,0.36828639319565554,0.06599559161283439,0.03592540314594306,0.06716787143565289
elastic_transform/s5,5120.0,0.09354688227176666,0.5025210380554199,0.10348758290081,0.4976482118948715,0.0029850679144791613,0.3854850105377395,0.41456873280589507,2.6329432137342677,0.3854851061888272,0.06948878446809574,0.03851204673406105,0.07311444286188332
elastic_transform/s5,5248.0,0.09220992773771286,0.501220703125,0.10143710014388325,0.4982977557548948,0.0019982686039075374,0.3835684781285693,0.4092006093941414,2.6158868783844755,0.38356854215946284,0.06201315323897318,0.03611137012775987,0.06444024687448385
elastic_transform/s5,5376.0,0.09431152045726776,0.4911792278289795,0.10014154020086224,0.49700347795018296,0.0013376839414587643,0.3680809646976373,0.3954938166900648,2.655272985493835,0.36808100756129325,0.05184351580460188,0.02933901636651693,0.06095793385812555
elastic_transform/s5,5504.0,0.09484265744686127,0.5223908424377441,0.09917810697286206,0.5016193624024667,0.0008954743740343793,0.35771329041742655,0.3576123962378518,2.609434369055786,0.35771331911127885,0.059240287439444234,0.02248107707180059,0.06766605489676172
elastic_transform/s5,5632.0,0.09118817746639252,0.48601603507995605,0.09772539251714032,0.49878239379837386,0.0005994497875767332,0.36781840102323593,0.3556500804782713,2.6751775425550774,0.3678184202315172,0.055152589112355224,0.024863365643106178,0.07060702848460908
elastic_transform/s5,5760.0,0.0931454449892044,0.5385617017745972,0.09689267478478833,0.5060149952485963,0.002725664733832358,0.3691594254783645,0.3294834757485215,2.5723292123450987,0.3691594383368007,0.05189966709174193,0.028782500967699173,0.06508610997730027
elastic_transform/s5,5888.0,0.09138651937246323,0.4981461465358734,0.09589155561891104,0.5045842954826466,0.0018246185408299254,0.39304267325411174,0.30740019739470215,2.5735904304983745,0.39304268186182517,0.04274895069777765,0.022108533705649858,0.05157623891042414
elastic_transform/s5,6016.0,0.09645161777734756,0.5186596512794495,0.09599338510226313,0.5071434510820653,0.0035458190232001974,0.39353476474035576,0.31163944307477903,2.526086782812255,0.39353477050254404,0.04643731410347098,0.024613977108740814,0.05234649051028392
elastic_transform/s5,6144.0,0.08823659271001816,0.4618748128414154,0.09458305921276404,0.4989127895837652,0.002373647445282777,0.3620976524294943,0.29309829148251504,2.572039197687713,0.36209765628682694,0.04374109456513346,0.016477125171966988,0.04769682422589254
elastic_transform/s5,6272.0,0.09241076558828354,0.4688374996185303,0.09418809673558576,0.4934445550446315,0.0015889706038669826,0.34053644501478536,0.3057664608069108,2.624233218060027,0.3405364475969667,0.034446517849386855,0.013871050734953105,0.03709456828344872
elastic_transform/s5,6400.0,0.08800380676984787,0.47748273611068726,0.09306368037817886,0.49054240614755074,0.0010636910653985584,0.33333431443138517,0.27470372981254676,2.6413415257769293,0.3333343161599529,0.036747255750415986,0.014967397599431416,0.03851991761123426
elastic_transform/s5,6528.0,0.08869955688714981,0.554595947265625,0.09227020337980993,0.5021885045326552,0.0007120576553494481,0.3773250369334066,0.26051937976983436,2.5815687799877653,0.37732503809054696,0.04190312161804706,0.019833547153338384,0.04308977955793367
elastic_transform/s5,6656.0,0.08854541927576065,0.5295324921607971,0.09159296990634642,0.5071601386468628,0.0004766666949033495,0.39566799993062757,0.24856877939432503,2.5042206296731657,0.39566800070524216,0.046387626868279436,0.02179972991256536,0.04718200119167461
elastic_transform/s5,6784.0,0.0899672880768776,0.5340665578842163,0.09129739139189755,0.5120522148718362,0.00031909092799315125,0.4177612230940564,0.25331155195864274,2.468081885955698,0.41776122361260004,0.04887312211843498,0.019241967957998297,0.04940489335971605
elastic_transform/s5,6912.0,0.09104976058006287,0.5079913139343262,0.0912523676079276,0.5113138692468343,0.00021360632369789463,0.41034015760841785,0.24989769154488306,2.4609392573102715,0.41034015795554213,0.03968985860820854,0.015205366980147619,0.04004583770361156
elastic_transform/s5,7040.0,0.09185651689767838,0.5090070962905884,0.09136221293333682,0.5108944559820623,0.0058248108447895,0.41234547740728794,0.24250750081841607,2.454039634803452,0.4123454776396604,0.04774693014268505,0.02386681591233022,0.04798523019828542
elastic_transform/s5,7168.0,0.08894174546003342,0.48335015773773193,0.09092212793819075,0.5058864017558203,0.003899253540726855,0.38863622867760594,0.22584878267872932,2.50255339356412,0.38863622883316107,0.04280992844262387,0.0183013395776756,0.04296945162033982
elastic_transform/s5,7296.0,0.09372486919164658,0.5190576910972595,0.09143171725700089,0.508281181636082,0.002610244105775828,0.38541970680071136,0.21447359118451073,2.4355775116219096,0.3854197069048433,0.0384719355690292,0.015092219056129945,0.04141963290287211
elastic_transform/s5,7424.0,0.08851456642150879,0.5044784545898438,0.09090132619600233,0.5075897767185842,0.001747353492296215,0.38946484504841006,0.20334472711098922,2.4310377027254884,0.3894648451181182,0.028594849430507146,0.012943964822698557,0.030568101364732564
elastic_transform/s5,7552.0,0.09146255254745483,0.5317438244819641,0.09100336735081188,0.5119814217664714,0.0011697159741817635,0.3929475409001753,0.20508778595006755,2.398037953841939,0.39294754094683937,0.03179696532124858,0.010989348352384984,0.033117902566473865
elastic_transform/s5,7680.0,0.0909518152475357,0.5112956762313843,0.09099399424112531,0.5118567407600919,0.000783033007510106,0.3952789323381338,0.20217559199270624,2.4515729359123055,0.3952789323693717,0.044271109016703586,0.018203613359861023,0.05032066204863126
elastic_transform/s5,7808.0,0.08814151585102081,0.547626793384552,0.09047536180656085,0.518360386691812,0.0005241791207299055,0.39038300429246964,0.18974214556786131,2.4179065520753285,0.390383004313381,0.045131899424404875,0.015026799026022667,0.051505980379662246
elastic_transform/s5,7936.0,0.08970681577920914,0.5155247449874878,0.09033562616522417,0.5178448154728439,0.0003508967667696061,0.3744506061792565,0.1911419360598905,2.437033505405584,0.374450606193255,0.03537755250724623,0.010059262157915999,0.03964449926241852
elastic_transform/s5,8064.0,0.08838120102882385,0.5494493842124939,0.0899802761404241,0.5235911006982348,0.00023489783560609994,0.3754070173596675,0.181057174039642,2.4393834905553247,0.3754070173690385,0.03349654341394169,0.011899175494142114,0.03919383834922231
elastic_transform/s5,8192.0,0.09895111620426178,0.5074701309204102,0.09161133797021276,0.5206600152840848,0.00015724565854623217,0.3703654413730005,0.19304562067898146,2.4054406349118738,0.37036544137927363,0.033270413359746086,0.013130853016739764,0.03992521410154551
elastic_transform/s5,8320.0,0.08856509625911713,0.5265361070632935,0.09105747584092264,0.5217283956075772,0.0001052636226631802,0.3695731467042399,0.1893157619852726,2.3865162467535788,0.3695731467084394,0.04009217753834241,0.018604124746743146,0.04454704415062137
elastic_transform/s5,8448.0,0.08782606571912766,0.511693000793457,0.09046994672786901,0.5199037783686462,7.046573087369912e-05,0.3822142552317639,0.17364198630188715,2.4122702185293963,0.38221425523457514,0.034844763476080454,0.01245400086352227,0.037826946910746534
elastic_transform/s5,8576.0,0.08869127929210663,0.5638450384140015,0.0901465526486395,0.5278930983768926,4.717127438652585e-05,0.4079802039154783,0.16658278214996508,2.3571693971321728,0.4079802039173602,0.04243740364927699,0.012985736115250446,0.04675812148570635
elastic_transform/s5,8704.0,0.0887872576713562,0.4995928108692169,0.08989940810731525,0.5227475915573152,3.157746467197184e-05,0.38158178939796483,0.16090561917935697,2.4384475572377076,0.3815817893992245,0.0335737991371193,0.013858220044093272,0.03646618049869598
elastic_transform/s5,8832.0,0.09033947438001633,0.4997488558292389,0.08997942015689726,0.5185660032431195,2.113863337545222e-05,0.3416993796796293,0.16125590476883886,2.4333201869304513,0.3416993796804726,0.03332213000088151,0.014958808459269049,0.035258352234664246
elastic_transform/s5,8960.0,0.0910828486084938,0.5562478303909302,0.090180043511733,0.5254172445427214,1.4150655400096113e-05,0.3725942128433882,0.17204420418392594,2.335898710793058,0.37259421284395267,0.0321205994220777,0.01466250814215531,0.03341674819014713
elastic_transform/s5,9088.0,0.08966298401355743,0.5496565103530884,0.09008603269388289,0.52982438378097,0.0028503818436975852,0.37468083669681357,0.16620279259252557,2.274179592227556,0.37468083669719143,0.04216337647263052,0.022470356690203135,0.04303104630910676
elastic_transform/s5,9216.0,0.08804818987846375,0.5504993200302124,0.08971551581835213,0.533583463099014,0.001908106854045491,0.37762725431770167,0.15748387833339525,2.2683571850805655,0.3776272543179546,0.04372093796928159,0.020207428858731023,0.04430177480196402
elastic_transform/s5,9344.0,0.08839605748653412,0.5366339087486267,0.08947561430347611,0.5341380895807618,0.0012773277287411963,0.36255419503912256,0.15074255816635238,2.318378706214417,0.36255419503929187,0.03675740475629593,0.01869257634344804,0.037146229412885
elastic_transform/s5,9472.0,0.08903464674949646,0.5386077165603638,0.08939543838457072,0.5349507490315984,0.0008550706283308834,0.37751561816668533,0.1483944628153488,2.289667420269411,0.3775156181667987,0.04061859326661132,0.017678501519167694,0.04087888084664203
elastic_transform/s5,9600.0,0.09149627387523651,0.5509989261627197,0.08977740847378267,0.537868599419075,0.0028967828173124092,0.396312108028938,0.14454503107387323,2.2755350412021182,0.39631210802901395,0.029515339294177816,0.014158748950847792,0.02968958139320664
elastic_transform/s5,9728.0,0.08791586011648178,0.5346884727478027,0.08943894513609159,0.5372903945697528,0.001939168662828968,0.39159116322598325,0.13377217657915802,2.2948154846731117,0.3915911632260341,0.022599111428333908,0.009478170785278272,0.028397571015287087
elastic_transform/s5,9856.0,0.08867857605218887,0.560107946395874,0.08930069621174563,0.5414390403563203,0.0012981211709846808,0.41089986959755903,0.13554834755587808,2.292704954810844,0.41089986959759306,0.02494238037764501,0.00866927135212843,0.028823993820150856
elastic_transform/s5,9984.0,0.08798615634441376,0.5488520860671997,0.08906168896313983,0.5427868668492074,0.0008689902053699101,0.41168710278844856,0.12932316359726412,2.2730393500080153,0.41168710278847137,0.030384981905696246,0.010968685781176882,0.0329834173506795
elastic_transform/s5,10112.0,0.08796137571334839,0.5610339641571045,0.08886163200863229,0.5461045209051887,0.0005817207159914274,0.40188351508978787,0.12007984314942437,2.2337660140628213,0.40188351508980313,0.0231812688790198,0.007342673952688656,0.024920717400041648
elastic_transform/s5,10240.0,0.08834977447986603,0.5611301064491272,0.08876856700340206,0.5488364455495411,0.00038941634706864136,0.42398813820060177,0.11796963521610855,2.216198751661733,0.423988138200612,0.020683328753723997,0.007239723885684142,0.021847752970275813
elastic_transform/s5,10368.0,0.08804259449243546,0.5573917627334595,0.08863657200140812,0.550391957764799,0.0002606836703517351,0.4155416462334607,0.1158145878770187,2.19510584902187,0.41554164623346745,0.028825203545881355,0.01001171598959021,0.029604694137126783
elastic_transform/s5,10496.0,0.08989278227090836,0.5477091670036316,0.08886497386858998,0.5499041776264049,0.00017450725040074827,0.40601341607363894,0.12027725252132851,2.223586552755974,0.4060134160736435,0.027302408985259416,0.00954296690212237,0.0306651258273328
elastic_transform/s5,10624.0,0.08842594176530838,0.5265340805053711,0.0887851498498115,0.5456550690589441,0.00011681890316083149,0.38723831985094836,0.11264780401709981,2.2460478825573444,0.38723831985095136,0.02628301758517366,0.008712647265057124,0.028534092495983113
elastic_transform/s5,10752.0,0.08801501244306564,0.49948522448539734,0.0886451248667668,0.5372605518637538,7.820108393411032e-05,0.3537504455200563,0.10720682167985451,2.278028943436492,0.3537504455200583,0.019918796895860052,0.005832433293137413,0.021425714811360592
elastic_transform/s5,10880.0,0.08868968486785889,0.524555504322052,0.08865322668514718,0.534950543219808,5.23494859393631e-05,0.3457957527861533,0.10801916628519787,2.246698372965583,0.3457957527861547,0.023148120236071604,0.011394025592926696,0.024156883468762047
elastic_transform/s5,11008.0,0.08949431031942368,0.5762048363685608,0.08880615098228836,0.5424513237923084,3.504387075279678e-05,0.37146244607998685,0.1181153330810017,2.2014232741394633,0.3714624460799878,0.023502047430758677,0.007627405562207126,0.029342624470824176
elastic_transform/s5,11136.0,0.08802634477615356,0.5639864206314087,0.0886643680357184,0.546366795944872,2.3459120090715198e-05,0.40362362092957793,0.10984896945409772,2.1772784792642277,0.4036236209295786,0.018057155718111177,0.005105949178006422,0.021966963488733535
elastic_transform/s5,11264.0,0.0882239118218422,0.5134178996086121,0.0885842850877409,0.5403760875200975,1.5704039068991163e-05,0.38098977929996536,0.10272863491045185,2.198694250032017,0.3809897792999658,0.019577517464190126,0.005742412259657191,0.02219482679824311
elastic_transform/s5,11392.0,0.08800935745239258,0.5337594747543335,0.08847975279040483,0.5391730670172312,1.0512621194944496e-05,0.38185059606030736,0.10187674210559292,2.2063926726384384,0.3818505960603077,0.015429991029747108,0.0038440941572911768,0.017182074137666873
elastic_transform/s5,11520.0,0.08912535756826401,0.5466063022613525,0.08859713547728831,0.5405245643343441,7.037374518929785e-06,0.3780363494288008,0.10764380930978798,2.218642961103789,0.37803634942880104,0.015494456805037318,0.002573319229261035,0.016667338885545592
elastic_transform/s5,11648.0,0.08822145313024521,0.5777362585067749,0.08852882959600775,0.5472903269111498,4.710969719283574e-06,0.37935697771680055,0.10416364282029866,2.215809945730506,0.37935697771680066,0.02070290083642994,0.009212304608017717,0.02148805330354705
elastic_transform/s5,11776.0,0.09129954129457474,0.5619363188743591,0.08903259535938357,0.5499532345408241,3.1536243575369375e-06,0.39831954706661854,0.10482715093911334,2.169029882147286,0.39831954706661865,0.022381693948353924,0.01184873283677219,0.025748200971795955
elastic_transform/s5,11904.0,0.0880393460392952,0.5493454933166504,0.08885200457391296,0.5498427361364289,2.1111039087643958e-06,0.3895775480363314,0.09925629017352007,2.176439294294091,0.38957754803633143,0.017307167023278246,0.007931796361806175,0.01956077916293779
elastic_transform/s5,12032.0,0.08839555084705353,0.5527479648590088,0.08876901298721124,0.5503709595405343,1.413218319090215e-06,0.373911416454073,0.09641117955415983,2.179249509431125,0.3739114164540731,0.02139983908169866,0.010475004176085125,0.02290845547271042
elastic_transform/s5,12160.0,0.08810222893953323,0.5295027494430542,0.08864777952399705,0.5465767395228106,9.460387094736149e-07,0.3667816093618175,0.09169028104326388,2.214357103566109,0.3667816093618175,0.020007330294360255,0.009853101969114837,0.021017230523054084
elastic_transform/s5,12288.0,0.08935043215751648,0.5549350380897522,0.0887755345482733,0.5480964301713455,6.332986402261388e-07,0.3702732261017124,0.10096005241400298,2.1865427305091023,0.3702732261017124,0.018558626064819672,0.006595878177671914,0.019234674978242817
elastic_transform/s5,12416.0,0.08870477229356766,0.555463433265686,0.08876266868378137,0.5494358852794073,4.239437178373326e-07,0.377517614167262,0.09928755075202746,2.1264047161219835,0.377517614167262,0.019396683564052834,0.009064182912325826,0.022690154324278247
elastic_transform/s5,12544.0,0.08867949992418289,0.6382036209106445,0.0887475470911271,0.5655754735759959,2.837970342547433e-07,0.41852418799626623,0.09388361723033645,2.0161281347716016,0.41852418799626623,0.020474226187506443,0.013557428230565223,0.02267894628319453
elastic_transform/s5,12672.0,0.088096484541893,0.5631884336471558,0.08862917208217544,0.5651414663162068,1.8997983284821655e-07,0.4062021423776658,0.09147517000639181,2.03300625886797,0.4062021423776658,0.013705886951967122,0.009075633774180024,0.015181773958171543
elastic_transform/s5,12800.0,0.08822918683290482,0.5249879956245422,0.08855644749139896,0.5578408352813586,1.2717658231988048e-07,0.3894307729966192,0.09120667611397518,2.1117260928413923,0.3894307729966192,0.01485683341412675,0.008916333352963487,0.0158448238893545
elastic_transform/s5,12928.0,0.08815977722406387,0.5825883150100708,0.08848432562461075,0.5623403770502153,8.513473692487865e-08,0.41565200506385247,0.08699969495145858,2.094982781778349,0.41565200506385247,0.012269863690448485,0.005968785137107788,0.012931245744113341
elastic_transform/s5,13056.0,0.09011667221784592,0.5668597221374512,0.08878111591428987,0.5631620761569854,0.00284096608193133,0.39239927611712433,0.0919788993857681,2.083654489566607,0.39239927611712433,0.01621990875145725,0.009677451207485378,0.01898703227498496
elastic_transform/s5,13184.0,0.08818497508764267,0.5556100010871887,0.08867272667308129,0.5617889715988406,0.001901803740797006,0.3894883583924551,0.08730928851426199,2.1296714971415884,0.3894883583924551,0.02067200503196725,0.013451434279391035,0.02252437697746927
elastic_transform/s5,13312.0,0.08822507411241531,0.5236204266548157,0.08859133529841474,0.5548492361544723,0.0012731082892938634,0.37798394239494926,0.08712692357736063,2.1833983492474975,0.37798394239494926,0.024685391798259064,0.011329059310997303,0.028249789546900914
elastic_transform/s5,13440.0,0.08823451399803162,0.5677956342697144,0.08852645869834508,0.5572031267208799,0.0031766262101884536,0.41031363085942885,0.08425409994248645,2.159548166009446,0.41031363085942885,0.025822452360818048,0.012232676067692407,0.02820853680412375
elastic_transform/s5,13568.0,0.08830522000789642,0.6102311015129089,0.08848623348189986,0.566844576683067,0.0021265018431840055,0.4407368107406094,0.0805420220012878,2.073385018714741,0.4407368107406094,0.02296792265476249,0.011029725301513096,0.024565218852347297
elastic_transform/s5,13696.0,0.08841386437416077,0.5515216588973999,0.08847307546231094,0.5640585916311275,0.0014235260272554085,0.41952216256189556,0.07986831870235733,2.0450863725495934,0.41952216256189556,0.02054051020690712,0.010224444210103807,0.021609774603637447
elastic_transform/s5,13824.0,0.08919254690408707,0.5894783735275269,0.08860388845172477,0.5686803701577455,0.0009529389108073393,0.42778962948358296,0.07906420259856456,2.0363273111673426,0.42778962948358296,0.032861829146772534,0.018982892405110814,0.039259435891691175
elastic_transform/s5,13952.0,0.0882798507809639,0.5735901594161987,0.08854497251158644,0.5695730591138279,0.0006379177832677229,0.4377145453567787,0.07729926094239122,1.990469796026271,0.4377145453567787,0.02664717488337665,0.012707556072842775,0.030929870307661034
elastic_transform/s5,14080.0,0.08885447680950165,0.5355488061904907,0.0886012460202983,0.5633868313095848,0.0004270358714436823,0.4149163485446204,0.07709516508280725,2.0434101822268387,0.4149163485446204,0.020162571616144695,0.008506711090084832,0.02302949995802102
elastic_transform/s5,14208.0,0.08878494054079056,0.5439998507499695,0.08863464502402416,0.5598619257532911,0.00028586698832180375,0.4309047457199524,0.07785617268732911,2.058012920130058,0.4309047457199524,0.029509655379402644,0.01602515370493282,0.03142883881487357
elastic_transform/s5,14336.0,0.08837047219276428,0.5316240191459656,0.08858661360015872,0.5547277609155955,0.0025157456698683147,0.4044176396968276,0.0782490038501321,2.109466520536454,0.4044176396968276,0.029568446989517466,0.015376342562806266,0.030853189619874044
elastic_transform/s5,14464.0,0.08812817186117172,0.5349646806716919,0.08850326055670654,0.5511344735985221,0.0068493834649531685,0.3975337092185374,0.07378553486543168,2.1195701194422747,0.3975337092185374,0.024959043026040618,0.015458543368490143,0.0258190773488413
elastic_transform/s5,14592.0,0.08811575174331665,0.5715778470039368,0.08843280440881747,0.5548514505813247,0.004585124468274434,0.39654116071654155,0.07670293617600406,2.0244623784207785,0.39654116071654155,0.019549028802556115,0.010348281097914887,0.022449134423604505
elastic_transform/s5,14720.0,0.08856956660747528,0.539104163646698,0.08845767026311888,0.5519883075023015,0.0030693808423985875,0.3956184629590071,0.07914547977998322,2.0824347503607776,0.3956184629590071,0.015410920107496243,0.006927361726703354,0.017352313126545164
elastic_transform/s5,14848.0,0.08850333094596863,0.5606077313423157,0.08846597220545518,0.5535554754732132,0.004379089654828807,0.4151454173527237,0.07489642227980976,2.080615695167876,0.4151454173527237,0.020646979576092524,0.009286085122834475,0.02427096994421618
elastic_transform/s5,14976.0,0.09391762316226959,0.5533076524734497,0.08945718147033052,0.5535104167459834,0.002931456711083746,0.40084114715347613,0.07968839918850966,2.053841969886373,0.40084114715347613,0.018986821038541275,0.00621630491693878,0.021412798061830666
elastic_transform/s5,15104.0,0.08829385042190552,0.5249830484390259,0.08924566673425324,0.5483236225083548,0.001962380112378375,0.39591432164819473,0.07629301447329832,2.0768811481307274,0.39591432164819473,0.015551095075387131,0.0070022371758019925,0.017175096223208956
elastic_transform/s5,15232.0,0.0890372022986412,0.5696083307266235,0.0892077641095965,0.5521935694571309,0.004154568504980565,0.41353562027689067,0.07689195331063242,2.0391099698828734,0.41353562027689067,0.024098253728151716,0.013210175299503812,0.02802630408330517
elastic_transform/s5,15360.0,0.08945176750421524,0.5534934997558594,0.08925212836316354,0.5524299204205361,0.0027811574289539316,0.41216020861510855,0.07880205539519432,2.033308280110731,0.41216020861510855,0.028786847537027177,0.014524993382312468,0.0314163688491547
elastic_transform/s5,15488.0,0.09426985681056976,0.6046220064163208,0.0901644426263283,0.5619193906015878,0.004186146708638582,0.45617749502333704,0.08048270155001296,1.9735336939217163,0.45617749502333704,0.0314089640537124,0.014372103007994295,0.033169222122161404
elastic_transform/s5,15616.0,0.08850681781768799,0.6084664463996887,0.0898630562974846,0.5703824916557879,0.005126676722311777,0.47350518261892804,0.0769726039809709,1.9391428529538417,0.47350518261892804,0.041170463540088464,0.014269754906177998,0.04234881811483532
elastic_transform/s5,15744.0,0.0881291851401329,0.5641492605209351,0.08954780699614792,0.5692491769039965,0.0034319075579111896,0.45850346935647246,0.07289590384781257,1.9303306126436368,0.45850346935647246,0.027560392948323683,0.009552480557028245,0.02834920882067488
elastic_transform/s5,15872.0,0.08827605843544006,0.5742358565330505,0.08931657998511013,0.5701558459274608,0.0022973926627339364,0.46214901667664676,0.0681019936583104,1.89679140730264,0.46214901667664676,0.021290428337307588,0.006394635744787502,0.021818478632022027
elastic_transform/s5,16000.0,0.08817368745803833,0.5627313852310181,0.08910878134382434,0.568805943982653,0.0015379240138962713,0.4392795070314742,0.0691727595479648,1.9072234152408125,0.4392795070314742,0.014252270209272019,0.004280706572956922,0.014605758423089124
elastic_transform/s5,16128.0,0.08819964528083801,0.5267376899719238,0.08894348387782683,0.5611571705261568,0.001029519381203289,0.3973689261946232,0.06561789721419678,1.945100399589724,0.3973689261946232,0.009540775925215152,0.0028655969620620713,0.009777408531158834
elastic_transform/s5,16256.0,0.08840880542993546,0.5663751363754272,0.08884626961457384,0.5621058915896605,0.0006891823956815405,0.40185440513854936,0.06358039548441327,1.893362343406801,0.40185440513854936,0.011035560743325843,0.0019182921812151052,0.01119396769441211
elastic_transform/s5,16384.0,0.08824896812438965,0.5724650621414185,0.08873766934363127,0.5639893771445256,0.003302262595456238,0.3981422050927479,0.060536485837018934,1.912490267955453,0.3981422050927479,0.015393639836441266,0.006449435261805152,0.015499680853284138
elastic_transform/s5,16512.0,0.08815104514360428,0.5783315300941467,0.08863101039817181,0.5665970413171839,0.002210605539107068,0.39875635216952543,0.05913308230818657,1.9235732024338161,0.39875635216952543,0.012629213444229275,0.00431739054715882,0.012700199579471199
elastic_transform/s5,16640.0,0.08817822486162186,0.5302276015281677,0.08854868575516273,0.5599844159009991,0.001479826848493161,0.4110476407085253,0.05707714377358344,1.9383112279997148,0.4110476407085253,0.011295175942004722,0.005731063093552598,0.011342695586257577
elastic_transform/s5,16768.0,0.08817588537931442,0.5920723080635071,0.08848090386864485,0.5658185781123642,0.0038315369812226946,0.42624883386273177,0.056388105501295915,1.8519266469111586,0.42624883386273177,0.018408340919854396,0.006677405872543474,0.01844015159080052
elastic_transform/s5,16896.0,0.0881529226899147,0.5579059720039368,0.08842127092705755,0.5643799224562864,0.002564913185777175,0.4149888887841427,0.055597143228343894,1.8688774695485697,0.4149888887841427,0.01464731912816699,0.004469998972529102,0.014668613874833404
elastic_transform/s5,17024.0,0.08826838433742523,0.6070383787155151,0.0883934733653062,0.5721360054125098,0.0017170080003962905,0.4299202478637649,0.05580762133613789,1.8591618457688437,0.4299202478637649,0.012646139251086992,0.005833222452684771,0.015501303502987649
elastic_transform/s5,17152.0,0.08841477334499359,0.5886927247047424,0.08839734608888572,0.5751463180110975,0.003990311140761153,0.4365581824542558,0.05761014081516054,1.8465711898543757,0.4365581824542558,0.016988324622628483,0.009586702633615425,0.0188996329234876
elastic_transform/s5,17280.0,0.08874228596687317,0.5827584266662598,0.08846006243033798,0.5765303377665816,0.0026712000198483746,0.4265389485850803,0.06204276076326464,1.878459248974635,0.4265389485850803,0.01653763879696617,0.0064175447382053665,0.017817109642995828
elastic_transform/s5,17408.0,0.08817557245492935,0.5482713580131531,0.08840833698026368,0.5713923414477764,0.0017881586909728785,0.41337524657348346,0.05776440041049988,1.9439901290584514,0.41337524657348346,0.013395030930200493,0.004296042345410204,0.014251536207294727
elastic_transform/s5,17536.0,0.08825773000717163,0.5675219893455505,0.08838095389424694,0.5706886410655535,0.0011970318509818441,0.4311644212599352,0.0558165121652829,1.915649783544108,0.4311644212599352,0.018780971118563965,0.002875863057671293,0.019354334155296467
elastic_transform/s5,17664.0,0.0881461575627327,0.5368587374687195,0.08833826365215343,0.5645377495024927,0.0008013188423928046,0.39994271175251855,0.05456333362763079,1.9649692518202193,0.39994271175251855,0.014896765790113065,0.0019251645262097082,0.015280587327099287
elastic_transform/s5,17792.0,0.08819470554590225,0.5953401327133179,0.08831216217828958,0.5701381828135518,0.002860800216808406,0.4048686748095372,0.05271826723883804,1.8876687393025144,0.4048686748095372,0.01694535561156329,0.005937506831594929,0.017202293995826793
elastic_transform/s5,17920.0,0.0881822407245636,0.5828385949134827,0.08828854009579393,0.5724473486499028,0.0019150811368717426,0.41591415421134303,0.05124906877128962,1.8660810546608029,0.41591415421134303,0.01134358516145972,0.003974694655861068,0.011515585236875786
elastic_transform/s5,18048.0,0.08829449117183685,0.5886251926422119,0.08828962210961991,0.5753887748303226,0.0012819964635257118,0.4305396404224692,0.054875858767248,1.8821577844204584,0.4305396404224692,0.010434548744448241,0.005501655100204516,0.010549689290801145
elastic_transform/s5,18176.0,0.08822514116764069,0.5529034733772278,0.08827789830198732,0.5713005382024872,0.00369910507062465,0.3943591807786777,0.05263240253315123,1.8810744636904013,0.3943591807786777,0.01834874750661411,0.0065238352323683125,0.01842582506243713
elastic_transform/s5,18304.0,0.0883888527750969,0.5449210405349731,0.0882980718425527,0.5665042658993027,0.002476260419178484,0.36807308795928007,0.05687524639757588,1.9013200474883207,0.36807308795928007,0.012283045851535062,0.004367195486130853,0.012334643223614937
elastic_transform/s5,18432.0,0.08851251751184464,0.5767870545387268,0.08833706196424215,0.5683738638337434,0.001657661933499646,0.4018712407000139,0.056587331084719146,1.876090725034321,0.4018712407000139,0.015712204247721816,0.008088783755178505,0.01574674463729595
elastic_transform/s5,18560.0,0.08842349797487259,0.5314615964889526,0.08835277760253858,0.5616625424983269,0.001109674517466705,0.3780088470801745,0.05426530348822087,1.8738875101860348,0.3780088470801745,0.018524285488144356,0.0054148056542930485,0.018547407567115468
elastic_transform/s5,18688.0,0.0882052406668663,0.5365921258926392,0.08832595270514361,0.5571042849336564,0.0030672201315272984,0.3597104678801168,0.05150108952025846,1.8712853148779383,0.3597104678801168,0.014724934913551178,0.0059491674214689,0.014740413330052502
elastic_transform/s5,18816.0,0.08819872885942459,0.5417482256889343,0.08830282109683106,0.5543122741618887,0.002053263063253811,0.3544342801511525,0.0507008622512609,1.85550496004443,0.3544342801511525,0.01218156799998054,0.003982500505280833,0.015032838675489692
elastic_transform/s5,18944.0,0.08822114765644073,0.5393305420875549,0.08828797138039644,0.5515883228756462,0.0013744984142442865,0.35658410489457315,0.052269361707507914,1.9119905419599312,0.35658410489457315,0.010478983537177055,0.004990351577915267,0.012387685394336071
elastic_transform/s5,19072.0,0.08878736943006516,0.5193352699279785,0.08837877102579075,0.5457241314306156,0.000920118773171795,0.3425273760038051,0.054336103696206436,1.9510785800888146,0.3425273760038051,0.0070148567480276145,0.003340648576951542,0.008292582784638194
elastic_transform/s5,19200.0,0.08859442919492722,0.5534053444862366,0.08841798160199738,0.5471207156225467,0.0006159472779083915,0.3509377475727951,0.05169670180992742,1.9136924607995078,0.3509377475727951,0.009861185095787081,0.0045606821052320235,0.010716522359964412
elastic_transform/s5,19328.0,0.08825420588254929,0.604835033416748,0.08838820419846136,0.5576142279487651,0.00041232834306264226,0.39634055829253223,0.0490271756240022,1.8578560162993474,0.39634055829253223,0.00892566936164259,0.003053018599370197,0.009498250505430721
elastic_transform/s5,19456.0,0.08887941390275955,0.5247803926467896,0.0884775150537883,0.5516444397120422,0.00027602145279400015,0.3841205390222736,0.05047300155764739,1.8076031869456035,0.3841205390222736,0.013464704283413634,0.004368136417760214,0.013848002404461886
elastic_transform/s5,19584.0,0.08823120594024658,0.577260434627533,0.08843273157859889,0.5563018933330406,0.0001847746915397852,0.3730992864529269,0.04847053753363195,1.7345439037427703,0.3730992864529269,0.011854471462450448,0.0029241243788312174,0.012111059460838122
elastic_transform/s5,19712.0,0.08833828568458557,0.6079090237617493,0.0884155595978692,0.5656850079564422,0.00012369214888200493,0.38741563803873613,0.04661481631928528,1.7173431572345805,0.38741563803873613,0.02059059659883046,0.001957471691614286,0.020762362118412293
elastic_transform/s5,19840.0,0.08829790353775024,0.5998002886772156,0.08839416758693848,0.57188778626931,8.28021823094413e-05,0.41249517918295553,0.0469273041680366,1.7306376866559192,0.41249517918295553,0.01610816797111791,0.0013103736117417945,0.016223151500755335
elastic_transform/s5,19968.0,0.08832235634326935,0.5933846831321716,0.08838111099718045,0.5757963129716485,0.0028963386509674774,0.41792032656049083,0.04850855419670888,1.6787590907763354,0.41792032656049083,0.021630261203806202,0.00939991952521558,0.021707233649265967
elastic_transform/s5,20096.0,0.08834248036146164,0.5571609139442444,0.08837408724523158,0.5724080586030296,0.0019388713283336003,0.43420699546611363,0.046971329022083,1.780072987627083,0.43420699546611363,0.016804141797589274,0.0062925081119211725,0.016855668806533414
elastic_transform/s5,20224.0,0.08826718479394913,0.5631771683692932,0.08835465043590748,0.5707297149241684,0.001297922128884476,0.4203162531632661,0.04546884626280915,1.7598680887064544,0.4203162531632661,0.0112490536000391,0.00421234014103814,0.01360792705230749
elastic_transform/s5,20352.0,0.08852026611566544,0.5825183987617493,0.08838476237768166,0.5728731119855467,0.0008688569623110953,0.4252220372415252,0.04703880855454753,1.7116375597619629,0.4252220372415252,0.012695647451265845,0.005144211168794126,0.014274728026751293
elastic_transform/s5,20480.0,0.08821336925029755,0.5593875050544739,0.08835359999088453,0.5704211834526244,0.0005816315202247827,0.4385783885666407,0.04544153729336597,1.7120470514775246,0.4385783885666407,0.011339648293822589,0.0034436454931597036,0.012396718761709544
elastic_transform/s5,20608.0,0.0885324627161026,0.5498818159103394,0.08838612048637873,0.5666867529903907,0.0003893566375058462,0.394575202263619,0.0456832817443005,1.723081181841904,0.394575202263619,0.012239764560327515,0.004629630454098644,0.012947390245441923
elastic_transform/s5,20736.0,0.08826081454753876,0.555830717086792,0.08836333758840782,0.5647129282806455,0.0002606436994873846,0.3937858792012655,0.04467976591727551,1.7398139361690137,0.3937858792012655,0.013358850656087013,0.0059400831965453725,0.013832550494882606
elastic_transform/s5,20864.0,0.08830028772354126,0.5315302610397339,0.0883518739766139,0.5586797160550251,0.00017448049304527396,0.4092698860768802,0.044500155524532216,1.7110325653495562,0.4092698860768802,0.014624519860686348,0.0068173284208278935,0.014941624711450338
elastic_transform/s5,20992.0,0.08823797106742859,0.5328432321548462,0.08833116435676203,0.5539821735277198,0.00011680099121212553,0.3801207501836966,0.04242773799746603,1.7699638779913065,0.3801207501836966,0.009789967840624744,0.004563666132950903,0.010002244641549399
elastic_transform/s5,21120.0,0.08828044682741165,0.5473819971084595,0.08832194298778923,0.5527821414514906,7.81890932907617e-05,0.36473992367668945,0.04331910292805053,1.7927958126668502,0.36473992367668945,0.006553614835459538,0.003055016171644819,0.009020097652607448
elastic_transform/s5,21248.0,0.08828014135360718,0.5599825978279114,0.08831434269066521,0.5540913153381125,5.234145914505535e-05,0.3833692877505111,0.04289850706490654,1.7407097195956278,0.3833692877505111,0.007228039683241508,0.0020450934702746304,0.008879156279844654
elastic_transform/s5,21376.0,0.09007636457681656,0.573614239692688,0.08863471030632909,0.5576409379480353,3.5038497444210605e-05,0.39274101080819335,0.04664100167058839,1.7181898087880716,0.39274101080819335,0.010003894333409605,0.004209938604068141,0.011109187261714188
elastic_transform/s5,21504.0,0.08849130570888519,0.5977035164833069,0.08860863674315747,0.5649250431362665,2.3455523082488086e-05,0.4114113378137492,0.046791547915260454,1.6270141392867081,0.4114113378137492,0.011862111082695685,0.007983512619252226,0.012602017918998752
elastic_transform/s5,21632.0,0.08827361464500427,0.5408486127853394,0.08854772363440233,0.5605475103451888,1.570163115439285e-05,0.385169986470361,0.044275109944876864,1.6651236398354257,0.385169986470361,0.010265132212383062,0.007668715059168845,0.010760441747428916
elastic_transform/s5,21760.0,0.08938588201999664,0.5774686336517334,0.08870011606814675,0.563624078219106,1.0511009285172073e-05,0.3911055281330515,0.058091788361133975,1.7038429161488695,0.3911055281330515,0.009712609166967173,0.00513360264291468,0.01004418001274167
elastic_transform/s5,21888.0,0.0882350280880928,0.5564014911651611,0.08861555461722784,0.5623108805729341,7.036295471892048e-06,0.36150452709733194,0.05056609698516449,1.7363722833613013,0.36150452709733194,0.0065018292770606684,0.0034365439179842067,0.00956469901679401
elastic_transform/s5,22016.0,0.08828409761190414,0.5246138572692871,0.08855528970716897,0.5554568763359073,4.710247382010378e-06,0.3424637743378833,0.046420674108848745,1.7569453860135245,0.3424637743378833,0.00719337331770177,0.00230049634179108,0.009243724135209214
elastic_transform/s5,22144.0,0.08828597515821457,0.5668386220932007,0.08850632342554089,0.5575262846554152,3.1531408094449634e-06,0.3733641795154425,0.042368368010171575,1.726016414830278,0.3733641795154425,0.0071397788325111,0.0015400016833477476,0.008512327726875588
elastic_transform/s5,22272.0,0.08870106190443039,0.5842210054397583,0.08854173042170262,0.5623798702525684,2.110780211281339e-06,0.3868181697582714,0.046229133894426386,1.647642726298899,0.3868181697582714,0.01614315773085454,0.012394546581414609,0.017061971453528287
elastic_transform/s5,22400.0,0.08827061951160431,0.5745751261711121,0.08849243752895747,0.5645971895104854,1.413001629039574e-06,0.3888514194249585,0.04312985099889854,1.615901045910379,0.3888514194249585,0.013647485753712541,0.008297175810699034,0.017103468493684222
elastic_transform/s5,22528.0,0.0882587656378746,0.5396875739097595,0.08844995173057876,0.5600681684921716,0.0028418549845615885,0.3824645865572036,0.04035338657294583,1.6126438819825215,0.3824645865572036,0.011976829306204261,0.008395216865013402,0.014290338413127452
elastic_transform/s5,22656.0,0.08837629109621048,0.6110384464263916,0.08843655888796634,0.5693354917529388,0.001902398791318088,0.4179618306705247,0.040362364737027326,1.5621880449869616,0.4179618306705247,0.010858455981839214,0.005619938562529632,0.012407168689779532
elastic_transform/s5,22784.0,0.08824938535690308,0.5472007989883423,0.08840252733686392,0.5653110021593758,0.001273506628898885,0.40324304367200414,0.04006108507566962,1.5570236411629046,0.40324304367200414,0.01010979284734691,0.00376210763276777,0.01347091457745572
elastic_transform/s5,22912.0,0.08828143775463104,0.6022735834121704,0.0883805110491852,0.5720314714780658,0.0008525127019901627,0.4210242689043994,0.038405521868289855,1.580046794403003,0.4210242689043994,0.009092092732521486,0.004842815853340407,0.01134209984110672
elastic_transform/s5,23040.0,0.0883428305387497,0.625553548336029,0.08837366004728783,0.5817627581795136,0.0005706903211669682,0.42982822959715994,0.03681242102145105,1.5901592246482925,0.42982822959715994,0.01073520257301025,0.0032418849927320077,0.015082314769666483
elastic_transform/s5,23168.0,0.08830758929252625,0.5805452466011047,0.08836164718278572,0.5815413924379846,0.0027064125290456563,0.4184180710526442,0.03759767887550238,1.5645024617307792,0.4184180710526442,0.009510755441436612,0.004494567639762749,0.015261714845809793
elastic_transform/s5,23296.0,0.08825061470270157,0.5362635850906372,0.08834145945913405,0.573309063829376,0.001811730701261968,0.4100050723575552,0.036339684272614484,1.6236237171130288,0.4100050723575552,0.006366704055837731,0.003008760155543658,0.010216519855459447
elastic_transform/s5,23424.0,0.08864066749811172,0.5683581233024597,0.08839586092076634,0.572408892824482,0.0012128114611753668,0.391976536041008,0.03774444356215391,1.6177641036012855,0.391976536041008,0.007102917591097984,0.00485503779007468,0.009680067010679463
elastic_transform/s5,23552.0,0.09026958793401718,0.5844253301620483,0.08873653855953922,0.5745936996131304,0.0008118820525223529,0.39617850759769957,0.04335669965182814,1.5982002020159913,0.39617850759769957,0.010436663841974683,0.006090975710711148,0.015002772131116003
elastic_transform/s5,23680.0,0.08834606409072876,0.5766819715499878,0.08866554320157369,0.5749733854198318,0.0005434912913579386,0.39382610839184845,0.03993912628542957,1.6159993686152585,0.39382610839184845,0.006986527034710324,0.004077430021219858,0.01004317803818509
elastic_transform/s5,23808.0,0.08843857049942017,0.5941241979598999,0.08862427543754577,0.5784553513362077,0.0003638247487602729,0.41032987421272493,0.04162080837522473,1.525190831961152,0.41032987421272493,0.009842220576954845,0.002729519270403376,0.01188840843878506
elastic_transform/s5,23936.0,0.08826740086078644,0.5313910245895386,0.08855938915086226,0.5698982010186314,0.0030844611954510917,0.4071733042250472,0.03854154926866839,1.585081432649709,0.4071733042250472,0.00942950303085407,0.004668107941344408,0.01079926515323628
elastic_transform/s5,24064.0,0.0882907435297966,0.5564307570457458,0.08851054449248669,0.5674495748417431,0.0020648046019135407,0.3890478317539572,0.03777102308897066,1.6482190137192447,0.3890478317539572,0.011477601202472557,0.005449311927676835,0.012394549400100319
elastic_transform/s5,24192.0,0.08843640983104706,0.5703316926956177,0.08849706546313403,0.5679735962697202,0.0013822245682231138,0.381046482413806,0.03741488705256581,1.5873011710655849,0.381046482413806,0.018013931383473365,0.008813175753238211,0.018627756209984508
elastic_transform/s5,24320.0,0.08879054337739944,0.5648454427719116,0.08855042508390956,0.5674048410883005,0.0009252908266617536,0.37749805847535767,0.04132891075789263,1.594675910830321,0.37749805847535767,0.012058912744308614,0.005899729223242107,0.012469820272799545
elastic_transform/s5,24448.0,0.08828124403953552,0.5396729707717896,0.08850148307584155,0.5623626828489348,0.0006194095616496036,0.382870601128132,0.04000185680745109,1.5812002029723171,0.382870601128132,0.008072495308173534,0.003949405513079427,0.00834756563716333
elastic_transform/s5,24576.0,0.08881714195013046,0.5005820989608765,0.08855887559843953,0.5511298494147423,0.00041464607019518914,0.36219023711883214,0.038779748326901495,1.675421711287884,0.36219023711883214,0.010052662148446745,0.004968197079003583,0.010236800137274625
elastic_transform/s5,24704.0,0.0882626548409462,0.5222055912017822,0.08850501727889529,0.5458708933760222,0.003118482080048019,0.3418897455093008,0.03596327747815466,1.6602107647286386,0.3418897455093008,0.012411286231604843,0.006166726970242067,0.012534552158010285
elastic_transform/s5,24832.0,0.08830634504556656,0.5381905436515808,0.0884688950546537,0.5444744661533965,0.004411959078379252,0.35438487096077154,0.03562020978150969,1.5682633489791922,0.35438487096077154,0.015798051113718944,0.006452519707352126,0.015880567973544073
elastic_transform/s5,24960.0,0.088309645652771,0.516343891620636,0.08843994061794776,0.539359816238349,0.002953460209493548,0.35216053345307846,0.03518819340055923,1.5598104064165512,0.35216053345307846,0.015740844133977142,0.004319455341285307,0.015796082693033633
elastic_transform/s5,25088.0,0.08830133825540543,0.5121974349021912,0.08841474018839461,0.5344212014499566,0.001977109727016342,0.35092977859255664,0.03485412612572558,1.575863241512598,0.35092977859255664,0.013378168387207838,0.0028915362201992548,0.013415146265584498
elastic_transform/s5,25216.0,0.08832370489835739,0.5961012244224548,0.08839818831747875,0.5456357510813199,0.0013235197346142453,0.39401084352063703,0.03367344260595349,1.5290506246339577,0.39401084352063703,0.013604393713750699,0.004260036643273881,0.01647005659101111
elastic_transform/s5,25344.0,0.0882548987865448,0.5423583984375,0.08837213567549075,0.5450398687824435,0.0008859925496178004,0.38256097789398014,0.033277901508423136,1.4613228932677838,0.38256097789398014,0.011431453643089309,0.0028517600669849944,0.013349789949354542
elastic_transform/s5,25472.0,0.08835824579000473,0.521177351474762,0.08836961024176601,0.540701229271956,0.0005931024505705936,0.3668899934662181,0.035413115476437246,1.4545946830136631,0.3668899934662181,0.010493369794134164,0.004749938557237888,0.011777545337997668
elastic_transform/s5,25600.0,0.08829468488693237,0.5601222515106201,0.08835598744997808,0.5442323242244403,0.00039703552476213285,0.36363090471705506,0.03438260498326257,1.4598384555406376,0.36363090471705506,0.0070244872175608845,0.0031797109350104867,0.007884141920477776
elastic_transform/s5,25728.0,0.08832204341888428,0.5056307911872864,0.08834981580796102,0.5372138636722305,0.0002657841116176261,0.3371723411742269,0.0332740474775294,1.4638959260965405,0.3371723411742269,0.007026722848119268,0.002128566824263218,0.007602194178171072
elastic_transform/s5,25856.0,0.08827342838048935,0.5084353089332581,0.08833592718478435,0.5319813991742355,0.0001779215953803943,0.34502859202572206,0.03216698500105469,1.461755724211851,0.34502859202572206,0.0047038392619641375,0.0037492885352505834,0.005089072135800469
elastic_transform/s5,25984.0,0.08826377242803574,0.5426307320594788,0.08832280813810277,0.5339176415170069,0.00011910453905629701,0.3456389748271362,0.03150109082334684,1.4508977042108682,0.3456389748271362,0.005473231241480124,0.0025098543087214644,0.005731114404957338
elastic_transform/s5,26112.0,0.08829991519451141,0.5370644330978394,0.08831864578472251,0.5344897854407946,7.973113771537236e-05,0.36593394182642996,0.030400468299847758,1.456402978805194,0.36593394182642996,0.0036638985996685124,0.001680150405011889,0.003836531130591276
elastic_transform/s5,26240.0,0.08833935856819153,0.5137439370155334,0.08832241174535324,0.530717812999838,5.33737368177286e-05,0.36247437428050266,0.029556943403090122,1.4864615901615554,0.36247437428050266,0.005293601541926855,0.0011247287835203553,0.005409165467585895
elastic_transform/s5,26368.0,0.08826837688684464,0.5020319223403931,0.0883125872256244,0.5255021965163025,0.0023601096915887273,0.3521522670803364,0.02906480166815867,1.441787365586972,0.3521522670803364,0.005868030784265084,0.0059182068716128,0.005945391759293037
elastic_transform/s5,26496.0,0.08827299624681473,0.5588679313659668,0.08830538886584083,0.531568693761696,0.0015799081406503046,0.36125482341741527,0.028142202381896835,1.3799179480787205,0.35893044325212603,0.003928185896904725,0.003961774847939146,0.00397997299589038
elastic_transform/s5,26624.0,0.08826752007007599,0.5500717759132385,0.08829850363024722,0.5349328905165219,0.0010576244577906997,0.36295777435380683,0.029750365279538872,1.384552350543093,0.3614017843258033,0.0026296120466882864,0.0026520972122567833,0.0026642794435299236
elastic_transform/s5,26752.0,0.08829539269208908,0.5081038475036621,0.08829793800512754,0.530054882696002,0.0007079965378598898,0.35764115473271363,0.029233293514493892,1.3387243815285625,0.3565995415734716,0.0017603188081136457,0.0017753708610975158,0.0017835259084787091
elastic_transform/s5,26880.0,0.08831720054149628,0.5044078826904297,0.0883014402844673,0.5253917917858979,0.0004739480955921576,0.34013581432520495,0.02948100293688001,1.3639504008958454,0.339438536094638,0.0011783952351835146,0.0011884714028834607,0.0011939305668328547
elastic_transform/s5,27008.0,0.08861677348613739,0.4862680435180664,0.08835877359386185,0.5182783830099285,0.00031727103919805587,0.3379731484325752,0.03204743501946074,1.3354984992882493,0.33750637540219564,0.0036297521822302864,0.003636497385401325,0.0036401518670533986
elastic_transform/s5,27136.0,0.08827074617147446,0.5007005333900452,0.08834276860797324,0.5150824103517678,0.00021238805103340928,0.32283739688461643,0.03107732508175827,1.3052854114371977,0.32252492898824664,0.0024298341054599434,0.005275258580309977,0.002436795877944837
elastic_transform/s5,27264.0,0.08830258250236511,0.4834482669830322,0.08833546204331721,0.5093307479210887,0.00014217712507195163,0.299791976426892,0.03003389296872013,1.3172808986241116,0.2995828037028758,0.0016265831615062426,0.006372280537232298,0.004472152612508527
elastic_transform/s5,27392.0,0.08826489001512527,0.4767242968082428,0.08832263076546414,0.5034023022642076,9.517642256882711e-05,0.307350413971721,0.02896710276220702,1.2980804382671778,0.30721038925564415,0.001088869719685997,0.004265741516659637,0.0029937550546544674
elastic_transform/s5,27520.0,0.08827514201402664,0.48732244968414307,0.08831399644702095,0.5004786927041958,6.371314238078509e-05,0.3124101944769372,0.030130192285133417,1.3134200177669682,0.31231645892319976,0.005894202043756742,0.005179959197102732,0.007169373218405057
elastic_transform/s5,27648.0,0.08836415410041809,0.47997230291366577,0.08832311602036588,0.49675025819682667,4.265094655242638e-05,0.3075328574597678,0.0315709775495266,1.302774806791505,0.3074701088659436,0.006270085665655338,0.005791956156738192,0.009448092815626525
elastic_transform/s5,27776.0,0.08827302604913712,0.488733172416687,0.08831400875286974,0.4952926062368012,2.855146008881435e-05,0.3164062930102578,0.031435418601392824,1.2454944508946861,0.31636428775323494,0.004197330073703159,0.006201640071866062,0.006324756347650813
elastic_transform/s5,27904.0,0.08864246308803558,0.5247023105621338,0.08837372772289989,0.5006398252050435,1.911296088590051e-05,0.33293520441182545,0.031373231219853644,1.273441574685034,0.3329070851901821,0.0056506920328095525,0.006992420213397942,0.007074836893881949
elastic_transform/s5,28032.0,0.0885293036699295,0.48451757431030273,0.08840201425872345,0.49770850686054513,1.2794626708743315e-05,0.30551860791204843,0.031207118704431148,1.2821254992837483,0.30549978430086566,0.006107074831880774,0.010362694523018457,0.007060428003342461
elastic_transform/s5,28160.0,0.08829113841056824,0.45930901169776917,0.08838185501360431,0.4907267804673131,0.002849474088953787,0.3011116300898836,0.029371648605989224,1.2397715058641465,0.30109902916008363,0.009770025300680517,0.017267588895574337,0.01040822039893173
elastic_transform/s5,28288.0,0.08844903856515884,0.4503173828125,0.08839407020479603,0.483379617257347,0.0019074991835145185,0.30255200030810386,0.029623057380708383,1.1469777989519392,0.30254356497493196,0.006540264870703486,0.017241113227615876,0.009808395473665042
elastic_transform/s5,28416.0,0.08838208019733429,0.46068623661994934,0.08839189020343935,0.47925354805054743,0.0012769209410303799,0.314105058057491,0.02933622447802983,1.13422914610319,0.3140994112642106,0.006702574004355226,0.013865951830056907,0.008890330854271638
elastic_transform/s5,28544.0,0.08830071985721588,0.43318629264831543,0.08837531377685326,0.4708776834319598,0.0008547983158963699,0.2934298322533617,0.028173873844513166,1.1314760937134938,0.29342605216860373,0.004486847060766721,0.009282166101112474,0.005951378505752087
elastic_transform/s5,28672.0,0.08835061639547348,0.4024055004119873,0.08837082334387511,0.4584281956101466,0.0005722203602281483,0.2819137720043165,0.028142943777938502,1.1073224863082267,0.28191124153435454,0.003003591834066978,0.008538061604876945,0.0039839806526109
elastic_transform/s5,28800.0,0.08836574852466583,0.4084435999393463,0.08836990064947342,0.44934008730636466,0.0003830566047808265,0.2695559134904928,0.027263535745234893,1.1012270033312548,0.2695542195395266,0.004851578004623349,0.008556470991694484,0.005507871345962668
elastic_transform/s5,28928.0,0.08830054104328156,0.43566012382507324,0.08835728981198399,0.4468528212188571,0.0002564263222086524,0.2765209007663629,0.026108381966344414,1.1309062564144525,0.2765197667991872,0.00324775056507844,0.0057278855398946536,0.003687087429941951
elastic_transform/s5,29056.0,0.08838902413845062,0.4326797425746918,0.08836305968952338,0.4442758978290089,0.00017165729007356068,0.2765346525791354,0.026800982835839142,1.0816309036838856,0.27653389347714186,0.004498494179928542,0.006158749824226998,0.004792595717564446
elastic_transform/s5,29184.0,0.08829786628484726,0.4317880868911743,0.08835120634321862,0.4420053867494026,0.00011491107847899515,0.2561409657761154,0.026375296562655123,1.0519505372588096,0.25614045761692966,0.005852297756811668,0.009804617650928816,0.006049175645642314
elastic_transform/s5,29312.0,0.08830638974905014,0.473415732383728,0.08834305787155161,0.4477163586829163,7.692394509750915e-05,0.25901791923855655,0.024975458654319705,1.0393246285075368,0.2590175790658785,0.003917653870262356,0.008887801898555652,0.004049448159479565
elastic_transform/s5,29440.0,0.0883200392127037,0.39449796080589294,0.08833887266085198,0.43804028634163933,5.1494541759489583e-05,0.2513880285811825,0.02473184285476674,1.012695908898089,0.2513878008622823,0.0026225616817458744,0.008790594659363701,0.002710787610891278
elastic_transform/s5,29568.0,0.08828936517238617,0.43965327739715576,0.08832987129931275,0.4383335574426423,3.447155274808806e-05,0.2806295893807915,0.02415614176971397,0.9851273152837399,0.2806294369408666,0.0017555991423257502,0.013890811300896361,0.004655568565968542
elastic_transform/s5,29696.0,0.08993784338235855,0.42500242590904236,0.08862222985986652,0.4359097153456241,2.307599812062093e-05,0.27618592346978604,0.027739802896467214,1.0280118866583767,0.27618582142322473,0.0040161448803998825,0.016788476986550456,0.00595744672597894
elastic_transform/s5,29824.0,0.08839763700962067,0.37684333324432373,0.08858139479618546,0.42517037314538764,1.544756898983715e-05,0.24221950248803858,0.02772731167191707,1.003860119608731,0.24221943417587766,0.0026884936802676895,0.013562947404219724,0.003988042849622265
elastic_transform/s5,29952.0,0.0885588675737381,0.37346839904785156,0.08857729893755867,0.41577001421856286,0.005692159116431213,0.23446098926885223,0.02868479172358088,0.9569497004507899,0.23446094353922384,0.013163371802493247,0.020442964791254525,0.014033317940656227
elastic_transform/s5,30080.0,0.08972153067588806,0.4003748893737793,0.08878534107180036,0.41297090061042036,0.003810453623396101,0.24295529033700022,0.03315420396051319,0.9434305330315178,0.2406308795593151,0.016818042281007875,0.021691158248691042,0.017400402918951688
elastic_transform/s5,30208.0,0.08829942345619202,0.36312538385391235,0.08869699241441702,0.4039080793819643,0.0025507995330172244,0.24580064890328113,0.029434817436283484,0.9017053598839672,0.244244638382682,0.011258358882327584,0.014520527422677471,0.011648203606901542
elastic_transform/s5,30336.0,0.08873151242733002,0.35287100076675415,0.08870326878040119,0.3946286105428352,0.0017075600179702077,0.23453390546417988,0.02957136152892892,0.9110545170610675,0.23349227858675403,0.007536587350979621,0.009720353068073347,0.007797557786438221
elastic_transform/s5,30464.0,0.09004075080156326,0.3581327795982361,0.08894644732970337,0.3879930049165444,0.0011430773674015438,0.21614459787271542,0.03069295636389836,0.8785442173290087,0.21544731045890145,0.007886062606854125,0.012188831392677197,0.008060761823979305
elastic_transform/s5,30592.0,0.08831772208213806,0.31554871797561646,0.08883213364832784,0.37482131638183025,0.0007652005517316118,0.20254307791479292,0.028892224477219917,0.8712819992382946,0.20207629873695054,0.008120008852522183,0.013841283824850024,0.008236956262333252
elastic_transform/s5,30720.0,0.08833707869052887,0.3045843243598938,0.08874212365600076,0.3620509541960236,0.0005122416916550459,0.19085528356279524,0.02736207783234969,0.8178660505806852,0.19054281155118175,0.005435708405407411,0.012106561899279767,0.005513995514454491
elastic_transform/s5,30848.0,0.08831842988729477,0.34119856357574463,0.08866508842532693,0.358259610446882,0.00034290559524015465,0.19594444602137528,0.026274640237582386,0.7803181481570179,0.1957352705425266,0.006479689097834713,0.010945301767286454,0.006532096170833172
elastic_transform/s5,30976.0,0.08831024169921875,0.3574095666408539,0.0886005708387618,0.3581050570276041,0.00022954837367316133,0.1983181828738132,0.024681938941638868,0.7680782226237254,0.19817815631359215,0.004337643115079435,0.007327020191323989,0.004372725535846999
elastic_transform/s5,31104.0,0.08831139653921127,0.33320945501327515,0.08854799369338898,0.3535785839340897,0.00015366461378120715,0.1929340728328832,0.024333100683303712,0.818058793167536,0.19284033604463602,0.0029037115067887124,0.007745773847084653,0.00292719643308766
elastic_transform/s5,31232.0,0.08831026405096054,0.3108349144458771,0.08850477012203833,0.3458070076635056,0.00010286639434940312,0.18519760247490527,0.023350647726185187,0.8226777516945123,0.18513485305467367,0.0019438068764453362,0.00802609654226328,0.0019595281907446313
elastic_transform/s5,31360.0,0.0883593037724495,0.3024822473526001,0.08847832169484036,0.3379297785160682,6.886097472976572e-05,0.17691946942534978,0.0232365348858831,0.8036302354830498,0.1768774636151121,0.004142135181752663,0.016219948924986162,0.004152659367357976
elastic_transform/s5,31488.0,0.08831192553043365,0.33070439100265503,0.08844806784676641,0.3366160716954476,4.609701614141341e-05,0.18067542994589525,0.02354920405722437,0.7777300263393168,0.180647310353918,0.002772834295222857,0.010857982338213876,0.0027798794112065786
elastic_transform/s5,31616.0,0.08830267935991287,0.25983792543411255,0.0884216335764294,0.3226564087388412,3.085833311945856e-05,0.1529728084761778,0.023243075488907486,0.7311354658662843,0.1501130755261765,0.0018561948587855488,0.007268566689217552,0.0018609110108077094
elastic_transform/s5,31744.0,0.08841896802186966,0.2886003255844116,0.08842114893014581,0.31646439361985396,2.0657231261786304e-05,0.15534749988901156,0.025376940468873968,0.661026522405897,0.15343313320347352,0.004083485814558921,0.0077066438167489384,0.004086642908061359
elastic_transform/s5,31872.0,0.08830787986516953,0.31103816628456116,0.08840055455469559,0.3154778068316189,1.38283944810305e-05,0.15461278918190027,0.024102347310860597,0.6629752160097638,0.15100689082215996,0.002733573148589029,0.005158992968236892,0.0027356865748179343
elastic_transform/s5,32000.0,0.08842386305332184,0.32237881422042847,0.08840479246353672,0.3167325354477661,9.25702440465678e-06,0.14146599936970183,0.023540832529505184,0.6726782964936169,0.13905213352557813,0.006995201859799267,0.008618830003530482,0.006996616632729361
elastic_transform/s5,32128.0,0.08837728947401047,0.2511727809906006,0.08839979191998648,0.3048125800919178,6.196851047745447e-06,0.13938013180946981,0.026148177168858998,0.6643202272237931,0.1377642381452217,0.004682738435072236,0.00576963000236338,0.00468368551447172
elastic_transform/s5,32256.0,0.08837791532278061,0.2844080328941345,0.08839581435685813,0.30110266241959355,4.148305246837861e-06,0.143665625426174,0.024831343005425416,0.6440760279339774,0.140259531320355,0.0031347257292632315,0.0038623142991027577,0.003135359724563713
elastic_transform/s5,32384.0,0.0885264202952385,0.273227721452713,0.0884195608911091,0.29603449133470616,2.776964669370799e-06,0.14162740214479416,0.026437077717564823,0.6088794134504046,0.13934728956155998,0.0020984527609117496,0.008267334365515069,0.0020988771709889316
elastic_transform/s5,32512.0,0.08831299841403961,0.29046401381492615,0.08840018589527827,0.2950216772402007,1.858959819992022e-06,0.13793859151841592,0.02470337821205102,0.6162837647358594,0.13641223516104428,0.0014047493688748073,0.005534331269477028,0.0014050334781000283
elastic_transform/s5,32640.0,0.08833162486553192,0.24962955713272095,0.0883877202535062,0.28676856449338617,1.2444276480938329e-06,0.13546922242141893,0.02360923712049396,0.5858099400995203,0.13444744667805444,0.0009403694122219784,0.0037048002713028034,0.0009405596010421675
elastic_transform/s5,32768.0,0.08836459368467331,0.2628234028816223,0.08838351542280931,0.28241489874579273,8.330466074016566e-07,0.14233890095979282,0.022766885706720946,0.5783770862195775,0.13933052215638353,0.0006295034908262829,0.0053209819997977435,0.0006296308073092194
elastic_transform/s5,32896.0,0.0886300653219223,0.2476930320262909,0.08842834267719349,0.27610183206951966,5.576592991697038e-07,0.13195827254333237,0.023578023585931605,0.5747265173883844,0.12477910987328152,0.0004214031632804042,0.006402888776724109,0.000421488391669808
elastic_transform/s5,33024.0,0.08836550265550613,0.20172926783561707,0.08841691721870487,0.26257954766335556,3.7330911762600004e-07,0.11132124029760265,0.023554980309736528,0.5609615424326466,0.10419097437798185,0.0002820963324439069,0.004286231329873163,0.0002821533861591276
elastic_transform/s5,33152.0,0.08833400905132294,0.21673086285591125,0.0884018430064536,0.25424342315291115,2.4990114485707437e-07,0.11016132614963482,0.022795427816026427,0.571062697936651,0.1053881729307151,0.00018884134651203681,0.0051936755183448445,0.00018887953949495317
elastic_transform/s5,33280.0,0.08842223137617111,0.20864015817642212,0.08840554998276587,0.24595192042991312,0.0023245474544854004,0.10189518527372247,0.023289490272601073,0.5554918646117387,0.09637555378006547,0.002450794620392355,0.005801138156908532,0.002450820187595795
elastic_transform/s5,33408.0,0.08833625912666321,0.21795427799224854,0.08839295164529265,0.24086143998670137,0.0015561020149860941,0.11573148766257453,0.024012182223402512,0.5265285066856557,0.11203652773706861,0.0039649947458824854,0.006207786700079264,0.003965011861117846
elastic_transform/s5,33536.0,0.08830364793539047,0.19782300293445587,0.08837671460712862,0.23303626961356583,0.0033660682910237488,0.09580992149312839,0.023081011758000456,0.5115561354419602,0.09049552683225254,0.0049786328464172,0.0064800059727803325,0.004978644303723517
elastic_transform/s5,33664.0,0.08830506354570389,0.2153412252664566,0.08836368714141503,0.22981898882318233,0.005094227533660525,0.09796986480118511,0.022197896882898346,0.497666141324416,0.09441229482159053,0.0061737128971883735,0.007178764328886007,0.006173720566955412
elastic_transform/s5,33792.0,0.08857500553131104,0.19742341339588165,0.08840210866685067,0.22392888420003673,0.005734565539062004,0.09476701693302472,0.022188854991285804,0.4478578908678847,0.09238550314503166,0.006457196236960811,0.007129999261485673,0.006457201371267672
elastic_transform/s5,33920.0,0.08831488341093063,0.21770638227462769,0.08838624952941065,0.22279752021359872,0.003838841393917539,0.09959610224442149,0.02076242245376597,0.45051242466011776,0.09800186574171539,0.004322585910692774,0.00477297471223421,0.0043225893477081105
elastic_transform/s5,34048.0,0.08834317326545715,0.2020784318447113,0.0883784174814191,0.21903041323743735,0.0025698029165894267,0.0896573081140342,0.021065315199734067,0.4146529224272248,0.0885900919428012,0.0028936318906290464,0.003195131832156785,0.0028936341914409663
elastic_transform/s5,34176.0,0.08834297209978104,0.21461492776870728,0.08837197286657582,0.21822759769766822,0.0017202812912706076,0.08920241286972536,0.021232366155659727,0.4393399368692116,0.08848799543278427,0.0019370593648012622,0.0021388899041710706,0.0019370609050142003
elastic_transform/s5,34304.0,0.08831150829792023,0.183686301112175,0.08836097930863844,0.21194736195485125,0.0011515932610985057,0.08089169787146902,0.02047122322722507,0.4079148170774491,0.0804134514880622,0.0012967091615611753,0.00143181886146989,0.0012967101926128115
elastic_transform/s5,34432.0,0.08833055198192596,0.2023574858903885,0.08835544706741798,0.21020374812494894,0.0007709012739585037,0.08049361593048752,0.019841911917509683,0.4404979100170298,0.08017346752506642,0.0008680449759211172,0.003799399403132736,0.0037089547570383283
elastic_transform/s5,34560.0,0.08939237892627716,0.22174102067947388,0.0885439801326651,0.21230143404395346,0.0005160578776085851,0.08771680074685527,0.022808277519298863,0.4393820946355723,0.08466157743413535,0.0029054681243769463,0.00719215993102274,0.004807234176199211
elastic_transform/s5,34688.0,0.08835938572883606,0.20753860473632812,0.08851041751378709,0.21143546507893066,0.0003454602321181437,0.08971124678095269,0.022115552151186855,0.4433330435235187,0.08482510555508234,0.001944982794004402,0.0048145864001061306,0.003218065853488727
elastic_transform/s5,34816.0,0.08833730220794678,0.1787574142217636,0.08847894200363429,0.20549400128671844,0.00023125850249231103,0.07839141313435675,0.02271390519845478,0.4209041042375414,0.07512052520629478,0.0013020132753252607,0.0032229875901536903,0.002154242430847825
elastic_transform/s5,34944.0,0.0883122980594635,0.19258204102516174,0.08844864310469414,0.20314637214825357,0.00015480941075931561,0.07391284680894955,0.024199491888855063,0.4383302241506948,0.07172324414636262,0.0008715956636474885,0.0021575371471276765,0.0014420961727163125
elastic_transform/s5,35072.0,0.08835770934820175,0.140115424990654,0.08843210969442278,0.1916861999377809,0.00010363274604549226,0.062133806541528204,0.022790937410541365,0.3895593181337573,0.06066803946987911,0.0005834648657474923,0.0014443017265896015,0.0009653701652067876
elastic_transform/s5,35200.0,0.0883256271481514,0.16263507306575775,0.08841274923146435,0.18640417687014033,6.937398702218901e-05,0.06612882917242796,0.021743319737571223,0.34622755909584957,0.062306704107935595,0.00039058391839294927,0.003807755701270725,0.0006462395320805767
elastic_transform/s5,35328.0,0.08832166343927383,0.1809665560722351,0.0883961881783388,0.18541551854324848,0.0023708206028826223,0.07190235671873275,0.020610737894358692,0.36359839994671445,0.0693437440722544,0.0025858454329737925,0.004873373651263873,0.0027569867942027
elastic_transform/s5,35456.0,0.08834149688482285,0.19068317115306854,0.08838624430679044,0.18637327356321576,0.004427987345731342,0.08196562722493679,0.020766704068901274,0.3455811100291781,0.07741192785002153,0.006896309752651877,0.008427630295474161,0.007010875457276187
elastic_transform/s5,35584.0,0.0883324146270752,0.1801675260066986,0.08837645709229676,0.18524495582566716,0.002964189876068088,0.08121252731586677,0.020018289213109053,0.36302842936576013,0.07583980294092349,0.004616537933593405,0.005641636809367,0.004693230678011331
elastic_transform/s5,35712.0,0.08831992000341415,0.18676622211933136,0.08836617762159082,0.18552154969724244,0.001984292396376158,0.0807083860544232,0.020231134821749347,0.37584903184166535,0.07711176891086613,0.003090409691083188,0.0037766329054440243,0.003141749462139816
elastic_transform/s5,35840.0,0.08832771331071854,0.1537155658006668,0.08835918411052313,0.1797386435342287,0.001328327967822056,0.0695237956232089,0.019408422714766605,0.35717212150829797,0.06711614282462938,0.0020687866527085803,0.0025281592176939335,0.0021031545986225212
elastic_transform/s5,35968.0,0.08831265568733215,0.1413535326719284,0.08835072439721567,0.1727595324683559,0.0008892112842445167,0.06332791277256132,0.018461158728057984,0.32488537739601986,0.05939179808921471,0.0013848902385900411,0.0016924041044066823,0.0014078968800696214
elastic_transform/s5,36096.0,0.08841052651405334,0.20636047422885895,0.08836159750936796,0.17886879460662916,0.0005952571406926102,0.07183521433535095,0.01934694133876968,0.3394610782285258,0.06920029458864785,0.003767984374593333,0.003973840764106952,0.00378338551475735
elastic_transform/s5,36224.0,0.08838856965303421,0.18600104749202728,0.0883665015354891,0.1801655678585197,0.00039847792062893734,0.07856324265424319,0.024851872675265806,0.3292680503295782,0.07395846166678079,0.0025223697053062804,0.002660174395807133,0.002532679559465664
elastic_transform/s5,36352.0,0.08833332359790802,0.1326606124639511,0.08836046918320163,0.1715283032413254,0.0002667496824044952,0.06343903020655949,0.02292836826008805,0.2996358065489572,0.06035649086784499,0.001688528480411642,0.0017807779013254358,0.0016954301183199896
elastic_transform/s5,36480.0,0.08835508674383163,0.14073187112808228,0.08835949055786163,0.16592895194800847,0.00017856796921292652,0.05279802848538279,0.021625997641111377,0.30908482994535325,0.050734510415664826,0.0011303372472177106,0.001192090991796366,0.001134957351933216
elastic_transform/s5,36608.0,0.08835852891206741,0.12783275544643402,0.08835931571317177,0.159002370765904,0.00011953723558881856,0.04335033311831409,0.021173214789202238,0.2968573295871252,0.039128060691478096,0.0007566720415259053,0.0007980113250868234,0.0007597648388974421
elastic_transform/s5,36736.0,0.0883219912648201,0.14961554110050201,0.0883525294498351,0.15729567446310364,8.002079407185373e-05,0.04219113208746646,0.01948270761772624,0.3002125215495803,0.03936465219842748,0.003347441614575193,0.0033751150192729974,0.0033495119995925024
elastic_transform/s5,36864.0,0.08833436667919159,0.16231077909469604,0.08834922712789992,0.15820751166884772,5.3567639006778105e-05,0.05019612974450234,0.018879480499306257,0.28765604733204,0.04597964320721178,0.002240849345294137,0.0022593745170339896,0.002242235305512336
elastic_transform/s5,36992.0,0.0911477655172348,0.15956176817417145,0.08885805228959717,0.15845374012436111,3.5859328591314264e-05,0.04909823561408833,0.021902500428777373,0.2784955862748054,0.04627562892383598,0.004340981793130786,0.00667776310644424,0.004341909584681811
elastic_transform/s5,37120.0,0.08829087764024734,0.18860581517219543,0.08875492962607902,0.16393593558760372,2.4005005090053346e-05,0.06515047177472029,0.024246551308912154,0.2715173575919042,0.06093657803992325,0.002905946489616476,0.004470238112578375,0.0029065675732167493
elastic_transform/s5,37248.0,0.08833906799554825,0.1570797711610794,0.08867931842052797,0.16268936023732655,1.6069466217308437e-05,0.06298296044423424,0.022209817670465922,0.2540283217122524,0.06016208943168415,0.0019453030219746651,0.0029924734472632094,0.0019457187886822865
elastic_transform/s5,37376.0,0.0887003242969513,0.1504640281200409,0.08868313767078675,0.16046657257963826,1.0757245980181679e-05,0.06566421318994192,0.024692554804470867,0.2588148830854202,0.06145148135509434,0.0013022276428094864,0.00200322602668033,0.0013025059659773984
elastic_transform/s5,37504.0,0.08877255022525787,0.17646215856075287,0.0886993944988724,0.16337486093984088,7.201131606567899e-06,0.05996943197012641,0.023812264786161705,0.2839893846475615,0.05714933875836893,0.0037126482567567632,0.004181911637695097,0.0037128345722658614
elastic_transform/s5,37632.0,0.08833438903093338,0.13952802121639252,0.08863302986833803,0.15903907189921387,4.820592232495866e-06,0.04995887594694412,0.022041121133150602,0.2612608765191663,0.045746664788660185,0.002485326518985932,0.0027994615095314284,0.002485451242591196
elastic_transform/s5,37760.0,0.08832478523254395,0.1365409642457962,0.08857698538910273,0.15494850687131975,3.2270080234063227e-06,0.03860883431159068,0.020779408101097425,0.27199190154283587,0.035789089651913006,0.0016637309755195078,0.0018740196881987246,0.001663814468180883
elastic_transform/s5,37888.0,0.08832917362451553,0.14680816233158112,0.08853192870463232,0.1534684442277309,2.160228511536464e-06,0.043665831233378874,0.019059905597964184,0.27241273580367215,0.03712947323805746,0.001113737264603968,0.0012545090474718732,0.0011137931563855498
elastic_transform/s5,38016.0,0.08833493292331696,0.14302077889442444,0.08849611128984769,0.15156886871258426,0.002325826268673012,0.04989200272647676,0.018491838881392615,0.26472526940829516,0.04035113497754259,0.0030699398217596805,0.00548855564334894,0.0030699772369192522
elastic_transform/s5,38144.0,0.08834923803806305,0.1363103687763214,0.08846940706225048,0.1487945959969001,0.0015569580806819331,0.04192150595739352,0.01801408154273629,0.2358131990290939,0.035534644075875615,0.0020550836823349924,0.006515066174473257,0.002055108728846772
elastic_transform/s5,38272.0,0.09041040390729904,0.13836222887039185,0.08882231557953203,0.1468978019738986,0.0010422611945060873,0.04355902464916426,0.023511332503188785,0.23975758564212596,0.02946947248054483,0.004216626266687061,0.007202234381258957,0.0042166430333602355
elastic_transform/s5,38400.0,0.08832379430532455,0.1866338849067688,0.08873167534785795,0.1541225443253295,0.0006977120392974634,0.050853561955225654,0.021013940421096215,0.2544317058090691,0.0390973328175548,0.0028227002281128255,0.004821330453570045,0.0028227114520841244
elastic_transform/s5,38528.0,0.08832203596830368,0.12515167891979218,0.08865719546066625,0.14885511425159545,0.00046706343126524404,0.04721395469729981,0.019393211400668894,0.22785878059991316,0.03417879304315651,0.0018895761857614778,0.00322750220445598,0.0018895836993290417
elastic_transform/s5,38656.0,0.08838937431573868,0.14200706779956818,0.08860850070704306,0.1476100148966814,0.000312662296962684,0.04942628372298582,0.01930794883972231,0.22119025915581803,0.03605150608674114,0.00410583199212132,0.005001468417858961,0.0041058370218648955
elastic_transform/s5,38784.0,0.08848461508750916,0.13761736452579498,0.08858597604894598,0.14579316937470205,0.00020930285995022645,0.037735776707122734,0.01940265504623179,0.21030855826661804,0.028782413165504395,0.002748532160015098,0.0033480904284840978,0.0027485355270335248
elastic_transform/s5,38912.0,0.08832108974456787,0.1217179000377655,0.08853781490269541,0.1414158476770772,0.0029810209227765978,0.032750809200635875,0.0181857568373679,0.2032366958057085,0.02443285509426327,0.004680835578191925,0.005082192766175305,0.004680837832146409
elastic_transform/s5,39040.0,0.08832444250583649,0.11077480018138885,0.08849901992144832,0.1358447481324066,0.001995559460701689,0.024248475580590956,0.018281289654233163,0.19282340807232573,0.018680258368886978,0.003133451915979718,0.0034021290418198317,0.0031334534248252817
elastic_transform/s5,39168.0,0.08833052217960358,0.12677434086799622,0.08846838396838563,0.13419558317524108,0.001335870382783775,0.023722120016759236,0.017528672549989813,0.2040361083903242,0.017153726676692932,0.002097600042928571,0.002277458284193441,0.002097601052982213
elastic_transform/s5,39296.0,0.08833850175142288,0.14392781257629395,0.08844476901984695,0.13596507942997796,0.0008942603388883122,0.033700344804607416,0.017029068653849747,0.20750937498471678,0.023621502981918407,0.001404178541134002,0.0015245795125592453,0.0014041792172856133
elastic_transform/s5,39424.0,0.08832894265651703,0.1295946091413498,0.0884237096810597,0.13480681210477283,0.0005986370863632503,0.03237378453862149,0.016717626707288737,0.2055940534938617,0.020461501996160255,0.0009399872878665631,0.0010205862852669327,0.0009399877404969807
elastic_transform/s5,39552.0,0.08899859338998795,0.13150480389595032,0.08852823399177391,0.134206446975896,0.0004007405288877956,0.03768410369940777,0.017604454632051573,0.1914546833778944,0.024544476542884136,0.0034701567794809224,0.003524111480220013,0.00347015708248145
elastic_transform/s5,39680.0,0.08835635334253311,0.12889963388442993,0.08849698296463922,0.13324157186835672,0.0002682643209910036,0.03839803636076057,0.017778891064832283,0.18210606104906235,0.019271509090691034,0.0023229975135368158,0.002359115949568769,0.002322997716371879
elastic_transform/s5,39808.0,0.08837109059095383,0.1421930342912674,0.08847409344215096,0.1348691104907041,0.00017958190082868834,0.03835942929935211,0.01688212609313148,0.202869850452022,0.02271481187062788,0.0015550644512105955,0.0015792429083890103,0.0015550645869927453
elastic_transform/s5,39936.0,0.08836065977811813,0.13900525867938995,0.08845346913959953,0.13562113743410154,0.00012021598319936986,0.04453193201031009,0.016318758888086964,0.2165866638878273,0.023728510425792215,0.001040993558248415,0.0010571791370207423,0.0010409936491439036
elastic_transform/s5,40064.0,0.0883311852812767,0.13219083845615387,0.08843123571081356,0.13499744671083833,8.047516230701618e-05,0.03265154126310014,0.016111922016619522,0.19501110155917578,0.018725283838753465,0.0006968634563481124,0.0007076984305676042,0.0006968635171955056
elastic_transform/s5,40192.0,0.08843471854925156,0.1339489370584488,0.08843186895416591,0.13480680859222205,5.387180286668025e-05,0.031671692911662074,0.021158534196628262,0.20243939965902008,0.01770039661933083,0.00046649537160493474,0.00047374853616509037,0.00046649541233748716
elastic_transform/s5,40320.0,0.08833005279302597,0.10851333290338516,0.08841335692486774,0.13002617664879715,3.606294241488512e-05,0.023526091949129153,0.019296526872066292,0.20080151111339054,0.014173406001370221,0.0003122820256198323,0.00031713744982952324,0.0003122820528870781
elastic_transform/s5,40448.0,0.08834239095449448,0.10273829102516174,0.0884004540211635,0.12506474289904523,2.4141308558724745e-05,0.01858978056098728,0.017738291291771496,0.17483483652986576,0.009487982529842873,0.00020904829814220174,0.00021229862343959818,0.00020904831639548203
elastic_transform/s5,40576.0,0.08839043974876404,0.12374315410852432,0.0883986332443636,0.12482445402804143,1.6160710688071934e-05,0.025615886160660902,0.017657030257957295,0.16194647472243964,0.016682037891878283,0.00013994142272329206,0.0024664974256083257,0.0001399414349424301
elastic_transform/s5,40704.0,0.08832752704620361,0.13212132453918457,0.08838570484469814,0.12615115775734018,1.0818326989535757e-05,0.019472204785235807,0.01727343446031538,0.1775785635007362,0.011167314621835874,9.367979537674921e-05,0.0016511263758204494,9.367980355650277e-05
elastic_transform/s5,40832.0,0.08833298087120056,0.111831896007061,0.08837611866769858,0.12354765562092579,7.242020546714018e-06,0.018716930476066942,0.016575802294285295,0.16620389304995878,0.01031654945759261,6.271126797947673e-05,0.0011052994747227799,6.271127345517952e-05
elastic_transform/s5,40960.0,0.08834588527679443,0.13368748128414154,0.08837062168753418,0.125391260286965,4.847964167635004e-06,0.02234356502943324,0.01641457662854614,0.16588611233970577,0.011554880215413232,4.198027030031086e-05,0.003064291383905332,4.198027396586397e-05
elastic_transform/s5,41088.0,0.08832750469446182,0.14309652149677277,0.08836278223424829,0.12861039868874824,3.245331384945746e-06,0.027095692292430515,0.015514159077848923,0.1610095999398528,0.01754913468965679,2.810249499442297e-05,0.0020513024966638993,2.8102497448222984e-05
elastic_transform/s5,41216.0,0.08833713084459305,0.11247722804546356,0.08835811834522006,0.12567709493542376,2.1724945634760776e-06,0.020979347732949353,0.015383900002754428,0.18550015123295602,0.011747767850100824,1.8812414004531075e-05,0.0013731859688411224,1.881241564715753e-05
elastic_transform/s5,41344.0,0.08843076974153519,0.13927504420280457,0.08837132769000462,0.1281494493476748,0.0028423634054515834,0.029023365011313203,0.015546351015325194,0.19426255926943292,0.013029497486431129,0.0028535025250774134,0.003760149284926702,0.002853502526177023
elastic_transform/s5,41472.0,0.08834631741046906,0.1265350580215454,0.08836678036645271,0.1278559236520149,0.001902739139186597,0.02691853360261462,0.015859395965648254,0.18513065617126978,0.013887514846288609,0.001910195905217111,0.002517124727926139,0.0019101959059532137
elastic_transform/s5,41600.0,0.08832509070634842,0.10243111103773117,0.08835920042825193,0.12323323044941785,0.001273734465075325,0.02086075389927094,0.01520401554110718,0.16291750526693102,0.009296600847515515,0.0012787261844841816,0.0016850173798513821,0.0012787261849769446
elastic_transform/s5,41728.0,0.08931758999824524,0.11942900717258453,0.08853345307734162,0.1225415534899936,0.0008526652204223249,0.02197083525488385,0.018270043715633375,0.15259590363679815,0.009064253459907079,0.003696915875563791,0.003968895931966627,0.003696915875893657
elastic_transform/s5,41856.0,0.0883360505104065,0.11087612062692642,0.08849756170153522,0.12042056569670864,0.0005707924202827132,0.021680889716079267,0.016940899925772076,0.14118428359268595,0.008392186200433664,0.00247479492496419,0.004981244384209064,0.0024747949251850095
elastic_transform/s5,41984.0,0.08833600580692291,0.10618733614683151,0.0884681879025148,0.11783270577854917,0.00038210071109834516,0.017354562537210086,0.015997679501606424,0.13053587593954433,0.008458818861447328,0.0016566809001826394,0.003334552025792844,0.0016566809003304606
elastic_transform/s5,42112.0,0.08832836151123047,0.1293444186449051,0.08844276492228129,0.11992574448152296,0.00025578642643773515,0.01962371541747121,0.016190062769570177,0.13067283167195812,0.008503424196506062,0.001109017792684246,0.0022322207775968624,0.0011090177927832008
elastic_transform/s5,42240.0,0.08833178132772446,0.13656941056251526,0.08842258608690731,0.12295186558715791,0.0001712289300946822,0.028632404535662542,0.015202308041610796,0.13760972323775225,0.013182044296834637,0.0007424003405572224,0.0014942965535978993,0.0007424003406234649
elastic_transform/s5,42368.0,0.08834100514650345,0.1329520344734192,0.08840775318865206,0.12477007811193268,0.00011462432510470461,0.023815907168501366,0.015516861589843549,0.14903668755699734,0.013473104033418228,0.0004969787403730166,0.0010003142218299986,0.0004969787404173607
elastic_transform/s5,42496.0,0.08834380656480789,0.12341642379760742,0.0883961265297713,0.12452395914569171,7.67319862271163e-05,0.023949078352467852,0.015457300489021528,0.1584851818757258,0.011860094435594017,0.0003326882476877218,0.0006696318344481808,0.00033268824771740674
elastic_transform/s5,42624.0,0.08834928274154663,0.14383704960346222,0.08838760947736682,0.1280354301380136,5.1366040366912554e-05,0.028686986335123107,0.01516928788333826,0.15797957160226336,0.01826998057258773,0.00022270866167525176,0.0004482659387628317,0.00022270866169512348
elastic_transform/s5,42752.0,0.08833387494087219,0.11118372529745102,0.08837783956164053,0.12497148380336585,3.438553115471005e-05,0.019203685067313812,0.014553291123480269,0.15625508368756635,0.012230317573385172,0.00014908596360078835,0.0003000788515685071,0.0001490859636140909
elastic_transform/s5,42880.0,0.08836957067251205,0.10619447380304337,0.08837633612725353,0.12155748198512539,2.3018413417615814e-05,0.020345028846714203,0.014593367348205155,0.14528215473352116,0.012835997714414868,0.002424181512823668,0.0025252593965045377,0.002424181512832573
elastic_transform/s5,43008.0,0.08835150301456451,0.11034795641899109,0.08837182101585553,0.11951938642764642,1.540902055228827e-05,0.01361939947589959,0.01492648463092707,0.13785040224075623,0.008592692684856233,0.0016227991945348518,0.0016904629017922934,0.001622799194540813
elastic_transform/s5,43136.0,0.08834340423345566,0.10262293368577957,0.08836665432814646,0.11644730411094335,1.0315129460622724e-05,0.01144149882270964,0.014360852751319684,0.1423732344771634,0.005752133119614503,0.0010863366508869667,0.001131632190455998,0.0010863366508909573
elastic_transform/s5,43264.0,0.08834578096866608,0.11325042694807053,0.08836285917187729,0.11586605371769375,6.9051693083507475e-06,0.01334100334412794,0.014972058566788923,0.14206514260138528,0.006691510600733675,0.0007272170968747462,0.0007575389043548415,0.0007272170968774176
elastic_transform/s5,43392.0,0.08857674896717072,0.10224045813083649,0.088401748225567,0.1133886727019015,0.004653382799289061,0.01874480389152366,0.015156652142914423,0.1382055102857842,0.009128201311234938,0.005135575081378962,0.005155873150849108,0.00513557508138075
elastic_transform/s5,43520.0,0.08836031705141068,0.12560972571372986,0.0883942152848113,0.11561068234041574,0.0031150744358877185,0.021070901778623273,0.014963868149017293,0.13414996225717674,0.006110614100909338,0.003437864310675172,0.0034514522745353526,0.0034378643106763697
elastic_transform/s5,43648.0,0.08833200484514236,0.09662077575922012,0.08838290429578058,0.11215797205292562,0.0020852977628669847,0.016946223504698224,0.01428226830664166,0.12927930665293047,0.004090576381600465,0.0023013802410304864,0.002310476316011269,0.0023013802410312882
elastic_transform/s5,43776.0,0.08833267539739609,0.11386245489120483,0.08837377176880158,0.11246787802352184,0.0013959431305142623,0.018833835569260795,0.01410957883502284,0.12400097271418895,0.005062699891815186,0.0015405933844914825,0.001546682492536469,0.0015405933844920192
elastic_transform/s5,43904.0,0.08837766200304031,0.11123842746019363,0.0883744790841177,0.11224434155746216,0.0009344743270384729,0.01777306348024896,0.014021881479256768,0.14339621753156695,0.0057134602581572725,0.0010313063152380996,0.001035382495003752,0.0010313063152384589
elastic_transform/s5,44032.0,0.0883406326174736,0.1096702590584755,0.0883683251810915,0.1117763265576464,0.0006255571941331925,0.017062959850414592,0.013348129849106376,0.1328943243814485,0.006149093230667264,0.0006903786077213723,0.0006931072900438339,0.0006903786077216129
elastic_transform/s5,44160.0,0.08834157884120941,0.1051151305437088,0.08836346221020384,0.11056520000965774,0.0004187614274775916,0.01658760122217836,0.013496776493070987,0.1434225773077621,0.004116335137884697,0.0004621542745903401,0.00046398091316983913,0.0004621542745905011
elastic_transform/s5,44288.0,0.08834289014339447,0.10481452941894531,0.08835972183442033,0.1095196235386191,0.00028032789773293316,0.013945005776830138,0.013720598396568223,0.14080972662163707,0.0027555631914765325,0.00030937600199849207,0.0003105987931136939,0.0003093760019985999
elastic_transform/s5,44416.0,0.08833391964435577,0.11065419763326645,0.08835503052713585,0.1097259097376459,0.00018765751831708745,0.012175995602671415,0.01304233000486684,0.1343605518700685,0.004685542301732223,0.00020710294348659383,0.00020792150613396036,0.000207102943486666
elastic_transform/s5,44544.0,0.08833453804254532,0.10345786064863205,0.08835130462084666,0.10858626444873429,0.00012562197507176928,0.010475253254680862,0.0130470102906865,0.12663079899149038,0.0031366026978538017,0.00013863916051581898,0.0001391871239409156,0.00013863916051586728
elastic_transform/s5,44672.0,0.08844216167926788,0.11062898486852646,0.08836782408601415,0.10895766816142377,8.409404942820918e-05,0.009853268707678924,0.01391901561365969,0.12021359277734978,0.0020997092440178337,9.280803307257302e-05,9.31748515637534e-05,9.280803307260536e-05
elastic_transform/s5,44800.0,0.08836211264133453,0.10744112730026245,0.08836678564152695,0.10868193345939443,5.629436366681771e-05,0.009436898886958619,0.013428757030893473,0.12033439625151521,0.0014055904856648306,6.212769156097863e-05,6.2373247741025e-05,6.212769156100028e-05
elastic_transform/s5,44928.0,0.08834625035524368,0.10915418714284897,0.08836305195311181,0.10876779776547707,3.768465666952259e-05,0.011482552147468166,0.013374311984484005,0.12341014058601862,0.0009409324738748039,4.158961170610966e-05,4.175399228944648e-05,4.158961170612415e-05
elastic_transform/s5,45056.0,0.08833640068769455,0.11401863396167755,0.08835820626849047,0.10972249525569533,2.5226918927531648e-05,0.015692865487148107,0.013297536908704003,0.12443348637364228,0.0006298804163955298,2.7840979737147786e-05,2.7951019631778215e-05,2.7840979737157482e-05
elastic_transform/s5,45184.0,0.08836659789085388,0.11422906070947647,0.08835973201801109,0.11054187079274644,0.002857796532505207,0.02419315788809088,0.013331621195195747,0.11102659335826837,0.005586944741554032,0.005183926606270322,0.005184000269340281,0.005183926606270329
elastic_transform/s5,45312.0,0.08833598345518112,0.10241012275218964,0.08835541409749656,0.10906337114900883,0.0019130704060572044,0.020844180073845957,0.013242928388040002,0.0992951719326335,0.006064401025337822,0.003470231860395835,0.0034702811720377087,0.0034702318603958395
elastic_transform/s5,45440.0,0.08840557187795639,0.12125448882579803,0.08836453369394379,0.11127993799933412,0.001280650437112674,0.018602302363483654,0.013719392699339661,0.12438690678587891,0.006384020521093913,0.002323047774314567,0.0023230807845872263,0.00232304777431457
elastic_transform/s5,45568.0,0.08837010711431503,0.1400350034236908,0.08836554704310219,0.11650813171285351,0.0008572949207117899,0.030273028854894014,0.014293845196724532,0.12881067381427458,0.014604179026517412,0.0015550980968552057,0.004396029285550126,0.0015550980968552076
elastic_transform/s5,45696.0,0.08837941288948059,0.11407080292701721,0.08836806810608007,0.11606498102451963,0.0028982718064269005,0.02491417634087946,0.013952860504741909,0.15427932331025004,0.014941640505354629,0.0033653962466551374,0.005267176629169919,0.0033653962466551387
elastic_transform/s5,45824.0,0.08833865821361542,0.11173335462808609,0.08836272085290467,0.11527741258880443,0.0019401654241370156,0.02132684531910112,0.01344765740422663,0.13304144368304785,0.012326635379617559,0.0022528685618104635,0.003525961214568292,0.0022528685618104644
elastic_transform/s5,45952.0,0.08834343403577805,0.0950930118560791,0.08835921415888164,0.11160752154649073,0.0012987884244222995,0.014276648519398269,0.013130999742653481,0.12555326806977202,0.008251714592967125,0.0015081186240218803,0.002360354201487865,0.0015081186240218807
elastic_transform/s5,46080.0,0.08833887428045273,0.09875292330980301,0.08835551599916729,0.10927032186709296,0.0008694368791587293,0.011881475455134377,0.012744883158361513,0.11195518957234114,0.005523875058101959,0.0010095670127749775,0.001580071820830719,0.0010095670127749778
elastic_transform/s5,46208.0,0.08834663033485413,0.11302684247493744,0.08835390042383762,0.10995332561397377,0.0005820197290236121,0.01260247530467673,0.012352151359186714,0.1079283755524421,0.006022180824018666,0.0006758258515270509,0.0010577340288205638,0.0006758258515270511
elastic_transform/s5,46336.0,0.08834479004144669,0.10055705904960632,0.08835224399067562,0.10824491351136149,0.0003896165128174593,0.00843636776594062,0.012803408802092221,0.11675510460826367,0.004031377245830677,0.00045241234689000925,0.0007080698870616997,0.00045241234689000936
elastic_transform/s5,46464.0,0.0883655697107315,0.10174252837896347,0.08835466684886759,0.1070626616691073,0.00026081766560507604,0.007971866025133802,0.012417399833753678,0.10755391374025967,0.002698690552994089,0.0003028545462652127,0.0004739971971239477,0.00030285454626521283
elastic_transform/s5,46592.0,0.0883476659655571,0.11332619935274124,0.08835339396099295,0.10820148670249528,0.00017459694970257153,0.010501827669717669,0.012559307148736966,0.10798846438390265,0.0018065614445662908,0.00020273734088828286,0.0003173039088185104,0.00020273734088828294
elastic_transform/s5,46720.0,0.08835327625274658,0.10414741188287735,0.0883533725594936,0.10746438218983746,0.00011687894980089496,0.012195438357414306,0.0121283243837539,0.10383878743877113,0.0012093510496683432,0.0001357167323301728,0.0002124100546636309,0.00013571673233017288
elastic_transform/s5,46848.0,0.08834590762853622,0.09747501462697983,0.08835201529931952,0.10564813354204515,7.824128044522719e-05,0.01281264881777321,0.012104066957126368,0.10344513871409003,0.0008095655787036016,9.085169684912392e-05,0.00014219185477482726,9.085169684912398e-05
elastic_transform/s5,46976.0,0.08835794776678085,0.11195489019155502,0.08835309392976703,0.10679481656922876,0.0028932854852567226,0.019424169869749007,0.012286073639999694,0.09709647598092037,0.008548138941115634,0.002901727168965116,0.0029360953738575292,0.002901727168965116
elastic_transform/s5,47104.0,0.08836854994297028,0.09565098583698273,0.0883559041139858,0.1047686655270022,0.0019368274736016075,0.013002956689666688,0.011946728874220665,0.09337943833230337,0.005722307886201374,0.0019424785180675568,0.001965485332912891,0.0019424785180675568
elastic_transform/s5,47232.0,0.08834096044301987,0.10447189211845398,0.08835318708290109,0.10471470672544797,0.0012965539286093402,0.00870445861043803,0.011929880324530793,0.09222189161188268,0.003830635857705051,0.0013003368592022487,0.0013157381154210261,0.0013003368592022487
elastic_transform/s5,47360.0,0.08835281431674957,0.10576767474412918,0.08835311930723717,0.10490615545611727,0.0008679410596475748,0.010475711962359342,0.012269543285588123,0.09591353554646469,0.004888690119620736,0.0008704734346725796,0.0032051635318107695,0.0008704734346725796
elastic_transform/s5,47488.0,0.08834483474493027,0.09572397917509079,0.08835161302318137,0.10323666885956699,0.000581018395301269,0.007012666685546335,0.012034838162949552,0.09977860384643766,0.003272594212308096,0.0005827136215576772,0.0021456053394766305,0.0005827136215576772
elastic_transform/s5,47616.0,0.08838171511888504,0.11070574074983597,0.08835708613149112,0.10459468193052499,0.000388946198507461,0.012700628111812008,0.012479563109230735,0.09132851047048851,0.00451512505121451,0.00039008101938985,0.0014363143181620418,0.00039008101938985
elastic_transform/s5,47744.0,0.08835151046514511,0.10766328126192093,0.08835607237397367,0.10515260908168789,0.0025847491080917715,0.01599174278559316,0.012206409675353245,0.09123829532598338,0.005346901893788225,0.0025855087815750237,0.003285879832819218,0.0025855087815750237
elastic_transform/s5,47872.0,0.08834966272115707,0.10853350162506104,0.08835490698255245,0.10576731681684665,0.0017302865930201112,0.013029596410190459,0.01229652582101053,0.10078498432489509,0.003579331019808646,0.0017307951347733626,0.002199638565771542,0.0017307951347733626
elastic_transform/s5,48000.0,0.08834323287010193,0.12003359198570251,0.08835278441665236,0.10836118502936588,0.0011582910250795783,0.016211961233267992,0.012125745963529295,0.10946752418053332,0.007561370352103309,0.0034830116191458048,0.0037968654861776432,0.0034830116191458048
elastic_transform/s5,48128.0,0.08836130052804947,0.09803151339292526,0.08835433280054274,0.1064830629136494,0.0007753849010863291,0.013693544296650473,0.011830068475447401,0.09897537475337886,0.005061743789424529,0.0023316028194281828,0.002541703341986686,0.0023316028194281828
elastic_transform/s5,48256.0,0.08834311366081238,0.09550229460000992,0.0883522929569554,0.10448655958389676,0.0005190593139503525,0.009166752793625521,0.011871620131645867,0.0933372253422841,0.003388440057383362,0.0015608250278816758,0.001701470832239021,0.0015608250278816758
elastic_transform/s5,48384.0,0.08839015662670135,0.09473594278097153,0.08835917726054557,0.10271372016518307,0.0003474694580989962,0.006136421291600555,0.0118690005586188,0.09078577568366612,0.0022682945838682004,0.0010448498120530225,0.00113900113563108,0.0010448498120530225
elastic_transform/s5,48512.0,0.0883750393986702,0.10237372666597366,0.08836206128565913,0.1026519031653268,0.0030735126124464356,0.012630579542311114,0.01260278043774609,0.1084539567824068,0.0043593542255646635,0.0035403540064156596,0.003603380925505103,0.0035403540064156596
elastic_transform/s5,48640.0,0.08835142850875854,0.09701871126890182,0.08836012805349538,0.10162768645688589,0.0020574753851914152,0.008455181346505787,0.011996365597413539,0.09778871919421193,0.0029182453906672536,0.002369989045617094,0.0024121806195530025,0.002369989045617094
elastic_transform/s5,48768.0,0.08836199343204498,0.11318638175725937,0.08836046721323168,0.10372926742059015,0.0013773182330620215,0.01314974949642123,0.01175267035151555,0.10422132865311479,0.001953536170611963,0.001586521592520534,0.0016147655387090344,0.001586521592520534
elastic_transform/s5,48896.0,0.08835689723491669,0.11168938875198364,0.08835981812626531,0.10517656220811622,0.0009220064204795348,0.016808923216612558,0.01169930900076596,0.10597245550463218,0.0013077390894179254,0.0010620516445798613,0.001080958749053155,0.0010620516445798613
elastic_transform/s5,49024.0,0.08834926784038544,0.0970434695482254,0.08835789989246898,0.10369781808813607,0.0006172109095772091,0.01125225438467452,0.01187215191479762,0.0985638893882991,0.0008754286466351399,0.0007109601918261881,0.0007236170138289714,0.0007109601918261881
elastic_transform/s5,49152.0,0.08837494254112244,0.10473865270614624,0.08836099855586052,0.1038870607459561,0.00041317424525416467,0.012181261199658148,0.01202105866387818,0.10262059826864474,0.000586030746921044,0.00047593202923901847,0.00048440477785245185,0.00047593202923901847
elastic_transform/s5,49280.0,0.08835136145353317,0.10102241486310959,0.08835924635543736,0.103366216039984,0.000276587717897416,0.008154397993159585,0.012108670146976128,0.0975178370049101,0.0003923015743851616,0.0003185991270112437,0.00032427096699213717,0.0003185991270112437
elastic_transform/s5,49408.0,0.08834604918956757,0.0981818214058876,0.08835684687073375,0.10242359883378466,0.0001851537615676917,0.00829963832599939,0.011846789252444822,0.09453233893647553,0.0002626151035140338,0.00021327710155298127,0.0002170739531104389,0.00021327710155298127
elastic_transform/s5,49536.0,0.08834194391965866,0.08993769437074661,0.08835413724326555,0.10015343438595956,0.00012394590650399194,0.0055559562347599215,0.01381774456923381,0.09486606656279409,0.0001758001932614606,0.00014277227459331802,0.00014531396861112024,0.00014277227459331802
elastic_transform/s5,49664.0,0.08839282393455505,0.09919299185276031,0.08836117118713636,0.0999788084708324,8.297205311424253e-05,0.006560185578640939,0.013141356923087504,0.08663919896791014,0.0029585935178031266,0.0029364839193558577,0.0029381853839462874,0.0029364839193558577
elastic_transform/s5,49792.0,0.08874239772558212,0.10529470443725586,0.0884304851032174,0.10094533501018212,5.554327522523673e-05,0.009556818445205917,0.013595455816792302,0.08722407264516376,0.0019805460739012663,0.0019657454336183835,0.0019668844305756137,0.0019657454336183835
elastic_transform/s5,49920.0,0.08835895359516144,0.10101360082626343,0.08841747937447995,0.10095774697674235,3.7181861927637806e-05,0.011562828876542804,0.012852235748575368,0.08509075330337014,0.0013258200990578723,0.0013159122324222234,0.0013166747014597081,0.0013159122324222234
elastic_transform/s5,50000.0,0.11174899339675903,0.1224260926246643,0.09265957283307615,0.1048610825490918,0.0023492705026127163,0.010064786272727,0.01227545851724129,0.08190261653614521,0.0032119126282949386,0.003205280089472728,0.0032057905026300526,0.003205280089472728
