corruption,n_samples,r_l,r_s,r_l_ema,r_s_ema,large_acc_ema,small_acc_ema,large_ent_ema,small_ent_ema,nuclear_norm_identity_pbs128_duo_acc_ema,fixed_ts_duo_acc_ema,coca_ts_duo_acc_ema,proxy_weighted_nuclear_norm_duo_acc_ema
zoom_blur/s5,128.0,0.27080219984054565,0.3957993984222412,0.27080219984054565,0.3957993984222412,0.32386363636363635,0.3579545454545454,4.49793646552346,3.35706225308505,0.39914772727272724,0.40198863636363635,0.3806818181818181,0.40198863636363635
zoom_blur/s5,256.0,0.2652296721935272,0.35130369663238525,0.2697890129956332,0.3877092708240856,0.293247558226897,0.308062546957175,4.530556429784876,3.492222207726436,0.34777657776108184,0.35071140120210365,0.3336072501878286,0.35071140120210365
zoom_blur/s5,384.0,0.31658440828323364,0.4117913842201233,0.2782972666842878,0.39208783689609245,0.29961200178825337,0.3255418702771171,4.442123049368476,3.4774445887542385,0.3606500231293192,0.35460845865595364,0.34315857243978615,0.35460845865595364
zoom_blur/s5,512.0,0.33597856760025024,0.4007750153541565,0.28878477594173546,0.3936673238884677,0.30051505904833486,0.3385342272103015,4.307673250212414,3.497141864909832,0.3620363791196269,0.3448205384391094,0.3348313584101047,0.3448205384391094
zoom_blur/s5,640.0,0.309357613325119,0.3672463893890381,0.29252529182962334,0.38886351761584415,0.29724561804062083,0.32915307771929275,4.275181964741804,3.555222091827038,0.3575408818899981,0.34136746788072614,0.3346804961257725,0.34136746788072614
zoom_blur/s5,768.0,0.2970406413078308,0.3901638984680176,0.29334626446202466,0.38909995049805746,0.29144128149826676,0.3161582586385348,4.288500569183958,3.573191306791462,0.34833315233958545,0.332857561143296,0.3250237205470047,0.332857561143296
zoom_blur/s5,896.0,0.337894082069397,0.38043636083602905,0.30144586766336506,0.38752475237768863,0.30692556860627773,0.3126245367745563,4.2158964377745605,3.5917103189241653,0.3382953333843505,0.3491133260546031,0.3438691848289866,0.3491133260546031
zoom_blur/s5,1024.0,0.33295342326164246,0.40804874897003174,0.3071745141357791,0.391256388121751,0.30644397567858256,0.30044493784081866,4.145724822068077,3.5335650632359705,0.3344167107779536,0.3444994166150649,0.34331325595990003,0.3444994166150649
zoom_blur/s5,1152.0,0.3079518675804138,0.382152795791626,0.3073158511257127,0.3896011895162737,0.2939831572724395,0.2868680988851761,4.1330375957726515,3.543503226127036,0.31296697167780363,0.3248818408745476,0.3240877994442306,0.3248818408745476
zoom_blur/s5,1280.0,0.3290979862213135,0.36492031812667847,0.3112762393249128,0.3851137583545291,0.28409203090138513,0.26667409925371294,4.069818724734859,3.5991840878477968,0.2949923529413396,0.31613991000692854,0.32077365086762544,0.31613991000692854
zoom_blur/s5,1408.0,0.3278788626194,0.3696931004524231,0.31429489810572864,0.382310002372328,0.2766959049835718,0.2650359672690144,4.085851995355543,3.626216024462064,0.2943233932913099,0.3066721711616629,0.3126150059527079,0.3066721711616629
zoom_blur/s5,1536.0,0.3258821666240692,0.3760479688644409,0.31640167419997234,0.3811714508254394,0.26167246531958116,0.2745282094941336,4.052050990052945,3.6202109953145185,0.28561111451732313,0.30240037904210487,0.303021202331978,0.30240037904210487
zoom_blur/s5,1664.0,0.3348802924156189,0.4305095076560974,0.31976142296645355,0.3901420066128317,0.2591051214122816,0.2772668179258249,4.007099454537749,3.5109418997839947,0.29114256426366253,0.3085800058050454,0.30331378007347287,0.3085800058050454
zoom_blur/s5,1792.0,0.34647178649902344,0.41246497631073,0.32461785269964805,0.3942007283760859,0.2589360730115273,0.2705773739834034,3.9300639864153215,3.4848133236446857,0.2832235347550137,0.3114254584314766,0.3055757536029033,0.3114254584314766
zoom_blur/s5,1920.0,0.3579198122024536,0.4039000868797302,0.3306727544274309,0.3959642481040212,0.2748353050738323,0.2681654321707081,3.8804150553315058,3.4414686752191495,0.28644509351368685,0.3110058853962777,0.30424905819698483,0.3110058853962777
zoom_blur/s5,2048.0,0.3518308103084564,0.4089611768722534,0.3345196736785264,0.3983273260618816,0.29761702240479676,0.29831735542006077,3.856925226336096,3.417746855716186,0.3203682030959391,0.3368097249346983,0.33177003069384936,0.3368097249346983
zoom_blur/s5,2176.0,0.3802163302898407,0.45314890146255493,0.3428281566987654,0.4082948852256404,0.29995437037015316,0.29422484123161097,3.7978997373705337,3.3251345294395627,0.32215764008901704,0.344011055534798,0.3406373759190231,0.344011055534798
zoom_blur/s5,2304.0,0.3646869957447052,0.42762047052383423,0.3468024910707544,0.4118086280071302,0.3152070578510942,0.28322076148562386,3.7338797018828003,3.3211010106273613,0.3174154450182676,0.3493483099034597,0.34708989627637077,0.3493483099034597
zoom_blur/s5,2432.0,0.3949216306209564,0.4245152473449707,0.3555514255344275,0.41411892243219206,0.3075972866606498,0.27172216264740107,3.652619913785305,3.2802595806822286,0.31863141360727,0.3474976289436383,0.3488267074246779,0.3474976289436383
zoom_blur/s5,2560.0,0.3767719864845276,0.46882253885269165,0.35940970934353655,0.4240650345086465,0.3218729770207655,0.2908842576399957,3.6342272157598488,3.2112232994516963,0.34243094629908155,0.3622711400366504,0.35747903554875127,0.3622711400366504
zoom_blur/s5,2688.0,0.3674212098121643,0.41921061277389526,0.360866345792378,0.42318241237505533,0.31490050527836366,0.29467251957718715,3.6172043855241545,3.2339244856567597,0.3446748483489719,0.35279101109891475,0.3495830733838748,0.35279101109891475
zoom_blur/s5,2816.0,0.3967752456665039,0.4365760385990143,0.36739523667858265,0.42561761714304785,0.3215966192359294,0.3090886288078691,3.5369995382496966,3.227853697936269,0.35056746046501425,0.3578084454463809,0.36082627226523845,0.3578084454463809
zoom_blur/s5,2944.0,0.3818170726299286,0.4318625330924988,0.37001738866973644,0.4267530564065844,0.3054179847777709,0.32338784242510243,3.4767830513993316,3.217858672753207,0.34831375452616653,0.35419408331534585,0.3533733723428455,0.35419408331534585
zoom_blur/s5,3072.0,0.35562804341316223,0.41652166843414307,0.367401144077632,0.4248928040479587,0.29613724600825986,0.3048092168300272,3.5073568127942085,3.2436901709415515,0.3346666455918965,0.3414439731284546,0.3432189517336403,0.3414439731284546
zoom_blur/s5,3200.0,0.36138105392456055,0.4207186996936798,0.366306582231619,0.42413387598354435,0.28527575972453756,0.3016698063077041,3.4760677744647293,3.266026550793465,0.3392189941565588,0.3414315026727671,0.33977880240020547,0.3414315026727671
zoom_blur/s5,3328.0,0.39957088232040405,0.42717689275741577,0.37235463679321623,0.4246871517606119,0.2924676573362606,0.3114483827349093,3.403793521414886,3.283525227148745,0.35672924402215916,0.3558859645991251,0.3547796115241044,0.3558859645991251
zoom_blur/s5,3456.0,0.39649879932403564,0.45434412360191345,0.37674448452609244,0.43007932845903035,0.28720975408460414,0.320060487615931,3.342376384549117,3.231560203735103,0.35269684930409,0.3549732490291663,0.3542326325078715,0.3549732490291663
zoom_blur/s5,3584.0,0.4002774655818939,0.45709308981895447,0.38102320835441994,0.434990921433562,0.2940205791806027,0.3340900784866976,3.2525891110459866,3.1761638408655437,0.3657516098647214,0.3615936625732435,0.3536082085383272,0.3615936625732435
zoom_blur/s5,3712.0,0.38585495948791504,0.4468531608581543,0.3819017085605099,0.4371476922380333,0.30142080093908113,0.31739707733407024,3.26790337724951,3.1775085372259095,0.3460816561904333,0.3489800551110142,0.34647532968268174,0.3489800551110142
zoom_blur/s5,3840.0,0.3966522216796875,0.4544138014316559,0.38458362003672397,0.4402869848186919,0.29914326343855846,0.3230096137525594,3.179681712441605,3.1384515647757807,0.35254226571425695,0.3591312765619186,0.3546136504487373,0.3591312765619186
zoom_blur/s5,3968.0,0.37452659010887146,0.4417523741722107,0.38275506914075075,0.4405534192466044,0.29555251519440684,0.3290911463963414,3.1832706154730186,3.1470971188418537,0.3615158968830976,0.3568874661282264,0.3567041792260142,0.3568874661282264
zoom_blur/s5,4096.0,0.3914460837841034,0.48688048124313354,0.3843352536213603,0.44897652142779154,0.30477069198964424,0.336261428579369,3.0589391864438418,3.048885043494358,0.3649403937812471,0.3664907831106309,0.3606862687380756,0.3664907831106309
zoom_blur/s5,4224.0,0.3559962511062622,0.41632628440856934,0.3791827077095242,0.44304011469702387,0.2719436037286048,0.3010303778093296,2.933609667104355,3.0981449951040907,0.31557993302711584,0.3217830862145545,0.32022179973375303,0.3217830862145545
zoom_blur/s5,4352.0,0.4279717206954956,0.4902297258377075,0.3880534373433372,0.45162004399532996,0.3070448917522065,0.33503893059963386,2.8293079456123076,3.0097725836484894,0.3494274758280692,0.34841471060643725,0.3450451717225949,0.34841471060643725
zoom_blur/s5,4480.0,0.3498084545135498,0.441855788230896,0.38109980410155764,0.44984472476543286,0.2778564977845349,0.3265549865997549,2.767401199330165,3.0509041205352254,0.3385113681163107,0.33034373189356536,0.32808809016140644,0.33034373189356536
zoom_blur/s5,4608.0,0.37315136194229126,0.4291173219680786,0.3796546327998728,0.4460761060750048,0.28001137454997793,0.3193260654097533,2.7114087323834677,3.0992284685453453,0.3371439736976956,0.321345803994866,0.31983582895102414,0.321345803994866
zoom_blur/s5,4736.0,0.37239396572113037,0.4544045031070709,0.37833451151282876,0.44759036008083497,0.26595802759130754,0.3410881099023968,2.630624242738344,3.10408221269486,0.34500960222738297,0.3241033894511086,0.3259334888019252,0.3241033894511086
zoom_blur/s5,4864.0,0.3257143795490265,0.4622284173965454,0.3687672147921374,0.45025182504732775,0.2330483490487265,0.32001559423218295,2.5224544124937585,3.070596390960289,0.32728948578857864,0.3024473102937173,0.3013480379583135,0.3024473102937173
zoom_blur/s5,4992.0,0.3151020109653473,0.45888981223106384,0.35900990500544827,0.4518223681716434,0.2332286468838582,0.3247625052298084,2.4302797656480095,3.0614588136992467,0.3314396557758253,0.32049158788257104,0.3104581906993668,0.32049158788257104
zoom_blur/s5,5120.0,0.24432167410850525,0.44667893648147583,0.33815749938782225,0.4508871987734311,0.20726463138506207,0.3121860572199543,2.164083139002416,3.0557693150395284,0.32130464560199873,0.3129427158552748,0.29357118550949346,0.3129427158552748
zoom_blur/s5,5248.0,0.28786760568618774,0.4616217315196991,0.3290138823511614,0.45283893200002523,0.20357177803462828,0.3334675259075727,2.020921604428964,3.0366194747754403,0.3424126139980322,0.3231269420188203,0.31015922335759477,0.3231269420188203
zoom_blur/s5,5376.0,0.24793466925621033,0.4726381003856659,0.3142722072429885,0.45643878079741446,0.1897360662876437,0.34151545122738336,1.8796981998722777,3.014271022804139,0.3451791052383521,0.3116077049878053,0.29259625695838987,0.3116077049878053
zoom_blur/s5,5504.0,0.2006443738937378,0.4769691228866577,0.29361260117948834,0.46017157026818595,0.15516422619255482,0.3381219136315541,1.7434562493156491,2.977942209895092,0.3405744423496406,0.29098325705795225,0.2668929488729717,0.29098325705795225
zoom_blur/s5,5632.0,0.2068941742181778,0.4584798812866211,0.27784561445925005,0.4598639904533559,0.1281471266247681,0.3291353306128585,1.642945025867075,3.000842891924199,0.3274196680191809,0.2632305274520176,0.24013081701413808,0.2632305274520176
zoom_blur/s5,5760.0,0.1684081107378006,0.46751612424850464,0.2579478865098956,0.4612552875070193,0.09663154757525796,0.31175588247637626,1.4602518109166414,2.9946551026243964,0.3106073810706913,0.23018944399680513,0.20155451386896847,0.23018944399680513
zoom_blur/s5,5888.0,0.14672964811325073,0.46871986985206604,0.2377263886195965,0.4626124842970277,0.079666573170214,0.31484278083129313,1.2724371201427078,2.9685392417596215,0.3140739493117851,0.24242020631191089,0.19923277374699538,0.24526111540281997
zoom_blur/s5,6016.0,0.14644040167331696,0.4982491731643677,0.22112893644754567,0.4690918822729077,0.06314456551063911,0.3342129359283863,1.1152376878829164,2.9007520898027206,0.3336982635888809,0.24363460091954361,0.19070541052484813,0.247860746674615
zoom_blur/s5,6144.0,0.1321684867143631,0.43430769443511963,0.20495430922333063,0.4627674844842189,0.058799254598031134,0.3203202298363578,1.042828693890933,2.967576727502012,0.31997569711321777,0.21707150970647132,0.16666023349184048,0.22222496264994887
zoom_blur/s5,6272.0,0.11515304446220398,0.4105631709098816,0.1886268065394894,0.4532757911070666,0.04736768283008695,0.2890676745185535,0.8708606771796651,3.0229969340236846,0.2888370369105011,0.19748175443160473,0.14410726374247168,0.20093158656732113
zoom_blur/s5,6400.0,0.1152237132191658,0.4751632809638977,0.17528078957215784,0.45725533471739954,0.03971514305154581,0.31411761682646966,0.7883847669347802,3.0100990932271996,0.31396322305578994,0.19314894304925603,0.14192304432347277,0.19829924390043807
zoom_blur/s5,6528.0,0.1280660778284073,0.47764068841934204,0.16669629652783954,0.4609617626632072,0.042082037910538925,0.3143576608507772,0.7040810809667108,2.954436448066996,0.31425430634313206,0.19283111063627884,0.14485137677852308,0.19627883269368168
zoom_blur/s5,6656.0,0.13099335134029388,0.49533289670944214,0.16020485194828576,0.46721105976252264,0.04134210802275746,0.33957000437118146,0.6624186662249583,2.9105928782820274,0.33950081664292314,0.18667826414494698,0.1377724092484328,0.19131062353874556
zoom_blur/s5,6784.0,0.1057208776473999,0.501459002494812,0.15029867480267015,0.4734379584411207,0.036198022725978135,0.33940223433112143,0.5967954105093116,2.8669315635502546,0.3393559185791469,0.17145404459289837,0.12089516652167814,0.17455504550940817
zoom_blur/s5,6912.0,0.11507698148488998,0.47583717107772827,0.14389473056307375,0.4738741789205039,0.03456231273391924,0.31165562794066803,0.5086724360638387,2.8606310137101083,0.31162462318108175,0.16875229431425426,0.11372940899385064,0.17599346021704182
zoom_blur/s5,7040.0,0.09938210248947144,0.48759394884109497,0.1358015254587824,0.4763686825424295,0.028818572987169076,0.3230401311007777,0.45712376674355854,2.852214305597095,0.3230193758484927,0.17365856065664953,0.11332299279753637,0.17850595270727593
zoom_blur/s5,7168.0,0.1078154519200325,0.45963674783706665,0.13071314845173695,0.47332651259599984,0.024457061255873512,0.3156818232988677,0.4506489467249499,2.856956603185544,0.3156679292870075,0.17875077200982323,0.11382572245124334,0.18199572040734996
zoom_blur/s5,7296.0,0.1021837517619133,0.4520639181137085,0.12552598541722357,0.4694605863264923,0.019212991419221108,0.30765684039015107,0.4146204400011011,2.877401239998026,0.30764753944006284,0.16433935977517092,0.09453416131033646,0.1665115979586392
zoom_blur/s5,7424.0,0.11088338494300842,0.48720091581344604,0.12286369442191171,0.4726861007786657,0.020351258718652145,0.34696449645952254,0.3920722559823451,2.8777142319261992,0.3469582702036784,0.17070444745280033,0.11132038897634092,0.1824891688814031
zoom_blur/s5,7552.0,0.1096324697136879,0.48872101306915283,0.12045801720223465,0.47560153937693606,0.019305388067858045,0.3327303653985233,0.39965380372295234,2.8252048914488164,0.33272619740907394,0.16024429953451924,0.10318761576102159,0.17097415437515412
zoom_blur/s5,7680.0,0.10346419364213943,0.48490774631500244,0.11736823110039915,0.477293577002039,0.018088730855342988,0.3479951206386809,0.3646451532411218,2.8145743565892194,0.34799233049698336,0.15091767158922362,0.10704088327803923,0.15810046697840896
zoom_blur/s5,7808.0,0.09891154617071152,0.5037351250648499,0.1140124702040923,0.4821011311952773,0.017274274374237866,0.3584719402622574,0.32723533340802435,2.7810314490840584,0.3584700724814517,0.14002546610518274,0.10497158302083616,0.14483378367976135
zoom_blur/s5,7936.0,0.0996248871088028,0.4948822855949402,0.11139654600494875,0.48442497744976143,0.01672905970506832,0.35696262116729627,0.31752515360584616,2.7797050275340434,0.3569613708346907,0.14642200623570084,0.10797684483212999,0.15248170643025344
zoom_blur/s5,8064.0,0.09482917934656143,0.52900230884552,0.1083842975216056,0.4925299467944448,0.013523172199260608,0.3546609282194297,0.2845710821810612,2.718088404561464,0.3546600912199169,0.13985688020736997,0.09113532587935974,0.1439133737260374
zoom_blur/s5,8192.0,0.09994029253721237,0.5254082679748535,0.10684902388807956,0.4985078233727009,0.01137708221603396,0.3396903734361471,0.28248657252253506,2.6292701959138407,0.33968981313068813,0.13391245699832202,0.082960424762216,0.13662796092404156
zoom_blur/s5,8320.0,0.09481222927570343,0.5002164244651794,0.10466051577673843,0.49881847811678787,0.009940443466931823,0.34903859709361906,0.2688373811427862,2.666530282997846,0.34903822201310525,0.1281252811311081,0.07619664798131816,0.1299430978086559
zoom_blur/s5,8448.0,0.08928021788597107,0.4547787010669708,0.10186409797841708,0.490811245925912,0.006654346453070063,0.3379927798725879,0.2480934689837324,2.759882436705067,0.3379925287856324,0.12192684108776655,0.06882792137592372,0.12314372663224071
zoom_blur/s5,8576.0,0.0894474983215332,0.5024741888046265,0.0996065344044382,0.4929317809947692,0.006778942666931198,0.34170384437751744,0.21903397751429834,2.7456344601496117,0.34170367629451426,0.11390350519098422,0.05537241017727124,0.11755902361331816
zoom_blur/s5,8704.0,0.09031081199645996,0.5065149068832397,0.09791640305753307,0.4954014402472183,0.004537969884474603,0.33928108590561085,0.20024804685717706,2.7150080056194668,0.3392809733872368,0.09742713983859273,0.04843111755668571,0.10788042076594025
zoom_blur/s5,8832.0,0.09060553461313248,0.47918468713760376,0.09658715424946024,0.4924529396818338,0.00303781455076399,0.34024188395334276,0.20457863048668706,2.7061412590163636,0.3402418086311254,0.112223953115091,0.05643942580240943,0.11922160398381124
zoom_blur/s5,8960.0,0.09702180325984955,0.5030354261398315,0.0966661813422583,0.49437702812874246,0.0043579585009246545,0.352506963638188,0.2103508738867537,2.6899322078008234,0.35250691321587724,0.1177387620026642,0.06489953297516665,0.12758842911312984
zoom_blur/s5,9088.0,0.09351935982704163,0.46633416414260864,0.09609403197585525,0.489278325585809,0.002917311062602454,0.3392815211131672,0.21008206315569292,2.7255320527958156,0.33928148735938884,0.1172982621670727,0.06229844769411982,0.12389184097655796
zoom_blur/s5,9216.0,0.09096464514732361,0.5193089842796326,0.09516141618884949,0.4947384453483224,0.0019529107113289155,0.3567711009104672,0.20704066248688066,2.657524923223593,0.35677107831496274,0.12320172921928006,0.06572251457209673,0.12761561255455534
zoom_blur/s5,9344.0,0.09544143080711365,0.5394659042358398,0.09521232793762478,0.5028707106005983,0.0036317005588234886,0.3475595799483292,0.18565936836889216,2.590977149880009,0.347559564822413,0.12276314104761722,0.055617964300329205,0.13036664972660317
zoom_blur/s5,9472.0,0.0900612622499466,0.523341178894043,0.0942757705398651,0.5065926139266791,0.0024311383906173763,0.3519820328579724,0.18386789558811925,2.577423426170341,0.35198202273235907,0.1154964002054297,0.049886819077079876,0.1205863522963211
zoom_blur/s5,9600.0,0.09307006001472473,0.49615293741226196,0.09405655044438503,0.5046944909240578,0.003951836443305846,0.34926069968178314,0.18269357744304265,2.606364002449408,0.34926069290348,0.11140668112925456,0.0501824987210204,0.1171383845950579
zoom_blur/s5,9728.0,0.09236878901720047,0.4858038127422333,0.09374968473035147,0.5012598221637261,0.005486353321551847,0.335817079952268,0.17434286847417363,2.627875820339799,0.3358170754147262,0.10608629067330262,0.04624820162316241,0.11276412522479082
zoom_blur/s5,9856.0,0.0901966392993927,0.5229299664497375,0.09310367647017714,0.5051998483975464,0.003672682802030575,0.36504077253003064,0.16453257619768866,2.6078379828971565,0.36504076949250264,0.09865074003750009,0.038965738276662436,0.10544540614221533
zoom_blur/s5,9984.0,0.09766986966133118,0.5516524314880371,0.09393389341402333,0.5136457725958175,0.005299481875739476,0.3745314262391114,0.15439047161326505,2.488435339187621,0.3745314242057248,0.09289842928130171,0.04442127934222857,0.1026122140290863
zoom_blur/s5,10112.0,0.09730828553438187,0.5382463932037354,0.09454741925408852,0.518118612706348,0.008712876296982624,0.37830202913527283,0.1651878342344775,2.4751475547927972,0.3783020277740802,0.10015308075855733,0.05685432749355796,0.10898007715996685
zoom_blur/s5,10240.0,0.09185288846492767,0.5066636800765991,0.09405750456515018,0.5160358976827573,0.00583258661202969,0.3867662343798107,0.1592550102922768,2.495212023834098,0.38676623346859906,0.10707561604498465,0.0530388473303983,0.1153089772723745
zoom_blur/s5,10368.0,0.09210151433944702,0.514961838722229,0.09370186997865869,0.5158406142353885,0.0039044588064000396,0.38494268582450136,0.1542085336492159,2.493610621613218,0.3849426852145167,0.09466425536895666,0.04583592259307654,0.10482460462034987
zoom_blur/s5,10496.0,0.09782970696687698,0.5299474000930786,0.09445238579469838,0.5184054843913322,0.0049381087877553975,0.38682113679160834,0.15913977412358257,2.5062074097299565,0.3868211363832715,0.1067587164040123,0.04669594818214215,0.11356027251444908
zoom_blur/s5,10624.0,0.0903744176030159,0.5511655807495117,0.09371093703257427,0.5243618655473647,0.003305676130646175,0.38859514115801874,0.15684941856214182,2.4869630373021976,0.3885951408846693,0.11433847957623963,0.05760224630374805,0.12173249647661466
zoom_blur/s5,10752.0,0.0963205024600029,0.5057355165481567,0.09418540347392493,0.5209752566384178,0.007378179889110249,0.37428683003140095,0.149570507968757,2.4885299308869646,0.374286829848415,0.11889600698905296,0.05689695826945117,0.12668662987277507
zoom_blur/s5,10880.0,0.08891916275024414,0.49555063247680664,0.09322790516052841,0.516352597699943,0.007263492322462231,0.3688407705168882,0.14232840236215855,2.502632220919176,0.3688407703943935,0.10593451707531644,0.04325333570103755,0.11347410760078329
zoom_blur/s5,11008.0,0.09354937821626663,0.5482402443885803,0.09328635480702627,0.5221503516433316,0.007703246926606948,0.36571159018072674,0.1531742268350264,2.4580236764252574,0.3657115900987262,0.10707186680248454,0.047808018113917695,0.11211903070796235
zoom_blur/s5,11136.0,0.08951321244239807,0.5286755561828613,0.09260032892254841,0.5233367524687006,0.005156719016984815,0.39125114714577575,0.14419004184588075,2.4458649248882525,0.3912511470908828,0.0985357124876136,0.04285082204320109,0.10992059080450371
zoom_blur/s5,11264.0,0.09294585138559341,0.4602051079273224,0.09266315118855659,0.5118582716429954,0.005776398680791488,0.35049663569262673,0.1251083936424727,2.535557116499416,0.35049663565588024,0.08042473315286529,0.03565840153305197,0.0880460153319405
zoom_blur/s5,11392.0,0.09537095576524734,0.5304014682769775,0.09315547929340945,0.515229761940083,0.006191225563174466,0.34645849166200626,0.12443715236786775,2.5230451454464444,0.3464584916374074,0.07165829244117428,0.03136016962129925,0.07676014249493537
zoom_blur/s5,11520.0,0.09100130200386047,0.5009441375732422,0.09276381069530962,0.5126323756915664,0.004144539426587866,0.35176146962497934,0.12893551596913008,2.546132406920155,0.35176146960851234,0.07147166684078607,0.028999369746489576,0.07488695489330384
zoom_blur/s5,11648.0,0.09136555343866348,0.48990684747695923,0.09250958210319213,0.5085004614707287,0.0027744437483770007,0.3529870168563911,0.12964097927440746,2.5773549679859835,0.35298701684536776,0.07883640507523695,0.02741899958236079,0.08112267228394719
zoom_blur/s5,11776.0,0.09091454744338989,0.5196737051010132,0.0922195758014099,0.5105319603125986,0.0018572722613102233,0.3739520526063444,0.12954506728806714,2.564195929249696,0.37395205259896513,0.08195866786028258,0.03488379310885309,0.08633005334710514
zoom_blur/s5,11904.0,0.08840207755565643,0.5425429344177246,0.0915254852112729,0.5163521374226215,0.001243297960050645,0.374298481496809,0.11099764550803189,2.494607524772701,0.3742984814918692,0.07036076112961065,0.02567634084146363,0.0732870605050869
zoom_blur/s5,12032.0,0.0976453498005867,0.5437169075012207,0.09263818786387541,0.521327550164185,0.003156670535240514,0.3636832810019961,0.10171926251056476,2.461877432512495,0.3636832809986893,0.07809274092147488,0.035525071141806225,0.08470042893315734
zoom_blur/s5,12160.0,0.08950360864400864,0.5219013690948486,0.09206826436935417,0.5214318808788511,0.0021131430855742283,0.36380864265422874,0.0948058606270602,2.4614419688438534,0.3638086426520151,0.07009720673255757,0.03230397324368846,0.07736144416186566
zoom_blur/s5,12288.0,0.09264207631349564,0.541485071182251,0.09217259381374353,0.5250779154794691,0.0037389635531529957,0.37887190128092996,0.09187075645780407,2.4372287142392257,0.3788719012794481,0.0732675516143567,0.034796461427593094,0.0832956774967861
zoom_blur/s5,12416.0,0.09766963124275208,0.5111610889434814,0.09317205516447236,0.5225475833820168,0.004827322709135475,0.3486663140806225,0.10264390068569157,2.4406444922930417,0.3486663140796305,0.06919150149390821,0.035948457649876364,0.0787454535309064
zoom_blur/s5,12544.0,0.09511176496744156,0.5436010360717773,0.09352472967410312,0.5263754838710641,0.005555893714379946,0.36176216066554057,0.1061735160950777,2.4000806995360646,0.3617621606648766,0.07266125306616995,0.03439524850942136,0.07905687385126792
zoom_blur/s5,12672.0,0.08825025707483292,0.5118592381477356,0.092565734656054,0.5237361664668225,0.003719234635246079,0.336696157139742,0.09400671599991764,2.4173031017787,0.33669615713929746,0.06465340081289062,0.027673678754240743,0.07125914695828678
zoom_blur/s5,12800.0,0.09140271693468094,0.5381616353988647,0.09235427688853162,0.526358978999921,0.0024897355822721683,0.34419329527536446,0.09923685427652075,2.387974647626852,0.3441932952750669,0.06626591294086066,0.03686213205862396,0.07301232151753081
zoom_blur/s5,12928.0,0.09039061516523361,0.5408445596694946,0.09199724748429561,0.5289927209398434,0.0016666824972235172,0.36341658609342575,0.0962001602698824,2.3176777597924527,0.3634165860932265,0.08335775990255961,0.044046137989657355,0.08787395076793383
zoom_blur/s5,13056.0,0.09060529619455338,0.522484302520752,0.0917441654316152,0.5278093721363721,0.0011157130766537592,0.349167301434442,0.0960357815099537,2.343307863557221,0.3491673014343087,0.08214445084386222,0.03749162956332434,0.08749206621655074
zoom_blur/s5,13184.0,0.10161422193050385,0.5175474882125854,0.09353872115868586,0.52594357505932,0.005395642638090533,0.3419529042660314,0.09839592421341792,2.403886470269191,0.3419529042659422,0.08339835139134577,0.04834150408784521,0.08697816002926123
zoom_blur/s5,13312.0,0.09204719960689545,0.5676112174987793,0.09326753542199669,0.5335195100483126,0.006452868212275481,0.3665655805417235,0.09142868053218527,2.3380645516716188,0.36656558054166377,0.07648980547685129,0.043724477943102996,0.08172711539148891
zoom_blur/s5,13440.0,0.08825687319040298,0.565102756023407,0.09235650592534328,0.5392619184074207,0.004319688637969536,0.39130629771801323,0.08082197672944463,2.2999743146504104,0.39130629771797326,0.07832168796384259,0.03159448523463919,0.08182765575793885
zoom_blur/s5,13568.0,0.09161767363548279,0.5015628337860107,0.09222217278173227,0.5324075393853461,0.0028916923940126645,0.3732608273980088,0.08316644442578294,2.4089839180534014,0.37326082739798205,0.06740955971133264,0.0234744074711221,0.06975652988754583
zoom_blur/s5,13696.0,0.09037734568119049,0.5540409684181213,0.09188674967254284,0.536340890118578,0.0019357610240911221,0.38468286792759265,0.08104549351741058,2.3993146233471783,0.3846828679275748,0.07379276311254498,0.02552832235670157,0.07536387537926621
zoom_blur/s5,13824.0,0.08953095972537994,0.5441645979881287,0.09145842422760413,0.5377633824584963,0.004136749115300669,0.38096539092673554,0.07516269732902067,2.406969201819066,0.38096539092672355,0.08503895712492679,0.032068546371015104,0.08841507360099637
zoom_blur/s5,13952.0,0.08971355110406876,0.5521044731140137,0.09114117456877951,0.5403708534867722,0.002769228746606232,0.3828673278104593,0.07466322994762206,2.3464578885409217,0.38286732781045124,0.07991244237288486,0.026116134347539035,0.08217248728661741
zoom_blur/s5,14080.0,0.09145554155111313,0.5388663411140442,0.09119833220193108,0.5400973057826398,0.004694690317976072,0.3758760624185719,0.07798715281742803,2.343539605114752,0.3758760624185665,0.061501304398377456,0.025488899852484807,0.06301422702657859
zoom_blur/s5,14208.0,0.08838144689798355,0.5428095459938049,0.09068617123757697,0.540590440366488,0.0031427265764963786,0.37971868641243245,0.07285685293018468,2.2969521150730645,0.3797186864124288,0.06751326988651712,0.026876866843398916,0.07136696189382533
zoom_blur/s5,14336.0,0.08939662575721741,0.539056658744812,0.09045170842296614,0.5403115709807287,0.00210380869996865,0.3711856495818763,0.07533437326618721,2.257602516223207,0.3711856495818738,0.055525412072792456,0.020832861275333157,0.060946065399998764
zoom_blur/s5,14464.0,0.0893947184085846,0.5475044846534729,0.09025952842035131,0.5416193734666822,0.00140833474956579,0.37502923649695846,0.08940025215967987,2.2315601128204006,0.3750292364969568,0.060671970065257756,0.01394596498596682,0.06430067187933801
zoom_blur/s5,14592.0,0.08867481350898743,0.5233488082885742,0.08997139843646697,0.538297452525208,0.0009427695430977601,0.3685629599690383,0.08403761487407659,2.2791172809894173,0.36856295996903715,0.055594459299883284,0.009335728626969523,0.06034797043162295
zoom_blur/s5,14720.0,0.08908198028802872,0.5438807010650635,0.08980968604584183,0.5393125886233635,0.0034720192809166825,0.37921363435943883,0.08446545705137312,2.29913681002287,0.37921363435943806,0.07285662151479788,0.02122887618830191,0.07836310417323519
zoom_blur/s5,14848.0,0.08838945627212524,0.5134552121162415,0.08955146245062064,0.5346112474402503,0.0023242443120186054,0.36697358994309537,0.07486241113383829,2.278187878318895,0.3669735899430948,0.06607550696445147,0.021184206373987224,0.06976166477712437
zoom_blur/s5,14976.0,0.09511761367321014,0.5944210290908813,0.0905634899456369,0.5454857531949104,0.0043968081758141075,0.37375918004455144,0.07419171901859034,2.1528328528946896,0.373759180044551,0.06437699226545925,0.019862981126388138,0.06684458551195928
zoom_blur/s5,15104.0,0.09709132462739944,0.5260738134384155,0.09175036897868463,0.5419563096028205,0.010949516216867294,0.3653883767240385,0.0878853574401495,2.2161413443865583,0.36538837672403823,0.06892178821076198,0.021302904720970572,0.0705736481526339
zoom_blur/s5,15232.0,0.09859514981508255,0.5479531288146973,0.09299487458530244,0.5430466403686162,0.012495130690630171,0.36210916127807535,0.09676863517931582,2.2090338851428215,0.3621091612780752,0.06395797392621255,0.021750291590071205,0.06506376446581276
zoom_blur/s5,15360.0,0.09186252951622009,0.5489859580993652,0.09278899366365109,0.5441265163196615,0.00836450897471937,0.3712776203597033,0.08840786110207807,2.203072619847613,0.3712776203597032,0.06580037923986129,0.022566310899138575,0.06654061918785813
zoom_blur/s5,15488.0,0.08898792415857315,0.577556312084198,0.09209789011727328,0.5502046610041226,0.005599382040927843,0.39497716734823113,0.07942674694544642,2.232522185063762,0.3949771673482311,0.06186843568949392,0.019755133742398547,0.06236396821666535
zoom_blur/s5,15616.0,0.0888945683836937,0.5772462487220764,0.09151546798389516,0.5551213133164777,0.00374834665549715,0.4160074426050142,0.07276471278843244,2.1840802129694956,0.41600744260501415,0.07137473794090088,0.028203849860613903,0.07687174731859416
zoom_blur/s5,15744.0,0.09328346699476242,0.5287364721298218,0.0918369223495074,0.5503240694643584,0.0025092237941757778,0.38902151116534006,0.07742247692020912,2.272522044102778,0.38902151116534,0.06947399812572702,0.029727370567848976,0.07315381432071177
zoom_blur/s5,15872.0,0.0889427661895752,0.5605767369270325,0.09131071213861063,0.5521881908212083,0.004004108490316016,0.3849028297883681,0.06857028553169345,2.201278675239234,0.3849028297883681,0.07517474254697427,0.03307162823136997,0.07763809057832771
zoom_blur/s5,16000.0,0.08848544210195541,0.5839027166366577,0.09079702667740058,0.5579544682421991,0.002680436262112374,0.37181511746163476,0.0657521841276276,2.1336508352230803,0.37181511746163476,0.06581945575458607,0.02213885856810717,0.07211723418879787
zoom_blur/s5,16128.0,0.09154141694307327,0.5663712620735168,0.09093237036206835,0.5594847943933478,0.0017943416300091094,0.3870725166478712,0.061789303028908324,2.1472970648346656,0.3870725166478712,0.05774897451340058,0.020502045818319672,0.06713013197762502
zoom_blur/s5,16256.0,0.08857566863298416,0.5635302066802979,0.09050387913859849,0.5602203239000659,0.0012011708432292383,0.38437292436758314,0.06453810110360206,2.164068092248002,0.38437292436758314,0.059836090376739225,0.0183732703411892,0.0661160387618812
zoom_blur/s5,16384.0,0.09125414490699768,0.5249941349029541,0.09064029109648924,0.5538155622642273,0.0008040895727402338,0.3451174121799523,0.06931384506700579,2.194978225137855,0.3451174121799523,0.06071672165715601,0.019789131385424173,0.06492065404720972
zoom_blur/s5,16512.0,0.08949188143014908,0.5759456157684326,0.09043148933897284,0.5578392083559011,0.0005382748379500737,0.3562872759221168,0.07328204472639094,2.161767336786871,0.3562872759221168,0.058981854993633356,0.028743137539002955,0.06179605766796682
zoom_blur/s5,16640.0,0.08893296867609024,0.49678975343704224,0.09015903103663053,0.5467393074615631,0.00036033274275996664,0.3606654491710038,0.06669371404283403,2.268348170525015,0.3606654491710038,0.046456861607308275,0.02389003422032429,0.04834074934797779
zoom_blur/s5,16768.0,0.09230301529169083,0.5568275451660156,0.0905488463557324,0.5485735324987362,0.003082123571599647,0.3677285238252174,0.06827607414862717,2.2037944718965536,0.3677285238252174,0.04659508917514025,0.021674320428481546,0.05353802229079504
zoom_blur/s5,16896.0,0.08910507708787918,0.5481724143028259,0.09028634285248635,0.5485006019176616,0.0020632397462774493,0.37194016884167436,0.069329122895301,2.2075623076039737,0.37194016884167436,0.044363241513936856,0.01967454508022318,0.04901099012854874
zoom_blur/s5,17024.0,0.08867911249399185,0.5463083386421204,0.0899941191509419,0.5481020085948358,0.001381177020235317,0.37682565021632747,0.06250246947329194,2.201630625408816,0.37682565021632747,0.045710103823379214,0.018335852491719647,0.051662315705887994
zoom_blur/s5,17152.0,0.08835669606924057,0.5810263156890869,0.08969640586335983,0.554088246248336,0.0009245895755294269,0.38887708816134314,0.05966746266559767,2.1845959695560886,0.38887708816134314,0.05177701165036128,0.017439702907680096,0.05576155018328039
zoom_blur/s5,17280.0,0.08909857273101807,0.5464282035827637,0.08958770893020677,0.5526955112182319,0.000618940129073418,0.3850644143889983,0.05751080042780238,2.170479834952495,0.3850644143889983,0.05583833011305177,0.01683980112001725,0.06083004599046042
zoom_blur/s5,17408.0,0.0884057804942131,0.568393886089325,0.0893728128509352,0.5555497611947943,0.00041433182194170945,0.4016236988885029,0.05094295860071849,2.1753452406373057,0.4016236988885029,0.05235871685253878,0.016438213972904108,0.05570027872088672
zoom_blur/s5,17536.0,0.09127357602119446,0.5941616296768188,0.0897184061546187,0.5625701009187987,0.0026017427898948633,0.42097330256172505,0.06083373177642086,2.0771552073641595,0.42097330256172505,0.054678149297980504,0.02546690356863829,0.059755971705717545
zoom_blur/s5,17664.0,0.08826173096895218,0.5312355160713196,0.08945355612086114,0.5568729036738025,0.0017416625287725942,0.3753003099793365,0.05229228562241013,2.1335795575613505,0.3753003099793365,0.0417680172986481,0.01988900156247687,0.04800812981952992
zoom_blur/s5,17792.0,0.09007555991411209,0.5686535835266113,0.08956664771963403,0.5590148454652223,0.0011659063209138853,0.3860481413911261,0.053449037721674496,2.0994064868588524,0.3860481413911261,0.05094594546438426,0.021320323360005174,0.06209635136679276
zoom_blur/s5,17920.0,0.08845331519842148,0.5786749124526978,0.08936422362486811,0.5625894030993087,0.0007804827437522702,0.3901437971295968,0.048308356053939114,2.082126682577252,0.3901437971295968,0.04908364944310021,0.018921042910416686,0.06119673108024969
zoom_blur/s5,18048.0,0.09303183108568192,0.5468789339065552,0.09003106134501607,0.5597329541551717,0.0005224719193713544,0.3900446079958458,0.054165579885426314,2.0938234292426,0.3900446079958458,0.0522274843379431,0.02351326013011365,0.06317715055785308
zoom_blur/s5,18176.0,0.08830874413251877,0.5669254064559937,0.08971791276092564,0.5610406727553211,0.0003497539294965264,0.3866207706418472,0.04817426078513991,2.1039492724352478,0.3866207706418472,0.05329897711878835,0.023746479921811614,0.06295329913376942
zoom_blur/s5,18304.0,0.089427649974823,0.5590574145317078,0.08966513770890697,0.5606800803510278,0.0002341327957786664,0.3690911770412365,0.04855326811165965,2.1007723666083753,0.3690911770412365,0.05014229046794922,0.018220784079890417,0.056605101073019186
zoom_blur/s5,18432.0,0.08839619159698486,0.5809922814369202,0.08943442023401203,0.56437320782119,0.002481113689736132,0.38783169702760456,0.042769435298508504,2.085786419799018,0.38783169702760456,0.04622128535457757,0.019687053805546476,0.05054762964392193
zoom_blur/s5,18560.0,0.09412500262260437,0.5326716899871826,0.09028725339557428,0.5586092954877341,0.0073427289989142705,0.3879803095804625,0.04663976331894518,2.115000748871584,0.3879803095804625,0.04643738936959324,0.024026044283051773,0.04933353719965021
zoom_blur/s5,18688.0,0.08870992064476013,0.5314823389053345,0.09000046562269898,0.5536771215636614,0.0049153805695211225,0.3718091328596484,0.043825125795088724,2.1307507431814523,0.3718091328596484,0.0409002358589839,0.02357321972667102,0.04283897944769972
zoom_blur/s5,18816.0,0.08849962800741196,0.5689421892166138,0.08972758605628314,0.5564525884096527,0.0032904613729852136,0.36150032860852493,0.04372720475137794,2.0923412685068064,0.36150032860852493,0.0428753645006421,0.023786618164135145,0.04701411020879072
zoom_blur/s5,18944.0,0.08862793445587158,0.5433967113494873,0.08952764940166286,0.5540787925805317,0.002202705547204977,0.35330807121727703,0.04427642144048391,2.114899661917168,0.35330807121727703,0.0480715249962976,0.018247653481776416,0.053166470470347504
zoom_blur/s5,19072.0,0.08986924588680267,0.5463275909423828,0.08958975785350647,0.5526694831917773,0.0014745384241620092,0.36641903940991266,0.04358431566763338,2.127884732864718,0.36641903940991266,0.051033417559505,0.02073809861176768,0.05444408353800122
zoom_blur/s5,19200.0,0.09068629145622253,0.5369019508361816,0.08978912759945484,0.5498026591271236,0.0009870877054307663,0.3656400181173795,0.05099052349970046,2.159605016736091,0.3656400181173795,0.04785088282909011,0.01672343791366266,0.05013405592213303
zoom_blur/s5,19328.0,0.0887492224574089,0.5831485986709595,0.08960005393726467,0.5558655572260028,0.0006607777201643972,0.3824222435331218,0.0456532873094139,2.080497885084185,0.3824222435331218,0.04236298767897768,0.01403593777691467,0.04389139280737831
zoom_blur/s5,19456.0,0.08985666185617447,0.5331063270568848,0.089646709922521,0.5517275153770723,0.0027667189696968277,0.3518177828610154,0.06336783478393423,2.0889170755303814,0.3518177828610154,0.038689272743778445,0.019726536858926346,0.042553329069402006
zoom_blur/s5,19584.0,0.09019617736339569,0.5645676255226135,0.08974661309358913,0.5540620808580797,0.0018521011284747355,0.36413008604745656,0.056161793047442225,2.0928032474888174,0.36413008604745656,0.04423620737393433,0.021211565996471355,0.04682288970761622
zoom_blur/s5,19712.0,0.08834142237901688,0.5642375349998474,0.0894911238727578,0.5559121634293102,0.0012398362926153185,0.39329162784995025,0.05005224694532951,2.0959879891036604,0.39329162784995025,0.03710233716767504,0.019364767319951896,0.04451573608526375
zoom_blur/s5,19840.0,0.09557244926691055,0.5798075199127197,0.0905968193989674,0.5602567736990209,0.00315435322067637,0.39344315583343775,0.05265186315541317,2.052111657864997,0.39344315583343775,0.03516768025274114,0.017611951676992588,0.04013036878435011
zoom_blur/s5,19968.0,0.0889173075556755,0.5837872624397278,0.09029145360927796,0.5645350443791495,0.002111591825411454,0.39716029440089634,0.0543320780735496,2.004791551261722,0.39716029440089634,0.04575274463200026,0.01979601723831735,0.05139925513663106
zoom_blur/s5,20096.0,0.0884421244263649,0.5480606555938721,0.08995521193965739,0.5615397009636445,0.0014135449409779152,0.39784077559068265,0.049606620415711816,2.0562445960409046,0.39784077559068265,0.04095844888588447,0.020741548729782688,0.04706272451295136
zoom_blur/s5,20224.0,0.08883068710565567,0.5222960710525513,0.08975075287892981,0.5544044955252638,0.0009462573571835629,0.39442233737888666,0.04932418445678632,2.1175891065723103,0.39442233737888666,0.040073424460798694,0.01620921857117684,0.04415975773181041
zoom_blur/s5,20352.0,0.09034351259469986,0.5853662490844727,0.08985852737270617,0.5600339052633018,0.0006334450077013933,0.40117321758421337,0.05964061099590501,2.04329280274814,0.40117321758421337,0.05084460645722887,0.029704104993928296,0.06210281302707969
zoom_blur/s5,20480.0,0.08936019241809845,0.5910108685493469,0.08976792101732295,0.565666080406219,0.0004240416993703541,0.40130190598612625,0.058813683605919265,1.9725577106845407,0.40130190598612625,0.04152614151269039,0.022208946318249517,0.0513870070677145
zoom_blur/s5,20608.0,0.08838021755218506,0.5890483856201172,0.08951561129638878,0.5699174086269277,0.0002838626251983362,0.4000967304535225,0.04914235684501507,1.9573370886017583,0.4000967304535225,0.043294359194445624,0.021840286378332317,0.05454419481392458
zoom_blur/s5,20736.0,0.08913612365722656,0.5615280270576477,0.08944661354381384,0.5683920665234222,0.00019002374083524983,0.38379409228706873,0.046083068135144095,1.992559167345156,0.38379409228706873,0.0416371330144636,0.02262655534417287,0.04916801471014785
zoom_blur/s5,20864.0,0.0909443274140358,0.5676652789115906,0.08971892515658147,0.568259923321271,0.00012720597526987798,0.40929604525002117,0.04763335919662368,1.966793014495686,0.40929604525002117,0.03252155185265745,0.017471082503123986,0.037562885880346904
zoom_blur/s5,20992.0,0.08843730390071869,0.5366817712783813,0.08948590311006097,0.5625184411316546,8.515441319719104e-05,0.389952311283072,0.04077339588725601,1.9995757182522773,0.389952311283072,0.03390905537244011,0.014019898204570601,0.0396082128620504
zoom_blur/s5,21120.0,0.08952983468770981,0.5863692760467529,0.08949389066963348,0.5668549565707633,5.70041939584502e-05,0.3917242744952795,0.05076461003741669,1.9711465147957137,0.3917242744952795,0.041036227150145856,0.020232328550167093,0.04717574580021555
zoom_blur/s5,21248.0,0.08839846402406693,0.5911328196525574,0.08929472218862138,0.5712691134947259,0.002362539997608549,0.38335467962080694,0.04352358127577942,1.890036257119398,0.38335467962080694,0.04658210247241167,0.020517095971599456,0.05353293727121867
zoom_blur/s5,21376.0,0.09003766626119614,0.5791736245155334,0.08942980292908952,0.5727062973166909,0.0015815350397214252,0.4025452813990525,0.045814168456537595,1.9161483971616542,0.4025452813990525,0.05236074628318467,0.01941640308842608,0.0650199828013943
zoom_blur/s5,21504.0,0.08853381872177124,0.6137865781784058,0.08926689670957709,0.5801754392915481,0.0010587135389870696,0.43579477515143183,0.044386080759376105,1.8539995060114935,0.43579477515143183,0.053388185528412874,0.023328335951756297,0.06418693063564411
zoom_blur/s5,21632.0,0.08916869014501572,0.5622067451477051,0.08924904097056593,0.5769084039926675,0.0007087255922144845,0.4190547668369088,0.040750036435567266,1.8972320479184623,0.4190547668369088,0.04606977708926812,0.020781778612332727,0.05329868910319978
zoom_blur/s5,21760.0,0.08830506354570389,0.5832552313804626,0.0890774087115001,0.5780623726086302,0.000474436140242754,0.40939823234536865,0.03667971552220156,1.9235284138681876,0.40939823234536865,0.03368100780355964,0.01675267824461943,0.03852019683767918
zoom_blur/s5,21888.0,0.0883711725473404,0.578576922416687,0.08894900213619834,0.578155927119186,0.00031759774677407495,0.3884711307435938,0.03409454778004126,1.918327598635777,0.3884711307435938,0.03623480687676306,0.014055511882761766,0.04463955325497532
zoom_blur/s5,22016.0,0.08838601410388947,0.5448939204216003,0.08884664067577855,0.5721082895378067,0.002536986921394215,0.3886666247126537,0.03202033036492771,1.9318677684329622,0.3886666247126537,0.044917515347254605,0.011733441838873579,0.05054383317068596
zoom_blur/s5,22144.0,0.09613016247749329,0.5769773125648499,0.0901709173669994,0.5729935664518145,0.004539222649858937,0.40196898017954497,0.03884618891311275,1.936330699521382,0.40196898017954497,0.05641172514981505,0.02154263461941124,0.060178103196905475
zoom_blur/s5,22272.0,0.08878888189792633,0.6065102815628052,0.08991963819080429,0.5790875146538128,0.003038653178831189,0.42352882144250525,0.03702635235576586,1.8698670853550803,0.42352882144250525,0.055583468901942296,0.019069862844399255,0.058104763297102
zoom_blur/s5,22400.0,0.08885297924280167,0.5824655294418335,0.08972570020025836,0.5797016991607257,0.0020341397312836885,0.4160089631144043,0.041536547368887136,1.8557666464116465,0.4160089631144043,0.05941951224014318,0.02412941231732512,0.06110732088483686
zoom_blur/s5,22528.0,0.08867035061120987,0.5540807247161865,0.08953381845679499,0.5750433401708094,0.0013616968449089153,0.4058097191096425,0.03606316332495219,1.8859031789893692,0.4058097191096425,0.050107276788856174,0.021318036344655657,0.05123713216257674
zoom_blur/s5,22656.0,0.08937916159629822,0.6118735671043396,0.08950569902761375,0.5817397450678148,0.006076838383782,0.43307303510645484,0.04564304899352941,1.799037338341709,0.43307303510645484,0.059369334048738426,0.0302831482968356,0.06012568351379104
zoom_blur/s5,22784.0,0.08879978954792023,0.5879274606704712,0.08937735184948764,0.5828647842682977,0.004067966190796214,0.43737740366630445,0.04589699954577963,1.838254049499832,0.43737740366630445,0.05343112444584969,0.028794917454906473,0.05626182119518243
zoom_blur/s5,22912.0,0.08831821382045746,0.6078609228134155,0.08918478129875487,0.5874095367310463,0.0027231839789627547,0.42631255947909635,0.03967528042623188,1.8504203889773911,0.42631255947909635,0.04790637256292416,0.019275936478077883,0.05212568195710558
zoom_blur/s5,23040.0,0.09089647233486176,0.5792784690856934,0.0894959978507743,0.5859311607955275,0.0018229578702147363,0.41219063899013886,0.037219895356099764,1.8541163349402316,0.41219063899013886,0.05557162130245336,0.023234304584498412,0.061237026764673984
zoom_blur/s5,23168.0,0.09395670890808105,0.637779712677002,0.09030703622483006,0.5953581702285229,0.0035447073346065584,0.44225158477852267,0.035776726875581664,1.8054703767014284,0.44225158477852267,0.05037232500412167,0.02071883199458158,0.05416486915651729
zoom_blur/s5,23296.0,0.08832372725009918,0.5549235343933105,0.08994643459306081,0.5880064182584842,0.002372903257050671,0.42725106088479614,0.03027374332588356,1.8538612165792028,0.42725106088479614,0.038885605994494664,0.013869631335215767,0.0494306148899
zoom_blur/s5,23424.0,0.09116634726524353,0.6067562103271484,0.09016823689709402,0.5914154713618777,0.0015884724282735894,0.40920318951792134,0.030696317173459043,1.8511894100117963,0.40920318951792134,0.03636143872358734,0.014966447422747744,0.043420494265139664
zoom_blur/s5,23552.0,0.08897708356380463,0.5961021184921265,0.08995166356376867,0.5922675890219229,0.003387737741240997,0.4064190772805919,0.031491175285801504,1.819973915905557,0.4064190772805919,0.04784319451744276,0.02034944001026915,0.05540958707005217
zoom_blur/s5,23680.0,0.08889670670032501,0.5778725147247314,0.08975985322496073,0.5896503027860699,0.0022678244383514106,0.38673508479114,0.03750033953168374,1.8277354218854303,0.38673508479114,0.0446822211232468,0.021628550750676045,0.049747326881605165
zoom_blur/s5,23808.0,0.09096170961856842,0.6116992235183716,0.08997837256925303,0.5936591974646702,0.0015181304091443325,0.3934445608932424,0.03524453639767788,1.7664081326544097,0.3934445608932424,0.04928107364448752,0.019643905874419502,0.05732052460669436
zoom_blur/s5,23936.0,0.08857230842113495,0.5808157920837402,0.08972272454232247,0.5913240328499556,0.001016269116865214,0.38683065646572423,0.03361419262450588,1.7959523879012167,0.38683065646572423,0.044353445993417256,0.018831870874611398,0.049735227216051586
zoom_blur/s5,24064.0,0.09107962995767593,0.6188637614250183,0.08996943461784127,0.5963312562272397,0.0006803123840172093,0.3984155634192038,0.032175312916100665,1.7876839914303644,0.3984155634192038,0.0526766869873289,0.02009612843672333,0.056279366979340315
zoom_blur/s5,24192.0,0.08851926773786545,0.6364866495132446,0.08970576791239111,0.6036322368246951,0.00045541572814375154,0.40720380691698765,0.0302604481011589,1.7101648728618537,0.40720380691698765,0.05359968302457553,0.016293689284087514,0.06117668368038483
zoom_blur/s5,24320.0,0.08837002515792847,0.5874004364013672,0.08946290559339791,0.60068100038409,0.0003048650742119328,0.3993988294237686,0.028376041425675666,1.760909901609541,0.3993988294237686,0.046211358057773703,0.010907345719099903,0.05360794527364604
zoom_blur/s5,24448.0,0.08831942081451416,0.565474271774292,0.0892549992699645,0.5942797770004903,0.00020408323149724426,0.40502111721756406,0.02592105739205543,1.7904506694399636,0.40502111721756406,0.03842454547669148,0.007301611597083406,0.04337597989392833
zoom_blur/s5,24576.0,0.08853382617235184,0.5756092071533203,0.08912387688858037,0.5908851279373684,0.00013661770042377506,0.40904306193903045,0.028425714562750923,1.8110901713871994,0.40904306193903045,0.03553626598026454,0.009536616027799634,0.038850862573621435
zoom_blur/s5,24704.0,0.08835738152265549,0.5742927193641663,0.08898451409477584,0.5878683263786043,9.145482425062627e-05,0.4114771736947228,0.027370197982119645,1.8034074656569488,0.4114771736947228,0.03179493838348287,0.00922492477894025,0.03401380056581269
zoom_blur/s5,24832.0,0.08833476901054382,0.6280807256698608,0.08886637862491548,0.5951796717042873,6.122182449835311e-05,0.41956323197745904,0.0269739300156485,1.769825355856121,0.41956323197745904,0.03678008271952159,0.009016271959455868,0.04058981690769279
zoom_blur/s5,24960.0,0.08905388414859772,0.5944273471832275,0.08890047053831224,0.595042885427731,4.098320482947604e-05,0.4076724941336709,0.027941676996244315,1.7803340019645153,0.4076724941336709,0.03830939421720039,0.0117175043695531,0.040859712144819135
zoom_blur/s5,25088.0,0.09028254449367523,0.5873293876647949,0.08915175671201458,0.5936404312890153,2.7435037943698836e-05,0.4074605126018788,0.027799269300761292,1.7530169882810562,0.4074605126018788,0.045789759765233314,0.012492709536642983,0.04749699738620124
zoom_blur/s5,25216.0,0.09204523265361786,0.5823746919631958,0.08967784324685153,0.5915921150479572,0.00234274576920198,0.38381654149381966,0.0326219111505049,1.7327229591385986,0.38381654149381966,0.03297702926432974,0.010687268367504804,0.038768651142828923
zoom_blur/s5,25344.0,0.08843429386615753,0.6133748292922974,0.08945174335945262,0.595552608546928,0.0015682843578955403,0.40259619719834205,0.02841791332683837,1.741985330721476,0.40259619719834205,0.03240611049926205,0.009478667254280074,0.03628314663280283
zoom_blur/s5,25472.0,0.08983143419027328,0.5800639986991882,0.08952077805596546,0.5927364976655207,0.0038907523387565184,0.3774610906864934,0.03204466397355672,1.7328818579104301,0.3774610906864934,0.04003012355735724,0.01202704171567509,0.042625494853363866
zoom_blur/s5,25600.0,0.0884692594408989,0.5954274535179138,0.08932959285322609,0.5932257623659558,0.0026045532185064294,0.3823293251702972,0.02957469581679575,1.7323368205729655,0.3823293251702972,0.04229289262930525,0.015540829578261837,0.04971210812497911
zoom_blur/s5,25728.0,0.08866740763187408,0.5745084285736084,0.08920919554025299,0.5898226107673472,0.0017435438900745516,0.38739607718011626,0.03197876291854666,1.753883310046066,0.38739607718011626,0.04845639919812996,0.020217414841646353,0.05342298147209345
zoom_blur/s5,25856.0,0.0883849710226059,0.5722776651382446,0.08905933653704441,0.5866326206529648,0.0011671657445953608,0.3714180351371026,0.03046567400362721,1.7609260819403902,0.3714180351371026,0.03992742425659939,0.016374881009697143,0.04325216115074024
zoom_blur/s5,25984.0,0.08852844685316086,0.6342517137527466,0.08896281113997467,0.5952906375801978,0.0007813258290266463,0.38861455244715126,0.028827343738719213,1.6961328787136458,0.38861455244715126,0.04222414351061612,0.016126986461036927,0.04909855415875999
zoom_blur/s5,26112.0,0.08841100335121155,0.5979865789413452,0.08886248245110864,0.5957808087367701,0.0005230362987699036,0.3949609813902417,0.02762958321515682,1.6671678218670776,0.3949609813902417,0.036271947308759545,0.01079575126730571,0.04319820567652528
zoom_blur/s5,26240.0,0.08867266774177551,0.5956735014915466,0.08882797068577533,0.5957612983285476,0.00035013173719307595,0.38965363217032706,0.031163496213926504,1.6636316161080784,0.38965363217032706,0.034611799438095225,0.010067816964064152,0.03924838561816981
zoom_blur/s5,26368.0,0.08834736794233322,0.5743241310119629,0.08874058836878584,0.591863631543714,0.00023438570836891858,0.37499540665947506,0.029452896735635867,1.7265113150767148,0.37499540665947506,0.03401698970649349,0.009580522099910713,0.039445200289849214
zoom_blur/s5,26496.0,0.08832504600286484,0.5776294469833374,0.08866503521134565,0.5892755979872819,0.00015690282956927606,0.3979824623092353,0.03051836831836468,1.7608795077438069,0.3979824623092353,0.04110848071261135,0.013903076777626179,0.04474224151634533
zoom_blur/s5,26624.0,0.08847352117300034,0.5971418619155884,0.08863021447710104,0.5907058277924285,0.00010503412557943273,0.39968247476899216,0.030916323512460393,1.7256650825978865,0.39968247476899216,0.035525098658855524,0.00930701833874149,0.04028199638697497
zoom_blur/s5,26752.0,0.08832558244466782,0.557746171951294,0.08857482683484044,0.5847131630940404,7.031210059449627e-05,0.38919859881230046,0.027411086974089085,1.7467164572539453,0.38919859881230046,0.023781264391465266,0.006230318061471575,0.029806543035908864
zoom_blur/s5,26880.0,0.08860860019922256,0.5841341018676758,0.08858096744654628,0.5846078792347014,4.706843097648097e-05,0.3912197231718705,0.0351275462730785,1.6927583507380408,0.3912197231718705,0.03709737533643542,0.012176907132059484,0.04113082632982328
zoom_blur/s5,27008.0,0.08835937082767487,0.5690175294876099,0.08854067715220602,0.5817732701897755,3.15086190834294e-05,0.3881822113795166,0.030477966191477055,1.6650328593692527,0.3881822113795166,0.035164358696291476,0.010992392377659654,0.03786443746046021
zoom_blur/s5,27136.0,0.09592198580503464,0.5727092027664185,0.08988273327090213,0.5801252579309832,0.002345472711948411,0.3825331332375276,0.03309662673830185,1.7332545618516262,0.3825331332375276,0.031545975656195116,0.012523832913970512,0.03619437549006014
zoom_blur/s5,27264.0,0.08832588791847229,0.5990962982177734,0.08959967047955124,0.5835745379831269,0.0015701098319654651,0.39889614704330356,0.030598787770512236,1.7083494917128583,0.39889614704330356,0.03532209940621325,0.008383722859765384,0.038433838137974144
zoom_blur/s5,27392.0,0.08838344365358353,0.585321307182312,0.08937853832937528,0.5838921323829787,0.0010510652594148979,0.36594494140915357,0.027665896399891775,1.7090242177506634,0.36594494140915357,0.034492479767795646,0.013618442575545422,0.0388999247039331
zoom_blur/s5,27520.0,0.08836720883846283,0.6216319799423218,0.08919466024011846,0.5907539228483137,0.0007036056695256753,0.36842182028216064,0.027004259762440405,1.6753649359326455,0.36842182028216064,0.035744965794970635,0.011957387178670901,0.04101978430593868
zoom_blur/s5,27648.0,0.08834300935268402,0.5819871425628662,0.08903981462422128,0.5891599627964141,0.0004710087539799975,0.3662059292797935,0.025476421004642275,1.6588300260268067,0.3662059292797935,0.0355503490032448,0.012653292243573082,0.04657109527918209
zoom_blur/s5,27776.0,0.08957044780254364,0.6041609048843384,0.08913629338391625,0.5918874068124004,0.0003153033807634693,0.39338991960052283,0.03039873803511506,1.6112540704006624,0.39338991960052283,0.03412874602696553,0.010794765882061318,0.049512468740609494
zoom_blur/s5,27904.0,0.0895896703004837,0.6114140748977661,0.08921872555056487,0.5954377101006487,0.00021107085819703316,0.397124656922664,0.027406626330449473,1.6254292712572587,0.397124656922664,0.030852714282514113,0.010067157326007988,0.04115090882635842
zoom_blur/s5,28032.0,0.08987878262996674,0.6152998208999634,0.08933873592863793,0.5990490029732514,0.0001412953678839643,0.40530658851847756,0.02872353626403744,1.6052923222736166,0.40530658851847756,0.035632808734575555,0.014745369780220223,0.04536755053665316
zoom_blur/s5,28160.0,0.08840731531381607,0.612982988357544,0.08916938672594305,0.6015824548613046,9.458615536033972e-05,0.409234162561956,0.027199455835618617,1.582763797363965,0.409234162561956,0.03366741741736049,0.019684916960312708,0.040184062755941365
zoom_blur/s5,28288.0,0.0886906236410141,0.6158922910690308,0.08908233889231959,0.6041842432627093,6.331800482799601e-05,0.42477658816130937,0.030570986988410154,1.5574907323219525,0.42477658816130937,0.03467612240335702,0.015501886560209331,0.04136288498538223
zoom_blur/s5,28416.0,0.08833557367324829,0.594652533531189,0.08894656339794299,0.6024512051297055,4.238643298403039e-05,0.40703019538071117,0.02638928725948879,1.517767585588511,0.40703019538071117,0.025537321608858826,0.010377295961793022,0.030013584163768262
zoom_blur/s5,28544.0,0.08834941685199738,0.5866979360580444,0.08883799129868014,0.5995869743894034,2.8374389022367444e-05,0.39644170103998017,0.02577631412829141,1.5242271976621544,0.39644170103998017,0.019419611986095577,0.006946784900043261,0.025257027415415117
zoom_blur/s5,28672.0,0.08848041296005249,0.5861284136772156,0.0887729770552933,0.5971399633508238,1.899442570918812e-05,0.401233700696185,0.024450227575090272,1.566478328856784,0.401233700696185,0.028495773313006127,0.007491236172756232,0.0324034646334597
zoom_blur/s5,28800.0,0.08843497186899185,0.5450212955474854,0.08871152156687485,0.5876638419320349,1.2715276714415187e-05,0.38042297319331386,0.02176365127193637,1.658128547218463,0.38042297319331386,0.02940626147399583,0.007855703553663263,0.03667091434140691
zoom_blur/s5,28928.0,0.08834048360586166,0.5785856246948242,0.0886440601194179,0.5860132569798148,8.511879453451487e-06,0.38043810602197037,0.022008073198339192,1.6541425670417274,0.38043810602197037,0.03518105106936911,0.005258776759063837,0.040044165798793045
zoom_blur/s5,29056.0,0.08862649649381638,0.596595287322998,0.0886408667329449,0.5879372624967572,5.698035006029507e-06,0.37528294700644294,0.02530925574193323,1.6248601441079606,0.37528294700644294,0.043695579641478494,0.010493478656893972,0.056765102724811875
zoom_blur/s5,29184.0,0.0887901708483696,0.6101313829421997,0.08866801293574939,0.5919725571232012,3.8143870701519833e-06,0.39352618766547004,0.03153520551886144,1.6127958545047987,0.39352618766547004,0.043713569842642616,0.01683860967940836,0.0524625894273534
zoom_blur/s5,29312.0,0.0883767157793045,0.5910441279411316,0.08861504981639576,0.5918037518173703,2.5534326667959557e-06,0.3972158776934138,0.027648124140471842,1.6330831393769247,0.3972158776934138,0.04140123270457893,0.014113036231670057,0.04958239457533574
zoom_blur/s5,29440.0,0.08835704624652863,0.5827755928039551,0.08856814007641992,0.5901622683603857,1.7093226943014246e-06,0.41492343878650007,0.024133861979502458,1.57877490471122,0.41492343878650007,0.04450206486835448,0.009447569708803921,0.05281961950910904
zoom_blur/s5,29568.0,0.08833198994398117,0.6209225058555603,0.08852520368870379,0.5957550388140537,1.14425734081335e-06,0.41670494662567353,0.02602108259727557,1.5654156695364347,0.41670494662567353,0.0377968368127001,0.00632440616870345,0.053695365125932495
zoom_blur/s5,29696.0,0.08868925273418427,0.6091437339782715,0.08855503078788206,0.5981893470257296,7.659904512882755e-07,0.4158314105510707,0.03892798503142496,1.5527643242283242,0.4158314105510707,0.03563259323825378,0.011723362807148589,0.046275409712401086
zoom_blur/s5,29824.0,0.08836732804775238,0.5832690000534058,0.08852090301694938,0.5954765566671252,5.127704673913249e-07,0.40362474590608866,0.03226344433509399,1.5668167317398731,0.40362474590608866,0.03418380208511203,0.01301316022627302,0.041308332121524696
zoom_blur/s5,29952.0,0.08851165324449539,0.6276777982711792,0.08851922124013957,0.6013313278678623,3.43259569080143e-07,0.411207474532175,0.027874505709824336,1.5509640806006628,0.411207474532175,0.03321395015614937,0.013876578333290205,0.04082417274250826
zoom_blur/s5,30080.0,0.08857651799917221,0.5970064401626587,0.08852963883269095,0.6005449846487343,2.29785331367699e-07,0.38942401187691045,0.025357707895593922,1.5402577388714054,0.38942401187691045,0.037729999691306595,0.01677894913220253,0.04282444621605924
zoom_blur/s5,30208.0,0.08834215998649597,0.5855971574783325,0.08849555176974641,0.5978271978904794,1.538232383535836e-07,0.39214541290933674,0.023724319657989795,1.5339365789900583,0.39214541290933674,0.036104379958643254,0.014073098179408303,0.042355621020667755
zoom_blur/s5,30336.0,0.0891924574971199,0.6101953387260437,0.08862226190199614,0.6000759507696729,1.0297258104661382e-07,0.4089465160798039,0.023640419835894762,1.5527828245110742,0.4089465160798039,0.03449962625330664,0.01406959464902539,0.03868434134441395
zoom_blur/s5,30464.0,0.09011809527873993,0.5635072588920593,0.08889423160685864,0.5934270977010159,6.893205838657619e-08,0.3773216347311084,0.022930062111900247,1.5938667781495373,0.3773216347311084,0.03626627873155237,0.019749067492322782,0.03906761693303744
zoom_blur/s5,30592.0,0.08836827427148819,0.5415541529655457,0.08879860300042763,0.5839956532036576,4.6144601068699754e-08,0.37061406953074194,0.021035775988937456,1.613958812051247,0.37061406953074194,0.024277426258311915,0.013220450139488802,0.026152702244430014
zoom_blur/s5,30720.0,0.0884968638420105,0.6084662675857544,0.08874374133526089,0.5884448558185843,3.0890187492270076e-08,0.37774578208256276,0.019071127871844097,1.5837684820485807,0.37774578208256276,0.02090059113159723,0.01117443356445118,0.024996850262800255
zoom_blur/s5,30848.0,0.08936438709497452,0.6348016262054443,0.08885658601884519,0.5968733595252861,2.067855526342046e-08,0.41609428387345104,0.02030921405516057,1.4625588918042645,0.41609428387345104,0.029487172575697315,0.014970075361326822,0.03222929645691587
zoom_blur/s5,30976.0,0.08894506841897964,0.6355559825897217,0.08887267372796054,0.6039065637188198,1.3842669225926091e-08,0.4273027850723102,0.02456417926110849,1.4262111983428232,0.4273027850723102,0.026712487426706465,0.01234567028320225,0.028548124074464342
zoom_blur/s5,31104.0,0.08840447664260864,0.5855698585510254,0.08878754698516927,0.6005726173246753,9.266580225619944e-09,0.40872128587485224,0.0217598362974802,1.44358666880738,0.40872128587485224,0.025371582492258047,0.01342974622263952,0.02660039710769927
zoom_blur/s5,31232.0,0.08836711943149567,0.5508899688720703,0.08871110561177406,0.5915394085151107,6.203247919629879e-09,0.37639606740382664,0.01982727760430442,1.4873861941135873,0.37639606740382664,0.022149571751015715,0.008990160694494225,0.02529654682416232
zoom_blur/s5,31360.0,0.08833734691143036,0.5687108039855957,0.08864314948443884,0.587388753146108,4.152587450330745e-09,0.344942821981074,0.01850596996073368,1.5188751751622818,0.344942821981074,0.017151779436630352,0.008342586911190348,0.019258432171546675
zoom_blur/s5,31488.0,0.0883549153804779,0.5895282030105591,0.08859074328371866,0.5877777440305536,0.002324382945120524,0.35126337669807434,0.019221152257318325,1.4572488158939152,0.35126337669807434,0.019487968052620316,0.010749996196747255,0.020898206660291574
zoom_blur/s5,31616.0,0.08856455981731415,0.5656945705413818,0.08858598265346329,0.5837626215779769,0.0015559918888823341,0.36556680588879353,0.02041424549051222,1.4424973786122108,0.36556680588879353,0.025700623241836737,0.015202476792863864,0.028969047433748903
zoom_blur/s5,31744.0,0.0884835347533226,0.5895740985870361,0.08856735576252862,0.5848192537614422,0.0010416144049542897,0.36532777914869646,0.0194793276756161,1.480261456933533,0.36532777914869646,0.032700417211477484,0.018183062977041097,0.03721275076143521
zoom_blur/s5,31872.0,0.08908213675022125,0.5884847640991211,0.08866095230574547,0.5854857101864747,0.0006972790644735327,0.3693000009177224,0.021326314712770578,1.4602182257053946,0.3693000009177224,0.0293800313564436,0.014496513232564701,0.03240068439401861
zoom_blur/s5,32000.0,0.08848503232002258,0.5885839462280273,0.08862896685379586,0.5860490258303933,0.0004667735886145136,0.3613702485482273,0.019383516907460693,1.4719244522316832,0.3613702485482273,0.035680020990677117,0.01822700472593174,0.03770211104062403
zoom_blur/s5,32128.0,0.08837688714265823,0.5773777365684509,0.08858313417904357,0.5844724277827674,0.00031246827006426115,0.37155776968930915,0.020166214653867198,1.4785571236908845,0.37155776968930915,0.03989736942351112,0.012201548618185709,0.04125099995281443
zoom_blur/s5,32256.0,0.08838275820016861,0.5589433312416077,0.08854670218288448,0.5798307738661929,0.00020917297417524916,0.37424528384160366,0.019547303757969953,1.5253026341764175,0.37424528384160366,0.03987964399425124,0.013849797008868117,0.04595108261304107
zoom_blur/s5,32384.0,0.08834969997406006,0.5841943025588989,0.08851088359946185,0.5806241427194121,0.00014002488353880314,0.3693294875303297,0.017949354449245045,1.5071872090873075,0.3693294875303297,0.031345050938300416,0.00927135171668031,0.03540940241038286
zoom_blur/s5,32512.0,0.08864889293909073,0.586280345916748,0.08853597620666709,0.5816525433007459,9.373566584002523e-05,0.38360073132195616,0.019143485575470624,1.5737134356650875,0.38360073132195616,0.03880329856200275,0.009047351149182686,0.04384844293587612
zoom_blur/s5,32640.0,0.09040377289056778,0.5556131601333618,0.08887557560373995,0.5769181099975851,6.274866886811605e-05,0.37430090278577227,0.02026630967825747,1.54027346580121,0.37430090278577227,0.031657580029109275,0.011738309446973533,0.03503490808104103
zoom_blur/s5,32768.0,0.0883369892835617,0.5856456756591797,0.08877765081825299,0.578504940117875,4.2005307258821476e-05,0.394160108476426,0.01838820276715849,1.5206657280705467,0.394160108476426,0.03617160315998224,0.00785787657194096,0.03843245912863077
zoom_blur/s5,32896.0,0.08845975250005722,0.5768267512321472,0.08871985112403558,0.5781998148659244,0.0023524994205616906,0.37775387426934304,0.019350614989242114,1.5304853758903487,0.37775387426934304,0.036352478148417855,0.009908991754770393,0.04019032387949662
zoom_blur/s5,33024.0,0.08850645273923874,0.5282618999481201,0.08868105141770888,0.5691201939717782,0.0015748136616983216,0.3463682959984858,0.020152112695055343,1.537922476258376,0.3463682959984858,0.03466570851257724,0.008957672166416542,0.03955922507635724
zoom_blur/s5,33152.0,0.08836589753627777,0.5477672219276428,0.08862375071199413,0.565237835418299,0.0010542141041120993,0.3289738179824574,0.018033014453809188,1.5654810990236876,0.3289738179824574,0.02553035032660129,0.005996458227105287,0.031130555629627573
zoom_blur/s5,33280.0,0.08835314214229584,0.5190134048461914,0.08857454915386717,0.5568333934960976,0.0007057135738271076,0.31991222526098384,0.017718982046762272,1.5823056155597186,0.31991222526098384,0.02561329236739425,0.004014157986739902,0.029362190132230025
zoom_blur/s5,33408.0,0.08833526074886322,0.5681670904159546,0.08853104217113916,0.5588940656633443,0.0004724198304131877,0.3673069441829726,0.016814638208501036,1.521990079678251,0.3673069441829726,0.022827906460817636,0.002687163610958116,0.02533749917942671
zoom_blur/s5,33536.0,0.08833387494087219,0.5462285280227661,0.0884951935838179,0.5565912406377846,0.0003162479856484975,0.35590382213901467,0.01892588983614379,1.4876689899293631,0.35590382213901467,0.015281491101869656,0.0017988450618810527,0.016961466392839367
zoom_blur/s5,33664.0,0.08837644755840302,0.5751138925552368,0.08847360339737882,0.5599589955318669,0.0002117031970043661,0.35989222804347265,0.01767466136733279,1.4837495149779354,0.35989222804347265,0.02236818825827638,0.003528565702581531,0.026333708907603212
zoom_blur/s5,33792.0,0.09092069417238235,0.5704492926597595,0.088918528992834,0.5618663222823929,0.0029826277599781293,0.3827067807563742,0.037029839512934565,1.4143906971231395,0.3827067807563742,0.03615143180925939,0.01036829604883557,0.04113041670674265
zoom_blur/s5,33920.0,0.09529907256364822,0.5945273637771606,0.09007862782389113,0.5678046934632597,0.004837544202960566,0.37344420860550664,0.03057408352147492,1.3767333449194572,0.37344420860550664,0.03633897501281,0.012106049421121333,0.039672014489637634
zoom_blur/s5,34048.0,0.08836790174245834,0.5921431183815002,0.08976758671817607,0.5722298616302125,0.00323835603669261,0.3620783545210416,0.025339248588675235,1.3455581413179463,0.3620783545210416,0.02665047087634388,0.00810404961248618,0.028881679121162376
zoom_blur/s5,34176.0,0.08835656195878983,0.5743617415428162,0.08951103676192401,0.5726174761597768,0.005008734206381003,0.36505865054714354,0.021435183518111144,1.356367017500374,0.36505865054714354,0.02300568711556904,0.008265934038110583,0.0244993058579682
zoom_blur/s5,34304.0,0.0883423462510109,0.5130888223648071,0.08929854757812163,0.5617940845606914,0.003352954303445134,0.3505247991266002,0.018955004431749294,1.4220419898792946,0.3505247991266002,0.017724881457529686,0.005533393860222786,0.018724741937978708
zoom_blur/s5,34432.0,0.09064731001853943,0.5545209646224976,0.08954377711274304,0.5604716991173834,0.004568919822967403,0.3449277580930133,0.021067316310083385,1.4049009486896211,0.3449277580930133,0.019355085934379374,0.011193842170892938,0.022348794189886573
zoom_blur/s5,34560.0,0.08840779215097427,0.625134289264679,0.08933723439242144,0.5722285336896189,0.0030585331046310707,0.3533194083101989,0.01882712830849026,1.3807305248593624,0.3533194083101989,0.022770760005658915,0.009817778643325023,0.027099192804800103
zoom_blur/s5,34688.0,0.08842232078313828,0.6000533699989319,0.08917088646346087,0.5772875948367667,0.0020474477807860885,0.3731415047365794,0.016594737786198306,1.3639920144643023,0.3731415047365794,0.025573814549242742,0.009413141075283692,0.028471360472634773
zoom_blur/s5,34816.0,0.08839237689971924,0.535925030708313,0.0890293392700533,0.5697671286315933,0.0013706055392039103,0.36110092465837135,0.016699716060612456,1.4710959090498659,0.36110092465837135,0.01996057007015423,0.00630135890163619,0.02190024957259022
zoom_blur/s5,34944.0,0.08843734115362167,0.5843298435211182,0.0889217032488839,0.5724148949751432,0.0009175127989712124,0.37964194130023204,0.017826582484005257,1.4669712553588425,0.37964194130023204,0.018010794840351174,0.006542645215144886,0.019309257978345516
zoom_blur/s5,35072.0,0.09241176396608353,0.5241013765335083,0.0895562597429202,0.5636306188948459,0.0034551118736914728,0.37345865491999003,0.02208878511360548,1.4733252441452862,0.37345865491999003,0.022903920512962354,0.010061605474601122,0.023773139638396584
zoom_blur/s5,35200.0,0.08874520659446716,0.6001178622245789,0.08940879553411055,0.5702646631366155,0.0023129261303223903,0.37267686816958007,0.021756849504483648,1.4306148638417575,0.37267686816958007,0.02282204596322273,0.009059835069774305,0.023403919923224156
zoom_blur/s5,35328.0,0.08851049840450287,0.5626856088638306,0.08924546878327279,0.5688866532688364,0.0015483224508769718,0.35691592001434697,0.027036991901591506,1.4182597907427834,0.35691592001434697,0.025608146471248268,0.011230137526047262,0.02599766540315005
zoom_blur/s5,35456.0,0.08907289057970047,0.5899815559387207,0.08921409092807782,0.5727220901179062,0.0010364803183556587,0.36909247538150497,0.026561426360490577,1.3864070261440615,0.36909247538150497,0.02979760218323231,0.010358604459585356,0.03005835452607565
zoom_blur/s5,35584.0,0.08834094554185867,0.5337209701538086,0.08905533722149252,0.5656309773971612,0.0035347512874942836,0.34986769013142066,0.02160190167026164,1.368030062127932,0.34986769013142066,0.027436824601998488,0.009775181497738957,0.02761137782324072
zoom_blur/s5,35712.0,0.0883408784866333,0.5869206190109253,0.08892543563333628,0.5695018213269364,0.0023662384651821234,0.3646325033111162,0.022278878602337227,1.3790069924858543,0.3646325033111162,0.026372998287288243,0.008868096705097977,0.026489847964318164
zoom_blur/s5,35840.0,0.08835076540708542,0.5362091064453125,0.0888209501376543,0.5634486004393684,0.00158401087338638,0.35979531213388766,0.01933705715538764,1.3820807463147866,0.35979531213388766,0.025660850093143367,0.005936494488536661,0.0257390717777667
zoom_blur/s5,35968.0,0.08861199766397476,0.5305451154708862,0.08878295877880346,0.557466148626917,0.0010603709152421218,0.3593981015111149,0.020869858152596912,1.3825873639167412,0.3593981015111149,0.02285974262433564,0.006814926062574128,0.022912105900819026
zoom_blur/s5,36096.0,0.09168290346860886,0.5927529335021973,0.08931022144967717,0.5638819276951498,0.0030342152407819164,0.36817145638347354,0.022879467617555993,1.3463907509339959,0.36817145638347354,0.030282141756786667,0.014376107529491769,0.03031719485922596
zoom_blur/s5,36224.0,0.08838747441768646,0.6111021637916565,0.0891424492620425,0.5724674251672418,0.0020311688801928525,0.37766023113273844,0.019692426506135147,1.3220752095164197,0.37766023113273844,0.030602094895039005,0.01478896454453581,0.030625560195019032
zoom_blur/s5,36352.0,0.08841786533594131,0.5701318383216858,0.08901070673002409,0.5720427730135043,0.0013597080933522398,0.37858866712191575,0.01811489104493685,1.3043803508727414,0.37858866712191575,0.026167518070232716,0.015581868827333888,0.026183226246252404
zoom_blur/s5,36480.0,0.08835083991289139,0.5890451669692993,0.08889073094509087,0.5751341173691034,0.0009102178145581109,0.37921018212293534,0.01565889738872872,1.3118358320010444,0.37921018212293534,0.027847677385858263,0.012755217975322683,0.0278581927764169
zoom_blur/s5,36608.0,0.0884689912199974,0.5529757738113403,0.08881405099507386,0.5711053276313283,0.0006093193634645204,0.35870681613188227,0.01794075039611156,1.3209694702328334,0.35870681613188227,0.028455883208715033,0.011379526082654027,0.031303831528014615
zoom_blur/s5,36736.0,0.08836327493190765,0.5500866174697876,0.08873209171086183,0.5672837439655936,0.002732271640005175,0.3555702653444831,0.0161826023323524,1.3243143463192137,0.3555702653444831,0.0288630292554208,0.012782988534669224,0.030769507055943664
zoom_blur/s5,36864.0,0.08851907402276993,0.5726461410522461,0.08869336122211785,0.5682587252540758,0.0018290413457885879,0.34908009498267045,0.015402935726844763,1.311365649250813,0.34908009498267045,0.024486821237099873,0.01088158736618353,0.028603967533317655
zoom_blur/s5,36992.0,0.08840130269527435,0.5444868803024292,0.08864025967178266,0.5639365716265037,0.0012243995785857487,0.36462179912063064,0.01741554777796836,1.3124789703726527,0.36462179912063064,0.03421225223309991,0.011933128732734428,0.03929273859668372
zoom_blur/s5,37120.0,0.08846355974674225,0.5872535705566406,0.08860813241268439,0.5681760259774377,0.0008196393873177325,0.37786665891546345,0.01659340563055548,1.3088399347654882,0.37786665891546345,0.0383982845527363,0.01599449113513627,0.04179927129199488
zoom_blur/s5,37248.0,0.08836501836776733,0.5176185369491577,0.08856392985906311,0.5589837552450231,0.0005486842179564986,0.3707206559682028,0.01467288596353998,1.268542247317993,0.3707206559682028,0.02802901693199702,0.010707056049140807,0.030305710534310613
zoom_blur/s5,37376.0,0.08840671926736832,0.5556336641311646,0.0885353461151186,0.5583746477697761,0.00036730100540889566,0.36774481928449937,0.016508863856820995,1.3320671735512968,0.36774481928449937,0.02392851546687404,0.010008442479176902,0.028293492175860822
zoom_blur/s5,37504.0,0.08836229145526886,0.5503830909729004,0.08850388163150955,0.5569216374430714,0.0002458791854390128,0.3667857881160698,0.014564333166257798,1.3562168555178657,0.3667857881160698,0.024024460767080966,0.00954077554391181,0.02694646996896468
zoom_blur/s5,37632.0,0.08834590017795563,0.4718181788921356,0.08847515773086337,0.5414482813429012,0.000164596810087273,0.31862313088761696,0.013595943842558796,1.395949722990017,0.31862313088761696,0.016082490265566594,0.006386800157494681,0.01803854601228214
zoom_blur/s5,37760.0,0.08843450248241425,0.5227541923522949,0.08846776586750899,0.5380493560718819,0.0001101846414633811,0.31530763307352866,0.012713887603917787,1.3941870584208307,0.31530763307352866,0.018255633979428875,0.008924221593033629,0.019565059727230192
zoom_blur/s5,37888.0,0.08840406686067581,0.5103975534439087,0.08845618422990295,0.5330217555940685,7.375996659945346e-05,0.30275758908227945,0.013908182279621638,1.3442634114086145,0.30275758908227945,0.017902531837468913,0.008814974785419205,0.021619998660377233
zoom_blur/s5,38016.0,0.08836927264928818,0.5001863837242126,0.08844038212433664,0.5270516879813674,4.937650656657627e-05,0.30546169186499694,0.013945195190955465,1.3786566625656342,0.30546169186499694,0.017149628750702327,0.005900933534040954,0.019638180921409554
zoom_blur/s5,38144.0,0.08849254250526428,0.5323747992515564,0.08844986582995984,0.528019526394129,3.305369447845188e-05,0.30159005819061774,0.013454828233928968,1.3001603617322952,0.30159005819061774,0.02361875974220569,0.010923352200473696,0.025284650038298957
zoom_blur/s5,38272.0,0.09069321304559708,0.5297935009002686,0.08885774714189387,0.528342067213427,2.212685332855043e-05,0.29538260093752094,0.014632302563991185,1.2851100130992923,0.29538260093752094,0.024333632554699672,0.012994144861474126,0.02544881531489434
zoom_blur/s5,38400.0,0.08847062289714813,0.49614766240119934,0.08878736091557646,0.5224885390657492,1.4812191071178387e-05,0.3087891791399933,0.01429106428106863,1.2755554698498297,0.3087891791399933,0.027136563941575813,0.00869855978330086,0.027883091243854886
zoom_blur/s5,38528.0,0.08834291994571686,0.5109025835990906,0.08870655346651107,0.5203820017081748,9.915598981532638e-06,0.3089828389284252,0.014285286870565897,1.2293231786035397,0.3089828389284252,0.02049017916750116,0.005823002830143549,0.020989920584729302
zoom_blur/s5,38656.0,0.08853692561388016,0.5371125936508179,0.08867571203875999,0.523423927515928,6.637715020695402e-06,0.3168604128363838,0.013250750716144042,1.2064960695496723,0.3168604128363838,0.01655747531047598,0.006738952307782045,0.01689201295341383
zoom_blur/s5,38784.0,0.08898472785949707,0.5409384369850159,0.08873189673343945,0.5266083837830349,4.443429063440723e-06,0.3332392019813808,0.01418237017690109,1.1929818668251468,0.3332392019813808,0.01960665702602111,0.007352108569672278,0.019830603712615864
zoom_blur/s5,38912.0,0.08836261183023453,0.5487078428268433,0.08866475402376582,0.5306264672455454,2.9745268937082518e-06,0.32070144926026317,0.012838001045971886,1.2280431934469525,0.32070144926026317,0.018290406769485203,0.004921659455731028,0.02076470165885855
zoom_blur/s5,39040.0,0.08837349712848663,0.4923563003540039,0.08861179822462414,0.5236682550834469,1.9912122181022176e-06,0.31385799495934963,0.012412866680866526,1.2227647122356191,0.31385799495934963,0.014568371473787612,0.00329466459433234,0.016224717639401177
zoom_blur/s5,39168.0,0.08835283666849136,0.5554591417312622,0.08856471430532727,0.5294484162921406,1.3329602451758645e-06,0.32322312059262237,0.011266214849947484,1.2135299410912324,0.32322312059262237,0.012076761069229723,0.0022055192738918965,0.013185554783400787
zoom_blur/s5,39296.0,0.08950527012348175,0.5589649677276611,0.08873572445408262,0.5348150620076897,8.923122302416942e-07,0.3328497749421686,0.01925915292385102,1.1954036396774108,0.3328497749421686,0.016090641707500887,0.0043173310841755665,0.01683289204508648
zoom_blur/s5,39424.0,0.08840420097112656,0.5464903116226196,0.08867544745718152,0.5369378346649496,5.973329805750183e-07,0.3565977832257492,0.01759290051054801,1.169060026650774,0.3565977832257492,0.0221350576719634,0.005731023287753891,0.028313754178942184
zoom_blur/s5,39552.0,0.08837810158729553,0.5732749700546265,0.08862138457174769,0.5435445865539817,3.9986753245104524e-07,0.367329921002361,0.015161821324465646,1.1407808465952465,0.367329921002361,0.02902222868949616,0.00951828831659558,0.03599928998755633
zoom_blur/s5,39680.0,0.08876626938581467,0.5560922026634216,0.08864772726521442,0.5458259713011526,2.676799184176418e-07,0.3543696165387705,0.015625007145873407,1.1402836340672202,0.3543696165387705,0.032599591106191636,0.011537035980530925,0.03727018585943853
zoom_blur/s5,39808.0,0.0884065255522728,0.541210412979126,0.08860387240831594,0.544986778878966,0.002324559355978445,0.349051148261491,0.013711390258687978,1.165156387706861,0.349051148261491,0.028796007269434067,0.01004751995390913,0.0319226037571448
zoom_blur/s5,39936.0,0.08837918937206268,0.5128090381622314,0.08856302094717897,0.5391362805668324,0.0015561099821012729,0.32147225627422116,0.012038886670708966,1.1602495030023625,0.32147225627422116,0.024958484205158338,0.00956693484517884,0.027051495077096928
zoom_blur/s5,40064.0,0.08841844648122787,0.5191692113876343,0.08853673468064241,0.5355059043524327,0.0010416934590925875,0.3185062211422472,0.012715281385648555,1.1727318658251535,0.3185062211422472,0.02755485306295723,0.008728691921152776,0.028955959514420253
zoom_blur/s5,40192.0,0.08836308866739273,0.5219660401344299,0.08850516267823337,0.5330441108582503,0.0006973319850123932,0.31419631332662823,0.01164098767181675,1.2266095776526205,0.31419631332662823,0.024127628909913518,0.005843173930689048,0.025065559674942478
zoom_blur/s5,40320.0,0.08835320174694061,0.5131491422653198,0.08847753341799833,0.5294268438413539,0.0004668090147603623,0.3084702593343544,0.01171176519004567,1.2061631208548316,0.3084702593343544,0.01615155323721483,0.0039115461850067175,0.019620333336118515
zoom_blur/s5,40448.0,0.08838772773742676,0.48861879110336304,0.08846120511243986,0.5220071978889919,0.0003124919850875152,0.3160007521163859,0.01144372465189767,1.2358426850665034,0.3160007521163859,0.01649401497697852,0.002618473065996232,0.018816090910955367
zoom_blur/s5,40576.0,0.08840115368366241,0.5353237390518188,0.08845028667084395,0.524428387191324,0.00020918884952139446,0.30167199108617565,0.010992578917880871,1.2070496600619214,0.30167199108617565,0.016206737298638512,0.004593771225997478,0.01776118482468913
zoom_blur/s5,40704.0,0.08842093497514725,0.5118021965026855,0.0884449499988991,0.5221327161570261,0.00014003551083663593,0.2964705064295886,0.011646549723532094,1.2222866058529012,0.2964705064295886,0.01885533653875801,0.005916078258725584,0.024544677444626607
zoom_blur/s5,40832.0,0.08837071061134338,0.5337612628936768,0.08843145192843442,0.5242469973818716,9.374277998154966e-05,0.3043521571966667,0.011230043566759704,1.2112437784299277,0.3043521571966667,0.018303985616854535,0.0068012589996427454,0.027277841925741775
zoom_blur/s5,40960.0,0.08837711811065674,0.4768221080303192,0.08842157305247483,0.5156242902270439,6.275343122731835e-05,0.2858679729994215,0.011292531058844443,1.1834210001975927,0.2858679729994215,0.02490803995839022,0.004552908917116218,0.03091533219822383
zoom_blur/s5,41088.0,0.08857441693544388,0.5216531753540039,0.0884493628493783,0.5167204511592185,0.0028829175861934944,0.30861822985911685,0.0143159757578601,1.132346604914377,0.30861822985911685,0.024163646583715764,0.008213104316416642,0.031025966182282066
zoom_blur/s5,41216.0,0.0883856788277626,0.5419016480445862,0.08843778393635726,0.5212988505929217,0.0019298869791873805,0.334436583624698,0.012388064993447995,1.0995053130628296,0.334436583624698,0.03502897002711551,0.010663317765535106,0.039622754221197085
zoom_blur/s5,41344.0,0.08842829614877701,0.49250903725624084,0.08843605888406994,0.5160643390771615,0.0012919078125138662,0.3233108535008309,0.012445626669967647,1.1702409148032111,0.3233108535008309,0.028097905555341782,0.007138254041391269,0.03633837266047077
zoom_blur/s5,41472.0,0.08840396255254745,0.5191048979759216,0.08843022318742949,0.5166171679678452,0.003705739940608456,0.31250561267410987,0.01202547969216652,1.133371511064766,0.31250561267410987,0.027332069008121355,0.010460318821096635,0.03284841475618291
zoom_blur/s5,41600.0,0.08837242424488068,0.52137291431427,0.08841971428878424,0.5174818491217406,0.0024807019437130986,0.31508640187275117,0.01098641259388312,1.1502272898499517,0.31508640187275117,0.023461963550891154,0.007002362186023367,0.02715472392769269
zoom_blur/s5,41728.0,0.08837186545133591,0.43979716300964355,0.08841101450015726,0.5033573607377229,0.0016606351854608343,0.29796073183217225,0.013827289019915923,1.151809648523393,0.29796073183217225,0.015705942542332093,0.004687531711304898,0.01817795568713312
zoom_blur/s5,41856.0,0.08837834745645523,0.48721379041671753,0.08840507503766597,0.5004221661339037,0.0011116648762175831,0.2942443742017021,0.011910227482898262,1.1442465843233416,0.2942443742017021,0.01283827558618925,0.003137934451369394,0.016817474468246135
zoom_blur/s5,41984.0,0.08839776366949081,0.4863505959510803,0.08840374569799775,0.49786369882793574,0.003068552520443175,0.294080944713536,0.010832331227378093,1.1469510883826106,0.294080944713536,0.01324297787174652,0.006749361079015874,0.01590673910684245
zoom_blur/s5,42112.0,0.0883805900812149,0.5092771649360657,0.08839953558585541,0.49993887448395935,0.0020541549930239433,0.3115335249735241,0.009888268978810831,1.1211343315266586,0.3115335249735241,0.020228770310838577,0.007359076424795751,0.024852858410365608
zoom_blur/s5,42240.0,0.08893027901649475,0.4964997172355652,0.0884960343914262,0.49931357316606945,0.001375095491197846,0.311853020850045,0.01149144030992271,1.12430323079012,0.311853020850045,0.021031242935354747,0.007767232978582279,0.02412670686974888
zoom_blur/s5,42368.0,0.08844862133264542,0.4737131595611572,0.08848741383528423,0.49465895251063086,0.0009205184693142605,0.3012197908169722,0.011707034442141575,1.1086423172189965,0.3012197908169722,0.022084964279039124,0.008040461745993096,0.02415713435082363
zoom_blur/s5,42496.0,0.08841153979301453,0.49188053607940674,0.08847361855487156,0.4941537858867719,0.00061621484309467,0.27447357897665076,0.010711019256501721,1.0993753865930724,0.27447357897665076,0.017108529806629497,0.0077068380283094266,0.01849568497865053
zoom_blur/s5,42624.0,0.08836638182401657,0.45609965920448303,0.08845412096744337,0.48723485376271936,0.0032534165478567624,0.2671579330339563,0.011127853162828353,1.0410096529113329,0.2671579330339563,0.024107776151545364,0.010840941159446806,0.0250363676303363
zoom_blur/s5,42752.0,0.0883832573890686,0.4454505443572998,0.08844123668046613,0.4796377065980976,0.0021779069452594856,0.27233299649380543,0.011222892013932758,1.0137181470232832,0.27233299649380543,0.018979172465084085,0.010098068048885876,0.019600791554192067
zoom_blur/s5,42880.0,0.08853311091661453,0.44149258732795715,0.08845794108703857,0.47270223036716297,0.004298846798066267,0.2752807662479193,0.014604826726182636,1.0204969248368125,0.2752807662479193,0.025360024542742235,0.014766062082312032,0.025776149718095512
zoom_blur/s5,43008.0,0.08842521160840988,0.4774487316608429,0.08845199027274243,0.4735652306023775,0.002877740418540228,0.2715722484800121,0.01616062484329242,1.0431329101379057,0.2715722484800121,0.030148032958364636,0.015566537427002269,0.030426596092278813
zoom_blur/s5,43136.0,0.08838757872581482,0.46279335021972656,0.08844027908239195,0.4716067068964409,0.001926421271915359,0.2579843150981899,0.014430728352247943,1.0142506834679748,0.2579843150981899,0.02767141049278955,0.015069334971794905,0.030698795731194904
zoom_blur/s5,43264.0,0.08840394020080566,0.46702924370765686,0.08843367201301261,0.4707744408621165,0.0012895877935962317,0.26567545060292047,0.012142368285908194,0.9883918832993097,0.26567545060292047,0.029887473139801266,0.012928645724920553,0.03475497896055196
zoom_blur/s5,43392.0,0.08977712690830231,0.38092249631881714,0.08867793653942892,0.4544377236724257,0.0008632777791842542,0.2517124917259219,0.015259105853415101,1.0297667377347315,0.2517124917259219,0.02233169689523886,0.008654713253872435,0.02559010988268354
zoom_blur/s5,43520.0,0.08836399763822556,0.4243156313896179,0.08862085673921012,0.44896097962100606,0.0005778966951564015,0.24107406470908818,0.012563931196035613,0.9717638946150284,0.24107406470908818,0.014949317756316922,0.005793651021187332,0.01713056942559807
zoom_blur/s5,43648.0,0.0883646309375763,0.4781077206134796,0.08857427022982214,0.45426038707418304,0.00038685646535263233,0.24712396067302594,0.011007643715181257,1.0105826192835947,0.24712396067302594,0.0146561548616667,0.0038783944852576347,0.016116331598954075
zoom_blur/s5,43776.0,0.0883789211511612,0.4572778642177582,0.08853875221552014,0.45480901928210576,0.0030998791214344066,0.26253752739268676,0.009990878516293614,0.9858005579123306,0.26253752739268676,0.014976434246239689,0.005437189696742714,0.015953907929878348
zoom_blur/s5,43904.0,0.08836561441421509,0.45944446325302124,0.08850727261528285,0.45565182727681763,0.0020751256928610486,0.2733722290810548,0.00947682459305486,0.9779318878149541,0.2733722290810548,0.012866455983019956,0.0036397716151748737,0.013520797870414429
zoom_blur/s5,44032.0,0.08840981870889664,0.4503307044506073,0.08848955372321263,0.4546843503993248,0.0013891337282788835,0.2697781037650036,0.011526534201948739,0.9761223840949453,0.2697781037650036,0.01558622260020344,0.0070853016597451635,0.016024253119864204
zoom_blur/s5,44160.0,0.08840791881084442,0.4553269147872925,0.08847471101187294,0.45480118028804617,0.0009299159668643764,0.25265104466913463,0.011684018999479037,0.9237370473846249,0.25265104466913463,0.017923421740632054,0.009908342433383125,0.022865409113297524
zoom_blur/s5,44288.0,0.08838659524917603,0.4462975263595581,0.08845868996410987,0.45325506139195737,0.0006225057298844172,0.25332425304297435,0.010522708909788141,0.8937977560616234,0.25332425304297435,0.01768014182637352,0.00947376642234738,0.02615370362129834
zoom_blur/s5,44416.0,0.08840363472700119,0.40358811616897583,0.0884486799209992,0.4442247077150516,0.0004167187117408081,0.24008689666513156,0.010206049672363146,0.8832990971058134,0.24008689666513156,0.02164951642922525,0.008666322976943287,0.027321900771282357
zoom_blur/s5,44544.0,0.08838227391242981,0.41840237379074097,0.0884366061012593,0.4395297379106315,0.0002789604599256649,0.2286428812386418,0.009605451630736788,0.8709270990213508,0.2286428812386418,0.02249884984105161,0.008642331910185175,0.02629606580556918
zoom_blur/s5,44672.0,0.08842910081148148,0.4223144054412842,0.08843524150311788,0.4363996774616592,0.00018674212606594094,0.23906052380438003,0.009310083567702222,0.8347428292791221,0.23906052380438003,0.029265758984505626,0.014308089956404951,0.03464860603513308
zoom_blur/s5,44800.0,0.08848055452108383,0.43082720041275024,0.08844348023365714,0.435386499816403,0.0001250091918292662,0.25249092915830396,0.011875434286320829,0.8184747956275069,0.25249092915830396,0.03276261551855335,0.014743432119576867,0.03920691808963454
zoom_blur/s5,44928.0,0.08851426094770432,0.44358202815055847,0.08845634945439299,0.4368765958771585,8.36838391584344e-05,0.2315228534034927,0.011025353420912844,0.8332855048163279,0.2315228534034927,0.027097288074403477,0.01503485951806385,0.031411242688102456
zoom_blur/s5,45056.0,0.08843489736318588,0.4460814893245697,0.0884524490741735,0.4385502128675969,0.002380399925387051,0.24227976136928026,0.012068129109862663,0.8429775795768009,0.24227976136928026,0.0331188457357577,0.017554327445976625,0.03600669965071321
zoom_blur/s5,45184.0,0.0883900597691536,0.4327598810195923,0.08844110556416987,0.43749742525886876,0.0015934908591433976,0.24948066670174956,0.011443188660108522,0.8415132937318487,0.24948066670174956,0.037149805823110525,0.016916533248959555,0.04140737745213033
zoom_blur/s5,45312.0,0.0883878841996193,0.3838544487953186,0.0884314289524334,0.4277441568109505,0.001066717021410043,0.22330937192431166,0.012197196848496272,0.8091447018201017,0.22330937192431166,0.024868878278280594,0.011324290852609288,0.02771898821175666
zoom_blur/s5,45440.0,0.0883597880601883,0.4014095664024353,0.08841840333566156,0.4229560494639477,0.0035549923862331695,0.21947776137082017,0.010790068507926543,0.7833201345594493,0.21947776137082017,0.019488670582981222,0.010421632719515309,0.023720975579770986
zoom_blur/s5,45568.0,0.08836571127176285,0.3867659866809845,0.08840882296040724,0.4163760380488635,0.002379788291610634,0.20606569149616885,0.010332300482453781,0.7931182604520225,0.20606569149616885,0.017694895183648588,0.009300845043642479,0.020528091090590492
zoom_blur/s5,45696.0,0.08836248517036438,0.38838857412338257,0.08840039790767217,0.4112874082442306,0.0015930814183509202,0.20819273562966673,0.010399536333253332,0.8233115455833224,0.20819273562966673,0.016494103387401118,0.008550565690372236,0.018390705606097766
zoom_blur/s5,45824.0,0.09145845472812653,0.4619976282119751,0.08895640823866385,0.42050744823836594,0.0010664429329456573,0.20832530236366117,0.012166985241411129,0.8096018302929129,0.20832530236366117,0.01904770557338422,0.010889221660497116,0.020317331852015858
zoom_blur/s5,45952.0,0.08836593478918076,0.3854288160800934,0.08884904942966693,0.41412951511868,0.0007138998146165143,0.21796983050790536,0.01037803724055019,0.8222531145497701,0.21796983050790536,0.012750943400364641,0.0072894789628121185,0.013600858512506482
zoom_blur/s5,46080.0,0.08836257457733154,0.3736000955104828,0.08876059945651503,0.4067605297353714,0.0004778998759003111,0.20273187000942422,0.00957401345070537,0.8056875629205413,0.20273187000942422,0.00853575549941765,0.00487973385113869,0.009104706938124173
zoom_blur/s5,46208.0,0.08836936205625534,0.38332200050354004,0.08868946538374053,0.40249897896594755,0.00031991644585062146,0.21551678901457322,0.00955172698906657,0.7924124692107786,0.21551678901457322,0.013720216491345699,0.00610750778464656,0.016425464975107915
zoom_blur/s5,46336.0,0.0883779227733612,0.4616875946521759,0.08863282127276247,0.41326054545435265,0.0002141589430900854,0.2263996686791771,0.00895338247296808,0.8011349073719627,0.2263996686791771,0.01951518624627274,0.009253786202945218,0.021326137710609427
zoom_blur/s5,46464.0,0.08836082369089127,0.3795338571071625,0.08858336716696769,0.40712842030031804,0.00014336259826691665,0.22955267076870528,0.008303373585824912,0.802165625644948,0.22955267076870528,0.015388265173124725,0.006194683325938533,0.016600554996358378
zoom_blur/s5,46592.0,0.08840867877006531,0.3747800588607788,0.08855160564025816,0.4012469000385836,9.597000379851445e-05,0.2223658374567366,0.012511250066141157,0.8011461582591981,0.2223658374567366,0.013142144454736385,0.004146854127281167,0.013953677311611807
zoom_blur/s5,46720.0,0.08836759626865387,0.39086607098579407,0.08851814939087556,0.39935947657444004,6.424438270809643e-05,0.2131643209421129,0.010583575236077062,0.7608421793257227,0.2131643209421129,0.01912821240358386,0.0027759932587584665,0.019671469935872363
zoom_blur/s5,46848.0,0.08837652206420898,0.397216260433197,0.08849239896784526,0.39896980091239587,0.0023673867355318663,0.21940132228356318,0.00974151877465139,0.7546572312545821,0.21940132228356318,0.017970125658597458,0.004182689702144097,0.01833379392401373
zoom_blur/s5,46976.0,0.08838454633951187,0.3694181442260742,0.08847278939905737,0.39359677242397373,0.0015847795502320755,0.20885543061957534,0.010092409998390749,0.7816106274858614,0.20885543061957534,0.017194877506994992,0.005640891453501421,0.017438324858224066
zoom_blur/s5,47104.0,0.08839637041091919,0.3652912676334381,0.08845889503757769,0.38845031700751265,0.0010608854840396538,0.20463669322467437,0.009510586802828142,0.726634664152916,0.20463669322467437,0.02468210808319499,0.003776133948211694,0.0271694571364971
zoom_blur/s5,47232.0,0.08844814449548721,0.3679102659225464,0.08845694039356124,0.3847157622647914,0.0007101795389025781,0.20129605083635224,0.009137531592359013,0.7254491186339279,0.20129605083635224,0.019363642601147056,0.002527825205001216,0.02102872750459723
zoom_blur/s5,47360.0,0.08835107088088989,0.37630385160446167,0.08843769139125734,0.3831863239629133,0.0004754094433975935,0.19905975303921097,0.01074318920243541,0.7247077272878273,0.19905975303921097,0.020452107856966207,0.0016921805091330451,0.021566751470019633
zoom_blur/s5,47488.0,0.08836797624826431,0.30857789516448975,0.08842501591071315,0.3696211550904726,0.00031824929681987656,0.18258338839814947,0.009232861660681112,0.7061953674090474,0.18258338839814947,0.013691080466233576,0.0011327819937171622,0.014437246851831322
zoom_blur/s5,47616.0,0.08840139955282211,0.39352190494537354,0.08842072202746024,0.3739667459731818,0.00021304291770586777,0.1780103674400835,0.008967914813610946,0.7286961825400822,0.1780103674400835,0.020012210890619168,0.00876450695447182,0.020511710702465595
zoom_blur/s5,47744.0,0.08836910873651505,0.32219409942626953,0.08841133779274293,0.36455353751010683,0.00014261550689401064,0.1656515682863369,0.00821809623794447,0.7139610029847567,0.1656515682863369,0.013396603984629357,0.005867149283572043,0.016571888982642256
zoom_blur/s5,47872.0,0.0884527713060379,0.35771483182907104,0.08841887115879657,0.36331013647719124,0.0024198500500695443,0.18036385976192798,0.010717136363532583,0.745637223235243,0.18036385976192798,0.013616734898801471,0.008576356131977977,0.015742338905735724
zoom_blur/s5,48000.0,0.088401660323143,0.35674065351486206,0.08841574191595046,0.36211568502949504,0.001619899620294488,0.1811733276092245,0.009554572059456815,0.7217935810899384,0.1811733276092245,0.01660500435374313,0.00858210617099352,0.018027929350120604
zoom_blur/s5,48128.0,0.08836951851844788,0.32477712631225586,0.08840733766185907,0.35532685617181514,0.003925304704494657,0.18429784740782795,0.008749890272678825,0.6992406589955891,0.18429784740782795,0.019638473988869365,0.011426864461574173,0.020591010556692303
zoom_blur/s5,48256.0,0.08836087584495544,0.2571081221103668,0.08839889005878568,0.337468904524279,0.0026276833145790677,0.1703770714052402,0.008491529570785215,0.6747518577497156,0.1703770714052402,0.015470796637177011,0.00764938860650833,0.01610844508340559
zoom_blur/s5,48384.0,0.08846872299909592,0.3079867959022522,0.0884115869570239,0.33210852113845596,0.004599936764304995,0.1644156428415244,0.008613264183865361,0.6871185641512044,0.1644156428415244,0.016038301881085435,0.007961574191133674,0.016465157452527707
zoom_blur/s5,48512.0,0.08840321749448776,0.322665274143219,0.0884100652365628,0.33039156713932194,0.003079296511642186,0.15887534768730144,0.010152965334771882,0.6625340467831042,0.15887534768730144,0.015901673160065456,0.007654029003982044,0.016187419451692102
zoom_blur/s5,48640.0,0.0884229987859726,0.35594117641448975,0.08841241679100094,0.3350369506438979,0.004902256342504273,0.16782151374108606,0.009575709353631386,0.6937631287993349,0.16782151374108606,0.023299880379878526,0.010289060738202856,0.02349116508749636
zoom_blur/s5,48768.0,0.0884087085723877,0.3583693504333496,0.08841174256943489,0.3392792051510709,0.003281675733411951,0.17820076539692536,0.008843441654092331,0.6715918626868445,0.17820076539692536,0.021279258766695543,0.009728627436317614,0.02140730886022483
zoom_blur/s5,48896.0,0.08836232870817184,0.3173888623714447,0.08840275823102342,0.3352991428275025,0.0021968242512922973,0.17791745452190869,0.009278620123280696,0.6507242658292468,0.17791745452190869,0.017085702149606107,0.006512552250758071,0.01717142163370422
zoom_blur/s5,49024.0,0.0883762389421463,0.30664554238319397,0.08839793654213668,0.3300893972921737,0.0014706013583031079,0.1668806926964843,0.008184233873754184,0.6090240792326465,0.1668806926964843,0.013761916315025574,0.006684022581085981,0.013819298779587121
zoom_blur/s5,49152.0,0.08838866651058197,0.36055636405944824,0.08839625108185399,0.3356288457953145,0.0009844521489467085,0.18790153808607624,0.008100647639540475,0.5918447023804843,0.18790153808607624,0.013861282822455133,0.00679880850469392,0.013899695877244269
zoom_blur/s5,49280.0,0.08836293965578079,0.258437842130661,0.08839019445893158,0.3215941178562866,0.0006590134220221767,0.1627171453303485,0.007775227854328369,0.5791430568073115,0.1627171453303485,0.013927800897676574,0.00455126850314221,0.013953515421956905
zoom_blur/s5,49408.0,0.08857124298810959,0.28499487042427063,0.08842311237332758,0.31493970923228365,0.00044115774532063064,0.14844081629552255,0.008979462782983921,0.536181689725178,0.14844081629552255,0.01681323861745291,0.005371097097144784,0.016830452472549662
zoom_blur/s5,49536.0,0.08843512833118439,0.23512154817581177,0.0884252970929379,0.3004273163129251,0.00029532047414025685,0.13268558776807707,0.013376424847358844,0.5194589790849191,0.13268558776807707,0.018744812628212277,0.008760817065030806,0.018756335952698534
zoom_blur/s5,49664.0,0.08837252110242844,0.3481316566467285,0.0884157014582998,0.309100832737253,0.00019769387111868433,0.1554548149521838,0.011069634905826659,0.5299854845621471,0.1554548149521838,0.014872560519712348,0.008189059357582606,0.014880274480732075
zoom_blur/s5,49792.0,0.08836394548416138,0.26833799481391907,0.08840629128118371,0.3016894076602831,0.00013234052529432586,0.14487057860435443,0.01020380277308633,0.5012986064255082,0.14487057860435443,0.015121300843774381,0.00832284138813381,0.015126464735035518
zoom_blur/s5,49920.0,0.08845296502113342,0.2901681959629059,0.08841477741572003,0.2995946418971236,8.859159131273052e-05,0.14837410633845213,0.00983529282307474,0.46684524837627817,0.14837410633845213,0.022777482383022518,0.010220249193709409,0.025621848293701458
zoom_blur/s5,50000.0,0.11180628836154938,0.33719760179519653,0.09266777940587081,0.3064315436967732,5.930511484571216e-05,0.13393225300342662,0.011340472875618712,0.5629617691124666,0.13393225300342662,0.031260132834915896,0.01149041474950795,0.03316421249413072
