corruption,n_samples,r_l,r_s,r_l_ema,r_s_ema,large_acc_ema,small_acc_ema,large_ent_ema,small_ent_ema,nuclear_norm_identity_pbs128_duo_acc_ema,fixed_ts_duo_acc_ema,coca_ts_duo_acc_ema,proxy_weighted_nuclear_norm_duo_acc_ema
snow/s5,128.0,0.25161212682724,0.49195992946624756,0.25161212682724,0.49195992946624756,0.3892045454545454,0.44602272727272724,4.80692872134122,2.9497493830594146,0.484375,0.4786931818181818,0.4758522727272727,0.4786931818181818
snow/s5,256.0,0.26250001788139343,0.44552502036094666,0.2535917433825406,0.48351721871982917,0.376760894064613,0.4266763711495116,4.753064883552396,3.054486803861599,0.4523502066115702,0.44751361758076624,0.43760565364387666,0.44751361758076624
snow/s5,384.0,0.3090246617794037,0.4773574471473694,0.26367045581833387,0.48239726025210916,0.3756622513986252,0.4470416203562846,4.614438418161398,3.0752607175537325,0.46655261764906764,0.45866614069456246,0.4497091565715207,0.45866614069456246
snow/s5,512.0,0.2932758331298828,0.4994335472583771,0.26905325169316097,0.4854947669805215,0.36614580465527796,0.45550926651949625,4.504923447535826,3.0304296127487955,0.4639215870212766,0.45399344955586407,0.4479974519197783,0.45399344955586407
snow/s5,640.0,0.299508661031723,0.48598620295524597,0.2745905988456268,0.48558411897592596,0.368556282455186,0.4565289304799933,4.427159020311886,3.0443517802453797,0.46216031858449086,0.44983239185144613,0.43368011244216564,0.44983239185144613
snow/s5,768.0,0.34206101298332214,0.49402791261672974,0.28685794687066235,0.4871193541833448,0.3771430485857029,0.46134374685024343,4.271029404943537,3.038711888322191,0.4651135190524277,0.45737746892534814,0.4465647860150034,0.45737746892534814
snow/s5,896.0,0.35636594891548157,0.5077466368675232,0.2994957654242658,0.49086976921683173,0.4154325366565449,0.47748011152784886,4.130308114002669,2.973078021670221,0.47483838878716234,0.47999028911531566,0.4727520468364898,0.47999028911531566
snow/s5,1024.0,0.32925692200660706,0.464119017124176,0.3049068848028733,0.48600599610907613,0.3687502931337201,0.4479928845764938,4.0042169889089525,3.0241922664777956,0.4462244586095879,0.45148110263091373,0.44095384953517086,0.45148110263091373
snow/s5,1152.0,0.3287855088710785,0.48305803537368774,0.30924845281527424,0.4854700032480964,0.35454565077546546,0.45278862521236357,3.9621842006205537,3.002205275946624,0.45444571196179023,0.4540906554801984,0.4475600149780895,0.4540906554801984
snow/s5,1280.0,0.31965160369873047,0.48222148418426514,0.3111399347940844,0.4848793634183089,0.3228260141554768,0.4482510631586897,3.8938071833235504,2.998694186202053,0.4493603526355786,0.4364677115198022,0.4246062910183905,0.4364677115198022
snow/s5,1408.0,0.3431742787361145,0.5081819295883179,0.3169643609653626,0.4891161936310378,0.34110667063300504,0.4658746786434203,3.8265180796309117,2.967441158091894,0.466617260855222,0.4603110300256526,0.45237074026850926,0.4603110300256526
snow/s5,1536.0,0.3479597568511963,0.4795360565185547,0.32259988749005963,0.4873743505196772,0.31047223406011076,0.4459057766125375,3.7495784032146364,2.973533925637936,0.44356196801052045,0.4295263920006434,0.4195622310888367,0.4295263920006434
snow/s5,1664.0,0.3794526755809784,0.49512019753456116,0.3329367580520448,0.48878268634056515,0.3046859583377601,0.4568150240133515,3.69314184127417,2.9546687077166633,0.4500807389161334,0.4412015516698522,0.4236842208115353,0.4412015516698522
snow/s5,1792.0,0.3385496139526367,0.4753965735435486,0.3339572773066979,0.4863488476501985,0.2804096084740377,0.42305385905026005,3.665124679185759,2.984322806302215,0.4133804946463372,0.40795310483684316,0.3933857180639202,0.40795310483684316
snow/s5,1920.0,0.347545325756073,0.5044562816619873,0.3364278315702206,0.4896411083796146,0.2874022998875789,0.43867655027331454,3.5952675190740595,2.9277225482265474,0.43788281046572985,0.4272764586097875,0.4095185385386573,0.4272764586097875
snow/s5,2048.0,0.34424564242362976,0.5022826194763184,0.3378492517253859,0.4919395649426517,0.28433542389168504,0.4597235584474254,3.5322609181091105,2.9097902597243346,0.45170254254317443,0.4332387863420891,0.416702492740754,0.4332387863420891
snow/s5,2176.0,0.33371657133102417,0.5022035837173462,0.3370978552900474,0.49380575017441425,0.28925553169608664,0.4531517209441442,3.4830621646994713,2.887338313125082,0.45010666071072003,0.43077348507197705,0.4163462967933973,0.43077348507197705
snow/s5,2304.0,0.34347057342529297,0.4835700988769531,0.3382565313146375,0.49194472266578493,0.27989419890399186,0.41621106939236097,3.3770518207184725,2.8849137549037702,0.41649702080634976,0.41775952306471187,0.40577727306004274,0.41775952306471187
snow/s5,2432.0,0.3233979642391205,0.5023946762084961,0.33555497366454345,0.4938447142190051,0.280342397613416,0.4204078233122416,3.290165106614933,2.8656032685399646,0.4205992453331762,0.4162791022168732,0.4105823067592021,0.4162791022168732
snow/s5,2560.0,0.3170069456100464,0.49123820662498474,0.3321826049273622,0.49337080374736497,0.26178912567509666,0.4136614354404261,3.156793740276799,2.871214621093982,0.41843833778501877,0.3982426221451796,0.39210468469004434,0.3982426221451796
snow/s5,2688.0,0.33808788657188416,0.5140663385391235,0.3332562924990934,0.49713362825495744,0.2635737122287837,0.42877335760888025,3.0307121347266834,2.83972241381801,0.42964673851724394,0.40398886275834334,0.3890328880982941,0.40398886275834334
snow/s5,2816.0,0.29390716552734375,0.5341147184371948,0.3261019057769571,0.503857462833546,0.2425576090126568,0.4288172889778454,2.831330576006333,2.7984550204404903,0.4294019489247666,0.3962136188712876,0.38336085897489103,0.3962136188712876
snow/s5,2944.0,0.28593650460243225,0.48770418763160706,0.3187991055634071,0.5009205037059208,0.22642286223161323,0.4159334744397146,2.6762769990351947,2.817278593966476,0.41400047820583546,0.376287629161771,0.36355148410715843,0.376287629161771
snow/s5,3072.0,0.2547808587551117,0.48548078536987305,0.30715942432553517,0.49811328219027573,0.2055496019897576,0.39491207793071803,2.5183318805991446,2.831431899068425,0.390777179625394,0.35339295836449125,0.3288547125014862,0.35339295836449125
snow/s5,3200.0,0.25360235571861267,0.5046507716178894,0.2974217754879129,0.49930191663166,0.19157659306752367,0.404341969523869,2.2837723934750627,2.8201695933602333,0.4015739797492306,0.36389322006218006,0.3319709232447965,0.36389322006218006
snow/s5,3328.0,0.22242239117622375,0.5563963651657104,0.2837855237948785,0.5096827254560328,0.17886532263197863,0.4315739630696974,2.1813961641619115,2.7384373315993322,0.4297210112370882,0.3815111638432775,0.33767268415560747,0.3815111638432775
snow/s5,3456.0,0.2102525532245636,0.5416940450668335,0.27041589278209394,0.5155029653852693,0.16932306721644846,0.4345660413937643,2.071284131001334,2.69592536372151,0.4333256356215218,0.38504053116781384,0.34200609435210083,0.38788144025872295
snow/s5,3584.0,0.19120174646377563,0.5372060537338257,0.25601332072421784,0.5194489814486432,0.15002205326059773,0.45671363101566037,1.8891961448043417,2.6421878110819517,0.4558832767383741,0.3827544051619249,0.33845036068198475,0.38465617075170705
snow/s5,3712.0,0.17041254043579102,0.5257382392883301,0.2404495424899584,0.5205924828740407,0.12806228358767283,0.44752110836585524,1.698152752359902,2.644721479034727,0.4469652513703165,0.359788072876991,0.3151506546714113,0.3610611556271758
snow/s5,3840.0,0.16430321335792542,0.5320967435836792,0.2266047553750433,0.5226841666394295,0.10819665264959916,0.455571981633341,1.5701500885320416,2.6456661739635132,0.45519987901649284,0.3423478008515394,0.2912888680031761,0.3483653190562085
snow/s5,3968.0,0.14553426206111908,0.5354302525520325,0.2118646656816025,0.5250016368053573,0.09128246995551678,0.48343041745702986,1.4142823072531083,2.640748023012863,0.4831813239697183,0.32111712288408834,0.2691169281674154,0.32746975903762715
snow/s5,4096.0,0.19784973561763763,0.5819032788276672,0.20931649657906343,0.5353473899003227,0.10062090963964346,0.489166229867929,1.35418665707351,2.5204944288811615,0.48899948133510057,0.33402261945133177,0.2692538940624847,0.3382752105954363
snow/s5,4224.0,0.15068307518959045,0.553926944732666,0.19865587450825015,0.5387254907789306,0.09034333620505058,0.48577450098596897,1.2864600420260508,2.5159908268427094,0.4856628759350673,0.3320729931864287,0.2520418629674484,0.33491976907628374
snow/s5,4352.0,0.1344117671251297,0.5287901163101196,0.18697512771131913,0.5369190590573286,0.06564305977362889,0.4891858229740784,1.224362025593751,2.5480129374121128,0.48911109876645,0.31578853262893153,0.23354661901126708,0.31769422557999155
snow/s5,4480.0,0.1373305767774582,0.542798638343811,0.1779488457233444,0.5379880734730527,0.05892221356747058,0.4808805922388459,1.1187213439647299,2.562179784716829,0.48083057024861525,0.3004968689499459,0.2139341003298565,0.30461348985106873
snow/s5,4608.0,0.12548747658729553,0.536011815071106,0.16841041497133552,0.5376287537636077,0.05029090329723236,0.4760956857136075,1.032315340983982,2.592784906222429,0.4760621999184944,0.28147930896649265,0.1884083646836229,0.2870759725449303
snow/s5,4736.0,0.09844329953193665,0.5294435620307922,0.15568912125508116,0.536140537084914,0.03650672038905637,0.48735537638679505,0.8634885174774707,2.577159519762987,0.4873329602760169,0.2617754051759166,0.1816514672675492,0.2655219320342095
snow/s5,4864.0,0.10122624039649963,0.5236717462539673,0.14578677928079362,0.53387348420656,0.024438383070360045,0.4690664089862016,0.7770042020774002,2.6256494464416695,0.4690514031599782,0.22120915553098547,0.15440098222042548,0.22371716111380965
snow/s5,4992.0,0.11893650889396667,0.5040543079376221,0.14090491193773416,0.5284518157940258,0.024365777096687302,0.46250519940398616,0.7200223186902641,2.683800086581913,0.4624951541814729,0.22478670742156878,0.1451981781806154,0.2293065293406494
snow/s5,5120.0,0.1048155352473259,0.5288639664649963,0.13434320708493266,0.5285267522796567,0.02199279293249315,0.4736088524935774,0.6727920914506513,2.670359242073603,0.4736021280057794,0.23363820910038896,0.13800456555892435,0.236663875013162
snow/s5,5248.0,0.1166733130812645,0.5388076305389404,0.13113049908426572,0.5303960028722537,0.022728646508528468,0.4508249343138824,0.6519270936073872,2.63385031142071,0.45082043279725725,0.21218756146389672,0.13602991578737908,0.21421300724021586
snow/s5,5376.0,0.11799152195453644,0.5248543620109558,0.12874159415158765,0.5293884318065631,0.031227441051163683,0.45571751801177246,0.6083066497568116,2.6236550839953052,0.45571450459981677,0.18853051635186474,0.12721837337832814,0.18988639327650814
snow/s5,5504.0,0.10734143853187561,0.5696581602096558,0.12485065676618545,0.5367102006071254,0.026069609298712878,0.45821792528060795,0.5939962876895815,2.567238587165015,0.45821590803789386,0.1760514200371987,0.1223527954020213,0.18212436244129881
snow/s5,5632.0,0.09539348632097244,0.5341202020645142,0.11949480759432853,0.536239291781196,0.01745155663798135,0.4547264623779276,0.5600593675084676,2.5712287388225157,0.45472511199230914,0.17053855390919911,0.11160600353358449,0.1717630029565719
snow/s5,5760.0,0.11841530352830887,0.5704549551010132,0.1192985341277795,0.5424603214757082,0.024337405683276768,0.45161440869927383,0.5274614467613699,2.535219318052593,0.45161350472212425,0.16762291625326553,0.11500071310925902,0.17541572925192003
snow/s5,5888.0,0.09624689817428589,0.5567319393157959,0.11510732759078064,0.5450551610829968,0.019132891407813372,0.4670931165672824,0.5051901495865693,2.498159989154843,0.4670925114255542,0.16024757203730997,0.09247981621363618,0.1677886286727729
snow/s5,6016.0,0.10149823874235153,0.5566219091415405,0.11263294780015716,0.5471582061845501,0.021330695901098207,0.4645416730739659,0.49671186450866667,2.463003358067207,0.46454126797908996,0.1767463085539017,0.11304433977937628,0.18179445390491406
snow/s5,6144.0,0.08963720500469208,0.5036554932594299,0.10845190365552715,0.5392486220163465,0.014279226181726896,0.4535361613139771,0.45270016345632735,2.5772682532340676,0.4535358901347627,0.14982604126335566,0.0934945580341279,0.15552975839915734
snow/s5,6272.0,0.09395881742238998,0.5078170895576477,0.10581679706768402,0.5335337979329466,0.00955882083239569,0.4317060253424144,0.4386835228652554,2.6170390973064044,0.4317058438092213,0.1256066887796017,0.07007693554350708,0.1322657886804276
snow/s5,6400.0,0.09679388999938965,0.574919581413269,0.10417626850981232,0.5410584858384598,0.008723260226645048,0.4547990748159964,0.41226204156819335,2.5152344110053035,0.4547989532937762,0.12953836191031187,0.06989654362829811,0.1339961064720218
snow/s5,6528.0,0.09316258132457733,0.5774524211883545,0.10217377993067868,0.5476755649929861,0.008163918002960733,0.45786136413302236,0.3915666351235776,2.4347803293819115,0.4578612827834369,0.12390584557632447,0.07080884325530698,0.12688995557217986
snow/s5,6656.0,0.10024971514940262,0.5858206152915955,0.10182394997044666,0.5546110286836423,0.008306011225122473,0.46791752475020504,0.3782657834541587,2.409224496097559,0.46791747029304454,0.11987705365026678,0.06754558928661045,0.12703997025906255
snow/s5,6784.0,0.08930760622024536,0.5796467065811157,0.09954825110677369,0.5591629701195465,0.008401131481280332,0.48523817772534383,0.3449209761560413,2.37891111927836,0.4852381412705504,0.11408092021216204,0.05554704737368137,0.12455774868581873
snow/s5,6912.0,0.08785339444875717,0.5508661270141602,0.09742191353258886,0.5576544531912944,0.005623897933749644,0.4676491107087012,0.31407217241119795,2.3948499038828897,0.4676490863050792,0.1102008639436787,0.04751496559725778,0.12005518713678773
snow/s5,7040.0,0.09287331998348236,0.587668776512146,0.09659489652366039,0.5631116028859946,0.003764758120939843,0.4757609749372297,0.3107839550689649,2.3339430419506217,0.47576095860092077,0.11147743784659483,0.0483364645733709,0.12091504262875871
snow/s5,7168.0,0.08862099796533585,0.5123870372772217,0.0951450967857832,0.5538889545934904,0.0025202099817861756,0.45174908239599665,0.28854813483413183,2.4283954477835854,0.45174907146012044,0.08443944186424943,0.03984713744167803,0.09359808638784672
snow/s5,7296.0,0.09117274731397629,0.5449690818786621,0.09442285142727286,0.5522671595544307,0.0016870827150800016,0.4658919477196341,0.2815591230595691,2.4377847938653043,0.4658919403989235,0.09035822141325786,0.04217039779153653,0.09933012394558333
snow/s5,7424.0,0.08977731317281723,0.5540207028388977,0.09357820810828092,0.552585985606152,0.0011293694208386787,0.46916113855611863,0.2836430418450077,2.4276189005590116,0.4691611336554776,0.08011583416920566,0.03623596876954097,0.08612181850902684
snow/s5,7552.0,0.09047609567642212,0.5622905492782593,0.09301418766612476,0.5543504517283533,0.000756024157751512,0.47419051424004627,0.2798324557249159,2.390109020564795,0.4741905109594519,0.08281514518765005,0.03794515264737866,0.09716625867133201
snow/s5,7680.0,0.09378021210432053,0.553520143032074,0.09315346483670581,0.5541994865108479,0.0005060988163460534,0.4734250549871384,0.28759047848828334,2.407605336434922,0.47342505279103797,0.06628534512561696,0.02824220962345183,0.0758922888626272
snow/s5,7808.0,0.09240704774856567,0.5401845574378967,0.09301775263886214,0.5516513175884932,0.0026631735878019035,0.4734291690409769,0.2688403345082633,2.4471942218580667,0.47342916757086007,0.05186250376177663,0.021230322144624777,0.06113450742043638
snow/s5,7936.0,0.0878843143582344,0.5564912557601929,0.09208440022420254,0.552531306346984,0.004107165790181439,0.4571612619199928,0.2524930661306639,2.412374700583328,0.45716126093586495,0.06286870086532154,0.022218232179459563,0.06907557934756484
snow/s5,8064.0,0.10146946460008621,0.568359375,0.0937907755652723,0.5554091370111687,0.009722565528964434,0.47700464640925133,0.2615937247882653,2.4051954359034697,0.477004645750455,0.07152780801728134,0.036309312450712596,0.07852373493514671
snow/s5,8192.0,0.10028576850891113,0.5502256155014038,0.09497168337320662,0.5544666785548478,0.011157254610298505,0.47995765586073846,0.26332943642750245,2.4203435918416365,0.479957655419726,0.08455580536694039,0.05064920916122082,0.09207993826237093
snow/s5,8320.0,0.08763027936220169,0.5845569372177124,0.093636882643933,0.5599376346753686,0.007468905978794865,0.4790935547497505,0.2530130510302125,2.380184830711883,0.4790935544545273,0.08630388623737331,0.04242839621536269,0.09650599172935574
snow/s5,8448.0,0.08883436769247055,0.5434584021568298,0.09276369810730345,0.5569414105810888,0.0073242263163833385,0.48936221433660976,0.2327094956095478,2.4104950590601204,0.48936221413898107,0.09057326268782841,0.05319586854086262,0.10024368041386623
snow/s5,8576.0,0.08829941600561142,0.6151405572891235,0.09195201045245034,0.5675230736189133,0.004902994476256615,0.5003685071178958,0.2246763648673952,2.3214288398724627,0.5003685069855988,0.08594160560094297,0.04361665580008158,0.0924151910208526
snow/s5,8704.0,0.08922018855810165,0.5460253953933716,0.09145531556256875,0.563614404850633,0.0032821698560064937,0.4780359427814013,0.2159522105255812,2.3438523894936325,0.4780359426928388,0.07070264507170561,0.034363215866170305,0.08020149150982694
snow/s5,8832.0,0.09549304097890854,0.5808361768722534,0.0921894474564487,0.5667456361272912,0.004521535192863851,0.48684637491978094,0.23828413856663833,2.320189286195894,0.48684637486049526,0.0801294566182492,0.03617496268727102,0.08648818853137175
snow/s5,8960.0,0.08873003721237183,0.5903201103210449,0.09156046377570745,0.5710319041625191,0.0030268128150576184,0.4878372427148946,0.22452713681184558,2.2806641750330474,0.48783724267520756,0.08798955360395194,0.03738778493941283,0.09508713447141413
snow/s5,9088.0,0.09237479418516159,0.5772098898887634,0.09170852385015366,0.5721551742945635,0.004350593702641876,0.47636212115625176,0.2218056496236268,2.283221096306443,0.47636212112968435,0.08989383340429839,0.04000752545530942,0.09748601563788878
snow/s5,9216.0,0.09053818136453629,0.572831392288208,0.09149573430731413,0.5722781230206807,0.002912380908380098,0.49063290755087924,0.22025162882757005,2.2966008256228942,0.49063290753309446,0.09555909508882784,0.03530462447834762,0.10296584517908257
snow/s5,9344.0,0.09291119873523712,0.5520851016044617,0.09175309147602739,0.5686066645813681,0.001949610360155272,0.4885641777819935,0.23249331990872016,2.320831201045742,0.488564177770088,0.0939279892743393,0.03163987258467898,0.09888622693806352
snow/s5,9472.0,0.09367404878139496,0.5828073024749756,0.09210235644063969,0.5711885987438422,0.003629491232831215,0.4848549454573675,0.21631185076449605,2.303695392568343,0.4848549454493977,0.0726914638943924,0.023504790738504106,0.07601061472713341
snow/s5,9600.0,0.09240128099918365,0.591961145401001,0.09215670636037496,0.5749654254087802,0.004754039585614284,0.47255785604997325,0.21055686381951486,2.2525088901092367,0.47255785604463807,0.06648147583013045,0.025032132643130846,0.07619305613965129
snow/s5,9728.0,0.08764521032571793,0.565557599067688,0.09133643435407368,0.5732549115285815,0.003182456251526917,0.4736234408268415,0.19206407456909794,2.2526473070441773,0.4736234408232701,0.06464875654744268,0.021922336728046266,0.0711498970852211
snow/s5,9856.0,0.08805430680513382,0.5932151079177856,0.09073968389063006,0.5768840381448005,0.0021304045981295886,0.47485329509895996,0.182271277439375,2.221514509635512,0.4748532950965692,0.07065329983754426,0.0203571014460475,0.07500530300746205
snow/s5,9984.0,0.08764288574457169,0.5776216983795166,0.09017662968225582,0.577018158187476,0.0014261386152768318,0.4756765859753368,0.17300212233909001,2.196365507574325,0.47567658597373635,0.06382576270116598,0.019309299315122704,0.07138784746780516
snow/s5,10112.0,0.08767855912446976,0.5777536630630493,0.08972243503538563,0.5771518863466711,0.0009546878333671352,0.4710624253223329,0.17353149976131757,2.2236853421115925,0.4710624253212615,0.05305691552722681,0.012926059872106934,0.0581191375610927
snow/s5,10240.0,0.09513036906719208,0.6251631379127502,0.09070569576844134,0.5858812048132309,0.0034799976405184953,0.48398600372817324,0.18057952257141863,2.1243739174180023,0.48398600372745604,0.05152983601409397,0.021824469831741005,0.0577595053094918
snow/s5,10368.0,0.09008918702602386,0.6300551891326904,0.09059360326981997,0.59391283832586,0.002329585197371885,0.4820484818345622,0.18171452150067158,2.0563886176753274,0.4820484818340821,0.04430922906728604,0.01693414922620679,0.04847950355428789
snow/s5,10496.0,0.08838207274675369,0.6494616270065308,0.09019150681108064,0.6040126180859818,0.0015594743883233276,0.5109684051950375,0.16861719138456094,1.9665963933059551,0.5109684051947161,0.050322707061571645,0.017017901548121897,0.055955287503283616
snow/s5,10624.0,0.08816695213317871,0.6226480007171631,0.08982340596055301,0.6074008694734693,0.0010439456649106572,0.5233548828165127,0.15563224802083298,1.9769997037641822,0.5233548828162975,0.060546605553614075,0.019398347317337798,0.06431717593195019
snow/s5,10752.0,0.08852296322584152,0.5528942346572876,0.0895869618269691,0.5974905722341635,0.0006988396599815142,0.5058202108110539,0.16135861665281284,2.1077623190076897,0.5058202108109098,0.06868202520531189,0.0284815382868129,0.07637141529328896
snow/s5,10880.0,0.087761290371418,0.5742011070251465,0.08925502156232344,0.5932561240143421,0.0004678182847810136,0.4956317113693831,0.14823824109059744,2.1348154485299005,0.49563171136928663,0.05346689290603522,0.021390533894478057,0.05861433585749094
snow/s5,11008.0,0.09068668633699417,0.5934643149375916,0.08951532424862721,0.5932939769094784,0.00031316761212613303,0.49268527785884314,0.1499311604820989,2.161818407739472,0.4926852778587786,0.05128775475527977,0.021808952441758036,0.05705794383848566
snow/s5,11136.0,0.08829992264509201,0.6228903532028198,0.08929434213889353,0.5986751362355405,0.000209641128778651,0.5162810537732752,0.14007592576971023,2.1361969998715913,0.5162810537732319,0.051636844092377364,0.016923761551920668,0.0583404417431185
snow/s5,11264.0,0.08849399536848068,0.583567202091217,0.089148824544273,0.5959282391183908,0.0029812473671989317,0.5034092178151677,0.14229327741049042,2.1303468249638264,0.5034092178151386,0.05471144108663278,0.02346755938599648,0.05919897339828593
snow/s5,11392.0,0.08773762732744217,0.5801005959510803,0.08889224323212194,0.5930504858152433,0.0043200912127530034,0.49995782349610396,0.14218222508133008,2.106577709599919,0.49995782349608453,0.061934931636506235,0.026040267026989375,0.064938982192241
snow/s5,11520.0,0.08870242536067963,0.5984216928482056,0.0888577308918597,0.5940270689121455,0.0028919618862230847,0.4958395347370613,0.13656483357876661,2.08560998264137,0.4958395347370483,0.06625396250047111,0.024405054786662307,0.06826493849232662
snow/s5,11648.0,0.09273608028888702,0.6037126779556274,0.08956288532768285,0.5957880887382332,0.004260321593256775,0.5057376224272889,0.1315734899178796,2.0808728622074812,0.5057376224272803,0.059847693905274044,0.02382693750181526,0.065842644775855
snow/s5,11776.0,0.088161401450634,0.5890517234802246,0.08930807007731033,0.5945632950549589,0.002851950818626436,0.5025495654265322,0.137830556265733,2.135064796820773,0.5025495654265264,0.05555920005229088,0.02111555320369451,0.06473763823838226
snow/s5,11904.0,0.08783359825611115,0.5755585432052612,0.08903998429163776,0.5911078856277411,0.0019091571595763743,0.4965414446243727,0.13038354674819028,2.163147497221909,0.4965414446243689,0.04984748102674017,0.014135205037183927,0.05883263386205754
snow/s5,12032.0,0.08997093886137009,0.5574359893798828,0.08920924875886183,0.584985722673585,0.001278030825832118,0.4765070827650759,0.13746173079244328,2.227654386581892,0.47650708276507336,0.04938137159641284,0.020309517421585932,0.05772060613906331
snow/s5,12160.0,0.0879327729344368,0.6183735132217407,0.08897716224533,0.5910562300459768,0.0008555412966314177,0.5070006091237285,0.13274845645365263,2.1647338434583805,0.5070006091237268,0.05268505040751603,0.02108529678635091,0.058267513200529975
snow/s5,12288.0,0.08777015656232834,0.6321723461151123,0.08875770666660243,0.5985318875130924,0.0005727177274970647,0.5271553664381984,0.12811743128632289,2.083919687316007,0.5271553664381972,0.038109413909163614,0.014114950741276227,0.04468734354746221
snow/s5,12416.0,0.08862525224685669,0.5825245380401611,0.08873362404483047,0.5956214603361958,0.0003833895531178697,0.49183541059086006,0.13008805432719608,2.0998404894884963,0.4918354105908592,0.038682748154068206,0.009448851322672515,0.04308615559788792
snow/s5,12544.0,0.08811786770820618,0.6146167516708374,0.08862166834726241,0.5990751496697669,0.0002566492049797309,0.511063374031898,0.12644987808467698,2.060144082609894,0.5110633740318975,0.04810580661553325,0.011490553364764244,0.05337792234238778
snow/s5,12672.0,0.08806129544973373,0.5784273743629456,0.08851978236589356,0.5953210087048902,0.0001718064925897372,0.5138626718725928,0.11703553061437194,2.1013330110195794,0.5138626718725925,0.0350439697178363,0.007692023326825649,0.038573237270524044
snow/s5,12800.0,0.09447050839662552,0.5565905570983887,0.08960173255329937,0.5882791084127991,0.00011501095784932819,0.4715733588568596,0.1264556680928313,2.1538536287133727,0.4715733588568594,0.028107946670617685,0.00747358586341221,0.030470514205887995
snow/s5,12928.0,0.08785142004489899,0.628077507019043,0.08928349391540838,0.5955151808866616,7.699080649417836e-05,0.4964664633669886,0.11712249150425777,2.0653976568830665,0.49646646336698846,0.03147102215140522,0.005002978966416437,0.03537695579071841
snow/s5,13056.0,0.0878506451845169,0.6090319156646729,0.0890229759643372,0.5979727690281181,5.153930021511112e-05,0.48601267382418245,0.11012212533715976,2.0450832606589047,0.48601267382418234,0.02106737846499027,0.0033491016221465406,0.026006474537588354
snow/s5,13184.0,0.09140802174806595,0.6006820201873779,0.08945662065228788,0.5984653601479836,0.002875410605929124,0.48676261636164275,0.11361105350226841,2.0861703343464115,0.48676261636164264,0.029598823600530674,0.007407249846230328,0.03522954080615418
snow/s5,13312.0,0.08913721144199371,0.5787129402160645,0.08939854625041621,0.5948740110694528,0.0019248616452913969,0.48132456136605833,0.12353374628104659,2.095751523617811,0.4813245613660583,0.03014466703837177,0.01012386146731121,0.033913990126433785
snow/s5,13440.0,0.08789321035146713,0.597146213054657,0.08912484881424365,0.5952871387031262,0.0012885437460215133,0.4926635493442208,0.11341819372371775,2.086916405070554,0.4926635493442208,0.024828248182711676,0.006777130403737256,0.027351514051579637
snow/s5,13568.0,0.0879414975643158,0.6165076494216919,0.08890969404152949,0.599145413379229,0.0008625788713036576,0.5046446074122469,0.10798386541725447,2.0619755852551434,0.5046446074122469,0.02178585208925327,0.007377665807460476,0.023474980480809506
snow/s5,13696.0,0.08795280754566193,0.6100748777389526,0.08873571467864447,0.6011325887173605,0.0005774288312032748,0.5054335801685288,0.1037393782031619,2.058815518797285,0.5054335801685288,0.02207358693578111,0.007779677110779326,0.025528705941698922
snow/s5,13824.0,0.0878821536898613,0.6270068883895874,0.08858052177159298,0.6058370068395835,0.0003865432671691343,0.5199080164764531,0.10074485206477467,2.0345486538982303,0.5199080164764531,0.02510711191568818,0.00753226318986054,0.03026095191138523
snow/s5,13952.0,0.0878995954990387,0.6225935220718384,0.08845671699476493,0.6088836459727207,0.0002587603689314039,0.5110024738396091,0.10062442333850012,2.0344406280368554,0.5110024738396091,0.027137818720419357,0.0073666389948653195,0.030587909957208288
snow/s5,14080.0,0.08794258534908295,0.6077598333358765,0.08836323851373183,0.6086793164023854,0.0001732197511028406,0.4972929783554408,0.10445349300363933,2.032979459957519,0.4972929783554408,0.03598688691201626,0.007772295525488354,0.038296452120114635
snow/s5,14208.0,0.08797582238912582,0.607978880405426,0.08829279921834891,0.6085519644029381,0.00011595702346553792,0.5090349689817413,0.10283064605293205,2.0277949568579623,0.5090349689817413,0.041394114379118316,0.007527321798054186,0.04294018695644038
snow/s5,14336.0,0.08848053961992264,0.6026152968406677,0.08832693383681686,0.6074725703007071,7.762412314635183e-05,0.4926184503100912,0.11193503908885247,2.0422870470414742,0.4926184503100912,0.03519977904717837,0.012528620377209827,0.03623475325183198
snow/s5,14464.0,0.0879240483045578,0.615140974521637,0.08825368192186066,0.6088668256136034,5.196325599053303e-05,0.4911846650836147,0.10274820405576435,2.0075552742833804,0.4911846650836147,0.03105315787455742,0.00838692769052889,0.03174599184626768
snow/s5,14592.0,0.08849678933620453,0.6102761030197144,0.08829788326992319,0.6091230578692599,3.478532012589401e-05,0.50029717249399,0.09804884023287394,1.9797586931452833,0.50029717249399,0.028793849486273976,0.008455298701924296,0.02925764743427836
snow/s5,14720.0,0.08797772973775864,0.6144641041755676,0.08823967353680236,0.6100941571976795,2.3286040745433175e-05,0.5156948014215965,0.09486587691013955,1.989832021502851,0.5156948014215965,0.024957039738745385,0.005660158635172463,0.025267516051045838
snow/s5,14848.0,0.09254869818687439,0.6178600788116455,0.08902313256408817,0.6115061429456733,0.00285649726694529,0.5055994125218951,0.10500847329975982,1.954141809874363,0.5055994125218951,0.03504355552758988,0.01696051941693363,0.03525139504243564
snow/s5,14976.0,0.08799707889556885,0.6083798408508301,0.0888365773516301,0.6109377243829746,0.001912200649773293,0.4905768794568058,0.10003470064628446,1.9630890771132572,0.4905768794568058,0.031981636344915534,0.011353736138608461,0.03496167767303543
snow/s5,15104.0,0.08858606219291687,0.5639327764511108,0.08879102914095496,0.6023913702135447,0.0012800682035672456,0.45985931600001045,0.09873740828198951,2.0254273451022624,0.45985931600001045,0.034580682181307096,0.009924815101051945,0.03941649497120553
snow/s5,15232.0,0.08792217820882797,0.5939362049102783,0.08863305624420459,0.6008540674311326,0.0008569051610656767,0.46460623633058545,0.09568169536087989,2.044852763635099,0.46460623633058545,0.03580401038583367,0.006643884489133945,0.041365587542707825
snow/s5,15360.0,0.08811873942613602,0.6121625900268555,0.08853954409546484,0.6029101624485367,0.0005736307276555355,0.4757901251469208,0.09432934500243549,2.0135557261379997,0.4757901251469208,0.026292354059938235,0.004447559038180574,0.030015393313713494
snow/s5,15488.0,0.08884327113628387,0.6160678863525391,0.08859476719379557,0.605302475885628,0.0003840007350421353,0.4871508275776908,0.09619411468791313,1.9847194374995678,0.4871508275776908,0.025606865114504107,0.0029772915875423676,0.030940056681080932
snow/s5,15616.0,0.08939553052186966,0.6198738813400269,0.08874036052617268,0.6079518223318824,0.00025705834329266904,0.5030203887090327,0.09960537577162064,1.9566688078930694,0.5030203887090327,0.03496203367169283,0.009999261310668858,0.03853218670386409
snow/s5,15744.0,0.08802416175603867,0.6472048759460449,0.0886101425679665,0.615088741170821,0.00017208037856781974,0.4937574502928235,0.09015065726200082,1.9289786922386098,0.4937574502928235,0.028569625846339822,0.006693720381522127,0.03095956300010736
snow/s5,15872.0,0.08801376819610596,0.6527074575424194,0.08850171086399185,0.6219285077838388,0.00011519430300820991,0.5066682105266008,0.08430947769946848,1.875534060821976,0.5066682105266008,0.024290410690525004,0.009646209511597456,0.025890285975278482
snow/s5,16000.0,0.08798534423112869,0.5924739837646484,0.08840782602165309,0.6165731397803496,7.711354168318184e-05,0.49464979382359225,0.08682499654780951,1.9235592619225808,0.49464979382359225,0.02943201046225227,0.01162266917718507,0.032827381520640964
snow/s5,16128.0,0.0879966989159584,0.6037724018096924,0.0883330756387995,0.6142457328765937,5.162146178791511e-05,0.48221391156785925,0.08245342362706828,1.9412629049238745,0.48221391156785925,0.030032998739193663,0.007780464490512319,0.03230593308406544
snow/s5,16256.0,0.08801821619272232,0.6131583452224731,0.08827582846678546,0.6140480260303899,0.0028754656066514142,0.504622535842947,0.07695564171922949,1.9341705656072914,0.504622535842947,0.022945643784088317,0.008049319204392544,0.026791575039746284
snow/s5,16384.0,0.08801064640283585,0.6232180595397949,0.08822761354606734,0.6157153048502817,0.0019248984639567317,0.4801088876304025,0.07983619987319919,1.9385643331289741,0.4801088876304025,0.026207414433976475,0.007712767401287571,0.02878196345635908
snow/s5,16512.0,0.08800998330116272,0.6367471218109131,0.08818804441063013,0.6195392715703965,0.0012885683932272335,0.4866844619674594,0.07810606814181444,1.8921872408384433,0.4866844619674594,0.02787438486902557,0.005163092227308208,0.02959784330549657
snow/s5,16640.0,0.088398776948452,0.61238032579422,0.08822635941750684,0.618237645065637,0.0008625953706727761,0.5047743092509439,0.07841488754266603,1.9260126885359132,0.5047743092509439,0.042678307226372475,0.011462483226545164,0.04383202733673737
snow/s5,16768.0,0.08807864785194397,0.6379483938217163,0.08819950276922267,0.6218214175667424,0.0005774398762354947,0.503454289663855,0.08090518081456195,1.8887813497372532,0.503454289663855,0.036059445333356775,0.009997612738431059,0.0368317703659151
snow/s5,16896.0,0.08803605288267136,0.6200237274169922,0.08816978460803152,0.6214945648122423,0.00038655066095103353,0.513417747626217,0.07707557486977552,1.8818509870257198,0.513417747626217,0.03446954604960247,0.009016996957131535,0.03498655702181093
snow/s5,17024.0,0.08807433396577835,0.6191561222076416,0.08815242994580366,0.6210693934295876,0.00025876531848788195,0.527318905435732,0.07437468277081283,1.896303551069291,0.527318905435732,0.0328887043803124,0.006036171516757473,0.041241000981542854
snow/s5,17152.0,0.08801992237567902,0.6141147613525391,0.08812833766032645,0.6198049148701242,0.0001732230644423011,0.5407568705809446,0.07483277539574894,1.8748151568865867,0.5407568705809446,0.02718169466781243,0.00404074291617649,0.03277290148351215
snow/s5,17280.0,0.08803494274616241,0.5978865623474121,0.08811135676684206,0.6158197598659947,0.0001159592414861685,0.5081719546864174,0.07097720906370493,1.878290498857642,0.5081719546864174,0.01819601048010584,0.0027049601339693852,0.021938884464169285
snow/s5,17408.0,0.08807333558797836,0.6111738681793213,0.08810444382523049,0.6149750522865994,7.762560793702188e-05,0.4904911432198331,0.06946893719634425,1.9080939757019404,0.4904911432198331,0.02251137891643449,0.004651667527698514,0.02501693918675795
snow/s5,17536.0,0.08807240426540375,0.6278374195098877,0.08809861845071652,0.6173136645090155,5.196424994131215e-05,0.5189444843041857,0.0669930128570005,1.9062445986717527,0.5189444843041857,0.019718361092819776,0.0031139261962279305,0.028368777472127224
snow/s5,17664.0,0.08802436292171478,0.5833215713500977,0.08808511744544348,0.6111332839346667,3.478598549790317e-05,0.5057087043689176,0.06774522894798558,1.897497188867958,0.5057087043689176,0.017848654946433073,0.00440890927185506,0.023639429547457062
snow/s5,17792.0,0.0880255326628685,0.6341307759284973,0.08807428384861166,0.6153146461153631,2.328648615975336e-05,0.5195756616023333,0.06907509745714799,1.8345333485364286,0.5195756616023333,0.017113562402157674,0.002951418603473222,0.023314411515239847
snow/s5,17920.0,0.08812033385038376,0.6483356952667236,0.08808265657620658,0.6213184732337923,1.5588474206115887e-05,0.5172365999156114,0.06691802126860294,1.815791942883875,0.5172365999156114,0.01946238474855183,0.007141032288275463,0.023613366386234937
snow/s5,18048.0,0.09038275480270386,0.6422550082206726,0.08850085625375152,0.6251251159586796,1.0435259592523857e-05,0.5190282197782192,0.0724390141069355,1.8067796666674458,0.5190282197782192,0.015352918715972714,0.004780360457440598,0.018131675018884543
snow/s5,18176.0,0.09298481792211533,0.6146895289421082,0.08931612201163586,0.6232277365011211,0.002847894677909045,0.5075726099341797,0.08289433469281088,1.8444407455680325,0.5075726099341797,0.018283772033006525,0.006040985099608995,0.020143931210988827
snow/s5,18304.0,0.08810523897409439,0.6101667881011963,0.08909596145935558,0.6208530186102256,0.00190644189182341,0.5061023256584178,0.08749592541846565,1.9034394448430427,0.5061023256584178,0.017404839129533292,0.004043965231969657,0.023815358909835493
snow/s5,18432.0,0.08807972073554993,0.6186356544494629,0.08891119041866363,0.6204498614900869,0.0012762131672536875,0.5115746973415854,0.07936482265916961,1.8989113950695855,0.5115746973415854,0.01965737164869584,0.0055480263123102655,0.023948711336336158
snow/s5,18560.0,0.08811336010694504,0.6582019925117493,0.08876613036198752,0.6273138853122073,0.003695233607830981,0.5240190122699869,0.07213818926058584,1.8534338424203047,0.5240190122699869,0.026847083500366638,0.009395786209067203,0.02971979849787792
snow/s5,18688.0,0.08830621838569641,0.6318805813789368,0.08868251000266186,0.6281441936879762,0.0024736687787959453,0.5010995040815615,0.07025555619965508,1.8609207273493267,0.5010995040815615,0.032951353417600804,0.01894469985896234,0.03487441056469513
snow/s5,18816.0,0.08829613029956818,0.6379531621932983,0.08861225914755391,0.6299276425071256,0.00398030719902869,0.5038352052116237,0.06854772664618981,1.8265382303339182,0.5038352052116237,0.03368024484979888,0.01500636932707396,0.03496758062595293
snow/s5,18944.0,0.08808735013008118,0.6121165752410889,0.08851682114437705,0.6266892666405735,0.002664503166291933,0.4687347241499299,0.06506043731250971,1.834810621594674,0.4687347241499299,0.025387188701105037,0.010045586078454467,0.026248958931423035
snow/s5,19072.0,0.08911080658435822,0.6459876298904419,0.08862481849710088,0.6301980599587312,0.0017836756733028637,0.48268605500945716,0.0825814359924819,1.819640535719452,0.48268605500945716,0.022160018882557916,0.009049111341775303,0.02506128655739889
snow/s5,19200.0,0.08808380365371704,0.612263023853302,0.08852645216194019,0.6269371443031986,0.0011940308226242309,0.47575471451046303,0.07522164117852492,1.8331530148922894,0.47575471451046303,0.030846789499894143,0.008382049741188426,0.03278896042272157
snow/s5,19328.0,0.08812976628541946,0.6510087251663208,0.08845432745711823,0.6313137953692207,0.0007993098895253114,0.4842862138458471,0.0773166023877313,1.7882134084089882,0.4842862138458471,0.02529826404538368,0.007935504372200515,0.026598394993722702
snow/s5,19456.0,0.08837340027093887,0.6184885501861572,0.08843961342326744,0.6289819326086638,0.0033759843062111587,0.4974870522439141,0.073004971693494,1.8186961299943918,0.4974870522439141,0.024941399898149405,0.010477486397919351,0.02813611565695487
snow/s5,19584.0,0.08811753243207932,0.6735524535179138,0.08838105324305141,0.6370856636830728,0.002259956436389288,0.5241442250558433,0.06837241130585828,1.738411548075439,0.5241442250558433,0.02470250736983555,0.009854763621747665,0.02684111874556483
snow/s5,19712.0,0.08809536695480347,0.6569616794586182,0.08832911028155177,0.640699484733172,0.00667815265576473,0.5316585308225067,0.06378429893937845,1.706499916046827,0.5316585308225067,0.03151572807402214,0.014086659945136866,0.035271740647857444
snow/s5,19840.0,0.08815329521894455,0.6439476013183594,0.08829714390653226,0.6412900513850242,0.004470498885263993,0.5465028181539093,0.05997544530397425,1.7462487089414527,0.5465028181539093,0.028070446066080935,0.011754293021124676,0.03058480159071448
snow/s5,19968.0,0.08816738426685333,0.6466507911682129,0.08827355124477244,0.6422647313456039,0.005833557105011433,0.537328332813774,0.07233525205271199,1.7310857487858733,0.537328332813774,0.03712773662274839,0.013033865576124782,0.03881090023841217
snow/s5,20096.0,0.09306800365447998,0.6190434098243713,0.08914526986471927,0.638042672887198,0.0039051084752555875,0.5288623550240966,0.07194092672537485,1.7350914346650064,0.5288623550240966,0.03570121211936049,0.011566058774100059,0.03682795801083789
snow/s5,20224.0,0.09270378202199936,0.6376757621765137,0.08979227207513382,0.6379759618488917,0.002614163524757872,0.5193210806359655,0.07286613308686594,1.745363537984003,0.5193210806359655,0.034229737038580156,0.010066948435554583,0.03782491404031296
snow/s5,20352.0,0.08814488351345062,0.6360664367675781,0.08949274688210052,0.637628775470471,0.0017499772355817158,0.5211984093513488,0.07237446106885623,1.7228757897181093,0.5211984093513488,0.030403790910123907,0.00957994068826381,0.032810479646821065
snow/s5,20480.0,0.08812417089939117,0.6421204805374146,0.08924391488524427,0.6384454491190061,0.0011714723643150328,0.5172898442765226,0.06479434817541686,1.7138459133151027,0.5172898442765226,0.022677331105124265,0.006413018146688996,0.029453709515640546
snow/s5,20608.0,0.08824177086353302,0.6540818214416504,0.08906170688129678,0.6412884259049415,0.000784208772805931,0.5177725403834572,0.0743900781418529,1.6861617630921044,0.5177725403834572,0.02267036214475261,0.006617392313072798,0.02720661546088334
snow/s5,20736.0,0.08822473138570786,0.6057582497596741,0.08890952951846243,0.6348283938785292,0.0005249662032833091,0.49846756835586803,0.06748804180270498,1.7633478173230808,0.49846756835586803,0.020341316807644307,0.007270733697180964,0.025702362415963225
snow/s5,20864.0,0.08819521963596344,0.6677342653274536,0.0887796549943717,0.6408112795965154,0.00035142365674337215,0.5191187854283084,0.06263346610927475,1.6677557635716107,0.5191187854283084,0.015941294722472635,0.004867185367534364,0.01953009384870265
snow/s5,20992.0,0.08811451494693756,0.6168715953826904,0.08865872044029276,0.6364586097394562,0.0030761596379852325,0.5029844761958098,0.05981909384868487,1.754050184446698,0.5029844761958098,0.018677643574547795,0.0060991075600849865,0.021080062824338136
snow/s5,21120.0,0.08814001828432083,0.646640956401825,0.08856441095738876,0.6383099454962505,0.0020592473609653207,0.5092292774533933,0.05557716602496679,1.7039116632659914,0.5092292774533933,0.022833794458994805,0.006407253821213915,0.026766405692325523
snow/s5,21248.0,0.0882328674197197,0.6641845107078552,0.0885041303141762,0.6430144118983604,0.0013785044317205864,0.5446596816010318,0.05338278937170676,1.6606225906236884,0.5446596816010318,0.01812634174527751,0.004289153384448984,0.020758916207259233
snow/s5,21376.0,0.08821282535791397,0.6111021041870117,0.08845116577667397,0.6372121741326606,0.0009228004873501444,0.5242143323114344,0.05258245883190037,1.7231496738437917,0.5242143323114344,0.012134162655929571,0.0028712514391765922,0.016737373659404937
snow/s5,21504.0,0.08819136023521423,0.6358305215835571,0.08840392840549947,0.6369609645782782,0.0006177424750029891,0.5459100075803817,0.0508879583681644,1.7101129286303767,0.5459100075803817,0.0207778278936388,0.0047629865006058175,0.023859316251337186
snow/s5,21632.0,0.09348495304584503,0.6233696341514587,0.08932775106738047,0.6344898135915837,0.002737910251861505,0.5118798397852141,0.05366624156141962,1.706928425106124,0.5118798397852141,0.02139879387921275,0.005512825673959266,0.023461608399655467
snow/s5,21760.0,0.08846139162778854,0.6134341955184937,0.08917023116927283,0.6306615193964764,0.00183281595372547,0.4937480745669615,0.056645956107561866,1.749777432142292,0.4937480745669615,0.02517191986955564,0.006531313054468598,0.026552812234480104
snow/s5,21888.0,0.08813254535198212,0.619868278503418,0.08898156102067452,0.6286991119613748,0.0012269263822459755,0.4852259838010238,0.05354957718868386,1.773971892786963,0.4852259838010238,0.027181202557305842,0.00437220130092526,0.028105601578453626
snow/s5,22016.0,0.08893412351608276,0.614963173866272,0.08897293601983966,0.6262016686713562,0.0031457110492720992,0.4862359891560572,0.0528016653457264,1.7627495554264285,0.4862359891560572,0.03265849096811383,0.005251225664255752,0.033277303535989615
snow/s5,22144.0,0.08835488557815552,0.655788779258728,0.08886056321226073,0.6315811433236056,0.00443018673546314,0.49775921588132743,0.05425825420384677,1.7174014344041733,0.49775921588132743,0.031676345193530735,0.011004952717394347,0.03209059162326577
snow/s5,22272.0,0.0881301537156105,0.6411932706832886,0.08872776148559705,0.633328802843548,0.008130951451012515,0.5196776569122936,0.05387284243177208,1.6813042226509616,0.5196776569122936,0.0320519335593057,0.012532241075280514,0.03749452827673162
snow/s5,22400.0,0.08814023435115814,0.6262074112892151,0.08862093837024451,0.6320340043791237,0.005443033615967054,0.5136891752883948,0.05130934311829137,1.661537779518055,0.5136891752883948,0.02429716213474183,0.008389351463617533,0.027940551986902984
snow/s5,22528.0,0.08817869424819946,0.6501668095588684,0.0885405303480545,0.6353308780481681,0.003643683660275466,0.5375729189947105,0.053797474462832645,1.6517624262689152,0.5375729189947105,0.023238182916645353,0.005616012136801819,0.02851805546230695
snow/s5,22656.0,0.0888824388384819,0.6875009536743164,0.0886026955281322,0.6448163463438314,0.00243916013621746,0.561309144120426,0.0552804270163605,1.6165123101610834,0.561309144120426,0.03673382492767168,0.003759479199016093,0.040268285061544326
snow/s5,22784.0,0.08820212632417679,0.6618993282318115,0.08852986476377667,0.6479223430507369,0.0016328262068893739,0.5387172782954917,0.05532403454538365,1.587533865946753,0.5387172782954917,0.029755700984639713,0.002516676158019037,0.03496265363624041
snow/s5,22912.0,0.08832009881734848,0.6759824752807617,0.08849172550078971,0.6530241852743777,0.0010930489484135477,0.5341826408424365,0.05372366259034429,1.5557933645211965,0.5341826408424365,0.027408775039304268,0.004525626188425966,0.030894421029218785
snow/s5,23040.0,0.08817782998085022,0.6613873839378357,0.08843465358807344,0.6545447668495518,0.000731710453070226,0.5179755694895648,0.049489809988321046,1.5797059356491658,0.5179755694895648,0.018348022960195415,0.0030295514153925885,0.02636320746584067
snow/s5,23168.0,0.08815117925405502,0.6675994992256165,0.08838311280007008,0.6569183545542908,0.0004898226999891594,0.5272708357740061,0.04766202510625596,1.5556090191417096,0.5272708357740061,0.01460694098988288,0.002028046815262807,0.019972477725066894
snow/s5,23296.0,0.0881524533033371,0.6647126078605652,0.08834117470975499,0.658335491519068,0.0003278978404886108,0.5244540305594586,0.0469179717132924,1.5304283083868304,0.5244540305594586,0.017784398513888536,0.0013576181160023747,0.023700584262234863
snow/s5,23424.0,0.08815696090459824,0.6519922018051147,0.08830768129063557,0.6571821661165309,0.0002195018601617973,0.5132708799612904,0.058450260612087565,1.5801426706668549,0.5132708799612904,0.011905258509297282,0.0009088187388115068,0.015865680373892757
snow/s5,23552.0,0.08816223591566086,0.6481757760047913,0.0882812366770038,0.6555446406416692,0.00014693926176120314,0.5228300931972274,0.053905695036998505,1.5647446117244326,0.5228300931972274,0.010294016026884956,0.0006083827920969591,0.012945207523019116
snow/s5,23680.0,0.08814091980457306,0.6500257253646851,0.08825572451838001,0.6545412015003993,9.836429919551614e-05,0.511925516933681,0.05377656794310306,1.5448229850790183,0.511925516933681,0.012056324778327944,0.002731644679007055,0.018996378589789656
snow/s5,23808.0,0.08819448947906494,0.6551282405853271,0.08824459087486818,0.6546479358794771,0.004714607506073031,0.5263199741456872,0.050375346758508174,1.5477163008901071,0.5263199741456872,0.017884812454913745,0.00647738197520307,0.022530633601429435
snow/s5,23936.0,0.08819680660963058,0.5973821878433228,0.08823590282664315,0.6442359816910853,0.0031560595701811195,0.5101294868247989,0.047807931205474496,1.614531064637978,0.5101294868247989,0.014813386849983578,0.007177007768524368,0.01792339935302301
snow/s5,24064.0,0.08818676322698593,0.656588077545166,0.0882269683539782,0.6464818173009181,0.0021127340924352945,0.5098800696926339,0.04673047218743348,1.5640631279775166,0.5098800696926339,0.012757308552468344,0.004804443216946064,0.014839217748717881
snow/s5,24192.0,0.08825492858886719,0.6480497121810913,0.08823205203304893,0.6467668890973132,0.0014143095990682547,0.5257255011992011,0.05834042306986509,1.573035687352443,0.5257255011992011,0.008540016469007733,0.0032161975253936453,0.0099336912202161
snow/s5,24320.0,0.0881771519780159,0.6454154253005981,0.08822207020486111,0.6465211684070014,0.000946769235739906,0.510764591711862,0.05349997731739591,1.595463685603207,0.510764591711862,0.005716870528839887,0.0021529917318750848,0.006649826354028959
snow/s5,24448.0,0.08818808943033218,0.6636072397232056,0.08821589188221948,0.6496277268281294,0.0006337876702060527,0.5332907597409984,0.04917071425292767,1.587193450038693,0.5332907597409984,0.012349723246578766,0.004282168018858528,0.01529864408823426
snow/s5,24576.0,0.08820556104183197,0.6016426682472229,0.08821401354760357,0.64090317072251,0.00042427108501396905,0.5166037317274451,0.05549146867022402,1.6368953664203483,0.5166037317274451,0.01059155027250314,0.005190955450640832,0.012565621249148553
snow/s5,24704.0,0.08829234540462494,0.6525942087173462,0.08822825570342563,0.6430288139942985,0.0002840161808771197,0.5271272914869672,0.05619557083098556,1.6050383875579377,0.5271272914869672,0.015096409686551687,0.009156755301668656,0.016417895216372172
snow/s5,24832.0,0.08824662864208221,0.655913233757019,0.08823159623772682,0.6453714357693385,0.0025145066995954273,0.5266823190945813,0.05056424790475697,1.5822018912136306,0.5266823190945813,0.01707900152570815,0.010778489086241001,0.017963632334926826
snow/s5,24960.0,0.08818484097719193,0.6722562313079834,0.08822309528126593,0.6502595804127285,0.0016832648154316494,0.5586675028649676,0.046388433874652434,1.5786168563683496,0.5586675028649676,0.014273959699027769,0.007215352198227446,0.01486615057131465
snow/s5,25088.0,0.08816830813884735,0.6503037214279175,0.08821313398264435,0.6502676060518536,0.0011268136367765585,0.5361741134881187,0.04470922780744183,1.576286368342054,0.5361741134881187,0.01472058459191115,0.004830111802119199,0.01511700988658253
snow/s5,25216.0,0.08818983286619186,0.62213134765625,0.08820889741601662,0.6451519227071985,0.0007543132609826548,0.5198252329961787,0.052538295677186674,1.608603203218804,0.5198252329961787,0.019668325222684323,0.0032333806278649177,0.019933700833166815
snow/s5,25344.0,0.08820036798715591,0.6511298418045044,0.08820734661076922,0.6462388170885267,0.0005049535052859094,0.5202445774602518,0.050783323230669614,1.5955980549637911,0.5202445774602518,0.018331688785433307,0.007329783726091391,0.018509336921376133
snow/s5,25472.0,0.0882054790854454,0.636450469493866,0.08820700706071034,0.644459117525861,0.00033802672667899715,0.510711246068433,0.047125784905557654,1.6127320747739515,0.510711246068433,0.01743691563322395,0.0049067147257306,0.01755583711265675
snow/s5,25600.0,0.09172122925519943,0.6409522294998169,0.08884595655061744,0.6438215015211257,0.002550662519512386,0.5069120738144055,0.06241920764039198,1.6128639878603395,0.5069120738144055,0.01683793525860446,0.00844994952714197,0.016917543852274352
snow/s5,25728.0,0.08819685131311417,0.6424967050552368,0.08872793741652593,0.6435806294364186,0.0017074682981859774,0.5046270907352631,0.0567157245050128,1.610130861642586,0.5046270907352631,0.01411258475989224,0.0056565777826322276,0.014165876463092746
snow/s5,25856.0,0.08819304406642914,0.659296452999115,0.08863068408014468,0.6464380519023634,0.001143015968207142,0.5136863169384819,0.05101796895264815,1.5591881558804208,0.5136863169384819,0.009447267483894805,0.0037866347139934742,0.009482942095128202
snow/s5,25984.0,0.08826183527708054,0.6117880344390869,0.08856362066140575,0.6401380487272221,0.0007651594497915577,0.5021887741489011,0.04789212286225508,1.5730535267520769,0.5021887741489011,0.00916511294376429,0.00537576373416092,0.00918899429508582
snow/s5,26112.0,0.08818622678518295,0.62460857629776,0.0884950035930016,0.6373145082855017,0.0005122141771331915,0.4870024025294296,0.04465559577481113,1.597984212798713,0.4870024025294296,0.011817141722685186,0.003598651755925905,0.011833128412412821
snow/s5,26240.0,0.08818317204713821,0.6704156994819641,0.08843830694829916,0.6433329066848585,0.003183796267337095,0.5209995421891223,0.04467368354961802,1.5200729717498138,0.5209995421891223,0.01927428495485537,0.005249923902727258,0.0192849867884747
snow/s5,26368.0,0.08818497508764267,0.6342029571533203,0.08839224660999798,0.6416729158609424,0.0021313016335066503,0.5047600241100736,0.043349535436982285,1.5409169666074969,0.5047600241100736,0.015227000672258552,0.003514411868767833,0.015234164709640086
snow/s5,26496.0,0.0882086306810379,0.7068217992782593,0.0883588618956416,0.6535181673913637,0.0014267391100333774,0.5432174541563302,0.04062329747785142,1.4625599245069143,0.5432174541563302,0.01251766160704911,0.0023526228212412763,0.012522457367610304
snow/s5,26624.0,0.08821412175893784,0.7010118961334229,0.08833254550715,0.6621533907990107,0.0009550898174603599,0.5524327585674607,0.04161286735823905,1.4109785739440028,0.5524327585674607,0.018710170166702296,0.004415805359673912,0.018713380551871356
snow/s5,26752.0,0.08821723610162735,0.6481555700302124,0.08831158016069132,0.659608332477411,0.0006393576463990838,0.5384570532559034,0.04810743929824089,1.4382627763141635,0.5384570532559034,0.020014659367792443,0.0029560349928395603,0.020016808468608097
snow/s5,26880.0,0.08838209509849548,0.6186633110046387,0.08832440105847389,0.652163783118725,0.000427999746763023,0.5216117463944477,0.04773458637747466,1.4980281849053154,0.5216117463944477,0.018563532304059403,0.0043032135076033415,0.018564970958324427
snow/s5,27008.0,0.08827010542154312,0.6765294075012207,0.08831452912448648,0.6565938966428152,0.000286512227171941,0.5247979459334733,0.045244446358586904,1.4836521193073788,0.5247979459334733,0.017592116666353814,0.005721572678643559,0.017593079732432054
snow/s5,27136.0,0.08820870518684387,0.5956190824508667,0.08829528840855147,0.6455075667897336,0.000191797441329977,0.525639534054639,0.04267336449004031,1.5617539203032436,0.525639534054639,0.011776540908881477,0.0038301436939680022,0.011777185606008232
snow/s5,27264.0,0.08822169899940491,0.6099024415016174,0.08828190851597936,0.6390339076464397,0.00012839332849362095,0.5096739856068244,0.04226764816547574,1.5712752438979298,0.5096739856068244,0.007883469534044623,0.0025639804893504807,0.00788390110815427
snow/s5,27392.0,0.08822137862443924,0.6531654596328735,0.08827090308115389,0.6416032807348823,8.594925295853964e-05,0.5162900234227501,0.03979902807337164,1.511315817255909,0.5162900234227501,0.007601744068244746,0.0017163836333668504,0.007602032973227238
snow/s5,27520.0,0.0882868617773056,0.6733927726745605,0.08827380466227237,0.6473831883602783,5.753627677389843e-05,0.5289834041094442,0.041504820583644284,1.4714346881424256,0.5289834041094442,0.014902820409320863,0.00347336425043566,0.017227393973813274
snow/s5,27648.0,0.08821921050548553,0.6402831077575684,0.0882638784519475,0.646092264614331,3.8516019989138615e-05,0.5075219482054957,0.03881894478759329,1.5185547806120643,0.5075219482054957,0.012300648373181733,0.0023251446635147804,0.013856767866767563
snow/s5,27776.0,0.08821418881416321,0.7102992534637451,0.08825484397235034,0.6577662625869518,2.5783451397687828e-05,0.5223390727656624,0.03796953396318159,1.4103158064790295,0.5223390727656624,0.013399607588658845,0.0038808819648322077,0.017282216505852665
snow/s5,27904.0,0.08832208812236786,0.6103251576423645,0.08826707018144443,0.6491406071424813,1.7259996390187716e-05,0.524768304909245,0.04349227841495991,1.418437144970373,0.524768304909245,0.011294365410589804,0.002597945778110816,0.013893467247719551
snow/s5,28032.0,0.08907820284366608,0.6665941476821899,0.08841454884730292,0.652313978149701,0.0028524633033686383,0.5253614272532962,0.04234178637339729,1.455231914565037,0.5253614272532962,0.012725980150890694,0.006904409983694017,0.014465874769134576
snow/s5,28160.0,0.08941255509853363,0.6572914719581604,0.08859600452934485,0.6532189770239664,0.004750409318783964,0.5366055835331982,0.04413838442485184,1.407103026711667,0.5366055835331982,0.01420086274563757,0.010303778584125747,0.015365585589255375
snow/s5,28288.0,0.08822735399007797,0.6719269752502441,0.08852897715856906,0.6566204312469259,0.0031800260729049675,0.5474901013734632,0.04174191219517454,1.4065809823683608,0.5474901013734632,0.012347271755344159,0.00689757078772054,0.01596787134487343
snow/s5,28416.0,0.0882406234741211,0.6602593660354614,0.08847654921594215,0.6572820557539324,0.0021287777843413415,0.5441875885227315,0.039397208158275146,1.3870009794597686,0.5441875885227315,0.010589909191594023,0.006941762262854244,0.013013616354832626
snow/s5,28544.0,0.08833881467580795,0.6617438197135925,0.08845150657228139,0.6580932855647796,0.0014250495911706498,0.5461090468623244,0.04075500155112758,1.4088018792686658,0.5461090468623244,0.012770930946438974,0.004646964820588378,0.014393412601168946
snow/s5,28672.0,0.08821607381105423,0.6254177093505859,0.08840870061569463,0.6521522717076534,0.00379486790813903,0.5530771305442006,0.03950006993466754,1.4198445090604235,0.5530771305442006,0.011390044683153362,0.005951687193947591,0.012476168766071771
snow/s5,28800.0,0.08821948617696762,0.652151346206665,0.08837429799047153,0.6521521034347464,0.0025403661203244744,0.537338822926283,0.03755370355343566,1.4195982164630097,0.537338822926283,0.0076247406556646455,0.00398418729512194,0.008351815454973663
snow/s5,28928.0,0.0882137343287468,0.6717265844345093,0.08834510459743067,0.6557110999801578,0.001700575667324648,0.5391999558432142,0.03742167657091231,1.3822772299829533,0.5391999558432142,0.005104165232304432,0.00266710058599072,0.005590884726056749
snow/s5,29056.0,0.08828859031200409,0.5945753455162048,0.08833482927280764,0.644595508259439,0.0011384018930024502,0.5066131935809945,0.03869970068897055,1.3932938006317124,0.5066131935809945,0.008582127138980652,0.0017854144418615562,0.008907947626533855
snow/s5,29184.0,0.08866061270236969,0.6511226892471313,0.08839406262363711,0.6457822684390193,0.0007620706887041194,0.49693734446331034,0.04110014167459091,1.3552701939321714,0.49693734446331034,0.005745060316177129,0.0011951947916593886,0.00596317155164663
snow/s5,29312.0,0.0882670134305954,0.6388903856277466,0.08837096277035679,0.6445291988369697,0.0005101464940911874,0.4809043380291581,0.040547229627894116,1.3503443107816386,0.4809043380291581,0.011335536244713614,0.003124469240697607,0.011481544592424602
snow/s5,29440.0,0.08823369443416595,0.6201430559158325,0.08834600489104935,0.6400953546694902,0.00266588319025939,0.4990971188459653,0.03796770054356673,1.415958538668574,0.4990971188459653,0.017402301122494235,0.004415967012367819,0.02034095133873052
snow/s5,29568.0,0.08821223676204681,0.6092962026596069,0.08832168341304888,0.6344955088495114,0.0046255085819091775,0.49293898038448913,0.038388441777161164,1.4380767553666645,0.49293898038448913,0.01733129248695895,0.005797052297535482,0.02213939717716671
snow/s5,29696.0,0.08823850750923157,0.6599024534225464,0.08830656052144573,0.6391149533173359,0.0030964148358234985,0.5231657637284596,0.03711750317580808,1.3831576632559892,0.5231657637284596,0.013926319763997311,0.0038806713727303635,0.017144968358268623
snow/s5,29824.0,0.0882575735449791,0.6324952840805054,0.0882976537984518,0.6379113770924576,0.002072806625633912,0.5121502220000431,0.03746765781584784,1.3917147961325786,0.5121502220000431,0.011646957858543652,0.004922184968521979,0.013801590388593042
snow/s5,29952.0,0.08820592612028122,0.6227924823760986,0.0882809760387844,0.6351624871440287,0.0013875812948458417,0.5042596527438304,0.040062256117219745,1.3749651334276332,0.5042596527438304,0.01012110402100856,0.0032950163838866135,0.011563461334512698
snow/s5,30080.0,0.08881215751171112,0.5904797315597534,0.08837755448840745,0.6270383497650696,0.003769785825475315,0.485547784068184,0.04488587031945673,1.3877071910233152,0.485547784068184,0.02227115227852639,0.007887572951196823,0.02607760634789693
snow/s5,30208.0,0.08821761608123779,0.6622391939163208,0.08834847477801296,0.6334385032471151,0.002523575635235541,0.5125361199134124,0.040763910473131285,1.3506985057349365,0.5125361199134124,0.014908787888930885,0.005280110818569774,0.01745691003454257
snow/s5,30336.0,0.08826399594545364,0.6002675294876099,0.0883331149902749,0.6274074171090233,0.001689335755818833,0.49625351828914377,0.037429378778729185,1.3902525779181145,0.49625351828914377,0.012304643132259516,0.003534619638877286,0.014010410849569816
snow/s5,30464.0,0.08821561187505722,0.629572331905365,0.08831175078750804,0.6278010379810854,0.0011308776547216978,0.4992998758795094,0.03556956071195573,1.3896175452192026,0.4992998758795094,0.008236992510024965,0.002366150336769092,0.00937887007285252
snow/s5,30592.0,0.08821170777082443,0.6164025068283081,0.08829356114811102,0.6257285777714895,0.0007570338019211364,0.4853267764152087,0.03517363495090638,1.3758128668631986,0.4853267764152087,0.007838399944727454,0.0015839518783330282,0.008602797321496315
snow/s5,30720.0,0.08821675181388855,0.6199281811714172,0.08827959581461603,0.6246739602078399,0.0005067746938480334,0.48733651974902403,0.034516894549967314,1.3046846513306765,0.48733651974902403,0.007571573516718377,0.001060331422685746,0.008083277545795053
snow/s5,30848.0,0.0883430615067482,0.6740610599517822,0.08829113503136733,0.6336534328885567,0.0003392458694354603,0.5000455214848839,0.033383983736509124,1.2427667196072896,0.5000455214848839,0.01255824342854701,0.0035507177292359127,0.012900789100904125
snow/s5,30976.0,0.08822449296712875,0.6448890566825867,0.08827901829241486,0.6356962735783803,0.00022709847458076264,0.5075201424816165,0.03335751496716961,1.2527003175411822,0.5075201424816165,0.008406757997622378,0.0023769267443645363,0.011476974522092842
snow/s5,31104.0,0.08827265352010727,0.6380908489227295,0.0882778610610862,0.6361316509137165,0.00015202459868629564,0.49831926893397466,0.03253608329484405,1.2627093046476114,0.49831926893397466,0.011309482626507541,0.004432074928045681,0.01336475153958281
snow/s5,31232.0,0.08823641389608383,0.6608827710151672,0.08827032521290396,0.6406318545685257,0.00010176853300487558,0.4911269486252226,0.032302577165906496,1.2884042611259592,0.4911269486252226,0.010411719774769509,0.005807835282410745,0.011787560947985186
snow/s5,31360.0,0.08830776810646057,0.6296620965003967,0.08827713301173243,0.6386373531015932,6.812604275532992e-05,0.5041325027987027,0.03292717241403267,1.3556925458960691,0.5041325027987027,0.009294209105424216,0.006212269899795622,0.012539606915593388
snow/s5,31488.0,0.08827493339776993,0.5935201644897461,0.08827673308192105,0.6304342278994391,4.560503688579936e-05,0.5012167993941729,0.0328990331206523,1.360239898094042,0.5012167993941729,0.008546123450738524,0.004158626957714424,0.010718662480686482
snow/s5,31616.0,0.0882507711648941,0.6031367778778076,0.0882720127333707,0.6254710551682333,3.052899163429544e-05,0.49668232025560327,0.03288239294751781,1.362202110937548,0.49668232025560327,0.005720958673634879,0.002783874244420399,0.007175302982938884
snow/s5,31744.0,0.08826158195734024,0.6218612194061279,0.08827011622863787,0.6248147213933051,2.043676299485893e-05,0.5094009747165608,0.03209241337286934,1.3896539463086912,0.5094009747165608,0.0038297326658216953,0.0018635852380004321,0.0071276821621326395
snow/s5,31872.0,0.08825574815273285,0.628243088722229,0.08826750385120058,0.6254380609076549,1.3680808285814654e-05,0.47943371034744975,0.032167803097387634,1.3682177373300595,0.47943371034744975,0.004888085503566589,0.003571904167587066,0.007095803761427634
snow/s5,32000.0,0.08821389079093933,0.6034268736839294,0.08825775602206216,0.6214360268669775,9.158227034305677e-06,0.4609225664309374,0.03380766025537185,1.297783793325085,0.4609225664309374,0.011794916742056972,0.005232018492351671,0.01327281078244329
snow/s5,32128.0,0.08827275782823563,0.5547966957092285,0.0882604836231846,0.6093197848382959,6.130713965113717e-06,0.4469812221562473,0.03271768188096181,1.3883818401655181,0.4469812221562473,0.01022015087691417,0.00350242560231806,0.011209484903949638
snow/s5,32256.0,0.08927615731954575,0.6111305952072144,0.08844515156797753,0.60964902308719,4.1040316625967846e-06,0.46605767764178535,0.03799770742449425,1.3537244362563552,0.46605767764178535,0.009682497694463204,0.005185508047832751,0.010344779150577856
snow/s5,32384.0,0.08901940286159515,0.6262547373771667,0.08854956089408982,0.6126682438671858,2.7473269807466074e-06,0.4635902635453273,0.052882316606206854,1.2979544790301634,0.4635902635453273,0.01965315961364892,0.00863657976755746,0.022937414142122366
snow/s5,32512.0,0.08847637474536896,0.5698306560516357,0.08853625432159512,0.6048795915370858,1.8391197143840922e-06,0.45212447394356614,0.049003590254695084,1.282843776419822,0.45212447394356614,0.01599715643558316,0.008622421166712017,0.01819570698770175
snow/s5,32640.0,0.08817902952432632,0.584506630897522,0.08847130435845534,0.6011754168753469,0.00232561131154434,0.4475482015655277,0.05087180505693435,1.316030284408368,0.4475482015655277,0.013033220423820128,0.008096414169451845,0.014504977404990424
snow/s5,32768.0,0.08827323466539383,0.5899125337600708,0.0884352916869896,0.5991276199452966,0.004397723274670178,0.4488752423703119,0.04467413436615589,1.2872467966458572,0.4488752423703119,0.016730916151482894,0.011101731799385117,0.017716141899208462
snow/s5,32896.0,0.08822301775217056,0.550518274307251,0.0883966964261134,0.5902895571020156,0.0029439304565973914,0.4513131787768203,0.04183717817156554,1.2568365826899774,0.4513131787768203,0.015848795109670365,0.007431737816117309,0.01883270656062715
snow/s5,33024.0,0.08824416995048523,0.5520943403244019,0.08836896433963555,0.5833449722333586,0.0019707303056561046,0.4415815494291111,0.03754386382837041,1.2621787465228622,0.4415815494291111,0.010609523999035532,0.004974964984342991,0.012607018441411561
snow/s5,33152.0,0.08825929462909698,0.6038574576377869,0.0883490243922649,0.5870745150341636,0.0013192492128772267,0.4518541777170082,0.03592242198137002,1.2499543233069939,0.4518541777170082,0.007102243338197339,0.0033303484605932414,0.008439409039292035
snow/s5,33280.0,0.0892912819981575,0.5794020891189575,0.08852034395697264,0.5856795285041261,0.003724042861512854,0.44943337516593107,0.046332015039897166,1.2159609200800137,0.44943337516593107,0.016118030664413096,0.013593043184364072,0.017013158117212025
snow/s5,33408.0,0.0883605033159256,0.5876569747924805,0.0884912820222368,0.5860390641929177,0.002492954312252406,0.4426475486647968,0.04263933059460263,1.1544345308448811,0.4426475486647968,0.018795954411714548,0.009099475189532972,0.01939517196276177
snow/s5,33536.0,0.08824087679386139,0.5731037259101868,0.08844575379889581,0.5836871845051484,0.0016688371842350817,0.44430331770122755,0.0381243769321883,1.1709288999213174,0.44430331770122755,0.01258241576321387,0.006091384217786534,0.01298354486763391
snow/s5,33664.0,0.08823563158512115,0.5589606165885925,0.0884075497600277,0.5791914448839565,0.0011171554704383602,0.43869684903966466,0.035184021424260005,1.17347849353503,0.43869684903966466,0.008422939477853912,0.00407770348463396,0.008691463919655756
snow/s5,33792.0,0.08825556188821793,0.6067261695861816,0.08837991560151683,0.5841977584661792,0.0007478478769050178,0.45147268406787466,0.03263813043643544,1.1661818691269108,0.45147268406787466,0.008479405766166667,0.005570611423597939,0.008659161797455505
snow/s5,33920.0,0.0882975161075592,0.595070481300354,0.08836493387534271,0.5861746171633018,0.0005006254382587308,0.4409135323098995,0.03133145792308345,1.1898804963145861,0.4409135323098995,0.00851720551288843,0.0037290869860449006,0.01147844715366856
snow/s5,34048.0,0.08823716640472412,0.6121124029159546,0.08834170342613933,0.5908905782092386,0.00033512942561121645,0.4403016208024947,0.03067702509933714,1.121089881200149,0.4403016208024947,0.00854250947556994,0.0024963309576003048,0.010524828259893829
snow/s5,34176.0,0.088260218501091,0.562232255935669,0.08832688798522144,0.5856799741594987,0.00022434283863230188,0.4502225726033229,0.031178427503694706,1.1276139535574126,0.4502225726033229,0.005718539401001364,0.0016710975831869806,0.007045546190507438
snow/s5,34304.0,0.08826667815446854,0.587962806224823,0.08831594074326636,0.5860950345350122,0.00015017991677038388,0.45221511058569547,0.02995989126083081,1.1314646773787476,0.45221511058569547,0.006152493318025706,0.0034430487953565733,0.007040820177116549
snow/s5,34432.0,0.08824988454580307,0.558915376663208,0.08830393052554576,0.5811532785583206,0.00010053366329257102,0.43185474344992836,0.029244248835546483,1.1594674559610139,0.43185474344992836,0.0041186112294221665,0.0023048508464783668,0.007037656482201987
snow/s5,34560.0,0.08828147500753403,0.5964223146438599,0.08829984770408908,0.5839294669375095,0.002391679559724779,0.45154119189623293,0.031082553527182123,1.2193043292277617,0.45154119189623293,0.007922376112257812,0.006708205938551634,0.009876447727755047
snow/s5,34688.0,0.08825720101594925,0.6190536618232727,0.08829209376079092,0.5903156841894664,0.0016010416887413806,0.45516393837681707,0.029243742810263516,1.162128614096765,0.45516393837681707,0.005303408802420518,0.004490617198534564,0.006611506330150073
snow/s5,34816.0,0.08826760947704315,0.5393794178962708,0.08828764207283678,0.5810545448634308,0.0010717717089921636,0.42763040502910893,0.027734356981602225,1.1493176039866415,0.42763040502910893,0.0035502158098848088,0.003006115645299997,0.007266793493736825
snow/s5,34944.0,0.08826085925102234,0.5726171135902405,0.08828277246887052,0.5795204664501235,0.0007174670118046715,0.4270191141103952,0.03083231361139773,1.125915866878207,0.4270191141103952,0.004700970914055119,0.002012358407184295,0.007188927875972585
snow/s5,35072.0,0.0883338451385498,0.5382777452468872,0.0882920584088122,0.5720217898677169,0.0004802878343485817,0.41782891109869424,0.030836463444632412,1.0961516205988031,0.41782891109869424,0.005987840033375741,0.004188025049437421,0.010494240974824622
snow/s5,35200.0,0.08840890973806381,0.5320976972579956,0.08831330410503976,0.5647628639386766,0.0003215149965473976,0.40367059338011757,0.03290565180203287,1.0552623602528364,0.40367059338011757,0.004008388782673016,0.002803553958714306,0.007025070404634664
snow/s5,35328.0,0.08854980021715164,0.5760163068771362,0.08835630339815101,0.566808944472942,0.0002152290472755306,0.3921265955685084,0.03230375412829802,1.0856724617526372,0.3921265955685084,0.010689499928896812,0.007558577443436849,0.01270893142789593
snow/s5,35456.0,0.08826474100351334,0.5858129262924194,0.08833965569003506,0.5702642138946651,0.0001440789490026279,0.43295251438883614,0.030067857649370238,1.0720690188733677,0.43295251438883614,0.012837599125955716,0.005059874156350287,0.01418944996412868
snow/s5,35584.0,0.0882515087723732,0.5514816045761108,0.08832362897773291,0.5668491940185643,9.644954437365998e-05,0.4143111873181464,0.03179734207638023,1.0589475647576938,0.4143111873181464,0.011434673795061263,0.00338718848482953,0.012339631794168783
snow/s5,35712.0,0.0882590115070343,0.5553593635559082,0.08831188034669679,0.5647601339344449,6.45653974732765e-05,0.4186194725022302,0.029591209835773107,1.0561201307181083,0.4186194725022302,0.007654616342148448,0.002267456754307371,0.008260414672129514
snow/s5,35840.0,0.08828971534967422,0.5060861110687256,0.08830785034723813,0.5540921297770414,4.322146442425947e-05,0.40265022539405493,0.02988730295182421,1.0789144196566869,0.40265022539405493,0.009772924989372102,0.0015178842735446036,0.010178459408615625
snow/s5,35968.0,0.08826249092817307,0.4811880588531494,0.0882996031801354,0.5408368441545155,2.893337701128113e-05,0.4079724649332103,0.02807609153542419,1.0899060941883776,0.4079724649332103,0.009383115075530083,0.0038570134393149822,0.009654588529734425
snow/s5,36096.0,0.08831485360860825,0.5811702013015747,0.08830237598531226,0.5481701818176171,1.93686242802791e-05,0.4334877657817358,0.03096723138284695,1.0729418081267288,0.4334877657817358,0.009122167943123444,0.0025819676742521776,0.009303898106681722
snow/s5,36224.0,0.08826887607574463,0.525703489780426,0.0882962850926636,0.544085328719946,1.296577327853394e-05,0.4144112316390132,0.03012184407907683,1.0302117127525843,0.4144112316390132,0.006106575234652883,0.00172842464144154,0.006228229311084458
snow/s5,36352.0,0.08829255402088165,0.473743736743927,0.08829560671597597,0.5312959483606697,8.67956723604338e-06,0.39079388233686,0.0285212853854217,1.0738440342565139,0.39079388233686,0.004087872677742839,0.005805804925262519,0.00416931053056067
snow/s5,36480.0,0.08825241774320602,0.47905802726745605,0.08828775417547234,0.52179814452554,5.810288810905072e-06,0.3708516898288071,0.02900325882839659,0.9966341879523823,0.3708516898288071,0.00273650980906752,0.009051819826002182,0.0056319351485571425
snow/s5,36608.0,0.08826794475317001,0.5052542686462402,0.08828415246232646,0.51879016709294,3.889532179200915e-06,0.3722230320341601,0.02745161198559932,0.9997818857112202,0.3722230320341601,0.001831878467227017,0.0060594826934394766,0.0037701384052324666
snow/s5,36736.0,0.08826707303524017,0.5288197994232178,0.08828104711194712,0.520613736607536,2.603736417481604e-06,0.38192202970881783,0.026566069064690893,1.0056022832248923,0.38192202970881783,0.001226298808639573,0.0040563479187487395,0.0025238116597010724
snow/s5,36864.0,0.08829807490110397,0.5472078323364258,0.088284143073612,0.5254490267400613,1.7429971059174371e-06,0.3930635074910268,0.0258312500565053,0.9767119046953752,0.3930635074910268,0.0008209107727256644,0.002715406458005354,0.00168949375566766
snow/s5,36992.0,0.08826528489589691,0.48672446608543396,0.08828071431402744,0.518408197530129,1.1667997155315074e-06,0.3726292901386212,0.026352826950022074,0.9805194820168114,0.3726292901386212,0.0033904444015766845,0.0018177514305655676,0.003971892514124632
snow/s5,37120.0,0.08824709802865982,0.4804438352584839,0.08827460226214241,0.5115055862080117,7.810808013062156e-07,0.3648902686051927,0.03291583728250515,0.9936795434194837,0.3648902686051927,0.00459401650022902,0.009223040213849678,0.007824159451604092
snow/s5,37248.0,0.08826684951782227,0.5083162784576416,0.08827319267226602,0.5109257120715808,5.228722719487889e-07,0.37262282443818684,0.03068485228097379,0.9771585952709206,0.37262282443818684,0.0053997135249466985,0.008498481465469618,0.007562040624627532
snow/s5,37376.0,0.08826778084039688,0.5006320476531982,0.08827220870283527,0.5090541367227839,3.500219341144785e-07,0.3666937915660589,0.02818585721240811,0.9827433885367753,0.3666937915660589,0.0036146842605015083,0.005689066104983793,0.007386572649544049
snow/s5,37504.0,0.0882326140999794,0.4855811893939972,0.0882650096841342,0.5047863281175499,2.3431220382870044e-07,0.3591090670814113,0.02963068459763804,1.000613433401607,0.3591090670814113,0.0024197473148811744,0.003808383095071795,0.004944730451347668
snow/s5,37632.0,0.0882890373468399,0.47421717643737793,0.0882693783500807,0.49922830053933676,1.5685362405061763e-07,0.3344035903602836,0.02803536590269684,0.993934877686811,0.3344035903602836,0.003944211012441116,0.0048737936421554984,0.005634488979827777
snow/s5,37760.0,0.08826617896556854,0.46024289727211,0.08826879664380576,0.4921400453998409,0.002841014092095439,0.32587141172878487,0.026664029857577848,0.9704527868533439,0.32587141172878487,0.005481248694278763,0.006103531281112358,0.009453666176578925
snow/s5,37888.0,0.08826302736997604,0.4448244571685791,0.08826774768492762,0.4835372111759751,0.0019018358798324837,0.31912673016555015,0.025815786196640527,0.9237074240426787,0.31912673016555015,0.0036692656548477664,0.004085834989835545,0.006328487275230519
snow/s5,38016.0,0.08825500309467316,0.4680935740470886,0.08826543048669953,0.48072927715254116,0.004114038894763894,0.32106830697032684,0.03361074994403438,0.9657425983343128,0.32106830697032684,0.0076215745292782565,0.005576054827906439,0.009401714622261751
snow/s5,38144.0,0.088208869099617,0.5071333646774292,0.08825514659813907,0.4855300203388844,0.005078406202279962,0.3577502716082353,0.03596187924815468,0.9402158644500528,0.3577502716082353,0.010267335015467262,0.011738929264962162,0.011458999044654559
snow/s5,38272.0,0.08843724429607391,0.4709579050540924,0.08828825527049086,0.4828805448325586,0.003399594234584106,0.33762621487824007,0.035729153030120094,0.91436519120593,0.33762621487824007,0.00919755484506486,0.010182671656710206,0.00999528035220677
snow/s5,38400.0,0.08938837051391602,0.48272669315338135,0.08848827622384088,0.48285257179998087,0.002275761429762914,0.35333862318295406,0.03420322109404365,0.857005895452656,0.35333862318295406,0.008481421011985566,0.01198178846440931,0.009015435607675605
snow/s5,38528.0,0.08826374262571335,0.4303721487522125,0.08844745193327223,0.4733106767003866,0.0015234436017421157,0.3470696568414816,0.03070451461871431,0.858318316406402,0.3470696568414816,0.005677645470833312,0.010345246823282264,0.006035126315882016
snow/s5,38656.0,0.08826937526464462,0.46240556240081787,0.08841507435715812,0.47132792864591955,0.001019825882157945,0.3441643983814876,0.02829131822748595,0.8757208896469627,0.3441643983814876,0.008966027133367754,0.014931528865172423,0.009205332492449944
snow/s5,38784.0,0.08827448636293411,0.431148499250412,0.08838951290366284,0.46402257784673634,0.0006826933591305251,0.3303393906520702,0.02756310234779601,0.8737741089196539,0.32749848156116107,0.0083264313867999,0.009995486265115422,0.008486627536268143
snow/s5,38912.0,0.08827774226665497,0.4773479700088501,0.08836919096966141,0.4664453764216661,0.0004570096040460539,0.3257333937422949,0.026336962918971953,0.9001083402617693,0.3238316281525128,0.007898272250667701,0.006691193284911976,0.008005510995353054
snow/s5,39040.0,0.08829493820667267,0.39158859848976135,0.08835569046729982,0.4528350531613198,0.00030593204898950714,0.3107698751498007,0.02658566690044079,0.8436768399220012,0.30949679239961597,0.0052872731595378815,0.004479228562627024,0.005359061079533861
snow/s5,39168.0,0.08828414231538773,0.45100730657577515,0.08834268171240671,0.4525027356003116,0.00020479748734008324,0.31831495774490787,0.024663322998232283,0.8134387843781639,0.3174627287964371,0.0035394142638228787,0.002998491847708999,0.0035874706400185344
snow/s5,39296.0,0.08827473223209381,0.4592059552669525,0.08833032726144072,0.4537215028124281,0.0001370958386326177,0.3249153849366738,0.024986018104862555,0.8360075493743008,0.3243448845662099,0.004693740127021927,0.0043316350385489985,0.004725910097863647
snow/s5,39424.0,0.08828767389059067,0.4650847911834717,0.08832257210310435,0.45578755524352693,9.177490024166968e-05,0.33346608413116174,0.02638455696625176,0.7828666523035634,0.33308417892448755,0.005466470663543603,0.0057405986621691645,0.005488005933280623
snow/s5,39552.0,0.08834610879421234,0.4210462272167206,0.08832685150148761,0.44947095014774396,6.143609024442349e-05,0.3262768827654884,0.02623895651262454,0.8187634565201654,0.3260212272139131,0.005983753088818444,0.006167260261452085,0.005998169261121738
snow/s5,39680.0,0.08827890455722809,0.40178626775741577,0.08831813387525861,0.440801007894957,4.112663892395291e-05,0.31888163226450045,0.025757034263669754,0.8425386820935903,0.3187104909448508,0.006846561985076809,0.006969405629567098,0.0068562124805856255
snow/s5,39808.0,0.08835310488939285,0.4384169578552246,0.08832449224146482,0.44036754425136926,0.0023519112210978526,0.33252613399524406,0.02516814734632322,0.8329804860289427,0.33241156831845375,0.009748524965216707,0.009830759140454007,0.009754985214276328
snow/s5,39936.0,0.0882708951830864,0.45527756214141846,0.08831474732175965,0.44307845659501455,0.0044153289992473225,0.32668071779846913,0.02453426077335157,0.8603056199143232,0.3266040250726839,0.01169116134035168,0.01691149992046921,0.01169548596988746
snow/s5,40064.0,0.08827640861272812,0.3878847360610962,0.08830777664739028,0.43304323467975664,0.005796625197843248,0.31192056315434713,0.024269809522896042,0.8358631637060132,0.3118692233957635,0.01066722370717757,0.014161830525272777,0.010670118707114744
snow/s5,40192.0,0.08828016370534897,0.4302763342857361,0.08830275611247368,0.43254016188084377,0.0038803854630190334,0.3087546745082819,0.02349380533961382,0.8045373654360961,0.30872030657071775,0.007140868762656059,0.009480233657414006,0.007142806737820613
snow/s5,40320.0,0.0893808975815773,0.3808358907699585,0.08849878183412888,0.42313938531522827,0.0025976134091284433,0.29217255070389114,0.027159601367168683,0.7782659737331697,0.2921495440680011,0.007104631155166453,0.011511561373971357,0.0071059284773840456
snow/s5,40448.0,0.08836705982685089,0.3889387845993042,0.08847483237826015,0.4169210942759693,0.0017388982325570567,0.28287997195880316,0.027047543030623376,0.7567384814863898,0.28286457082238087,0.004755992756764319,0.010546995630509752,0.004756861212133121
snow/s5,40576.0,0.08825521171092987,0.396489679813385,0.08843490134783646,0.4132062916464085,0.006845874023447286,0.2787254357740748,0.027327021947684906,0.7402175229995418,0.2787151259224202,0.01454740010990008,0.018424021868357766,0.014547981472584981
snow/s5,40704.0,0.08828325569629669,0.38624244928359985,0.08840732941119286,0.40830377485317054,0.0045827751727209095,0.2813678537000005,0.025116608113590882,0.6902279602093196,0.2813609520637689,0.009738342222329804,0.012333436126751892,0.009738731399003168
snow/s5,40832.0,0.08831208199262619,0.38253262639045715,0.08839001169872619,0.40361811149631355,0.0030678081734743273,0.28236195165041356,0.024410027374036254,0.6832862106194003,0.28235733154682047,0.0065190555372620996,0.008256267159230604,0.006519316060489722
snow/s5,40960.0,0.08828187733888626,0.38801366090774536,0.08837035090602802,0.4007809386620284,0.0020536567111687646,0.28018651308829334,0.023249113737024374,0.6573227358140418,0.2778590401263839,0.004363995855522562,0.005526922643782469,0.004364170255369153
snow/s5,41088.0,0.08830374479293823,0.441209077835083,0.08835824070364805,0.4081315094207656,0.0013747619306171065,0.28751121950538644,0.022861367607384983,0.7055123419591771,0.28595315909286856,0.0029213525974985744,0.006540749868978346,0.002921469344503317
snow/s5,41216.0,0.08871971070766449,0.40951764583587646,0.08842396252256013,0.40838353422351303,0.0009202951766940961,0.29422238661104383,0.02581236953935573,0.667188480417055,0.29317938749192024,0.004796525292540368,0.007219427598241702,0.004796603445493956
snow/s5,41344.0,0.08833824843168259,0.36052536964416504,0.08840837814240057,0.3996820497545407,0.0006160653662167088,0.26772325054127727,0.02455650190574123,0.6867796749823175,0.2670250445193846,0.003210897096659254,0.007157220127748576,0.0032109494139257056
snow/s5,41472.0,0.08829452097415924,0.3688153624534607,0.08838767683908397,0.3940699247907079,0.0004124073939136645,0.2634139115193674,0.023323464884166683,0.7078488183803002,0.2629465174055384,0.004473823676276029,0.009956486201220121,0.004473858698578365
snow/s5,41600.0,0.08826439082622528,0.34462422132492065,0.08836526120038239,0.3850797968878375,0.0026004545364215438,0.23754361019065084,0.02584284154424807,0.6911814824737775,0.23723072652767446,0.007643634031226101,0.011313846134701072,0.0076436574759078295
snow/s5,41728.0,0.08831385523080826,0.3596932888031006,0.0883559146604598,0.380464068145158,0.0017408001442160744,0.24114489607803896,0.025971126374612904,0.6727355822845358,0.24093544503092257,0.007441193029167885,0.009898111875295757,0.007441208723541605
snow/s5,41856.0,0.08828247338533401,0.35177820920944214,0.08834256170134602,0.37524845742957325,0.0011653290221611736,0.23658253373819133,0.02444733695450124,0.670251274978202,0.2364423227066506,0.004981294507128914,0.009466917866933522,0.004981305013279916
snow/s5,41984.0,0.08851449191570282,0.3312557339668274,0.08837382174031999,0.3672497804363467,0.0007800962875624385,0.23533624159333463,0.024292453923770416,0.6596507206344209,0.2352423813160223,0.003334585579152413,0.006337358241500952,0.003334592612195646
snow/s5,42112.0,0.08827950060367584,0.305846244096756,0.08835667244274832,0.35608550110187565,0.0033631223082029546,0.20970855842198433,0.023551996201809106,0.6609324929122029,0.20964572633551903,0.00507315232984583,0.009407653037698985,0.005073157037916094
snow/s5,42240.0,0.08829273283481598,0.37648719549179077,0.0883450470594879,0.3597949000818602,0.002251346338549085,0.22251151431554322,0.022048897088422954,0.65616850951266,0.22246945316675237,0.003396077179483572,0.006297685091352212,0.003396080331166971
snow/s5,42368.0,0.08830032497644424,0.31293267011642456,0.08833691577166176,0.35127449463359917,0.001507099615061784,0.21894365834346277,0.02309962837048487,0.6600929430377622,0.2189155017066689,0.005114316128414622,0.007056714813219249,0.005114318238219211
snow/s5,42496.0,0.08828983455896378,0.37701261043548584,0.08832835555117122,0.355954152052124,0.001008884866281029,0.22817715971752464,0.022326967572131217,0.6689453660550387,0.22815831105983617,0.005748013276046151,0.007048296693146769,0.005748014688394678
snow/s5,42624.0,0.08828470855951309,0.31541264057159424,0.0883204197345061,0.34858296814657314,0.0006753692080063086,0.2077570242737148,0.02330644737920186,0.6364704453151386,0.20774440657724566,0.006688752688923456,0.007559190348304861,0.006688753634379908
snow/s5,42752.0,0.08828531950712204,0.3134424686431885,0.08831403787498172,0.34219378641868503,0.0004521066599050494,0.2051927187286851,0.022569408785830736,0.6286042520980842,0.20285989200625532,0.004477594775229751,0.005060284448038791,0.004477595408138616
snow/s5,42880.0,0.08842969685792923,0.30016255378723145,0.08833506678097218,0.3345517441220571,0.000302649912829,0.19469512576052472,0.02461046037918604,0.6505787070100016,0.19313348142567502,0.0053217783206083455,0.005711843308191257,0.005321778744291139
snow/s5,43008.0,0.08828820288181305,0.29027777910232544,0.08832654607203416,0.3265019323002877,0.00020260035486899995,0.19076698501324382,0.022971360843991807,0.5986990223704824,0.18972158673950146,0.0035625127600766608,0.006148010809615634,0.0035625130436990264
snow/s5,43136.0,0.08895739167928696,0.2803936004638672,0.08844124527335284,0.31811859923912034,0.0001356250309453636,0.17625723790142767,0.027263002810981166,0.5691141319674754,0.17555742583388112,0.005225731682365368,0.0069565196328831925,0.005225731872228273
snow/s5,43264.0,0.08829716593027115,0.32355400919914246,0.08841504902915617,0.31910685559548796,9.079030997168966e-05,0.18074864685963335,0.02448097671577925,0.5160380327870717,0.18028017762433363,0.006339126167533841,0.009822132977384617,0.006339126294632149
snow/s5,43392.0,0.08829107880592346,0.3096733093261719,0.0883925089885684,0.3173916653647032,6.077698436121374e-05,0.1860796726911595,0.022803553526007204,0.5274189803043605,0.18576606931876877,0.006567927434464802,0.008899527034447552,0.006567927519547141
snow/s5,43520.0,0.08828672021627426,0.28159216046333313,0.0883732746663331,0.310882664473545,4.068541928312654e-05,0.1824169709750737,0.022081283111190075,0.5039756645645712,0.18220703813901049,0.004396711753649991,0.008281914791654972,0.006721091975895193
snow/s5,43648.0,0.08828994631767273,0.3149498701095581,0.08835812405748576,0.31162215640736557,2.7235693900274787e-05,0.1985601210659584,0.020877681838284156,0.520890995113619,0.19841958751454417,0.002943253322691316,0.005544091720033493,0.004499243388822401
snow/s5,43776.0,0.08829189091920853,0.26903170347213745,0.08834608166870808,0.3038784376918695,1.8232158726630226e-05,0.18508983311026966,0.021470360230164978,0.528670099025702,0.18499575693122375,0.001970277017669393,0.0037113341266339908,0.0030118902024348303
snow/s5,43904.0,0.08844926953315735,0.29684436321258545,0.08836484309860795,0.3025995150592724,1.2204998817000397e-05,0.18795269819778382,0.02334975934743994,0.495642894541795,0.18788972158205886,0.004159854863067941,0.008166264993862422,0.004857133110720837
snow/s5,44032.0,0.088303342461586,0.28749561309814453,0.08835366116460396,0.29985335106634003,8.170288464272991e-06,0.17411502937207016,0.0229986079447139,0.4956171950762065,0.17407287147228734,0.0027846962306487867,0.005466673260354183,0.0032514692724660145
snow/s5,44160.0,0.08830680698156357,0.30774444341659546,0.08834514222223297,0.30128809513002286,5.469366657901753e-06,0.1764736973482453,0.02307199892091863,0.5014832884534921,0.17644547594425844,0.0018641354932442287,0.0036595085461875107,0.0021766033972706374
snow/s5,44288.0,0.0882968157529831,0.2725358009338379,0.08833635559146025,0.29606040527617106,0.0023280414768536368,0.18295966516700718,0.021657804124015183,0.49207696171473764,0.18294077315276802,0.00641318161118002,0.007615042911084201,0.006622354340321666
snow/s5,44416.0,0.08831488341093063,0.2591198682785034,0.08833245155863667,0.28934394400386787,0.0015584409886375582,0.17128911469857505,0.022093870195385727,0.47111290373105763,0.17127646797829923,0.004293121574426294,0.0050976733537009935,0.004433146293934338
snow/s5,44544.0,0.08832711726427078,0.27862510085105896,0.08833148168693378,0.28739506343062987,0.0010432538849557207,0.16683403545937667,0.020932144578606544,0.4398059823537345,0.16682556947307633,0.0028739078308142956,0.0034124920797502516,0.002967643386848606
snow/s5,44672.0,0.08828742802143097,0.2485041320323944,0.08832347192956963,0.28032398499458705,0.0006983765676149866,0.15171327993561579,0.022133164193275243,0.45159045235544404,0.15170761262247257,0.0019238556553384952,0.002284395524460912,0.0019866042507003063
snow/s5,44800.0,0.08829294145107269,0.279186487197876,0.08831792093347927,0.2801171672133668,0.0004675082808001149,0.1480477328494618,0.021747435076994146,0.44617707107633814,0.14804393902826674,0.0036122504800199843,0.0038536036155482137,0.0036542557380721055
snow/s5,44928.0,0.08830741792917252,0.2843513488769531,0.08831601129633258,0.28088701842492797,0.003153869179709168,0.17245344099840004,0.02244545133860116,0.4402922228108266,0.17012652116768268,0.0052590271808398235,0.005420594155862853,0.0052871464031722356
snow/s5,45056.0,0.08855722099542618,0.2381664216518402,0.08835986760525869,0.27311963719345744,0.0021112677979871286,0.16012379108157357,0.023086867308489183,0.4184465623801437,0.15856610094696114,0.0035205057987440134,0.0036286622035114962,0.0035393294103880247
snow/s5,45184.0,0.08829929679632187,0.2698192596435547,0.08834885473090653,0.27251956854802056,0.001413328030057499,0.1655580750215492,0.02137926587384929,0.387734866478345,0.16451532377441197,0.0023567022289112814,0.002429104450284555,0.0023693031590200824
snow/s5,45312.0,0.0883021205663681,0.2892839312553406,0.08834035761008135,0.27556763449480604,0.0009461121523525405,0.1632558188160784,0.02048450775158645,0.3799364310930122,0.16255777872501956,0.0039020072772050726,0.003950474879942553,0.003910442610583691
snow/s5,45440.0,0.08826850354671478,0.24987676739692688,0.08832729323492379,0.2708965677497371,0.000633347804467403,0.1516423249925814,0.026660920560047277,0.40549497921015754,0.151175041956418,0.002612087516145544,0.002644532770870634,0.002617734309564289
snow/s5,45568.0,0.08830434828996658,0.2371155023574829,0.08832312142674975,0.26475455586023633,0.0004239766294368565,0.13250436631734785,0.027511593133001822,0.43444491817097525,0.13219155701214758,0.0017485875108081742,0.0017703070614919119,0.0017523675956587388
snow/s5,45696.0,0.08829893171787262,0.23647063970565796,0.08831872329786299,0.259612025650313,0.00028381906598665596,0.13002358406367914,0.02473167791480641,0.40293683139391123,0.12981418279325582,0.0011705420526897693,0.0011850815866185525,0.001173072522713701
snow/s5,45824.0,0.08829689770936966,0.22817866504192352,0.08831475500904601,0.25389686917606036,0.000189994581362968,0.12164801908395048,0.02429538061104041,0.39037089388565066,0.1215078413739977,0.0007835860022138124,0.0007933190786454772,0.0007852799532215684
snow/s5,45952.0,0.08830300718545914,0.2457994818687439,0.08831261904112112,0.25242461693836643,0.00012718645529256534,0.12275611194876024,0.022107909146125943,0.36606291027770743,0.12266227397763482,0.0005245493072670975,0.0005310648377709391,0.0005256832744706366
snow/s5,46080.0,0.08832364529371262,0.21113887429237366,0.08831462381431956,0.24491811827545862,0.0029260504370140312,0.11884913279214526,0.023022635124088007,0.3567171908315228,0.11594540654701173,0.003192053668501115,0.003196415304623521,0.0031928127705134015
snow/s5,46208.0,0.08850691467523575,0.2735070288181305,0.0883495857890316,0.25011610201048984,0.0019587610363482355,0.12837214674515507,0.02331459544372308,0.36514188991153923,0.12642833000254503,0.0021368293152776055,0.004464129253508307,0.002137337474475913
snow/s5,46336.0,0.08831679075956345,0.24810758233070374,0.08834362305640102,0.24975091661416507,0.0013112367268116286,0.12777391641617816,0.021322523168625217,0.3862008363615497,0.12647268372071194,0.001430439458987488,0.0029883840457369656,0.001430779631673958
snow/s5,46464.0,0.08829054236412048,0.2179737687110901,0.08833397202144092,0.24397325335906053,0.003718679131171421,0.12866477049347463,0.02045917639115005,0.3554626584705677,0.12779369736675758,0.003798476001470963,0.004841397584336315,0.0037987037203767817
snow/s5,46592.0,0.08833228796720505,0.22757984697818756,0.08833366582976165,0.2409926340170836,0.002489363715908141,0.12125492900802845,0.020947937810820196,0.3631309629908723,0.12067181393973027,0.005383690546439239,0.008922753754803649,0.005383842986367928
snow/s5,46720.0,0.08830121159553528,0.2212706357240677,0.08832776505990231,0.23740681614562614,0.0016664335618889207,0.12068511776570498,0.02027031644806512,0.35696394965336115,0.11797038784395165,0.0036039581343932092,0.00597308309205864,0.003604060180957042
snow/s5,46848.0,0.088289275765419,0.1754702627658844,0.08832076700635988,0.22614562462203672,0.0011155464339917568,0.10196689701671159,0.020760627317497966,0.33846167704849833,0.09730868938314119,0.0024125670155855363,0.006839419259973139,0.0024126353277481023
snow/s5,46976.0,0.08830054104328156,0.21152465045452118,0.08831708955852745,0.22348726568248842,0.0007467707533333248,0.10751503023432758,0.020184239613563696,0.3184222779730907,0.10207234578540857,0.0016150242005159372,0.004578454215353919,0.0016150699301454238
snow/s5,47104.0,0.08830730617046356,0.21684172749519348,0.08831531076069765,0.22227898601207113,0.0004999043885950355,0.09960716899983911,0.01913119454580579,0.3358234572401191,0.09596371907948836,0.0010811319028247181,0.003064915631765846,0.0010811625152213167
snow/s5,47232.0,0.08830386400222778,0.2249840945005417,0.08831322953188495,0.22277082391906575,0.0003346467394727097,0.10748496437179311,0.018851544660907864,0.3094308608222222,0.10504596070610377,0.0007237329266843154,0.002051720381595318,0.0007237534192803854
snow/s5,47360.0,0.08830474317073822,0.20691484212875366,0.088311686557131,0.219887918139009,0.0002240197181594172,0.10346100920756396,0.018224554982306313,0.31268859821681594,0.1018282877454083,0.0033253914633175996,0.0070552838918117415,0.0033254051815017455
snow/s5,47488.0,0.08834770321846008,0.1833125501871109,0.088318235041009,0.21323785123866387,0.00014996361298275033,0.09043670864308,0.01851792343800933,0.29636440094575384,0.0893437298130419,0.002226088500237401,0.004722958638320256,0.0022260976834846393
snow/s5,47616.0,0.08829835057258606,0.18472883105278015,0.08831461968311391,0.20805439302304865,0.00010038886488927913,0.08869110248007833,0.019067932505334974,0.3003127486841633,0.08795943896575531,0.0014901914753655328,0.0031616499975532287,0.00149019762282856
snow/s5,47744.0,0.088304802775383,0.16227832436561584,0.0883128347907992,0.19973147144896997,6.720246327298849e-05,0.07538412645360615,0.0182125870021658,0.277847075772907,0.07489433517542296,0.00099756619425296,0.00211647644464307,0.0009975703094968044
snow/s5,47872.0,0.08831749856472015,0.18984507024288177,0.08831368274969391,0.19793394395695393,0.0028858958638439017,0.08093896068381898,0.019276796504428748,0.2831058860918927,0.07544579462156413,0.0035087013366486754,0.004257723900959411,0.0035087040914813317
snow/s5,48000.0,0.08830098062753677,0.23138411343097687,0.08831137327293806,0.20401579295223082,0.0019318807022426117,0.09731244475528378,0.01874798109741769,0.30341964061035664,0.09131082119294787,0.002348800068335063,0.0028502118675843985,0.002348801912479238
snow/s5,48128.0,0.08830686658620834,0.19591854512691498,0.08831055387535083,0.20254356607490065,0.001293242453567368,0.09613477706758665,0.017755439374199967,0.2894710069757593,0.08746840096387419,0.001572337235827604,0.0019079930683829442,0.001572338470337341
snow/s5,48256.0,0.08833375573158264,0.17732718586921692,0.0883147723946657,0.19795876967386725,0.0008657242870988165,0.09018113175598774,0.022484266519558562,0.26750523363822515,0.08437967337251082,0.0010525563314217844,0.0012772515581737063,0.001052557157829129
snow/s5,48384.0,0.08839290589094162,0.19015467166900635,0.08832897848489768,0.19653984276389252,0.0005795344401240011,0.08335472456392568,0.022165202934887968,0.2591413478497614,0.07714672349730062,0.0007046038251666489,0.0008550196381162827,0.000704604378381483
snow/s5,48512.0,0.0882803276181221,0.21533259749412537,0.08832013287275665,0.19995670726029846,0.0003879528070251577,0.09040688173287587,0.02309586920305638,0.277140660601181,0.08392673225852355,0.0004716769408140376,0.0005723685180778421,0.0004716773111479349
snow/s5,48640.0,0.0905216783285141,0.18233603239059448,0.08872041386471255,0.19675294819307956,0.0002597039451986592,0.08298931752366068,0.02860889336541733,0.26386890492576454,0.07865136622264798,0.0026401308446771655,0.0027075359501182246,0.002640131092586634
snow/s5,48768.0,0.08830145001411438,0.2065313458442688,0.08864423861914925,0.19853083867511398,0.00249823156662059,0.08370565883815301,0.02511508070832365,0.2658345816073655,0.0808017410250784,0.004091740482800416,0.004136862908756827,0.004091740648756341
snow/s5,48896.0,0.0883156955242157,0.19706422090530396,0.0885845035109795,0.1982641808987849,0.0016723698917046922,0.08702610219744127,0.022088644534585537,0.2873564297835729,0.08508215721513511,0.0027390990008829227,0.002769304922390934,0.002739099111977385
snow/s5,49024.0,0.08830413222312927,0.12890119850635529,0.08853352691318855,0.18565272955470677,0.0011195203407279343,0.06858772130572513,0.023925109183404483,0.2590174360752572,0.06728640276385077,0.0018336117278637744,0.0018538322207740958,0.0018336118022327947
snow/s5,49152.0,0.08830823004245758,0.182614266872406,0.08849256384578293,0.18510028179428845,0.0030738111371815093,0.07303186302284079,0.02150337595317896,0.24164118860224224,0.06983635226340423,0.003551839255842692,0.003565375288286791,0.003551839305626912
snow/s5,49280.0,0.08831549435853958,0.17651955783367157,0.08846036939355686,0.18354015016508535,0.002057675224063655,0.06438496615578598,0.02155528365001739,0.2571750468802851,0.0565640044077334,0.0023776775183740333,0.0023867388293490085,0.00237767755170066
snow/s5,49408.0,0.08826293796300888,0.19615210592746735,0.08842447276982086,0.185833233030973,0.0013774520094971571,0.07125150626957574,0.02666739002054704,0.2534951024395248,0.06369160625641657,0.0015916684213908815,0.0015977342576633856,0.0015916684437004417
snow/s5,49536.0,0.0883212685585022,0.19391386210918427,0.08840570836776292,0.18730243831792048,0.0009220959732997497,0.07533158684161681,0.023529592410103307,0.23246444511717643,0.07027082732867554,0.001065497042418689,0.001069557643559787,0.001065497057353188
snow/s5,49664.0,0.08829618990421295,0.16760209202766418,0.08838579591984475,0.18372055717423752,0.0006172708581593364,0.06824883086091701,0.021781060915967335,0.21744767907834847,0.0648610496993613,0.0007132666151728413,0.0007159848688292787,0.0007132666251703158
snow/s5,49792.0,0.08831226825714111,0.12424612045288086,0.08837242725389863,0.17290702322489993,0.00041321437612319207,0.04801161404739072,0.019720023237798673,0.19835888311305655,0.04574376054254763,0.00047747599858677804,0.0004792956559931535,0.00047747600527930234
snow/s5,49920.0,0.08852594345808029,0.15099284052848816,0.08840033929102256,0.16892262637100686,0.0002766145823634591,0.050993311882964035,0.020201763333481688,0.2044505484478664,0.046634252925176506,0.00031963269326883484,0.00032085081103673904,0.0003196326977489544
snow/s5,50000.0,0.11170586198568344,0.18788687884807587,0.09263770705368818,0.1723706722759285,0.0001851717452185139,0.048082299690248645,0.01895680103810015,0.17668347172643223,0.045164251958176006,0.002538349158303931,0.002539164592512197,0.0025383491613030188
