global_idx,corruption,large_acc,large_nll,large_ent,large_acc_run,large_nll_run,large_ent_run,small_acc,small_nll,small_ent,small_acc_run,small_nll_run,small_ent_run,duo_acc,duo_nll,duo_ent,duo_acc_run,duo_nll_run,duo_ent_run,w_l
0,brightness/s5,0.71875,1.3544942140579224,2.219430685043335,0.71875,1.3544942140579224,2.219430685043335,0.7109375,1.6262457370758057,3.8334720134735107,0.7109375,1.6262457370758057,3.8334720134735107,0.7265625,1.3508371114730835,0.491349995136261,0.7265625,1.3508371114730835,0.491349995136261,0.8512575030326843
1,brightness/s5,0.6640625,1.2497053146362305,1.5951882600784302,0.69140625,1.3020997643470764,1.9073094725608826,0.6953125,1.8548779487609863,4.304325103759766,0.703125,1.740561842918396,4.068898558616638,0.6640625,1.5433892011642456,0.3327467143535614,0.6953125,1.4471131563186646,0.4120483547449112,0.9795849323272705
2,brightness/s5,0.6796875,1.3927510976791382,1.4826124906539917,0.6875,1.3323168754577637,1.7657438119252522,0.6875,1.894913673400879,4.441642761230469,0.6979166666666666,1.7920124530792236,4.193146626154582,0.6796875,1.7708792686462402,0.429210901260376,0.6901041666666666,1.5550351937611897,0.4177692035833995,0.9939950108528137
3,brightness/s5,0.7421875,1.2641985416412354,1.0359010696411133,0.701171875,1.3152872920036316,1.5832831263542175,0.734375,1.5857625007629395,3.8893182277679443,0.70703125,1.7404499650001526,4.117189526557922,0.7421875,1.746052622795105,0.2773597240447998,0.703125,1.6027895510196686,0.38266683369874954,0.9968453049659729
4,brightness/s5,0.7578125,1.100646734237671,0.9959116578102112,0.7125,1.2723591804504395,1.4658088326454162,0.734375,1.5468848943710327,3.812746047973633,0.7125,1.7017369508743285,4.056300830841065,0.7578125,1.4593324661254883,0.315039724111557,0.7140625,1.5740981340408324,0.36914141178131105,0.9977598190307617
5,brightness/s5,0.671875,1.4431365728378296,1.0677523612976074,0.7057291666666666,1.3008220791816711,1.3994660874207814,0.71875,1.5494234561920166,3.652158737182617,0.7135416666666666,1.6763513684272766,3.9889438152313232,0.671875,1.9787338972091675,0.37570539116859436,0.70703125,1.6415374279022217,0.3702354083458583,0.9969105124473572
6,brightness/s5,0.78125,0.980445146560669,0.8124513626098633,0.7165178571428571,1.2550539459500993,1.3156068410192217,0.7578125,1.4566528797149658,3.513420820236206,0.7198660714285714,1.6449658700398035,3.9210119588034495,0.78125,1.2956656217575073,0.3048093318939209,0.7176339285714286,1.5921271698815482,0.3608888259955815,0.9977723956108093
7,brightness/s5,0.734375,1.017594814300537,0.8834264278411865,0.71875,1.2253715544939041,1.2615842893719673,0.7109375,1.6936678886413574,3.97573184967041,0.71875,1.6510536223649979,3.9278519451618195,0.734375,1.3380813598632812,0.3227855861186981,0.7197265625,1.5603714436292648,0.35612592101097107,0.9986082911491394
8,brightness/s5,0.671875,1.2692803144454956,0.9443557262420654,0.7135416666666666,1.2302503055996366,1.2263366712464228,0.7109375,1.6084551811218262,3.82857084274292,0.7178819444444444,1.6463204622268677,3.9168207115597196,0.671875,1.7179148197174072,0.36420315504074097,0.7144097222222222,1.577876263194614,0.3570233914587233,0.9983154535293579
9,brightness/s5,0.734375,1.0699501037597656,0.8147721290588379,0.715625,1.2142202854156494,1.1851802170276642,0.71875,1.557159662246704,3.4876646995544434,0.71796875,1.6374043822288513,3.8739051103591917,0.734375,1.446840524673462,0.301466703414917,0.71640625,1.5647726893424987,0.3514677226543427,0.9979766011238098
10,brightness/s5,0.78125,0.8833413124084473,0.5965389013290405,0.7215909090909091,1.184140378778631,1.1316673701459712,0.765625,1.223473310470581,2.8163702487945557,0.7223011363636364,1.5997742847962813,3.7777655774896797,0.78125,1.233139991760254,0.21917159855365753,0.7223011363636364,1.5346242622895674,0.3394408022815531,0.9971669316291809
11,brightness/s5,0.7109375,1.1087894439697266,0.7167589068412781,0.720703125,1.1778611342112224,1.09709166487058,0.765625,1.2455112934112549,2.8841376304626465,0.7259114583333334,1.5702523688475292,3.7032965819040933,0.7109375,1.5405397415161133,0.2906830310821533,0.7213541666666666,1.5351172188917797,0.33537765468160313,0.9952154159545898
12,brightness/s5,0.640625,1.5809637308120728,0.8059890270233154,0.7145432692307693,1.2088690262574415,1.0746991542669444,0.6796875,1.6747015714645386,3.2387382984161377,0.7223557692307693,1.5782869228949914,3.667561329328097,0.640625,2.306302547454834,0.27983176708221436,0.7151442307692307,1.5944391672427838,0.33110489409703475,0.9959834814071655
13,brightness/s5,0.765625,1.135408878326416,0.5914583802223206,0.7181919642857143,1.2036218728337968,1.0401819561208998,0.7578125,1.3070793151855469,2.7235968112945557,0.7248883928571429,1.5589149509157454,3.600135292325701,0.765625,1.6593097448349,0.2003786563873291,0.71875,1.599072779927935,0.32176730568919865,0.9962102174758911
14,brightness/s5,0.7578125,1.0094554424285889,0.6123840808868408,0.7208333333333333,1.1906774441401164,1.0116620977719626,0.7421875,1.2972346544265747,2.9147846698760986,0.7260416666666667,1.5414695978164672,3.554445250829061,0.7578125,1.37917160987854,0.2750019431114197,0.7213541666666666,1.584412701924642,0.31864961485068005,0.9958407282829285
15,brightness/s5,0.703125,1.4721084833145142,0.7195961475372314,0.7197265625,1.2082668840885162,0.9934079758822918,0.703125,1.5666366815567017,2.8050119876861572,0.724609375,1.543042540550232,3.5076056718826294,0.703125,2.118736505508423,0.27114591002464294,0.72021484375,1.6178079396486282,0.3156806332990527,0.9948275685310364
16,brightness/s5,0.734375,1.1354871988296509,0.5553323030471802,0.7205882352941176,1.2039857261321123,0.967638818656697,0.78125,1.144290804862976,2.3420324325561523,0.7279411764705882,1.5195865560980404,3.4390425401575424,0.734375,1.6501191854476929,0.24003824591636658,0.7210477941176471,1.6197086011662203,0.3112310811000712,0.9928810596466064
17,brightness/s5,0.6484375,1.6188973188400269,0.7287144064903259,0.7165798611111112,1.227036370171441,0.9543652402030097,0.6640625,1.482715129852295,2.8104188442230225,0.7243923611111112,1.5175381435288324,3.4041190014945135,0.6484375,2.3872809410095215,0.28515952825546265,0.7170138888888888,1.6623515089352925,0.3097826614975929,0.9920201897621155
18,brightness/s5,0.6796875,1.1421178579330444,0.6475722789764404,0.7146381578947368,1.2225669747904728,0.9382182422437166,0.71875,1.3040952682495117,2.745103120803833,0.7240953947368421,1.5063043079878156,3.3694339551423726,0.6796875,1.6196428537368774,0.27312514185905457,0.7150493421052632,1.6601036849774813,0.3078533183587225,0.9928234815597534
19,brightness/s5,0.734375,1.3861112594604492,0.5454232692718506,0.715625,1.2307441890239716,0.9185784935951233,0.7421875,1.3918603658676147,2.7561187744140625,0.725,1.5005821108818054,3.338768196105957,0.734375,2.027672529220581,0.23870401084423065,0.716015625,1.6784821271896362,0.30439585298299787,0.9942569136619568
20,brightness/s5,0.71875,1.127978801727295,0.5808436870574951,0.7157738095238095,1.2258505991527013,0.9024958837599981,0.7421875,1.1788294315338135,2.558518409729004,0.7258184523809523,1.4852605547223772,3.301613444373721,0.71875,1.6407946348190308,0.22478973865509033,0.7161458333333334,1.676687484695798,0.3006050856340499,0.9953022003173828
21,brightness/s5,0.796875,1.000516653060913,0.44901520013809204,0.7194602272727273,1.2156081470576199,0.8818831254135479,0.75,1.1415085792541504,2.6185190677642822,0.7269176136363636,1.469635464928367,3.270563699982383,0.796875,1.4797413349151611,0.18277180194854736,0.7198153409090909,1.667735386978496,0.29524902728470886,0.9967420697212219
22,brightness/s5,0.7265625,1.0391489267349243,0.4762106239795685,0.7197690217391305,1.2079360070435896,0.8642451905685923,0.6875,1.1373310089111328,2.1663103103637695,0.725203804347826,1.4551874451015308,3.2225526830424434,0.7265625,1.5138359069824219,0.2230890691280365,0.720108695652174,1.6610441052395364,0.29211163779963617,0.9928224682807922
23,brightness/s5,0.75,1.2733583450317383,0.5461302995681763,0.7210286458333334,1.2106619377930958,0.8509904034435749,0.734375,1.3600069284439087,2.2695093154907227,0.7255859375,1.4512215902407963,3.1828425427277884,0.7578125,1.896313190460205,0.20245134830474854,0.7216796875,1.6708469837903976,0.28837579240401584,0.9930318593978882
24,brightness/s5,0.765625,1.2184655666351318,0.5108335614204407,0.7228125,1.2109740829467774,0.8373841297626495,0.65625,1.478554368019104,3.0291523933410645,0.7228125,1.4523149013519288,3.176694936752319,0.765625,1.7566423416137695,0.2097841203212738,0.7234375,1.6742787981033325,0.2852321255207062,0.9964704513549805
25,brightness/s5,0.703125,1.4740798473358154,0.42291006445884705,0.7220552884615384,1.2210935354232788,0.8214428195586572,0.7109375,1.1921762228012085,1.781716227531433,0.7223557692307693,1.4423095675615163,3.123041909474593,0.703125,2.272737503051758,0.17375986278057098,0.72265625,1.6972964406013489,0.28094473079993176,0.9937126040458679
26,brightness/s5,0.6875,1.4736616611480713,0.44193994998931885,0.7207754629629629,1.230447910450123,0.8073871577227557,0.7109375,1.3108282089233398,2.317330837249756,0.7219328703703703,1.4374398876119543,3.093200758651451,0.6875,2.2776899337768555,0.15960459411144257,0.7213541666666666,1.7187924959041454,0.27645065166332106,0.9938469529151917
27,brightness/s5,0.65625,1.2728148698806763,0.5662152767181396,0.7184709821428571,1.2319610161440713,0.7987738762583051,0.6953125,1.2175021171569824,2.058162212371826,0.7209821428571429,1.4295849672385625,3.0562350962843214,0.6640625,1.8636964559555054,0.2487969994544983,0.7193080357142857,1.7239676373345512,0.27546302122729166,0.9912653565406799
28,brightness/s5,0.7578125,1.1556904315948486,0.43721523880958557,0.7198275862068966,1.2293309959872016,0.7863063370359356,0.7265625,1.2692848443984985,2.5930709838867188,0.7211745689655172,1.4240573767958016,3.0402639199947488,0.7578125,1.7328014373779297,0.17369510233402252,0.720635775862069,1.7242722511291504,0.2719537826447651,0.9948328733444214
29,brightness/s5,0.7265625,1.3006155490875244,0.4481021761894226,0.7200520833333334,1.2317071477572124,0.7750328650077184,0.7265625,1.1889182329177856,2.117741107940674,0.7213541666666666,1.4162194053332011,3.0095131595929465,0.7265625,1.9640653133392334,0.21347370743751526,0.7208333333333333,1.7322653532028198,0.27000444680452346,0.9922518134117126
30,brightness/s5,0.7734375,1.3350274562835693,0.46809157729148865,0.7217741935483871,1.235040060935482,0.7651315331459045,0.7734375,1.1408743858337402,1.8633081912994385,0.7230342741935484,1.4073373079299927,2.9725388057770266,0.78125,1.8975259065628052,0.20631736516952515,0.7227822580645161,1.7375963387950775,0.2679500248162977,0.990592896938324
31,brightness/s5,0.71875,1.3759634494781494,0.4478146433830261,0.7216796875,1.2394439168274403,0.7552153803408146,0.75,1.1731886863708496,1.786010503768921,0.723876953125,1.4000201635062695,2.9354597963392735,0.71875,2.0219838619232178,0.1934753805398941,0.72265625,1.7464834488928318,0.2656226921826601,0.987312376499176
32,brightness/s5,0.7578125,1.030720829963684,0.3898302912712097,0.7227746212121212,1.2331189748012659,0.7441431049144629,0.78125,0.9607506990432739,1.9602500200271606,0.7256155303030303,1.3867089676134514,2.905907984935876,0.7578125,1.5387883186340332,0.17089813947677612,0.7237215909090909,1.7401896570668076,0.2627522511915727,0.990006685256958
33,brightness/s5,0.6796875,1.4222055673599243,0.5585668087005615,0.7215073529411765,1.238680345170638,0.7386849785552305,0.6875,1.1899152994155884,2.161842107772827,0.7244944852941176,1.3809209185488083,2.8840236944310806,0.6796875,2.100461483001709,0.26760387420654297,0.7224264705882353,1.7507858872413635,0.26289494598613067,0.9879580140113831
34,brightness/s5,0.703125,1.401521921157837,0.5831173062324524,0.7209821428571429,1.2433329616274154,0.7342401879174368,0.765625,1.191788673400879,2.271148443222046,0.7256696428571429,1.3755171401160105,2.8665129729679655,0.703125,2.0684762001037598,0.23765814304351807,0.721875,1.7598627533231463,0.2621738944734846,0.9886624217033386
35,brightness/s5,0.7109375,1.4896876811981201,0.4231724441051483,0.720703125,1.250176148282157,0.7255994172559844,0.7734375,1.200613021850586,1.8645439147949219,0.7269965277777778,1.3706586923864152,2.838680499129825,0.7109375,2.280407667160034,0.17916339635849,0.7215711805555556,1.7743223342630599,0.2598680473036236,0.9893428087234497
36,brightness/s5,0.7578125,1.3217602968215942,0.5573177933692932,0.721706081081081,1.252110854999439,0.7210512652590468,0.7421875,1.2462204694747925,2.2108652591705322,0.7274070945945946,1.3672954971725877,2.821712519671466,0.7578125,1.9551405906677246,0.22552251815795898,0.7225506756756757,1.7792093141658887,0.2589397897591462,0.9904748797416687
37,brightness/s5,0.71875,1.4380648136138916,0.4151760935783386,0.7216282894736842,1.2570043802261353,0.7130019186358703,0.7265625,1.2149815559387207,1.7248528003692627,0.7273848684210527,1.36328723556117,2.7928477902161446,0.71875,2.091331958770752,0.20042824745178223,0.7224506578947368,1.7874230679712797,0.25740001233000503,0.9877849817276001
38,brightness/s5,0.734375,1.4354841709136963,0.40202876925468445,0.7219551282051282,1.2615807851155598,0.7050282481389168,0.7421875,1.1221894025802612,1.8590989112854004,0.7277644230769231,1.357105239843711,2.7689055112692027,0.734375,2.1804559230804443,0.18058937788009644,0.7227564102564102,1.7975008334868994,0.2554305088825715,0.9861268997192383
39,brightness/s5,0.71875,1.8056505918502808,0.41706663370132446,0.721875,1.275182530283928,0.697829207777977,0.703125,1.326180338859558,1.7704973220825195,0.7271484375,1.356332117319107,2.7439453065395356,0.71875,2.6260969638824463,0.17718565464019775,0.72265625,1.818215736746788,0.25347438752651213,0.9879043698310852
40,brightness/s5,0.5703125,2.303865432739258,0.5172878503799438,0.7181783536585366,1.3002723571730823,0.6934257600365615,0.625,1.5089036226272583,1.8742995262145996,0.7246570121951219,1.360053373546135,2.7227344338486836,0.5703125,3.452333688735962,0.2189137041568756,0.7189405487804879,1.8580722721611582,0.25263144402969173,0.9887251257896423
41,brightness/s5,0.7421875,1.3797786235809326,0.3699823021888733,0.71875,1.3021653635161263,0.6857247253259023,0.703125,1.1463372707366943,1.3864424228668213,0.7241443452380952,1.354964894907815,2.690917957396734,0.7421875,2.0850424766540527,0.16561488807201385,0.7194940476190477,1.8634763246490842,0.25055962126879466,0.9824997186660767
42,brightness/s5,0.609375,2.0322799682617188,0.5549187660217285,0.7162063953488372,1.3191447729288146,0.6826827262723169,0.7109375,1.3819420337677002,1.706303596496582,0.7238372093023255,1.355592270230138,2.6680199490037073,0.609375,3.0456225872039795,0.23326238989830017,0.7169331395348837,1.8909680981968724,0.250157360074132,0.9768013954162598
43,brightness/s5,0.7265625,1.4209845066070557,0.4328736960887909,0.7164417613636364,1.3214593123305927,0.6770052483136003,0.734375,1.064807653427124,1.4648137092590332,0.7240767045454546,1.3489835289391605,2.640674352645874,0.7265625,2.0858752727508545,0.20262113213539124,0.7171519886363636,1.895397806709463,0.24907699125734242,0.9760639667510986
44,brightness/s5,0.71875,1.3573476076126099,0.47478872537612915,0.7164930555555555,1.3222568300035265,0.6725115478038788,0.75,1.0284589529037476,1.4716037511825562,0.7246527777777778,1.341860760582818,2.614695005946689,0.71875,1.993878960609436,0.23692116141319275,0.7171875,1.8975862767961291,0.2488068617052502,0.9695735573768616
45,brightness/s5,0.65625,1.9893862009048462,0.5292327404022217,0.7151834239130435,1.3367596424144248,0.6693967911212341,0.671875,1.444832444190979,1.8562744855880737,0.7235054347826086,1.344099275443865,2.5982076033301977,0.65625,3.023348808288574,0.20599676668643951,0.7158627717391305,1.9220593753068342,0.24787620746571085,0.9756538271903992
46,brightness/s5,0.71875,1.64801824092865,0.5137190818786621,0.7152593085106383,1.343382165787068,0.6660844994352219,0.765625,1.0310529470443726,1.6552515029907227,0.7244015957446809,1.3374387152651523,2.5781447075782937,0.71875,2.4745328426361084,0.2081182301044464,0.7159242021276596,1.9338141299308615,0.24703029305376906,0.9808650612831116
47,brightness/s5,0.703125,1.4137197732925415,0.5627788305282593,0.7150065104166666,1.3448475326100986,0.6639322979996601,0.7421875,0.9695774912834167,1.3642455339431763,0.7247721354166666,1.3297749397655327,2.5528551414608955,0.703125,2.010188341140747,0.28644081950187683,0.7156575520833334,1.9354052593310673,0.24785134568810463,0.9605926871299744
48,brightness/s5,0.7578125,1.4916889667510986,0.5125387907028198,0.7158801020408163,1.3478442965721598,0.6608426345854389,0.7890625,0.8858816623687744,1.3452873229980469,0.7260841836734694,1.3207158932880478,2.5282109002677764,0.7578125,2.0904598236083984,0.25224569439888,0.7165178571428571,1.9385696381938702,0.24794102627403883,0.949536919593811
49,brightness/s5,0.703125,1.6429736614227295,0.46822112798690796,0.715625,1.353746883869171,0.6569902044534683,0.7265625,1.1469511985778809,1.6021864414215088,0.72609375,1.3172405993938445,2.5096904110908507,0.703125,2.38085675239563,0.21563592553138733,0.71625,1.9474153804779053,0.24729492425918578,0.9624217748641968
50,brightness/s5,0.6484375,2.120645046234131,0.4245372712612152,0.7143075980392157,1.3687841027390724,0.6524323038026398,0.640625,1.4642620086669922,1.4870655536651611,0.7244178921568627,1.3201233721246906,2.4896389432981905,0.6484375,3.225325107574463,0.1896323263645172,0.7149203431372549,1.9724724339503867,0.24616428508478053,0.9736254811286926
51,brightness/s5,0.7109375,1.4690643548965454,0.38500523567199707,0.7142427884615384,1.3707125691267161,0.6472894755693582,0.7734375,0.9996258020401001,1.3937492370605469,0.7253605769230769,1.3139599573153715,2.4685641412551584,0.71875,2.222642183303833,0.1823510080575943,0.7149939903846154,1.9772833906687224,0.24493710668041155,0.9696680307388306
52,brightness/s5,0.65625,2.0101535320281982,0.39355677366256714,0.7131485849056604,1.3827774929550458,0.6425020660994187,0.7109375,1.1460132598876953,1.2470815181732178,0.7250884433962265,1.3107911517035287,2.4455172993102163,0.65625,3.056701183319092,0.18674582242965698,0.7138856132075472,1.9976497641149558,0.24383915792096336,0.9685026407241821
53,brightness/s5,0.6640625,1.8177919387817383,0.41562411189079285,0.7122395833333334,1.3908333160259105,0.6383006225029627,0.7109375,1.1429457664489746,1.2413344383239746,0.7248263888888888,1.3076829038284443,2.42321761669936,0.6640625,2.6891775131225586,0.18782877922058105,0.7129629629629629,2.0104558335410223,0.2428019286857711,0.9596533179283142
54,brightness/s5,0.703125,1.576086401939392,0.3938833177089691,0.7120738636363636,1.3942015539516102,0.6338566715067083,0.7265625,1.1287063360214233,1.2526129484176636,0.7248579545454545,1.3044287844137712,2.4019338954578746,0.7109375,2.314608573913574,0.18184489011764526,0.7129261363636363,2.015985883365978,0.24169361889362334,0.9611158967018127
55,brightness/s5,0.6484375,1.7146927118301392,0.4448404312133789,0.7109375,1.3999246103422982,0.6304813815014703,0.703125,1.2761967182159424,1.3043928146362305,0.7244698660714286,1.3039246403745242,2.3823349475860596,0.6484375,2.5399436950683594,0.22136659920215607,0.7117745535714286,2.025342272860663,0.24133063639913285,0.9509516358375549
56,brightness/s5,0.5546875,2.361058473587036,0.5369424819946289,0.7081962719298246,1.416786607943083,0.6288403481767889,0.5703125,1.541731834411621,1.5233731269836426,0.721765350877193,1.3080966964102627,2.3672654419614556,0.5546875,3.5149283409118652,0.2530490756034851,0.7090186403508771,2.0514753617738424,0.2415362230518408,0.9536194801330566
57,brightness/s5,0.6484375,1.7491713762283325,0.47196823358535767,0.7071659482758621,1.42251737981007,0.6261356565459021,0.7578125,0.9496645331382751,1.17496657371521,0.7223868534482759,1.301916831526263,2.3467085649227273,0.6640625,2.4834210872650146,0.25192445516586304,0.7082435344827587,2.0589227018685174,0.24171533050208255,0.9388229846954346
58,brightness/s5,0.796875,1.086507797241211,0.3472418189048767,0.7086864406779662,1.4168223021394115,0.6214086423485966,0.8046875,0.7980714440345764,0.9187781810760498,0.723781779661017,1.2933770791958954,2.322506355027021,0.8046875,1.4834495782852173,0.16212822496891022,0.7098781779661016,2.0491689201128684,0.2403663965099949,0.910269021987915
59,brightness/s5,0.7265625,1.6208083629608154,0.3965122103691101,0.708984375,1.4202220698197683,0.6176603684822718,0.734375,0.9832975268363953,1.3343935012817383,0.7239583333333334,1.2882090866565705,2.3060378074645995,0.7265625,2.3380203247070312,0.19482380151748657,0.71015625,2.0539831101894377,0.23960735326011975,0.9396257996559143
60,brightness/s5,0.6796875,1.6892776489257812,0.5103398561477661,0.7085040983606558,1.4246328170182274,0.6159010158210504,0.765625,0.9829800724983215,1.3181734085083008,0.7246413934426229,1.2832053323261072,2.289843309121054,0.6796875,2.3458752632141113,0.23754140734672546,0.709656762295082,2.0587682274521373,0.2395734852943264,0.9452611804008484
61,brightness/s5,0.6640625,2.053814172744751,0.3883485198020935,0.7077872983870968,1.4347809034009134,0.6122308142723576,0.734375,1.1101735830307007,1.3013496398925781,0.7247983870967742,1.2804144976600524,2.2738998628431752,0.6640625,3.087005376815796,0.16958147287368774,0.7089213709677419,2.075352697603164,0.23844458186818707,0.9579573273658752
62,brightness/s5,0.6875,1.8691620826721191,0.38032257556915283,0.7074652777777778,1.4416758427544245,0.6085497311183384,0.734375,1.0608586072921753,1.1413662433624268,0.7249503968253969,1.276929483527229,2.255923138724433,0.6953125,2.6969521045684814,0.19091245532035828,0.7087053571428571,2.085219354856582,0.2376901036690152,0.9509893655776978
63,brightness/s5,0.6953125,1.501739263534546,0.4687579572200775,0.707275390625,1.442614333704114,0.6063654846511781,0.6875,1.2420775890350342,1.4203503131866455,0.724365234375,1.2763849226757884,2.242867313325405,0.6953125,2.1923251152038574,0.24284949898719788,0.70849609375,2.086892882362008,0.2377707192208618,0.964418351650238
64,brightness/s5,0.609375,2.606572389602661,0.4531351923942566,0.7057692307692308,1.4605213807179378,0.6040080955395332,0.734375,1.230065941810608,1.4462451934814453,0.7245192307692307,1.2756723229701703,2.2306115884047286,0.625,3.789125442504883,0.21011778712272644,0.7072115384615385,2.1130810755949754,0.2373452894962751,0.9618868231773376
65,brightness/s5,0.703125,1.7379729747772217,0.42775678634643555,0.7057291666666666,1.464725192749139,0.6013376211578195,0.7109375,1.1379108428955078,1.164711594581604,0.724313446969697,1.2735850278175238,2.2144615884983176,0.7109375,2.5455565452575684,0.18894219398498535,0.7072679924242424,2.119633734226227,0.23661190926125555,0.9588043689727783
66,brightness/s5,0.75,1.3289201259613037,0.33783864974975586,0.7063899253731343,1.4626982514537983,0.5974048006890426,0.75,0.960902750492096,0.922118067741394,0.7246968283582089,1.2689181281559503,2.195172879233289,0.75,1.9624251127243042,0.1531643122434616,0.7079057835820896,2.117287336890377,0.23536642273860192,0.9573523998260498
67,brightness/s5,0.6796875,2.1879611015319824,0.31908339262008667,0.7059972426470589,1.4733638816020067,0.5933118388056755,0.765625,1.0650782585144043,1.2295764684677124,0.7252987132352942,1.2659204830141628,2.1809729320161484,0.6796875,3.3018648624420166,0.13898421823978424,0.7074908088235294,2.1347075946190777,0.23394903737832518,0.9682021737098694
68,brightness/s5,0.6796875,1.858652949333191,0.42175644636154175,0.7056159420289855,1.4789477811343428,0.5908255287702533,0.65625,1.350353479385376,1.2548878192901611,0.7242980072463768,1.2671441496282383,2.167551408643308,0.6796875,2.7291676998138428,0.21032589673995972,0.7070878623188406,2.14332295846248,0.23360667302124744,0.9625064134597778
69,brightness/s5,0.671875,1.7759273052215576,0.4994756281375885,0.7051339285714285,1.4831903457641602,0.5895205301897867,0.7109375,1.1645522117614746,1.4187066555023193,0.7241071428571428,1.265678550515856,2.1568536264555793,0.6796875,2.5398216247558594,0.2441912293434143,0.7066964285714286,2.1489872251238142,0.23375788096870695,0.9589376449584961
70,brightness/s5,0.6328125,2.367172956466675,0.39138680696487427,0.7041153169014085,1.4956408050698293,0.5867299143697174,0.6640625,1.3328537940979004,1.193198561668396,0.7232614436619719,1.2666246807071524,2.1432810199092813,0.6328125,3.55639910697937,0.17491234838962555,0.7056558098591549,2.1688099276851602,0.2329290706506917,0.9621117115020752
71,brightness/s5,0.6796875,1.6968227624893188,0.27490419149398804,0.7037760416666666,1.4984349989228778,0.582399001551999,0.765625,0.8679296374320984,0.9879575371742249,0.7238498263888888,1.2610872495505545,2.12723486042685,0.6796875,2.548286199569702,0.13915926218032837,0.7052951388888888,2.1740804314613342,0.23162671219971445,0.9647997617721558
72,brightness/s5,0.625,1.7671504020690918,0.46112698316574097,0.7026969178082192,1.502116031842689,0.5807377410261598,0.71875,1.18651282787323,1.1248281002044678,0.7237799657534246,1.260065682130317,2.113503260971749,0.625,2.558349609375,0.23207402229309082,0.704195205479452,2.1793443928026175,0.23163283973524015,0.9490423202514648
73,brightness/s5,0.671875,2.0798161029815674,0.3076834976673126,0.7022804054054054,1.5099227895607819,0.5770478188186079,0.7265625,1.032006859779358,1.0985585451126099,0.7238175675675675,1.2569838061526015,2.099787791838517,0.671875,3.1257734298706055,0.15359580516815186,0.7037584459459459,2.192133974384617,0.2305782852140633,0.9657756090164185
74,brightness/s5,0.5859375,2.5387380123138428,0.48141568899154663,0.7007291666666666,1.523640325864156,0.575772723754247,0.640625,1.461295485496521,1.3632457256317139,0.7227083333333333,1.2597079618771871,2.0899672309557595,0.59375,3.703280210494995,0.23383529484272003,0.7022916666666666,2.212282590866089,0.23062171200911205,0.9525418877601624
75,brightness/s5,0.6875,1.8669664859771729,0.39669662714004517,0.7005550986842105,1.5281577753393274,0.5734164593251128,0.6796875,1.287198543548584,1.13983154296875,0.7221422697368421,1.2600696800570739,2.0774654455875097,0.7109375,2.6541662216186523,0.1913321316242218,0.702405427631579,2.2180968491654647,0.23010474384615295,0.9594130516052246
76,brightness/s5,0.6796875,1.9277491569519043,0.31822723150253296,0.7002840909090909,1.5333472738018283,0.5701023135092351,0.7578125,0.954545795917511,0.9743664264678955,0.7226055194805194,1.2561018374059107,2.0631394843002417,0.6796875,2.8199832439422607,0.16322684288024902,0.7021103896103896,2.2259135555911373,0.2292361996777646,0.9599853157997131
77,brightness/s5,0.6875,1.746453046798706,0.3186607360839844,0.7001201923076923,1.5360793990966601,0.5668787035422448,0.7421875,0.9753125905990601,0.7621903419494629,0.7228565705128205,1.2525019752673614,2.0464606491418986,0.6953125,2.5039305686950684,0.1847725510597229,0.7020232371794872,2.229477876271957,0.2286661529006102,0.9155169129371643
78,brightness/s5,0.75,1.2352795600891113,0.2727639973163605,0.700751582278481,1.5322718061978304,0.5631557325773602,0.625,1.2498202323913574,2.164947032928467,0.7216178797468354,1.252468029155007,2.0479604767847666,0.75,1.9292387962341309,0.09660914540290833,0.7026305379746836,2.225677381587934,0.2269945452107659,0.9955845475196838
79,contrast/s5,0.171875,5.429831027984619,5.917196273803711,0.171875,5.429831027984619,5.917196273803711,0.1953125,4.9976983070373535,6.230370998382568,0.1953125,4.9976983070373535,6.230370998382568,0.2890625,4.25231409072876,5.388626575469971,0.2890625,4.25231409072876,5.388626575469971,0.3819655478000641
80,contrast/s5,0.203125,4.709091663360596,4.766232490539551,0.1875,5.069461345672607,5.341714382171631,0.203125,4.850362777709961,6.21123743057251,0.19921875,4.924030542373657,6.220804214477539,0.2265625,4.834014892578125,2.6776466369628906,0.2578125,4.543164491653442,4.033136606216431,0.8643301725387573
81,contrast/s5,0.1328125,5.682774066925049,3.0689444541931152,0.16927083333333334,5.273898919423421,4.584124406178792,0.2421875,4.893922805786133,6.170339107513428,0.21354166666666666,4.9139946301778155,6.203982512156169,0.1328125,8.155773162841797,1.0618176460266113,0.21614583333333334,5.7473673820495605,3.042696952819824,0.9892345666885376
82,contrast/s5,0.1875,5.583653450012207,2.4754326343536377,0.173828125,5.351337552070618,4.056951463222504,0.171875,5.085213661193848,6.15535831451416,0.203125,4.956799387931824,6.1918264627456665,0.1875,8.34560775756836,0.8045183420181274,0.208984375,6.39692747592926,2.4831523001194,0.9982598423957825
83,contrast/s5,0.1328125,6.161507606506348,2.2525711059570312,0.165625,5.513371562957763,3.6960753917694094,0.2109375,4.775637626647949,6.1174798011779785,0.2046875,4.920567035675049,6.176957130432129,0.1328125,9.377243041992188,0.6664674282073975,0.19375,6.992990589141845,2.1198153257369996,0.9989643096923828
84,contrast/s5,0.09375,8.224002838134766,1.3120439052581787,0.15364583333333334,5.965143442153931,3.298736810684204,0.1953125,4.896543502807617,6.13277006149292,0.203125,4.916563113530477,6.169592618942261,0.09375,12.797664642333984,0.3868229389190674,0.17708333333333334,7.960436264673869,1.8309832612673442,0.998227059841156
85,contrast/s5,0.015625,10.877082824707031,0.34298568964004517,0.13392857142857142,6.666849068232945,2.8764866505350386,0.28125,4.502755165100098,6.101983547210693,0.21428571428571427,4.857447692326137,6.159934180123465,0.015625,16.6893253326416,0.07538635283708572,0.15401785714285715,9.207420417240687,1.5801837029201644,0.9814183115959167
86,contrast/s5,0.0,12.582523345947266,0.04505698382854462,0.1171875,7.406308352947235,2.522557942196727,0.2265625,4.796050071716309,6.125138282775879,0.2158203125,4.8497729897499084,6.155584692955017,0.0,17.67348289489746,0.0003768692840822041,0.134765625,10.265678226947784,1.382707848715654,0.8734368681907654
87,contrast/s5,0.0,13.567160606384277,0.020251939073204994,0.10416666666666667,8.090847492218018,2.244523941849669,0.2109375,4.822267532348633,6.054914474487305,0.2152777777777778,4.846716827816433,6.144399113125271,0.0,14.274517059326172,0.0039765676483511925,0.11979166666666667,10.711104763878716,1.2295154841526204,0.6777458190917969
88,contrast/s5,0.0,13.714489936828613,0.048927031457424164,0.09375,8.653211736679078,2.024964250810444,0.203125,4.816723346710205,6.027557373046875,0.2140625,4.843717479705811,6.132714939117432,0.0,10.466392517089844,0.16476204991340637,0.1078125,10.686633539199828,1.123040140728699,0.5308223962783813
89,contrast/s5,0.0,14.629672050476074,0.011324846185743809,0.08522727272727272,9.196526310660623,1.8419061231172897,0.21875,4.860864162445068,6.025947570800781,0.21448863636363635,4.845276269045743,6.123008814725009,0.0,8.407130241394043,0.5184459686279297,0.09801136363636363,10.479405966672031,1.0680770341740837,0.4254547953605652
90,contrast/s5,0.0,15.135196685791016,0.005877028219401836,0.078125,9.691415508588156,1.6889036985424657,0.234375,4.733415603637695,5.980981826782227,0.21614583333333334,4.835954546928406,6.111173232396443,0.0,6.693934440612793,1.5351996421813965,0.08984375,10.163950006167093,1.1070039181746931,0.35326701402664185
91,contrast/s5,0.0,15.723291397094727,0.003038020571693778,0.07211538461538461,10.1554059615502,1.559221723313945,0.1875,4.698897838592529,5.987521648406982,0.21394230769230768,4.825411723210261,6.101661572089562,0.0,6.550217628479004,1.5399012565612793,0.0829326923076923,9.88597059249878,1.1403037134351997,0.3394319415092468
92,contrast/s5,0.0,16.076194763183594,0.0024613840505480766,0.06696428571428571,10.578319447381157,1.4480245562237022,0.25,4.503249168395996,5.829105377197266,0.21651785714285715,4.8024001121521,6.082193272454398,0.140625,4.616233825683594,4.439074516296387,0.08705357142857142,9.509560823440552,1.375930199353856,0.2227821797132492
93,contrast/s5,0.0,16.411863327026367,0.001762774190865457,0.0625,10.967222372690836,1.3516071040881799,0.2265625,4.706950664520264,5.843066215515137,0.2171875,4.79603681564331,6.066251468658447,0.1484375,4.772968292236328,4.617642879486084,0.09114583333333333,9.193787988026937,1.5920443780293378,0.20979976654052734
94,contrast/s5,0.0,16.51092529296875,0.001633775420486927,0.05859375,11.313703805208206,1.267233771046449,0.1796875,4.894464492797852,5.957056999206543,0.21484375,4.802188545465469,6.059426814317703,0.1015625,5.134486675262451,4.460904598236084,0.091796875,8.940081655979156,1.7713481417922594,0.22721955180168152
95,contrast/s5,0.0078125,16.728771209716797,0.001196505967527628,0.05560661764705882,11.632237181944006,1.1927609907476888,0.25,4.410923957824707,5.94639778137207,0.21691176470588236,4.779172981486601,6.052778047673843,0.0390625,4.864290714263916,3.7711782455444336,0.08869485294117647,8.700329247642966,1.888985206718858,0.2561713457107544
96,contrast/s5,0.0,17.066265106201172,0.0010145718697458506,0.05251736111111111,11.934127622180515,1.126552856365581,0.2421875,4.713283061981201,5.849116325378418,0.2183159722222222,4.7755124304029675,6.041463507546319,0.1484375,4.883966445922852,4.427275657653809,0.0920138888888889,8.488309091991848,2.030001342881911,0.21556702256202698
97,contrast/s5,0.0,17.37069320678711,0.0007927452679723501,0.04975328947368421,12.220262652949282,1.067302324202549,0.234375,4.583541393280029,5.8349504470825195,0.21916118421052633,4.765408691607024,6.030594399100856,0.1484375,4.680275917053223,4.523077011108398,0.09498355263157894,8.287886293310867,2.1612158517359363,0.20589490234851837
98,contrast/s5,0.0,17.470754623413086,0.0006672129966318607,0.047265625,12.482787251472473,1.013970568642253,0.1875,4.624560832977295,5.8537139892578125,0.217578125,4.758366298675537,6.021750378608703,0.1640625,4.646720886230469,4.642049789428711,0.0984375,8.105828022956848,2.2852575486205753,0.1942155510187149
99,contrast/s5,0.0,17.645170211791992,0.0005378702189773321,0.04501488095238095,12.728615011487689,0.9657118687173352,0.2421875,4.497848033905029,5.783941268920898,0.21875,4.745960667019799,6.010426135290237,0.1953125,4.489202499389648,4.47590970993042,0.10305059523809523,7.9336077599298385,2.3895743182067584,0.18106412887573242
100,contrast/s5,0.0,17.83324432373047,0.0004591119068209082,0.04296875,12.960643616589634,0.9218367434077663,0.2578125,4.541484832763672,5.862977027893066,0.22052556818181818,4.736666310917247,6.00372390313582,0.203125,4.515583515167236,4.667945384979248,0.10759943181818182,7.778243021531538,2.4931366394236893,0.19173039495944977
101,contrast/s5,0.0,17.992433547973633,0.00039523086161352694,0.04110054347826087,13.179417091867197,0.8817740689492379,0.25,4.358394145965576,5.723282337188721,0.2218070652173913,4.720219695049783,5.991530791572902,0.2421875,4.2400922775268555,4.490948677062988,0.11345108695652174,7.6244103804878565,2.5799980323645286,0.15994100272655487
102,contrast/s5,0.0,17.991504669189453,0.00035065622068941593,0.039388020833333336,13.379920740922293,0.8450480934188818,0.2421875,4.323755741119385,5.64073371887207,0.22265625,4.703700363636017,5.976914246877034,0.2421875,4.14641809463501,4.30021333694458,0.11881510416666667,7.479494035243988,2.6516736700553643,0.12543559074401855
103,contrast/s5,0.0,18.132925033569336,0.0003172270953655243,0.0378125,13.570040912628174,0.8112588587659411,0.21875,4.6512131690979,5.914804458618164,0.2225,4.701600875854492,5.9744298553466795,0.1328125,4.726454257965088,4.56341552734375,0.119375,7.369372444152832,2.7281433443468996,0.19206756353378296
104,contrast/s5,0.0,18.153030395507812,0.0002680933102965355,0.03635817307692308,13.746309738892775,0.7800669062484163,0.296875,4.310341835021973,5.442966461181641,0.22536057692307693,4.6865524512070875,5.953988955571101,0.296875,4.165658950805664,3.837163209915161,0.12620192307692307,7.2461526944087105,2.7707979545610635,0.09222546219825745
105,contrast/s5,0.0,18.179174423217773,0.00025016668951138854,0.03501157407407408,13.910489912386295,0.7511848047832717,0.2578125,4.574076175689697,5.502694129943848,0.2265625,4.682386663224962,5.9372743323997215,0.2578125,4.529884338378906,3.741440534591675,0.1310763888888889,7.145550162703903,2.8067476797473825,0.07202761620283127
106,contrast/s5,0.0,18.25457191467285,0.00022835665731690824,0.03376116071428571,14.065635698182243,0.7243649316359162,0.25,4.573935031890869,5.581070423126221,0.22739955357142858,4.678513390677316,5.924552764211382,0.2421875,4.486095905303955,3.8877224922180176,0.13504464285714285,7.050569653511047,2.845353923049905,0.0687052309513092
107,contrast/s5,0.0,18.171884536743164,0.00021584765636362135,0.03259698275862069,14.207230485718826,0.6993942735676557,0.2421875,4.414265155792236,5.569096565246582,0.2279094827586207,4.66940138257783,5.912295653902251,0.25,4.2413105964660645,3.9109349250793457,0.13900862068965517,6.953698651543979,2.882098095533679,0.07084185630083084
108,contrast/s5,0.0,18.253917694091797,0.00019546711700968444,0.031510416666666666,14.342120059331258,0.6760876466859675,0.2890625,4.085093021392822,5.508116722106934,0.22994791666666667,4.649924437204997,5.898823022842407,0.2890625,3.8299641609191895,3.693610668182373,0.14401041666666667,6.849574168523152,2.9091485146219687,0.05997800454497337
109,contrast/s5,0.0,18.202314376831055,0.00019034503202419728,0.030493951612903226,14.46664245666996,0.6542845079229371,0.3203125,4.0794291496276855,5.526499271392822,0.23286290322580644,4.631521363412181,5.886812579247259,0.3125,3.8063693046569824,3.7169525623321533,0.14944556451612903,6.7514062696887605,2.935206709709394,0.06119189411401749
110,contrast/s5,0.0,18.206125259399414,0.0001808177912607789,0.029541015625,14.583501294255257,0.6338437676063222,0.1875,4.655272006988525,5.488333702087402,0.2314453125,4.632263571023941,5.874360114336014,0.1953125,4.6355695724487305,3.729313611984253,0.15087890625,6.685286372900009,2.9600225504054833,0.06305147707462311
111,contrast/s5,0.0,18.325057983398438,0.0001704384048935026,0.028645833333333332,14.696881799986869,0.6146415455093093,0.2265625,4.41874361038208,5.499439716339111,0.23129734848484848,4.625793269186309,5.862998890154289,0.2265625,4.283146858215332,3.8628270626068115,0.15317234848484848,6.612494266394413,2.9873802628964325,0.06468141078948975
112,contrast/s5,0.0,18.27747344970703,0.00016191494069062173,0.02780330882352941,14.802193319096284,0.5965686151984675,0.171875,4.757487773895264,5.5710248947143555,0.22954963235294118,4.629666636971867,5.854411419700174,0.171875,4.739800930023193,3.870776891708374,0.15372242647058823,6.557415050618789,3.013362516685019,0.06877072155475616
113,contrast/s5,0.0,18.295028686523438,0.00015498069114983082,0.027008928571428573,14.90198861530849,0.5795282256411156,0.21875,4.519140243530273,5.491939067840576,0.22924107142857142,4.6265087400163925,5.8440550667899,0.2109375,4.455861568450928,3.7686824798583984,0.15535714285714286,6.497370665413992,3.0349430870614014,0.06990749388933182
114,contrast/s5,0.0,18.298967361450195,0.0001494048337917775,0.026258680555555556,14.996349136034647,0.5634343695075787,0.28125,4.286011695861816,5.428170680999756,0.2306857638888889,4.617050488789876,5.832502722740173,0.2734375,4.150771617889404,3.629329204559326,0.1586371527777778,6.43218735853831,3.051453812547455,0.06360738724470139
115,contrast/s5,0.0,18.334217071533203,0.00014081373228691518,0.025548986486486486,15.086561782940015,0.5482102193514898,0.328125,4.1198410987854,5.278649806976318,0.23331925675675674,4.603612397168134,5.817533725016826,0.3359375,4.0028157234191895,3.3361425399780273,0.16342905405405406,6.366528665697253,3.059148102478011,0.04169187322258949
116,contrast/s5,0.0,18.35546112060547,0.00013925344683229923,0.024876644736842105,15.172585449720684,0.5337872991961041,0.234375,4.544208526611328,5.421351432800293,0.2333470394736842,4.602049137416639,5.807107875221654,0.2421875,4.5362138748168945,3.5266518592834473,0.16550164473684212,6.318362486989875,3.0714508329202594,0.04541637375950813
117,contrast/s5,0.0,18.320449829101562,0.00013269626651890576,0.024238782051282052,15.25329992098686,0.5201038478389353,0.1796875,4.515847206115723,5.474257946014404,0.23197115384615385,4.5998388314858465,5.798573261652237,0.1953125,4.450978755950928,3.6958611011505127,0.16626602564102563,6.270480852860671,3.087461352618471,0.056400004774332047
118,contrast/s5,0.0078125,18.168962478637695,0.00013212936755735427,0.023828125,15.326191484928131,0.5071045548771508,0.2421875,4.326653003692627,5.375754356384277,0.2322265625,4.593009185791016,5.788002789020538,0.2421875,4.25813627243042,3.3886213302612305,0.1681640625,6.220172238349915,3.09499035205954,0.04736240953207016
119,contrast/s5,0.0,18.392335891723633,0.00012657772458624095,0.023246951219512195,15.400975494849973,0.49473923836123457,0.1953125,4.639712333679199,5.358277320861816,0.23132621951219512,4.59414828695902,5.777521680041057,0.1953125,4.707638263702393,3.4611759185791016,0.16882621951219512,6.183281165797536,3.103921707340505,0.045540984719991684
120,contrast/s5,0.0,18.358896255493164,0.00012759938545059413,0.02269345238095238,15.47140217962719,0.48296277076657307,0.328125,4.032243251800537,5.11534309387207,0.23363095238095238,4.580769595645723,5.76175552322751,0.328125,3.9800708293914795,3.0488266944885254,0.17261904761904762,6.130823776835487,3.1026099213202194,0.027392854914069176
121,contrast/s5,0.0,18.369110107421875,0.00012445567699614912,0.022165697674418606,15.538790736087533,0.4717339727412341,0.21875,4.347858905792236,5.121428966522217,0.23328488372093023,4.575353067974712,5.746864207955294,0.2109375,4.408419132232666,3.1871395111083984,0.17351017441860464,6.09076785486798,3.104575725733898,0.02324352227151394
122,contrast/s5,0.0,18.3464412689209,0.0001181021798402071,0.02166193181818182,15.602600975470109,0.46101543022847513,0.265625,4.112944602966309,5.0551958084106445,0.23401988636363635,4.564843784679066,5.731144471602007,0.265625,4.1350178718566895,2.9185519218444824,0.17560369318181818,6.046318991617723,3.1003479120091386,0.019879130646586418
123,contrast/s5,0.0,18.379228591918945,0.000117258467071224,0.021180555555555557,15.664303811391195,0.45077324863377727,0.3359375,3.8274426460266113,4.599414825439453,0.23628472222222222,4.548457092709011,5.705994923909505,0.3359375,3.9799296855926514,2.3675947189331055,0.17916666666666667,6.00039922926161,3.08406450771856,0.008871502242982388
124,contrast/s5,0.0,18.35400390625,0.0001160173342213966,0.020720108695652172,15.722775552583778,0.4409763523011782,0.2578125,4.463830947875977,5.016562461853027,0.23675271739130435,4.546617393908293,5.691007261690886,0.2578125,4.693496227264404,2.8412013053894043,0.18087635869565216,5.971988294435584,3.0787848728853175,0.010632121935486794
125,contrast/s5,0.0,18.33323097229004,0.00011224009358556941,0.020279255319148936,15.778317157258378,0.43159626480739965,0.234375,4.345609664916992,4.8584184646606445,0.23670212765957446,4.542340633716989,5.673292606434924,0.234375,4.61599588394165,2.624113082885742,0.18201462765957446,5.943137392084649,3.0691110050129864,0.009374182671308517
126,contrast/s5,0.0,18.38453483581543,0.00011185845505679026,0.019856770833333332,15.832613358894983,0.4226070063417258,0.2578125,3.987600326538086,4.677528381347656,0.23714192708333334,4.5307835439840956,5.652547518412272,0.2578125,4.1687164306640625,2.5047082901000977,0.18359375,5.906170288721721,3.0573526151189676,0.007893839851021767
127,contrast/s5,0.0,18.404932022094727,0.0001131043245550245,0.0194515306122449,15.885109658143959,0.41398468181076314,0.28125,4.234391212463379,4.819101333618164,0.2380420918367347,4.524734720891836,5.635538412600147,0.28125,4.452375888824463,2.700228452682495,0.18558673469387754,5.876501015254429,3.0500643669059784,0.00783468782901764
128,contrast/s5,0.0,18.382883071899414,0.00011138063564430922,0.0190625,15.935065126419067,0.40570721578726077,0.3046875,3.9435579776763916,4.745152473449707,0.239375,4.513111186027527,5.617730693817139,0.3046875,4.058110237121582,2.5791242122650146,0.18796875,5.840133199691772,3.0406455638131593,0.007699933834373951
129,contrast/s5,0.0,18.39887809753418,0.00010902839130721986,0.018688725490196078,15.983375184676227,0.39775431015204604,0.1875,4.4403815269470215,4.6033830642700195,0.23835784313725492,4.5116851142808505,5.597841524610333,0.1875,4.8800554275512695,2.4615159034729004,0.1879595588235294,5.821308145336077,3.0292900802770757,0.006155305076390505
130,contrast/s5,0.0,18.306501388549805,0.0001082422531908378,0.018329326923076924,16.02805068859687,0.39010727038476034,0.3203125,3.9250497817993164,4.805828094482422,0.23993389423076922,4.500403665579283,5.582610497107873,0.3203125,3.9924373626708984,2.674689769744873,0.19050480769230768,5.786137553361746,3.022470843536072,0.007613824214786291
131,contrast/s5,0.0,18.35194206237793,0.00010563536488916725,0.017983490566037735,16.071897695649344,0.38274874896929106,0.2421875,4.377915382385254,4.735509395599365,0.23997641509433962,4.498092565896376,5.566627457456769,0.2421875,4.713787078857422,2.5767757892608643,0.19147995283018868,5.765904525540909,3.01406150288937,0.007302591111510992
132,contrast/s5,0.0,18.332860946655273,0.00010232438216917217,0.01765046296296296,16.113767385482788,0.37566270406952956,0.234375,4.338486671447754,4.802481174468994,0.23987268518518517,4.495136901184365,5.552476600364402,0.234375,4.612013816833496,2.673105478286743,0.19227430555555555,5.744536179083365,3.0077475024337654,0.0076400842517614365
133,contrast/s5,0.0,18.282611846923828,0.0001026657409965992,0.017329545454545455,16.153200921145352,0.3688343397362835,0.2421875,4.190313816070557,4.587272644042969,0.23991477272727274,4.489594663273205,5.534927437522194,0.2421875,4.499697685241699,2.4783897399902344,0.19318181818181818,5.721902751922608,2.998122815843883,0.006228082347661257
134,contrast/s5,0.0,18.396724700927734,0.00010523787932470441,0.017020089285714284,16.193263845784323,0.3622498914888378,0.3203125,3.9980318546295166,4.581692218780518,0.24135044642857142,4.4808167559759955,5.517905380044665,0.3203125,4.235611915588379,2.4209513664245605,0.19545200892857142,5.695361844130924,2.987816182818538,0.005697291810065508
135,contrast/s5,0.0,18.32048225402832,0.00010199448297498748,0.016721491228070175,16.230583466981585,0.35589641961154195,0.1875,4.6632184982299805,4.606688976287842,0.24040570175438597,4.484016786541855,5.501919127347176,0.1875,5.18980073928833,2.5313949584960938,0.1953125,5.686492351063511,2.9798087929181443,0.0057103862054646015
136,contrast/s5,0.0,18.373676300048828,9.905555634759367e-05,0.016433189655172414,16.26753334341378,0.3497619823002455,0.2734375,3.7626333236694336,4.319068908691406,0.24097521551724138,4.471579140630261,5.481525158060008,0.265625,3.995048999786377,2.270232677459717,0.19652478448275862,5.657329534662181,2.967574721961965,0.004281014669686556
137,contrast/s5,0.0,18.40005874633789,0.0001010304840747267,0.01615466101694915,16.303677841768426,0.34383552548980195,0.265625,3.8882596492767334,4.2714524269104,0.24139300847457626,4.461692369590371,5.461015450752388,0.265625,4.233972072601318,2.140042543411255,0.1976959745762712,5.6332048319153865,2.9535487528339863,0.0030649316031485796
138,contrast/s5,0.0,18.381290435791016,0.00010056551400339231,0.015885416666666666,16.33830471833547,0.3381066094902053,0.2109375,4.400427341461182,4.484821796417236,0.24088541666666666,4.4606712857882185,5.444745556513468,0.2109375,4.86693000793457,2.4080796241760254,0.19791666666666666,5.62043358484904,2.944457600689687,0.003922165837138891
139,contrast/s5,0.0,18.397077560424805,0.00010165318963117898,0.015625,16.37205509279595,0.33256554463281884,0.2421875,4.269916534423828,4.4508843421936035,0.24090676229508196,4.45754415871667,5.428452749721339,0.2421875,4.715307712554932,2.2862043380737305,0.19864241803278687,5.605595455795038,2.9336665635976225,0.0037659164518117905
140,contrast/s5,0.0078125,18.26048469543457,9.778355888556689e-05,0.015498991935483871,16.402513634773992,0.3272031613896909,0.2578125,3.955261707305908,4.45791482925415,0.24117943548387097,4.449442828855207,5.412798912294449,0.2578125,4.199864864349365,2.4423084259033203,0.19959677419354838,5.582922381739462,2.9257414323444886,0.004346332047134638
141,contrast/s5,0.0,18.3503360748291,9.909806976793334e-05,0.01525297619047619,16.433431451282804,0.32201103340048576,0.265625,4.028614044189453,4.288928985595703,0.24156746031746032,4.442763006876385,5.394959707108755,0.265625,4.4280686378479,2.1639513969421387,0.20064484126984128,5.56459136993166,2.9136495270206417,0.003253265982493758
142,contrast/s5,0.0,18.326557159423828,9.502667671767995e-05,0.0150146484375,16.463011540472507,0.3169810957954269,0.2578125,4.251433849334717,4.35363245010376,0.2418212890625,4.439773488789797,5.378688968718052,0.2578125,4.689868450164795,2.35200834274292,0.2015380859375,5.550923824310303,2.904873883516302,0.0032994961366057396
143,contrast/s5,0.0078125,18.228939056396484,9.738359949551523e-05,0.014903846153846155,16.490179656102107,0.31210596176164335,0.2109375,4.33526611328125,4.302125930786133,0.24134615384615385,4.438165683012742,5.362126460442176,0.2109375,4.866249084472656,2.2391443252563477,0.2016826923076923,5.540390366774339,2.894631890312303,0.0033456452656537294
144,contrast/s5,0.0,18.342130661010742,9.550608228892088e-05,0.014678030303030304,16.518239519812845,0.30737853061498643,0.265625,4.287329196929932,3.778388738632202,0.24171401515151514,4.4358802817084575,5.338130434354146,0.265625,5.060347080230713,1.7895317077636719,0.20265151515151514,5.53311698364489,2.877887948152475,0.0016258514951914549
145,contrast/s5,0.0,18.397674560546875,9.389768092660233e-05,0.014458955223880597,16.54629078907753,0.30279219281000047,0.25,4.025509834289551,4.0055975914001465,0.24183768656716417,4.4297553496574285,5.318241884459311,0.25,4.5416131019592285,2.02803111076355,0.20335820895522388,5.518318418246596,2.865203517743685,0.0016897257883101702
146,contrast/s5,0.0,18.36904525756836,9.484931797487661e-05,0.014246323529411764,16.573096001849454,0.2983407612880589,0.3203125,3.906947612762451,3.784308910369873,0.24299172794117646,4.422067000585444,5.295684046605054,0.3203125,4.484732151031494,1.7883518934249878,0.205078125,5.503118620199316,2.8493674644448808,0.001126054092310369
147,contrast/s5,0.0,18.40718650817871,9.32288239710033e-05,0.014039855072463768,16.599677023680314,0.294018333281333,0.21875,4.39239501953125,3.9174985885620117,0.24264039855072464,4.421636971874514,5.275710344314575,0.21875,5.131319046020508,1.9638187885284424,0.20527626811594202,5.497730220573536,2.8365334256634833,0.001124745118431747
148,contrast/s5,0.0,18.37544059753418,9.518519073026255e-05,0.013839285714285714,16.625045074735368,0.289819431165753,0.2578125,4.062865257263184,3.949552059173584,0.24285714285714285,4.41651166166578,5.2567652259554185,0.2578125,4.623879909515381,1.9831537008285522,0.2060267857142857,5.485246644701276,2.82434228673727,0.0012641431530937552
149,contrast/s5,0.0,18.38654327392578,9.501576278125867e-05,0.013644366197183098,16.649854908526784,0.285738805596697,0.234375,4.4916863441467285,3.881514310836792,0.24273767605633803,4.417570460010582,5.237395494756564,0.234375,5.316099643707275,1.8851540088653564,0.20642605633802816,5.4828642925746,2.811114282823581,0.0011342813959345222
150,contrast/s5,0.0078125,18.25052833557129,9.457393025513738e-05,0.013563368055555556,16.6720864839024,0.28177152460132976,0.296875,3.9464497566223145,3.6372761726379395,0.24348958333333334,4.411027116907968,5.215171615282695,0.296875,4.594871997833252,1.7652775049209595,0.20768229166666666,5.470531066258748,2.796588772019378,0.0009181589703075588
151,contrast/s5,0.0,18.36207389831543,9.12222167244181e-05,0.013377568493150685,16.69523699642861,0.2779128903220886,0.265625,4.190245628356934,3.8983824253082275,0.2437928082191781,4.408002712955214,5.197133407200853,0.265625,4.845041275024414,1.9297744035720825,0.20847602739726026,5.461962712954168,2.784714602588593,0.0010623544221743941
152,contrast/s5,0.0,18.364532470703125,8.974934462457895e-05,0.013196790540540541,16.717795043378263,0.2741585235521229,0.28125,4.1107354164123535,3.464848756790161,0.24429898648648649,4.403985587326256,5.1737241551682756,0.28125,4.891361236572266,1.741989254951477,0.20945945945945946,5.454251882192251,2.770623719512416,0.0007288626511581242
153,contrast/s5,0.0,18.402252197265625,8.901629189494997e-05,0.013020833333333334,16.740254472096762,0.27050426345531986,0.296875,4.052735805511475,3.5155301094055176,0.245,4.399302256902059,5.1516149012247725,0.296875,4.813159942626953,1.6588034629821777,0.210625,5.445703989664714,2.755799449425346,0.0006333556375466287
154,contrast/s5,0.0,18.367740631103516,8.976535173133016e-05,0.012849506578947368,16.76166876366264,0.2669461779539568,0.2265625,4.4444475173950195,3.531233787536621,0.24475740131578946,4.399896273487492,5.130294097097297,0.2265625,5.3795881271362305,1.7258076667785645,0.21083470394736842,5.444834044105129,2.742246925969467,0.0005982210277579725
155,contrast/s5,0.0,18.340049743652344,9.018275159178302e-05,0.01268262987012987,16.78216721794822,0.2634805156786014,0.3203125,3.9108803272247314,3.6595609188079834,0.24573863636363635,4.393545417042522,5.111193666210422,0.3203125,4.5192646980285645,1.8243789672851562,0.2122564935064935,5.432813662987251,2.730326562869671,0.0006641143118031323
156,contrast/s5,0.0,18.362228393554688,8.74715915415436e-05,0.012520032051282052,16.80242441250728,0.2601036817800494,0.2734375,3.9305076599121094,3.5946803092956543,0.24609375,4.38760903554085,5.091751187275618,0.2734375,4.5767621994018555,1.7804012298583984,0.2130408653846154,5.421838644223335,2.71814803295927,0.0007058557821437716
157,contrast/s5,0.0,18.420682907104492,9.267327550332993e-05,0.012361550632911392,16.822908697249016,0.25681240319138426,0.25,4.347127437591553,4.559081554412842,0.24614319620253164,4.387096610250352,5.085008533695076,0.25,4.707129955291748,2.622804880142212,0.21350870253164558,5.412791698793821,2.716941157607155,0.024605993181467056
158,defocus_blur/s5,0.34375,3.7296085357666016,3.7224555015563965,0.34375,3.7296085357666016,3.7224555015563965,0.1171875,5.404955863952637,6.326333045959473,0.1171875,5.404955863952637,6.326333045959473,0.34375,4.4780473709106445,1.5892977714538574,0.34375,4.4780473709106445,1.5892977714538574,0.9882097244262695
159,defocus_blur/s5,0.34375,3.370426654815674,2.77858304977417,0.34375,3.5500175952911377,3.250519275665283,0.203125,5.056368350982666,6.34324836730957,0.16015625,5.230662107467651,6.3347907066345215,0.34375,4.517282009124756,0.8981189727783203,0.34375,4.4976646900177,1.2437083721160889,0.9996034502983093
160,defocus_blur/s5,0.3203125,3.8702239990234375,2.4776382446289062,0.3359375,3.6567530632019043,2.992892265319824,0.1484375,5.4343132972717285,6.376448631286621,0.15625,5.298545837402344,6.348676681518555,0.3203125,5.492061138153076,0.797028660774231,0.3359375,4.829130172729492,1.0948151350021362,0.9999469518661499
161,defocus_blur/s5,0.4140625,3.519193410873413,2.082857131958008,0.35546875,3.6223631501197815,2.76538348197937,0.15625,5.215407848358154,6.268556594848633,0.15625,5.277761340141296,6.328646659851074,0.4140625,5.0628838539123535,0.700385332107544,0.35546875,4.8875685930252075,0.9962076842784882,0.9999798536300659
162,defocus_blur/s5,0.40625,3.5145723819732666,2.013762950897217,0.365625,3.6008049964904787,2.6150593757629395,0.140625,5.481296539306641,6.287346363067627,0.153125,5.318468379974365,6.320386600494385,0.40625,5.081954002380371,0.6743387579917908,0.365625,4.92644567489624,0.9318338990211487,0.9999897480010986
163,defocus_blur/s5,0.25,3.9809348583221436,1.9109034538269043,0.3463541666666667,3.664159973462423,2.497700055440267,0.1015625,5.503871917724609,6.331666946411133,0.14453125,5.349368969599406,6.322266658147176,0.25,5.919639587402344,0.6225500106811523,0.3463541666666667,5.091977993647258,0.8802865842978159,0.9999945163726807
164,defocus_blur/s5,0.4453125,2.7722558975219727,1.6328216791152954,0.36049107142857145,3.53674510547093,2.3741460016795566,0.1953125,5.156893253326416,6.240780830383301,0.15178571428571427,5.321872438703265,6.310625825609479,0.4453125,3.960005760192871,0.6031412482261658,0.36049107142857145,4.930267674582345,0.8406943934304374,0.9999959468841553
165,defocus_blur/s5,0.3671875,3.632150411605835,1.5723378658294678,0.361328125,3.548670768737793,2.2739199846982956,0.125,5.27064323425293,6.256357192993164,0.1484375,5.315468788146973,6.30384224653244,0.3671875,5.4679365158081055,0.521818220615387,0.361328125,4.997476279735565,0.8008348718285561,0.9999977350234985
166,defocus_blur/s5,0.4140625,3.4280998706817627,1.6273930072784424,0.3671875,3.5352740022871227,2.2020836538738675,0.1875,4.966838359832764,6.169032096862793,0.1527777777777778,5.276732073889838,6.288863341013591,0.4140625,5.0566086769104,0.5968486666679382,0.3671875,5.0040465460883246,0.7781697379218208,0.9999964237213135
167,defocus_blur/s5,0.421875,3.3279805183410645,1.299426555633545,0.37265625,3.514544653892517,2.111817944049835,0.1328125,5.172487258911133,6.23225212097168,0.15078125,5.266307592391968,6.283202219009399,0.421875,5.012805938720703,0.45096081495285034,0.37265625,5.004922485351562,0.7454488456249238,0.999997615814209
168,defocus_blur/s5,0.390625,3.4679384231567383,1.4500457048416138,0.3742897727272727,3.510307723825628,2.0516568313945425,0.1484375,5.232507228851318,6.18369197845459,0.15056818181818182,5.263234832070091,6.274155833504417,0.390625,5.198562145233154,0.5191012024879456,0.3742897727272727,5.022526090795344,0.7248717871579257,0.9999971389770508
169,defocus_blur/s5,0.4453125,3.0986886024475098,1.3149937391281128,0.3802083333333333,3.4760061303774514,1.99026824037234,0.1328125,5.1692118644714355,6.185973644256592,0.14908854166666666,5.255399584770203,6.266807317733765,0.4453125,4.629971027374268,0.5268198251724243,0.3802083333333333,4.989813168843587,0.7083674569924673,0.9999973773956299
170,defocus_blur/s5,0.328125,4.518925189971924,1.5136675834655762,0.3762019230769231,3.55623067342318,1.9536066513795118,0.1015625,5.539950370788574,6.207730770111084,0.14543269230769232,5.277288106771616,6.2622629679166355,0.328125,6.898299217224121,0.5635840892791748,0.3762019230769231,5.136619787949782,0.6972302748606756,0.9999967813491821
171,defocus_blur/s5,0.4609375,3.3088760375976562,1.1241894960403442,0.3822544642857143,3.5385624851499284,1.8943625688552856,0.21875,4.940329551696777,6.186025619506836,0.15066964285714285,5.253219638551984,6.256817443030221,0.4609375,5.053256511688232,0.45682039856910706,0.3822544642857143,5.130665268216815,0.6800581408398492,0.9999982118606567
172,defocus_blur/s5,0.3125,4.040863513946533,1.3502247333526611,0.3776041666666667,3.5720492204030356,1.8580867131551106,0.1640625,5.259183883666992,6.173154830932617,0.1515625,5.253617254892985,6.251239935557048,0.3125,6.186365604400635,0.5484746098518372,0.3776041666666667,5.201045290629069,0.6712859054406484,0.9999974966049194
173,defocus_blur/s5,0.328125,4.24717378616333,1.2799979448318481,0.37451171875,3.614244505763054,1.8219561651349068,0.1171875,5.285754203796387,6.22367525100708,0.1494140625,5.255625814199448,6.249517142772675,0.328125,6.505792140960693,0.5127346515655518,0.37451171875,5.2825919687747955,0.6613764520734549,0.9999980926513672
174,defocus_blur/s5,0.390625,3.987359046936035,1.157292366027832,0.37545955882352944,3.6361924199496998,1.7828582945991964,0.125,5.078790187835693,6.060739994049072,0.1479779411764706,5.245223718530991,6.238412604612463,0.390625,6.075342655181885,0.459364652633667,0.37545955882352944,5.32922436209286,0.649493405047585,0.999997615814209
175,defocus_blur/s5,0.2578125,4.811243057250977,1.2391319274902344,0.3689236111111111,3.701473010910882,1.7526512742042542,0.125,5.350416660308838,6.054489612579346,0.1467013888888889,5.251067770851983,6.228194660610622,0.2578125,7.421932220458984,0.5280885696411133,0.3689236111111111,5.445485909779866,0.6427486919694476,0.9999959468841553
176,defocus_blur/s5,0.3203125,4.309933185577393,1.313854455947876,0.36636513157894735,3.733497230630172,1.7295567048223395,0.1484375,5.097253322601318,6.191391944885254,0.14679276315789475,5.242972273575632,6.2262576755724455,0.3203125,6.5034003257751465,0.5383260846138,0.36636513157894735,5.501165615884881,0.6372527652665189,0.999996542930603
177,defocus_blur/s5,0.34375,4.612257480621338,1.1231310367584229,0.365234375,3.7774352431297302,1.6992354214191436,0.140625,5.367920875549316,6.111731052398682,0.146484375,5.249219703674316,6.220531344413757,0.34375,6.972503662109375,0.41821789741516113,0.365234375,5.574732518196106,0.626301021873951,0.9999967813491821
178,defocus_blur/s5,0.3125,4.90339994430542,1.114838719367981,0.3627232142857143,3.831052609852382,1.671407007035755,0.1953125,5.037193775177002,5.9552001953125,0.1488095238095238,5.23912323088873,6.207896527789888,0.3125,7.388767242431641,0.4497494101524353,0.3627232142857143,5.661115124112084,0.6178938022681645,0.9999951124191284
179,defocus_blur/s5,0.375,4.016016960144043,0.8579330444335938,0.36328125,3.839460080320185,1.634430917826566,0.21875,4.710891246795654,5.95858907699585,0.15198863636363635,5.215112686157227,6.196564370935613,0.375,6.212482452392578,0.33043915033340454,0.36328125,5.686177275397561,0.6048276817256754,0.9999958276748657
180,defocus_blur/s5,0.3046875,4.101063251495361,1.0562959909439087,0.3607336956521739,3.8508341312408447,1.6092946166577546,0.140625,4.981184482574463,6.036715030670166,0.1514945652173913,5.204941894697106,6.189614399619725,0.3046875,6.220613479614258,0.4395979642868042,0.3607336956521739,5.709413632102635,0.5976437809674636,0.9999947547912598
181,defocus_blur/s5,0.28125,4.911089897155762,0.980334997177124,0.357421875,3.895011454820633,1.5830879658460617,0.125,5.022819995880127,6.007517337799072,0.150390625,5.197353482246399,6.182027022043864,0.28125,7.458980083465576,0.4177776873111725,0.357421875,5.782312234242757,0.5901493603984515,0.9999934434890747
182,defocus_blur/s5,0.328125,4.84540319442749,0.7813402414321899,0.35625,3.9330271244049073,1.551018056869507,0.1484375,5.089827537536621,6.024364948272705,0.1503125,5.193052444458008,6.175720539093017,0.328125,7.421573638916016,0.31611883640289307,0.35625,5.847882690429688,0.5791881394386291,0.9999908208847046
183,defocus_blur/s5,0.328125,5.139588356018066,0.9231365323066711,0.3551682692307692,3.979433325620798,1.526868767463244,0.15625,5.085295677185059,5.928730010986328,0.1505408653846154,5.188907953409048,6.1662209033966064,0.328125,7.7896528244018555,0.41915959119796753,0.3551682692307692,5.922566157120925,0.5730331952755268,0.9999878406524658
184,defocus_blur/s5,0.3046875,5.299808025360107,0.7398041486740112,0.3532986111111111,4.02833609227781,1.4977182260266058,0.1484375,4.921084403991699,5.818422794342041,0.15046296296296297,5.178988562689887,6.153339491950141,0.3046875,8.120353698730469,0.30698272585868835,0.3532986111111111,6.003965695699056,0.5631794741860142,0.9999802112579346
185,defocus_blur/s5,0.3203125,5.507951736450195,0.8057233095169067,0.3521205357142857,4.081179508141109,1.473004121865545,0.140625,5.282192230224609,5.967867374420166,0.15011160714285715,5.182674407958984,6.146715487752642,0.3203125,8.180984497070312,0.3475344777107239,0.3521205357142857,6.081716367176601,0.5554778671690396,0.9999796152114868
186,defocus_blur/s5,0.2890625,5.809031009674072,0.6281567811965942,0.3499461206896552,4.1407605944008665,1.443871454945926,0.203125,4.807956218719482,5.84650993347168,0.15193965517241378,5.169753091088657,6.136363572087781,0.2890625,8.783441543579102,0.2790355980396271,0.3499461206896552,6.1748793042939285,0.5459453751300943,0.9999715089797974
187,defocus_blur/s5,0.3359375,5.334728717803955,0.5441860556602478,0.3494791666666667,4.180559531847636,1.4138819416364035,0.1640625,4.836696147918701,5.8918304443359375,0.15234375,5.158651192982991,6.128212467829386,0.3359375,7.692232608795166,0.23425604403018951,0.3494791666666667,6.225457747777303,0.5355557307600975,0.9999674558639526
188,defocus_blur/s5,0.3359375,6.296337604522705,0.5380498170852661,0.34904233870967744,4.2488104374177995,1.3856292924573343,0.21875,4.73723030090332,5.834652900695801,0.1544858870967742,5.145056970657841,6.118742804373464,0.3359375,8.995206832885742,0.23459473252296448,0.34904233870967744,6.3148044924582205,0.5258473114621255,0.9999048709869385
189,defocus_blur/s5,0.1953125,7.915771484375,0.3759646415710449,0.34423828125,4.363402970135212,1.354077272117138,0.203125,4.6801438331604,5.714595794677734,0.156005859375,5.130528435111046,6.106113210320473,0.1953125,11.49091911315918,0.16837510466575623,0.34423828125,6.476558074355125,0.5146763049997389,0.9995781779289246
190,defocus_blur/s5,0.2890625,7.577738285064697,0.3240160346031189,0.3425662878787879,4.46080707058762,1.3228632952227737,0.2265625,4.58223819732666,5.737082481384277,0.1581439393939394,5.11391357942061,6.09493046095877,0.2890625,10.501358032226562,0.14789381623268127,0.3425662878787879,6.598521709442139,0.50356168412801,0.9993764758110046
191,defocus_blur/s5,0.109375,10.408464431762695,0.203700989484787,0.3357077205882353,4.635738169445711,1.2899467568187153,0.1328125,5.245626926422119,5.885430335998535,0.15739889705882354,5.117787501391242,6.088768692577586,0.109375,14.068132400512695,0.08421982079744339,0.3357077205882353,6.818216141532449,0.491228099912405,0.9951168298721313
192,defocus_blur/s5,0.0234375,12.60913372039795,0.0798850953578949,0.3267857142857143,4.863549470901489,1.2553735664912633,0.1328125,5.084998607635498,5.727483749389648,0.15669642857142857,5.116850675855364,6.07844626562936,0.0234375,16.331438064575195,0.037930622696876526,0.3267857142857143,7.090022482190814,0.4782767434205328,0.9461570978164673
193,defocus_blur/s5,0.0234375,12.968656539916992,0.06892651319503784,0.318359375,5.088691333929698,1.2224167038997014,0.2421875,4.66018533706665,5.8248701095581055,0.15907118055555555,5.104165527555677,6.07140248351627,0.03125,15.82470989227295,0.049583710730075836,0.3185763888888889,7.332652688026428,0.46636860362357563,0.8469380736351013
194,defocus_blur/s5,0.0,14.987229347229004,0.010521981865167618,0.30975506756756754,5.3562193883431926,1.1896627924933627,0.15625,5.077619552612305,5.730533123016357,0.15899493243243243,5.1034480687734245,6.062189798097353,0.0,11.009458541870117,0.06729680299758911,0.30996621621621623,7.432025819211392,0.45558287928233276,0.5064852833747864
195,defocus_blur/s5,0.0078125,15.698081970214844,0.003941393457353115,0.30180921052631576,5.628373666813499,1.1584595977818888,0.15625,4.924334526062012,5.713204860687256,0.15892269736842105,5.0987345544915454,6.053005983954982,0.0234375,6.605948448181152,1.422042965888977,0.30242598684210525,7.410286941026387,0.4810160394561918,0.33327412605285645
196,defocus_blur/s5,0.0,16.08241081237793,0.0019261061679571867,0.29407051282051283,5.896425901315151,1.128804892868711,0.171875,4.860217571258545,5.621642112731934,0.15925480769230768,5.0926187344086475,6.041945371872339,0.109375,4.980010986328125,4.243958473205566,0.29747596153846156,7.3479721729572,0.5775017428856629,0.21789461374282837
197,defocus_blur/s5,0.0,16.630069732666016,0.0011163002345710993,0.28671875,6.164766997098923,1.1006126780528576,0.140625,4.771181583404541,5.6136932373046875,0.1587890625,5.084582805633545,6.031239068508148,0.1171875,4.726085186004639,4.455036640167236,0.29296875,7.282424998283386,0.6744401153177023,0.16642378270626068
198,defocus_blur/s5,0.0078125,16.479034423828125,0.0068125310353934765,0.27991615853658536,6.41633449531183,1.0739346256865778,0.15625,5.052578449249268,5.682467460632324,0.15872713414634146,5.083802211575392,6.022732443925811,0.15625,5.0319929122924805,4.459543228149414,0.2896341463414634,7.227536410820194,0.7667597034355489,0.13709034025669098
199,defocus_blur/s5,0.0,16.864904403686523,0.002081658225506544,0.2732514880952381,6.665109969320751,1.0484143169375049,0.1875,4.6499714851379395,5.528485298156738,0.15941220238095238,5.073472908564976,6.0109646547408335,0.1953125,4.557438850402832,4.174654006958008,0.28738839285714285,7.163962659381685,0.8479000439956075,0.11004120111465454
200,defocus_blur/s5,0.0,17.03849220275879,0.001859716372564435,0.2668968023255814,6.906351416610008,1.024075837854599,0.109375,5.156197547912598,5.588972091674805,0.1582485465116279,5.075396737387014,6.001150874204414,0.09375,5.202477931976318,4.286093711853027,0.28288517441860467,7.118346735488537,0.9278580362713614,0.1150575652718544
201,defocus_blur/s5,0.0,17.063711166381836,0.0015250943833962083,0.2608309659090909,7.137200501832095,1.0008360482302536,0.2421875,4.467868804931641,5.312752723693848,0.16015625,5.061589284376665,5.98550546169281,0.2421875,4.44965934753418,3.493788957595825,0.2819602272727273,7.057694749398665,0.9861746481196447,0.05988076329231262
202,defocus_blur/s5,0.0,17.397428512573242,0.0016320603899657726,0.25503472222222223,7.365205568737454,0.9786315151671362,0.2265625,4.435683727264404,5.291214942932129,0.16163194444444445,5.047680271996392,5.970076783498128,0.2265625,4.43924617767334,3.347492218017578,0.28072916666666664,6.999507003360325,1.0386483718951542,0.04637519270181656
203,defocus_blur/s5,0.0,17.71932601928711,0.0004468886472750455,0.24949048913043478,7.590295143749403,0.9573666319819217,0.140625,5.046301364898682,5.502790927886963,0.16117527173913043,5.047650295755138,5.959918395332668,0.140625,5.1808319091796875,3.793459177017212,0.27768342391304346,6.959970588269441,1.0985355633108511,0.05499798804521561
204,defocus_blur/s5,0.0,17.844694137573242,0.0004272633232176304,0.24418218085106383,7.808473845745655,0.9370062198828004,0.1875,4.757015228271484,5.314865589141846,0.16173537234042554,5.04146657091506,5.946193867541374,0.1875,4.885465145111084,3.4746782779693604,0.2757646276595745,6.915832174585221,1.1490917912823089,0.04658505320549011
205,defocus_blur/s5,0.0,17.901752471923828,0.00033523549791425467,0.23909505208333334,8.018750483791033,0.9174922410414487,0.1484375,4.626695156097412,5.387999534606934,0.16145833333333334,5.0328254997730255,5.934564818938573,0.1484375,4.637430667877197,3.639829397201538,0.2731119791666667,6.868365476528804,1.2009821580722928,0.05181460455060005
206,defocus_blur/s5,0.0,18.003175735473633,0.00034276233054697514,0.2342155612244898,8.222514264437617,0.8987749047412261,0.2421875,4.480860233306885,5.303775787353516,0.16310586734693877,5.021560902498206,5.921691573396021,0.2421875,4.494003772735596,3.4397788047790527,0.27248086734693877,6.819909115226901,1.2466718855561043,0.04273555800318718
207,defocus_blur/s5,0.0,18.02548599243164,0.0002675222640391439,0.22953125,8.418573698997498,0.8808047570916824,0.1875,4.731945991516113,5.39045524597168,0.16359375,5.0157686042785645,5.911066846847534,0.1875,4.801261901855469,3.588193416595459,0.27078125,6.779536170959473,1.2935023161768913,0.04331796243786812
208,defocus_blur/s5,0.0078125,17.876066207885742,0.0003121092449873686,0.22518382352941177,8.604014728583541,0.8635401953691982,0.109375,5.066152572631836,5.363165855407715,0.16253063725490197,5.0167565252266675,5.900323690152636,0.1171875,5.2625346183776855,3.657313108444214,0.26776960784313725,6.749791042477477,1.3398515473978192,0.05056822672486305
209,defocus_blur/s5,0.0,18.16353416442871,0.0006885149632580578,0.2208533653846154,8.787851640811333,0.8469468938229301,0.234375,4.352315902709961,5.248323440551758,0.1639122596153846,5.0039788209475,5.8877852238141575,0.2265625,4.311432361602783,3.489283800125122,0.26697716346153844,6.702899529383733,1.3811867830271904,0.04640420526266098
210,defocus_blur/s5,0.0,18.217025756835938,0.00020527106244117022,0.21668632075471697,8.965760586396703,0.8309706367897134,0.1875,4.7535319328308105,5.12403678894043,0.1643573113207547,4.999253407964167,5.873374875986351,0.1875,4.99794864654541,3.1796979904174805,0.26547759433962265,6.6707306448018775,1.4151209567515355,0.03239060565829277
211,defocus_blur/s5,0.0,18.190183639526367,0.00021747086429968476,0.2126736111111111,9.136583235528734,0.8155863189022057,0.1328125,5.022507190704346,5.148913383483887,0.16377314814814814,4.999684033570467,5.859958922421491,0.1328125,5.381105422973633,3.2494006156921387,0.2630208333333333,6.646848696249503,1.449089098583769,0.02850508503615856
212,defocus_blur/s5,0.0,18.22686195373535,0.00018920880393125117,0.20880681818181818,9.301861030405219,0.8007609169004188,0.171875,4.620546340942383,5.182131767272949,0.16392045454545454,4.992790620977228,5.847634792327881,0.171875,4.745741844177246,3.350557565689087,0.26136363636363635,6.612283117120916,1.4836612525311383,0.03084336593747139
213,defocus_blur/s5,0.0,18.21650505065918,0.00022638431983068585,0.205078125,9.461051102195468,0.7864656573900513,0.1640625,4.683919429779053,5.208288669586182,0.16392299107142858,4.987275063991547,5.836217897278922,0.1640625,4.8518853187561035,3.274273633956909,0.25962611607142855,6.580847442150116,1.515636473628027,0.030024249106645584
214,defocus_blur/s5,0.0,18.266332626342773,0.00018464121967554092,0.20148026315789475,9.615529725426121,0.7726712535975885,0.1484375,4.864137172698975,5.1354827880859375,0.16365131578947367,4.985114750109221,5.8239242988720274,0.1484375,5.146413803100586,3.2321996688842773,0.2576754385964912,6.5556819397106505,1.5457516174044525,0.03062601014971733
215,defocus_blur/s5,0.0,18.315711975097656,0.00018221694335807115,0.19800646551724138,9.765532867661838,0.75935247710355,0.265625,4.072315692901611,4.929409027099609,0.1654094827586207,4.969376835329779,5.808501621772503,0.265625,4.11467981338501,2.9111504554748535,0.2578125,6.5135956961533115,1.5692929766815285,0.022692136466503143
216,defocus_blur/s5,0.0,18.245206832885742,0.0001680308487266302,0.19465042372881355,9.909256155208006,0.7464849441161802,0.28125,4.327678203582764,5.104154586791992,0.1673728813559322,4.9585005873340675,5.79656353643385,0.28125,4.376616477966309,3.216991424560547,0.2582097457627119,6.47737570940438,1.597220069018461,0.02136974036693573
217,defocus_blur/s5,0.0,18.279436111450195,0.00018539500888437033,0.19140625,10.04875915447871,0.7340466182977252,0.21875,4.345091819763184,4.651381015777588,0.16822916666666668,4.948277107874552,5.777477161089579,0.21875,4.701584339141846,2.507781505584717,0.25755208333333335,6.447779186566671,1.6123960929612318,0.010774601250886917
218,defocus_blur/s5,0.0,18.30998420715332,0.00016482165665365756,0.1882684426229508,10.184189073375014,0.7220157691724618,0.234375,4.510457992553711,4.854696750640869,0.16931352459016394,4.941099745328309,5.762349613377305,0.234375,4.8311052322387695,2.7477340698242188,0.257172131147541,6.421276334856377,1.6310081909425924,0.010149996727705002
219,defocus_blur/s5,0.0,18.30389976501465,0.0001488714769948274,0.1852318548387097,10.315152149046622,0.7103727546935026,0.1953125,4.399595260620117,4.644430160522461,0.1697328629032258,4.932365802026564,5.744318654460292,0.1953125,4.747488975524902,2.666400909423828,0.2561743951612903,6.39427976454458,1.6477080734987413,0.008763888850808144
220,defocus_blur/s5,0.0078125,18.152095794677734,0.00015158425958361477,0.1824156746031746,10.439548079929654,0.6990994027818531,0.15625,4.37803840637207,4.897876739501953,0.16951884920634921,4.923566954476493,5.730883068508572,0.1640625,4.610613822937012,2.7768309116363525,0.25471230158730157,6.365967606741284,1.6656306582310842,0.011502194218337536
221,defocus_blur/s5,0.0,18.31121826171875,0.0001546197454445064,0.1795654296875,10.56254292652011,0.6881783905469092,0.234375,4.3991618156433105,4.825753688812256,0.1705322265625,4.915373124182224,5.716740421950817,0.2421875,4.662650108337402,2.7767438888549805,0.2545166015625,6.339353270828724,1.6829918024595827,0.011124099604785442
222,defocus_blur/s5,0.0,18.31427001953125,0.0001461906940676272,0.17680288461538463,10.681800266412589,0.6775932797799424,0.203125,4.471242904663086,4.716262340545654,0.17103365384615385,4.908540351574238,5.701348451467661,0.203125,4.821855068206787,2.7121829986572266,0.25372596153846155,6.31600714463454,1.6988255131703156,0.009258333593606949
223,defocus_blur/s5,0.0,18.31262969970703,0.00014940701657906175,0.17412405303030304,10.797418894189777,0.6673289786774672,0.1875,4.406762599945068,4.508730888366699,0.17128314393939395,4.900937658367735,5.683278488390373,0.1875,4.846653938293457,2.480910301208496,0.2527225378787879,6.293744217265736,1.7106752826860456,0.00682405149564147
224,defocus_blur/s5,0.0,18.319091796875,0.0001376481814077124,0.17152518656716417,10.909682668856721,0.6573708991178245,0.1875,4.487756729125977,4.568174362182617,0.17152518656716417,4.894770778826813,5.666635143223093,0.1875,4.964766979217529,2.431189775466919,0.2517490671641791,6.273908736100838,1.7214292303394916,0.006769509986042976
225,defocus_blur/s5,0.0,18.279504776000977,0.0001423174107912928,0.16900275735294118,11.01806240572649,0.6477057729162505,0.25,4.080185413360596,4.452708721160889,0.17267922794117646,4.882791582275839,5.64878328407512,0.25,4.391279220581055,2.4250688552856445,0.2517233455882353,6.2462230079314285,1.7317768718828173,0.0053240577690303326
226,defocus_blur/s5,0.0,18.33570098876953,0.0001366803189739585,0.1665534420289855,11.12411513881407,0.6383207136032465,0.1171875,4.957728385925293,4.735006332397461,0.171875,4.88387762290844,5.635540139847907,0.1171875,5.544326305389404,2.7403101921081543,0.2497735507246377,6.236050591952559,1.7463932968136193,0.007421860471367836
227,defocus_blur/s5,0.0,18.35987091064453,0.00013453471183311194,0.16417410714285716,11.227483078411646,0.629203768190512,0.203125,4.521365165710449,4.632949352264404,0.17232142857142857,4.878698873519897,5.621217414311,0.203125,4.93415641784668,2.6748218536376953,0.24910714285714286,6.217452103751047,1.7596565619111062,0.0074115926399827
228,defocus_blur/s5,0.0,18.310314178466797,0.00013443536590784788,0.16186179577464788,11.327241262919467,0.6203436367422782,0.1640625,4.538127422332764,4.537364959716797,0.1722051056338028,4.873902092517262,5.605951886781504,0.1640625,5.030188083648682,2.490987777709961,0.2479093309859155,6.2007300752989005,1.7699570015702448,0.00647659320384264
229,defocus_blur/s5,0.0,18.368492126464844,0.0001272808585781604,0.1596137152777778,11.42503641380204,0.6117295206883379,0.25,4.235274791717529,4.208702087402344,0.1732855902777778,4.865032268895043,5.586545639567905,0.25,4.752666473388672,2.192889451980591,0.24793836805555555,6.180618080827925,1.7758310633814998,0.003988944459706545
230,defocus_blur/s5,0.0,18.35504722595215,0.0001255131501238793,0.15742722602739725,11.519968068763001,0.6033513835987733,0.2421875,4.331378936767578,4.056278228759766,0.1742294520547945,4.857721949276859,5.565583072296561,0.2421875,4.965077877044678,2.1025006771087646,0.2478595890410959,6.163966845159662,1.7803059895969418,0.002825421979650855
231,defocus_blur/s5,0.0,18.331525802612305,0.00012701391824521124,0.15529983108108109,11.612016146247452,0.5951997029274149,0.203125,4.34768533706665,4.469054222106934,0.17461993243243243,4.8508295626253695,5.550765114861566,0.203125,4.752623081207275,2.5623116493225098,0.24725506756756757,6.144894632133278,1.7908736336472872,0.0037704864516854286
232,defocus_blur/s5,0.0,18.345251083374023,0.00012768167653121054,0.15322916666666667,11.701792612075806,0.5872654093107363,0.1640625,4.797355651855469,4.200568675994873,0.17447916666666666,4.850116577148437,5.5327624956766766,0.1640625,5.590497970581055,2.229018211364746,0.24614583333333334,6.137502676645915,1.7967155613501866,0.0029015226755291224
233,defocus_blur/s5,0.0,18.353313446044922,0.00012958183651790023,0.15121299342105263,11.789312623049083,0.579539937896602,0.171875,4.724421501159668,4.234720706939697,0.17444490131578946,4.848462694569638,5.515682998456453,0.171875,5.457916736602783,2.269477605819702,0.2451685855263158,6.128560756382189,1.8029361145668907,0.0028950583655387163
234,defocus_blur/s5,0.0,18.343969345092773,0.00012182339560240507,0.14924918831168832,11.874438035023676,0.5720150273186668,0.21875,4.35496187210083,4.072486400604248,0.1750202922077922,4.842053592979134,5.496940185497333,0.21875,4.984257698059082,2.145972490310669,0.244825487012987,6.113699677702669,1.807391132433693,0.0023763913195580244
235,defocus_blur/s5,0.0,18.3466854095459,0.00011816973710665479,0.14733573717948717,11.957415565466269,0.5646830163240315,0.21875,4.3597941398620605,4.237735271453857,0.1755809294871795,4.8358707794776326,5.480796532753186,0.21875,4.896319389343262,2.3316454887390137,0.2444911858974359,6.098092238108317,1.8141123421299152,0.002836759202182293
236,defocus_blur/s5,0.0,18.34359359741211,0.00012972249533049762,0.14547072784810128,12.038253262073178,0.5575367720983517,0.1875,4.296024322509766,4.587367057800293,0.17573180379746836,4.829037280022344,5.469487298893023,0.1875,4.50042200088501,2.8962976932525635,0.24376977848101267,6.077868564219415,1.827810890878303,0.055138811469078064
237,elastic_transform/s5,0.390625,3.0805835723876953,2.800171375274658,0.390625,3.0805835723876953,2.800171375274658,0.4921875,3.11950421333313,5.587095737457275,0.4921875,3.11950421333313,5.587095737457275,0.3984375,3.836268186569214,0.8615267276763916,0.3984375,3.836268186569214,0.8615267276763916,0.9422197937965393
238,elastic_transform/s5,0.375,3.427140235900879,2.7630114555358887,0.3828125,3.253861904144287,2.7815914154052734,0.453125,3.3282883167266846,5.703083515167236,0.47265625,3.2238962650299072,5.645089626312256,0.375,4.610337257385254,0.7973651885986328,0.38671875,4.223302721977234,0.8294459581375122,0.991344690322876
239,elastic_transform/s5,0.40625,3.4368598461151123,2.216541290283203,0.390625,3.314861218134562,2.5932413736979165,0.4140625,3.347060203552246,5.56208610534668,0.453125,3.26495091120402,5.617421785990397,0.40625,4.898661136627197,0.6451572179794312,0.3932291666666667,4.448422193527222,0.7680163780848185,0.9972435235977173
240,elastic_transform/s5,0.3984375,3.291145086288452,1.9246106147766113,0.392578125,3.3089321851730347,2.4260836839675903,0.5078125,3.201862096786499,5.544046401977539,0.466796875,3.24917870759964,5.599077939987183,0.3984375,4.762974739074707,0.590036153793335,0.39453125,4.527060329914093,0.7235213220119476,0.9981693029403687
241,elastic_transform/s5,0.4453125,3.1259853839874268,1.5979299545288086,0.403125,3.272342824935913,2.260452938079834,0.484375,3.136157274246216,5.533034324645996,0.4703125,3.226574420928955,5.585869216918946,0.4453125,4.621464252471924,0.5044180154800415,0.4046875,4.545941114425659,0.6797006607055665,0.999026894569397
242,elastic_transform/s5,0.2734375,4.5078935623168945,1.6515944004058838,0.3815104166666667,3.478267947832743,2.1589765151341758,0.4140625,3.3082923889160156,5.5241827964782715,0.4609375,3.240194082260132,5.5755881468455,0.2734375,6.8536810874938965,0.5990456342697144,0.3828125,4.930564443270366,0.6662581562995911,0.998342752456665
243,elastic_transform/s5,0.296875,5.295943737030029,0.8829360008239746,0.36941964285714285,3.7379359177180698,1.9766850130898612,0.59375,2.8438570499420166,5.478830337524414,0.4799107142857143,3.1835745062146867,5.561765602656773,0.296875,8.421533584594727,0.2949695289134979,0.3705357142857143,5.429274320602417,0.6132169238158635,0.9957220554351807
244,elastic_transform/s5,0.0859375,8.383546829223633,0.5252810716629028,0.333984375,4.318637281656265,1.7952595204114914,0.4921875,3.015075445175171,5.434202671051025,0.4814453125,3.1625121235847473,5.545820236206055,0.0859375,12.629423141479492,0.18084561824798584,0.3349609375,6.329292923212051,0.5591705106198788,0.9413965940475464
245,elastic_transform/s5,0.0078125,11.308479309082031,0.1746251881122589,0.2977430555555556,5.095286395814684,1.61518903904491,0.4765625,3.046189308166504,5.3817524909973145,0.4809027777777778,3.1495873663160534,5.527590486738417,0.0859375,5.351571559906006,1.0855528116226196,0.3072916666666667,6.220657216178046,0.6176574329535166,0.45361343026161194
246,elastic_transform/s5,0.0078125,12.569202423095703,0.08400033414363861,0.26875,5.8426779985427855,1.4620701685547828,0.53125,2.808488368988037,5.023149490356445,0.4859375,3.115477466583252,5.47714638710022,0.53125,2.3425722122192383,2.680403232574463,0.3296875,5.832848715782165,0.8239320129156112,0.061081964522600174
247,elastic_transform/s5,0.0078125,12.904476165771484,0.1593385934829712,0.2450284090909091,6.484659650109031,1.3436400253664365,0.5390625,2.8990068435668945,5.230765342712402,0.49076704545454547,3.0957983190363105,5.4547481103376905,0.5390625,2.3388025760650635,2.7567474842071533,0.3487215909090909,5.515208157626065,0.9996425103057515,0.02445756271481514
248,elastic_transform/s5,0.0,13.682267189025879,0.0431302972137928,0.224609375,7.084460278352101,1.2352642146870494,0.53125,2.691119909286499,4.938511848449707,0.494140625,3.062075118223826,5.411728421847026,0.53125,2.1823275089263916,2.4037673473358154,0.3639322916666667,5.2374681035677595,1.1166529133915901,0.010237681679427624
249,elastic_transform/s5,0.0,14.43980598449707,0.019993910565972328,0.20733173076923078,7.650256101901714,1.1417818836008127,0.3828125,3.4005496501922607,5.377979278564453,0.4855769230769231,3.0881116206829367,5.409132333902212,0.3828125,2.965433359146118,3.025127410888672,0.36538461538461536,5.06269620015071,1.2634586439682887,0.012977378442883492
250,elastic_transform/s5,0.0,15.048226356506348,0.013642852194607258,0.19252232142857142,8.178682548659188,1.0612005242146552,0.5625,2.8276171684265137,5.042774677276611,0.49107142857142855,3.069504874093192,5.382963929857526,0.5625,2.3662469387054443,2.331399440765381,0.3794642857142857,4.870092681476048,1.3397401294537954,0.00777769461274147
251,elastic_transform/s5,0.0,15.474238395690918,0.00858449749648571,0.1796875,8.665052938461304,0.9910261224334439,0.4453125,3.2866275310516357,5.19907283782959,0.48802083333333335,3.0839797178904216,5.37070452372233,0.4453125,2.889324903488159,2.8033323287963867,0.38385416666666666,4.738041496276855,1.4373129427433013,0.008971605449914932
252,elastic_transform/s5,0.0,16.075780868530273,0.004366424400359392,0.16845703125,9.128223434090614,0.9293598913063761,0.453125,3.1606736183166504,5.309286594390869,0.48583984375,3.088773086667061,5.366865903139114,0.4609375,2.6485698223114014,2.9433836936950684,0.388671875,4.607449516654015,1.5314423646777868,0.011128024198114872
253,elastic_transform/s5,0.0,16.430397033691406,0.008818316273391247,0.15854779411764705,9.557763057596544,0.875210386892671,0.5,2.6898999214172363,4.831995010375977,0.4866727941176471,3.065309959299424,5.335402909447165,0.5,2.2641310691833496,2.2212414741516113,0.3952205882352941,4.469607255038093,1.5720187828821295,0.005772269330918789
254,elastic_transform/s5,0.0,16.935152053833008,0.0019245700677856803,0.14973958333333334,9.967618001831902,0.8266945081801774,0.53125,2.6905713081359863,4.931867599487305,0.4891493055555556,3.0444911453458996,5.312984281116062,0.53125,2.2223918437957764,2.215592861175537,0.4027777777777778,4.34476195441352,1.6077728983428743,0.004794866777956486
255,elastic_transform/s5,0.0078125,17.02825164794922,0.001402328023687005,0.14226973684210525,10.339230298995972,0.7832580776456254,0.4296875,2.9357845783233643,5.078888893127441,0.48601973684210525,3.038769747081556,5.300663471221924,0.4296875,2.487788200378418,2.455507278442383,0.4041940789473684,4.247026493674831,1.65239049729548,0.005821032915264368
256,elastic_transform/s5,0.0,17.641332626342773,0.0010445259977132082,0.13515625,10.704335415363312,0.7441474000632298,0.546875,2.6779863834381104,4.8543901443481445,0.4890625,3.0207305788993835,5.278349804878235,0.546875,2.197035074234009,2.3528430461883545,0.411328125,4.14452692270279,1.6874131247401238,0.004348887130618095
257,elastic_transform/s5,0.0,17.706682205200195,0.0007987871067598462,0.12872023809523808,11.03778050059364,0.7087498470653026,0.5,2.8115272521972656,4.8040571212768555,0.4895833333333333,3.0107685157230923,5.255764438992455,0.5,2.431957960128784,2.2884409427642822,0.41555059523809523,4.062976019723075,1.7160334970269884,0.003676945110782981
258,elastic_transform/s5,0.0,17.977956771850586,0.0006242165109142661,0.12286931818181818,11.353243058378046,0.6765623184037395,0.4765625,2.5788838863372803,4.462033271789551,0.4889914772727273,2.991137396205555,5.219685749574141,0.4765625,2.280864715576172,1.903329610824585,0.41832386363636365,3.98197096044367,1.724546956745061,0.0021026094909757376
259,elastic_transform/s5,0.0,18.082094192504883,0.0005257005104795098,0.11752717391304347,11.645801803340083,0.6471694219735977,0.515625,2.5648114681243896,4.441218852996826,0.49014945652173914,2.972601486288983,5.185839362766432,0.515625,2.2681679725646973,1.915144920349121,0.422554347826087,3.907457787057628,1.7328338247278463,0.0018369315657764673
260,elastic_transform/s5,0.0,18.15212059020996,0.00044599894317798316,0.11263020833333333,11.916898419459661,0.6202226126806636,0.484375,2.7164320945739746,4.510480880737305,0.4899088541666667,2.961927761634191,5.157699426015218,0.484375,2.4407432079315186,2.0358495712280273,0.4251302083333333,3.84634467959404,1.7454594808320205,0.0017834948375821114
261,elastic_transform/s5,0.0,18.189836502075195,0.00038200229755602777,0.108125,12.167815942764282,0.5954289882653393,0.4375,2.8438854217529297,4.754240989685059,0.4878125,2.9572060680389405,5.141561088562011,0.4375,2.5357859134674072,2.1104423999786377,0.425625,3.7939223289489745,1.7600587975978852,0.0022778604179620743
262,elastic_transform/s5,0.0,18.25710105895996,0.00032937174546532333,0.10396634615384616,12.402019216464115,0.5725405414761133,0.5546875,2.4575817584991455,4.053146839141846,0.49038461538461536,2.937989748441256,5.099699002045852,0.5546875,2.2827837467193604,1.660241723060608,0.4305889423076923,3.7358016142478356,1.7562196793464513,0.0011139616835862398
263,elastic_transform/s5,0.0,18.344467163085938,0.00031210578163154423,0.10011574074074074,12.622109881153813,0.5513468957096511,0.515625,2.672666549682617,4.198713302612305,0.4913194444444444,2.928162963302047,5.066329161326091,0.515625,2.503923177719116,1.8827886581420898,0.43373842592592593,3.690176486968994,1.7609074193018455,0.0010009281104430556
264,elastic_transform/s5,0.0,18.305566787719727,0.0002689051616471261,0.09654017857142858,12.82509048495974,0.5316655389043652,0.453125,2.6798830032348633,4.036306858062744,0.48995535714285715,2.9192958218710765,5.029542650495257,0.453125,2.6355702877044678,1.59205162525177,0.43443080357142855,3.6525119798524037,1.7548768552286285,0.0007451387355104089
265,elastic_transform/s5,0.0,18.320083618164062,0.00025844815536402166,0.09321120689655173,13.01457300679437,0.5133411564647445,0.546875,2.6026148796081543,4.274672508239746,0.49191810344827586,2.9083757893792512,5.003512645589894,0.546875,2.3657748699188232,1.916439175605774,0.43830818965517243,3.6081417346822806,1.760447969724392,0.0008249021484516561
266,elastic_transform/s5,0.0,18.303346633911133,0.00022621804964728653,0.09010416666666667,13.190865461031596,0.49623732518424124,0.5390625,2.3118703365325928,3.975411891937256,0.4934895833333333,2.8884922742843626,4.9692426204681395,0.5390625,2.1076395511627197,1.57377290725708,0.44166666666666665,3.5581249952316285,1.7542254676421483,0.000611180963460356
267,elastic_transform/s5,0.0,18.344623565673828,0.00021036219550296664,0.0871975806451613,13.357115722471669,0.480236455410411,0.5703125,2.341442108154297,4.011418342590332,0.4959677419354839,2.87084549473178,4.938345063117243,0.5703125,2.108449697494507,1.685279369354248,0.4458165322580645,3.5113612759497856,1.7520013999554418,0.0005801362567581236
268,elastic_transform/s5,0.0,18.301944732666016,0.0002368409768678248,0.08447265625,13.511641629040241,0.46523646745936276,0.5078125,2.46040415763855,3.786334991455078,0.496337890625,2.8580192029476166,4.9023447483778,0.5078125,2.397859811782837,1.4969289302825928,0.44775390625,3.4765643551945686,1.7440303852781653,0.00044603823334909976
269,elastic_transform/s5,0.0,18.344375610351562,0.0001915059838211164,0.08191287878787878,13.658088113322403,0.45114419589949784,0.5,2.3446123600006104,3.9101195335388184,0.49644886363636365,2.8424614198280103,4.8722773176251035,0.5,2.1699752807617188,1.589627742767334,0.4493371212121212,3.436970746878422,1.7393515173232916,0.000468061858555302
270,elastic_transform/s5,0.0,18.3623104095459,0.00018461121362634003,0.07950367647058823,13.796447592623094,0.4378806787028546,0.578125,2.2135612964630127,3.71152663230896,0.49885110294117646,2.8239643573760986,4.838137591586394,0.578125,2.0510928630828857,1.5156599283218384,0.453125,3.3962096326491413,1.732772352940896,0.00036588864168152213
271,elastic_transform/s5,0.0,18.30974578857422,0.00017338334873784333,0.07723214285714286,13.925398969650269,0.42537475597845126,0.515625,2.5381245613098145,3.7937750816345215,0.4993303571428571,2.815797506059919,4.808298662730626,0.515625,2.5013325214385986,1.5471923351287842,0.4549107142857143,3.370641715185983,1.7274700667176928,0.0003529464884195477
272,elastic_transform/s5,0.0,18.332733154296875,0.00016345386393368244,0.07508680555555555,14.047824919223785,0.41356333091971464,0.53125,2.389036178588867,3.951080799102783,0.5002170138888888,2.8039430247412787,4.78448705540763,0.53125,2.2002956867218018,1.66341233253479,0.45703125,3.3381321032842,1.7256906852126122,0.00041120138484984636
273,elastic_transform/s5,0.0,18.337705612182617,0.00015953395632095635,0.07305743243243243,14.163767640655106,0.4023902553261094,0.5625,2.4235239028930664,3.5643601417541504,0.5019003378378378,2.793661426853489,4.751510652335915,0.5625,2.413257360458374,1.4697972536087036,0.45988175675675674,3.3131354886132316,1.7187746465206146,0.0003231606387998909
274,elastic_transform/s5,0.0,18.36973762512207,0.00016125582624226809,0.07113486842105263,14.274451061298972,0.3918052816550603,0.4765625,2.5708882808685303,3.9689018726348877,0.501233552631579,2.7877989756433585,4.730915684449045,0.4765625,2.469053030014038,1.6663472652435303,0.4603207236842105,3.2909227923343054,1.7173949785922702,0.0003988726530224085
275,elastic_transform/s5,0.0,18.363388061523438,0.0001527548156445846,0.06931089743589744,14.379295599766266,0.38176290917199834,0.46875,2.5334243774414062,3.912909984588623,0.5004006410256411,2.7812765500484367,4.709941179324419,0.46875,2.4188101291656494,1.690582036972046,0.460536858974359,3.268560929176135,1.7167074672686748,0.0004966632695868611
276,elastic_transform/s5,0.0,18.406095504760742,0.0001525448024040088,0.067578125,14.479965597391129,0.37222265006275845,0.4921875,2.4868898391723633,3.5693206787109375,0.5001953125,2.773916882276535,4.681425666809082,0.4921875,2.4978015422821045,1.4755043983459473,0.461328125,3.249291944503784,1.7106773905456065,0.00035122374538332224
277,elastic_transform/s5,0.0,18.410297393798828,0.0001453758595744148,0.06592987804878049,14.575827348523024,0.3631475945943881,0.40625,2.943589210510254,3.9706106185913086,0.49790396341463417,2.77805523174565,4.664088714413527,0.40625,3.008168935775757,1.7281893491744995,0.45998475609756095,3.2434108955104177,1.7111045114877748,0.0004633734642993659
278,elastic_transform/s5,0.0,18.40484619140625,0.00013898803445044905,0.06436011904761904,14.666994463829766,0.3545045325334372,0.6328125,1.9735198020935059,3.1189162731170654,0.5011160714285714,2.758899626277742,4.627298894382658,0.6328125,1.9474889039993286,1.1149781942367554,0.4640997023809524,3.212555609998249,1.696911027743703,0.00018235130119137466
279,elastic_transform/s5,0.0078125,18.226839065551758,0.00013721987488679588,0.06304505813953488,14.749781547590743,0.3462634322390523,0.4140625,2.836899518966675,3.8265395164489746,0.49909156976744184,2.760713577270508,4.608676583267922,0.4140625,2.903031826019287,1.663103699684143,0.4629360465116279,3.2053573824638546,1.6961248108120852,0.0003056946734432131
280,elastic_transform/s5,0.0,18.366912841796875,0.00015507193165831268,0.06161221590909091,14.83198907700452,0.338397333141157,0.546875,2.405212640762329,2.9679601192474365,0.5001775568181818,2.7526340105316858,4.571387572722002,0.546875,2.615032434463501,1.1826491355895996,0.46484375,3.1919409063729374,1.6844549091024832,0.0001347049983451143
281,elastic_transform/s5,0.0,18.356388092041016,0.00013282449799589813,0.06024305555555556,14.910309055116441,0.3308803440601979,0.609375,2.159661293029785,2.856123924255371,0.5026041666666666,2.7394568390316434,4.533270602756076,0.609375,2.317390203475952,1.0482585430145264,0.46805555555555556,3.1725064463085597,1.6703172120783063,8.351929136551917e-05
282,elastic_transform/s5,0.0,18.354537963867188,0.00013377374853007495,0.05893342391304348,14.985183596611023,0.32369020122733555,0.453125,2.587594509124756,3.548628091812134,0.5015285326086957,2.7361554840336675,4.511865330779034,0.453125,2.594937324523926,1.6818382740020752,0.46773097826086957,3.1599505958349807,1.6705676699462144,0.0001511768059572205
283,elastic_transform/s5,0.0,18.35405158996582,0.00013507883704733104,0.057679521276595744,15.056861639022827,0.3168060496871166,0.5234375,2.4052133560180664,3.2984752655029297,0.5019946808510638,2.7291141621609953,4.486048520879542,0.5234375,2.4604861736297607,1.4247403144836426,0.4689162234042553,3.1450683740859335,1.6653373006810532,0.00015611494018230587
284,elastic_transform/s5,0.0,18.34471893310547,0.00012699396756943315,0.056477864583333336,15.125358665982882,0.3102085693596261,0.59375,1.965193748474121,2.869081974029541,0.50390625,2.7131991535425186,4.4523617178201675,0.59375,2.0077717304229736,1.0908334255218506,0.4715169270833333,3.121374694009622,1.65336846994857,9.878166019916534e-05
285,elastic_transform/s5,0.0,18.406234741210938,0.00012692774180322886,0.05532525510204082,15.192315320579374,0.3038803725919154,0.5234375,2.3097915649414062,3.141493320465088,0.5043048469387755,2.7049663456118838,4.425609301547615,0.5234375,2.4131171703338623,1.2503373622894287,0.4725765306122449,3.1069204588325654,1.645143345302465,0.00010633392230374739
286,elastic_transform/s5,0.0,18.333532333374023,0.0001198261379613541,0.05421875,15.255139660835265,0.2978051616628363,0.546875,2.103386640548706,2.9243311882019043,0.50515625,2.69293475151062,4.395583739280701,0.546875,2.159763813018799,1.2205686569213867,0.4740625,3.0879773259162904,1.6366518515348434,8.580552821513265e-05
287,elastic_transform/s5,0.0,18.409170150756836,0.00012308188888709992,0.05315563725490196,15.316983395931768,0.29196825813785693,0.5,2.5054492950439453,2.920952320098877,0.5050551470588235,2.689258566089705,4.366669397728116,0.5,2.778829336166382,1.1986082792282104,0.47457107843137253,3.0819156006270765,1.6280627618817722,8.260760660050437e-05
288,elastic_transform/s5,0.0,18.397390365600586,0.00011695122520904988,0.052133413461538464,15.376221991502321,0.2863557330049214,0.625,1.863808035850525,2.405343532562256,0.5073617788461539,2.673384517431259,4.328951592628773,0.625,2.017807960510254,0.9087269306182861,0.4774639423076923,3.0614519921632914,1.6142293805113206,4.7158806410152465e-05
289,elastic_transform/s5,0.0,18.351716995239258,0.00011734280269593,0.0511497641509434,15.43236340666717,0.28095500866148315,0.5390625,2.285661220550537,2.7773351669311523,0.5079599056603774,2.6660689835278495,4.299675811011836,0.5390625,2.4922916889190674,1.12957763671875,0.478626179245283,3.050713118517174,1.6050850079869323,4.497866393649019e-05
290,elastic_transform/s5,0.0078125,18.269372940063477,0.0001215186930494383,0.050347222222222224,15.484900620248583,0.27575438847688255,0.4921875,2.441803216934204,2.699049234390259,0.5076678240740741,2.6619159137761153,4.270034578111437,0.4921875,2.751816987991333,1.1170830726623535,0.4788773148148148,3.0451780049889177,1.5960479351105514,4.91051105200313e-05
291,elastic_transform/s5,0.0,18.35386085510254,0.00011376955080777407,0.04943181818181818,15.537063533609563,0.27074274086004485,0.5625,2.3773486614227295,2.723482847213745,0.5086647727272727,2.6567419637333263,4.241915455731479,0.5625,2.6415915489196777,1.1553618907928467,0.4803977272727273,3.037840069424022,1.588035461577502,5.025583959650248e-05
292,elastic_transform/s5,0.0078125,18.250783920288086,0.00011442047252785414,0.04868861607142857,15.585522826228823,0.2659100922816963,0.5234375,2.3299524784088135,2.648914098739624,0.5089285714285714,2.6509064372096742,4.213469002928052,0.5234375,2.5982301235198975,1.1002647876739502,0.48116629464285715,3.0299898918185915,1.5793252709720815,4.667350367526524e-05
293,elastic_transform/s5,0.0,18.399194717407227,0.00011581951548578218,0.0478344298245614,15.634885490986338,0.26124703486474526,0.421875,2.689483880996704,2.827512264251709,0.5074013157894737,2.6515832344690957,4.1891539724249585,0.421875,3.0713188648223877,1.1700966358184814,0.48012609649122806,3.0307149615204123,1.5721458212325448,5.7845551054924726e-05
294,elastic_transform/s5,0.0,18.415979385375977,0.00011372630979167297,0.04700969827586207,15.682835385717194,0.25674473644138396,0.5859375,2.0850918292999268,2.4807827472686768,0.5087553879310345,2.641816141276524,4.159699296129161,0.5859375,2.28596568107605,1.046217918395996,0.48195043103448276,3.0178744566851647,1.5630780987698456,4.332366734161042e-05
295,elastic_transform/s5,0.0,18.403039932250977,0.00011159261339344084,0.04621292372881356,15.728940547522852,0.25239502213921466,0.6171875,1.7631460428237915,2.2658984661102295,0.510593220338983,2.626923427743427,4.127600976976297,0.6171875,1.8974201679229736,0.9130654335021973,0.4842425847457627,2.9988837060281788,1.5520609349517498,2.8026306608808227e-05
296,elastic_transform/s5,0.0,18.42011833190918,0.00011466025898698717,0.04544270833333333,15.773793510595958,0.24819034944121085,0.5703125,1.9604495763778687,2.306215763092041,0.5115885416666667,2.6158155302206674,4.097244556744894,0.5703125,2.156367778778076,0.981074333190918,0.4856770833333333,2.9848417739073434,1.5425444915890694,2.3032565877656452e-05
297,elastic_transform/s5,0.0078125,18.250579833984375,0.00011429261940065771,0.044825819672131145,15.814396565077734,0.24412352883757463,0.5625,1.995463252067566,2.636167526245117,0.5124231557377049,2.605645820742748,4.073292474277684,0.5625,2.097382068634033,1.108161449432373,0.4869364754098361,2.9702932541487646,1.5354234581110908,3.248134453315288e-05
298,elastic_transform/s5,0.0,18.40733528137207,0.00011342331708874553,0.044102822580645164,15.85621815727603,0.240187881974341,0.53125,2.1212618350982666,2.2240445613861084,0.512726814516129,2.597833175812998,4.043465895037497,0.53125,2.434082269668579,0.933429479598999,0.4876512096774194,2.9616446898829554,1.5257138778125086,2.4515453333151527e-05
299,elastic_transform/s5,0.0,18.3990535736084,0.00011125888704555109,0.043402777777777776,15.896580624201942,0.2363771419253363,0.5703125,2.050605058670044,2.1814489364624023,0.513640873015873,2.5891470152234275,4.01391007029821,0.5703125,2.350533962249756,0.896426260471344,0.48896329365079366,2.9519445196030634,1.51572518547376,2.193850559706334e-05
300,elastic_transform/s5,0.0,18.39300537109375,0.00010574226325843483,0.042724609375,15.935587260872126,0.23268540130561632,0.5546875,2.2268106937408447,2.503793716430664,0.5142822265625,2.583485510200262,3.9903145022690296,0.5546875,2.5018794536590576,1.0139106512069702,0.489990234375,2.944912252947688,1.5078843333758414,2.669418063305784e-05
301,elastic_transform/s5,0.0,18.41067886352539,0.00010624754941090941,0.042067307692307696,15.973665593220638,0.22910726047859778,0.515625,2.352407693862915,2.23125958442688,0.5143028846153846,2.5799304668719953,3.963252118917612,0.515625,2.798731803894043,0.8730234503746033,0.49038461538461536,2.942663322962247,1.49811724286813,2.1447218387038447e-05
302,elastic_transform/s5,0.0,18.37609100341797,0.00010756486153695732,0.04142992424242424,16.010065978223626,0.22563756812076352,0.53125,2.11838698387146,2.1346888542175293,0.5145596590909091,2.5729373837962295,3.9355466149070044,0.53125,2.473207473754883,0.8550221920013428,0.4910037878787879,2.9355503555500144,1.4883733784610576,1.6874118955456652e-05
303,elastic_transform/s5,0.0,18.406049728393555,0.00010486262908671051,0.04081156716417911,16.0458269297187,0.22227140833730566,0.59375,1.9621139764785767,2.0547685623168945,0.515741604477612,2.5638206165228317,3.9074753006892418,0.59375,2.2613906860351562,0.8420350551605225,0.4925373134328358,2.9254882709303898,1.478726537814781,1.786908251233399e-05
304,elastic_transform/s5,0.0,18.407859802246094,0.00011207655188627541,0.04021139705882353,16.08056270725587,0.21900435934046125,0.484375,2.255497694015503,2.34841251373291,0.5152803308823529,2.5592864558977237,3.884547906763413,0.484375,2.5671370029449463,1.0648868083953857,0.4924172794117647,2.9202183993423687,1.4726406594409662,2.1542269678320736e-05
305,elastic_transform/s5,0.0078125,18.261363983154297,0.0001021809148369357,0.03974184782608696,16.1121685228486,0.21583186400095947,0.4765625,2.439993143081665,2.1235899925231934,0.5147192028985508,2.557557567306187,3.8590267775715263,0.4765625,2.9541642665863037,0.8931164741516113,0.4921875,2.9207103684328604,1.4642417582048886,1.9277675164630637e-05
306,elastic_transform/s5,0.0,18.398710250854492,0.00010520097566768527,0.03917410714285714,16.144833404677254,0.21275005452916956,0.53125,2.2990939617156982,2.0586483478546143,0.5149553571428571,2.5538652300834657,3.8333070857184275,0.53125,2.739915132522583,0.9262416362762451,0.4927455357142857,2.918127579348428,1.4565560421773365,1.86022025445709e-05
307,elastic_transform/s5,0.0,18.405372619628906,0.0001028207188937813,0.03862235915492958,16.17667198516953,0.20975502306705301,0.4921875,2.5618033409118652,2.083942174911499,0.5146346830985915,2.5539770344613304,3.808668143312696,0.4921875,3.1304361820220947,0.9370607137680054,0.492737676056338,2.921117841357916,1.4492392065659376,1.644180520088412e-05
308,elastic_transform/s5,0.0,18.350799560546875,0.00014086367445997894,0.0380859375,16.206868201494217,0.20684371529771145,0.5859375,1.9526933431625366,1.6658400297164917,0.515625,2.5456258720821805,3.778906641734971,0.5859375,2.3671250343322754,0.730842113494873,0.4940321180555556,2.913423496815893,1.4392614691621728,9.40194968279684e-06
309,elastic_transform/s5,0.0,18.41461753845215,0.00010266192839480937,0.037564212328767124,16.23711134309638,0.20401164607347422,0.5234375,2.098339319229126,1.926378846168518,0.5157320205479452,2.539498659029399,3.7535295486450195,0.5234375,2.5083565711975098,0.8016895055770874,0.4944349315068493,2.907874634821121,1.4305276066473085,9.706356649985537e-06
310,elastic_transform/s5,0.0,18.378232955932617,0.00010233822104055434,0.037056587837837836,16.26604541894552,0.20125611488627917,0.5625,2.106806516647339,1.9468741416931152,0.5163640202702703,2.533651467916128,3.7291152863889128,0.5625,2.4997305870056152,0.849938690662384,0.4953547297297297,2.902359174715506,1.42268181048535,1.0450003173900768e-05
311,elastic_transform/s5,0.0,18.420682907104492,9.848437912296504e-05,0.0365625,16.294773918787637,0.19857401314618375,0.6171875,2.121079921722412,1.8466792106628418,0.5177083333333333,2.528150513966878,3.704016138712565,0.6171875,2.5544233322143555,0.8239481449127197,0.4969791666666667,2.897720030148824,1.4146986949443816,1.041824998537777e-05
312,elastic_transform/s5,0.0,18.383625030517578,9.868284541880712e-05,0.03608141447368421,16.322258801836718,0.19596249564222634,0.46875,2.4538607597351074,1.9342756271362305,0.5170641447368421,2.5271730172006706,3.6807300793497184,0.46875,3.0071587562561035,0.9080421924591064,0.4966077302631579,2.899160013387078,1.4080321620169438,1.0336446393921506e-05
313,elastic_transform/s5,0.0,18.38462257385254,0.00010447279782965779,0.03561282467532467,16.349042746927832,0.19341888495593546,0.546875,2.12662410736084,1.910628318786621,0.5174512987012987,2.521971083306647,3.657741744796951,0.546875,2.5393006801605225,0.8463351130485535,0.49726055194805197,2.8944865155529667,1.4007373951472246,1.0147946341021452e-05
314,elastic_transform/s5,0.0,18.4099178314209,9.800207044463605e-05,0.03515625,16.37546422237005,0.19094041209842919,0.5859375,1.927604079246521,1.8281620740890503,0.5183293269230769,2.5143509935110044,3.6342855951724906,0.5859375,2.27413272857666,0.7944517135620117,0.4983974358974359,2.886533261873783,1.392964501793568,9.11254664970329e-06
315,elastic_transform/s5,0.0,18.420682907104492,0.00010614527855068445,0.03471123417721519,16.401353066480613,0.1885247884677978,0.6875,1.823082447052002,2.606901168823242,0.5204707278481012,2.5056007587457003,3.621280729016171,0.6875,1.8789536952972412,1.013999104499817,0.5007911392405063,2.873779090144966,1.3881674714480774,0.0002277899329783395
316,fog/s5,0.4921875,3.0183463096618652,4.807033061981201,0.4921875,3.0183463096618652,4.807033061981201,0.6484375,2.8363404273986816,5.693160057067871,0.6484375,2.8363404273986816,5.693160057067871,0.59375,1.8540486097335815,2.312041997909546,0.59375,1.8540486097335815,2.312041997909546,0.6430057287216187
317,fog/s5,0.40625,2.6836605072021484,3.030423879623413,0.44921875,2.851003408432007,3.918728470802307,0.6171875,2.6142637729644775,5.392746925354004,0.6328125,2.7253021001815796,5.5429534912109375,0.484375,2.787724494934082,1.0071409940719604,0.5390625,2.320886552333832,1.6595914959907532,0.8934692740440369
318,fog/s5,0.453125,2.8768362998962402,2.1780343055725098,0.4505208333333333,2.859614372253418,3.3384970823923745,0.5859375,2.945249319076538,5.542537689208984,0.6171875,2.7986178398132324,5.54281489054362,0.453125,3.946157455444336,0.5999225378036499,0.5104166666666666,2.862643520037333,1.3063685099283855,0.9881227612495422
319,fog/s5,0.4296875,3.2959914207458496,2.0669026374816895,0.4453125,2.968708634376526,3.0205984711647034,0.5546875,2.97733473777771,5.5986785888671875,0.6015625,2.843297064304352,5.556780815124512,0.4296875,4.709442615509033,0.6063549518585205,0.490234375,3.324343293905258,1.1313651204109192,0.9962739944458008
320,fog/s5,0.4296875,3.0925374031066895,1.7665719985961914,0.4421875,2.9934743881225585,2.769793176651001,0.6015625,2.68239688873291,5.492701053619385,0.6015625,2.8111170291900636,5.543964862823486,0.4296875,4.472601890563965,0.5100753903388977,0.478125,3.5539950132369995,1.007107174396515,0.9980556964874268
321,fog/s5,0.3984375,3.5395305156707764,1.5145857334136963,0.4348958333333333,3.0844837427139282,2.56059193611145,0.59375,2.768789291381836,5.516181945800781,0.6002604166666666,2.8040624062220254,5.539334376653035,0.3984375,5.315366268157959,0.4844092130661011,0.46484375,3.8475568890571594,0.9199908475081126,0.9983943104743958
322,fog/s5,0.4453125,3.280238151550293,1.1889152526855469,0.43638392857142855,3.11244865826198,2.364638124193464,0.625,2.786567449569702,5.641513347625732,0.6037946428571429,2.801563126700265,5.553931372506278,0.4453125,5.021144390106201,0.39448082447052,0.46205357142857145,4.01521224634988,0.8449179870741708,0.9988773465156555
323,fog/s5,0.328125,4.749030113220215,0.8645950555801392,0.4228515625,3.3170213401317596,2.1771327406167984,0.625,2.708968162536621,5.487846851348877,0.6064453125,2.7899887561798096,5.545670807361603,0.328125,7.408719062805176,0.27930858731269836,0.4453125,4.439400598406792,0.7742168121039867,0.9971721768379211
324,fog/s5,0.265625,5.679009437561035,0.522446870803833,0.4053819444444444,3.579464462068346,1.9932787550820246,0.640625,2.6055564880371094,5.368708610534668,0.6102430555555556,2.769496281941732,5.526008341047499,0.28125,8.681927680969238,0.19424033164978027,0.4270833333333333,4.910792496469286,0.7097749809424082,0.9882547855377197
325,fog/s5,0.09375,8.179079055786133,0.2518431544303894,0.37421875,4.039425921440125,1.819135195016861,0.5625,2.744276285171509,5.450677394866943,0.60546875,2.7669742822647097,5.5184752464294435,0.1015625,11.427216529846191,0.11162716895341873,0.39453125,5.562434899806976,0.6499601997435093,0.9012811779975891
326,fog/s5,0.0546875,9.339384078979492,0.1479489803314209,0.34517045454545453,4.521240299398249,1.6672091755000027,0.640625,2.445704221725464,5.318714141845703,0.6086647727272727,2.737767913124778,5.500315146012739,0.1875,5.351025104522705,0.25202590227127075,0.3757102272727273,5.543215827508406,0.6137843545187603,0.5277959108352661
327,fog/s5,0.0078125,11.466633796691895,0.04340602457523346,0.3170572916666667,5.100023090839386,1.531892246256272,0.65625,2.455465793609619,5.271111011505127,0.6126302083333334,2.7142427364985147,5.481214801470439,0.6796875,1.6915721893310547,2.948335647583008,0.4010416666666667,5.2222455243269605,0.8083302956074476,0.11758952587842941
328,fog/s5,0.0078125,12.79780101776123,0.023910753428936005,0.2932692307692308,5.692159854448759,1.4158936698849385,0.5625,2.8094215393066406,5.247270107269287,0.6087740384615384,2.7215641828683705,5.463219055762658,0.5625,2.1694746017456055,2.8535003662109375,0.41346153846153844,4.9874169918207025,0.9656510702692546,0.04183848202228546
329,fog/s5,0.0,13.771326065063477,0.006809048354625702,0.27232142857142855,6.2692431552069525,1.315244768347059,0.6484375,2.496074676513672,4.990392684936523,0.6116071428571429,2.705457789557321,5.429445743560791,0.6484375,1.8892518281936646,2.301307439804077,0.4302455357142857,4.766119480133057,1.061055096664599,0.012433793395757675
330,fog/s5,0.0,14.55875301361084,0.005027669481933117,0.25416666666666665,6.821877145767212,1.2278969617560507,0.6328125,2.2788617610931396,4.950483798980713,0.6130208333333333,2.6770180543263753,5.397514947255453,0.6328125,1.5795612335205078,2.272970199584961,0.44375,4.55368226369222,1.1418494368592897,0.007196015678346157
331,fog/s5,0.0,15.197479248046875,0.011496233753859997,0.23828125,7.345352277159691,1.1518719162559137,0.5625,2.935161828994751,5.428144931793213,0.60986328125,2.693152040243149,5.3994293212890625,0.5625,2.2773516178131104,2.8191099166870117,0.451171875,4.411411598324776,1.2466782168485224,0.011160235852003098
332,fog/s5,0.0,15.238885879516602,0.015452190302312374,0.22426470588235295,7.809677783180685,1.0850236970821725,0.671875,2.109387159347534,4.808775901794434,0.6135110294117647,2.6588129296022305,5.364685002495261,0.671875,1.4216305017471313,2.081932544708252,0.4641544117647059,4.235542122055502,1.295810824369683,0.005552814807742834
333,fog/s5,0.0,16.0429744720459,0.004706963896751404,0.21180555555555555,8.26708315478431,1.0250061007940934,0.5546875,2.600576639175415,5.065412521362305,0.6102430555555556,2.6555775801340737,5.34805875354343,0.5546875,2.006336212158203,2.354515314102173,0.4691840277777778,4.11169734928343,1.3546277404659324,0.005771968048065901
334,fog/s5,0.0,16.496746063232422,0.006076652090996504,0.20065789473684212,8.700223307860526,0.9713782350728778,0.6015625,2.3980093002319336,4.980236053466797,0.6097861842105263,2.6420213548760665,5.328699664065712,0.6015625,1.7524491548538208,2.271463394165039,0.4761513157894737,3.9875263916818717,1.4028822485553591,0.005398416426032782
335,fog/s5,0.0,16.70965003967285,0.0010367000941187143,0.190625,9.100694644451142,0.9228611583239399,0.59375,2.3729259967803955,4.888797760009766,0.608984375,2.628566586971283,5.306704568862915,0.59375,1.7725118398666382,2.141207695007324,0.48203125,3.8767756640911104,1.4397985208779573,0.004020409658551216
336,fog/s5,0.0,16.946409225463867,0.0008969688205979764,0.18154761904761904,9.474300100689842,0.8789581016809236,0.5859375,2.4953322410583496,5.064209938049316,0.6078869047619048,2.6222220943087624,5.295157205490839,0.5859375,1.8215888738632202,2.464519500732422,0.4869791666666667,3.7789096264612105,1.4885947580138843,0.005097629502415657
337,fog/s5,0.0,17.040081024169922,0.0007591284811496735,0.17329545454545456,9.818199233575301,0.8390399665354793,0.671875,1.9676650762557983,4.681074619293213,0.6107954545454546,2.5924695025790823,5.267244360663674,0.671875,1.3021897077560425,1.8467888832092285,0.4953835227272727,3.6663314483382483,1.504876309159127,0.003130563534796238
338,fog/s5,0.0,17.07680892944336,0.0006770770996809006,0.16576086956521738,10.133790959482608,0.8025894061252272,0.609375,2.1665985584259033,4.870465278625488,0.610733695652174,2.5739533745724223,5.249993096227231,0.609375,1.4837963581085205,2.0806798934936523,0.5003396739130435,3.5714386183282603,1.5299112476084544,0.003335708286613226
339,fog/s5,0.0,17.3906192779541,0.0006080650491639972,0.15885416666666666,10.436158806085587,0.7691735169137246,0.59375,2.402172565460205,4.901515007019043,0.6100260416666666,2.566795840859413,5.235473175843556,0.59375,1.7877436876296997,2.251863718032837,0.5042317708333334,3.4971179962158203,1.5599926005428035,0.003643257776275277
340,fog/s5,0.0,17.59321403503418,0.0005174435209482908,0.1525,10.72244101524353,0.7384272739780136,0.5703125,2.5072805881500244,5.007737159729004,0.6084375,2.5644152307510377,5.226363735198975,0.5703125,1.8886442184448242,2.346848964691162,0.506875,3.4327790451049807,1.5914668551087379,0.004456991329789162
341,fog/s5,0.0,17.648923873901367,0.0004679383127950132,0.1466346153846154,10.988844202114986,0.7100442226062744,0.625,2.154207229614258,4.291411399841309,0.6090745192307693,2.5486379999380846,5.19040402999291,0.625,1.724494457244873,1.7656590938568115,0.5114182692307693,3.3670757917257457,1.5981665565990484,0.0018700921209529042
342,fog/s5,0.0,17.70049285888672,0.0004549650475382805,0.1412037037037037,11.23742378199542,0.6837631389929878,0.6328125,2.2886767387390137,4.562824249267578,0.6099537037037037,2.5390098050788596,5.16716033441049,0.6328125,1.7793424129486084,2.0198514461517334,0.5159143518518519,3.3082708517710366,1.6137845154713701,0.0018536557909101248
343,fog/s5,0.0,17.858793258666992,0.0003939157468266785,0.13616071428571427,11.47390126330512,0.6593570953056249,0.5703125,2.2312495708465576,4.5912652015686035,0.6085379464285714,2.528018368141992,5.146592651094709,0.5703125,1.6928197145462036,1.9808368682861328,0.5178571428571429,3.2505761682987213,1.6268935280718975,0.0019010195974260569
344,fog/s5,0.0,17.809612274169922,0.00037254818016663194,0.1314655172413793,11.692374056783216,0.6366334902323333,0.59375,2.3709254264831543,4.711174964904785,0.6080280172413793,2.522601370153756,5.131578248122643,0.59375,1.8653595447540283,2.002014636993408,0.5204741379310345,3.202810077831663,1.6398287387243633,0.0021683676168322563
345,fog/s5,0.0,17.840024948120117,0.0003414051316212863,0.12708333333333333,11.897295753161112,0.6154237540623095,0.6328125,1.9643008708953857,4.290031433105469,0.6088541666666667,2.50399135351181,5.10352668762207,0.6328125,1.5015463829040527,1.5313503742218018,0.52421875,3.1461012880007426,1.6362127932409445,0.0012264222605153918
346,fog/s5,0.0,17.87519073486328,0.0003166796232108027,0.12298387096774194,12.090131075151506,0.5955815903707257,0.6640625,1.9753891229629517,4.322785377502441,0.6106350806451613,2.4869396686553955,5.078341484069824,0.6640625,1.507690668106079,1.551393747329712,0.5287298387096774,3.0932493325202697,1.6334766949857435,0.001028164871968329
347,fog/s5,0.0,18.083969116210938,0.0002890123869292438,0.119140625,12.277438513934612,0.5769786973087321,0.6328125,2.071909189224243,4.099475860595703,0.611328125,2.473969966173172,5.047751933336258,0.6328125,1.6944841146469116,1.6409742832183838,0.531982421875,3.049537919461727,1.6337109946180135,0.0007365534547716379
348,fog/s5,0.0,18.088457107543945,0.00028868066146969795,0.11553030303030302,12.453529986468228,0.5595032422588151,0.6875,2.046370267868042,4.486599445343018,0.6136363636363636,2.461012399557865,5.030747312487978,0.6875,1.4856892824172974,1.8225667476654053,0.5366950757575758,3.002148566824017,1.6394338962255102,0.001038244692608714
349,fog/s5,0.0,18.142454147338867,0.0002589666983112693,0.11213235294117647,12.620851285317364,0.5430548812129179,0.578125,2.2929909229278564,4.547714710235596,0.6125919117647058,2.4560705914216885,5.016540471245261,0.578125,1.8193868398666382,1.9193220138549805,0.5379136029411765,2.9673614572076237,1.6476658996852005,0.0014030927559360862
350,fog/s5,0.0,18.127952575683594,0.0002492939820513129,0.10892857142857143,12.778197036470686,0.5275461501491788,0.625,2.2716026306152344,4.409267425537109,0.6129464285714286,2.4508000782557895,4.999189812796456,0.625,1.840947151184082,1.8814924955368042,0.5404017857142858,2.9351781913212367,1.654346659566675,0.0012388486647978425
351,fog/s5,0.0,18.21188735961914,0.0002353872114326805,0.10590277777777778,12.929132878780365,0.5128986289564637,0.6171875,2.1584606170654297,4.007707595825195,0.6130642361111112,2.4426795376671686,4.97164864010281,0.6171875,1.8635915517807007,1.5665090084075928,0.5425347222222222,2.9054118957784443,1.6519067248122559,0.0007378749432973564
352,fog/s5,0.0,18.17136001586914,0.00023020533262751997,0.10304054054054054,13.070814693296278,0.4990427256152789,0.625,2.1100215911865234,4.090633392333984,0.6133868243243243,2.4336887823568807,4.947837417190139,0.625,1.7397985458374023,1.6790103912353516,0.5447635135135135,2.873908832266524,1.6526392563372045,0.0006324701244011521
353,fog/s5,0.0078125,18.173006057739258,0.0002231643011327833,0.10053453947368421,13.20508288709741,0.4859158950543803,0.5625,2.2606945037841797,4.257757186889648,0.612047697368421,2.42913630134181,4.9296774111296005,0.5625,1.8816468715667725,1.791844367980957,0.5452302631578947,2.8477966754060042,1.6563025487488823,0.000717444228939712
354,fog/s5,0.0,18.259794235229492,0.00021473487140610814,0.09795673076923077,13.334690870382847,0.4734620191522528,0.5625,2.0794553756713867,3.9411399364471436,0.6107772435897436,2.4201701237605167,4.904330296394153,0.5625,1.7518565654754639,1.624216079711914,0.5456730769230769,2.8196956469462466,1.6554798187735753,0.0006091792602092028
355,fog/s5,0.0,18.18552017211914,0.00021267076954245567,0.0955078125,13.455961602926255,0.461630785442685,0.59375,2.1991424560546875,3.9128568172454834,0.6103515625,2.4146444320678713,4.879543459415435,0.59375,1.9348430633544922,1.615922212600708,0.546875,2.797574332356453,1.6544908786192536,0.0005302635836414993
356,fog/s5,0.0,18.263202667236328,0.00019738354603759944,0.09317835365853659,13.573211384982597,0.45037631222569363,0.546875,2.30484938621521,3.7780816555023193,0.6088033536585366,2.411966504120245,4.852678537368774,0.546875,2.1729793548583984,1.4655170440673828,0.546875,2.782340308515037,1.6498817607033542,0.00041182743734680116
357,fog/s5,0.0,18.267728805541992,0.00019491143757477403,0.09095982142857142,13.68498560928163,0.43965770744502414,0.6796875,1.745849609375,3.456538200378418,0.6104910714285714,2.3961065780548823,4.819437100773766,0.6796875,1.4997004270553589,1.1947578191757202,0.5500372023809523,2.751801263718378,1.6390454763812679,0.00022163688845466822
358,fog/s5,0.0,18.241609573364258,0.00019637783407233655,0.08884447674418605,13.790953608446342,0.4294376765238392,0.5703125,2.2396888732910156,3.918360948562622,0.6095566860465116,2.392468957013862,4.798481841420019,0.5703125,2.0075039863586426,1.5797131061553955,0.5505087209302325,2.734492024710012,1.6376656538178755,0.0003107568190898746
359,fog/s5,0.0,18.293962478637695,0.00018594392167869955,0.08682528409090909,13.893294719132511,0.4196819553283355,0.65625,1.9521485567092896,3.464418888092041,0.6106178977272727,2.382461675188758,4.768162228844383,0.65625,1.7660808563232422,1.3446381092071533,0.5529119318181818,2.712482679973949,1.6310059368949046,0.00021516060223802924
360,fog/s5,0.0,18.284595489501953,0.00018637158791534603,0.08489583333333334,13.990879180696275,0.4103598312452151,0.640625,1.7221590280532837,3.280160903930664,0.6112847222222222,2.367788283030192,4.735095532735189,0.640625,1.5195521116256714,1.164541482925415,0.5548611111111111,2.685973111788432,1.620640060140027,0.00014801816723775119
361,fog/s5,0.0,18.29668617248535,0.00018192414427176118,0.08305027173913043,14.084483680517778,0.40144292022128153,0.5625,2.256675958633423,3.893087387084961,0.6102241847826086,2.3653727977172188,4.716791007829749,0.5625,2.0193262100219727,1.6409342288970947,0.5550271739130435,2.671480787836987,1.6210812377217023,0.0002497222740203142
362,fog/s5,0.0078125,18.105493545532227,0.00018319993978366256,0.08144946808510638,14.170037081901063,0.39290547936422837,0.609375,1.9767338037490845,3.639911413192749,0.6102061170212766,2.3571038829519395,4.6938786760289615,0.609375,1.7526005506515503,1.3459203243255615,0.5561835106382979,2.651930144492616,1.6152267502026354,0.0002315071178600192
363,fog/s5,0.0078125,18.133996963500977,0.00017840482178144157,0.07991536458333333,14.252619579434395,0.38472366531126073,0.640625,1.7110729217529297,3.1216354370117188,0.61083984375,2.3436449045936265,4.661123608549436,0.640625,1.562696099281311,1.1072986125946045,0.5579427083333334,2.629237768550714,1.6046449140024681,0.0001348670630250126
364,fog/s5,0.0,18.256986618041992,0.00018289782747160643,0.07828443877551021,14.334341355732509,0.37687589454628545,0.6328125,1.884067177772522,3.4660837650299072,0.6112882653061225,2.3342657673115634,4.636735040314344,0.6328125,1.6493983268737793,1.3642520904541016,0.5594706632653061,2.6092410452511845,1.599738938011685,0.00015267878188751638
365,fog/s5,0.0078125,18.196441650390625,0.00016849004896357656,0.076875,14.411583361625672,0.36934174645633905,0.6171875,1.8059691190719604,3.1191418170928955,0.61140625,2.323699834346771,4.606383175849914,0.6171875,1.662540078163147,1.2369728088378906,0.560625,2.5903070259094236,1.5924836154282094,0.00010951275180559605
366,fog/s5,0.0,18.29994010925293,0.00016888155369088054,0.07536764705882353,14.487825650794834,0.3621030628307969,0.46875,2.291656732559204,3.5658185482025146,0.608609068627451,2.3230715382332896,4.585979947856829,0.46875,2.2162649631500244,1.4510979652404785,0.5588235294117647,2.5829728678161024,1.5897113477774696,0.00016792969836387783
367,fog/s5,0.0,18.248706817626953,0.00017100431432481855,0.07391826923076923,14.560150288618528,0.3551428309362494,0.65625,1.5999696254730225,3.3051273822784424,0.6095252403846154,2.309165732218669,4.561348167749552,0.65625,1.3251608610153198,1.1553456783294678,0.5606971153846154,2.5587841753776255,1.5813581618265464,0.0001316290145041421
368,fog/s5,0.0,18.283090591430664,0.00016462610801681876,0.07252358490566038,14.63039444527536,0.34844512895835816,0.6171875,1.7953399419784546,3.045750141143799,0.6096698113207547,2.2994709059877216,4.532751978568311,0.6171875,1.6761689186096191,1.2017227411270142,0.5617629716981132,2.542131057325399,1.5741952293605175,9.135633445112035e-05
369,fog/s5,0.0,18.31977081298828,0.00016523127851542085,0.07118055555555555,14.698716229862637,0.34199550122354627,0.5859375,1.8228800296783447,3.041130781173706,0.6092303240740741,2.2906451490190296,4.5051293638017444,0.5859375,1.7561899423599243,1.0647881031036377,0.5622106481481481,2.527576592233446,1.5647617640594642,7.9637611634098e-05
370,fog/s5,0.0,18.311120986938477,0.00015903956955298781,0.06988636363636364,14.764396316354924,0.3357802928298373,0.6015625,1.7716920375823975,3.012590169906616,0.6090909090909091,2.2812096379019997,4.477992287549106,0.6015625,1.6676520109176636,1.1208264827728271,0.5629261363636363,2.511941599845886,1.5566902134906162,7.284947787411511e-05
371,fog/s5,0.0,18.342735290527344,0.0001629929174669087,0.06863839285714286,14.828295226608004,0.32978712675997357,0.578125,1.9669281244277954,3.0478343963623047,0.6085379464285714,2.275597468018532,4.452453753777912,0.578125,1.937350869178772,1.1849861145019531,0.5631975446428571,2.5016810510839735,1.5500526402943902,7.48892780393362e-05
372,fog/s5,0.0,18.341129302978516,0.00015250375145114958,0.06743421052631579,14.889923894614505,0.3240040631984205,0.5390625,2.38213849067688,3.390549659729004,0.6073190789473685,2.277466608766924,4.43382385739109,0.5390625,2.4302568435668945,1.3411481380462646,0.5627741228070176,2.500427994811744,1.546387649026879,0.00011423234536778182
373,fog/s5,0.0,18.302682876586914,0.0001608004531590268,0.06627155172413793,14.948764566717477,0.3184205586683298,0.6953125,1.5868324041366577,2.7529819011688232,0.6088362068965517,2.265559122480195,4.4048438236631196,0.6953125,1.4829413890838623,1.030930757522583,0.5650592672413793,2.4828851222991943,1.5375004612423222,6.90805827616714e-05
374,fog/s5,0.0,18.36187744140625,0.00016454813885502517,0.06514830508474577,15.006613937474913,0.31302638899833873,0.671875,1.4829213619232178,2.6651978492736816,0.6099046610169492,2.252294075691094,4.3753582986734685,0.671875,1.3336918354034424,1.072380781173706,0.5668697033898306,2.4634072699789273,1.5296170768343795,4.698611519415863e-05
375,fog/s5,0.0,18.31757354736328,0.00015847098256926984,0.0640625,15.06179659763972,0.3078119236980759,0.6875,1.576107144355774,2.8384647369384766,0.6111979166666667,2.241024293502172,4.349743405977885,0.6875,1.4439418315887451,1.0398480892181396,0.5688802083333333,2.446416179339091,1.521454260374109,4.3960793846054e-05
376,fog/s5,0.0,18.312053680419922,0.00015625919331796467,0.0630122950819672,15.115079500636117,0.30276838821439134,0.625,1.6421905755996704,2.9553380012512207,0.6114241803278688,2.231207347307049,4.326884300982366,0.625,1.4896241426467896,1.1192960739135742,0.5698002049180327,2.4307310639834796,1.5148615032190182,5.171041630092077e-05
377,fog/s5,0.0,18.27012825012207,0.00015225283277686685,0.061995967741935484,15.165967383692342,0.2978874828050105,0.5859375,1.8882960081100464,2.4805192947387695,0.6110131048387096,2.2256765192554844,4.297104220236501,0.5859375,2.0243544578552246,0.9510300755500793,0.5700604838709677,2.424176602594314,1.5057674479340353,3.32519703079015e-05
378,fog/s5,0.0,18.34730339050293,0.00015234746388159692,0.06101190476190476,15.216464780625843,0.2931615282757862,0.5859375,1.7935335636138916,2.85701322555542,0.6106150793650794,2.2188171072611733,4.2742456330193415,0.5859375,1.7431491613388062,1.1122139692306519,0.5703125,2.413366643209306,1.4995205673196959,4.595852078637108e-05
379,fog/s5,0.0,18.288509368896484,0.0001463977387174964,0.06005859375,15.264465477317572,0.2885831668611445,0.59375,1.7622874975204468,2.735835552215576,0.6103515625,2.2116838321089745,4.2502079755067825,0.59375,1.729793667793274,1.078851580619812,0.5706787109375,2.4026858154684305,1.4929476144025102,4.237705798004754e-05
380,fog/s5,0.0,18.373416900634766,0.00014849375293124467,0.05913461538461538,15.312295499214759,0.2841457103517874,0.6328125,1.8158680200576782,2.7044358253479004,0.6106971153846154,2.205594358077416,4.226426865504338,0.6328125,1.830434799194336,1.0602374076843262,0.5716346153846154,2.3938819536795983,1.4862905342991535,3.863423626171425e-05
381,fog/s5,0.0,18.329702377319336,0.0001576431968715042,0.05823863636363636,15.358013785246646,0.27984286084944016,0.59375,1.6780012845993042,2.4324231147766113,0.6104403409090909,2.197600523630778,4.1992449904933125,0.59375,1.7433288097381592,0.8662821054458618,0.571969696969697,2.384025087862304,1.4768964671953158,2.7348054572939873e-05
382,fog/s5,0.0,18.349876403808594,0.0001454222947359085,0.057369402985074626,15.402668451195332,0.2756682722142953,0.65625,1.5472770929336548,2.3897008895874023,0.6111240671641791,2.187894203769627,4.172236869584268,0.65625,1.561734914779663,0.8678882718086243,0.5732276119402985,2.371752100204354,1.4678067926373055,2.467450212861877e-05
383,fog/s5,0.0,18.329683303833008,0.00015026894106995314,0.05652573529411765,15.445712787263533,0.271616536872042,0.640625,1.7583181858062744,2.5369081497192383,0.6115579044117647,2.181576909387813,4.148187917821548,0.640625,1.8030575513839722,0.9737138152122498,0.57421875,2.3633889450746426,1.4605407194398783,2.4268072593258694e-05
384,fog/s5,0.0,18.314882278442383,0.00013951727305538952,0.05570652173913043,15.487294953802358,0.2676820873126364,0.625,1.7083849906921387,2.4183077812194824,0.6117527173913043,2.174719055493673,4.123117191204126,0.625,1.776064157485962,0.9270615577697754,0.5749547101449275,2.354876991631328,1.4528091373866883,2.356351433263626e-05
385,fog/s5,0.0078125,18.191404342651367,0.00015028577763587236,0.05502232142857143,15.525925087928773,0.26386020443356495,0.5703125,1.976933240890503,2.7291555404663086,0.6111607142857143,2.1718935438564846,4.103203453336444,0.5703125,2.0624287128448486,1.0748456716537476,0.5748883928571429,2.3506991590772355,1.4474096593047892,3.422942609176971e-05
386,fog/s5,0.0078125,18.249942779541016,0.000139643409056589,0.05435739436619718,15.564291534289508,0.26014583033462824,0.5859375,1.919782042503357,2.6022026538848877,0.6108054577464789,2.1683426776402435,4.082062597006139,0.5859375,2.003690719604492,1.0788822174072266,0.575044014084507,2.3458117162677605,1.4422191319541193,3.6501154681900516e-05
387,fog/s5,0.0,18.332563400268555,0.00014070347242522985,0.05360243055555555,15.602739754650328,0.25653464801709763,0.71875,1.3981682062149048,1.982717752456665,0.6123046875,2.157645809981558,4.05290502972073,0.71875,1.481874704360962,0.6808444261550903,0.5770399305555556,2.3338125911023884,1.431644483262466,1.8115455532097258e-05
388,fog/s5,0.0,18.32245635986328,0.00014519738033413887,0.05286815068493151,15.63999614650256,0.2530224637617995,0.65625,1.6453680992126465,2.2253434658050537,0.6129066780821918,2.150628307094313,4.027869939804077,0.65625,1.7161930799484253,0.9384772777557373,0.578125,2.325352049853704,1.4248887681185383,1.6314352251356468e-05
389,fog/s5,0.0,18.308609008789062,0.00014467636356130242,0.052153716216216214,15.676058482479405,0.249605196364526,0.609375,1.5500879287719727,2.3077893257141113,0.6128589527027027,2.1425128965764433,4.004625607181239,0.609375,1.5626569986343384,0.9048982262611389,0.5785472972972973,2.315045359972361,1.417861868904249,1.6798285287222825e-05
390,fog/s5,0.0078125,18.258514404296875,0.00013910268899053335,0.0515625,15.710491228103638,0.24627898178218555,0.578125,2.0529680252075195,2.2319788932800293,0.6123958333333334,2.1413189649581907,3.980990317662557,0.578125,2.337940216064453,0.9180517196655273,0.5785416666666666,2.3153506247202555,1.4111977335810661,1.6755151591496542e-05
391,fog/s5,0.0,18.31450080871582,0.00014785543316975236,0.05088404605263158,15.74475451205906,0.2430404143302248,0.59375,1.7696877717971802,2.119025230407715,0.6121504934210527,2.1364290808376514,3.956490777040783,0.59375,1.9488463401794434,0.8619143962860107,0.5787417763157895,2.3105281999236658,1.4039703212482364,1.4056159670872148e-05
392,fog/s5,0.0,18.35022735595703,0.00015005102613940835,0.05022321428571429,15.778591821720074,0.23988599402757435,0.671875,1.5498552322387695,2.107147693634033,0.6129261363636364,2.1288112386480553,3.9324733343991367,0.671875,1.6364963054656982,0.8226315975189209,0.5799512987012987,2.3017745389566793,1.3964204676933103,1.3280223356559873e-05
393,fog/s5,0.0,18.361600875854492,0.0001356210559606552,0.04957932692307692,15.811707322414104,0.23681227129716903,0.65625,1.3476343154907227,1.9083929061889648,0.6134815705128205,2.118796149889628,3.906523585319519,0.65625,1.4021204710006714,0.7392027378082275,0.5809294871794872,2.2902405124444227,1.3879945993614502,9.056820999830961e-06
394,fog/s5,0.0,18.351436614990234,0.00016092174337245524,0.04895174050632911,15.84385579447203,0.2338166845939564,0.625,2.2424299716949463,4.321032524108887,0.6136273734177216,2.1203611349757714,3.9117705339117896,0.625,1.7149523496627808,2.213425636291504,0.5814873417721519,2.2829583838016174,1.3984430934998053,0.0015146674122661352
395,frost/s5,0.515625,2.466193675994873,3.8365139961242676,0.515625,2.466193675994873,3.8365139961242676,0.40625,3.4670116901397705,5.631356239318848,0.40625,3.4670116901397705,5.631356239318848,0.5234375,2.3710103034973145,1.27034330368042,0.5234375,2.3710103034973145,1.27034330368042,0.9077999591827393
396,frost/s5,0.53125,2.283167839050293,2.6453750133514404,0.5234375,2.374680757522583,3.240944504737854,0.4765625,3.5591657161712646,5.902688026428223,0.44140625,3.5130887031555176,5.767022132873535,0.53125,2.799689292907715,0.7236141562461853,0.52734375,2.5853497982025146,0.9969787299633026,0.9952971339225769
397,frost/s5,0.421875,3.0641989707946777,2.3737621307373047,0.4895833333333333,2.6045201619466147,2.9518837134043374,0.421875,3.64473819732666,5.821572303771973,0.4348958333333333,3.556971867879232,5.785205523173015,0.421875,4.198756217956543,0.7153728008270264,0.4921875,3.123151938120524,0.9031100869178772,0.9988634586334229
398,frost/s5,0.5,2.4223880767822266,2.1512115001678467,0.4921875,2.5589871406555176,2.751715660095215,0.5,3.423598527908325,5.824919700622559,0.451171875,3.523628532886505,5.7951340675354,0.5,3.179227828979492,0.711269736289978,0.494140625,3.137170910835266,0.8551499992609024,0.9995575547218323
399,frost/s5,0.5078125,2.6070127487182617,1.8067346811294556,0.4953125,2.5685922622680666,2.562719464302063,0.5,3.1143293380737305,5.703922271728516,0.4609375,3.44176869392395,5.776891708374023,0.5078125,3.637505531311035,0.6005677580833435,0.496875,3.23723783493042,0.8042335510253906,0.9997958540916443
400,frost/s5,0.453125,2.799457550048828,1.7653968334197998,0.48828125,2.607069810231527,2.4298323591550193,0.3828125,3.6971170902252197,5.812461853027344,0.4479166666666667,3.4843267599741616,5.782820065816243,0.453125,3.9708328247070312,0.6020967364311218,0.4895833333333333,3.359503666559855,0.7705440819263458,0.9998950958251953
401,frost/s5,0.5703125,2.0821633338928223,1.3705781698226929,0.5,2.532083170754569,2.278510332107544,0.46875,3.084429979324341,5.483431816101074,0.45089285714285715,3.427198648452759,5.740050315856934,0.5703125,2.9307377338409424,0.477813720703125,0.5011160714285714,3.2982513904571533,0.7287254588944572,0.9998955726623535
402,frost/s5,0.515625,2.5000863075256348,1.5473284721374512,0.501953125,2.528083562850952,2.1871125996112823,0.4140625,3.516796112060547,5.582671642303467,0.4462890625,3.4383983314037323,5.72037798166275,0.515625,3.555417776107788,0.5489729642868042,0.5029296875,3.3303971886634827,0.7062563970685005,0.9998879432678223
403,frost/s5,0.5390625,2.317798137664795,1.3322914838790894,0.5060763888888888,2.5047185156080456,2.092132475641039,0.515625,2.982435703277588,5.400197982788086,0.4539930555555556,3.387735817167494,5.684802426232232,0.5390625,3.326876163482666,0.49543121457099915,0.5069444444444444,3.330005963643392,0.6828313767910004,0.9998656511306763
404,frost/s5,0.5859375,2.171051502227783,1.1699116230010986,0.5140625,2.4713518142700197,1.9999103903770448,0.4453125,3.394710063934326,5.6511759757995605,0.453125,3.388433241844177,5.681439781188965,0.5859375,3.1561622619628906,0.42820170521736145,0.51484375,3.312621593475342,0.6573684096336365,0.9999403953552246
405,frost/s5,0.6484375,1.6750683784484863,1.094315528869629,0.5262784090909091,2.3989624110135166,1.9175835847854614,0.5,3.0040171146392822,5.470881462097168,0.45738636363636365,3.353486321189187,5.662298115816983,0.6484375,2.36086368560791,0.38317519426345825,0.5269886363636364,3.226098147305575,0.632441753690893,0.9999556541442871
406,frost/s5,0.5625,2.49706768989563,1.0434679985046387,0.529296875,2.407137850920359,1.8447406192620595,0.4375,3.513766050338745,5.7198967933654785,0.4557291666666667,3.366842965284983,5.667098005612691,0.5625,3.7564289569854736,0.396499902009964,0.5299479166666666,3.2702923814455667,0.6127799327174822,0.9999704360961914
407,frost/s5,0.484375,2.7632675170898438,1.3093607425689697,0.5258413461538461,2.4345324406257043,1.8035575518241296,0.4296875,3.5011987686157227,5.402779579162598,0.45372596153846156,3.3771780270796556,5.646765818962684,0.484375,4.043385982513428,0.47249191999435425,0.5264423076923077,3.3297611199892483,0.6019885471233954,0.9999464750289917
408,frost/s5,0.5546875,2.2933855056762695,0.9664629101753235,0.5279017857142857,2.4244505167007446,1.7437650774206435,0.4765625,3.256474733352661,5.610706329345703,0.45535714285714285,3.3685563632420132,5.6441901411329,0.5546875,3.395439624786377,0.3878442049026489,0.5284598214285714,3.334452441760472,0.5866925226790565,0.9999638795852661
409,frost/s5,0.6171875,1.9320878982543945,0.8771586418151855,0.5338541666666666,2.3916263421376547,1.685991315046946,0.5625,2.7206873893737793,5.150361061096191,0.4625,3.325365098317464,5.611268202463786,0.6171875,2.879422903060913,0.31383296847343445,0.534375,3.304117139180501,0.568501885732015,0.9999551773071289
410,frost/s5,0.53125,2.6922013759613037,1.132158637046814,0.53369140625,2.4104122817516327,1.651376772671938,0.40625,3.460878372192383,5.401494026184082,0.458984375,3.3338346779346466,5.598157316446304,0.53125,3.9680769443511963,0.4246036410331726,0.5341796875,3.3456146270036697,0.5595082454383373,0.9999420642852783
411,frost/s5,0.6328125,1.9055105447769165,0.8401247262954712,0.5395220588235294,2.3807121795766495,1.6036560640615576,0.5078125,2.7816643714904785,4.997698783874512,0.4618566176470588,3.301354071673225,5.562836226295023,0.6328125,2.804246664047241,0.32437261939048767,0.5399816176470589,3.313769452712115,0.5456767380237579,0.999920129776001
412,frost/s5,0.484375,3.1697845458984375,1.0305063724517822,0.5364583333333334,2.4245495332611933,1.5718144145276811,0.453125,3.342280626296997,5.395662784576416,0.4613715277777778,3.3036277691523233,5.553548812866211,0.484375,4.837112903594971,0.3963538408279419,0.5368923611111112,3.3983996444278293,0.5373810215128793,0.9999384880065918
413,frost/s5,0.53125,2.1185390949249268,1.0256600379943848,0.5361842105263158,2.408443720717179,1.5430694473417181,0.46875,3.0018131732940674,5.199520111083984,0.46175986842105265,3.2877427904229415,5.534915723298726,0.53125,3.0934600830078125,0.44783055782318115,0.5365953947368421,3.3823501938267757,0.5326678392134214,0.9999197721481323
414,frost/s5,0.609375,2.088596820831299,0.8396964073181152,0.53984375,2.392451375722885,1.5079007953405381,0.5078125,2.9344513416290283,4.903064727783203,0.4640625,3.270078217983246,5.503323173522949,0.609375,3.135829210281372,0.3423050045967102,0.540234375,3.3700241446495056,0.5231496974825859,0.9998862743377686
415,frost/s5,0.5234375,2.6553797721862793,0.8958075046539307,0.5390625,2.4049717755544755,1.478753495784033,0.453125,3.438575506210327,5.487039566040039,0.4635416666666667,3.2781018983750116,5.502547763642811,0.5234375,3.991274118423462,0.3490774929523468,0.5394345238095238,3.39960747673398,0.5148605448859078,0.9999443292617798
416,frost/s5,0.6484375,1.8400530815124512,0.772830605506897,0.5440340909090909,2.3792936530980198,1.4466660916805267,0.546875,2.7327497005462646,5.129367828369141,0.46732954545454547,3.2533131621100684,5.485585039312189,0.6484375,2.688398599624634,0.3144170939922333,0.5443892045454546,3.367279800501737,0.5057494789361954,0.9999456405639648
417,frost/s5,0.5625,2.1776061058044434,0.8393056988716125,0.5448369565217391,2.370524629302647,1.4202591180801392,0.453125,2.8875133991241455,4.864997863769531,0.46671195652173914,3.2374088245889414,5.458602988201639,0.5625,3.2846686840057373,0.3415911793708801,0.5451766304347826,3.3636880128279976,0.49861216156379035,0.9999032020568848
418,frost/s5,0.515625,2.7645347118377686,0.8406319618225098,0.5436197916666666,2.3869417160749435,1.3961079865694046,0.40625,3.290889263153076,5.120487213134766,0.4641927083333333,3.2396371761957803,5.444514830907186,0.515625,4.188617706298828,0.3614075183868408,0.5439453125,3.3980600833892822,0.49289530143141747,0.9999088048934937
419,frost/s5,0.5859375,2.3354415893554688,0.8098976016044617,0.5453125,2.3848817110061646,1.372659571170807,0.390625,3.473419189453125,5.360633373260498,0.46125,3.248988456726074,5.441159572601318,0.5859375,3.509395122528076,0.3570694327354431,0.545625,3.402513484954834,0.4874622666835785,0.9999226331710815
420,frost/s5,0.6015625,2.763195276260376,0.6815493106842041,0.5474759615384616,2.3994322327467112,1.3460784073059375,0.4921875,2.836547613143921,4.353860378265381,0.46243990384615385,3.2331253473575297,5.399340372819167,0.6015625,4.299097061157227,0.28186312317848206,0.5477764423076923,3.436997468654926,0.47955460731799787,0.9998072981834412
421,frost/s5,0.484375,3.1152799129486084,0.7094528675079346,0.5451388888888888,2.425945109791226,1.3224996836097151,0.46875,2.9903717041015625,4.431556701660156,0.4626736111111111,3.224134471681383,5.363496533146611,0.484375,4.765693664550781,0.2822943329811096,0.5454282407407407,3.486208438873291,0.4722486712314464,0.9996429681777954
422,frost/s5,0.46875,3.2318246364593506,0.7121543288230896,0.5424107142857143,2.454726521457945,1.3007016352244787,0.4609375,2.779639720916748,4.4575371742248535,0.46261160714285715,3.2082596591540744,5.3311408417565485,0.46875,4.949221611022949,0.3075302839279175,0.5426897321428571,3.538458909307207,0.46636587168489185,0.9995036125183105
423,frost/s5,0.5078125,3.054748058319092,0.6704039573669434,0.5412176724137931,2.4754169192807427,1.278967232539736,0.4453125,2.9244236946105957,4.632021903991699,0.4620150862068966,3.1984722121008513,5.30703329217845,0.5078125,4.63884973526001,0.29000455141067505,0.5414870689655172,3.576403420546959,0.46028444684784986,0.9993242025375366
424,frost/s5,0.59375,2.933485746383667,0.5804293155670166,0.54296875,2.4906858801841736,1.255682635307312,0.5078125,2.7431576251983643,4.26817512512207,0.4635416666666667,3.1832950592041014,5.272404686609904,0.59375,4.402606964111328,0.25586187839508057,0.5432291666666667,3.6039435386657717,0.4534703612327576,0.99936443567276
425,frost/s5,0.578125,2.6564407348632812,0.6010141372680664,0.5441028225806451,2.4960328109802736,1.2345642966608847,0.6015625,2.5737245082855225,4.364473342895508,0.46799395161290325,3.163631493045438,5.2431165787481495,0.578125,3.890873670578003,0.2583622932434082,0.5443548387096774,3.6131993493726178,0.44717655258793987,0.9990472197532654
426,frost/s5,0.515625,4.034304141998291,0.5074285268783569,0.543212890625,2.544103790074587,1.2118413038551807,0.53125,2.656606674194336,4.416163921356201,0.469970703125,3.147786967456341,5.217274308204651,0.515625,5.819596290588379,0.21991485357284546,0.54345703125,3.68214925378561,0.44007462449371815,0.9986590147018433
427,frost/s5,0.515625,3.360349178314209,0.5532498359680176,0.5423768939393939,2.568838498809121,1.1918839866464788,0.5234375,2.5574865341186523,4.578835487365723,0.4715909090909091,3.129899075537017,5.197927677270138,0.515625,4.980234146118164,0.24748125672340393,0.5426136363636364,3.7214851596138696,0.43423846183401166,0.9988946318626404
428,frost/s5,0.390625,4.6922125816345215,0.6078675389289856,0.5379136029411765,2.63129067771575,1.1747070323018467,0.4140625,3.015209913253784,4.4967451095581055,0.46989889705882354,3.1265258648816276,5.177304660572725,0.390625,6.6939802169799805,0.2792684733867645,0.5381433823529411,3.80891148483052,0.4296805209973279,0.9966239929199219
429,frost/s5,0.4140625,5.343441963195801,0.3813868761062622,0.534375,2.7087807144437517,1.15204074212483,0.4453125,2.91269850730896,4.486824989318848,0.46919642857142857,3.120416511808123,5.157576669965471,0.4140625,7.533946514129639,0.16559799015522003,0.5345982142857143,3.915341057096209,0.42213530583041053,0.993399977684021
430,frost/s5,0.3984375,5.343921661376953,0.38057535886764526,0.5305989583333334,2.7819790740807853,1.1306111481454637,0.4453125,2.994999408721924,4.226620674133301,0.4685329861111111,3.116932703389062,5.131716781192356,0.3984375,7.463939666748047,0.15825481712818146,0.5308159722222222,4.013913240697649,0.4148052922553486,0.9888495802879333
431,frost/s5,0.3359375,6.947454929351807,0.296468049287796,0.5253378378378378,2.8945595026016235,1.1080667400682294,0.4453125,3.07944917678833,4.754057884216309,0.46790540540540543,3.1159196351025558,5.121509783976787,0.3359375,9.312206268310547,0.15121489763259888,0.5255489864864865,4.157110349552052,0.40768122753581487,0.9798313975334167
432,frost/s5,0.1875,9.111275672912598,0.23749461770057678,0.5164473684210527,3.0581572965571753,1.0851569473743439,0.4375,3.076690435409546,4.303842544555664,0.46710526315789475,3.114887287742213,5.099992225044652,0.203125,11.360892295837402,0.1167035847902298,0.5170641447368421,4.346683558664824,0.40002392114777313,0.8629279732704163
433,frost/s5,0.171875,8.696134567260742,0.1884961724281311,0.5076121794871795,3.2027208163188052,1.062165645452646,0.484375,2.7253408432006836,4.096127986907959,0.4675480769230769,3.1048989173693533,5.07425211637448,0.2578125,6.64675760269165,0.21946682035923004,0.5104166666666666,4.405659816203973,0.39539425189678484,0.584760844707489
434,frost/s5,0.0703125,11.168984413146973,0.09668104350566864,0.4966796875,3.4018774062395094,1.0380285304039716,0.4453125,3.153874397277832,4.531252384185791,0.4669921875,3.1061233043670655,5.060677123069763,0.421875,2.9203295707702637,2.2913150787353516,0.508203125,4.368526560068131,0.442792272567749,0.2341478019952774
435,frost/s5,0.0234375,12.938941955566406,0.04164602607488632,0.4851371951219512,3.6344887367108973,1.0137265181032622,0.3671875,3.120393753051758,3.9011688232421875,0.4645579268292683,3.106471364091082,5.032396432830066,0.3671875,3.2599003314971924,1.6994744539260864,0.5047637195121951,4.341486895956645,0.473443057478928,0.02910740301012993
436,frost/s5,0.0,13.298296928405762,0.038321349769830704,0.47358630952380953,3.8645794079417275,0.9905025855238948,0.515625,2.616891384124756,3.9797251224517822,0.46577380952380953,3.0948146979014077,5.007332830202012,0.515625,2.5335443019866943,1.6537580490112305,0.5050223214285714,4.298440643719265,0.5015457953725543,0.00497440155595541
437,frost/s5,0.0078125,14.784154891967773,0.0329427644610405,0.46275436046511625,4.11852302384931,0.9682337524759215,0.421875,3.0787651538848877,4.3606181144714355,0.4647529069767442,3.094441452691721,4.992292953091998,0.421875,3.0533299446105957,1.9323458671569824,0.5030886627906976,4.269484580949295,0.5348202156466108,0.004259068053215742
438,frost/s5,0.0078125,15.253097534179688,0.009935101494193077,0.4524147727272727,4.371581535447728,0.9464542376808822,0.4453125,2.7979743480682373,3.9265666007995605,0.46431107954545453,3.0877035639502783,4.968071899630806,0.4453125,2.786334991455078,1.7931240797042847,0.5017755681818182,4.235776635733518,0.5634180307388306,0.0016957741463556886
439,frost/s5,0.0,15.804224967956543,0.004069709684699774,0.4423611111111111,4.625640278392368,0.9255123592809671,0.46875,2.625641107559204,3.7514641284942627,0.4644097222222222,3.07743550936381,4.9410361713833275,0.46875,2.6327033042907715,1.5934388637542725,0.5010416666666667,4.200152783923679,0.5863073825836181,0.0007630417821928859
440,frost/s5,0.0,16.75263023376465,0.0026649688370525837,0.4327445652173913,4.889270494813505,0.9054504594887081,0.3671875,3.3459155559539795,3.7931008338928223,0.4622961956521739,3.0832720321157705,4.916081055350926,0.3671875,3.6593716144561768,1.7332735061645508,0.49813179347826086,4.18839667154395,0.611241428748421,0.0005883146077394485
441,frost/s5,0.0,16.996320724487305,0.0027987142093479633,0.42353723404255317,5.146867308210819,0.8862451032061684,0.484375,2.6851022243499756,4.040453910827637,0.4627659574468085,3.0748003340782004,4.897450690573835,0.484375,2.557386875152588,1.8587019443511963,0.4978390957446808,4.153694335450518,0.6377831418463524,0.0006512915133498609
442,frost/s5,0.0,17.003129959106445,0.0030864228028804064,0.4147135416666667,5.393872780104478,0.8678459640310999,0.453125,2.5138120651245117,3.512787342071533,0.4625651041666667,3.0631130784749985,4.868603537480037,0.453125,2.5313546657562256,1.5771183967590332,0.4969075520833333,4.119895592331886,0.6573526263237,0.00044944629189558327
443,frost/s5,0.0,17.415922164916992,0.002096418524160981,0.40625,5.639220726733305,0.8501776059595297,0.40625,3.036991834640503,4.092209339141846,0.4614158163265306,3.0625799918661314,4.852758757922114,0.40625,3.092160701751709,1.830088496208191,0.4950573979591837,4.098921410891474,0.6812860114233834,0.0006103366613388062
444,frost/s5,0.015625,17.098709106445312,0.0026043581310659647,0.3984375,5.868410494327545,0.8332261410029606,0.4921875,2.518345832824707,3.486706256866455,0.46203125,3.0516953086853027,4.825437707901001,0.4921875,2.562445640563965,1.4942066669464111,0.495,4.068191895484924,0.697544424533844,0.0003850500797852874
445,frost/s5,0.0,17.4231014251709,0.014230027794837952,0.390625,6.094973061598983,0.8171673936851542,0.328125,3.1031668186187744,3.970559597015381,0.45940563725490197,3.0527045539781157,4.808675392001283,0.328125,3.2402617931365967,1.78472900390625,0.49172794117647056,4.0519579719094665,0.7188617692274206,0.0005268917302601039
446,frost/s5,0.0,17.950891494750977,0.0008529093465767801,0.3831129807692308,6.322971493005753,0.8014690382171046,0.5234375,2.5266168117523193,3.1485018730163574,0.4606370192307692,3.042587482012235,4.77674897817465,0.5234375,2.7193715572357178,1.3131636381149292,0.49233774038461536,4.026331310088818,0.7302906513214111,0.00027672480791807175
447,frost/s5,0.0,17.981159210205078,0.0007096909685060382,0.3758844339622642,6.542937298990646,0.7863603712878857,0.421875,2.847801685333252,3.179366111755371,0.45990566037735847,3.038912278301311,4.746609678808248,0.421875,3.1689627170562744,1.3932222127914429,0.4910082547169811,4.0101545441825435,0.7427987939906571,0.00018846399325411767
448,frost/s5,0.0078125,17.95551109313965,0.0007248781621456146,0.36906828703703703,6.754281258141553,0.7718115658596313,0.3984375,2.8445212841033936,3.3588428497314453,0.4587673611111111,3.0353124450754234,4.720910293084604,0.3984375,3.0956175327301025,1.4595237970352173,0.48929398148148145,3.993218673600091,0.756071479232223,0.000174994274857454
449,frost/s5,0.0078125,18.07471466064453,0.0005341214709915221,0.3625,6.9601073200052435,0.7577883395980197,0.4609375,2.6894493103027344,3.7621653079986572,0.4588068181818182,3.029024024443193,4.703478566083041,0.4609375,2.6982109546661377,1.7014553546905518,0.4887784090909091,3.9696730787103824,0.773260276967829,0.00028187816496938467
450,frost/s5,0.0,18.24248695373535,0.00043463826295919716,0.3560267857142857,7.161578384893281,0.7442641663598936,0.46875,2.7750563621520996,3.204570770263672,0.458984375,3.0244888876165663,4.676712355443409,0.46875,3.0472590923309326,1.4056344032287598,0.48842075892857145,3.953201400382178,0.7845526720796313,0.00019453582353889942
451,frost/s5,0.0,18.307607650756836,0.0003871771623380482,0.34978070175438597,7.3571227579786065,0.7312136928651997,0.375,3.0694172382354736,3.346463680267334,0.4575109649122807,3.025277104294091,4.653374659387689,0.375,3.4371418952941895,1.4574607610702515,0.4864309210526316,3.944147724854319,0.7963580771496421,0.00020036754722241312
452,frost/s5,0.0,18.319095611572266,0.0003463451866991818,0.34375,7.546122289937118,0.718612531698329,0.5,2.518393039703369,3.2865684032440186,0.4582435344827586,3.0165377238701128,4.629809034281764,0.5,2.6443424224853516,1.3823974132537842,0.4866648706896552,3.921737288606578,0.8064622036341963,0.00018376564548816532
453,frost/s5,0.0078125,18.11911964416504,0.0003492292307782918,0.3380561440677966,7.725325634924032,0.7064385774192179,0.5234375,2.3982715606689453,2.655014991760254,0.4593485169491525,3.0060586363582287,4.596337948815298,0.5234375,2.6804401874542236,1.1735410690307617,0.4872881355932203,3.9006983546887413,0.8126838793188839,9.825912275118753e-05
454,frost/s5,0.0,18.36058235168457,0.0002881275722756982,0.332421875,7.902579913536708,0.6946694032551022,0.4453125,2.379319429397583,3.108384847640991,0.4591145833333333,2.995612982908885,4.571538730462392,0.4453125,2.5006022453308105,1.3208208084106445,0.48658854166666665,3.877363419532776,0.8211528281370799,0.00010654604557203129
455,frost/s5,0.0,18.359189987182617,0.00028895202558487654,0.32697233606557374,8.073999750809591,0.6832861171693725,0.53125,2.5157930850982666,3.5983099937438965,0.460297131147541,2.987747082944776,4.555584161007991,0.53125,2.488813638687134,1.6478147506713867,0.48732069672131145,3.854600308371372,0.8347046629327243,0.00017224605835508555
456,frost/s5,0.0,18.37187957763672,0.00025042006745934486,0.32169858870967744,8.240094586726158,0.6722694123774061,0.5546875,2.3590641021728516,3.1548938751220703,0.4618195564516129,2.97760703486781,4.532992382203379,0.5546875,2.4883980751037598,1.2337151765823364,0.4884072580645161,3.8325647884799587,0.8411403163786857,0.000139891286380589
457,frost/s5,0.0,18.34601593017578,0.00024221987405326217,0.3165922619047619,8.400506036622184,0.6616023140837021,0.53125,2.382103681564331,2.6984221935272217,0.462921626984127,2.9681546006883894,4.50387222047836,0.53125,2.6800496578216553,1.0686392784118652,0.48908730158730157,3.8142708975171287,0.844751411014133,8.430305024376139e-05
458,frost/s5,0.0,18.330333709716797,0.00022978858032729477,0.3116455078125,8.555659594014287,0.6512683683727118,0.4453125,2.6854262351989746,2.7160208225250244,0.462646484375,2.9637369699776173,4.47593704238534,0.4453125,3.0830540657043457,1.220107078552246,0.4884033203125,3.802845634520054,0.850616343319416,6.710785964969546e-05
459,frost/s5,0.0,18.38981819152832,0.00022431543038692325,0.30685096153846153,8.706954341668348,0.641252306019753,0.4609375,2.9189395904541016,2.834794044494629,0.4626201923076923,2.9630477795234094,4.450688688571637,0.4609375,3.3966572284698486,1.2517015933990479,0.4879807692307692,3.7965965821192813,0.8567868856283335,7.117561472114176e-05
460,frost/s5,0.0078125,18.21238136291504,0.00020527344895526767,0.30232007575757575,8.850975963202389,0.6315394721929227,0.4765625,2.6708805561065674,2.7980129718780518,0.4628314393939394,2.9586210034110327,4.425648147409612,0.4765625,3.0393295288085938,1.221409559249878,0.48780776515151514,3.7851228388873013,0.8623114715922963,7.191544864326715e-05
461,frost/s5,0.0,18.369367599487305,0.0001983241963898763,0.29780783582089554,8.993041510012612,0.6221164699840193,0.515625,2.4849562644958496,2.491023302078247,0.46361940298507465,2.9515513804421496,4.3967731497181,0.515625,2.9166831970214844,0.9555898308753967,0.488222947761194,3.7721610531878116,0.8637036859099545,4.540133159025572e-05
462,frost/s5,0.0,18.33606719970703,0.00019591330783441663,0.29342830882352944,9.130438946625766,0.6129705794446636,0.4921875,2.559359550476074,2.8035130500793457,0.46403952205882354,2.945783853530884,4.373342854135177,0.4921875,2.8823039531707764,1.1958346366882324,0.48828125,3.7590749193640316,0.8685879645978704,5.2276242058724165e-05
463,frost/s5,0.0,18.371047973632812,0.0001919940550578758,0.28917572463768115,9.26436081658239,0.6040897303810461,0.4140625,3.0425431728363037,2.7257676124572754,0.4633152173913043,2.9471861625063247,4.349464952081874,0.4140625,3.616805076599121,1.2254524230957031,0.487205615942029,3.75701303758483,0.873759913271752,5.83600667596329e-05
464,frost/s5,0.0,18.374258041381836,0.00018435638048686087,0.28504464285714287,9.394502205508095,0.5954625107524667,0.4453125,2.79599928855896,2.790759801864624,0.4630580357142857,2.9450263500213625,4.3271977356501985,0.4453125,3.2178597450256348,1.2530796527862549,0.48660714285714285,3.7493108476911274,0.8791787666933877,6.195565947564319e-05
465,frost/s5,0.0,18.371505737304688,0.00017889986338559538,0.2810299295774648,9.52093887497002,0.5870782345427613,0.4296875,2.965639352798462,3.4998836517333984,0.46258802816901406,2.9453166740041383,4.315545424609117,0.4296875,3.2028677463531494,1.6129608154296875,0.4858054577464789,3.7416144659821415,0.8895137251262933,0.00013924529775977135
466,frost/s5,0.0,18.367891311645508,0.0001785843342076987,0.2771267361111111,9.64381321436829,0.578926850512087,0.4765625,2.4212937355041504,2.34283447265625,0.4627821180555556,2.938038577636083,4.288146661387549,0.4765625,2.856750011444092,0.9480952024459839,0.4856770833333333,3.7293246818913355,0.8903273567557335,6.087512883823365e-05
467,frost/s5,0.0,18.39024543762207,0.00016818850417621434,0.2733304794520548,9.763627354412863,0.5709986496626636,0.578125,2.177617073059082,2.3444628715515137,0.4643621575342466,2.927621844696672,4.26152085604733,0.578125,2.4492087364196777,1.0620174407958984,0.4869434931506849,3.7117888470218605,0.8926792757151878,4.276410618331283e-05
468,frost/s5,0.0078125,18.14480972290039,0.00017023226246237755,0.26974239864864863,9.87688657560864,0.5632847521302284,0.5,2.4269838333129883,2.312208652496338,0.46484375,2.92085646616446,4.235178799242587,0.5,2.8629112243652344,0.9790464639663696,0.48711993243243246,3.7003175277967713,0.8938463998807443,3.236020711483434e-05
469,frost/s5,0.0078125,18.272396087646484,0.00016447709640488029,0.26625,9.988826702435812,0.5557764817964441,0.4296875,2.9480860233306885,2.7687888145446777,0.464375,2.9212195269266763,4.215626932779948,0.4296875,3.438612937927246,1.312730073928833,0.48635416666666664,3.6968281332651776,0.8994315155347188,4.610958058037795e-05
470,frost/s5,0.0,18.396778106689453,0.00016635024803690612,0.26274671052631576,10.099457641965465,0.5484658221708072,0.4296875,2.837042808532715,2.611306667327881,0.46391858552631576,2.9201119385267558,4.194517455602947,0.4296875,3.3552191257476807,1.1685078144073486,0.4856085526315789,3.692333277903105,0.9029719931514639,4.9811154894996434e-05
471,frost/s5,0.0,18.400667190551758,0.00015875499229878187,0.2593344155844156,10.207265558180872,0.5413449511684889,0.4921875,2.514273166656494,2.4639906883239746,0.4642857142857143,2.9148413051258433,4.172043082001921,0.4921875,2.926293134689331,1.073075294494629,0.4856939935064935,3.6823847046146145,0.9051811269351414,3.9067115721991286e-05
472,frost/s5,0.0,18.407825469970703,0.00015811419871170074,0.25600961538461536,10.312400941665356,0.534406658386825,0.4609375,2.3303980827331543,2.7214012145996094,0.46424278846153844,2.9073484433002963,4.153445109342917,0.4609375,2.5703697204589844,1.1426228284835815,0.4853766025641026,3.668128102253645,0.9082252513139676,4.55727604276035e-05
473,frost/s5,0.0,18.40767478942871,0.00015424918092321604,0.25276898734177217,10.41487276252312,0.5276439696626997,0.3125,3.3712639808654785,4.000543594360352,0.46232199367088606,2.9132207918770705,4.1515096471279485,0.3125,3.520071268081665,2.092471122741699,0.4831882911392405,3.6662539651122272,0.9232157053826731,0.002144321333616972
474,gaussian_noise/s5,0.328125,3.733431577682495,4.421759605407715,0.328125,3.733431577682495,4.421759605407715,0.1640625,5.464189052581787,6.558229923248291,0.1640625,5.464189052581787,6.558229923248291,0.328125,4.151115417480469,1.8269511461257935,0.328125,4.151115417480469,1.8269511461257935,0.9860760569572449
475,gaussian_noise/s5,0.34375,3.052851915359497,3.0469985008239746,0.3359375,3.393141746520996,3.7343790531158447,0.15625,5.437376976013184,6.5754313468933105,0.16015625,5.450783014297485,6.566830635070801,0.34375,3.833636999130249,1.0526049137115479,0.3359375,3.992376208305359,1.4397780299186707,0.9996792078018188
476,gaussian_noise/s5,0.3359375,3.9205453395843506,2.7485454082489014,0.3359375,3.5689429442087808,3.405767838160197,0.1015625,5.671841621398926,6.580448150634766,0.140625,5.524469216664632,6.571369806925456,0.3359375,5.409186363220215,0.9754524827003479,0.3359375,4.4646462599436445,1.285002847512563,0.9999710321426392
477,gaussian_noise/s5,0.3125,3.595783233642578,2.428757667541504,0.330078125,3.5756530165672302,3.1615152955055237,0.1640625,5.501897811889648,6.521867752075195,0.146484375,5.518826365470886,6.558994293212891,0.3125,5.022119522094727,0.831803023815155,0.330078125,4.604014575481415,1.171702891588211,0.9999908208847046
478,gaussian_noise/s5,0.328125,3.7013401985168457,2.2169179916381836,0.3296875,3.6007904529571535,2.9725958347320556,0.1484375,5.4008097648620605,6.563597202301025,0.146875,5.495223045349121,6.559914875030517,0.328125,5.277518272399902,0.7921610474586487,0.3296875,4.738715314865113,1.0957945227622985,0.9999963045120239
479,gaussian_noise/s5,0.296875,3.803586483001709,2.1458792686462402,0.32421875,3.6345897912979126,2.83480974038442,0.1328125,5.617684364318848,6.548070907592773,0.14453125,5.515633265177409,6.5579408804575605,0.296875,5.491074085235596,0.7388277649879456,0.32421875,4.864108443260193,1.0363000631332397,0.9999977350234985
480,gaussian_noise/s5,0.3046875,3.829641819000244,1.7355778217315674,0.32142857142857145,3.66245436668396,2.677776609148298,0.1328125,5.585907936096191,6.593979835510254,0.14285714285714285,5.5256725038800925,6.563089302607945,0.3046875,5.723566055297852,0.590693473815918,0.32142857142857145,4.986888102122715,0.9726419789450509,0.999998927116394
481,gaussian_noise/s5,0.3125,4.36154842376709,1.7920536994934082,0.3203125,3.749841123819351,2.5670612454414368,0.1171875,5.452032089233398,6.521322727203369,0.1396484375,5.516467452049255,6.557868480682373,0.3125,6.557175636291504,0.6383333206176758,0.3203125,5.183174043893814,0.930853396654129,0.9999990463256836
482,gaussian_noise/s5,0.3515625,3.8643908500671387,1.658621072769165,0.3237847222222222,3.7625688711802163,2.466123448477851,0.1796875,5.315949440002441,6.532417297363281,0.1440972222222222,5.494187672932942,6.555040571424696,0.3515625,5.790604591369629,0.5757797956466675,0.3237847222222222,5.250666326946682,0.8914007743199667,0.9999990463256836
483,gaussian_noise/s5,0.3359375,4.195393085479736,1.6324973106384277,0.325,3.8058512926101686,2.382760834693909,0.1171875,5.353780746459961,6.495182991027832,0.14140625,5.480146980285644,6.54905481338501,0.3359375,6.296329021453857,0.623633086681366,0.325,5.3552325963974,0.8646240055561065,0.9999990463256836
484,gaussian_noise/s5,0.3203125,4.711676120758057,1.565666675567627,0.32457386363636365,3.8881990042599766,2.3084795475006104,0.109375,5.573082447052002,6.48479700088501,0.13849431818181818,5.488595659082586,6.543213194066828,0.3203125,7.169247150421143,0.5470523834228516,0.32457386363636365,5.520143010399559,0.835753858089447,0.9999990463256836
485,gaussian_noise/s5,0.328125,4.74086332321167,1.4357883930206299,0.3248697916666667,3.9592543641726174,2.235755284627279,0.1640625,5.344901084899902,6.528127670288086,0.140625,5.476621111234029,6.541956067085266,0.328125,7.200473785400391,0.5277059078216553,0.3248697916666667,5.660170574982961,0.810083195567131,0.9999991655349731
486,gaussian_noise/s5,0.28125,5.157567501068115,1.5798020362854004,0.3215144230769231,4.0514322977799635,2.185297342447134,0.09375,5.592609882354736,6.473552227020264,0.13701923076923078,5.4855433243971605,6.536694233234112,0.28125,7.914341449737549,0.6110297441482544,0.3215144230769231,5.833568334579468,0.7947713916118329,0.9999988079071045
487,gaussian_noise/s5,0.296875,4.665378570556641,1.4992244243621826,0.3197544642857143,4.095285602978298,2.136292134012495,0.1640625,5.364098072052002,6.437324523925781,0.13895089285714285,5.476868663515363,6.529596396854946,0.296875,7.066194534301758,0.5800183415412903,0.3197544642857143,5.92161306313106,0.7794318880353656,0.9999983310699463
488,gaussian_noise/s5,0.2421875,5.891212463378906,1.076042890548706,0.3145833333333333,4.215014060338338,2.065608851114909,0.1640625,5.342767238616943,6.43020486831665,0.140625,5.467928568522136,6.522970294952392,0.2421875,9.110738754272461,0.4050092399120331,0.3145833333333333,6.134221442540487,0.7544703781604767,0.9999985694885254
489,gaussian_noise/s5,0.234375,6.1329240798950195,1.1562895774841309,0.3095703125,4.334883436560631,2.0087763965129852,0.1171875,5.569006443023682,6.511255741119385,0.13916015625,5.474245935678482,6.52223813533783,0.234375,9.29798412322998,0.4328685402870178,0.3095703125,6.33195661008358,0.7343702632933855,0.9999983310699463
490,gaussian_noise/s5,0.2578125,5.770061492919922,1.015038251876831,0.30652573529411764,4.419305675170001,1.950321211534388,0.2265625,4.905946731567383,6.29452657699585,0.14430147058823528,5.44081657073077,6.508843337788301,0.2578125,8.715523719787598,0.43786388635635376,0.30652573529411764,6.472166440066169,0.7169287117088542,0.9999947547912598
491,gaussian_noise/s5,0.171875,6.951152324676514,0.821427583694458,0.2990451388888889,4.559963822364807,1.887604898876614,0.1484375,5.462327480316162,6.439275741577148,0.14453125,5.442011621263292,6.504978471332127,0.171875,10.349146842956543,0.28944599628448486,0.2990451388888889,6.687554240226746,0.693179671963056,0.9999874830245972
492,gaussian_noise/s5,0.1640625,8.292177200317383,0.6128265857696533,0.29194078947368424,4.756396105414943,1.8205113034499318,0.21875,5.030605316162109,6.343066215515137,0.1484375,5.420358657836914,6.496456773657548,0.1640625,11.899301528930664,0.239699125289917,0.29194078947368424,6.961856729105899,0.6693122747697329,0.9999475479125977
493,gaussian_noise/s5,0.046875,11.734851837158203,0.17485255002975464,0.2796875,5.1053188920021055,1.738228365778923,0.203125,5.094298839569092,6.326139450073242,0.151171875,5.404055666923523,6.4879409074783325,0.046875,15.912299156188965,0.05693952739238739,0.2796875,7.409378850460053,0.6386936374008656,0.9993226528167725
494,gaussian_noise/s5,0.0,13.870935440063477,0.04562724009156227,0.2663690476190476,5.522729203814552,1.657628312174763,0.140625,5.3067216873168945,6.4017653465271,0.15066964285714285,5.399420715513683,6.4838373093377974,0.0,17.639225006103516,0.01343834400177002,0.2663690476190476,7.89651438168117,0.6089195758104324,0.9938827753067017
495,gaussian_noise/s5,0.0,14.896302223205566,0.009325169026851654,0.25426136363636365,5.9488007046959614,1.5827054420316762,0.25,4.8422627449035645,6.278317451477051,0.1551846590909091,5.374095353213224,6.4744954976168545,0.0,18.361064910888672,0.0027155738789588213,0.25426136363636365,8.37217576937242,0.5813648484499109,0.9409559369087219
496,gaussian_noise/s5,0.0,15.289878845214844,0.003583109937608242,0.24320652173913043,6.354934536892435,1.514047949331934,0.203125,4.9573140144348145,6.272581100463867,0.15726902173913043,5.355974425440249,6.465716610784116,0.0,18.325733184814453,1.2285989214433357e-05,0.24320652173913043,8.804939135261204,0.5560886500820545,0.8395134210586548
497,gaussian_noise/s5,0.0,15.95185661315918,0.0024675210006535053,0.23307291666666666,6.754806290070216,1.4510654314847973,0.203125,5.0801191329956055,6.234739303588867,0.1591796875,5.344480454921722,6.456092556317647,0.0,17.842191696166992,0.00038796348962932825,0.23307291666666666,9.181491325298945,0.5329344548073701,0.719139039516449
498,gaussian_noise/s5,0.0,16.498239517211914,0.0013794619590044022,0.22375,7.1445436191558835,1.3930779927037655,0.171875,5.261027812957764,6.471773624420166,0.1596875,5.341142349243164,6.456719799041748,0.0,18.3976993560791,6.115239557402674e-06,0.22375,9.550139646530152,0.5116173212246576,0.8117873668670654
499,gaussian_noise/s5,0.0,17.190019607543945,0.0008157363627105951,0.21514423076923078,7.530908080247732,1.3395294443829557,0.234375,4.838057041168213,6.044305801391602,0.16256009615384615,5.3217929143172045,6.44085772220905,0.0,14.784551620483398,0.0019618705846369267,0.21514423076923078,9.751463183989891,0.4920151885077338,0.5688912272453308
500,gaussian_noise/s5,0.0,17.55879020690918,0.000553373945876956,0.20717592592592593,7.902311121975934,1.2899377380704715,0.234375,4.810252666473389,6.139134407043457,0.1652199074074074,5.3028469792118775,6.429682784610325,0.0,12.02190113067627,0.018099268898367882,0.20717592592592593,9.83555347831161,0.4744627470407202,0.4754369258880615
501,gaussian_noise/s5,0.0,17.68546485900879,0.0005494384095072746,0.19977678571428573,8.251709469727107,1.2438881559397228,0.140625,5.250487804412842,6.190872669219971,0.16434151785714285,5.300977008683341,6.421153851917812,0.0,12.985136985778809,0.011892464011907578,0.19977678571428573,9.948038603578295,0.4579423797896912,0.4898957312107086
502,gaussian_noise/s5,0.0,17.239091873168945,0.001053006504662335,0.19288793103448276,8.561619207776825,1.2010317714764447,0.15625,4.968550682067871,6.149633884429932,0.1640625,5.289514031903497,6.41179109441823,0.0,11.62571907043457,0.03521391749382019,0.19288793103448276,10.005889654159546,0.4433655362622474,0.46746644377708435
503,gaussian_noise/s5,0.0,16.5961856842041,0.003138270927593112,0.18645833333333334,8.829438090324402,1.1611019881248164,0.2421875,4.618150234222412,6.012739181518555,0.16666666666666666,5.267135238647461,6.398489363988241,0.0,7.110083103179932,1.1058049201965332,0.18645833333333334,9.909362769126892,0.4654468490600569,0.34911128878593445
504,gaussian_noise/s5,0.0,16.494781494140625,0.00426127016544342,0.18044354838709678,9.07670723238299,1.123784545609998,0.21875,4.892997741699219,6.082298278808594,0.16834677419354838,5.255066287133001,6.388289651563091,0.0,6.465461254119873,2.103864908218384,0.18044354838709678,9.7982691718686,0.5182990445167771,0.31384626030921936
505,gaussian_noise/s5,0.0,16.687847137451172,0.0030477894470095634,0.1748046875,9.31455535441637,1.0887615219799045,0.1640625,4.977774143218994,6.090115547180176,0.168212890625,5.246400907635689,6.378971710801125,0.0,7.9991655349731445,0.738042414188385,0.1748046875,9.742047183215618,0.5251660248190149,0.3668568730354309
506,gaussian_noise/s5,0.0,17.34440803527832,0.001241712598130107,0.16950757575757575,9.5578842235334,1.0558063762410628,0.203125,4.5206122398376465,6.080900192260742,0.16927083333333334,5.224407311641809,6.369939240542325,0.0,7.88663387298584,0.5303220152854919,0.16950757575757575,9.68582253745108,0.5253222669543627,0.36447420716285706
507,gaussian_noise/s5,0.0,17.5654239654541,0.0008294173167087138,0.1645220588235294,9.793400098295773,1.0247776421550525,0.2265625,4.694216728210449,6.079117774963379,0.17095588235294118,5.208813470952651,6.361385668025298,0.0,7.962257385253906,0.5201832056045532,0.1645220588235294,9.635129444739398,0.5251711180911329,0.3565860688686371
508,gaussian_noise/s5,0.0,17.797161102294922,0.0005116093088872731,0.15982142857142856,10.02207898412432,0.9955128983594477,0.1796875,5.027407169342041,6.11801290512085,0.17120535714285715,5.203630433763776,6.354432160513742,0.0,9.37845230102539,0.19701945781707764,0.15982142857142856,9.627795812061855,0.5157953563690171,0.38401105999946594
509,gaussian_noise/s5,0.0,18.079265594482422,0.00033748516580089927,0.15538194444444445,10.245889723300934,0.9678691368818464,0.1953125,4.909723281860352,6.162093162536621,0.171875,5.195466346210903,6.349089410569933,0.0,11.218527793884277,0.038957759737968445,0.15538194444444445,9.671982811556923,0.5025498675737102,0.43514707684516907
510,gaussian_noise/s5,0.0,18.197481155395508,0.0002885901485569775,0.15118243243243243,10.46079759984403,0.9417183112944603,0.2265625,4.811585903167725,6.0892333984375,0.17335304054054054,5.185091199101628,6.342066275106894,0.0,9.384686470031738,0.16915082931518555,0.15118243243243243,9.664218045569754,0.49353908275591224,0.37988099455833435
511,gaussian_noise/s5,0.0,18.18400001525879,0.00025669432943686843,0.14720394736842105,10.664039768670735,0.9169430055848543,0.1640625,4.805612564086914,5.901674747467041,0.17310855263157895,5.17510491923282,6.33047702437953,0.0078125,5.918954849243164,2.498102903366089,0.1474095394736842,9.565658487771687,0.5462907622456538,0.2696150243282318
512,gaussian_noise/s5,0.0,18.220117568969727,0.00023859950306359679,0.14342948717948717,10.857785353293785,0.8934377644032699,0.1640625,4.97376823425293,5.963861465454102,0.17287660256410256,5.169942440130772,6.321076625432724,0.0078125,5.883243560791016,2.8987021446228027,0.1438301282051282,9.47123759220808,0.6066090028194268,0.2600785791873932
513,gaussian_noise/s5,0.0,18.30341911315918,0.00021203076175879687,0.13984375,11.043926197290421,0.8711071210622322,0.1953125,4.813384532928467,6.008232593536377,0.1734375,5.161028492450714,6.313255524635315,0.0,6.6769561767578125,1.4647252559661865,0.140234375,9.401380556821824,0.6280619091480958,0.2967037260532379
514,gaussian_noise/s5,0.0,18.269155502319336,0.00021001341519877315,0.1364329268292683,11.220151302291125,0.8498657281927924,0.1796875,4.795297145843506,5.877176284790039,0.17358993902439024,5.152108215704197,6.302619445614699,0.0390625,5.280177593231201,3.668692111968994,0.13776676829268292,9.300863411368393,0.7022236214120201,0.23341722786426544
515,gaussian_noise/s5,0.0078125,18.15268898010254,0.00020564210717566311,0.13337053571428573,11.385211723191398,0.8296357261431349,0.1796875,4.82865571975708,5.852872371673584,0.17373511904761904,5.144406965800694,6.291911181949434,0.171875,4.847464084625244,4.571356773376465,0.13857886904761904,9.194830094064985,0.7943458393159355,0.1870116889476776
516,gaussian_noise/s5,0.0,18.306007385253906,0.00019046440138481557,0.1302688953488372,11.546160459518433,0.8103463014514662,0.1171875,4.888260841369629,5.67377233505249,0.17242005813953487,5.138450079186018,6.277535859928575,0.125,4.871180534362793,4.32076358795166,0.13826308139534885,9.094280104304469,0.8763555544004872,0.12881000339984894
517,gaussian_noise/s5,0.0,18.324432373046875,0.0001866778766270727,0.12730823863636365,11.700212093916806,0.7919335827338562,0.2578125,4.226280212402344,5.483799934387207,0.17436079545454544,5.117718945850026,6.259496407075361,0.2578125,4.036891937255859,3.768484115600586,0.14098011363636365,8.979339464144273,0.9420857489732167,0.0733509510755539
518,gaussian_noise/s5,0.0078125,18.15077018737793,0.00018950324738398194,0.12465277777777778,11.843557829327054,0.774339269856379,0.2265625,4.464195251464844,5.521712303161621,0.17552083333333332,5.103196197085911,6.243101204766168,0.2421875,4.354722023010254,3.6532797813415527,0.14322916666666666,8.876570187674629,1.0023345052480686,0.0630095899105072
519,gaussian_noise/s5,0.0,18.266752243041992,0.00018076677224598825,0.12194293478260869,11.983192490494769,0.7575097371806371,0.15625,4.845636367797852,5.679269790649414,0.17510190217391305,5.097597070362257,6.230844000111455,0.15625,4.797089099884033,4.030508995056152,0.14351222826086957,8.78788581620092,1.068164385461288,0.07241442799568176
520,gaussian_noise/s5,0.0,18.322708129882812,0.00017974167712964118,0.11934840425531915,12.118075801971111,0.741396333020988,0.21875,4.572361946105957,5.859607696533203,0.17603058510638298,5.086421854952548,6.222945355354471,0.21875,4.356730937957764,4.505246162414551,0.1451130319148936,8.69360592517447,1.1412937849709317,0.10992495715618134
521,gaussian_noise/s5,0.0,18.310422897338867,0.0001720371947158128,0.11686197916666667,12.247083033124605,0.7259541601912739,0.2578125,4.3124213218688965,5.552923679351807,0.177734375,5.070296843846639,6.208986570437749,0.2578125,4.108361721038818,3.9637255668640137,0.1474609375,8.598080004254976,1.2000944470937043,0.08345319330692291
522,gaussian_noise/s5,0.0,18.314489364624023,0.000167146441526711,0.11447704081632654,12.370907652134798,0.7111421803188301,0.2265625,4.486628532409668,5.487864017486572,0.17873086734693877,5.058385245654048,6.194269783642827,0.2109375,4.401887893676758,3.7333405017852783,0.14875637755102042,8.512443430569707,1.2517933461690425,0.06445632874965668
523,gaussian_noise/s5,0.0,18.305448532104492,0.00016250110638793558,0.1121875,12.489598469734192,0.6969225867345813,0.21875,4.530146598815918,5.42416524887085,0.17953125,5.0478204727172855,6.178867692947388,0.21875,4.5007710456848145,3.5655438899993896,0.15015625,8.43220998287201,1.2980683570456495,0.05162866413593292
524,gaussian_noise/s5,0.0,18.348960876464844,0.00016860860341694206,0.10998774509803921,12.604487928689695,0.683260744026127,0.15625,4.94371223449707,5.596269130706787,0.1790747549019608,5.0457791347129675,6.167444191726983,0.15625,5.009067058563232,3.7729530334472656,0.15027573529411764,8.365089533375759,1.3465955075633282,0.0607573427259922
525,gaussian_noise/s5,0.0,18.294574737548828,0.0001624479773454368,0.10787259615384616,12.713912675013908,0.6701242383328813,0.265625,4.362934112548828,5.66309928894043,0.18073918269230768,5.0326474996713495,6.157745251288781,0.265625,4.143733978271484,3.9195313453674316,0.1524939903846154,8.283909618854523,1.3960750429057147,0.06711189448833466
526,gaussian_noise/s5,0.0,18.33814811706543,0.00016232547932304442,0.1058372641509434,12.820030324863938,0.6574834475243235,0.15625,4.688322067260742,5.370660781860352,0.18027712264150944,5.0261507933994505,6.142894600922206,0.15625,4.762924671173096,3.507115125656128,0.15256485849056603,8.217475940596383,1.4359059878632698,0.04517235979437828
527,gaussian_noise/s5,0.0,18.35196876525879,0.00015522330068051815,0.10387731481481481,12.922473629315695,0.6453107026312931,0.1953125,4.758701324462891,5.2692718505859375,0.18055555555555555,5.021198025456181,6.126716401841906,0.1875,4.955021858215332,3.2344727516174316,0.15321180555555555,8.157060124255993,1.469212779784643,0.03387696295976639
528,gaussian_noise/s5,0.0,18.319541931152344,0.00015342954429797828,0.10198863636363636,13.020602143894543,0.6335805703933478,0.2109375,4.481508731842041,5.204799652099609,0.18110795454545456,5.011385492845015,6.109954279119318,0.2109375,4.571221351623535,3.234380006790161,0.15426136363636364,8.091863055662674,1.5013067293665616,0.025318069383502007
529,gaussian_noise/s5,0.0,18.337413787841797,0.00015726263518445194,0.10016741071428571,13.11554520896503,0.6222694398976663,0.1953125,4.513450622558594,5.129631996154785,0.18136160714285715,5.002493798732758,6.09244852406638,0.1953125,4.690515518188477,3.000361442565918,0.15499441964285715,8.031124706779208,1.5280755635308358,0.020689845085144043
530,gaussian_noise/s5,0.0078125,18.23393440246582,0.0001504912506788969,0.09854714912280702,13.205341510605393,0.6113550723775437,0.2265625,4.52919340133667,5.107422828674316,0.18215460526315788,4.994190282988966,6.075167371515642,0.234375,4.71437406539917,3.0412964820861816,0.15638706140350878,7.972936099035698,1.5546232989440876,0.017784669995307922
531,gaussian_noise/s5,0.0,18.329198837280273,0.00015092481044121087,0.09684806034482758,13.293683878306684,0.6008170698332833,0.21875,4.141478061676025,5.03225040435791,0.1827855603448276,4.9794883481387435,6.0571860444956815,0.21875,4.180753707885742,2.9688141345977783,0.15746228448275862,7.907553644015871,1.5790058995588063,0.017011340707540512
532,gaussian_noise/s5,0.0,18.354639053344727,0.00014571609790436924,0.09520656779661017,13.379462779578516,0.5906361994309888,0.2578125,4.124639511108398,5.005585670471191,0.1840572033898305,4.964999384799246,6.039362309342724,0.2578125,4.176199913024902,2.903824806213379,0.15916313559322035,7.844310360439753,1.6014604572987143,0.013279509730637074
533,gaussian_noise/s5,0.0,18.35567283630371,0.0001449122792109847,0.09361979166666666,13.462399613857269,0.5807946779784591,0.2421875,4.073001861572266,4.750258445739746,0.18502604166666667,4.95013275941213,6.017877244949341,0.2421875,4.242563247680664,2.6509642601013184,0.160546875,7.784281241893768,1.6189521873454245,0.00868524331599474
534,gaussian_noise/s5,0.0,18.327348709106445,0.00014763687795493752,0.09208504098360656,13.542152877713812,0.5712758740259919,0.28125,4.169919013977051,4.8847808837890625,0.18660348360655737,4.937342370142702,5.999301894766385,0.28125,4.312219142913818,2.7948384284973145,0.16252561475409835,7.727362191090818,1.6382290109708653,0.008359923958778381
535,gaussian_noise/s5,0.0,18.363012313842773,0.00014356750762090087,0.09059979838709678,13.619908675070732,0.5620640626305342,0.234375,4.380800247192383,4.64530086517334,0.18737399193548387,4.928365884288665,5.977463168482626,0.234375,4.768163204193115,2.5037546157836914,0.16368447580645162,7.679633175173113,1.652189101371072,0.006600803229957819
536,gaussian_noise/s5,0.0,18.341087341308594,0.00014680696767754853,0.08916170634920635,13.69484801897927,0.5531447411120762,0.25,4.1763014793396,4.7368245124816895,0.18836805555555555,4.916428354051378,5.957770491403247,0.25,4.4054765701293945,2.623297929763794,0.1650545634920635,7.627662435410515,1.6676035272185756,0.00681679742410779
537,gaussian_noise/s5,0.0,18.371591567993164,0.0001406123919878155,0.0877685546875,13.767922136932611,0.5445040516008248,0.21875,4.426367282867432,4.830200672149658,0.1888427734375,4.908771149814129,5.940152212977409,0.21875,4.740647792816162,2.661714553833008,0.1658935546875,7.582552831619978,1.6831365120094262,0.007286859210580587
538,gaussian_noise/s5,0.0,18.318452835083008,0.000134950882056728,0.08641826923076923,13.83793030151954,0.5361291423589977,0.1640625,4.662363052368164,4.946043014526367,0.18846153846153846,4.904980256007268,5.924858225308932,0.1640625,5.020862579345703,2.7981221675872803,0.1658653846153846,7.54314221235422,1.7002901374798547,0.00969986617565155
539,gaussian_noise/s5,0.0,18.379377365112305,0.00014132038631942123,0.08510890151515152,13.90674010551337,0.528008114753351,0.1953125,4.58123254776001,4.603504657745361,0.1885653409090909,4.900074987700491,5.904837716709483,0.1953125,5.106319904327393,2.407467842102051,0.16631155303030304,7.506220662232601,1.7110049511862515,0.00636413786560297
540,gaussian_noise/s5,0.0,18.35944175720215,0.0001352466642856598,0.08383861940298508,13.973198339120666,0.5201294152296336,0.2890625,4.112782955169678,4.510959625244141,0.19006529850746268,4.888324360349285,5.884033566090598,0.2890625,4.4651031494140625,2.2739832401275635,0.1681436567164179,7.460830848608444,1.7194076122152264,0.004939374979585409
541,gaussian_noise/s5,0.0,18.34264373779297,0.00013690012565348297,0.08260569852941177,14.037454889101141,0.5124824664781045,0.2890625,3.986640691757202,4.073917388916016,0.19152113970588236,4.875064306399402,5.857414210543913,0.2890625,4.470104694366455,2.001587390899658,0.169921875,7.416849581634297,1.7235573148429386,0.0026473223697394133
542,gaussian_noise/s5,0.0,18.33397102355957,0.0001393729617120698,0.08140851449275362,14.099723238875901,0.5050572042532292,0.1640625,4.625798225402832,4.625492095947266,0.1911231884057971,4.8714517545009,5.8395602668541065,0.1640625,5.167566776275635,2.434009075164795,0.16983695652173914,7.38425128010736,1.7338537171664439,0.003423845861107111
543,gaussian_noise/s5,0.0,18.40247917175293,0.00013359723379835486,0.08024553571428572,14.161191180774145,0.49784400986723737,0.203125,4.152288913726807,4.431692600250244,0.19129464285714284,4.861177999632699,5.819447871616909,0.203125,4.518665790557861,2.3996269702911377,0.1703125,7.343314344542367,1.7433647636396536,0.00355179188773036
544,gaussian_noise/s5,0.0,18.3438777923584,0.00013461719208862633,0.07911531690140845,14.220102259810542,0.4908340184211085,0.25,4.365482330322266,4.179121017456055,0.19212147887323944,4.8541963704874815,5.796344676487882,0.25,4.95826530456543,2.205841302871704,0.17143485915492956,7.309722104542692,1.7498785177133445,0.002440831158310175
545,gaussian_noise/s5,0.0078125,18.176456451416016,0.00013412354746833444,0.078125,14.27505162358284,0.48401874210341905,0.2734375,3.8925275802612305,4.70965576171875,0.19325086805555555,4.840839859512117,5.7812517748938665,0.2734375,4.0012359619140625,2.562370777130127,0.1728515625,7.263770908117294,1.7611631324274666,0.003848656080663204
546,gaussian_noise/s5,0.0,18.31619644165039,0.00012821765267290175,0.07705479452054795,14.330409771775546,0.477390104782176,0.2265625,4.214781761169434,4.184806823730469,0.1937071917808219,4.832263721178656,5.7593826659738205,0.2265625,4.725460529327393,2.2201695442199707,0.1735873287671233,7.228999533065378,1.7674508914931173,0.0030506066977977753
547,gaussian_noise/s5,0.0,18.351978302001953,0.0001306877238675952,0.07601351351351351,14.384755292454281,0.4709406532003069,0.2109375,4.216153621673584,4.184863567352295,0.19394003378378377,4.823937909023182,5.738105380857313,0.2109375,4.727445125579834,2.224637508392334,0.1740920608108108,7.1951947437750325,1.7736290890187825,0.002499361988157034
548,gaussian_noise/s5,0.0,18.394908905029297,0.00012388720642775297,0.075,14.438224007288614,0.46466309632038855,0.2109375,4.332196235656738,4.208799362182617,0.19416666666666665,4.817381353378296,5.71771463394165,0.2109375,4.879257678985596,2.2926337718963623,0.17458333333333334,7.164315582911174,1.78054915145715,0.002533216495066881
549,gaussian_noise/s5,0.0,18.35930824279785,0.00013073813170194626,0.07401315789473684,14.489817220913736,0.45855082844948475,0.140625,4.917294979095459,3.987924575805664,0.19346217105263158,4.818696006348259,5.694954238439861,0.140625,5.901625156402588,1.9786494970321655,0.17413651315789475,7.1477012351939555,1.783155734951558,0.0018401248380541801
550,gaussian_noise/s5,0.0,18.379615783691406,0.00012486244668252766,0.07305194805194805,14.540334085365394,0.4525972444754224,0.28125,4.04115104675293,3.819973945617676,0.19460227272727273,4.808598019860008,5.670603845026586,0.28125,4.638790130615234,1.9533578157424927,0.1755275974025974,7.11511797409553,1.7853661515852066,0.0012678552884608507
551,gaussian_noise/s5,0.0,18.325149536132812,0.00012636468454729766,0.07211538461538461,14.588857360375233,0.44679633576015476,0.2421875,4.0909199714660645,3.9870455265045166,0.19521233974358973,4.7993970192395725,5.649019764019893,0.2421875,4.650751113891602,2.01448655128479,0.17638221153846154,7.083523527169839,1.7883035926069961,0.0012895481195300817
552,gaussian_noise/s5,0.0,18.407976150512695,0.00012934541155118495,0.07120253164556962,14.637200636199758,0.44114232322409647,0.25,4.85055685043335,4.557756423950195,0.19590585443037975,4.8000446120394935,5.63520630401901,0.25,5.401036739349365,2.709803581237793,0.177314082278481,7.062226226058187,1.7999681494251076,0.02644055150449276
553,glass_blur/s5,0.2421875,4.578930377960205,3.630469799041748,0.2421875,4.578930377960205,3.630469799041748,0.1953125,5.226781845092773,6.369293212890625,0.1953125,5.226781845092773,6.369293212890625,0.2421875,6.004052639007568,1.3769137859344482,0.2421875,6.004052639007568,1.3769137859344482,0.9882893562316895
554,glass_blur/s5,0.2578125,4.148497104644775,3.045015573501587,0.25,4.36371374130249,3.3377426862716675,0.1640625,5.263017177581787,6.369541168212891,0.1796875,5.24489951133728,6.369417190551758,0.2578125,5.731934070587158,0.9145485162734985,0.25,5.867993354797363,1.1457311511039734,0.9992984533309937
555,glass_blur/s5,0.1875,4.811258316040039,2.8164525032043457,0.22916666666666666,4.512895266215007,3.1639792919158936,0.09375,5.56703519821167,6.389869689941406,0.15104166666666666,5.352278073628743,6.376234690348308,0.1875,6.907983779907227,0.9224497079849243,0.22916666666666666,6.214656829833984,1.0713040033976238,0.9998636245727539
556,glass_blur/s5,0.3203125,4.216527462005615,2.354966163635254,0.251953125,4.438803315162659,2.9617260098457336,0.1796875,5.235654354095459,6.327936172485352,0.158203125,5.323122143745422,6.364160060882568,0.3203125,6.118152618408203,0.7568786144256592,0.251953125,6.190530776977539,0.9926976561546326,0.9999550580978394
557,glass_blur/s5,0.2890625,4.244101047515869,1.7449473142623901,0.259375,4.3998628616333,2.718370270729065,0.1328125,5.381443023681641,6.361191749572754,0.153125,5.334786319732666,6.3635663986206055,0.2890625,6.4402384757995605,0.5370631814002991,0.259375,6.240472316741943,0.9015707612037659,0.9999879598617554
558,glass_blur/s5,0.1796875,4.901051998138428,1.9788212776184082,0.24609375,4.483394384384155,2.5951121052106223,0.0625,5.549653053283691,6.331538200378418,0.13802083333333334,5.37059744199117,6.358228365580241,0.1796875,7.444570064544678,0.6086370944976807,0.24609375,6.4411552747090655,0.8527484834194183,0.9999880790710449
559,glass_blur/s5,0.3125,3.954784393310547,1.6638425588607788,0.25558035714285715,4.4078786713736395,2.462073598589216,0.15625,5.19596529006958,6.300522327423096,0.140625,5.345649991716657,6.349984645843506,0.3125,5.969304084777832,0.5457754135131836,0.25558035714285715,6.3737479618617465,0.8088951877185276,0.999991774559021
560,glass_blur/s5,0.296875,5.053192138671875,1.616067886352539,0.2607421875,4.488542854785919,2.3563228845596313,0.1796875,5.327972888946533,6.313384056091309,0.1455078125,5.343440353870392,6.345409572124481,0.296875,7.742677211761475,0.5721123218536377,0.2607421875,6.544864118099213,0.7792973294854164,0.9999884366989136
561,glass_blur/s5,0.21875,5.773427486419678,1.252411961555481,0.2560763888888889,4.631307813856337,2.233666115336948,0.1640625,5.10929012298584,6.218299865722656,0.14756944444444445,5.317423661549886,6.331286271413167,0.21875,8.91667366027832,0.43556806445121765,0.2560763888888889,6.808398511674669,0.741105188926061,0.9999595880508423
562,glass_blur/s5,0.1484375,7.20328950881958,0.6739379167556763,0.2453125,4.888505983352661,2.077693295478821,0.1875,4.9779791831970215,6.216232776641846,0.1515625,5.2834792137146,6.319780921936035,0.1484375,11.347570419311523,0.2256685495376587,0.2453125,7.262315702438355,0.6895615249872208,0.9998600482940674
563,glass_blur/s5,0.09375,8.705470085144043,0.432515949010849,0.2315340909090909,5.23550271987915,1.928131718527187,0.1328125,5.2457427978515625,6.250049591064453,0.14985795454545456,5.280048630454323,6.313441710038618,0.09375,13.441160202026367,0.12340382486581802,0.2315340909090909,7.824028838764537,0.6380926431580023,0.999138355255127
564,glass_blur/s5,0.03125,11.03480339050293,0.06960531324148178,0.21484375,5.718777775764465,1.7732545180867116,0.234375,4.945407390594482,6.175624370574951,0.15690104166666666,5.252161860466003,6.30195693174998,0.03125,16.506174087524414,0.007866553962230682,0.21484375,8.54754094282786,0.585573802391688,0.987562894821167
565,glass_blur/s5,0.0,12.456153869628906,0.03709012269973755,0.19831730769230768,6.2370374752924995,1.639703410749252,0.1171875,5.301689624786377,6.2989091873168945,0.15384615384615385,5.255971688490647,6.301722489870512,0.0,17.56340789794922,0.004028962925076485,0.19831730769230768,9.241069170144888,0.5408395839711795,0.944373607635498
566,glass_blur/s5,0.0078125,13.412612915039062,0.018896669149398804,0.18470982142857142,6.74957857813154,1.5239315006349767,0.1875,5.044460296630859,6.1917314529418945,0.15625,5.240863731929234,6.293865987232754,0.0078125,17.64179801940918,0.0028855055570602417,0.18470982142857142,9.841121230806623,0.5024142926558852,0.840027928352356
567,glass_blur/s5,0.0,14.304755210876465,0.00878714956343174,0.17239583333333333,7.253257020314535,1.422921877230207,0.125,5.500786781311035,6.237354755401611,0.15416666666666667,5.258191935221354,6.290098571777344,0.0,17.440940856933594,0.0002815067127812654,0.17239583333333333,10.347775872548421,0.4689387735930116,0.7601052522659302
568,glass_blur/s5,0.0,14.871716499328613,0.007248923182487488,0.16162109375,7.729410737752914,1.3344423176022246,0.171875,5.080773830413818,6.2004594802856445,0.1552734375,5.247103303670883,6.2844961285591125,0.0,16.22618293762207,0.0011824261164292693,0.16162109375,10.715176314115524,0.4397040018757252,0.6884738206863403
569,glass_blur/s5,0.0078125,15.263853073120117,0.0210411474108696,0.15257352941176472,8.172613228068633,1.2571834252380274,0.1875,4.951083660125732,6.0707244873046875,0.15716911764705882,5.229690383462345,6.271921326132381,0.0078125,14.0107421875,0.005136759951710701,0.15257352941176472,10.909033130196963,0.4141412229390185,0.5987025499343872
570,glass_blur/s5,0.0078125,15.606980323791504,0.0030233534052968025,0.14453125,8.58563362227546,1.1875078656917646,0.1328125,5.045142650604248,6.128089904785156,0.1558159722222222,5.219437731636895,6.2639306916130915,0.0078125,13.203139305114746,0.008403186686336994,0.14453125,11.036483473247952,0.39160022092498065,0.557466983795166
571,glass_blur/s5,0.0,16.075281143188477,0.00239395909011364,0.13692434210526316,8.979825597060355,1.1251334495548355,0.15625,5.011964321136475,6.183681011199951,0.15583881578947367,5.208518078452663,6.2597070242229265,0.0,13.473438262939453,0.007560537196695805,0.13692434210526316,11.164744251652769,0.371387605991913,0.5527728199958801
572,glass_blur/s5,0.0,16.07421112060547,0.0221104696393013,0.130078125,9.33454487323761,1.0699823005590587,0.1328125,5.31025505065918,6.111719131469727,0.1546875,5.213604927062988,6.252307629585266,0.0,12.6556396484375,0.044617075473070145,0.130078125,11.239289021492004,0.35504907946597086,0.5180155634880066
573,glass_blur/s5,0.0,16.180667877197266,0.002142579760402441,0.12388392857142858,9.660550730569023,1.019132790044837,0.1796875,4.811074256896973,6.029873847961426,0.1558779761904762,5.194436799912226,6.241715544746036,0.0,10.247629165649414,0.08796121180057526,0.12388392857142858,11.192067123594738,0.3423306095771425,0.450451523065567
574,glass_blur/s5,0.0,16.36971092224121,0.0021682893857359886,0.11825284090909091,9.965512557463212,0.9729071309239689,0.25,4.628828525543213,5.975400924682617,0.16015625,5.168727332895452,6.229610334743153,0.0,7.756141662597656,0.6149583458900452,0.11825284090909091,11.035888693549417,0.35472277940954716,0.3704824149608612
575,glass_blur/s5,0.0078125,16.28622055053711,0.0023716711439192295,0.11345108695652174,10.240325948466426,0.9307099370204884,0.1953125,4.79679536819458,6.010865211486816,0.16168478260869565,5.152556377908458,6.220099677210269,0.0078125,7.687860012054443,0.7389729022979736,0.11345108695652174,10.890322229136592,0.3714293064916527,0.36350810527801514
576,glass_blur/s5,0.0,16.258785247802734,0.002588306088000536,0.10872395833333333,10.491095085938772,0.8920382023983014,0.1640625,4.927021026611328,5.9476423263549805,0.16178385416666666,5.143159071604411,6.208747287591298,0.0078125,6.632606506347656,1.863412618637085,0.10904947916666667,10.71291740735372,0.4335952778310457,0.3206580877304077
577,glass_blur/s5,0.0078125,16.13640022277832,0.0026901522651314735,0.1046875,10.716907291412353,0.8564642803929746,0.15625,4.989879608154297,6.0673136711120605,0.1615625,5.137027893066406,6.203089942932129,0.0078125,8.17803955078125,0.5806090831756592,0.105,10.61152229309082,0.4394758300448302,0.3764244318008423
578,glass_blur/s5,0.0,16.194665908813477,0.0027485769242048264,0.1006610576923077,10.92759031515855,0.8236290610287912,0.1640625,4.838186264038086,5.862372875213623,0.16165865384615385,5.125533984257625,6.189985440327571,0.0625,5.44498348236084,3.6504945755004883,0.10336538461538461,10.412809261908897,0.562976551023894,0.2643852233886719
579,glass_blur/s5,0.0,16.47173500061035,0.0023263469338417053,0.09693287037037036,11.13292900721232,0.7932104419882374,0.1953125,4.87341833114624,5.854701042175293,0.1629050925925926,5.116196367475721,6.1775674996552645,0.109375,5.043482303619385,4.563359260559082,0.10358796296296297,10.213945300490767,0.7111388735992713,0.22078019380569458
580,glass_blur/s5,0.0,16.34273338317871,0.002488772850483656,0.09347098214285714,11.31899344921112,0.7649703823761749,0.1796875,4.947929382324219,5.881232261657715,0.16350446428571427,5.110186832291739,6.166984098298209,0.09375,5.111891269683838,4.523720741271973,0.10323660714285714,10.031729085104805,0.8473025117304392,0.21849316358566284
581,glass_blur/s5,0.0,16.495067596435547,0.0021563642658293247,0.0902478448275862,11.497478764632653,0.7386664507171974,0.203125,4.838168621063232,5.869785785675049,0.1648706896551724,5.100806893973515,6.156735880621548,0.0859375,5.069946765899658,4.4301934242248535,0.10264008620689655,9.86063314306325,0.9708504742302466,0.2244226485490799
582,glass_blur/s5,0.0,16.608182907104492,0.0016714687226340175,0.08723958333333333,11.667835569381714,0.7140999513173786,0.1328125,4.942343235015869,5.953896999359131,0.16380208333333332,5.09552477200826,6.149974584579468,0.03125,5.487898826599121,3.7036688327789307,0.10026041666666667,9.714875332514445,1.0619444195152028,0.2564772367477417
583,glass_blur/s5,0.015625,16.601804733276367,0.0013252245262265205,0.08492943548387097,11.826995864991218,0.6911072181950834,0.2265625,4.706618785858154,5.852335453033447,0.1658266129032258,5.082979417616321,6.1403733222715315,0.1328125,4.7791900634765625,4.372503757476807,0.10131048387096774,9.555659678674512,1.1687366562236416,0.21954543888568878
584,glass_blur/s5,0.0,17.038232803344727,0.0013109430437907577,0.082275390625,11.989847019314766,0.6695510845966055,0.15625,4.768090724945068,5.674739837646484,0.16552734375,5.0731391459703445,6.125822275876999,0.1171875,4.745434284210205,4.493946075439453,0.101806640625,9.405340135097504,1.2726494505741357,0.15873494744300842
585,glass_blur/s5,0.0078125,17.118921279907227,0.0009516218560747802,0.08001893939393939,12.145273512059992,0.6492904948165894,0.234375,4.535289287567139,5.693489074707031,0.16761363636363635,5.056840665412672,6.112721269780939,0.2265625,4.376814842224121,4.379983901977539,0.10558712121212122,9.252960580768008,1.366811100616663,0.13379068672657013
586,glass_blur/s5,0.0,17.36072540283203,0.000879994360730052,0.07766544117647059,12.298669155906229,0.6302195977443583,0.2109375,4.95758056640625,5.914750099182129,0.16888786764705882,5.053921250736012,6.106898588292739,0.1171875,5.049313068389893,4.710824966430664,0.10592830882352941,9.129323889227475,1.4651644496111924,0.19645030796527863
587,glass_blur/s5,0.0,17.436660766601562,0.0006844776216894388,0.07544642857142857,12.445468916211809,0.6122328800265677,0.171875,4.941142559051514,5.682971477508545,0.1689732142857143,5.050699002402169,6.094786385127477,0.15625,4.931550025939941,4.431868553161621,0.10736607142857142,9.009387493133545,1.5499274239983476,0.15518294274806976
588,glass_blur/s5,0.0,17.67209815979004,0.0004776619316544384,0.07335069444444445,12.59065306186676,0.5952396795239312,0.265625,4.577308654785156,5.820415496826172,0.1716579861111111,5.037549270523919,6.087164971563551,0.265625,4.445596694946289,4.684947490692139,0.11176215277777778,8.882615526517233,1.6370113147398417,0.16506218910217285
589,glass_blur/s5,0.0,17.811017990112305,0.00046870840014889836,0.07136824324324324,12.731744005873397,0.5791647884124776,0.171875,4.939881324768066,5.717754364013672,0.17166385135135134,5.034909596314302,6.07718090108923,0.1484375,4.938302040100098,4.5048604011535645,0.11275337837837837,8.77601245931677,1.7145207495077803,0.15365025401115417
590,glass_blur/s5,0.0,17.838760375976562,0.00044288154458627105,0.06949013157894737,12.86613917350769,0.5639352645475332,0.1484375,5.043004035949707,5.775690078735352,0.17105263157894737,5.035122607883654,6.069246932079918,0.125,5.090519428253174,4.562068462371826,0.11307565789473684,8.679025800604569,1.7894562156357814,0.16513027250766754
591,glass_blur/s5,0.0078125,17.862905502319336,0.00035593242500908673,0.06790865384615384,12.994261387066963,0.5494845124418274,0.1875,4.769087314605713,5.766399383544922,0.17147435897435898,5.028301190107297,6.06148161032261,0.1015625,4.8356614112854,4.441679954528809,0.11278044871794872,8.58047799575023,1.8574619525304745,0.18967853486537933
592,glass_blur/s5,0.0,17.89918327331543,0.0003409254422876984,0.0662109375,13.116884434223175,0.5357559227668389,0.1796875,4.915838241577148,5.677611351013184,0.1716796875,5.025489616394043,6.051884853839875,0.171875,4.892518997192383,4.448266983032227,0.1142578125,8.488279020786285,1.9222320782930182,0.15044599771499634
593,glass_blur/s5,0.0,18.045940399169922,0.0002780469658318907,0.06459603658536585,13.237105311416999,0.5226954867716924,0.125,5.149087429046631,5.627493858337402,0.17054115853658536,5.028504197190448,6.04153385394957,0.1171875,5.217923641204834,4.225740432739258,0.11432926829268293,8.40851425543064,1.978415208889268,0.11545279622077942
594,glass_blur/s5,0.0078125,17.975481033325195,0.0002827574498951435,0.06324404761904762,13.349923780986241,0.5102570884545068,0.2421875,4.553645133972168,5.504371643066406,0.1722470238095238,5.017198029018584,6.028744277499971,0.25,4.464918613433838,3.86624813079834,0.11755952380952381,8.314619121097383,2.023363611791865,0.079140305519104
595,glass_blur/s5,0.0,18.069902420043945,0.0002608813811093569,0.06177325581395349,13.459690726080606,0.4983967115458231,0.15625,4.775505542755127,5.595425605773926,0.171875,5.011577273524085,6.018667099087737,0.15625,4.718123435974121,4.113983154296875,0.1184593023255814,8.230979686559634,2.0719826709198883,0.08607619255781174
596,glass_blur/s5,0.0078125,18.027938842773438,0.0002455900830682367,0.060546875,13.563514546914535,0.4870750951489423,0.2265625,4.659905433654785,5.338353633880615,0.17311789772727273,5.003584731708873,6.003205429423939,0.2265625,4.717318058013916,3.4678430557250977,0.12091619318181818,8.15112374045632,2.1037067705745525,0.05497841164469719
597,glass_blur/s5,0.0,18.220163345336914,0.00021566564100794494,0.05920138888888889,13.666995631323921,0.4762559967154327,0.2265625,4.484331130981445,5.238040924072266,0.17430555555555555,4.992045762803819,5.986201773749458,0.2265625,4.549485683441162,3.2783570289611816,0.1232638888888889,8.071087339189317,2.1298101096498105,0.03766370564699173
598,glass_blur/s5,0.0,18.22379493713379,0.00020368563127703965,0.05791440217391304,13.766056485798048,0.4659070334309945,0.140625,4.871701717376709,5.547605514526367,0.17357336956521738,4.98942958790323,5.976667072461999,0.140625,4.898788928985596,3.903029441833496,0.12364130434782608,8.002124330271846,2.16835835600163,0.057157859206199646
599,glass_blur/s5,0.0,18.2188720703125,0.00020437109924387187,0.05668218085106383,13.860797242915377,0.45599846614734024,0.1484375,4.878135681152344,5.3668317794799805,0.17303856382978725,4.9870616324404455,5.9636918534623815,0.1484375,5.020820617675781,3.5659759044647217,0.1241688829787234,7.938692336386823,2.1980948995859513,0.04662472754716873
600,glass_blur/s5,0.0,18.249977111816406,0.0001893675362225622,0.055501302083333336,13.952238490184149,0.4465024432596086,0.2265625,4.518092155456543,5.356823444366455,0.17415364583333334,4.977291435003281,5.951048761606216,0.2265625,4.511641979217529,3.5263919830322266,0.12630208333333334,7.867295453945796,2.225767755491082,0.042807839810848236
601,glass_blur/s5,0.0,18.215736389160156,0.0002007185685215518,0.054368622448979595,14.03924865138774,0.43739424479652517,0.203125,4.491544723510742,5.3795695304870605,0.1747448979591837,4.967378236809555,5.939385920154805,0.203125,4.4876322746276855,3.428105354309082,0.1278698979591837,7.798322736000528,2.2503052575077755,0.04336195066571236
602,glass_blur/s5,0.0,18.256675720214844,0.00017566003953106701,0.05328125,14.123597192764283,0.4286498731013853,0.21875,4.544260025024414,5.294994831085205,0.175625,4.9589158725738525,5.926498098373413,0.21875,4.584981918334961,3.4259533882141113,0.1296875,7.734055919647217,2.2738182201219024,0.035878147929906845
603,glass_blur/s5,0.0,18.314674377441406,0.00017021290841512382,0.05223651960784314,14.205775176777559,0.42024831113681727,0.15625,5.0002641677856445,5.248337745666504,0.17524509803921567,4.959726623460358,5.913200836555631,0.15625,5.288476467132568,3.339252471923828,0.13020833333333334,7.686103381362616,2.2947090878042933,0.032915811985731125
604,glass_blur/s5,0.0,18.31317710876465,0.00015707571583334357,0.05123197115384615,14.284763675469618,0.4121696335325676,0.2421875,4.20600700378418,5.07375955581665,0.17653245192307693,4.945232015389663,5.897057735002958,0.2421875,4.232289791107178,3.1055901050567627,0.13236177884615385,7.619683889242319,2.310302953520687,0.02408970706164837
605,glass_blur/s5,0.0,18.329444885253906,0.00015237352636177093,0.05026533018867924,14.36107841527687,0.40439572296641274,0.1640625,4.8087334632873535,5.301431179046631,0.17629716981132076,4.942656571010374,5.8858194980981215,0.1640625,4.991343975067139,3.3641905784606934,0.13295990566037735,7.570092570106938,2.330187625689366,0.029449041932821274
606,glass_blur/s5,0.0078125,18.096765518188477,0.00016076804604381323,0.049479166666666664,14.430257806071529,0.3969098904678874,0.171875,4.926650047302246,5.204771041870117,0.1762152777777778,4.9423601539046675,5.873207489649455,0.171875,5.197134494781494,3.2687668800354004,0.13368055555555555,7.526148902045356,2.3475687229920705,0.028194963932037354
607,glass_blur/s5,0.0,18.28253173828125,0.0001483212981838733,0.04857954545454545,14.500299150293523,0.389696043755711,0.1875,4.649262428283691,5.129134654998779,0.17642045454545455,4.9370311043479225,5.859678892655806,0.1875,4.853877544403076,3.1496269702911377,0.13465909090909092,7.4775621500882234,2.36215160021569,0.024925334379076958
608,glass_blur/s5,0.0,18.360754013061523,0.00014294171705842018,0.04771205357142857,14.569235844271523,0.38273973836216363,0.234375,4.458698272705078,5.135847568511963,0.17745535714285715,4.928489446640015,5.846753333296094,0.234375,4.5800652503967285,3.1484060287475586,0.13643973214285715,7.425821134022304,2.3761918578680445,0.02268512174487114
609,glass_blur/s5,0.0,18.30551528930664,0.00014550320338457823,0.046875,14.634784606465121,0.3760275587979745,0.15625,4.734305381774902,5.095721244812012,0.17708333333333334,4.925082708659925,5.833577331743743,0.15625,4.970210552215576,3.254272937774658,0.1367872807017544,7.382740246622186,2.3915967890944767,0.0232878178358078
610,glass_blur/s5,0.0,18.28760528564453,0.00014958652900531888,0.04606681034482758,14.697764273347525,0.3695469041036819,0.21875,4.302316188812256,4.993357181549072,0.17780172413793102,4.914345354869448,5.819090777430041,0.2265625,4.453074932098389,2.8410656452178955,0.13833512931034483,7.33222877568212,2.399346252131087,0.019253741949796677
611,glass_blur/s5,0.0078125,18.203516006469727,0.0001359702437184751,0.04541843220338983,14.757183794247902,0.36328570183486897,0.2890625,4.132601261138916,4.824684143066406,0.1796875,4.90109545497571,5.802236427695064,0.2890625,4.2854695320129395,2.7004387378692627,0.1408898305084746,7.280588788501287,2.4044495146012257,0.011489465832710266
612,glass_blur/s5,0.0,18.33332633972168,0.00014312475104816258,0.044661458333333334,14.816786170005798,0.35723332555013865,0.25,4.259062767028809,4.822983264923096,0.180859375,4.890394910176595,5.785915541648865,0.25,4.4585771560668945,2.7812790870666504,0.14270833333333333,7.233555261294047,2.4107300074756495,0.010644301772117615
613,glass_blur/s5,0.0,18.28765106201172,0.0001396701263729483,0.043929303278688527,14.873685594464911,0.3513793311989294,0.21875,4.446985244750977,4.843111038208008,0.18148053278688525,4.883125899267978,5.7704597301170475,0.21875,4.74302864074707,2.7509632110595703,0.14395491803278687,7.192726956039179,2.4163076009770252,0.009646622464060783
614,glass_blur/s5,0.0,18.33844757080078,0.00013600908278021961,0.04322076612903226,14.929568852147748,0.3457141163260882,0.1953125,4.339425086975098,4.6361083984375,0.18170362903225806,4.874356531327771,5.7521637408964095,0.1953125,4.650774955749512,2.714352607727051,0.14478326612903225,7.151727730228055,2.4211147785052516,0.008152800612151623
615,glass_blur/s5,0.0,18.356138229370117,0.00013180897803977132,0.042534722222222224,14.983958842262389,0.34022868287611924,0.1953125,4.4611735343933105,4.742349147796631,0.18191964285714285,4.86779807105897,5.736134937831333,0.1953125,4.8081955909729,2.690737009048462,0.14558531746031747,7.114528807382735,2.425394496450382,0.007896828465163708
616,glass_blur/s5,0.0,18.32689666748047,0.00013051176210865378,0.0418701171875,15.036192245781422,0.3349146489524628,0.28125,4.09023380279541,4.846629619598389,0.1834716796875,4.8556486293673515,5.722236417233944,0.28125,4.179808139801025,2.8756887912750244,0.147705078125,7.068673796951771,2.432430344807017,0.009244461543858051
617,glass_blur/s5,0.0,18.313913345336914,0.0001253131340490654,0.04122596153846154,15.086618724236121,0.3297640437860257,0.21875,4.462011814117432,4.621854305267334,0.1840144230769231,4.849592678363507,5.705307461665227,0.21875,4.874411106109619,2.5633678436279297,0.14879807692307692,7.034915909400353,2.4344447678658,0.0068627605214715
618,glass_blur/s5,0.0,18.335262298583984,0.00013290716742631048,0.04060132575757576,15.135840596574726,0.3247696326251378,0.1796875,4.367556095123291,4.549959182739258,0.18394886363636365,4.842289093768958,5.687802184711803,0.1796875,4.7833943367004395,2.4384512901306152,0.14926609848484848,7.000801946177627,2.4345054727486004,0.006196574307978153
619,glass_blur/s5,0.0,18.365459442138672,0.0001214535441249609,0.039995335820895525,15.184043862926426,0.31992413741497344,0.1953125,4.47141695022583,4.58847188949585,0.18411847014925373,4.836753688641449,5.671394269857833,0.1953125,4.944624900817871,2.3902480602264404,0.14995335820895522,6.970112736545392,2.433844914352747,0.00634479895234108
620,glass_blur/s5,0.0,18.335834503173828,0.0001282068551518023,0.03940716911764706,15.230393725283006,0.31522125608321133,0.265625,4.185420989990234,4.351637840270996,0.18531709558823528,4.82717526660246,5.651986087069792,0.265625,4.606740474700928,2.3183393478393555,0.15165441176470587,6.9353572621065025,2.4321463030804913,0.004405219107866287
621,glass_blur/s5,0.0,18.313552856445312,0.00012127947411499918,0.03883605072463768,15.275077190952025,0.3106545897555433,0.15625,4.847972869873047,4.768442630767822,0.18489583333333334,4.827476681142613,5.6391811094422275,0.15625,5.370591640472412,2.727844715118408,0.15172101449275363,6.912679499474125,2.436431787312925,0.006253701634705067
622,glass_blur/s5,0.0078125,18.177122116088867,0.00012489323853515089,0.038392857142857145,15.316534975596836,0.30621845123387176,0.203125,4.521753787994385,4.530526638031006,0.18515625,4.823109211240496,5.623343188422067,0.203125,5.010549545288086,2.488499641418457,0.15245535714285716,6.885506214414324,2.437175613800147,0.00520705059170723
623,glass_blur/s5,0.0,18.394411087036133,0.00012246990809217095,0.037852112676056336,15.359885343363587,0.3019072402292833,0.2265625,4.408901214599609,4.52992057800293,0.1857394366197183,4.8172752957948495,5.607942869965459,0.2265625,4.841550350189209,2.497169256210327,0.15349911971830985,6.85671810365059,2.4380205946791635,0.004749883897602558
624,glass_blur/s5,0.0,18.34156036376953,0.00011844825348816812,0.03732638888888889,15.401297496424782,0.2977157292296195,0.2734375,4.154026031494141,4.2028584480285645,0.1869574652777778,4.80806350045734,5.588427808549669,0.2734375,4.648116588592529,2.1461331844329834,0.15516493055555555,6.826043082608117,2.4339666028701887,0.0032494752667844296
625,glass_blur/s5,0.0,18.378572463989258,0.00011761390487663448,0.036815068493150686,15.442082085021555,0.29363904271832164,0.2109375,4.391931056976318,4.080434799194336,0.1872859589041096,4.802363056026093,5.567770370065349,0.2109375,5.062644004821777,2.051778793334961,0.1559289383561644,6.801886930857619,2.4287311534245006,0.002416371600702405
626,glass_blur/s5,0.0,18.33228302001953,0.00012503111793193966,0.036317567567567564,15.48113885441342,0.2896726371561542,0.2734375,4.168774604797363,4.235401153564453,0.18845016891891891,4.793801049928407,5.5497653806531755,0.2734375,4.627190589904785,2.2653913497924805,0.15751689189189189,6.772499142466365,2.4265238587808247,0.002155240625143051
627,glass_blur/s5,0.0,18.342870712280273,0.00011190175428055227,0.035833333333333335,15.519295279184977,0.2858118273507959,0.2109375,4.462224960327148,4.14129638671875,0.18875,4.789380035400391,5.530985794067383,0.2109375,5.139647483825684,2.0933709144592285,0.15822916666666667,6.750727787017822,2.4220818195232034,0.002030059462413192
628,glass_blur/s5,0.0,18.389259338378906,0.00011795824684668332,0.03536184210526316,15.557057964174371,0.282052697494165,0.1484375,4.8028130531311035,4.1582770347595215,0.18821957236842105,4.78955678563369,5.512923836708069,0.1484375,5.622230052947998,2.1719155311584473,0.15810032894736842,6.735879132622166,2.4187901578341937,0.0018926573684439063
629,glass_blur/s5,0.0,18.316625595092773,0.00011875623022206128,0.0349025974025974,15.592896504835648,0.27839121773749037,0.140625,4.738623142242432,4.179812908172607,0.18760146103896103,4.788895309745492,5.495610707766049,0.140625,5.5110297203063965,2.2380504608154297,0.1578733766233766,6.719971997397287,2.416442889041742,0.0023347605019807816
630,glass_blur/s5,0.0,18.370254516601562,0.00011366854596417397,0.03445512820512821,15.628503658832647,0.27482355685041954,0.1875,4.281315326690674,4.1723785400390625,0.18760016025641027,4.782387874065301,5.478646192795191,0.1875,4.815732955932617,2.2493960857391357,0.15825320512820512,6.695558676352868,2.414301263358375,0.0025025976356118917
631,glass_blur/s5,0.0,18.363243103027344,0.00011875322525156662,0.03401898734177215,15.663120613822453,0.27134628085516427,0.125,4.549412250518799,4.486974716186523,0.18680775316455697,4.779438815539396,5.466093389293816,0.125,4.9830322265625,2.5926923751831055,0.15783227848101267,6.673881126355521,2.416559378697929,0.040408533066511154
632,impulse_noise/s5,0.3515625,3.6804940700531006,4.546974182128906,0.3515625,3.6804940700531006,4.546974182128906,0.1328125,5.498827934265137,6.54270601272583,0.1328125,5.498827934265137,6.54270601272583,0.3515625,3.9910805225372314,1.851841688156128,0.3515625,3.9910805225372314,1.851841688156128,0.981830894947052
633,impulse_noise/s5,0.421875,2.9917960166931152,2.9843788146972656,0.38671875,3.336145043373108,3.765676498413086,0.15625,5.504477024078369,6.5893988609313965,0.14453125,5.501652479171753,6.566052436828613,0.421875,3.7569053173065186,1.0255138874053955,0.38671875,3.873992919921875,1.4386777877807617,0.9996883869171143
634,impulse_noise/s5,0.28125,3.7734477519989014,2.8662359714508057,0.3515625,3.481912612915039,3.465862989425659,0.0859375,5.700329303741455,6.633655548095703,0.125,5.567878087361653,6.588586807250977,0.28125,5.135380744934082,0.9547911882400513,0.3515625,4.294455528259277,1.277382254600525,0.9999771118164062
635,impulse_noise/s5,0.390625,3.3795368671417236,2.283021926879883,0.361328125,3.45631867647171,3.170152723789215,0.15625,5.554241180419922,6.583096981048584,0.1328125,5.564468860626221,6.587214350700378,0.390625,4.7389702796936035,0.7392759323120117,0.361328125,4.405584216117859,1.1428556740283966,0.999994158744812
636,impulse_noise/s5,0.3671875,3.403445243835449,2.214468479156494,0.3625,3.445743989944458,2.9790158748626707,0.21875,5.266739368438721,6.539801597595215,0.15,5.50492296218872,6.577731800079346,0.3671875,4.774875640869141,0.7768597602844238,0.3625,4.479442501068116,1.069656491279602,0.9999972581863403
637,impulse_noise/s5,0.3828125,3.3603644371032715,2.0852789878845215,0.3658854166666667,3.4315140644709268,2.8300597270329795,0.09375,5.692156791687012,6.563763618469238,0.140625,5.536128600438436,6.575403769810994,0.3828125,4.771488666534424,0.7324455380439758,0.3658854166666667,4.528116861979167,1.013454665740331,0.9999983310699463
638,impulse_noise/s5,0.4375,2.8322432041168213,1.6173337697982788,0.37611607142857145,3.3459039415631975,2.6568131617137363,0.15625,5.5609450340271,6.592311382293701,0.14285714285714285,5.539673805236816,6.5778191430228095,0.4375,4.095522403717041,0.5514823198318481,0.37611607142857145,4.466317653656006,0.9474586163248334,0.9999994039535522
639,impulse_noise/s5,0.4296875,3.4593048095703125,1.84929358959198,0.3828125,3.360079050064087,2.555873215198517,0.1875,5.538537979125977,6.573694229125977,0.1484375,5.539531826972961,6.577303528785706,0.4296875,5.032898426055908,0.658054530620575,0.3828125,4.537140250205994,0.9112831056118011,0.9999994039535522
640,impulse_noise/s5,0.4375,3.149113178253174,1.606325626373291,0.3888888888888889,3.336638397640652,2.4503679275512695,0.1953125,5.258788108825684,6.4811110496521,0.15364583333333334,5.508338080512153,6.566615475548638,0.4375,4.592185020446777,0.5759826302528381,0.3888888888888889,4.543256335788303,0.8740274972385831,0.9999992847442627
641,impulse_noise/s5,0.4140625,3.700669288635254,1.3855018615722656,0.39140625,3.3730414867401124,2.3438813209533693,0.15625,5.431336402893066,6.544233798980713,0.15390625,5.5006379127502445,6.564377307891846,0.4140625,5.6244072914123535,0.4545745253562927,0.39140625,4.651371431350708,0.832082200050354,0.9999996423721313
642,impulse_noise/s5,0.421875,3.435244560241699,1.6056833267211914,0.39417613636363635,3.378696311603893,2.2767724123868076,0.1640625,5.709502696990967,6.6048736572265625,0.15482954545454544,5.519625620408491,6.568058794195002,0.421875,5.090011119842529,0.5644644498825073,0.39417613636363635,4.6912477666681465,0.8077533136714589,0.9999997615814209
643,impulse_noise/s5,0.3671875,4.096137523651123,1.524451494216919,0.3919270833333333,3.4384830792744956,2.2140790025393167,0.15625,5.275777816772461,6.514842987060547,0.15494791666666666,5.499304970105489,6.563624143600464,0.3671875,6.139742374420166,0.5920615196228027,0.3919270833333333,4.811955650647481,0.7897789975007375,0.9999996423721313
644,impulse_noise/s5,0.3125,4.2746381759643555,1.5127837657928467,0.3858173076923077,3.5028027020967922,2.1601332150972805,0.1171875,5.634191036224365,6.480817794799805,0.15204326923076922,5.509680821345403,6.557254424461951,0.3125,6.4532551765441895,0.6149289608001709,0.3858173076923077,4.938209460331843,0.776328994677617,0.9999995231628418
645,impulse_noise/s5,0.4453125,3.853337049484253,1.1866354942321777,0.3900669642857143,3.527840869767325,2.0905976636069163,0.203125,5.252859592437744,6.498893737792969,0.15569196428571427,5.491336447851999,6.553085803985596,0.4453125,5.883134365081787,0.3986526131629944,0.3900669642857143,5.0057040963854105,0.7493521102837154,0.9999996423721313
646,impulse_noise/s5,0.3828125,3.784437894821167,1.3131390810012817,0.38958333333333334,3.5449473381042482,2.0387670914332072,0.125,5.479396820068359,6.478830814361572,0.15364583333333334,5.490540472666423,6.548135471343994,0.3828125,5.738550186157227,0.467794805765152,0.38958333333333334,5.054560502370198,0.7305816233158111,0.9999996423721313
647,impulse_noise/s5,0.2578125,5.185963153839111,1.2852342128753662,0.38134765625,3.647510826587677,1.9916712865233421,0.171875,5.253190040588379,6.458454132080078,0.15478515625,5.475706070661545,6.542530387639999,0.2578125,7.998180389404297,0.5206278562545776,0.38134765625,5.23853674530983,0.7174595128744841,0.9999995231628418
648,impulse_noise/s5,0.3046875,4.623446464538574,1.4335463047027588,0.37683823529411764,3.7049188052906707,1.9588404052397783,0.171875,5.04620885848999,6.314685821533203,0.1557904411764706,5.4504415287691,6.529127766104305,0.3046875,7.035954475402832,0.6256390810012817,0.37683823529411764,5.344267200021183,0.7120583109995898,0.9999985694885254
649,impulse_noise/s5,0.2734375,4.996127128601074,1.3243255615234375,0.37109375,3.776652601030138,1.9235895805888705,0.1796875,5.171072483062744,6.401886463165283,0.15711805555555555,5.434921026229858,6.522058804829915,0.2734375,7.599503040313721,0.5643945336341858,0.37109375,5.469558080037435,0.7038547678126229,0.9999985694885254
650,impulse_noise/s5,0.234375,5.2572855949401855,1.206618070602417,0.3638980263157895,3.854580653341193,1.8858542379580046,0.1796875,5.25719690322876,6.416973114013672,0.15830592105263158,5.425567125019274,6.516527978997481,0.234375,8.045869827270508,0.4770091772079468,0.3638980263157895,5.605153435154965,0.6919155262018505,0.9999988079071045
651,impulse_noise/s5,0.3046875,4.890347003936768,1.1131631135940552,0.3609375,3.9063689708709717,1.8472196817398072,0.1328125,5.189295291900635,6.415365219116211,0.15703125,5.413753533363343,6.511469841003418,0.3046875,7.570676803588867,0.4624747037887573,0.3609375,5.7034296035766605,0.6804434850811958,0.9999990463256836
652,impulse_noise/s5,0.3125,5.273342132568359,1.1321122646331787,0.3586309523809524,3.9714629309517995,1.8131669475918724,0.1875,5.125391960144043,6.334366798400879,0.15848214285714285,5.400022029876709,6.50303636278425,0.3125,7.921184062957764,0.47204017639160156,0.3586309523809524,5.809036958785284,0.670519518000739,0.9999984502792358
653,impulse_noise/s5,0.296875,5.1144280433654785,1.1380232572555542,0.35582386363636365,4.023415890606967,1.7824785980311306,0.1875,4.990196704864502,6.370551109313965,0.15980113636363635,5.381393606012518,6.497014305808327,0.296875,7.904841899871826,0.4678797721862793,0.35582386363636365,5.904300819743764,0.6613086204637181,0.9999982118606567
654,impulse_noise/s5,0.28125,5.641111373901367,1.0432488918304443,0.35258152173913043,4.093750476837158,1.7503381760224053,0.2109375,4.978504657745361,6.241827011108398,0.16202445652173914,5.363876695218294,6.485919206038766,0.28125,8.646411895751953,0.42511823773384094,0.35258152173913043,6.0235230404397715,0.651039473388506,0.9999958276748657
655,impulse_noise/s5,0.203125,6.821054458618164,1.0592727661132812,0.3463541666666667,4.2073881427447,1.7215437839428585,0.171875,5.147790908813477,6.226259231567383,0.16243489583333334,5.3548731207847595,6.475100040435791,0.203125,10.250773429870605,0.4163922667503357,0.3463541666666667,6.199658473332723,0.641262506445249,0.9999914169311523
656,impulse_noise/s5,0.15625,7.336611747741699,0.8749697208404541,0.33875,4.33255708694458,1.6876808214187622,0.140625,5.319509506225586,6.413961887359619,0.1615625,5.353458576202392,6.472654514312744,0.15625,11.005165100097656,0.3733917772769928,0.33875,6.39187873840332,0.6305476772785187,0.9999922513961792
657,impulse_noise/s5,0.1484375,7.612231254577637,0.7580142021179199,0.33143028846153844,4.458698401084313,1.6519244129841144,0.1953125,4.668605327606201,6.085217475891113,0.16286057692307693,5.327118066641001,6.457753089758066,0.1484375,11.2833833694458,0.32273438572883606,0.33143028846153844,6.580013531904954,0.6187087045266078,0.9999679327011108
658,impulse_noise/s5,0.0859375,9.963254928588867,0.4303068518638611,0.32233796296296297,4.662570865065963,1.6066793181278087,0.234375,4.849761486053467,6.212101936340332,0.16550925925925927,5.3094381932859065,6.448654898890743,0.0859375,14.101377487182617,0.20114146173000336,0.32233796296296297,6.858582567285608,0.6032432510896966,0.9997503161430359
659,impulse_noise/s5,0.0234375,12.30915641784668,0.4227980673313141,0.31166294642857145,4.935663206236703,1.5643978448850768,0.15625,5.278863430023193,6.253756523132324,0.16517857142857142,5.308346237455096,6.441694242613656,0.0234375,16.6457576751709,0.2327229529619217,0.31166294642857145,7.208124535424369,0.5900103832994189,0.9963371753692627
660,impulse_noise/s5,0.0,13.835103988647461,0.25124233961105347,0.30091594827586204,5.242540474595694,1.5191166205652828,0.171875,5.0981245040893555,6.287811279296875,0.1654094827586207,5.3010972121666216,6.4363879335337675,0.0,17.962234497070312,0.14519667625427246,0.30091594827586204,7.57895591341216,0.5746719796082069,0.9805780649185181
661,impulse_noise/s5,0.0,14.271479606628418,0.24515196681022644,0.2908854166666667,5.543505112330119,1.476651132106781,0.2109375,4.719571590423584,6.100438117980957,0.16692708333333334,5.281713024775187,6.425189606348673,0.0,18.36623191833496,0.14561553299427032,0.2908854166666667,7.93853178024292,0.5603700980544091,0.8990704417228699
662,impulse_noise/s5,0.0,14.359445571899414,0.10784541070461273,0.28150201612903225,5.827890288445257,1.4324961088357433,0.2265625,4.909313201904297,6.061022758483887,0.1688508064516129,5.269700127263223,6.413442288675616,0.0,16.16678237915039,0.0639985054731369,0.28150201612903225,8.203959218917355,0.5443581111969487,0.7191367149353027
663,impulse_noise/s5,0.0,15.588171005249023,0.02124360390007496,0.272705078125,6.132899060845375,1.3883944680565037,0.1640625,4.874212265014648,5.969481945037842,0.168701171875,5.257341131567955,6.399568527936935,0.0,10.89444351196289,0.1121281310915947,0.272705078125,8.288036853075027,0.5308509243186563,0.48974835872650146
664,impulse_noise/s5,0.0,16.13047981262207,0.005689402110874653,0.2644412878787879,6.435856053323457,1.3464943145429997,0.2109375,4.616682052612305,6.099730491638184,0.1699810606060606,5.23792722008445,6.390482526836974,0.0,9.188981056213379,0.2631356716156006,0.2644412878787879,8.315338192564068,0.5227383409034122,0.4254802167415619
665,impulse_noise/s5,0.0,17.270423889160156,0.0008251438848674297,0.25666360294117646,6.754519813201007,1.3069158095236428,0.234375,4.944871425628662,6.203241348266602,0.171875,5.2293079320122215,6.384975433349609,0.0,11.756524085998535,0.026104897260665894,0.25666360294117646,8.416549542370964,0.5081314749139196,0.470369815826416
666,impulse_noise/s5,0.0,17.542064666748047,0.0005040139658376575,0.24933035714285715,7.062735380445208,1.2695897582219913,0.1953125,5.204273700714111,6.172039985656738,0.17254464285714285,5.228592668260847,6.378891563415527,0.0,12.717936515808105,0.01231323555111885,0.24933035714285715,8.539446313040598,0.4939652395035539,0.48449912667274475
667,impulse_noise/s5,0.0,17.8260498046875,0.00040578152402304113,0.2424045138888889,7.36171633667416,1.234334647758159,0.1953125,5.010644912719727,6.168510913848877,0.17317708333333334,5.22253856394026,6.37304765648312,0.0,13.118839263916016,0.007821603678166866,0.2424045138888889,8.666651672787136,0.4804612496195154,0.49515458941459656
668,impulse_noise/s5,0.0,17.9383602142334,0.00036193797132000327,0.23585304054054054,7.647571576608194,1.2009840339801363,0.2421875,4.601010322570801,6.065502166748047,0.17504222972972974,5.2057405033627075,6.364735616220011,0.0,9.134073257446289,0.16732269525527954,0.23585304054054054,8.679284688588735,0.471998045447509,0.3833429515361786
669,impulse_noise/s5,0.0,18.06885528564453,0.0003193678567185998,0.22964638157894737,7.921815884740729,1.1693875953979411,0.2109375,4.817762851715088,5.962919235229492,0.17598684210526316,5.195530565161454,6.354161500930786,0.0,6.821878910064697,1.2993919849395752,0.22964638157894737,8.630405589153892,0.49377157017098444,0.30616843700408936
670,impulse_noise/s5,0.0,18.08612632751465,0.0002783030504360795,0.22375801282051283,8.18243922942724,1.1394104340556974,0.1875,4.885213851928711,6.064597129821777,0.1762820512820513,5.187573726360615,6.346736773466453,0.0,7.840363502502441,0.5778884887695312,0.22375801282051283,8.610148099752573,0.49592841423761386,0.33618953824043274
671,impulse_noise/s5,0.0,18.19568634033203,0.00024152983678504825,0.2181640625,8.43277040719986,1.1109312114502246,0.203125,4.908845901489258,5.8743577003479,0.176953125,5.180605530738831,6.334927296638488,0.0078125,5.577845573425293,3.3263251781463623,0.218359375,8.53434053659439,0.5666883333353325,0.248399555683136
672,impulse_noise/s5,0.0,18.242603302001953,0.0002188447251683101,0.21284298780487804,8.672034624146253,1.083840665920345,0.140625,5.018688201904297,5.9535980224609375,0.1760670731707317,5.1766563275965245,6.3256265826341584,0.0390625,5.563905239105225,3.6081604957580566,0.21398628048780488,8.461890895192216,0.6408705811993014,0.23761744797229767
673,impulse_noise/s5,0.0,18.30950164794922,0.0002004173002205789,0.20777529761904762,8.90149812471299,1.058039707619866,0.1796875,4.716612339019775,5.810834884643555,0.1761532738095238,5.165702899297078,6.3133696374439054,0.15625,4.70290994644165,4.656527519226074,0.21261160714285715,8.372391348793393,0.7364814606761294,0.17967861890792847
674,impulse_noise/s5,0.0,18.286216735839844,0.0001940425718203187,0.20294331395348839,9.119747394739194,1.0334386456420044,0.1953125,4.682320594787598,5.566232681274414,0.17659883720930233,5.154461450354997,6.295994359393452,0.203125,4.637491703033447,4.0695085525512695,0.21239098837209303,8.285533217496651,0.813993718626714,0.09992942214012146
675,impulse_noise/s5,0.0,18.24666976928711,0.0001871494750957936,0.1983309659090909,9.327177448706193,1.0099556570927566,0.21875,4.57044792175293,5.596392631530762,0.17755681818181818,5.1411884156140415,6.280094320123846,0.2265625,4.446516990661621,3.948850154876709,0.21271306818181818,8.198282848704945,0.885240455814214,0.07685595750808716
676,impulse_noise/s5,0.0,18.33488655090332,0.00018096764688380063,0.19392361111111112,9.527348762088351,0.9875162195495149,0.234375,4.3397603034973145,5.629946708679199,0.17881944444444445,5.1233789020114475,6.265646595425076,0.2421875,4.149601936340332,3.870985507965088,0.21336805555555555,8.108312161763509,0.9515903458620111,0.07600370794534683
677,impulse_noise/s5,0.0,18.24287986755371,0.00018124017515219748,0.18970788043478262,9.716816829598468,0.9660524156500722,0.1875,5.011025428771973,5.84619140625,0.17900815217391305,5.120936435201894,6.256528004356053,0.203125,4.9204230308532715,4.5495195388793945,0.21314538043478262,8.039010224135026,1.0298061978841282,0.11173707246780396
678,impulse_noise/s5,0.0,18.282752990722656,0.0001855423324741423,0.1856715425531915,9.89907079047345,0.9455020566433148,0.25,4.5102386474609375,5.659717082977295,0.18051861702127658,5.107942865249958,6.243829899645866,0.25,4.332330226898193,4.1958208084106445,0.21392952127659576,7.960144692278923,1.097168210874054,0.10283288359642029
679,impulse_noise/s5,0.0,18.28280258178711,0.00017440762894693762,0.18180338541666666,10.073731869459152,0.9258077306221821,0.2421875,4.411710739135742,5.566394805908203,0.18180338541666666,5.093438029289246,6.229716668526332,0.2578125,4.23243522644043,3.9980483055114746,0.21484375,7.882484078407288,1.157603212845667,0.0788055956363678
680,impulse_noise/s5,0.0078125,18.142282485961914,0.00017830985598266125,0.17825255102040816,10.238396167755127,0.9069173342800148,0.2265625,4.40709924697876,5.661667823791504,0.18271683673469388,5.0794311153645415,6.2181238349603145,0.234375,4.171769142150879,4.063127517700195,0.2152423469387755,7.806755202157157,1.2168996272304533,0.07812334597110748
681,impulse_noise/s5,0.0,18.301055908203125,0.00017320550978183746,0.1746875,10.399649362564087,0.8887824517046101,0.2109375,4.551130771636963,5.560216903686523,0.18328125,5.06886510848999,6.204965696334839,0.2109375,4.446408271789551,3.8559296131134033,0.21515625,7.739548263549804,1.2696802269481122,0.0707455724477768
682,impulse_noise/s5,0.0,18.329038619995117,0.0001706535113044083,0.1712622549019608,10.55512758329803,0.8713586909557218,0.1484375,5.062536239624023,5.945880889892578,0.18259803921568626,5.06874101302203,6.199885602090873,0.140625,4.967916965484619,4.677060604095459,0.21369485294117646,7.6852025518230365,1.336491606892178,0.12204324454069138
683,impulse_noise/s5,0.0,18.374343872070312,0.00016385974595323205,0.16796875,10.70549712731288,0.8546049442016878,0.21875,4.364500999450684,5.278904914855957,0.18329326923076922,5.055197935837966,6.182174435028663,0.21875,4.345589637756348,3.4358344078063965,0.21379206730769232,7.620979226552523,1.376863583832836,0.05506306514143944
684,impulse_noise/s5,0.0078125,18.13001251220703,0.00016850342217367142,0.16494693396226415,10.845582323254279,0.838483501922829,0.1953125,4.682953357696533,5.576677322387695,0.18352004716981132,5.048174453231524,6.1707499612052485,0.1953125,4.626429557800293,3.772543430328369,0.2134433962264151,7.564478289406255,1.4220650903704875,0.05849016457796097
685,impulse_noise/s5,0.0,18.344608306884766,0.00016660799155943096,0.1618923611111111,10.984453174802992,0.8229591149981759,0.21875,4.637477874755859,5.356585502624512,0.1841724537037037,5.04056896103753,6.155672841601902,0.21875,4.692525863647461,3.5246376991271973,0.21354166666666666,7.511293985225536,1.4610016201622784,0.04641031473875046
686,impulse_noise/s5,0.0,18.304941177368164,0.0001613865897525102,0.15894886363636362,11.117552956667813,0.8079991562998409,0.1875,4.652219295501709,5.265774726867676,0.18423295454545455,5.033508058027787,6.139492875879461,0.1875,4.798511981964111,3.205007314682007,0.21306818181818182,7.461970676075328,1.4927108146080916,0.03273138031363487
687,impulse_noise/s5,0.0078125,18.197948455810547,0.00015764303680043668,0.15625,11.243988590581077,0.7935734149915723,0.1875,4.572634220123291,5.290129661560059,0.18429129464285715,5.025278168065207,6.124325675623758,0.1875,4.662128448486328,3.273798942565918,0.21261160714285715,7.4119734934398105,1.5245159597501956,0.028920870274305344
688,impulse_noise/s5,0.0,18.295822143554688,0.0001606283476576209,0.15350877192982457,11.367704968703421,0.7796538924188721,0.15625,4.6101531982421875,5.12357234954834,0.18379934210526316,5.017995273857786,6.1067685997276975,0.15625,4.82198429107666,3.0558242797851562,0.21162280701754385,7.366535086380808,1.5513810179964231,0.021600663661956787
689,impulse_noise/s5,0.0,18.328798294067383,0.00015969594824127853,0.15086206896551724,11.48772381914073,0.7662143373073095,0.2578125,4.222254753112793,5.016759872436523,0.18507543103448276,5.00427560970701,6.087975345808884,0.2578125,4.297903537750244,2.9844541549682617,0.21241918103448276,7.313627645887178,1.5760891755304203,0.016581455245614052
690,impulse_noise/s5,0.0,18.319473266601562,0.00015359972894657403,0.1483050847457627,11.603516182657016,0.7532302570093711,0.2109375,4.282471179962158,5.390697479248047,0.1855137711864407,4.992041636321504,6.076157076884124,0.2109375,4.186244487762451,3.3974032402038574,0.21239406779661016,7.260621151681674,1.6069589054401396,0.024623438715934753
691,impulse_noise/s5,0.0,18.29216194152832,0.0001508049899712205,0.14583333333333334,11.714993611971538,0.7406789328090478,0.1953125,4.431802749633789,5.151317596435547,0.18567708333333333,4.982704321543376,6.060743085543314,0.1953125,4.5411458015441895,3.0999059677124023,0.212109375,7.215296562512716,1.6318413564780105,0.022419629618525505
692,impulse_noise/s5,0.0,18.334733963012695,0.00015553852426819503,0.14344262295081966,11.823513945595163,0.7285392050338875,0.28125,4.25889253616333,4.952510833740234,0.1872438524590164,4.970838554569932,6.042575343710477,0.2734375,4.394350528717041,2.8979899883270264,0.21311475409836064,7.169051545565246,1.652597891426355,0.013585114851593971
693,impulse_noise/s5,0.0,18.329143524169922,0.00015517344581894577,0.14112903225806453,11.928443454927013,0.7167910754921444,0.265625,4.206851482391357,5.018027305603027,0.18850806451612903,4.95851618243802,6.026050375353906,0.265625,4.295008182525635,2.931502342224121,0.2139616935483871,7.122696007451704,1.6732253825682546,0.013114825822412968
694,impulse_noise/s5,0.0078125,18.15687370300293,0.00015554555284325033,0.13901289682539683,12.027307427118695,0.7054159083502508,0.2578125,4.388308048248291,5.397907257080078,0.1896081349206349,4.9494652596731035,6.016079849667019,0.2578125,4.318981647491455,3.466226100921631,0.21465773809523808,7.078192604912652,1.7016857114310067,0.022553201764822006
695,impulse_noise/s5,0.0,18.30596351623535,0.0001554300106363371,0.1368408203125,12.125411428511143,0.6943962133761943,0.265625,4.142477989196777,4.786726951599121,0.1907958984375,4.936856083571911,5.996871210634708,0.265625,4.319736480712891,2.6759767532348633,0.2154541015625,7.035091727972031,1.7169090089591919,0.012297311797738075
696,impulse_noise/s5,0.0,18.261415481567383,0.00016174539632629603,0.13473557692307692,12.219811490865855,0.683715683099581,0.2109375,4.570509910583496,4.936428070068359,0.19110576923076922,4.931219988602859,5.980556700779841,0.2109375,4.8900861740112305,2.7784790992736816,0.2153846153846154,7.00209164252648,1.7332408565024917,0.011044183745980263
697,impulse_noise/s5,0.0,18.30905532836914,0.0001505663967691362,0.13269412878787878,12.312072761131056,0.6733586358768111,0.2421875,4.297506809234619,4.823307514190674,0.19187973484848486,4.921618273763945,5.963022622195157,0.2421875,4.554158687591553,2.6505959033966064,0.2157907196969697,6.96500174926989,1.7471401753948268,0.008773392997682095
698,impulse_noise/s5,0.0,18.318063735961914,0.00015854521188884974,0.13071361940298507,12.401714417471814,0.6633108733295734,0.203125,4.30258846282959,4.602917671203613,0.19204757462686567,4.912379022854478,5.942722548299761,0.203125,4.687943935394287,2.3872032165527344,0.2156016791044776,6.931015811749359,1.7566933551136015,0.00673663429915905
699,impulse_noise/s5,0.0,18.323728561401367,0.0001512992021162063,0.12879136029411764,12.488802860764896,0.6535585266512285,0.3125,3.8982954025268555,4.1339111328125,0.1938189338235294,4.897466028437895,5.916122380424948,0.3125,4.283060550689697,2.1470108032226562,0.21702665441176472,6.892075293204364,1.7624333175857936,0.002860162639990449
700,impulse_noise/s5,0.0,18.289295196533203,0.00014716129226144403,0.1269248188405797,12.572867967080379,0.6440887967184898,0.1875,4.470283508300781,4.7332048416137695,0.19372735507246377,4.891274977421415,5.898978647978409,0.1875,4.834967613220215,2.6764588356018066,0.21659873188405798,6.862262138421984,1.7756800642237067,0.004294917918741703
701,impulse_noise/s5,0.0,18.367177963256836,0.00014606997137889266,0.12511160714285716,12.655643824168614,0.6348896149078168,0.2421875,4.276346206665039,4.4907426834106445,0.19441964285714286,4.882490280696324,5.878860991341727,0.2421875,4.7017822265625,2.339376449584961,0.21696428571428572,6.831398139681135,1.7837328697288675,0.0038521343376487494
702,impulse_noise/s5,0.0,18.29884910583496,0.00015898091078270227,0.12334947183098592,12.735125588699125,0.6259497468233515,0.1328125,4.720462799072266,4.690197944641113,0.1935519366197183,4.880208203490351,5.862119258289606,0.1328125,5.208775997161865,2.720522880554199,0.21577904929577466,6.808544306687906,1.7969270952334497,0.00480559840798378
703,impulse_noise/s5,0.0,18.29894256591797,0.00014999823179095984,0.12163628472222222,12.812400824493832,0.6172580836484687,0.1953125,4.41810417175293,4.479830741882324,0.1935763888888889,4.873790091938442,5.842920806672838,0.1953125,4.920770168304443,2.3252134323120117,0.21549479166666666,6.78232522143258,1.8042644054706518,0.003959798254072666
704,impulse_noise/s5,0.0,18.33909797668457,0.00014944298891350627,0.11997003424657535,12.888109004660828,0.6088045406257351,0.2265625,4.178121566772461,4.303291320800781,0.19402825342465754,4.8642603861142515,5.821829991797879,0.2265625,4.595991611480713,2.3697116374969482,0.21564640410958905,6.7523754459537875,1.8120102579641628,0.003279884112998843
705,impulse_noise/s5,0.0,18.250137329101562,0.00015535861894022673,0.11834881756756757,12.960568846883001,0.6005795516796973,0.2265625,4.189208984375,4.317563056945801,0.1944679054054054,4.855138069874531,5.801502060245824,0.2265625,4.647000312805176,2.2425308227539062,0.21579391891891891,6.7239244306409685,1.8178281034342945,0.0025819316506385803
706,impulse_noise/s5,0.0,18.30145263671875,0.00014200697478372604,0.11677083333333334,13.031780630747477,0.5925737177502984,0.203125,4.272456169128418,4.285125732421875,0.19458333333333333,4.847368977864583,5.781283709208171,0.203125,4.767021179199219,2.261265277862549,0.215625,6.697832387288411,1.8237405990933377,0.0023504034616053104
707,impulse_noise/s5,0.0078125,18.205585479736328,0.00015393624198623002,0.11533717105263158,13.099857010339436,0.5847787206251891,0.1640625,4.5289106369018555,4.19970703125,0.19418174342105263,4.843178736536126,5.7604734897613525,0.1640625,5.208196640014648,2.156373977661133,0.21494654605263158,6.678231916929546,1.828117354074493,0.0022060805931687355
708,impulse_noise/s5,0.0,18.371845245361328,0.00015143367636483163,0.11383928571428571,13.168324390015044,0.5771861584570226,0.2890625,3.9186763763427734,3.7943618297576904,0.19541396103896103,4.831172212377771,5.734939572098967,0.2890625,4.4928998947143555,1.8396735191345215,0.2159090909090909,6.649850981576102,1.8282674341402076,0.001234352239407599
709,impulse_noise/s5,0.0,18.31536865234375,0.00014335982268676162,0.1123798076923077,13.234312136967977,0.5697881738591465,0.2734375,3.9105584621429443,4.391447067260742,0.19641426282051283,4.819369471990145,5.717715309216426,0.2734375,4.151982307434082,2.449861526489258,0.2166466346153846,6.617827024215307,1.8362365891703238,0.00213792035356164
710,impulse_noise/s5,0.0,18.380104064941406,0.00015370167966466397,0.11095727848101265,13.299448743651185,0.5625776109201657,0.25,3.9877665042877197,4.992593765258789,0.19709256329113925,4.808842852145811,5.708536555495443,0.25,3.8979599475860596,3.375232219696045,0.21706882911392406,6.583398327042785,1.8557175465187505,0.057849448174238205
711,jpeg_compression/s5,0.46875,2.442896842956543,2.6777701377868652,0.46875,2.442896842956543,2.6777701377868652,0.40625,3.8844921588897705,5.932952880859375,0.40625,3.8844921588897705,5.932952880859375,0.46875,3.023480176925659,0.7720396518707275,0.46875,3.023480176925659,0.7720396518707275,0.9845789670944214
712,jpeg_compression/s5,0.59375,1.8689993619918823,2.0160956382751465,0.53125,2.1559481024742126,2.346932888031006,0.4140625,3.6829447746276855,5.9600443840026855,0.41015625,3.783718466758728,5.94649863243103,0.59375,2.405360221862793,0.5067762136459351,0.53125,2.714420199394226,0.6394079327583313,0.9992349147796631
713,jpeg_compression/s5,0.5625,2.012683391571045,1.9032057523727417,0.5416666666666666,2.1081931988398233,2.1990238428115845,0.3515625,3.9416513442993164,5.9774699211120605,0.390625,3.8363627592722573,5.956822395324707,0.5625,2.6169795989990234,0.6104822158813477,0.5416666666666666,2.6819399992624917,0.62976602713267,0.9998657703399658
714,jpeg_compression/s5,0.546875,2.189265727996826,1.6368951797485352,0.54296875,2.128461331129074,2.058491677045822,0.375,3.869981527328491,5.853658199310303,0.38671875,3.844767451286316,5.931031346321106,0.546875,3.0433404445648193,0.48537155985832214,0.54296875,2.7722901105880737,0.5936674103140831,0.9999229907989502
715,jpeg_compression/s5,0.578125,2.0202455520629883,1.3483808040618896,0.55,2.106818175315857,1.9164695024490357,0.4453125,3.5071797370910645,5.724121570587158,0.3984375,3.7772499084472657,5.889649391174316,0.578125,2.871508836746216,0.41295677423477173,0.55,2.792133855819702,0.5575252830982208,0.9999532699584961
716,jpeg_compression/s5,0.578125,1.9615981578826904,1.422770380973816,0.5546875,2.082614839076996,1.834186315536499,0.375,3.7695047855377197,5.817302703857422,0.39453125,3.775959054629008,5.877591609954834,0.578125,2.704697847366333,0.4984856843948364,0.5546875,2.7775611877441406,0.54768534998099,0.9999699592590332
717,jpeg_compression/s5,0.5859375,1.7627437114715576,1.2126916646957397,0.5591517857142857,2.03691896370479,1.7454013654163905,0.4609375,3.4451749324798584,5.693798542022705,0.40401785714285715,3.728704180036272,5.851335457393101,0.5859375,2.446993589401245,0.4439830482006073,0.5591517857142857,2.730337245123727,0.5328707354409354,0.9999725818634033
718,jpeg_compression/s5,0.59375,1.99959397315979,1.305132508277893,0.5634765625,2.0322533398866653,1.6903677582740784,0.375,3.7956292629241943,5.874109268188477,0.400390625,3.7370698153972626,5.854182183742523,0.59375,2.790065288543701,0.47244811058044434,0.5634765625,2.7378032505512238,0.525317907333374,0.9999831914901733
719,jpeg_compression/s5,0.5859375,1.8739114999771118,1.0626370906829834,0.5659722222222222,2.014659802118937,1.6206199063195124,0.390625,3.5425751209259033,5.712017059326172,0.3993055555555556,3.715459293789334,5.838386058807373,0.5859375,2.706801414489746,0.3808118999004364,0.5659722222222222,2.7343586020999484,0.5092616842852699,0.999984622001648
720,jpeg_compression/s5,0.6328125,1.5659693479537964,1.064446210861206,0.57265625,1.969790756702423,1.5650025367736817,0.390625,3.5630271434783936,5.668950080871582,0.3984375,3.7002160787582397,5.821442461013794,0.6328125,2.176274538040161,0.39475592970848083,0.57265625,2.67855019569397,0.49781110882759094,0.9999809265136719
721,jpeg_compression/s5,0.671875,1.4356812238693237,0.9647657871246338,0.5816761363636364,1.9212353446266868,1.5104355595328591,0.4140625,3.5878560543060303,5.76865816116333,0.39985795454545453,3.690001531080766,5.816643888300115,0.671875,2.006208896636963,0.3492337763309479,0.5816761363636364,2.61742825941606,0.4843040786006234,0.9999862909317017
722,jpeg_compression/s5,0.625,1.983983039855957,0.9261755347251892,0.5852864583333334,1.926464319229126,1.46174722413222,0.515625,3.322878837585449,5.577519416809082,0.4095052083333333,3.6594079732894897,5.796716849009196,0.625,2.937502861022949,0.3516160845756531,0.5852864583333334,2.644101142883301,0.4732467457652092,0.9999853372573853
723,jpeg_compression/s5,0.5390625,2.3375473022460938,1.2029473781585693,0.5817307692307693,1.9580860871535082,1.4418395436727083,0.296875,3.9661808013916016,5.697731018066406,0.40084134615384615,3.6830058831434984,5.789102554321289,0.5390625,3.3806684017181396,0.4706365764141083,0.5817307692307693,2.700760162793673,0.4730459635074322,0.9999772310256958
724,jpeg_compression/s5,0.6640625,1.7782913446426392,0.6798843741416931,0.5876116071428571,1.9452436055455888,1.387414174420493,0.453125,3.448544979095459,5.39304256439209,0.40457589285714285,3.6662586757114957,5.760812555040632,0.6640625,2.705976724624634,0.24222016334533691,0.5876116071428571,2.7011327743530273,0.4565584063529968,0.999984860420227
725,jpeg_compression/s5,0.6484375,1.620568871498108,0.9468104243278503,0.5916666666666667,1.923598623275757,1.3580405910809834,0.390625,3.4702935218811035,5.41728401184082,0.4036458333333333,3.6531943321228026,5.737910652160645,0.6484375,2.287304162979126,0.38196709752082825,0.5916666666666667,2.673544200261434,0.45158565243085225,0.9999785423278809
726,jpeg_compression/s5,0.5625,2.5702993869781494,0.8910524845123291,0.58984375,1.9640174210071564,1.3288538344204426,0.359375,3.8060719966888428,5.679132461547852,0.40087890625,3.6627491861581802,5.734237015247345,0.5625,3.9107539653778076,0.30021578073501587,0.58984375,2.7508698105812073,0.4421250354498625,0.9999849796295166
727,jpeg_compression/s5,0.6484375,1.9337246417999268,0.7260029315948486,0.5932904411764706,1.9622354928184957,1.2933920166071724,0.4921875,3.179908275604248,5.2746381759643555,0.40625,3.634346779655008,5.707201789407169,0.6484375,2.9091274738311768,0.292888879776001,0.5932904411764706,2.760179084890029,0.4333464380572824,0.9999797344207764
728,jpeg_compression/s5,0.5703125,2.274095058441162,0.7877715826034546,0.5920138888888888,1.9795610242419772,1.2653019924958546,0.3828125,3.429879665374756,5.49480676651001,0.4049479166666667,3.622987495528327,5.695402065912883,0.5703125,3.4858148097991943,0.3067892789840698,0.5920138888888888,2.800492180718316,0.42631548477543724,0.999984622001648
729,jpeg_compression/s5,0.59375,1.723484992980957,0.6732863187789917,0.5921052631578947,1.966083338386134,1.234143272826546,0.40625,3.2552809715270996,5.319436073303223,0.4050164473684211,3.603634520580894,5.675614382091322,0.59375,2.57788348197937,0.2848435342311859,0.5921052631578947,2.7887759334162663,0.4188695926415293,0.9999825954437256
730,jpeg_compression/s5,0.6015625,2.063649892807007,0.6733353137969971,0.592578125,1.9709616661071778,1.2061028748750686,0.453125,3.4216525554656982,5.441588401794434,0.407421875,3.5945354223251345,5.663913083076477,0.6015625,3.1162989139556885,0.2767329216003418,0.592578125,2.805152082443237,0.4117627590894699,0.9999872446060181
731,jpeg_compression/s5,0.640625,1.8968627452850342,0.8885296583175659,0.5948660714285714,1.967433146068028,1.1909803407532829,0.4375,3.3144383430480957,5.328452110290527,0.4088541666666667,3.5811974661690846,5.647938751039051,0.640625,2.724817991256714,0.3715750277042389,0.5948660714285714,2.801326649529593,0.4098490575949351,0.999980092048645
732,jpeg_compression/s5,0.6796875,1.5369199514389038,0.5461075305938721,0.5987215909090909,1.947864364493977,1.1616679402914913,0.4453125,3.074378252029419,5.142362594604492,0.41051136363636365,3.5581602291627363,5.624958016655662,0.6796875,2.3049986362457275,0.21597303450107574,0.5987215909090909,2.7787662852894175,0.4010365110906688,0.9999839067459106
733,jpeg_compression/s5,0.6328125,1.4921420812606812,0.6451129913330078,0.600203804347826,1.9280503521794858,1.1392090294672095,0.484375,2.957075357437134,4.984926700592041,0.41372282608695654,3.5320261043051016,5.597130568131156,0.6328125,2.1905009746551514,0.28279438614845276,0.600203804347826,2.753189532653145,0.39589554913665936,0.9999675750732422
734,jpeg_compression/s5,0.6953125,1.8705530166625977,0.7365446090698242,0.6041666666666666,1.9256546298662822,1.1224313452839851,0.453125,3.079659938812256,5.087472915649414,0.4153645833333333,3.513177514076233,5.575894832611084,0.6953125,2.772871732711792,0.35532936453819275,0.6041666666666666,2.7540096243222556,0.3942052914450566,0.9999639987945557
735,jpeg_compression/s5,0.5234375,2.4642791748046875,0.7456803917884827,0.6009375,1.9471996116638184,1.107361307144165,0.4296875,3.3387508392333984,5.151141166687012,0.4159375,3.5062004470825197,5.558904685974121,0.5234375,3.7641618251800537,0.3168046772480011,0.6009375,2.7944157123565674,0.3911092668771744,0.9999687671661377
736,jpeg_compression/s5,0.609375,1.949066162109375,0.669230580329895,0.6012620192307693,1.9472714020655706,1.0905101253436162,0.546875,2.802142381668091,4.772688388824463,0.4209735576923077,3.479121290720426,5.528665597622211,0.609375,2.9730618000030518,0.2878338694572449,0.6012620192307693,2.801286715727586,0.3871371362071771,0.9999516010284424
737,jpeg_compression/s5,0.6015625,2.2609870433807373,0.6663636565208435,0.6012731481481481,1.9588904998920582,1.0748009968686987,0.46875,2.827810287475586,4.553511619567871,0.4227430555555556,3.454998660970617,5.492548783620198,0.6015625,3.4507250785827637,0.28705382347106934,0.6012731481481481,2.825339988425926,0.3834303468465805,0.999907374382019
738,jpeg_compression/s5,0.59375,2.394690990447998,0.6152082085609436,0.6010044642857143,1.9744548031261988,1.0583869687148504,0.3984375,3.266493797302246,4.925051689147949,0.421875,3.4482663444110324,5.472281030246189,0.59375,3.683070659637451,0.26065903902053833,0.6010044642857143,2.8559732266834805,0.3790456572813647,0.9999418258666992
739,jpeg_compression/s5,0.6328125,1.958243489265442,0.5962973237037659,0.6021012931034483,1.9738957923034142,1.042452843024813,0.4296875,3.110215187072754,4.89125394821167,0.42214439655172414,3.436609407951092,5.45224561362431,0.6328125,3.0178701877593994,0.24089020490646362,0.6021012931034483,2.8615558805136847,0.3742816761649888,0.9999493360519409
740,jpeg_compression/s5,0.6796875,1.6348717212677002,0.6746020317077637,0.6046875,1.962594989935557,1.0301911493142446,0.453125,2.756049394607544,4.557307243347168,0.4231770833333333,3.4139240741729737,5.4224143346150715,0.6796875,2.4326534271240234,0.3145502805709839,0.6046875,2.8472591320673626,0.37229062964518866,0.9999281167984009
741,jpeg_compression/s5,0.6640625,1.9087069034576416,0.5215221643447876,0.6066028225806451,1.9608566645653016,1.013782472379746,0.5546875,2.658141851425171,4.58251428604126,0.4274193548387097,3.3895440024714314,5.395320784661077,0.6640625,2.9155869483947754,0.20955362915992737,0.6066028225806451,2.8494632551746983,0.3670410489843738,0.9999489784240723
742,jpeg_compression/s5,0.6328125,1.979120135307312,0.5884048938751221,0.607421875,1.9614273980259895,1.0004894230514765,0.4375,2.9994428157806396,4.441919326782227,0.427734375,3.3773533403873444,5.365526989102364,0.6328125,3.061018943786621,0.25512585043907166,0.607421875,2.856074370443821,0.3635436990298331,0.9999383687973022
743,jpeg_compression/s5,0.6875,1.457290768623352,0.5289502143859863,0.6098484848484849,1.9461505304683338,0.9862003561222192,0.4609375,2.7433955669403076,4.512230396270752,0.4287405303030303,3.3581424987677373,5.3396695165923145,0.6875,2.186673164367676,0.22598043084144592,0.6098484848484849,2.8357894854112105,0.3593751151453365,0.9999350309371948
744,jpeg_compression/s5,0.546875,2.3615283966064453,0.7693170309066772,0.6079963235294118,1.9583675265312195,0.9798214347923503,0.3828125,3.073385000228882,4.340721607208252,0.4273897058823529,3.3497672782224766,5.310288695728078,0.546875,3.5302984714508057,0.347262978553772,0.6079963235294118,2.856216220294728,0.3590188758338199,0.9998483657836914
745,jpeg_compression/s5,0.4921875,3.1817071437835693,0.6556797623634338,0.6046875,1.9933200870241439,0.9705602441515241,0.40625,3.168886184692383,4.589184284210205,0.42678571428571427,3.3445992469787598,5.289685712541853,0.4921875,4.9112701416015625,0.2841721177101135,0.6046875,2.9149320466177806,0.3568803970302854,0.9998819828033447
746,jpeg_compression/s5,0.6328125,2.2124366760253906,0.6340378522872925,0.60546875,1.999406658940845,0.9612123999330733,0.4765625,2.879307985305786,4.577495098114014,0.4281684027777778,3.331674489710066,5.2699026399188575,0.6328125,3.3788537979125977,0.2701469957828522,0.60546875,2.9278187619315252,0.3544711358845234,0.9998952150344849
747,jpeg_compression/s5,0.6328125,2.236997365951538,0.5562046766281128,0.6062077702702703,2.0058280294005937,0.9502662452491554,0.4609375,2.7721173763275146,4.394438743591309,0.42905405405405406,3.3165513244835108,5.246241453531626,0.6328125,3.4752044677734375,0.22960954904556274,0.6062077702702703,2.9426129701975228,0.3510964984023893,0.9999123811721802
748,jpeg_compression/s5,0.5859375,2.4166479110717773,0.682768702507019,0.6056743421052632,2.0166390789182564,0.9432268362296256,0.3984375,3.0388593673706055,4.424398422241211,0.4282483552631579,3.309243641401592,5.224614005339773,0.5859375,3.6418490409851074,0.30571508407592773,0.6056743421052632,2.9610139194287752,0.3499022506569561,0.9999008178710938
749,jpeg_compression/s5,0.6015625,2.1389787197113037,0.6075502038002014,0.6055689102564102,2.0197759927847447,0.9346197430904095,0.3828125,3.0636727809906006,4.442559719085693,0.4270833333333333,3.3029469526731052,5.204561331333259,0.6015625,3.2766740322113037,0.282615602016449,0.6055689102564102,2.969107768474481,0.34817695197386617,0.9998887777328491
750,jpeg_compression/s5,0.6015625,2.3062546253204346,0.6378846168518066,0.60546875,2.026937958598137,0.9272013649344444,0.40625,3.01259446144104,4.50893497467041,0.4265625,3.2956881403923033,5.187170672416687,0.6015625,3.4431886672973633,0.279781311750412,0.60546875,2.980959790945053,0.34646706096827984,0.9999088048934937
751,jpeg_compression/s5,0.46875,3.3331453800201416,0.6165888905525208,0.6021341463414634,2.0587966761937957,0.9196254509251293,0.3515625,3.395902395248413,4.354684829711914,0.4247332317073171,3.2981323905107454,5.16686613966779,0.46875,5.095224380493164,0.27095311880111694,0.6021341463414634,3.0325272199584217,0.34462525750078804,0.99991774559021
752,jpeg_compression/s5,0.6640625,2.2101967334747314,0.47702163457870483,0.6036086309523809,2.062401439462389,0.9090872648216429,0.5,2.6003451347351074,3.903064012527466,0.4265252976190476,3.2815184082303728,5.136775612831116,0.6640625,3.3235459327697754,0.20820334553718567,0.6036086309523809,3.0394562369301203,0.3413771167397499,0.9999074935913086
753,jpeg_compression/s5,0.546875,2.726425886154175,0.5300583839416504,0.6022892441860465,2.0778438684552216,0.9002726396848989,0.3671875,3.1043808460235596,4.274683952331543,0.4251453488372093,3.2773989300395168,5.1167269695636834,0.546875,4.166293144226074,0.2514927089214325,0.6022892441860465,3.0656617464021196,0.3392867816742076,0.9998714923858643
754,jpeg_compression/s5,0.6171875,2.2198739051818848,0.538852334022522,0.6026278409090909,2.081071823835373,0.8920585418289358,0.5078125,2.490159034729004,3.688704013824463,0.4270241477272727,3.259507114237005,5.084271902387792,0.6171875,3.442086696624756,0.21757599711418152,0.6026278409090909,3.0742168589071794,0.3365206274796616,0.9998117089271545
755,jpeg_compression/s5,0.6328125,2.122288465499878,0.6114460229873657,0.6032986111111112,2.081987749205695,0.8858227080769009,0.4921875,2.396244764328003,3.473815679550171,0.4284722222222222,3.2403235064612494,5.048483986324734,0.6328125,3.201249361038208,0.30305707454681396,0.6032986111111112,3.07703980339898,0.33577699297004276,0.999552309513092
756,jpeg_compression/s5,0.5703125,2.775782346725464,0.714040994644165,0.6025815217391305,2.0970702404561252,0.8820883230022762,0.484375,2.73302960395813,4.0142059326171875,0.4296875,3.2292953781459643,5.0259996808093526,0.5703125,4.166620254516602,0.33422452211380005,0.6025815217391305,3.100726334945015,0.3357432436036027,0.9995266199111938
757,jpeg_compression/s5,0.5078125,2.7122862339019775,0.6542655229568481,0.6005651595744681,2.1101599424443345,0.8772410293842884,0.46875,2.5444960594177246,3.7334892749786377,0.4305186170212766,3.214725179875151,4.998499459408699,0.5078125,4.116515159606934,0.2983258068561554,0.6005651595744681,3.1223388631293116,0.3349471279281251,0.9994669556617737
758,jpeg_compression/s5,0.609375,2.567507028579712,0.5420138835906982,0.6007486979166666,2.1196880067388215,0.8702571305135886,0.546875,2.228114604949951,3.525744676589966,0.4329427083333333,3.1941707928975425,4.967817068099976,0.609375,3.9611752033233643,0.24183323979377747,0.6007486979166666,3.1398146202166877,0.33300725525865954,0.9994732737541199
759,jpeg_compression/s5,0.5703125,2.780670404434204,0.6200358867645264,0.6001275510204082,2.1331774434264825,0.8651505745187098,0.5234375,2.4771976470947266,3.6289420127868652,0.43478954081632654,3.1795386878811582,4.9404930873793,0.5703125,4.165482521057129,0.29711979627609253,0.6001275510204082,3.160746618193023,0.3322748581365663,0.9993733763694763
760,jpeg_compression/s5,0.6015625,2.4907586574554443,0.5771756768226624,0.60015625,2.1403290677070617,0.8593910765647889,0.453125,2.493192672729492,3.4758965969085693,0.43515625,3.165811767578125,4.911201157569885,0.6015625,3.7564635276794434,0.2822689414024353,0.60015625,3.1726609563827513,0.3312747398018837,0.9990083575248718
761,jpeg_compression/s5,0.4921875,3.378763437271118,0.67051100730896,0.5980392156862745,2.164612094561259,0.8556875457950667,0.4140625,3.0909242630004883,3.8089828491210938,0.43474264705882354,3.1643433851354263,4.8895890338748105,0.4921875,5.118919372558594,0.3226844370365143,0.5980392156862745,3.2108228861116896,0.3311063024927588,0.9991151690483093
762,jpeg_compression/s5,0.609375,2.749630928039551,0.44381406903266907,0.5982572115384616,2.1758624567435336,0.8477669020111744,0.5,2.4706506729125977,3.3011720180511475,0.43599759615384615,3.1510031406696024,4.859042552801279,0.609375,4.182687759399414,0.18798717856407166,0.5982572115384616,3.2295125952133765,0.32835401164797634,0.9992685914039612
763,jpeg_compression/s5,0.5234375,2.958681583404541,0.5817211270332336,0.5968455188679245,2.1906326289446847,0.8427471704078171,0.4765625,2.781259298324585,3.3839924335479736,0.43676297169811323,3.1440268417574324,4.831211418475744,0.5234375,4.493443489074707,0.2654489278793335,0.5968455188679245,3.253360347927741,0.3271671232749831,0.9992672801017761
764,jpeg_compression/s5,0.546875,3.074404001235962,0.5260970592498779,0.5959201388888888,2.2069987654685974,0.8368832794604478,0.4765625,2.668301820755005,3.4106240272521973,0.4375,3.1352171191462763,4.804904244564198,0.546875,4.737560749053955,0.23744943737983704,0.5959201388888888,3.28084554054119,0.32550568464729523,0.9993453621864319
765,jpeg_compression/s5,0.53125,2.543239116668701,0.4658243656158447,0.5947443181818182,2.213112226399508,0.8301367537541823,0.5,2.677257776260376,3.377023696899414,0.43863636363636366,3.12689058563926,4.778942780061201,0.53125,3.8389499187469482,0.2002735286951065,0.5947443181818182,3.2909928928722034,0.3232287363572554,0.9994576573371887
766,jpeg_compression/s5,0.5625,2.5262250900268555,0.5238163471221924,0.5941685267857143,2.218703527535711,0.8246667464928967,0.4296875,2.502899646759033,3.3058876991271973,0.4384765625,3.115747890302113,4.752638225044523,0.5625,3.905698776245117,0.2274073362350464,0.5941685267857143,3.3019697836467197,0.3215176399265017,0.9994077682495117
767,jpeg_compression/s5,0.5,3.095531463623047,0.5857229232788086,0.592516447368421,2.2340864737828574,0.820474749594404,0.3828125,2.9539072513580322,3.3458783626556396,0.4375,3.1129085808469537,4.727958227458753,0.5,4.6282639503479,0.2884373366832733,0.592516447368421,3.3252381023607755,0.32093728372925207,0.9992002844810486
768,jpeg_compression/s5,0.6640625,1.9229131937026978,0.5453906059265137,0.59375,2.228721417229751,0.8157319195311645,0.46875,2.177475929260254,2.8133277893066406,0.4380387931034483,3.096780431681666,4.69494735783544,0.6640625,2.905341148376465,0.24573194980621338,0.59375,3.317998499705874,0.3196406400409238,0.998935878276825
769,jpeg_compression/s5,0.640625,2.1191694736480713,0.4838273525238037,0.5945444915254238,2.226864604626672,0.8101064183954465,0.5625,2.1286706924438477,2.90016770362854,0.4401483050847458,3.080371792033567,4.664527363696341,0.640625,3.220663547515869,0.23609334230422974,0.5945444915254238,3.3163487547535007,0.31822458414708155,0.9987348914146423
770,jpeg_compression/s5,0.59375,2.634334087371826,0.4853063225746155,0.59453125,2.2336557626724245,0.8046930834650994,0.4921875,2.263213634490967,3.1439476013183594,0.441015625,3.066752489407857,4.639184367656708,0.59375,4.077681541442871,0.2266222983598709,0.59453125,3.329037634531657,0.3166978793839614,0.9990653395652771
771,jpeg_compression/s5,0.59375,2.7660880088806152,0.5274333357810974,0.5945184426229508,2.2423841601512473,0.8001478416997878,0.5,2.4014642238616943,3.279730796813965,0.44198258196721313,3.055846124398904,4.616898243544532,0.59375,4.218987941741943,0.2516990303993225,0.5945184426229508,3.343626983830186,0.31563232448257383,0.9991355538368225
772,jpeg_compression/s5,0.59375,2.9518027305603027,0.45983415842056274,0.5945060483870968,2.2538263951578448,0.7946589113243164,0.4765625,2.3848071098327637,2.6929197311401367,0.4425403225806452,3.045022914486547,4.585866332054138,0.59375,4.404317378997803,0.19356869161128998,0.5945060483870968,3.360734893429664,0.31366355621045633,0.9988677501678467
773,jpeg_compression/s5,0.5703125,2.975841760635376,0.4631165564060211,0.5941220238095238,2.265286956514631,0.7893963342621213,0.453125,2.495243549346924,2.8787295818328857,0.4427083333333333,3.0362962578970287,4.558768923320468,0.5703125,4.509781360626221,0.18517933785915375,0.5941220238095238,3.378973726242308,0.31162412417313406,0.9991201758384705
774,jpeg_compression/s5,0.5703125,2.887113332748413,0.42872607707977295,0.59375,2.275002993643284,0.7837608614936471,0.46875,2.5801634788513184,3.2665443420410156,0.443115234375,3.0291691832244396,4.538577914237976,0.5703125,4.400892734527588,0.18124110996723175,0.59375,3.394941210746765,0.30958688957616687,0.9994375109672546
775,jpeg_compression/s5,0.515625,3.6058268547058105,0.5484379529953003,0.5925480769230769,2.2954772068903995,0.780140509055211,0.46875,2.681118965148926,3.107480525970459,0.44350961538461536,3.0238145644848164,4.516561031341553,0.515625,5.309991359710693,0.2421683967113495,0.5925480769230769,3.4244035207308254,0.3085496819936312,0.9990703463554382
776,jpeg_compression/s5,0.5546875,3.617811679840088,0.5114518404006958,0.5919744318181818,2.3155125776926675,0.7760694686210516,0.453125,2.4518537521362305,2.91731595993042,0.44365530303030304,3.015148491570444,4.492330045411081,0.5546875,5.277182102203369,0.2540549337863922,0.5919744318181818,3.4524759234804097,0.3077240039904912,0.9986529350280762
777,jpeg_compression/s5,0.5859375,2.6097593307495117,0.407090425491333,0.5918843283582089,2.319904320275606,0.7705623187235932,0.5078125,2.276766777038574,2.547578811645508,0.44461287313432835,3.0041278689654907,4.4633039075936844,0.5859375,4.080203056335449,0.17753174901008606,0.5918843283582089,3.461844985164813,0.30578083600570904,0.9984667301177979
778,jpeg_compression/s5,0.5390625,3.0901174545288086,0.4461309611797333,0.5911075367647058,2.3312309840146233,0.7657912693479482,0.546875,2.4139318466186523,2.4463984966278076,0.44611672794117646,2.995448515695684,4.43364353390301,0.5390625,4.822587013244629,0.21807712316513062,0.5911075367647058,3.4818558973424576,0.3044910755227594,0.9975486397743225
779,jpeg_compression/s5,0.5234375,3.0631468296051025,0.5197503566741943,0.5901268115942029,2.341838460037674,0.762225459019343,0.4609375,2.5132672786712646,2.9212844371795654,0.44633152173913043,2.988460381825765,4.411725286124409,0.5234375,4.686420440673828,0.23236191272735596,0.5901268115942029,3.4993133544921875,0.30344572533731873,0.9982815980911255
780,jpeg_compression/s5,0.53125,3.06642484664917,0.5658027529716492,0.5892857142857143,2.352189694132124,0.7594194203615189,0.4375,2.654348850250244,2.5483806133270264,0.44620535714285714,2.983687359946115,4.385106076513018,0.53125,4.770724296569824,0.27026593685150146,0.5892857142857143,3.5174763679504393,0.3029717283589499,0.9972841739654541
781,jpeg_compression/s5,0.515625,3.119276523590088,0.6243423223495483,0.5882482394366197,2.3629937339836444,0.7575169260233221,0.4140625,2.474057197570801,2.8435232639312744,0.44575264084507044,2.976509470335195,4.363393642532993,0.515625,4.775913715362549,0.3179710805416107,0.5882482394366197,3.5352008376323,0.30318298684039585,0.9971433281898499
782,jpeg_compression/s5,0.5859375,2.6182775497436523,0.42441457509994507,0.5882161458333334,2.3665393425358667,0.7528905044827197,0.5078125,2.2414042949676514,2.3595454692840576,0.4466145833333333,2.9662996762328677,4.335562417904536,0.5859375,3.990834951400757,0.20010501146316528,0.5882161458333334,3.5415290892124176,0.3017513482934899,0.9963405728340149
783,jpeg_compression/s5,0.6328125,2.397934913635254,0.6344475746154785,0.5888270547945206,2.3669694188522965,0.7512679985941273,0.515625,2.2392866611480713,2.4335525035858154,0.4475599315068493,2.956340593834446,4.309507487571403,0.6328125,3.6614208221435547,0.3009127378463745,0.5888270547945206,3.5431714417183238,0.30173986047914586,0.9952013492584229
784,jpeg_compression/s5,0.5703125,2.384636878967285,0.48316019773483276,0.5885768581081081,2.36720816831331,0.7476449202041369,0.5546875,1.9362514019012451,2.467560291290283,0.44900760135135137,2.9425556047542676,4.28461630924328,0.5703125,3.697232484817505,0.2419385462999344,0.5885768581081081,3.5452533477061503,0.3009317346118592,0.9959729313850403
785,jpeg_compression/s5,0.5625,3.029433012008667,0.64335697889328,0.5882291666666667,2.3760378328959146,0.7462544143199921,0.5,2.575512647628784,2.399416208267212,0.4496875,2.937661698659261,4.259480307896932,0.5625,4.52192497253418,0.324089378118515,0.5882291666666667,3.5582756360371905,0.30124050319194795,0.9912589192390442
786,jpeg_compression/s5,0.5625,3.182263135910034,0.5183821320533752,0.587890625,2.3866460605671533,0.7432560948164839,0.4296875,2.715952157974243,2.518629312515259,0.44942434210526316,2.934744467860774,4.236574373747173,0.5625,4.670605659484863,0.2583078145980835,0.587890625,3.5729115573983443,0.30067559939466026,0.9954040050506592
787,jpeg_compression/s5,0.5625,3.195533514022827,0.4641527831554413,0.5875608766233766,2.3971510924302137,0.7396313764832236,0.4765625,2.211841106414795,2.378467082977295,0.4497767857142857,2.9253561125173198,4.212443110230681,0.5625,4.655183792114258,0.23252242803573608,0.5875608766233766,3.5869670409660834,0.2997904932731158,0.9944367408752441
788,jpeg_compression/s5,0.5703125,2.6213812828063965,0.47052279114723206,0.5873397435897436,2.4000258384606776,0.7361812664148135,0.4609375,2.3021152019500732,2.399702787399292,0.4499198717948718,2.917365844433124,4.1892028496815605,0.5703125,3.895019769668579,0.2193496823310852,0.5873397435897436,3.5909164349238076,0.298759200825141,0.9964983463287354
789,jpeg_compression/s5,0.625,2.578902006149292,0.31274688243865967,0.5878164556962026,2.4022900937478755,0.7308213375037229,0.375,3.490997552871704,4.726297378540039,0.4489715189873418,2.924627005299435,4.19600151460382,0.625,3.7511754035949707,0.10850970447063446,0.5878164556962026,3.592945029463949,0.29635097935229915,0.9999532699584961
790,motion_blur/s5,0.328125,3.597304344177246,3.511429786682129,0.328125,3.597304344177246,3.511429786682129,0.28125,4.530285835266113,6.08659029006958,0.28125,4.530285835266113,6.08659029006958,0.328125,4.357100486755371,1.3828891515731812,0.328125,4.357100486755371,1.3828891515731812,0.972740650177002
791,motion_blur/s5,0.3828125,3.0968806743621826,2.6258482933044434,0.35546875,3.3470925092697144,3.068639039993286,0.3125,4.203213214874268,6.00368595123291,0.296875,4.36674952507019,6.045138120651245,0.3828125,4.13493537902832,0.8072885274887085,0.35546875,4.246017932891846,1.0950888395309448,0.9981402158737183
792,motion_blur/s5,0.4140625,3.181506872177124,2.33367919921875,0.375,3.2918972969055176,2.823652426401774,0.2578125,4.619952201843262,6.121086120605469,0.2838541666666667,4.451150417327881,6.070454120635986,0.4140625,4.388576030731201,0.7593491077423096,0.375,4.293537298838298,0.9831755956013998,0.9997398257255554
793,motion_blur/s5,0.5078125,2.8008646965026855,1.959183931350708,0.408203125,3.1691391468048096,2.6075353026390076,0.3515625,4.2792158126831055,5.955932140350342,0.30078125,4.408166766166687,6.041823625564575,0.5078125,3.919221878051758,0.6087258458137512,0.408203125,4.199958443641663,0.8895631581544876,0.9998911619186401
794,motion_blur/s5,0.4453125,2.706723690032959,1.6955113410949707,0.415625,3.0766560554504396,2.4251305103302,0.3046875,4.172482490539551,5.965660572052002,0.3015625,4.36102991104126,6.026591014862061,0.4453125,3.859360933303833,0.5619728565216064,0.415625,4.131838941574097,0.8240450978279114,0.9999594688415527
795,motion_blur/s5,0.4375,2.7681803703308105,1.8222923278808594,0.4192708333333333,3.0252434412638345,2.3246574799219766,0.3359375,4.300561428070068,6.001698970794678,0.3072916666666667,4.3509518305460615,6.02244234085083,0.4375,3.865814685821533,0.6858506202697754,0.4192708333333333,4.087501565615336,0.8010126849015554,0.9999686479568481
796,motion_blur/s5,0.515625,1.9883664846420288,1.4248884916305542,0.4330357142857143,2.877118161746434,2.196119053023202,0.296875,4.2259345054626465,5.96394681930542,0.30580357142857145,4.333092212677002,6.014085837772915,0.515625,2.7550766468048096,0.4967198371887207,0.4330357142857143,3.897155148642404,0.7575422780854362,0.9999840259552002
797,motion_blur/s5,0.5390625,2.3309881687164307,1.42081880569458,0.4462890625,2.8088519126176834,2.0992065221071243,0.34375,4.1039581298828125,6.000308036804199,0.310546875,4.304450452327728,6.012363612651825,0.5390625,3.3142507076263428,0.5122430324554443,0.4462890625,3.824292093515396,0.7268798723816872,0.9999915361404419
798,motion_blur/s5,0.5,2.542484998703003,1.3371803760528564,0.4522569444444444,2.7792555888493857,2.0145369503233166,0.34375,4.067956447601318,5.803712844848633,0.3142361111111111,4.278173340691461,5.989180194007026,0.5,3.725489854812622,0.44447553157806396,0.4522569444444444,3.8133140669928656,0.6955016122923957,0.9999886751174927
799,motion_blur/s5,0.5625,2.2591278553009033,1.182192087173462,0.46328125,2.727242815494537,1.9313024640083314,0.3359375,3.976080894470215,5.796286582946777,0.31640625,4.247964096069336,5.969890832901001,0.5625,3.2800185680389404,0.4310513138771057,0.46328125,3.759984517097473,0.6690565824508667,0.9999887943267822
800,motion_blur/s5,0.4921875,2.4563374519348145,1.2652318477630615,0.4659090909090909,2.7026150551709263,1.8707505898042158,0.3125,4.038210391998291,5.828856468200684,0.31605113636363635,4.228895577517423,5.957069527019154,0.4921875,3.5886824131011963,0.4655567407608032,0.4659090909090909,3.744411598552357,0.6505565968426791,0.9999881982803345
801,motion_blur/s5,0.53125,2.3653626441955566,1.0708823204040527,0.4713541666666667,2.6745106875896454,1.8040949006875355,0.3125,4.089860439300537,5.862909317016602,0.3157552083333333,4.217309315999349,5.949222842852275,0.53125,3.5020956993103027,0.40605777502059937,0.4713541666666667,3.7242186069488525,0.6301816950241724,0.9999924898147583
802,motion_blur/s5,0.3984375,3.398668050765991,1.3523623943328857,0.4657451923076923,2.730215100141672,1.7693462463525624,0.25,4.495610237121582,5.88831090927124,0.31069711538461536,4.238717079162598,5.9445373094998875,0.3984375,5.0971760749816895,0.5214552283287048,0.4657451923076923,3.8298307198744554,0.6218181206629827,0.9999884366989136
803,motion_blur/s5,0.4921875,2.812852621078491,0.9978402853012085,0.46763392857142855,2.7361177802085876,1.7142386777060372,0.3125,4.062682151794434,5.75349235534668,0.31082589285714285,4.226143155779157,5.930891241346087,0.4921875,4.288883686065674,0.3661329746246338,0.46763392857142855,3.8626202174595425,0.6035548959459577,0.9999902248382568
804,motion_blur/s5,0.4609375,2.9405949115753174,1.045681357383728,0.4671875,2.7497495889663695,1.66966818968455,0.2734375,4.325031757354736,5.817335605621338,0.30833333333333335,4.232735729217529,5.923320865631103,0.4609375,4.501674175262451,0.38333436846733093,0.4671875,3.905223814646403,0.5888735274473826,0.9999924898147583
805,motion_blur/s5,0.4453125,3.1828267574310303,1.1719940900802612,0.4658203125,2.776816911995411,1.638563558459282,0.3125,4.268077373504639,5.811230659484863,0.30859375,4.234944581985474,5.9163152277469635,0.4453125,4.780412197113037,0.4607214033603668,0.4658203125,3.9599230885505676,0.5808640196919441,0.9999903440475464
806,motion_blur/s5,0.5625,2.520095109939575,1.1463825702667236,0.47150735294117646,2.761715629521538,1.6096117356244255,0.3125,3.790292978286743,5.425195217132568,0.3088235294117647,4.208788605297313,5.887425815357881,0.5625,3.6972360610961914,0.48864591121673584,0.47150735294117646,3.944470910465016,0.5754394250757554,0.9999734163284302
807,motion_blur/s5,0.4375,3.1780292987823486,1.1519811153411865,0.4696180555555556,2.7848441667026944,1.5841878122753568,0.2734375,4.1878814697265625,5.605759620666504,0.3068576388888889,4.207627097765605,5.871777693430583,0.4375,4.811948299407959,0.43250104784965515,0.4696180555555556,3.992664098739624,0.5674984041187499,0.9999746084213257
808,motion_blur/s5,0.4765625,2.8153598308563232,1.1463744640350342,0.4699835526315789,2.7864502542897274,1.5611450044732345,0.28125,4.202982425689697,5.712371826171875,0.30550986842105265,4.207382641340557,5.863387910943282,0.4765625,4.177934646606445,0.49556320905685425,0.4699835526315789,4.002415180206299,0.5637123412207553,0.9999805688858032
809,motion_blur/s5,0.484375,3.330496072769165,0.896308422088623,0.470703125,2.8136525452136993,1.527903175354004,0.28125,4.232349395751953,5.841462135314941,0.304296875,4.208630979061127,5.862291622161865,0.484375,5.093832015991211,0.33758246898651123,0.470703125,4.056986021995544,0.5524058476090431,0.9999924898147583
810,motion_blur/s5,0.484375,3.0434300899505615,0.9576658010482788,0.4713541666666667,2.824594333058312,1.5007490146727789,0.34375,3.815033197402954,5.568035125732422,0.30617559523809523,4.1898882275535945,5.848279408046177,0.484375,4.672157287597656,0.3794686794281006,0.4713541666666667,4.086279891786122,0.5441707443623316,0.9999896287918091
811,motion_blur/s5,0.5390625,2.581080913543701,0.8688857555389404,0.4744318181818182,2.813525541262193,1.4720279574394226,0.390625,3.5060198307037354,5.374723434448242,0.31001420454545453,4.158803300424055,5.826754136518999,0.5390625,3.894008159637451,0.3506786823272705,0.4744318181818182,4.077540267597545,0.5353756506334651,0.9999842643737793
812,motion_blur/s5,0.5078125,2.7999136447906494,0.891321063041687,0.475883152173913,2.8129337196764737,1.4467798315960427,0.328125,3.7956080436706543,5.531825065612793,0.3108016304347826,4.143012202304343,5.81393113343612,0.5078125,4.246896266937256,0.3975917398929596,0.475883152173913,4.084903571916663,0.5293850458186605,0.9999833106994629
813,motion_blur/s5,0.4609375,3.1417300701141357,0.8652366399765015,0.4752604166666667,2.8266335676113763,1.4225488652785618,0.328125,3.8660318851470947,5.410886764526367,0.3115234375,4.131471355756124,5.79713761806488,0.4609375,4.752123832702637,0.384782075881958,0.4752604166666667,4.112704416116078,0.523359922071298,0.9999815225601196
814,motion_blur/s5,0.4609375,3.2477364540100098,0.9425867199897766,0.4746875,2.843477683067322,1.4033503794670106,0.2890625,4.020319938659668,5.5495100021362305,0.310625,4.127025299072265,5.7872325134277345,0.4609375,4.930622100830078,0.4430946707725525,0.4746875,4.145421123504638,0.5201493120193481,0.9999765157699585
815,motion_blur/s5,0.5,3.1059134006500244,0.8358057737350464,0.4756610576923077,2.8535713645128102,1.3815217407850118,0.3828125,3.373823642730713,5.090407371520996,0.3134014423076923,4.0980560045975905,5.760431546431321,0.5,4.805148601531982,0.36875995993614197,0.4756610576923077,4.170795257274921,0.5143266446315325,0.9999562501907349
816,motion_blur/s5,0.4375,3.513230323791504,0.9339630603790283,0.4742476851851852,2.8780031778194286,1.364945493362568,0.3203125,3.630044460296631,5.218710422515869,0.3136574074074074,4.080722243697555,5.74036780110112,0.4375,5.3182220458984375,0.39919978380203247,0.4742476851851852,4.213292545742458,0.5100626868230326,0.9999411106109619
817,motion_blur/s5,0.3984375,3.6736817359924316,0.9027454853057861,0.47154017857142855,2.90642026918275,1.3484383502176829,0.265625,3.873239278793335,5.317296028137207,0.3119419642857143,4.073312137808118,5.725258094923837,0.3984375,5.649672031402588,0.406313955783844,0.47154017857142855,4.264591813087463,0.5063573750002044,0.9999501705169678
818,motion_blur/s5,0.453125,3.3994452953338623,0.7995882630348206,0.4709051724137931,2.923421132153478,1.3295124851424118,0.3046875,3.833761692047119,5.314550399780273,0.31169181034482757,4.0650517776094635,5.711095760608542,0.453125,5.140559196472168,0.3879876732826233,0.4709051724137931,4.2947975849283155,0.502275661147874,0.9999607801437378
819,motion_blur/s5,0.4765625,3.4911370277404785,0.6694673895835876,0.47109375,2.9423449953397114,1.3075109819571178,0.34375,3.5245981216430664,5.190011978149414,0.31276041666666665,4.047036655743917,5.693726301193237,0.4765625,5.298746585845947,0.27478110790252686,0.47109375,4.32826255162557,0.49469250937302905,0.9999759197235107
820,motion_blur/s5,0.46875,3.508880853652954,0.6793221235275269,0.4710181451612903,2.9606203456078806,1.2872468252335825,0.3984375,3.6181139945983887,5.194141387939453,0.3155241935483871,4.033200440868255,5.677610658830212,0.46875,5.317972660064697,0.31878283619880676,0.4710181451612903,4.360188684155864,0.48901800378676386,0.9999784231185913
821,motion_blur/s5,0.4609375,3.2513010501861572,0.7577891945838928,0.470703125,2.9697041176259518,1.2707012742757797,0.3515625,3.487008810043335,5.033740043640137,0.316650390625,4.016131952404976,5.657489702105522,0.4609375,4.985928535461426,0.3424558639526367,0.470703125,4.379743054509163,0.48443793691694736,0.9999696016311646
822,motion_blur/s5,0.5234375,3.0215466022491455,0.6211733818054199,0.47230113636363635,2.9712751020084727,1.251018610867587,0.3671875,3.4334628582000732,4.990433216094971,0.3181818181818182,3.9984753131866455,5.637275869196111,0.5234375,4.6383256912231445,0.2731850743293762,0.47230113636363635,4.387578891985344,0.4780363350203543,0.9999709129333496
823,motion_blur/s5,0.453125,3.8642683029174805,0.7774885892868042,0.4717371323529412,2.9975396079175614,1.2370912572916817,0.296875,3.9486031532287598,5.357755184173584,0.31755514705882354,3.99700848495259,5.6290546725778015,0.453125,5.885560512542725,0.3559077978134155,0.4717371323529412,4.431637174942914,0.47444431922015023,0.9999721050262451
824,motion_blur/s5,0.4296875,4.059423446655273,0.7918074727058411,0.4705357142857143,3.0278791461672103,1.2243688634463719,0.328125,3.713650703430176,5.013735771179199,0.31785714285714284,3.9889125483376637,5.611474132537841,0.4296875,6.234480857849121,0.3391716480255127,0.4705357142857143,4.48314699445452,0.4705793857574463,0.9999535083770752
825,motion_blur/s5,0.4765625,3.7627294063568115,0.6306461095809937,0.470703125,3.048291653394699,1.207876564727889,0.3828125,3.486567974090576,5.070290565490723,0.3196614583333333,3.974958532386356,5.596441255675422,0.4765625,5.786548614501953,0.28367146849632263,0.470703125,4.5193525950113935,0.4653874991668595,0.9999581575393677
826,motion_blur/s5,0.484375,3.762401580810547,0.7452362775802612,0.47107263513513514,3.0675919217032357,1.1953727731833588,0.359375,3.6034247875213623,5.19996452331543,0.3207347972972973,3.9649170798224374,5.585725668314341,0.484375,5.677026748657227,0.3506587743759155,0.47107263513513514,4.5506410856504695,0.46228672282115835,0.9999613761901855
827,motion_blur/s5,0.453125,3.7939252853393555,0.8590484857559204,0.4706003289473684,3.0867059575883964,1.1865221340405314,0.34375,3.716053009033203,5.263106346130371,0.32134046052631576,3.958368025327984,5.577235686151605,0.453125,5.82254695892334,0.40386080741882324,0.4706003289473684,4.584112292841861,0.4607491987316232,0.999968409538269
828,motion_blur/s5,0.421875,3.9142730236053467,0.7204617261886597,0.46935096153846156,3.1079256259478054,1.1745718671725347,0.296875,3.6793019771575928,4.853883743286133,0.320713141025641,3.951212485631307,5.558688200437105,0.421875,5.8618645668029785,0.341970831155777,0.46935096153846156,4.616875171661377,0.45770359956301176,0.9999486207962036
829,motion_blur/s5,0.390625,4.403421878814697,0.7052530646324158,0.4673828125,3.1403130322694777,1.1628388971090318,0.3359375,3.6226096153259277,4.797469139099121,0.32109375,3.9429974138736723,5.539657723903656,0.390625,6.5646071434021,0.3149411380290985,0.4673828125,4.665568470954895,0.4541345380246639,0.9999183416366577
830,motion_blur/s5,0.359375,4.65973424911499,0.6379634141921997,0.4647484756097561,3.1773720863388806,1.1500370560622797,0.296875,3.878293991088867,4.9505462646484375,0.3205030487804878,3.9414192816106284,5.5252891517266995,0.359375,7.023035526275635,0.31791794300079346,0.4647484756097561,4.7230676674261325,0.45081218204847195,0.9999126195907593
831,motion_blur/s5,0.4765625,3.722853183746338,0.5424984693527222,0.4650297619047619,3.1903597315152488,1.135571851616814,0.3828125,3.2014570236206055,4.4937334060668945,0.32198660714285715,3.923801132610866,5.500728300639561,0.4765625,5.594618320465088,0.2560781240463257,0.4650297619047619,4.74381887345087,0.4461756568579447,0.9999027252197266
832,motion_blur/s5,0.40625,4.501407146453857,0.6920005679130554,0.4636627906976744,3.2208492062812626,1.1252562403678894,0.2734375,4.014190673828125,4.821151256561279,0.32085755813953487,3.9259032149647557,5.484924183335415,0.40625,6.739124298095703,0.30225637555122375,0.4636627906976744,4.7902213251867956,0.4428286968275558,0.9998974800109863
833,motion_blur/s5,0.4765625,3.5252199172973633,0.7071492671966553,0.4639559659090909,3.2277667224407196,1.1157538091594523,0.359375,3.3507871627807617,4.467296123504639,0.32173295454545453,3.9128323955969377,5.461796272884715,0.4765625,5.3042683601379395,0.3028850555419922,0.4639559659090909,4.801904212344777,0.4396481595256112,0.999823272228241
834,motion_blur/s5,0.4921875,3.4011549949645996,0.6781294345855713,0.46458333333333335,3.2316197951634726,1.1060288230578104,0.40625,3.3142216205596924,4.2564520835876465,0.3236111111111111,3.8995299339294434,5.435010846455892,0.4921875,5.124791622161865,0.3176501393318176,0.46458333333333335,4.809079488118489,0.4369370924101936,0.9998026490211487
835,motion_blur/s5,0.3515625,5.094515323638916,0.7172157168388367,0.46212635869565216,3.2721175240433733,1.0975763642269631,0.390625,3.657750368118286,4.542054176330566,0.3250679347826087,3.8942738564118096,5.415598744931429,0.3515625,7.492874622344971,0.33549800515174866,0.46212635869565216,4.867422860601674,0.4347318948610969,0.9996993541717529
836,motion_blur/s5,0.4453125,4.399435997009277,0.6103960275650024,0.4617686170212766,3.29610302346818,1.087210825149049,0.3359375,3.5845048427581787,4.752964496612549,0.32529920212765956,3.8876830263340727,5.401500143903367,0.4453125,6.5851850509643555,0.2883833944797516,0.4617686170212766,4.9039709923115185,0.43161809698064274,0.9998043179512024
837,motion_blur/s5,0.421875,4.375293731689453,0.45396578311920166,0.4609375,3.3185861632227898,1.0740182201067607,0.390625,3.2130167484283447,4.219857215881348,0.32666015625,3.873627478877703,5.376882582902908,0.421875,6.790502071380615,0.18172281980514526,0.4609375,4.943273723125458,0.4264119453728199,0.9997993111610413
838,motion_blur/s5,0.390625,4.759387493133545,0.5773924589157104,0.45950255102040816,3.3479902719964785,1.0638830004906168,0.4140625,3.3230409622192383,4.43400764465332,0.3284438775510204,3.862391019354061,5.357640237224345,0.390625,7.194453716278076,0.26847776770591736,0.45950255102040816,4.989216171965307,0.4231887988898219,0.9995113611221313
839,motion_blur/s5,0.3984375,5.267604351043701,0.6425833702087402,0.45828125,3.3863825535774232,1.0554570078849792,0.421875,3.2485532760620117,4.360359191894531,0.3303125,3.8501142644882203,5.337694616317749,0.3984375,7.400895118713379,0.3098284602165222,0.45828125,5.037449750900269,0.4209215921163559,0.9992480874061584
840,motion_blur/s5,0.3203125,6.080674648284912,0.5353977680206299,0.45557598039215685,3.4392118103363933,1.045259767887639,0.25,3.9852256774902344,4.479671955108643,0.3287377450980392,3.8527635078804168,5.320870642568551,0.3203125,8.95527458190918,0.24594838917255402,0.45557598039215685,5.114269845625934,0.41749074499981076,0.9989901185035706
841,motion_blur/s5,0.46875,4.575009346008301,0.5402584075927734,0.4558293269230769,3.4610540706377764,1.035548203266584,0.4140625,3.08518385887146,4.2651166915893555,0.3303786057692308,3.8380023607840905,5.300567681972797,0.46875,6.434791088104248,0.26594072580337524,0.4558293269230769,5.139664484904363,0.4145763215537255,0.9987533092498779
842,motion_blur/s5,0.3359375,6.732600212097168,0.4634372293949127,0.45356721698113206,3.5227813563256896,1.02475365658976,0.34375,3.4755985736846924,4.260820388793945,0.3306308962264151,3.8311645534803285,5.280949808516592,0.3359375,9.240026473999023,0.23468150198459625,0.45356721698113206,5.217029805453318,0.41118207967506265,0.9965885877609253
843,motion_blur/s5,0.2578125,7.215448379516602,0.3809901773929596,0.44994212962962965,3.591164078977373,1.0128321106787082,0.265625,3.6780247688293457,4.134256839752197,0.3294270833333333,3.8283286315423473,5.259714753539474,0.2578125,10.149514198303223,0.1734291911125183,0.44994212962962965,5.308372109024613,0.4067792484053859,0.9911885261535645
844,motion_blur/s5,0.265625,7.260972499847412,0.4161442518234253,0.4465909090909091,3.6578878684477374,1.001983240517703,0.328125,3.3589582443237305,4.197999000549316,0.3294034090909091,3.8197946245020087,5.240410830757835,0.265625,9.839241027832031,0.19317910075187683,0.4465909090909091,5.39075154391202,0.4028956093571403,0.9853765368461609
845,motion_blur/s5,0.2578125,8.77877140045166,0.2542226314544678,0.44321986607142855,3.7493322172335217,0.9886303724987167,0.359375,3.380861520767212,3.965372085571289,0.32993861607142855,3.811956533363887,5.217642281736646,0.2578125,11.34489631652832,0.12478722631931305,0.44321986607142855,5.49707555770874,0.3979293882314648,0.9565474390983582
846,motion_blur/s5,0.2109375,9.527303695678711,0.2842015326023102,0.43914473684210525,3.8507001379079986,0.9762719717987797,0.2734375,3.825514793395996,4.291715621948242,0.32894736842105265,3.812194397574977,5.201397954371938,0.21875,11.588568687438965,0.14954835176467896,0.43928179824561403,5.603943858230323,0.39357182618818787,0.9016274213790894
847,motion_blur/s5,0.1953125,10.00986385345459,0.16529077291488647,0.43494073275862066,3.9568926157622504,0.9622895373352642,0.4140625,3.160810947418213,3.993332862854004,0.3304148706896552,3.800963648434343,5.18056924589749,0.2109375,10.777493476867676,0.1353888064622879,0.4353448275862069,5.693142989586139,0.3891203948136034,0.7488300800323486
848,motion_blur/s5,0.1796875,10.635043144226074,0.15831519663333893,0.430614406779661,4.070081607770112,0.9486628535945537,0.4296875,3.0544652938842773,3.862955331802368,0.3320974576271186,3.7883111339504434,5.158236806675539,0.2890625,5.478263854980469,0.2972329556941986,0.4328654661016949,5.689500970355535,0.38756298059124056,0.43998822569847107
849,motion_blur/s5,0.0546875,12.603407859802246,0.08324025571346283,0.42434895833333336,4.212303711970647,0.9342391436298688,0.3359375,3.344467878341675,3.6632041931152344,0.3321614583333333,3.780913746356964,5.133319596449534,0.3515625,3.3448848724365234,1.8993587493896484,0.4315104166666667,5.650424035390218,0.4127595767378807,0.07948830723762512
850,motion_blur/s5,0.03125,14.728334426879883,0.049469392746686935,0.4179047131147541,4.3846976581167,0.9197347214842428,0.3828125,3.450193405151367,3.956986427307129,0.33299180327868855,3.7754921014191676,5.114035446135724,0.390625,3.6747498512268066,1.934631586074829,0.43084016393442626,5.61803593401049,0.43770829820242085,0.018527809530496597
851,motion_blur/s5,0.0390625,15.19558048248291,0.02169211022555828,0.4117943548387097,4.559066735929059,0.9052501632381351,0.3671875,3.295099973678589,3.4680087566375732,0.33354334677419356,3.7677438412943194,5.087486628563173,0.3671875,3.690560817718506,1.616245985031128,0.4298135080645161,5.5869476256832,0.4567169705706258,0.004505110904574394
852,motion_blur/s5,0.015625,16.049360275268555,0.03451966121792793,0.4055059523809524,4.741452347664606,0.8914290441584493,0.390625,3.1294431686401367,3.497894763946533,0.33444940476190477,3.757612084585523,5.062255011664496,0.390625,3.4513728618621826,1.579416036605835,0.42919146825396826,5.553049613559057,0.47453759066642276,0.0020851464942097664
853,motion_blur/s5,0.0078125,16.718265533447266,0.011939937248826027,0.3992919921875,4.92859005369246,0.8776870268629864,0.328125,3.5797693729400635,3.76593017578125,0.3343505859375,3.7548332922160625,5.041999936103821,0.328125,3.9817264080047607,1.8557446002960205,0.4276123046875,5.528497688472271,0.49611895019188523,0.0014731528935953975
854,motion_blur/s5,0.0,17.296464920043945,0.0013600604142993689,0.3931490384615385,5.118865051636329,0.8642050735330066,0.3359375,3.2199838161468506,3.4911880493164062,0.334375,3.7466048387380746,5.018141291691706,0.3359375,3.578321933746338,1.6241763830184937,0.42620192307692306,5.49849498455341,0.5134736799276792,0.0006789827020838857
855,motion_blur/s5,0.0078125,17.301481246948242,0.012459944933652878,0.3873106060606061,5.303450145504692,0.8512998443118043,0.3671875,3.2416346073150635,3.406161069869995,0.3348721590909091,3.738953774625605,4.9937173489368325,0.3671875,3.6435537338256836,1.5857924222946167,0.42530776515151514,5.470389814087839,0.5297209335999056,0.0005038438830524683
856,motion_blur/s5,0.0,17.588443756103516,0.0018336192006245255,0.38152985074626866,5.486808259095719,0.8386212439370105,0.34375,2.9903275966644287,3.5262789726257324,0.33500466417910446,3.727780249581408,4.971815283618756,0.34375,3.2148382663726807,1.6500749588012695,0.4240904850746269,5.436724865614479,0.5464426354685826,0.00044771237298846245
857,motion_blur/s5,0.0,17.629520416259766,0.0010291177313774824,0.3759191176470588,5.665377555524602,0.8263037126692806,0.4375,3.0909721851348877,3.567638874053955,0.33651194852941174,3.7184154251042534,4.951165630536921,0.4375,3.3728020191192627,1.6022131443023682,0.42428768382352944,5.406373059048372,0.5619686723631971,0.00040493751293979585
858,motion_blur/s5,0.0,17.895309448242188,0.0007593136979267001,0.3704710144927536,5.842622945274132,0.8143393010899856,0.3046875,3.563194751739502,3.647193670272827,0.33605072463768115,3.7161658501279526,4.932267486185268,0.3046875,4.011738300323486,1.7871768474578857,0.422554347826087,5.386160961095838,0.5797253125819607,0.0004800630849786103
859,motion_blur/s5,0.0,17.950149536132812,0.0014084080467000604,0.3651785714285714,6.0155876108578274,0.8027260026179387,0.34375,3.3165018558502197,3.576387882232666,0.3361607142857143,3.7104563644954136,4.912897777557373,0.34375,3.6866631507873535,1.676377296447754,0.42142857142857143,5.361882420948573,0.5953917694943291,0.0004477972979657352
860,motion_blur/s5,0.0,17.97907257080078,0.0021707615815103054,0.3600352112676056,6.184087399026038,0.7914505766878481,0.390625,3.300015926361084,3.716421127319336,0.33692781690140844,3.704675513254085,4.896045993751203,0.390625,3.5814192295074463,1.8290550708770752,0.42099471830985913,5.336805474590248,0.6127673089504242,0.0005400044028647244
861,motion_blur/s5,0.0,17.792606353759766,0.001456994446925819,0.3550347222222222,6.345316828952895,0.7804784436011687,0.421875,2.836695671081543,2.9933462142944336,0.3381076388888889,3.6926202376683555,4.869619607925415,0.421875,3.2217562198638916,1.2909908294677734,0.4210069444444444,5.307429790496826,0.6221870800687207,0.00026931578759104013
862,motion_blur/s5,0.0,18.108720779418945,0.00045622314792126417,0.3501712328767123,6.506459348822293,0.7697932077045488,0.375,3.358177900314331,3.2566046714782715,0.3386130136986301,3.6880388357867933,4.847523512905592,0.375,3.870332956314087,1.524741530418396,0.4203767123287671,5.287743532494323,0.6345508396625519,0.00024654882145114243
863,motion_blur/s5,0.0078125,17.970338821411133,0.0003590914129745215,0.3455447635135135,6.6613766389924125,0.7593954493762843,0.3828125,2.8298895359039307,3.2989492416381836,0.33921030405405406,3.676442223626214,4.82659683356414,0.3828125,3.0805630683898926,1.4694491624832153,0.41986908783783783,5.257916769465885,0.6458332494303987,0.00023802848591003567
864,motion_blur/s5,0.0,18.01917266845703,0.00039851359906606376,0.3409375,6.812813919385274,0.7492754902325881,0.375,3.058161735534668,3.0640029907226562,0.3396875,3.6681984837849937,4.803095582326253,0.375,3.4939262866973877,1.441344141960144,0.4192708333333333,5.234396896362305,0.6564400613307952,0.00017545558512210846
865,motion_blur/s5,0.0,18.249954223632812,0.0003309394232928753,0.3364514802631579,6.963302607599058,0.7394209566693078,0.3359375,3.360502004623413,3.258695602416992,0.33963815789473684,3.6641498459012887,4.782774529959026,0.3359375,3.8693771362304688,1.552842140197754,0.41817434210526316,5.21643611004478,0.6682348255264131,0.00021574505080934614
866,motion_blur/s5,0.0,18.157867431640625,0.0003311554028186947,0.3320819805194805,7.108686566352844,0.7298223878216912,0.390625,3.048311471939087,3.024101495742798,0.3403003246753247,3.6561519449407403,4.75993462042375,0.390625,3.5153212547302246,1.3513014316558838,0.41781655844155846,5.19434370932641,0.6771058204112115,0.00017701549222692847
867,motion_blur/s5,0.0,18.2983455657959,0.0003253336763009429,0.3278245192307692,7.25214373301237,0.7204698614864938,0.40625,2.909053325653076,3.0258049964904785,0.3411458333333333,3.6465737575139756,4.737702189347683,0.40625,3.2814855575561523,1.4387280941009521,0.4176682692307692,5.169819886867817,0.6868702085354389,0.00017490553727839142
868,motion_blur/s5,0.0,18.38713836669922,0.00021042759181000292,0.3236748417721519,7.393093032172963,0.7113526534625105,0.5,3.045353412628174,4.0777692794799805,0.3431566455696203,3.638963373401497,4.729348608210117,0.5,2.982731819152832,2.2698206901550293,0.41871044303797467,5.142135227782817,0.7069075564040413,0.007515398785471916
869,pixelate/s5,0.4453125,2.6705312728881836,2.9433889389038086,0.4453125,2.6705312728881836,2.9433889389038086,0.5,3.422006845474243,5.794839859008789,0.5,3.422006845474243,5.794839859008789,0.4375,3.200855255126953,0.9044814109802246,0.4375,3.200855255126953,0.9044814109802246,0.9688656330108643
870,pixelate/s5,0.46875,2.4211952686309814,2.372185707092285,0.45703125,2.5458632707595825,2.657787322998047,0.4609375,3.294750928878784,5.648122310638428,0.48046875,3.3583788871765137,5.721481084823608,0.46875,3.1265997886657715,0.6807873249053955,0.453125,3.1637275218963623,0.7926343679428101,0.9960117340087891
871,pixelate/s5,0.5078125,2.658522844314575,1.838139295578003,0.4739583333333333,2.58341646194458,2.3845713138580322,0.3359375,3.905510187149048,5.842860221862793,0.4322916666666667,3.5407559871673584,5.761940797170003,0.5078125,3.7790534496307373,0.49524128437042236,0.4713541666666667,3.3688361644744873,0.6935033400853475,0.9994877576828003
872,pixelate/s5,0.5703125,2.257295846939087,1.5831992626190186,0.498046875,2.501886308193207,2.184228301048279,0.4375,3.6577396392822266,5.777073860168457,0.43359375,3.5700019001960754,5.765724062919617,0.5703125,3.1864891052246094,0.46296045184135437,0.49609375,3.323249399662018,0.6358676180243492,0.9998456239700317
873,pixelate/s5,0.515625,2.2512288093566895,1.5033152103424072,0.5015625,2.4517548084259033,2.0480456829071043,0.4296875,3.4936749935150146,5.735994338989258,0.4328125,3.554736518859863,5.759778118133545,0.515625,3.1830084323883057,0.4978528618812561,0.5,3.2952012062072753,0.6082646667957305,0.999885082244873
874,pixelate/s5,0.546875,2.0755741596221924,1.3287482261657715,0.5091145833333334,2.3890580336252847,1.9281627734502156,0.4296875,3.4251673221588135,5.649038314819336,0.4322916666666667,3.5331416527430215,5.741321484247844,0.546875,2.94419264793396,0.4426382780075073,0.5078125,3.2366997798283896,0.58066026866436,0.9999195337295532
875,pixelate/s5,0.71875,1.2270315885543823,1.1199977397918701,0.5390625,2.223054255758013,1.8127106257847376,0.5,3.1336843967437744,5.577441692352295,0.4419642857142857,3.4760763304574147,5.717910085405622,0.71875,1.6127870082855225,0.3573732376098633,0.5379464285714286,3.004712241036551,0.5487621213708606,0.9999630451202393
876,pixelate/s5,0.6484375,1.7308239936828613,1.1889832019805908,0.552734375,2.161525472998619,1.7347446978092194,0.4453125,3.348743438720703,5.6830949783325195,0.4423828125,3.460159718990326,5.713558197021484,0.6484375,2.3932435512542725,0.4607284963130951,0.5517578125,2.9282786548137665,0.5377579182386398,0.9999746084213257
877,pixelate/s5,0.59375,1.7682082653045654,1.007690668106079,0.5572916666666666,2.1178235610326133,1.6539609167310927,0.4296875,3.3406782150268555,5.557422161102295,0.4409722222222222,3.4468839963277182,5.696209748586019,0.59375,2.560321569442749,0.33644458651542664,0.5564236111111112,2.8873945342169867,0.5153897702693939,0.9999727010726929
878,pixelate/s5,0.6640625,1.6481300592422485,0.8538188338279724,0.56796875,2.0708542108535766,1.5739467084407806,0.4921875,3.119291305541992,5.378042221069336,0.44609375,3.4141247272491455,5.66439299583435,0.6640625,2.374069929122925,0.33094024658203125,0.5671875,2.8360620737075806,0.49694481790065764,0.9999700784683228
879,pixelate/s5,0.671875,1.6944342851638794,0.793309211730957,0.5774147727272727,2.0366342176090586,1.502979663285342,0.4609375,3.243926763534546,5.538242816925049,0.4474431818181818,3.398652185093273,5.6529247977516865,0.671875,2.520336866378784,0.2775948643684387,0.5767045454545454,2.8073597821322354,0.4770039130340923,0.999983549118042
880,pixelate/s5,0.6796875,1.6086328029632568,0.8409056663513184,0.5859375,2.000967433055242,1.447806830207507,0.53125,2.9222750663757324,5.134172439575195,0.4544270833333333,3.3589540918668113,5.6096954345703125,0.6796875,2.3498353958129883,0.30662328004837036,0.5852864583333334,2.769232749938965,0.4628055269519488,0.9999721050262451
881,pixelate/s5,0.5390625,2.2917025089263916,1.108723759651184,0.5823317307692307,2.023331669660715,1.4217235170877898,0.390625,3.4217493534088135,5.5725531578063965,0.4495192307692308,3.3637844966008115,5.606838336357703,0.5390625,3.3798954486846924,0.39999327063560486,0.5817307692307693,2.8162068036886363,0.45797381492761463,0.9999674558639526
882,pixelate/s5,0.6328125,1.852362036705017,0.8337116241455078,0.5859375,2.011119553021022,1.3797226675919123,0.4609375,3.252293825149536,5.304698944091797,0.45033482142857145,3.3558208772114346,5.585256951195853,0.6328125,2.7403652667999268,0.30903786420822144,0.5853794642857143,2.810789551053728,0.4473355327333723,0.9999736547470093
883,pixelate/s5,0.625,1.8790392875671387,0.7915927767753601,0.5885416666666666,2.0023142019907634,1.3405140082041422,0.4375,3.2029201984405518,5.463449954986572,0.44947916666666665,3.345627498626709,5.577136484781901,0.625,2.813929557800293,0.30038195848464966,0.5880208333333333,2.810998884836833,0.4375386277834574,0.9999821186065674
884,pixelate/s5,0.6328125,2.1410717964172363,0.8066430687904358,0.59130859375,2.010986551642418,1.3071470744907856,0.3984375,3.4410974979400635,5.482587814331055,0.4462890625,3.3515943735837936,5.571227192878723,0.6328125,3.191070318222046,0.3057416081428528,0.5908203125,2.8347533494234085,0.42930131405591965,0.999985933303833
885,pixelate/s5,0.640625,1.8621058464050293,0.767074704170227,0.5942095588235294,2.002228863099042,1.2753781115307528,0.4921875,2.910914897918701,4.994354724884033,0.4489889705882353,3.325672051485847,5.5372935182908005,0.640625,2.798666477203369,0.27936846017837524,0.59375,2.8326305922339943,0.42048173441606407,0.9999667406082153
886,pixelate/s5,0.6171875,1.9495229721069336,0.8059302568435669,0.5954861111111112,1.999300758043925,1.2492976751592424,0.421875,3.1167681217193604,5.121891021728516,0.4474826388888889,3.314066277609931,5.514215601815118,0.6171875,2.9206297397613525,0.3306542932987213,0.5950520833333334,2.8375194337632923,0.41549132102065617,0.9999614953994751
887,pixelate/s5,0.6171875,1.8007786273956299,0.7326818704605103,0.5966282894736842,1.9888522248519094,1.2221073696487827,0.4296875,3.109867811203003,5.2939910888671875,0.4465460526315789,3.3033189899043034,5.502624837975753,0.6171875,2.692742347717285,0.32631582021713257,0.5962171052631579,2.8298995871292916,0.4107978736099444,0.9999700784683228
888,pixelate/s5,0.59375,1.975766658782959,0.690034031867981,0.596484375,1.9881979465484618,1.1955037027597428,0.5,3.067598581314087,5.226710319519043,0.44921875,3.2915329694747926,5.488829112052917,0.59375,2.9753973484039307,0.2960382401943207,0.59609375,2.8371744751930237,0.4050598919391632,0.9999678134918213
889,pixelate/s5,0.6328125,1.6281108856201172,0.8480725288391113,0.5982142857142857,1.9710509436471122,1.1789593611444746,0.453125,3.1102144718170166,5.123085975646973,0.4494047619047619,3.2828987553006126,5.471412772224063,0.6328125,2.3609488010406494,0.34382104873657227,0.5978422619047619,2.8144970621381487,0.40214375654856366,0.9999639987945557
890,pixelate/s5,0.6875,1.4451310634613037,0.6211028099060059,0.6022727272727273,1.9471454945477573,1.1536022451790897,0.5703125,2.4911956787109375,4.7450714111328125,0.4549005681818182,3.2469122518192637,5.438397255810824,0.6875,2.154205560684204,0.2536107897758484,0.6019176136363636,2.7844838120720605,0.3953922580588948,0.9999480247497559
891,pixelate/s5,0.65625,1.4861456155776978,0.5614922046661377,0.6046195652173914,1.927102021549059,1.1278583303741787,0.5234375,2.671198844909668,5.001310348510742,0.4578804347826087,3.2218812341275425,5.41939347723256,0.65625,2.2427046298980713,0.2176499366760254,0.6042798913043478,2.7609281954558,0.3876643310422483,0.9999452829360962
892,pixelate/s5,0.609375,2.0313661098480225,0.6680721640586853,0.6048177083333334,1.9314463585615158,1.1087005734443665,0.4609375,2.819032669067383,4.691583633422852,0.4580078125,3.2050958772500358,5.389068067073822,0.609375,3.033857583999634,0.2957950532436371,0.6044921875,2.772300253311793,0.38383644446730614,0.9999343156814575
893,pixelate/s5,0.6484375,1.89411199092865,0.5952175855636597,0.6065625,1.929952983856201,1.088161253929138,0.40625,3.0849955081939697,4.945308685302734,0.4559375,3.200291862487793,5.371317691802979,0.6484375,2.865452766418457,0.24104559421539307,0.60625,2.7760263538360594,0.3781248104572296,0.9999513626098633
894,pixelate/s5,0.59375,1.9931434392929077,0.6392281651496887,0.6060697115384616,1.932383385988382,1.07089459666839,0.5,2.7194440364837646,4.612972259521484,0.45763221153846156,3.1817977153337917,5.3421505597921515,0.59375,3.0430541038513184,0.2897193431854248,0.6057692307692307,2.7862966519135695,0.37472460017754483,0.9999251365661621
895,pixelate/s5,0.5546875,2.1121225357055664,0.7028871774673462,0.6041666666666666,1.939040391533463,1.0572646922535367,0.484375,2.8977534770965576,4.6362199783325195,0.4586226851851852,3.1712775583620423,5.316004982701054,0.5546875,3.2030036449432373,0.3273717164993286,0.6038773148148148,2.801730244248002,0.3729707896709442,0.9998338222503662
896,pixelate/s5,0.6171875,1.931854486465454,0.6498300433158875,0.6046316964285714,1.9387837520667486,1.0427134547914778,0.4375,2.746246814727783,4.419410228729248,0.45786830357142855,3.156097888946533,5.283983741487775,0.6171875,2.895514488220215,0.2946186065673828,0.6043526785714286,2.8050796815327237,0.3701724974172456,0.9998136162757874
897,pixelate/s5,0.6640625,1.8080995082855225,0.6103790998458862,0.6066810344827587,1.9342773988329132,1.0278053735864574,0.5,2.5746712684631348,4.5501298904418945,0.4593211206896552,3.1360486951367608,5.258678436279297,0.6640625,2.742629051208496,0.25404611229896545,0.6064116379310345,2.802926211521543,0.3661681393097187,0.9998212456703186
898,pixelate/s5,0.59375,2.090822458267212,0.5900454521179199,0.60625,1.939495567480723,1.0132133762041728,0.5078125,2.558241128921509,4.393193244934082,0.4609375,3.1167884429295856,5.229828929901123,0.59375,3.1876566410064697,0.24659363925457,0.6059895833333333,2.815750559171041,0.36218232264121375,0.9998030066490173
899,pixelate/s5,0.6171875,2.2961926460266113,0.5840564966201782,0.6066028225806451,1.9510019248531711,0.9993696058950117,0.53125,2.71325421333313,4.405444145202637,0.4632056451612903,3.103771209716797,5.203235872330204,0.6171875,3.5616672039031982,0.251792311668396,0.6063508064516129,2.839812386420465,0.3586213545453164,0.9997749924659729
900,pixelate/s5,0.6328125,1.994719386100769,0.5419286489486694,0.607421875,1.9523680955171585,0.9850745759904385,0.515625,2.372241735458374,4.216712474822998,0.46484375,3.080910913646221,5.172407016158104,0.6328125,3.0425522327423096,0.24913641810417175,0.607177734375,2.846148006618023,0.3551999502815306,0.9997891783714294
901,pixelate/s5,0.6640625,1.758246898651123,0.44052326679229736,0.6091382575757576,1.9464856350060664,0.9685730211662523,0.5546875,2.3155665397644043,4.060802459716797,0.4675662878787879,3.0577186598922266,5.138722029599276,0.6640625,2.6123456954956055,0.1683100461959839,0.6089015151515151,2.8390630880991616,0.34953661985469586,0.9997847676277161
902,pixelate/s5,0.5859375,3.0580153465270996,0.47549718618392944,0.6084558823529411,1.9791776853449203,0.9540707907255959,0.4609375,2.6680662631988525,4.628488063812256,0.46737132352941174,3.046258295283598,5.123715148252599,0.5859375,4.529842853546143,0.22538244724273682,0.6082261029411765,2.8887919047299553,0.3458850265425794,0.9998137354850769
903,pixelate/s5,0.5625,3.1084275245666504,0.5616028308868408,0.6071428571428571,2.0114419664655414,0.9428574204444885,0.4765625,2.821286678314209,4.365757942199707,0.46763392857142855,3.0398305347987584,5.10205922807966,0.5625,4.560584545135498,0.2259177416563034,0.6069196428571428,2.9365574087415425,0.34245738983154295,0.9997532963752747
904,pixelate/s5,0.578125,2.794865369796753,0.5661092400550842,0.6063368055555556,2.033203727669186,0.9323921932114495,0.421875,2.876347541809082,4.571445941925049,0.4663628472222222,3.035289340549045,5.08731997013092,0.578125,4.285024166107178,0.2488938421010971,0.6061197916666666,2.9740148186683655,0.33985840239458615,0.9997673630714417
905,pixelate/s5,0.5703125,2.890963554382324,0.4954935908317566,0.6053631756756757,2.05638642568846,0.9205841228768632,0.515625,2.499717950820923,4.215864181518555,0.46769425675675674,3.0208144381239608,5.063767110979235,0.5703125,4.313035488128662,0.2000577449798584,0.605152027027027,3.0102045664916166,0.33608000624824214,0.9995434880256653
906,pixelate/s5,0.640625,2.7277865409851074,0.43985041975975037,0.6062911184210527,2.074054849775214,0.9079332359527287,0.4765625,2.7599117755889893,4.426069736480713,0.46792763157894735,3.013948578583567,5.04698560112401,0.640625,3.979609251022339,0.19864481687545776,0.6060855263157895,3.0357152160845304,0.332463290738432,0.9995166063308716
907,pixelate/s5,0.5,3.5297911167144775,0.5005831122398376,0.6035657051282052,2.1113814207223744,0.8974883609857315,0.421875,2.6462314128875732,4.050755500793457,0.4667467948717949,3.0045199333093104,5.021441239577073,0.5,5.339127540588379,0.23464448750019073,0.6033653846153846,3.094777070558988,0.3299551162964258,0.9987742304801941
908,pixelate/s5,0.46875,4.178186416625977,0.4678856134414673,0.6001953125,2.1630515456199646,0.8867482922971248,0.4453125,2.5609114170074463,3.713488817214966,0.4662109375,2.993429720401764,4.9887424290180205,0.46875,6.066728591918945,0.20043127238750458,0.6,3.1690758585929872,0.3267170201987028,0.9970533847808838
909,pixelate/s5,0.4375,4.343117713928223,0.5831136107444763,0.5962271341463414,2.216223891188459,0.8793425683568163,0.484375,2.7689149379730225,3.9890713691711426,0.46665396341463417,2.9879537500986237,4.964360208046146,0.4375,6.2254638671875,0.2289259135723114,0.5960365853658537,3.243621907583097,0.3243318712565957,0.9957707524299622
910,pixelate/s5,0.5234375,3.702683448791504,0.2929895520210266,0.5944940476190477,2.2516157854171026,0.8653817822535833,0.5546875,2.29486083984375,3.7858400344848633,0.46875,2.971451537949698,4.936300203913734,0.5234375,5.38748836517334,0.1369360089302063,0.5943080357142857,3.2946663470495317,0.3198700650107293,0.9943639039993286
911,pixelate/s5,0.390625,5.494623184204102,0.4250398874282837,0.5897529069767442,2.3270345621330795,0.8551412730715996,0.375,2.9483132362365723,4.122146129608154,0.46656976744186046,2.970913437909858,4.917366388232209,0.390625,7.666850566864014,0.20472265779972076,0.5895712209302325,3.3963450498359147,0.3171922183314035,0.9895836710929871
912,pixelate/s5,0.46875,4.811596870422363,0.3388005495071411,0.5870028409090909,2.383501887321472,0.8434062566269528,0.4453125,2.4750208854675293,3.587981700897217,0.4660866477272727,2.959643152627078,4.887153099883687,0.484375,6.496296405792236,0.16768299043178558,0.5871803977272727,3.466798489744013,0.3137942813336849,0.9727300405502319
913,pixelate/s5,0.5078125,5.205390453338623,0.2702181339263916,0.5852430555555556,2.446210522121853,0.8306687427891626,0.6015625,2.0845460891723633,3.0328357219696045,0.4690972222222222,2.940196551216973,4.845946047041151,0.5234375,6.519010543823242,0.14105185866355896,0.5857638888888889,3.534625424279107,0.30995556082990433,0.9310040473937988
914,pixelate/s5,0.3046875,7.476526260375977,0.2724229693412781,0.5791440217391305,2.5555652120838994,0.8185329651055129,0.4765625,2.5758702754974365,4.021872520446777,0.46925951086956524,2.9322764147882876,4.828031405158665,0.328125,9.155587196350098,0.1556115448474884,0.5801630434782609,3.656820245411085,0.30660025613463443,0.8780910968780518
915,pixelate/s5,0.2734375,8.50364875793457,0.21980777382850647,0.5726396276595744,2.682120181144552,0.8057941312485553,0.515625,2.482966899871826,3.6238980293273926,0.47024601063829785,2.922716637875171,4.802411546098425,0.3359375,8.146061897277832,0.15616735816001892,0.574966755319149,3.752336025238037,0.30339955617772774,0.6838135719299316
916,pixelate/s5,0.28125,8.683505058288574,0.12984763085842133,0.5665690104166666,2.807149032751719,0.7917119124904275,0.59375,1.8730813264846802,2.974879741668701,0.4728190104166667,2.9008492355545363,4.764337966839473,0.4609375,2.596383810043335,0.5893515944480896,0.5725911458333334,3.7282536874214807,0.3093568903083603,0.38771572709083557
917,pixelate/s5,0.15625,10.874092102050781,0.14537331461906433,0.5581951530612245,2.971780523961904,0.7785213288603997,0.5390625,2.1532142162323,3.1461591720581055,0.4741709183673469,2.885591378017348,4.731313909803118,0.5703125,1.9639304876327515,1.4095845222473145,0.5725446428571429,3.6922470915074252,0.3318105154499716,0.1137862578034401
918,pixelate/s5,0.078125,13.080004692077637,0.058134932070970535,0.54859375,3.173945007324219,0.7641136009246111,0.5234375,2.3225998878479004,3.2924633026123047,0.47515625,2.874331548213959,4.702536897659302,0.5234375,2.345053195953369,1.3455839157104492,0.5715625,3.665303213596344,0.3520859834551811,0.016806507483124733
919,pixelate/s5,0.0234375,14.610214233398438,0.050422996282577515,0.538296568627451,3.3981855803844976,0.7501196675002575,0.4296875,2.7335238456726074,3.5100133419036865,0.4742647058823529,2.8715706128700105,4.679154082840564,0.4296875,2.9095191955566406,1.3785173892974854,0.5687806372549019,3.6504839191249774,0.37221208945208906,0.004482469521462917
920,pixelate/s5,0.0078125,14.596041679382324,0.02278498187661171,0.5280949519230769,3.6135289669036865,0.736132462007495,0.5625,1.7504914999008179,2.8926258087158203,0.47596153846153844,2.8500113991590648,4.644797769876627,0.5625,1.6615568399429321,1.1575740575790405,0.5686598557692307,3.6122353214483995,0.3873152042237612,0.0009149200050160289
921,pixelate/s5,0.0,15.956884384155273,0.003400382585823536,0.5181308962264151,3.8464224653423957,0.7223073284335013,0.53125,2.2468481063842773,3.0646800994873047,0.47700471698113206,2.8386309596727477,4.614984228925885,0.53125,2.323657274246216,1.2928128242492676,0.5679540094339622,3.5879225281049623,0.4044000649789594,0.0002963857550639659
922,pixelate/s5,0.0,16.897058486938477,0.00149464700371027,0.5085358796296297,4.088100910186768,0.7089589454440607,0.4296875,2.7273106575012207,3.2082595825195312,0.4761284722222222,2.8365694725954973,4.588933772510952,0.4296875,3.0092265605926514,1.2733972072601318,0.5653935185185185,3.577205936113993,0.420492604650833,0.0002013471384998411
923,pixelate/s5,0.0,17.262008666992188,0.0004820232279598713,0.4992897727272727,4.327626505765048,0.6960775468583134,0.5390625,2.2282004356384277,3.245919704437256,0.4772727272727273,2.825508217378096,4.564515334909612,0.5390625,2.194445848464966,1.4570748805999756,0.5649147727272728,3.5520648436112836,0.43933955512263556,0.00018375444051343948
924,pixelate/s5,0.0,17.666702270507812,0.0004398050659801811,0.49037388392857145,4.5658242872783115,0.6836554443263074,0.4921875,2.2747232913970947,3.151109457015991,0.4775390625,2.8156727722712924,4.539275944232941,0.4921875,2.3249382972717285,1.3276209831237793,0.5636160714285714,3.5301518695695058,0.45520172347979887,0.00015818262181710452
925,pixelate/s5,0.0,17.73442840576172,0.00041141576366499066,0.4817708333333333,4.796852429707845,0.6716687069831032,0.40625,2.824371576309204,2.8894665241241455,0.47628837719298245,2.8158253828684487,4.510331919318752,0.40625,3.2509896755218506,1.228722333908081,0.5608552631578947,3.5252542872177925,0.46877226050485643,0.00011358151095919311
926,pixelate/s5,0.0,17.87030601501465,0.0003521183680277318,0.47346443965517243,5.022256801868307,0.660094283041464,0.5390625,2.0488483905792236,2.537101984024048,0.47737068965517243,2.802601641622083,4.476310713537808,0.5390625,2.2464919090270996,0.9759109020233154,0.560479525862069,3.503206660007608,0.4775160301862092,6.796330853831023e-05
927,pixelate/s5,0.0,17.916776657104492,0.00032070479937829077,0.4654396186440678,5.240807985855361,0.6489116800204117,0.6484375,1.858722448348999,2.5690817832946777,0.4802701271186441,2.7866036891937256,4.44398479946589,0.6484375,1.9379535913467407,1.0186593532562256,0.5619703389830508,3.476676946979458,0.4866879509162095,5.007052095606923e-05
928,pixelate/s5,0.0,18.002775192260742,0.00029806443490087986,0.4576822916666667,5.453507439295451,0.6381014530939865,0.5859375,1.97463858127594,2.640509605407715,0.48203125,2.773070937395096,4.413926879564921,0.5859375,2.077540159225464,1.0718095302581787,0.5623697916666667,3.4533580005168916,0.49643997723857564,4.590745083987713e-05
929,pixelate/s5,0.0,18.096532821655273,0.00026941869873553514,0.45017930327868855,5.660770150481677,0.627645190235048,0.5625,2.0394630432128906,2.716648578643799,0.4833504098360656,2.7610445784740762,4.386102645123591,0.5625,2.1393160820007324,1.130833387374878,0.5623719262295082,3.4318163297215447,0.5068398692080232,4.651346171158366e-05
930,pixelate/s5,0.0,18.058414459228516,0.0002569294301792979,0.44291834677419356,5.8607321554614655,0.6175260247381952,0.546875,2.1140480041503906,2.498251438140869,0.484375,2.750609149855952,4.355653432107741,0.546875,2.3533341884613037,0.9580448269844055,0.5621219758064516,3.4144214564754116,0.5141173685269971,3.960496178478934e-05
931,pixelate/s5,0.0,18.181562423706055,0.0002352059818804264,0.4358878968253968,6.056300889878046,0.6077277577738093,0.578125,1.841935634613037,2.50416898727417,0.48586309523809523,2.736185760725112,4.326264790126255,0.578125,1.9450747966766357,0.9510422348976135,0.5623759920634921,3.3910984936214628,0.5210526838662133,3.5137600207235664e-05
932,pixelate/s5,0.0,18.2137393951416,0.0002216790453530848,0.4290771484375,6.246260866522789,0.5982354752936772,0.5859375,2.186387062072754,2.700479030609131,0.4874267578125,2.727595156058669,4.3008618876338005,0.5859375,2.3590118885040283,1.1325336694717407,0.562744140625,3.374972140416503,0.5306070742662996,4.231353887007572e-05
933,pixelate/s5,0.0078125,18.110403060913086,0.0002148630446754396,0.42259615384615384,6.42878613105187,0.589035158182154,0.5703125,2.2354116439819336,2.4440736770629883,0.48870192307692306,2.7200231020267194,4.272295915163481,0.5703125,2.524893283843994,1.033853530883789,0.5628605769230769,3.3618940041615413,0.5383493274450302,3.399218985578045e-05
934,pixelate/s5,0.0,18.25604820251465,0.00020713082631118596,0.4161931818181818,6.607987071528579,0.5801135214040353,0.53125,2.2531542778015137,2.483058452606201,0.4893465909090909,2.712949331962701,4.245186256639885,0.53125,2.5443289279937744,1.0292141437530518,0.5623816287878788,3.3495066545226355,0.545786673146667,3.273537367931567e-05
935,pixelate/s5,0.0,18.26801109313965,0.0001942168310051784,0.4099813432835821,6.782017280806357,0.5714580093954825,0.515625,2.0075936317443848,2.1453003883361816,0.48973880597014924,2.702421634944517,4.213844676515949,0.515625,2.323951005935669,0.8009814023971558,0.5616837686567164,3.334199853797457,0.5495955497026443,2.3095428332453594e-05
936,pixelate/s5,0.0,18.207731246948242,0.00019507174147292972,0.4039522058823529,6.950042486190796,0.5630570838417471,0.546875,2.1884984970092773,2.3335723876953125,0.4905790441176471,2.6948639417395874,4.186193613445058,0.546875,2.4994568824768066,0.970538854598999,0.5614659926470589,3.3219242218662712,0.5557858924217084,2.475010660418775e-05
937,pixelate/s5,0.0078125,18.178617477416992,0.00017973585636354983,0.3982110507246377,7.112775457078132,0.5548994411173213,0.5,2.279362440109253,2.4724106788635254,0.4907155797101449,2.688842180846394,4.161356179610543,0.5,2.5741288661956787,1.083794116973877,0.5605751811594203,3.3110866080159727,0.5634381855311601,2.953764851554297e-05
938,pixelate/s5,0.0,18.33065414428711,0.00017629508511163294,0.3925223214285714,7.273030866895403,0.5469748247454326,0.53125,2.15730619430542,2.4545090198516846,0.49129464285714286,2.681248809610094,4.136972648756845,0.53125,2.388288736343384,1.0790045261383057,0.56015625,3.297903781277793,0.570803418968405,3.3416097721783444e-05
939,pixelate/s5,0.0,18.363611221313477,0.00016670970944687724,0.386993838028169,7.429236223999883,0.5392733019984468,0.46875,2.299684524536133,2.380964756011963,0.4909771126760563,2.6758746647498977,4.112240143225226,0.46875,2.615091323852539,1.099613904953003,0.558868838028169,3.2882867044126485,0.5782514539822726,3.75849413103424e-05
940,pixelate/s5,0.0,18.30303955078125,0.00016597137437202036,0.3816189236111111,7.58026127020518,0.5317857001842236,0.5234375,2.089860439300537,1.996755599975586,0.4914279513888889,2.667735578285323,4.0828584134578705,0.5234375,2.4701781272888184,0.82869553565979,0.5583767361111112,3.2769240852859287,0.5817298440055715,2.2507290850626305e-05
941,pixelate/s5,0.0,18.345823287963867,0.00015551107935607433,0.3763912671232877,7.727734722503244,0.5245030948540199,0.484375,2.1065618991851807,2.258437156677246,0.4913313356164384,2.6600482676127184,4.057866341447177,0.484375,2.396723747253418,0.9647607803344727,0.5573630136986302,3.2648665464087707,0.5869768431333646,2.181840864068363e-05
942,pixelate/s5,0.0,18.339885711669922,0.00015694898320361972,0.37130489864864863,7.871142168302794,0.5174173361260359,0.5703125,1.8060513734817505,2.0180163383483887,0.49239864864864863,2.6485077690433814,4.030300800864761,0.5703125,2.0307912826538086,0.8543951511383057,0.5575380067567568,3.2481898536553255,0.5905906040523503,1.677297768765129e-05
943,pixelate/s5,0.0,18.366416931152344,0.0001564922567922622,0.36635416666666665,8.011079165140787,0.510520524874446,0.59375,2.143225908279419,2.178114891052246,0.49375,2.6417706775665284,4.005604988733928,0.59375,2.478337287902832,0.921607494354248,0.5580208333333333,3.2379251527786255,0.595004162589709,1.6977406630758196e-05
944,pixelate/s5,0.0,18.31604766845703,0.00015334694762714207,0.36153371710526316,8.146670855973897,0.5038051672701457,0.421875,2.4801275730133057,2.217466354370117,0.4928042763157895,2.6396437946118807,3.982076848808088,0.421875,2.953308582305908,1.0146301984786987,0.5562294407894737,3.2341801979039846,0.6005255577987746,2.183329161198344e-05
945,pixelate/s5,0.0,18.317392349243164,0.0001494167372584343,0.356838474025974,8.278758148094276,0.49726418349699136,0.5625,1.907772421836853,2.037562847137451,0.4937094155844156,2.630138971588828,3.956823420214963,0.5625,2.1568849086761475,0.9277194142341614,0.5563108766233766,3.2201893499919345,0.6047748286615718,1.8677039406611584e-05
946,pixelate/s5,0.0,18.383161544799805,0.0001439473417121917,0.3522636217948718,8.408301781385372,0.4908908471360262,0.6015625,1.7559459209442139,1.9885507822036743,0.4950921474358974,2.618931368375436,3.9315891556250744,0.6015625,1.9709514379501343,0.8197383880615234,0.5568910256410257,3.2041734793247323,0.6075307717308019,1.4575843124475796e-05
947,pixelate/s5,0.0,18.07796287536621,0.00015191358397714794,0.34780458860759494,8.530702554726902,0.4846789619011902,0.6875,1.019218921661377,1.9081227779388428,0.4975276898734177,2.5986818437334858,3.9059756571733497,0.6875,0.9026004076004028,0.7536156177520752,0.5585443037974683,3.175039642973791,0.609379946996894,0.00013137722271494567
948,shot_noise/s5,0.3125,3.6837873458862305,4.323380947113037,0.3125,3.6837873458862305,4.323380947113037,0.171875,5.331693649291992,6.531535625457764,0.171875,5.331693649291992,6.531535625457764,0.3203125,4.1022796630859375,1.8143582344055176,0.3203125,4.1022796630859375,1.8143582344055176,0.9867168664932251
949,shot_noise/s5,0.34375,3.2264389991760254,3.000674247741699,0.328125,3.455113172531128,3.662027597427368,0.1640625,5.449117183685303,6.553657531738281,0.16796875,5.3904054164886475,6.5425965785980225,0.34375,4.162878036499023,0.9733725786209106,0.33203125,4.1325788497924805,1.3938654065132141,0.9997373223304749
950,shot_noise/s5,0.3828125,3.6662886142730713,2.8245177268981934,0.3463541666666667,3.525504986445109,3.38285764058431,0.1328125,5.703207969665527,6.613958358764648,0.15625,5.494672934214274,6.5663838386535645,0.3828125,4.969064712524414,0.942162811756134,0.3489583333333333,4.411407470703125,1.2432978749275208,0.999981164932251
951,shot_noise/s5,0.3828125,3.4411609172821045,2.341125011444092,0.35546875,3.504418969154358,3.1224244832992554,0.1484375,5.496592998504639,6.505516052246094,0.154296875,5.495152950286865,6.551166892051697,0.3828125,4.801817893981934,0.7677171230316162,0.357421875,4.509010076522827,1.1244026869535446,0.9999923706054688
952,shot_noise/s5,0.3515625,3.5769855976104736,2.4293007850646973,0.3546875,3.5189322948455812,2.9837997436523436,0.1640625,5.374525547027588,6.554983615875244,0.15625,5.471027469635009,6.551930236816406,0.3515625,4.950654983520508,0.90886390209198,0.35625,4.597339057922364,1.0812949299812318,0.9999960660934448
953,shot_noise/s5,0.3125,4.010134220123291,2.2320733070373535,0.34765625,3.600799282391866,2.858512004216512,0.1015625,5.6066365242004395,6.515523433685303,0.14713541666666666,5.493628978729248,6.545862436294556,0.3125,5.7875494956970215,0.7848410606384277,0.3489583333333333,4.79570746421814,1.031885951757431,0.9999967813491821
954,shot_noise/s5,0.3125,3.836404323577881,1.739255428314209,0.34263392857142855,3.63445714541844,2.6986182076590404,0.2265625,5.17744255065918,6.501979351043701,0.15848214285714285,5.448459489004953,6.539593424115862,0.3125,5.7218017578125,0.6033048033714294,0.34375,4.928006649017334,0.9706600734165737,0.9999984502792358
955,shot_noise/s5,0.3671875,4.037301063537598,1.9609065055847168,0.345703125,3.6848126351833344,2.6064042448997498,0.1484375,5.4197869300842285,6.474573612213135,0.1572265625,5.444875419139862,6.531465947628021,0.3671875,5.9205732345581055,0.747184157371521,0.3466796875,5.05207747220993,0.9427255839109421,0.9999982118606567
956,shot_noise/s5,0.421875,3.5305774211883545,1.6716907024383545,0.3541666666666667,3.6676753891838922,2.5025471846262612,0.1953125,5.267223834991455,6.461665153503418,0.16145833333333334,5.425136354234484,6.523710303836399,0.421875,5.2149457931518555,0.6230459213256836,0.3550347222222222,5.070173952314589,0.9072056214014689,0.9999988079071045
957,shot_noise/s5,0.3828125,3.8050923347473145,1.7636548280715942,0.35703125,3.6814170837402345,2.4286579489707947,0.1953125,5.289127826690674,6.488877296447754,0.16484375,5.4115355014801025,6.520227003097534,0.3828125,5.597357749938965,0.6778466105461121,0.3578125,5.1228923320770265,0.8842697203159332,0.999998927116394
958,shot_noise/s5,0.359375,3.8576736450195312,1.4532952308654785,0.3572443181818182,3.697440407492898,2.3399886109612207,0.125,5.4975996017456055,6.4784722328186035,0.1612215909090909,5.419359510595148,6.516431114890358,0.359375,5.853127479553223,0.5020620822906494,0.35795454545454547,5.189277345483953,0.8495235714045438,0.9999994039535522
959,shot_noise/s5,0.359375,4.526059150695801,1.5031558275222778,0.357421875,3.766491969426473,2.270252545674642,0.203125,5.168243885040283,6.489653587341309,0.16471354166666666,5.398433208465576,6.5141996542612715,0.359375,6.923545837402344,0.5563616752624512,0.3580729166666667,5.333799719810486,0.8250934133927027,0.9999994039535522
960,shot_noise/s5,0.28125,4.5868611335754395,1.4664021730422974,0.3515625,3.829597289745624,2.208417901626,0.140625,5.400908470153809,6.46811580657959,0.16286057692307693,5.398623613210825,6.510654742901142,0.28125,7.0422186851501465,0.5449922680854797,0.35216346153846156,5.465216563298152,0.8035471714459933,0.9999992847442627
961,shot_noise/s5,0.375,3.82879376411438,1.4093139171600342,0.35323660714285715,3.8295398950576782,2.151339045592717,0.2109375,5.084756374359131,6.410783767700195,0.16629464285714285,5.376204524721418,6.50352110181536,0.375,5.704523086547852,0.5611686706542969,0.35379464285714285,5.482309886387417,0.7862344213894435,0.9999990463256836
962,shot_noise/s5,0.375,4.113840103149414,1.3254554271697998,0.3546875,3.848493242263794,2.0962801376978555,0.171875,5.318775177001953,6.394846439361572,0.16666666666666666,5.372375901540121,6.496276124318441,0.375,6.27471923828125,0.49621790647506714,0.35520833333333335,5.535137176513672,0.7668999870618184,0.9999991655349731
963,shot_noise/s5,0.3515625,4.514972686767578,1.3695333003997803,0.3544921875,3.8901482075452805,2.050858460366726,0.140625,5.51568078994751,6.480639934539795,0.1650390625,5.381332457065582,6.495298862457275,0.3515625,6.925991535186768,0.5418641567230225,0.35498046875,5.62206557393074,0.7528352476656437,0.9999991655349731
964,shot_noise/s5,0.375,4.0995941162109375,1.1457021236419678,0.3556985294117647,3.9024685551138485,1.997613969971152,0.203125,4.949981212615967,6.328767776489258,0.16727941176470587,5.355958854450899,6.485502916223862,0.375,6.242349624633789,0.45923250913619995,0.3561580882352941,5.65855287103092,0.7355644983403823,0.9999990463256836
965,shot_noise/s5,0.265625,5.228989601135254,1.2307047843933105,0.3506944444444444,3.9761641687817044,1.9550079041057162,0.203125,5.155089855194092,6.324541091918945,0.16927083333333334,5.344799465603298,6.476560592651367,0.265625,7.985316276550293,0.5212677717208862,0.3511284722222222,5.787817504670885,0.7236591246392992,0.999998927116394
966,shot_noise/s5,0.265625,4.771299839019775,1.1617584228515625,0.3462171052631579,4.0180134145837085,1.9132579314081293,0.171875,5.238104820251465,6.37054443359375,0.16940789473684212,5.339183957953202,6.47098079480623,0.265625,7.406908988952637,0.45647531747817993,0.34662828947368424,5.873032845948872,0.7095968189992403,0.9999985694885254
967,shot_noise/s5,0.3515625,4.441934108734131,1.1854884624481201,0.346484375,4.03920944929123,1.8768694579601288,0.2109375,5.038011074066162,6.32737398147583,0.171484375,5.3241253137588505,6.46380045413971,0.3515625,6.701305866241455,0.5002857446670532,0.346875,5.914446496963501,0.6991312652826309,0.9999978542327881
968,shot_noise/s5,0.3359375,4.617796897888184,1.2603530883789062,0.34598214285714285,4.0667612325577505,1.8475115355991183,0.1875,5.070540904998779,6.339058876037598,0.1722470238095238,5.312049865722656,6.45786037899199,0.3359375,7.097269058227539,0.524545431137085,0.3463541666666667,5.9707713808332175,0.690817654132843,0.9999985694885254
969,shot_noise/s5,0.3515625,4.64764404296875,0.9156304597854614,0.34623579545454547,4.093164996667341,1.8051533048803157,0.203125,4.870077610015869,6.277242660522461,0.17365056818181818,5.291960217735984,6.44965048269792,0.3515625,7.109723091125488,0.37192973494529724,0.3465909090909091,6.0225419131192295,0.6763227487152274,0.9999988079071045
970,shot_noise/s5,0.3359375,4.809588432312012,0.8286269903182983,0.34578804347826086,4.124313841695371,1.7626956390297932,0.21875,4.893547058105469,6.3052167892456055,0.17561141304347827,5.274637906447701,6.4433707568956455,0.3359375,7.427983283996582,0.36214226484298706,0.3461277173913043,6.083648059679114,0.6626627276773038,0.9999988079071045
971,shot_noise/s5,0.234375,5.774144649505615,1.044743299484253,0.3411458333333333,4.193056792020798,1.7327809582153957,0.1640625,5.045227527618408,6.278547286987305,0.17513020833333334,5.265079140663147,6.436503112316132,0.234375,8.668405532836914,0.4549555480480194,0.3414713541666667,6.191346287727356,0.654008261859417,0.999997615814209
972,shot_noise/s5,0.3046875,5.405815124511719,0.8311898708343506,0.3396875,4.241567125320435,1.6967173147201537,0.1796875,5.010965347290039,6.291988372802734,0.1753125,5.254914588928223,6.4307225227355955,0.3046875,8.192329406738281,0.32737940549850464,0.34,6.271385612487793,0.6409431076049805,0.9999973773956299
973,shot_noise/s5,0.328125,5.886092662811279,0.7358556389808655,0.33924278846153844,4.304818107531621,1.659761096422489,0.21875,4.614920139312744,6.09781551361084,0.17698317307692307,5.2302994177891655,6.417918407000029,0.328125,8.892820358276367,0.3155077397823334,0.3395432692307692,6.3722100257873535,0.6284263626887248,0.999995231628418
974,shot_noise/s5,0.3046875,5.891042709350586,0.7132148742675781,0.33796296296296297,4.36356716685825,1.62470382893527,0.234375,4.757774353027344,6.100119590759277,0.1791087962962963,5.212798489464654,6.406148080472593,0.3046875,8.883211135864258,0.2818266451358795,0.3382523148148148,6.465210066901313,0.6155893361126935,0.9999926090240479
975,shot_noise/s5,0.21875,7.159430027008057,0.7415242195129395,0.33370535714285715,4.463419411863599,1.5931617000273295,0.171875,5.1978912353515625,6.210163593292236,0.17885044642857142,5.2122660875320435,6.3991486345018656,0.21875,10.418853759765625,0.3158578872680664,0.333984375,6.606411627360752,0.6048846415110997,0.9999867677688599
976,shot_noise/s5,0.25,6.589146137237549,0.7621173858642578,0.3308189655172414,4.536720333428218,1.5645049995389477,0.1796875,5.1421217918396,6.127615928649902,0.1788793103448276,5.209847318715062,6.38978543774835,0.25,9.575265884399414,0.32336902618408203,0.3310883620689655,6.708785912086224,0.5951772064998232,0.9999784231185913
977,shot_noise/s5,0.2578125,7.762493133544922,0.5250911712646484,0.32838541666666665,4.644246093432108,1.5298578719298044,0.2109375,4.700673580169678,6.168716907501221,0.17994791666666668,5.19287486076355,6.382416486740112,0.2578125,10.915443420410156,0.22457069158554077,0.32864583333333336,6.849007829030355,0.5828236560026805,0.9999750852584839
978,shot_noise/s5,0.15625,10.04092025756836,0.40842652320861816,0.32283266129032256,4.818332356791342,1.4936826671323469,0.2734375,4.694772720336914,6.142521858215332,0.18296370967741934,5.176807049782045,6.374677950336087,0.15625,13.101168632507324,0.17497313022613525,0.3230846774193548,7.050690435594128,0.5696671874292435,0.999835729598999
979,shot_noise/s5,0.1015625,11.559327125549316,0.27700480818748474,0.31591796875,5.028988443315029,1.45566148404032,0.203125,4.721593856811523,6.050871849060059,0.18359375,5.162581637501717,6.364559009671211,0.1015625,15.002659797668457,0.10959998518228531,0.316162109375,7.299189478158951,0.5552900873590261,0.999315619468689
980,shot_noise/s5,0.03125,13.753080368041992,0.14643371105194092,0.3072916666666667,5.293354865276452,1.4159879151618842,0.2578125,4.514404773712158,5.97239875793457,0.18584280303030304,5.142939914356578,6.352675365679191,0.03125,16.715530395507812,0.07003253698348999,0.3075284090909091,7.584533142321037,0.540585313105222,0.9940348267555237
981,shot_noise/s5,0.03125,14.98802661895752,0.03740346059203148,0.2991727941176471,5.578492269796484,1.3754413135568886,0.2265625,4.886439323425293,6.104531288146973,0.1870404411764706,5.135395779329188,6.345377010457656,0.03125,17.243188858032227,0.01751355640590191,0.29940257352941174,7.86861125160666,0.525200849672889,0.9480430483818054
982,shot_noise/s5,0.0,15.631291389465332,0.013176039792597294,0.290625,5.865715101787022,1.3365194485921945,0.171875,5.057714939117432,6.0214056968688965,0.18660714285714286,5.133176326751709,6.336120687212262,0.0078125,17.66230583190918,0.007368042133748531,0.2910714285714286,8.148431096758161,0.5104056266003422,0.7635467052459717
983,shot_noise/s5,0.0,16.321575164794922,0.0019048447720706463,0.2825520833333333,6.156155659092797,1.299446820708302,0.2109375,5.008674621582031,6.160757064819336,0.1872829861111111,5.129717946052551,6.331249475479126,0.0,15.931318283081055,0.001684557180851698,0.2829861111111111,8.364622407489353,0.49627448578313405,0.6270519495010376
984,shot_noise/s5,0.0,16.518091201782227,0.0014716896694153547,0.2749155405405405,6.436207971057376,1.2643664117613052,0.21875,4.897116661071777,6.077373504638672,0.18813344594594594,5.123431424836855,6.3243879627537085,0.0,12.118313789367676,0.024587931111454964,0.27533783783783783,8.466073525918496,0.48352620052173734,0.5016648173332214
985,shot_noise/s5,0.0,16.851781845092773,0.006911833304911852,0.2676809210526316,6.7103020203740975,1.2312755018019264,0.1640625,4.634622573852539,6.000387191772461,0.1875,5.110568034021478,6.315861626675255,0.0,9.881071090698242,0.11599280685186386,0.2680921052631579,8.503310303939017,0.47385426910937223,0.43106523156166077
986,shot_noise/s5,0.0,17.086206436157227,0.0009405771852470934,0.2608173076923077,6.976350851548024,1.199728452452781,0.171875,4.8348212242126465,5.9393181800842285,0.18709935897435898,5.103497603000739,6.306206666506254,0.0,7.379262924194336,0.9205554127693176,0.26121794871794873,8.474488576253256,0.4853081445878324,0.34040260314941406
987,shot_noise/s5,0.0,17.181058883666992,0.007354919798672199,0.254296875,7.231468552350998,1.169919114136428,0.1953125,4.71567440032959,5.890642166137695,0.1873046875,5.09380202293396,6.29581755399704,0.0234375,5.944553852081299,2.2874419689178467,0.2552734375,8.411240208148957,0.5303614901960827,0.2889842689037323
988,shot_noise/s5,0.0,17.47215461730957,0.0008784492965787649,0.24809451219512196,7.481241383203646,1.1414059271891146,0.203125,4.617178440093994,5.80094051361084,0.1876905487804878,5.082177057498839,6.283747382280303,0.1484375,4.674323081970215,4.518621444702148,0.2526676829268293,8.320095887998255,0.627636123232816,0.20083703100681305
989,shot_noise/s5,0.0,16.96628761291504,0.014754071831703186,0.2421875,7.707075817244394,1.1145808830139383,0.296875,4.2600555419921875,5.702380180358887,0.19029017857142858,5.062602735701061,6.269905306044079,0.3046875,4.01963472366333,4.354863166809082,0.25390625,8.217703955514091,0.7163796242703462,0.12863895297050476
990,shot_noise/s5,0.0,17.457355499267578,0.0007640756666660309,0.23655523255813954,7.933826507524002,1.0886781665640017,0.1796875,4.8012495040893555,5.923574447631836,0.1900436046511628,5.056524753570557,6.261851100034492,0.1796875,4.731682300567627,4.8149871826171875,0.25218023255813954,8.136633684468825,0.8116960791156216,0.17514203488826752
991,shot_noise/s5,0.0,17.448535919189453,0.0008064442663453519,0.23117897727272727,8.150069903243672,1.063953809239055,0.2890625,4.30539608001709,5.709749221801758,0.1922940340909091,5.039453647353432,6.249303330074657,0.2890625,4.058114051818848,4.3172430992126465,0.2530184659090909,8.043940056454051,0.8913676022996448,0.12443879246711731
992,shot_noise/s5,0.0,17.606138229370117,0.0005305997328832746,0.22604166666666667,8.36020475493537,1.04032218236114,0.2734375,4.395444393157959,5.700502395629883,0.19409722222222223,5.025142330593533,6.237107753753662,0.2734375,4.179935455322266,4.199796676635742,0.2534722222222222,7.958073287540012,0.9648882483960026,0.10711323469877243
993,shot_noise/s5,0.0,17.725914001464844,0.0004712019581347704,0.22112771739130435,8.563807129859924,1.0177167262654225,0.21875,4.631983757019043,5.725610733032227,0.19463315217391305,5.016595405081044,6.225988253303196,0.203125,4.472607612609863,4.390130996704102,0.2523777173913043,7.882302294606748,1.0393500472722657,0.10239262878894806
994,shot_noise/s5,0.0,17.751188278198242,0.000430769519880414,0.21642287234042554,8.75928332450542,0.9960723442070067,0.203125,4.604623317718506,5.745499134063721,0.19481382978723405,5.007830041520139,6.21576508055342,0.21875,4.455462455749512,4.353985786437988,0.25166223404255317,7.809390808673615,1.1098742119353662,0.10588346421718597
995,shot_noise/s5,0.0,17.794734954833984,0.00040129004628397524,0.2119140625,8.947521900137266,0.975329197245325,0.21875,4.343441963195801,5.625949859619141,0.1953125,4.993988623221715,6.203477263450623,0.2109375,4.1310133934021,4.0789794921875,0.2508138020833333,7.732757945855458,1.1717305719406188,0.09392090141773224
996,shot_noise/s5,0.0,17.872251510620117,0.00037495605647563934,0.20758928571428573,9.129659239126712,0.9554321719149403,0.2421875,4.354578495025635,5.68796443939209,0.19626913265306123,4.980939436931999,6.192956593571877,0.234375,4.124699115753174,4.169064521789551,0.2504783163265306,7.659124092179901,1.2329006525497808,0.09974290430545807
997,shot_noise/s5,0.0,17.89415740966797,0.0003360689152032137,0.2034375,9.304949202537536,0.9363302498549456,0.2265625,4.459048271179199,5.592495918273926,0.196875,4.9705016136169435,6.180947380065918,0.2265625,4.2970967292785645,4.01632833480835,0.25,7.591883544921875,1.288569206194952,0.0841539204120636
998,shot_noise/s5,0.0,18.013648986816406,0.000325903354678303,0.19944852941176472,9.475708021837121,0.9179772234529796,0.1875,4.823968887329102,5.633793830871582,0.19669117647058823,4.967628422905417,6.1702188791013235,0.1875,4.791780471801758,4.090238571166992,0.24877450980392157,7.53697956309599,1.3435038996257764,0.08443430811166763
999,shot_noise/s5,0.0,18.025447845458984,0.000300113286357373,0.19561298076923078,9.640126095368313,0.9003295867190061,0.3125,4.2212233543396,5.448300361633301,0.19891826923076922,4.953274479279151,6.156335830688477,0.3203125,4.076171875,3.4800848960876465,0.25015024038461536,7.470425569094145,1.3845919957115815,0.0521298423409462
1000,shot_noise/s5,0.0,18.154754638671875,0.0002770432620309293,0.19192216981132076,9.800779464109889,0.8833474632575536,0.2421875,4.605947494506836,5.695184707641602,0.19973466981132076,4.946721139943825,6.1476348661026865,0.234375,4.470036029815674,4.093916416168213,0.24985259433962265,7.413814445711532,1.4357113243994426,0.0768832191824913
1001,shot_noise/s5,0.0,18.164960861206055,0.0002630425151437521,0.18836805555555555,9.955671712204262,0.8669940480586201,0.2265625,4.227010726928711,5.371159076690674,0.20023148148148148,4.933393169332434,6.133255684817279,0.2265625,4.1204352378845215,3.4183216094970703,0.2494212962962963,7.352825941862883,1.4724263296790283,0.04954203963279724
1002,shot_noise/s5,0.0,18.02457618713379,0.0002564050373621285,0.1849431818181818,10.10237906629389,0.8512351818218701,0.203125,4.506869792938232,5.486788749694824,0.2002840909090909,4.925638198852539,6.1215017405423255,0.203125,4.400550365447998,3.7868359088897705,0.24857954545454544,7.299148204109885,1.5145065038464964,0.05201997607946396
1003,shot_noise/s5,0.0,18.21782684326172,0.00023058595252223313,0.181640625,10.247297776596886,0.836038671181346,0.2578125,4.321165561676025,5.426346778869629,0.20131138392857142,4.914844044617245,6.109088259083884,0.2578125,4.2130208015441895,3.539994239807129,0.24874441964285715,7.244038786206927,1.5506759277029363,0.04697765037417412
1004,shot_noise/s5,0.0,18.204355239868164,0.00023191954824142158,0.17845394736842105,10.386895275952524,0.8213753948369056,0.2109375,4.405264377593994,5.214416027069092,0.20148026315789475,4.9059040504589415,6.093392255013449,0.2109375,4.45840311050415,3.218324661254883,0.2480811403508772,7.1951679848788075,1.579932923028409,0.03290824964642525
1005,shot_noise/s5,0.0,18.214834213256836,0.00022408721270039678,0.17537715517241378,10.521859740388804,0.807217613670971,0.2421875,4.091495990753174,5.299468040466309,0.20218211206896552,4.891862532188153,6.079703906486774,0.2421875,3.951610803604126,3.3202319145202637,0.24797952586206898,7.139244585201658,1.6099380780541306,0.032589878886938095
1006,shot_noise/s5,0.0,18.231534957885742,0.00021215043670963496,0.17240466101694915,10.652532201702313,0.7935395549720852,0.28125,4.172313690185547,5.333024978637695,0.20352224576271186,4.8796667891033625,6.067048331438484,0.2890625,4.06166410446167,3.30631685256958,0.2486758474576271,7.087082204172167,1.6386902606730365,0.03043677844107151
1007,shot_noise/s5,0.0,18.294082641601562,0.0002008153242059052,0.16953125,10.779891375700632,0.7803172426446205,0.25,4.1309990882873535,5.265596389770508,0.204296875,4.867188994089762,6.053690799077352,0.25,4.052814483642578,3.1595568656921387,0.24869791666666666,7.036511075496674,1.664038037423355,0.029574323445558548
1008,shot_noise/s5,0.0,18.261272430419922,0.00020323085482232273,0.16675204918032788,10.902536966761605,0.7675284883529845,0.2890625,4.100594520568848,5.076129913330078,0.20568647540983606,4.854621871573026,6.037665210786413,0.2890625,4.100465297698975,3.0010876655578613,0.24935963114754098,6.98837917749999,1.6859568837862156,0.020806672051548958
1009,shot_noise/s5,0.0,18.274065017700195,0.0001938587229233235,0.1640625,11.02143258048642,0.7551521233589512,0.2578125,3.9278998374938965,4.837896347045898,0.20652721774193547,4.839674741991105,6.018314100080921,0.2578125,3.999962329864502,2.650582790374756,0.24949596774193547,6.940178905763934,1.7015153661505469,0.01240465696901083
1010,shot_noise/s5,0.0,18.230728149414062,0.0001856546732597053,0.16145833333333334,11.135865843485272,0.7431685286179085,0.3046875,3.9043993949890137,4.799752712249756,0.20808531746031747,4.8248291015625,5.998971855829632,0.3046875,3.9470725059509277,2.753225326538086,0.25037202380952384,6.892669280370076,1.7182091750455872,0.009086063131690025
1011,shot_noise/s5,0.0,18.25272560119629,0.00018426671158522367,0.158935546875,11.247066777199507,0.7315593995256222,0.28125,4.2662353515625,5.153464317321777,0.209228515625,4.81610107421875,5.985760800540447,0.28125,4.302206993103027,3.071606159210205,0.2508544921875,6.852193307131529,1.7393560029231594,0.0140583710744977
1012,shot_noise/s5,0.0,18.303552627563477,0.00018171797273680568,0.15649038461538461,11.355628097974337,0.7203074351940394,0.2421875,4.342975616455078,4.880889892578125,0.20973557692307693,4.808822221022385,5.968762786571796,0.2421875,4.555252552032471,2.8587934970855713,0.25072115384615384,6.816855757053082,1.7565781182179658,0.011604847386479378
1013,shot_noise/s5,0.0,18.289169311523438,0.00017114159709308296,0.15411931818181818,11.460681752725081,0.7093962792304492,0.25,4.52960729598999,4.818401336669922,0.21034564393939395,4.8045916918552285,5.951333067633889,0.25,4.9077277183532715,2.6658685207366943,0.2507102272727273,6.7879295746485395,1.7703552455288556,0.008437022566795349
1014,shot_noise/s5,0.0,18.275861740112305,0.00016786900232546031,0.15181902985074627,11.562400857014442,0.698810780570328,0.1875,4.333392143249512,4.955922603607178,0.2100046641791045,4.797558862771561,5.936476195036476,0.1796875,4.553869247436523,2.700585126876831,0.24965018656716417,6.7545853906603,1.784239273608676,0.01045671384781599
1015,shot_noise/s5,0.0078125,18.14068031311035,0.00016288143524434417,0.14970128676470587,11.659140260780559,0.6885365467595179,0.296875,3.669781446456909,4.322664260864258,0.21128216911764705,4.780973900766933,5.912743666592767,0.296875,3.863121271133423,2.234997272491455,0.2503446691176471,6.7120638594907875,1.7908680677098934,0.00454045319929719
1016,shot_noise/s5,0.0078125,18.11534309387207,0.0001644555595703423,0.14764492753623187,11.752708417781886,0.6785601396406782,0.2421875,4.197900295257568,4.833972930908203,0.21173007246376813,4.7725235586581025,5.897109308104584,0.2421875,4.389145851135254,2.6993274688720703,0.2502264492753623,6.678398381108823,1.8040341459876061,0.006178729236125946
1017,shot_noise/s5,0.0,18.399646759033203,0.00015604562941007316,0.1455357142857143,11.847664679799761,0.6688686525833744,0.2578125,3.956075668334961,4.326891899108887,0.21238839285714287,4.760860017367771,5.874677630833217,0.2578125,4.303042411804199,2.1869056224823,0.25033482142857144,6.644464724404472,1.809503738508959,0.004070868715643883
1018,shot_noise/s5,0.0,18.370454788208008,0.00015749137673992664,0.14348591549295775,11.93953496301678,0.6594501855241259,0.234375,4.258162498474121,4.752870559692383,0.2126980633802817,4.753779770622791,5.858877531239684,0.234375,4.542380332946777,2.542276620864868,0.2501100352112676,6.614857901989574,1.8198244833308732,0.005242963321506977
1019,shot_noise/s5,0.0,18.24574851989746,0.00015904544852674007,0.14149305555555555,12.0271212624179,0.650293364134187,0.28125,3.8149421215057373,4.689200401306152,0.2136501736111111,4.740740358829498,5.842632015546163,0.28125,3.903872489929199,2.506639003753662,0.2505425347222222,6.577205326822069,1.8293635738923006,0.005392423365265131
1020,shot_noise/s5,0.0,18.384449005126953,0.00014932033082004637,0.13955479452054795,12.114207943824873,0.6413872813423601,0.2109375,4.107595920562744,4.415001392364502,0.21361301369863014,4.732067147346392,5.823075431666962,0.2109375,4.4447550773620605,2.4232325553894043,0.25,6.547993679569192,1.8374987654196584,0.004137116018682718
1021,shot_noise/s5,0.0,18.30381202697754,0.0001502802624600008,0.13766891891891891,12.197851242245855,0.632721916462902,0.28125,3.937793254852295,4.4104509353637695,0.21452702702702703,4.721333716366742,5.803985911446649,0.28125,4.217572212219238,2.314168930053711,0.2504222972972973,6.516501497577977,1.8439402541309293,0.003521652426570654
1022,shot_noise/s5,0.0,18.35635757446289,0.00014675280544906855,0.13583333333333333,12.279964660008748,0.6242875809474693,0.25,4.027649879455566,4.318957328796387,0.215,4.71208459854126,5.784185530344645,0.25,4.401308536529541,2.2489137649536133,0.2504166666666667,6.488298924763997,1.8493399009418985,0.003027842380106449
1023,shot_noise/s5,0.0,18.343664169311523,0.00014405333786271513,0.13404605263157895,12.359750179867996,0.6160751661105008,0.171875,4.353068828582764,4.448179721832275,0.21443256578947367,4.707360706831279,5.76660650654843,0.171875,4.812916278839111,2.383200168609619,0.24938322368421054,6.466254416264985,1.8563643781480526,0.0032598020043224096
1024,shot_noise/s5,0.0,18.363140106201172,0.00014349573757499456,0.13230519480519481,12.437716282807388,0.608076053508255,0.296875,3.7263662815093994,4.06174373626709,0.21550324675324675,4.694620519489437,5.7444654316097115,0.296875,4.071721076965332,2.0366592407226562,0.25,6.435156580689665,1.8587058698698007,0.0018977769650518894
1025,shot_noise/s5,0.0078125,18.190475463867188,0.00014072874910198152,0.1307091346153846,12.511469605641487,0.6002820108831377,0.203125,4.2024078369140625,4.346606731414795,0.2153445512820513,4.68831010048206,5.726544166222597,0.203125,4.6503424644470215,2.2735562324523926,0.24939903846153846,6.412274348430144,1.8640244642618853,0.002287866547703743
1026,shot_noise/s5,0.0,18.383132934570312,0.00014452674076892436,0.12905458860759494,12.58579445790641,0.5926853338686773,0.1875,4.73508358001709,3.928441047668457,0.21499208860759494,4.688902169843264,5.703783367253557,0.1875,5.527266502380371,2.2784340381622314,0.24861550632911392,6.401071717467489,1.8692701550707504,0.01571284420788288
1027,snow/s5,0.375,3.312255859375,3.304664373397827,0.375,3.312255859375,3.304664373397827,0.4296875,3.3565561771392822,5.476672172546387,0.4296875,3.3565561771392822,5.476672172546387,0.375,3.7961337566375732,1.160123586654663,0.375,3.7961337566375732,1.160123586654663,0.9121527075767517
1028,snow/s5,0.3984375,2.850228786468506,2.671276330947876,0.38671875,3.081242322921753,2.9879703521728516,0.4375,3.356309175491333,5.549716472625732,0.43359375,3.3564326763153076,5.51319432258606,0.3984375,3.6953814029693604,0.749549150466919,0.38671875,3.745757579803467,0.954836368560791,0.9883816838264465
1029,snow/s5,0.4375,2.9722347259521484,2.169818639755249,0.4036458333333333,3.0449064572652182,2.7152531147003174,0.4375,3.292492389678955,5.508670806884766,0.4348958333333333,3.3351192474365234,5.511686484018962,0.4375,4.12581205368042,0.6473408937454224,0.4036458333333333,3.8724424044291177,0.8523378769556681,0.997281551361084
1030,snow/s5,0.4765625,2.651996612548828,1.923887848854065,0.421875,2.9466789960861206,2.5174117982387543,0.4609375,3.1383581161499023,5.318161964416504,0.44140625,3.285928964614868,5.463305354118347,0.4765625,3.664194345474243,0.6381052732467651,0.421875,3.820380389690399,0.7987797260284424,0.9985388517379761
1031,snow/s5,0.515625,2.3434700965881348,1.5652079582214355,0.440625,2.8260372161865233,2.3269710302352906,0.4921875,2.971590995788574,5.404898643493652,0.4515625,3.223061370849609,5.451624011993408,0.515625,3.3041152954101562,0.5058975219726562,0.440625,3.7171273708343504,0.7402032852172852,0.9994279742240906
1032,snow/s5,0.4453125,2.876457929611206,1.430755853652954,0.44140625,2.8344406684239707,2.1776018341382346,0.4296875,3.300614833831787,5.542601585388184,0.4479166666666667,3.2359869480133057,5.466786940892537,0.4453125,4.276552200317383,0.43698930740356445,0.44140625,3.810364842414856,0.6896676222483317,0.9996819496154785
1033,snow/s5,0.5078125,3.039608955383301,1.2864775657653809,0.45089285714285715,2.8637504237038747,2.050298367227827,0.5,2.8410160541534424,5.09906005859375,0.45535714285714285,3.1795625346047536,5.414254529135568,0.5078125,4.587791442871094,0.4189290404319763,0.45089285714285715,3.9214257853371755,0.6509906819888523,0.9996001124382019
1034,snow/s5,0.4609375,3.132624387741089,1.2592921257019043,0.4521484375,2.8973596692085266,1.9514225870370865,0.4609375,3.1657214164733887,5.4257307052612305,0.4560546875,3.177832394838333,5.415689051151276,0.4609375,4.693027496337891,0.4323093593120575,0.4521484375,4.017875999212265,0.623655516654253,0.9997089505195618
1035,snow/s5,0.5078125,3.0926620960235596,0.9394917488098145,0.4583333333333333,2.9190599388546414,1.8389858272340562,0.4140625,3.0478663444519043,5.134219646453857,0.4513888888888889,3.1633917225731745,5.3844146728515625,0.5078125,4.769885063171387,0.28153079748153687,0.4583333333333333,4.10143256187439,0.5856416589683957,0.9997183680534363
1036,snow/s5,0.421875,3.160703659057617,1.1730115413665771,0.4546875,2.943224310874939,1.7723883986473083,0.4921875,3.100620746612549,5.229361534118652,0.45546875,3.157114624977112,5.3689093589782715,0.421875,4.770005702972412,0.45395615696907043,0.4546875,4.1682898759841915,0.5724731087684631,0.9994342923164368
1037,snow/s5,0.453125,3.44401478767395,0.8539895415306091,0.45454545454545453,2.9887507178566675,1.688897593454881,0.484375,2.7862560749053955,5.122718811035156,0.4580965909090909,3.1234002113342285,5.346528400074352,0.453125,5.285950660705566,0.2660765051841736,0.45454545454545453,4.269895401867953,0.5446188720789823,0.9987602233886719
1038,snow/s5,0.3125,5.0040483474731445,0.6326161026954651,0.4427083333333333,3.1566921869913735,1.6008741358915966,0.5234375,2.95756196975708,4.92329740524292,0.4635416666666667,3.1095803578694663,5.311259150505066,0.3125,7.713563919067383,0.23025289177894592,0.4427083333333333,4.556867778301239,0.5184217070539793,0.9937697052955627
1039,snow/s5,0.1875,6.908413410186768,0.4785318374633789,0.4230769230769231,3.445286127237173,1.5145401129355798,0.453125,3.1853034496307373,5.024790287017822,0.46274038461538464,3.1154052110818715,5.289223084082971,0.1875,10.365528106689453,0.2028237283229828,0.4230769230769231,5.003687803561871,0.4941449394592872,0.9698027968406677
1040,snow/s5,0.1640625,8.016965866088867,0.2090546041727066,0.40457589285714285,3.771834680012294,1.4212911480239458,0.5078125,2.808107614517212,4.79047966003418,0.46595982142857145,3.0934553827558244,5.253598553793771,0.1796875,9.367195129394531,0.1193283200263977,0.4056919642857143,5.3153668982642035,0.46737232378550936,0.7814948558807373
1041,snow/s5,0.046875,10.212635040283203,0.10362393409013748,0.3807291666666667,4.201221370697022,1.3334466670950254,0.453125,3.0407536029815674,4.75584602355957,0.46510416666666665,3.089941930770874,5.220415051778158,0.4140625,2.6461691856384277,2.645033836364746,0.40625,5.137420384089152,0.6125497579574585,0.2624891698360443
1042,snow/s5,0.0078125,11.98521900177002,0.03979604318737984,0.357421875,4.687721222639084,1.2525935031007975,0.5234375,3.0365076065063477,5.140419006347656,0.46875,3.086602285504341,5.215415298938751,0.546875,2.555053472518921,2.687014102935791,0.4150390625,4.976022452116013,0.7422037795186043,0.06831713765859604
1043,snow/s5,0.0625,12.2444429397583,0.07837257534265518,0.3400735294117647,5.132234264822567,1.1835216838209068,0.5078125,2.6083977222442627,4.454792022705078,0.4710477941176471,3.0584726053125717,5.170672753277947,0.5234375,2.295262336730957,2.015249252319336,0.42141544117647056,4.818330680622774,0.817088807330412,0.029867447912693024
1044,snow/s5,0.0078125,13.614352226257324,0.13786011934280396,0.3216145833333333,5.603463040457831,1.1254293746832345,0.4765625,2.856027603149414,4.6222357749938965,0.4713541666666667,3.047225660747952,5.140204032262166,0.46875,2.6329073905944824,1.9996442794799805,0.4240451388888889,4.6969182756212025,0.8827863335609436,0.009825531393289566
1045,snow/s5,0.0,14.500266075134277,0.006185116712003946,0.3046875,6.071715831756592,1.0665217821584327,0.5078125,2.679821252822876,4.57990837097168,0.4732730263157895,3.027888586646632,5.110714786931088,0.5078125,2.348496198654175,2.096806049346924,0.4284539473684211,4.573317113675569,0.9466821080759952,0.004394795745611191
1046,snow/s5,0.0,15.300495147705078,0.002704661339521408,0.289453125,6.533154797554016,1.0133309261174872,0.515625,2.7721028327941895,4.297634124755859,0.475390625,3.01509929895401,5.070060753822327,0.515625,2.636047124862671,1.8558471202850342,0.4328125,4.4764536142349245,0.9921403586864471,0.0020316955633461475
1047,snow/s5,0.0,16.12412452697754,0.0013602813705801964,0.27566964285714285,6.989867641812279,0.9651418477962059,0.484375,2.96509051322937,4.793525695800781,0.4758184523809524,3.0127179282052174,5.056892417726063,0.484375,2.6580193042755127,2.2928647994995117,0.43526785714285715,4.389861504236857,1.0540796177727836,0.0025285256560891867
1048,snow/s5,0.0,16.140899658203125,0.0010222557466477156,0.26313920454545453,7.405823642557317,0.9213182299757715,0.5234375,2.536194324493408,4.3199462890625,0.47798295454545453,2.9910577644001353,5.023394866423174,0.5234375,2.2776265144348145,1.8511680364608765,0.4392755681818182,4.293850822882219,1.0903109095313332,0.0014619819121435285
1049,snow/s5,0.0,16.799413681030273,0.0007000938057899475,0.2516983695652174,7.814240600751794,0.8812913544901201,0.5078125,2.3785881996154785,4.070014953613281,0.47927989130434784,2.964428652887759,4.981943565866222,0.5078125,2.1551759243011475,1.6718175411224365,0.4422554347826087,4.2008649577265205,1.1155938065570334,0.0010186930885538459
1050,snow/s5,0.0,17.344282150268555,0.0005171189550310373,0.2412109375,8.211325665314993,0.8445924280094914,0.484375,2.6708292961120605,4.297731876373291,0.4794921875,2.9521953463554382,4.953434745470683,0.484375,2.4692039489746094,1.8879801034927368,0.4440104166666667,4.12871241569519,1.1477765689293544,0.001060154871083796
1051,snow/s5,0.0,17.5938720703125,0.00041208905167877674,0.2315625,8.586627521514892,0.8108252144511789,0.421875,2.9062891006469727,4.3615827560424805,0.4771875,2.9503590965271,4.929760665893554,0.421875,2.7926318645477295,1.9394445419311523,0.443125,4.075269193649292,1.1794432878494263,0.0012126392684876919
1052,snow/s5,0.0,17.89881706237793,0.0003386863390915096,0.22265625,8.944788657701933,0.7796526556776371,0.5546875,2.249178171157837,3.6420063972473145,0.4801682692307692,2.9233905993975124,4.880231655561007,0.5546875,2.1626222133636475,1.3814250230789185,0.44741586538461536,4.001705848253691,1.1872118161274836,0.0005465663271024823
1053,snow/s5,0.0078125,17.724252700805664,0.0002909031172748655,0.21469907407407407,9.2699539926317,0.7507874055828089,0.4609375,2.6951398849487305,3.9874444007873535,0.47945601851851855,2.914936869232743,4.8471654609397605,0.4609375,2.6363208293914795,1.7195879220962524,0.4479166666666667,3.951136032740275,1.2069294496818825,0.0005470964242704213
1054,snow/s5,0.0,18.192564010620117,0.00025122458464466035,0.20703125,9.588618636131287,0.7239825419757315,0.4296875,2.748436450958252,4.014725208282471,0.47767857142857145,2.9089904257229398,4.817435451916286,0.4296875,2.698805809020996,1.7601662874221802,0.447265625,3.9064099533217296,1.2266879081726074,0.0005792000447399914
1055,snow/s5,0.0078125,18.056961059570312,0.00019529854762367904,0.20016163793103448,9.88063044383608,0.6990243611678658,0.4609375,2.678884267807007,3.972501754760742,0.4771012931034483,2.90105573062239,4.788299807186784,0.4609375,2.620664596557617,1.6873161792755127,0.44773706896551724,3.86207390653676,1.2425716416589145,0.0005923944991081953
1056,snow/s5,0.0234375,17.759727478027344,0.00018269724387209862,0.19427083333333334,10.143267011642456,0.675729639037066,0.5078125,2.4613115787506104,3.765721082687378,0.478125,2.8863975922266643,4.754213849703471,0.5078125,2.384622812271118,1.6025795936584473,0.44973958333333336,3.8128255367279054,1.2545719067255656,0.00043707311851903796
1057,snow/s5,0.0078125,18.145715713500977,0.00014883831318002194,0.18825604838709678,10.401410518154021,0.6539367099814568,0.5390625,2.4626686573028564,3.4687893390655518,0.4800907258064516,2.8727289169065413,4.7127485429087,0.5390625,2.5452427864074707,1.3166810274124146,0.4526209677419355,3.7719357705885366,1.256575426747722,0.00026125108706764877
1058,snow/s5,0.0,18.327489852905273,0.0001382831542287022,0.182373046875,10.649100497364998,0.6335055091431059,0.453125,2.598912239074707,3.5121374130249023,0.479248046875,2.8641721457242966,4.675229445099831,0.453125,2.727449893951416,1.3468066453933716,0.45263671875,3.7392955869436264,1.2593951523303986,0.00021902522712480277
1059,snow/s5,0.0,18.36087989807129,0.00012119309394620359,0.1768465909090909,10.882790782234885,0.614312045020404,0.53125,2.191941022872925,3.566389322280884,0.48082386363636365,2.8438015056378916,4.641628229256832,0.53125,2.088834524154663,1.3977596759796143,0.4550189393939394,3.689281615343961,1.263588016683405,0.00024184907670132816
1060,snow/s5,0.0,18.356063842773438,0.00010837546142283827,0.17164522058823528,11.102592931074255,0.5962472312098458,0.5,2.5847740173339844,3.9800593852996826,0.4813878676470588,2.836183050099541,4.622170322081622,0.5,2.478654623031616,1.6955938339233398,0.4563419117647059,3.65367493909948,1.2762940701316385,0.00041647482430562377
1061,snow/s5,0.0,18.375600814819336,9.919415606418625e-05,0.16674107142857142,11.310393156324114,0.5792144301511664,0.5078125,2.6630733013153076,3.756319284439087,0.48214285714285715,2.8312370572771344,4.597431721006121,0.5078125,2.661151647567749,1.6757466793060303,0.4578125,3.6253171307700023,1.2877070018223353,0.000399174663471058
1062,snow/s5,0.0,18.355409622192383,9.405802848050371e-05,0.162109375,11.506088058153788,0.5631277531477584,0.4609375,2.725466251373291,3.5368494987487793,0.4815538194444444,2.828298979335361,4.567971103721195,0.4609375,2.8538658618927,1.5245561599731445,0.4578993055555556,3.603887928856744,1.2942861451043024,0.0003110826073680073
1063,snow/s5,0.0,18.3502254486084,8.665943460073322e-05,0.15772804054054054,11.691064744382292,0.547910426290646,0.4921875,2.513751745223999,3.4865150451660156,0.48184121621621623,2.8197977027377568,4.538742561598082,0.4921875,2.54453706741333,1.5515269041061401,0.4588260135135135,3.575256824493408,1.3012385980502978,0.0003067611833103001
1064,snow/s5,0.0,18.392135620117188,8.239086309913546e-05,0.15357730263157895,11.867408714796367,0.5334938990425527,0.46875,2.6440675258636475,3.640646457672119,0.48149671052631576,2.8151732243989644,4.51510845360003,0.46875,2.7094125747680664,1.506690502166748,0.4590871710526316,3.552471449500636,1.306645227105994,0.0003152231511194259
1065,snow/s5,0.0,18.417037963867188,7.596360228490084e-05,0.14963942307692307,12.035347926311005,0.5198165160825459,0.4140625,2.7360522747039795,3.4718308448791504,0.4797676282051282,2.813144482099093,4.488357745684111,0.4140625,2.927161693572998,1.4001127481460571,0.4579326923076923,3.536437866015312,1.3090418302095854,0.0002773843880277127
1066,snow/s5,0.0078125,18.273317337036133,7.14805573807098e-05,0.14609375,12.191297161579133,0.5068228901944167,0.4609375,2.747131109237671,3.4196290969848633,0.479296875,2.8114941477775575,4.461639529466629,0.4609375,2.919952392578125,1.5251014232635498,0.4580078125,3.5210257291793825,1.3144433200359344,0.0002444522688165307
1067,snow/s5,0.0,18.39171600341797,6.888101052027196e-05,0.14253048780487804,12.34252688942886,0.49446303631188265,0.3984375,3.154670476913452,3.3578028678894043,0.4773246951219512,2.8198643021467253,4.434716684062306,0.3984375,3.5806655883789062,1.410834789276123,0.4565548780487805,3.5224803598915657,1.316794331480817,0.00019839520973619074
1068,snow/s5,0.0,18.41655921936035,6.714493792969733e-05,0.13913690476190477,12.487146706808181,0.4826917055648837,0.5390625,2.281151056289673,3.2898926734924316,0.47879464285714285,2.807037796292986,4.407458969524929,0.5390625,2.318521022796631,1.273318886756897,0.45851934523809523,3.4938146613893055,1.3157592018445332,0.00016276603855658323
1069,snow/s5,0.0,18.30282211303711,6.528744415845722e-05,0.13590116279069767,12.62239497206932,0.47146783537602965,0.46875,2.679818630218506,3.716712713241577,0.4785610465116279,2.80407921103544,4.391395103099734,0.46875,2.681173086166382,1.7361353635787964,0.45875726744186046,3.4749160201050513,1.325535391652307,0.0002726857492234558
1070,snow/s5,0.0,18.40410614013672,6.013481106492691e-05,0.1328125,12.753797498616306,0.4607540239995532,0.5078125,2.4202098846435547,3.10390567779541,0.4792258522727273,2.7953549081628974,4.362133979797363,0.5078125,2.5467183589935303,1.3710272312164307,0.4598721590909091,3.4538206187161533,1.326569297096946,0.00017186182958539575
1071,snow/s5,0.0,18.386308670043945,6.053749530110508e-05,0.12986111111111112,12.87896441353692,0.4505163909661254,0.5390625,2.144014596939087,2.8904852867126465,0.48055555555555557,2.7808806790245906,4.329430675506591,0.5390625,2.2603390216827393,1.1384596824645996,0.46163194444444444,3.427298805448744,1.3223890834384495,0.00010619661043165252
1072,snow/s5,0.0078125,18.276771545410156,5.757944018114358e-05,0.12720788043478262,12.99630804683851,0.44072380810686573,0.4140625,2.8743715286254883,3.2771286964416504,0.4791100543478261,2.782913088798523,4.306554545526919,0.4140625,3.183993339538574,1.3908605575561523,0.46059782608695654,3.422009556189827,1.323877593745356,0.00012180398334749043
1073,snow/s5,0.0078125,18.234962463378906,5.5088690714910626e-05,0.12466755319148937,13.107768779105328,0.43134787790652207,0.5625,2.2433383464813232,3.070061683654785,0.4808843085106383,2.7714327751321997,4.280246186763682,0.5625,2.3066036701202393,1.3004169464111328,0.4627659574468085,3.3982775160606873,1.3233784310361172,0.00010560998634900898
1074,snow/s5,0.0,18.36258316040039,5.494471770361997e-05,0.1220703125,13.217244078715643,0.4223626084650884,0.5,2.3319592475891113,2.774869680404663,0.4812825520833333,2.7622770766417184,4.248884176214536,0.5,2.5512423515319824,1.175088882446289,0.4635416666666667,3.3806309501330056,1.3202890654404957,7.899643969722092e-05
1075,snow/s5,0.0,18.37725830078125,5.194867117097601e-05,0.11957908163265306,13.322550491410858,0.41374402357133494,0.53125,2.340567111968994,2.913033962249756,0.4823022959183674,2.7536707508320712,4.221621926949949,0.53125,2.5248618125915527,1.2161037921905518,0.4649234693877551,3.3631662738566495,1.3181628353741703,7.450448902091011e-05
1076,snow/s5,0.0,18.38614845275879,5.200197483645752e-05,0.1171875,13.423822450637818,0.40547018313940497,0.5234375,2.218987464904785,3.0389909744262695,0.483125,2.7429770851135253,4.197969307899475,0.5234375,2.2777481079101562,1.3001898527145386,0.46609375,3.3414579105377196,1.3178033757209777,8.502571290591732e-05
1077,snow/s5,0.0,18.398340225219727,5.197327845962718e-05,0.11488970588235294,13.521362014845305,0.3975208064754649,0.4140625,2.959040403366089,2.864434003829956,0.4817708333333333,2.7472136207655367,4.171821556839288,0.4140625,3.459376335144043,1.2327079772949219,0.4650735294117647,3.3437700365103926,1.3161348384969376,8.563133451389149e-05
1078,snow/s5,0.0,18.3729305267334,4.871140481554903e-05,0.11268028846153846,13.614661409304691,0.38987711233949085,0.546875,2.0968093872070312,2.689253330230713,0.48302283653846156,2.7347058470432577,4.143310629404509,0.546875,2.263230323791504,1.0383033752441406,0.46664663461538464,3.322990426650414,1.310791925742076,7.086732512107119e-05
1079,snow/s5,0.0,18.40976905822754,4.944159809383564e-05,0.11055424528301887,13.705135138529652,0.38252187326889847,0.46875,2.6377453804016113,2.78226637840271,0.48275353773584906,2.732876404276434,4.117630549196927,0.46875,2.9977006912231445,1.2227227687835693,0.466686320754717,3.316852884472541,1.3091302435353118,6.212598236743361e-05
1080,snow/s5,0.0,18.41660499572754,4.986722706235014e-05,0.10850694444444445,13.792384580329612,0.37543905834219776,0.390625,3.054234743118286,2.826766014099121,0.4810474537037037,2.7388274846253573,4.093725650398819,0.390625,3.612076759338379,1.246238350868225,0.4652777777777778,3.322319993266353,1.3079655788562916,6.649333226960152e-05
1081,snow/s5,0.0,18.38250732421875,4.844423528993502e-05,0.10653409090909091,13.875841357491232,0.3686137744493449,0.46875,2.539196014404297,2.466093063354492,0.48082386363636365,2.735197821530429,4.0641323306343775,0.46875,2.9973678588867188,0.9835269451141357,0.4653409090909091,3.3164117726412687,1.3020666946064343,4.202728814561851e-05
1082,snow/s5,0.0,18.37858772277832,4.737669587484561e-05,0.10463169642857142,13.956247542585645,0.3620322316323187,0.4765625,2.7119340896606445,2.746985673904419,0.48074776785714285,2.73478239774704,4.040611854621342,0.4765625,3.154348850250244,1.1074082851409912,0.46554129464285715,3.313517791884286,1.2985906515802657,4.626325244316831e-05
1083,snow/s5,0.0,18.380203247070312,4.7290915972553194e-05,0.10279605263157894,14.033860800559061,0.355681618637295,0.4765625,2.6988394260406494,2.795337677001953,0.48067434210526316,2.7341518192960503,4.018764939224511,0.4765625,3.095062017440796,1.177013874053955,0.46573464912280704,3.309685234437909,1.2964577256587513,5.769845665781759e-05
1084,snow/s5,0.0,18.410018920898438,4.701983561972156e-05,0.10102370689655173,14.109311802633878,0.34954998762347306,0.5234375,2.1982016563415527,2.6552209854125977,0.4814116379310345,2.724911299245111,3.9952555607105125,0.5234375,2.404994010925293,1.0874286890029907,0.46672952586206895,3.294087109894588,1.2928537767508934,5.382782546803355e-05
1085,snow/s5,0.0,18.417407989501953,4.610342875821516e-05,0.0993114406779661,14.182330382072319,0.343626192976105,0.53125,2.191256284713745,2.516294002532959,0.4822563559322034,2.7158662989988165,3.9701884156566556,0.53125,2.4309911727905273,1.0653929710388184,0.467823093220339,3.2794583651979092,1.2889985088574685,4.123315375181846e-05
1086,snow/s5,0.0,18.413232803344727,4.664166408474557e-05,0.09765625,14.25284542242686,0.3378998671209047,0.484375,2.368464708328247,2.533757448196411,0.4822916666666667,2.7100762724876404,3.946247899532318,0.484375,2.688004493713379,1.0888335704803467,0.4680989583333333,3.269600800673167,1.2856624265511831,4.1516806959407404e-05
1087,snow/s5,0.0,18.402088165283203,4.486583929974586e-05,0.09605532786885246,14.32086579526057,0.3323612605425177,0.5390625,2.253262758255005,2.540332078933716,0.48322233606557374,2.702587526352679,3.923200099194636,0.5390625,2.5196595191955566,1.0767807960510254,0.4692622950819672,3.2573066813046814,1.2822381375265903,3.71106798411347e-05
1088,snow/s5,0.0,18.41672134399414,4.5411485189106315e-05,0.09450604838709678,14.386927981530466,0.32700132749320593,0.4921875,2.2488479614257812,2.3563718795776367,0.48336693548387094,2.6952691462732132,3.8979286762975875,0.4921875,2.5639922618865967,1.0428977012634277,0.4696320564516129,3.246124190668906,1.2783778079094426,3.014756839547772e-05
1089,snow/s5,0.0,18.319313049316406,4.6443754399660975e-05,0.09300595238095238,14.449346792130243,0.3218115674338598,0.53125,2.085993766784668,2.256932497024536,0.48412698412698413,2.6855981085035534,3.8718811178964283,0.53125,2.3742220401763916,0.9392991065979004,0.47061011904761907,3.2322844739944214,1.2729956063013228,2.5409080990357324e-05
1090,snow/s5,0.0,18.37701416015625,4.421592166181654e-05,0.091552734375,14.51071659475565,0.31678395256648173,0.5859375,2.230445623397827,2.244936466217041,0.4857177734375,2.6784863509237766,3.8464601077139378,0.5859375,2.5919318199157715,0.9446490406990051,0.472412109375,3.2222789637744427,1.2678651912137866,2.239083005406428e-05
1091,snow/s5,0.0,18.417390823364258,4.377494042273611e-05,0.09014423076923077,14.570819275195783,0.31191102675685006,0.4453125,2.8065025806427,2.2272019386291504,0.48509615384615384,2.680455831380991,3.821548443574172,0.4453125,3.4638772010803223,0.9436315298080444,0.4719951923076923,3.2259958597329947,1.2628769810383136,2.0875078917015344e-05
1092,snow/s5,0.0,18.38495445251465,4.4588392484001815e-05,0.08877840909090909,14.628609202124856,0.3071857776907233,0.421875,2.5364603996276855,2.147395133972168,0.48413825757575757,2.6782740824150317,3.796182484337778,0.421875,3.0979464054107666,0.8690640926361084,0.47123579545454547,3.224055716485688,1.2569101190928258,1.8177201127400622e-05
1093,snow/s5,0.0,18.415830612182617,4.3243962863925844e-05,0.08745335820895522,14.685134894812284,0.30260156076941197,0.4765625,2.2227141857147217,2.199191093444824,0.4840251865671642,2.6714746809717433,3.7723467919363904,0.4765625,2.5775692462921143,0.9835767149925232,0.4713152985074627,3.2144066646917544,1.2528305160465525,1.871637323347386e-05
1094,snow/s5,0.0,18.410629272460938,4.424458893481642e-05,0.0861672794117647,14.73992157683653,0.29815218847264024,0.4921875,2.405076265335083,2.243739604949951,0.4841452205882353,2.667557057212381,3.7498672744807076,0.4921875,2.8399980068206787,0.9860895276069641,0.4716222426470588,3.2089006550171795,1.2489078544518526,1.965899355127476e-05
1095,snow/s5,0.0078125,18.22736358642578,4.295205872040242e-05,0.08503170289855072,14.790464214656664,0.29383176475649647,0.4609375,2.443173885345459,2.3981242179870605,0.4838088768115942,2.6643051271853238,3.7302767954010894,0.4609375,2.8250885009765625,1.117103099822998,0.47146739130434784,3.2033381600310835,1.2469976406166519,2.5362502128700726e-05
1096,snow/s5,0.0,18.37782096862793,4.293202800909057e-05,0.08381696428571428,14.841712168284825,0.2896347814318038,0.4765625,2.4260966777801514,2.456998586654663,0.4837053571428571,2.6609021493366787,3.712087106704712,0.4765625,2.804002285003662,1.030151128768921,0.47154017857142855,3.1976333618164063,1.2438998333045415,2.9749671739409678e-05
1097,snow/s5,0.0,18.39434814453125,4.231897401041351e-05,0.08263644366197183,14.89174929471083,0.28555601435493344,0.421875,2.817746162414551,2.439728260040283,0.4828345070422535,2.663111219943409,3.6941665595685933,0.421875,3.3908376693725586,1.068356990814209,0.4708406690140845,3.2003545492467746,1.2414273989032691,3.457495404290967e-05
1098,snow/s5,0.0,18.388368606567383,4.525161784840748e-05,0.08148871527777778,14.94031345181995,0.2815905870946962,0.5546875,2.1628811359405518,2.199793815612793,0.4838324652777778,2.656163579887814,3.673411382569207,0.5546875,2.5092933177948,0.9314789175987244,0.4720052083333333,3.1907564765877194,1.2371225588851504,2.872856020985637e-05
1099,snow/s5,0.0,18.399789810180664,4.31464213761501e-05,0.08037243150684932,14.987703538920782,0.2777337728388973,0.53125,2.420780658721924,2.03299617767334,0.4844820205479452,2.652939156310199,3.65093994140625,0.53125,2.9280035495758057,0.9288831949234009,0.4728167808219178,3.1871571214231724,1.2329001018445787,2.0558170945150778e-05
1100,snow/s5,0.0,18.39767837524414,4.2841660615522414e-05,0.07928631756756757,15.033784279952178,0.2739811926878394,0.53125,2.082247018814087,1.9551849365234375,0.4851140202702703,2.6452271003980896,3.628024333232158,0.53125,2.453141450881958,0.8676344156265259,0.4736064189189189,3.177237990740183,1.227964079057848,1.4933951206330676e-05
1101,snow/s5,0.0,18.39299964904785,4.3262287363177165e-05,0.07822916666666667,15.078573818206786,0.2703286869491664,0.4609375,2.706143856048584,2.3784217834472656,0.4847916666666667,2.6460393238067628,3.6113629659016926,0.4609375,3.21689772605896,1.1446157693862915,0.4734375,3.1777667872111004,1.2268527682622274,2.6450557925272733e-05
1102,snow/s5,0.0078125,18.253767013549805,4.283177986508235e-05,0.07730263157894737,15.120352676040248,0.26677229411799136,0.4453125,2.8160979747772217,2.222139358520508,0.4842722039473684,2.6482769376353215,3.5930837079098352,0.4453125,3.464503765106201,0.9814184904098511,0.4730674342105263,3.181539642183404,1.223623369869433,2.439139279886149e-05
1103,snow/s5,0.0,18.391542434692383,4.279147105989978e-05,0.0762987012987013,15.162835659918848,0.26330827460309614,0.5234375,2.3916120529174805,1.8659870624542236,0.48478084415584416,2.6449436274441807,3.5706538813454762,0.5234375,2.9635024070739746,0.8020725250244141,0.4737215909090909,3.1787079897793857,1.2181486835727444,1.4918207853042986e-05
1104,snow/s5,0.0,18.420475006103516,4.225884913466871e-05,0.07532051282051282,15.204600266921215,0.25993306927291715,0.578125,1.8404967784881592,1.804681420326233,0.4859775641025641,2.6346302063037186,3.5480132087683067,0.578125,2.171886682510376,0.722990870475769,0.47506009615384615,3.165800024301578,1.2118005064817576,1.0781029232020956e-05
1105,snow/s5,0.0,18.420682907104492,4.1763207264011726e-05,0.07436708860759493,15.245310173758977,0.2566433059049975,0.3125,3.263432264328003,3.5940093994140625,0.4837816455696203,2.642589726025545,3.5485954390296452,0.3125,3.580538511276245,1.7193048000335693,0.4730023734177215,3.17104987856708,1.218224611463426,0.0008579321438446641
1106,zoom_blur/s5,0.3515625,3.484675407409668,3.3461947441101074,0.3515625,3.484675407409668,3.3461947441101074,0.453125,3.695124626159668,5.640783309936523,0.453125,3.695124626159668,5.640783309936523,0.3671875,4.194520950317383,1.1659743785858154,0.3671875,4.194520950317383,1.1659743785858154,0.9433677196502686
1107,zoom_blur/s5,0.3984375,3.069207191467285,2.8694629669189453,0.375,3.2769412994384766,3.1078288555145264,0.3984375,3.589414596557617,5.7544145584106445,0.42578125,3.6422696113586426,5.697598934173584,0.3984375,3.9897167682647705,0.8254764080047607,0.3828125,4.092118859291077,0.9957253932952881,0.993541955947876
1108,zoom_blur/s5,0.390625,3.2876386642456055,2.4808597564697266,0.3802083333333333,3.2805070877075195,2.8988391558329263,0.3671875,3.9243171215057373,5.923099517822266,0.40625,3.736285448074341,5.7727657953898115,0.390625,4.500361442565918,0.7940815091133118,0.3854166666666667,4.22819972038269,0.9285107652346293,0.9990224838256836
1109,zoom_blur/s5,0.4296875,2.87276291847229,2.157439708709717,0.392578125,3.178571045398712,2.713489294052124,0.40625,3.6873831748962402,5.609522819519043,0.40625,3.7240598797798157,5.731955051422119,0.4296875,3.933393955230713,0.7005587816238403,0.396484375,4.154498279094696,0.8715227693319321,0.9994319081306458
1110,zoom_blur/s5,0.46875,2.6538500785827637,1.8008112907409668,0.4078125,3.0736268520355225,2.5309536933898924,0.4375,3.5395166873931885,5.6418375968933105,0.4125,3.68715124130249,5.713931560516357,0.46875,3.7496531009674072,0.5342548489570618,0.4109375,4.073529243469238,0.804069185256958,0.9997636675834656
1111,zoom_blur/s5,0.4609375,2.760915994644165,1.604820728302002,0.4166666666666667,3.0215083758036294,2.3765981992085776,0.4375,3.3689236640930176,5.509918212890625,0.4166666666666667,3.634113311767578,5.679929335912068,0.4609375,4.007551670074463,0.512399435043335,0.4192708333333333,4.062532981236775,0.7554575602213541,0.9998155236244202
1112,zoom_blur/s5,0.5390625,2.2936904430389404,1.5150086879730225,0.4341517857142857,2.917534385408674,2.253513983317784,0.3828125,3.5356717109680176,5.639749526977539,0.41183035714285715,3.6200502259390697,5.674189363207136,0.5390625,3.2272980213165283,0.5175821781158447,0.43638392857142855,3.943213701248169,0.72147536277771,0.9998912811279297
1113,zoom_blur/s5,0.4609375,2.8124608993530273,1.3771851062774658,0.4375,2.904400199651718,2.143972873687744,0.390625,3.4878337383270264,5.722684383392334,0.4091796875,3.603523164987564,5.680251240730286,0.4609375,4.148723125457764,0.501481831073761,0.439453125,3.9689023792743683,0.6939761713147163,0.999936580657959
1114,zoom_blur/s5,0.515625,2.5845627784729004,1.4123928546905518,0.4461805555555556,2.8688627084096274,2.0626862049102783,0.4765625,3.262843608856201,5.516350269317627,0.4166666666666667,3.565669880972968,5.662040021684435,0.515625,3.691486358642578,0.5360153913497925,0.4479166666666667,3.938078376981947,0.6764249735408359,0.9999262094497681
1115,zoom_blur/s5,0.5546875,2.498227119445801,1.1823585033416748,0.45703125,2.8317991495132446,1.974653434753418,0.40625,3.3173255920410156,5.48747444152832,0.415625,3.540835452079773,5.644583463668823,0.5546875,3.6824734210968018,0.4278329610824585,0.45859375,3.9125178813934327,0.6515657722949981,0.9999347925186157
1116,zoom_blur/s5,0.5859375,2.3479931354522705,1.1258461475372314,0.46875,2.787816784598611,1.8974891359155828,0.421875,3.394538402557373,5.578486442565918,0.4161931818181818,3.5275357203050093,5.6385746435685595,0.5859375,3.4700613021850586,0.4188883900642395,0.47017045454545453,3.872294556010853,0.6304132830012928,0.9999470710754395
1117,zoom_blur/s5,0.5546875,2.3432140350341797,1.1342014074325562,0.4759114583333333,2.7507665554682412,1.833881825208664,0.46875,3.3751513957977295,5.552552223205566,0.4205729166666667,3.5148370265960693,5.63140610853831,0.5546875,3.4500021934509277,0.4209687113761902,0.4772135416666667,3.837103525797526,0.612959568699201,0.9999581575393677
1118,zoom_blur/s5,0.359375,3.752051591873169,1.3481793403625488,0.46694711538461536,2.8277884813455434,1.7965200956051166,0.3515625,3.7900588512420654,5.587423324584961,0.4152644230769231,3.5360079361842227,5.628022817464975,0.359375,5.723208427429199,0.5141754746437073,0.46814903846153844,3.9821885182307315,0.6053607922333938,0.999923825263977
1119,zoom_blur/s5,0.5234375,2.673084020614624,1.1149665117263794,0.47098214285714285,2.8167381627219066,1.7478376967566354,0.4765625,3.163231134414673,5.324765205383301,0.41964285714285715,3.509381021772112,5.606361559459141,0.5234375,3.95514178276062,0.4016069173812866,0.4720982142857143,3.980256608554295,0.5908069440296718,0.9999223947525024
1120,zoom_blur/s5,0.484375,2.8985440731048584,1.06516695022583,0.471875,2.8221918900807696,1.7023263136545816,0.359375,3.6002776622772217,5.492861747741699,0.415625,3.515440797805786,5.598794905344645,0.484375,4.320706844329834,0.41552987694740295,0.47291666666666665,4.002953290939331,0.5791218062241872,0.9999319314956665
1121,zoom_blur/s5,0.484375,3.2289953231811523,1.1308767795562744,0.47265625,2.8476171046495438,1.6666107177734375,0.3671875,3.6474227905273438,5.568382740020752,0.41259765625,3.5236896723508835,5.596894145011902,0.484375,4.8068461418151855,0.4345107972621918,0.4736328125,4.053196594119072,0.5700836181640625,0.9999467134475708
1122,zoom_blur/s5,0.5546875,2.6560959815979004,0.8061784505844116,0.4774816176470588,2.836351156234741,1.6159970549976124,0.4921875,3.114607810974121,5.190423965454102,0.4172794117647059,3.499626033446368,5.572984134449678,0.5546875,4.064914226531982,0.30970636010169983,0.47840073529411764,4.053885866613949,0.5547673088662765,0.9999456405639648
1123,zoom_blur/s5,0.46875,3.4014170169830322,0.9020142555236816,0.4769965277777778,2.8677437040540905,1.5763313439157274,0.375,3.4553639888763428,5.340137481689453,0.4149305555555556,3.4971670309702554,5.560048209296332,0.46875,5.150503158569336,0.35237056016921997,0.4778645833333333,4.1148090495003595,0.5435230450497733,0.9999313354492188
1124,zoom_blur/s5,0.515625,2.8148105144500732,0.8732478022575378,0.4790296052631579,2.864957746706511,1.539326946986349,0.4296875,3.218656063079834,5.263738632202148,0.41570723684210525,3.482508558976023,5.544452968396638,0.515625,4.30787467956543,0.322806179523468,0.4798519736842105,4.124970398451152,0.5319063679168099,0.9999428987503052
1125,zoom_blur/s5,0.5,3.0613832473754883,0.7611250877380371,0.480078125,2.87477902173996,1.5004168540239333,0.4296875,3.311769962310791,5.361683368682861,0.41640625,3.473971629142761,5.5353144884109495,0.5,4.672605991363525,0.310468465089798,0.480859375,4.152352178096772,0.5208344727754592,0.9999502897262573
1126,zoom_blur/s5,0.5078125,2.9452779293060303,0.8929560780525208,0.48139880952380953,2.8781361125764393,1.4714901504062472,0.390625,3.139078140258789,5.104523658752441,0.41517857142857145,3.4580243201482865,5.514800639379592,0.5078125,4.361947536468506,0.3692355751991272,0.48214285714285715,4.162332909447806,0.5136154776527768,0.9999034404754639
1127,zoom_blur/s5,0.59375,2.4007883071899414,0.7630005478858948,0.4865056818181818,2.856438485058871,1.439286077564413,0.53125,2.9469878673553467,5.121307373046875,0.42045454545454547,3.43479539047588,5.496914581819014,0.59375,3.512206792831421,0.32239994406700134,0.4872159090909091,4.13278172232888,0.504923862489787,0.9999085664749146
1128,zoom_blur/s5,0.4765625,2.6546530723571777,0.7804877758026123,0.4860733695652174,2.847665206245754,1.4106426731399868,0.4453125,2.869666576385498,4.994824409484863,0.42153532608695654,3.41022457247195,5.475084574326225,0.4765625,4.026496887207031,0.33620938658714294,0.4867527173913043,4.128160642540974,0.4975884504940199,0.9997791647911072
1129,zoom_blur/s5,0.5234375,2.9845645427703857,0.7113959193229675,0.4876302083333333,2.853369345267614,1.3815073917309444,0.4375,3.09403920173645,5.077289581298828,0.4222005208333333,3.3970501820246377,5.458509782950084,0.5234375,4.521823406219482,0.2845422625541687,0.48828125,4.144563257694244,0.48871152599652606,0.9998728036880493
1130,zoom_blur/s5,0.4765625,3.408724546432495,0.7377597689628601,0.4871875,2.875583553314209,1.355757486820221,0.3359375,3.4397857189178467,5.193531513214111,0.41875,3.398759603500366,5.447910652160645,0.4765625,5.120150566101074,0.30055564641952515,0.4878125,4.183586750030518,0.481185290813446,0.9998444318771362
1131,zoom_blur/s5,0.4375,4.225119590759277,0.6701981425285339,0.4852764423076923,2.927488785523635,1.329389819732079,0.453125,2.922299861907959,4.70771598815918,0.42007211538461536,3.3804342288237352,5.419441626622127,0.4375,5.971229076385498,0.3142581582069397,0.48587740384615385,4.252342224121094,0.4747650164824266,0.9994906187057495
1132,zoom_blur/s5,0.4140625,4.6603827476501465,0.6297875642776489,0.4826388888888889,2.991670043380172,1.3034786250856187,0.4453125,2.94452166557312,4.686240196228027,0.4210069444444444,3.364289319073712,5.3922860180890115,0.4140625,6.8797383308410645,0.23471224308013916,0.4832175925925926,4.349653191036648,0.4658741730230826,0.9990390539169312
1133,zoom_blur/s5,0.375,4.67388916015625,0.7349158525466919,0.47879464285714285,3.0517492975507463,1.2831728117806571,0.4375,3.1511459350585938,4.919030666351318,0.42159598214285715,3.3566770553588867,5.3753840412412375,0.375,6.559493541717529,0.31587231159210205,0.47935267857142855,4.428576060703823,0.4605169636862619,0.9986072182655334
1134,zoom_blur/s5,0.46875,4.047171592712402,0.5573554635047913,0.47844827586206895,3.0860742042804588,1.2581446273573513,0.4921875,2.6569156646728516,4.640909194946289,0.4240301724137931,3.332547352231782,5.35005732240348,0.46875,5.760967254638672,0.22897915542125702,0.47898706896551724,4.474520584632611,0.4525329013322962,0.9981732368469238
1135,zoom_blur/s5,0.40625,4.769893169403076,0.670778751373291,0.47604166666666664,3.1422015031178794,1.2385657648245494,0.4453125,2.7047722339630127,4.5821404457092285,0.42473958333333334,3.3116215149561565,5.324460093180338,0.40625,6.860541343688965,0.28819769620895386,0.4765625,4.5540546099344885,0.4470550611615181,0.9965206384658813
1136,zoom_blur/s5,0.3515625,5.362292766571045,0.4970349669456482,0.4720262096774194,3.2138173503260457,1.214645416505875,0.5859375,2.748641014099121,4.662247657775879,0.42993951612903225,3.2934608536381877,5.303098401715679,0.3515625,7.622062683105469,0.23578593134880066,0.4725302419354839,4.653022612294843,0.44023992794175304,0.9957210421562195
1137,zoom_blur/s5,0.375,6.574710845947266,0.39948105812072754,0.468994140625,3.318845272064209,1.1891715303063393,0.4609375,2.8111588954925537,4.462848663330078,0.430908203125,3.2783889174461365,5.2768405973911285,0.375,8.858216285705566,0.18954400718212128,0.469482421875,4.784434914588928,0.4324056804180145,0.9869149327278137
1138,zoom_blur/s5,0.3203125,6.1593756675720215,0.4158051609992981,0.46448863636363635,3.404921950715961,1.1657361857818835,0.46875,2.664147138595581,4.570207595825195,0.43205492424242425,3.2597755302082407,5.255427476131555,0.3203125,8.540666580200195,0.19569773972034454,0.4649621212121212,4.898260116577148,0.42523271251808514,0.975825846195221
1139,zoom_blur/s5,0.1796875,8.17514705657959,0.30821120738983154,0.4561121323529412,3.545222689123715,1.1405148628879995,0.4140625,3.0772573947906494,4.559374809265137,0.43152573529411764,3.254407349754782,5.234955338870778,0.1953125,10.201537132263184,0.16190262138843536,0.45703125,5.05423885233262,0.4174877098378013,0.9047174453735352
1140,zoom_blur/s5,0.109375,11.263358116149902,0.17376288771629333,0.44620535714285714,3.7657408441816056,1.1128933778830936,0.3125,3.2162957191467285,4.650767803192139,0.428125,3.2533184460231235,5.218264266422817,0.1640625,9.483932495117188,0.17631477117538452,0.4486607142857143,5.18080152784075,0.41059705444744654,0.6100042462348938
1141,zoom_blur/s5,0.09375,11.406723022460938,0.1227567046880722,0.4364149305555556,3.9779903491338096,1.0853895814054542,0.4609375,2.833658218383789,4.439785957336426,0.4290364583333333,3.2416612174775867,5.1966398689481945,0.4453125,2.6493704319000244,2.1985840797424316,0.4485677083333333,5.110483997397953,0.46026336070564056,0.2447073757648468
1142,zoom_blur/s5,0.03125,13.604002952575684,0.032573699951171875,0.42546452702702703,4.238152851929536,1.056935098122906,0.484375,2.6708970069885254,4.250729560852051,0.43053209459459457,3.226235157734639,5.171074725486137,0.46875,2.458909034729004,1.942199468612671,0.44911317567567566,5.038819809217711,0.5003156879463712,0.03716433793306351
1143,zoom_blur/s5,0.0,14.722221374511719,0.024854736402630806,0.41426809210526316,4.514049391997488,1.0297750886039514,0.375,3.1116549968719482,4.519221305847168,0.4290707236842105,3.2232198903435156,5.153920688127217,0.375,2.9779610633850098,2.154750347137451,0.4471628289473684,4.984586684327376,0.54385344213561,0.010925618931651115
1144,zoom_blur/s5,0.0,15.912186622619629,0.005582943558692932,0.4036458333333333,4.8063093209878,1.003513751551509,0.390625,2.889126777648926,4.35656213760376,0.4280849358974359,3.2146534002744236,5.133475597088154,0.390625,2.745659112930298,1.994508147239685,0.445713141025641,4.927178285060784,0.5810497166254581,0.00468283798545599
1145,zoom_blur/s5,0.0,16.463436126708984,0.002301238477230072,0.3935546875,5.097737491130829,0.9784834387246519,0.4453125,2.7806777954101562,4.223473072052002,0.428515625,3.2038040101528167,5.11072553396225,0.4453125,2.642308473587036,1.913075566291809,0.445703125,4.870056539773941,0.614350362867117,0.0024710993748158216
1146,zoom_blur/s5,0.0078125,16.6160945892334,0.006010511890053749,0.38414634146341464,5.37867303010894,0.9547645868506374,0.3671875,3.1509287357330322,4.354852676391602,0.4270198170731707,3.20251436931331,5.092289610606868,0.3671875,3.106468439102173,2.1295483112335205,0.44378810975609756,4.8270421958551175,0.6513064103882488,0.0022207258734852076
1147,zoom_blur/s5,0.0,17.02260971069336,0.0007965281256474555,0.375,5.655909617741902,0.9320510616428995,0.453125,2.5504231452941895,3.780251979827881,0.42764136904761907,3.1869883877890453,5.061050619397845,0.453125,2.493875026702881,1.6417598724365234,0.4440104166666667,4.771490596589588,0.6748886356751124,0.0009549850365146995
1148,zoom_blur/s5,0.0,17.492387771606445,0.0007588087464682758,0.36627906976744184,5.931176551552706,0.910393102273215,0.4609375,2.88409161567688,4.184759140014648,0.4284156976744186,3.1799442768096924,5.040671747784282,0.4609375,2.8080103397369385,1.916917085647583,0.44440406976744184,4.725828265034875,0.7037730182326117,0.0011299611069262028
1149,zoom_blur/s5,0.0,17.509490966796875,0.000563905225135386,0.35795454545454547,6.194320060990074,0.8897151659766678,0.4921875,2.5928406715393066,3.7746143341064453,0.4298650568181818,3.166601013053547,5.01189771565524,0.4921875,2.5946006774902344,1.5290368795394897,0.4454900568181818,4.677391274408861,0.7225290150804953,0.0006429933710023761
1150,zoom_blur/s5,0.0078125,17.71910858154297,0.00047502171946689487,0.3501736111111111,6.450426472557916,0.8699542738820634,0.4765625,2.4469218254089355,3.6651082038879395,0.4309027777777778,3.1506081422170005,4.981969059838189,0.4765625,2.3961257934570312,1.5509836673736572,0.4461805555555556,4.626696485943264,0.7409391184647878,0.00049142527859658
1151,zoom_blur/s5,0.0,17.820955276489258,0.0005021677352488041,0.34256114130434784,6.697611881339031,0.8510531411397413,0.4140625,2.9450924396514893,4.0763373374938965,0.4305366847826087,3.1461404095525327,4.9622814137002695,0.4140625,2.921102523803711,1.9377155303955078,0.44548233695652173,4.589618356331535,0.7669559969850208,0.0006584878428839147
1152,zoom_blur/s5,0.0,17.997133255004883,0.0004020901978947222,0.33527260638297873,6.938027229714901,0.8329541826090636,0.46875,2.5935490131378174,3.8800225257873535,0.43134973404255317,3.134383145799028,4.939254628851058,0.46875,2.509655475616455,1.7200486660003662,0.44597739361702127,4.545363826954619,0.7872345644108792,0.0006018700660206378
1153,zoom_blur/s5,0.0078125,17.734792709350586,0.0004421674821060151,0.3284505208333333,7.162959843873978,0.8156101822939187,0.4609375,2.5218989849090576,3.867213249206543,0.4319661458333333,3.1216230591138205,4.916920433441798,0.4609375,2.4263195991516113,1.6326758861541748,0.4462890625,4.501217072208722,0.8048479252805313,0.0006064798799343407
1154,zoom_blur/s5,0.0,18.001232147216797,0.00031988174305297434,0.32174744897959184,7.384149074554443,0.7989716047316562,0.5078125,2.6165060997009277,3.8502511978149414,0.4335140306122449,3.111314549738047,4.895151673531045,0.5078125,2.555691719055176,1.6964490413665771,0.44754464285714285,4.461512473164772,0.8230438664251444,0.0005863234400749207
1155,zoom_blur/s5,0.0,17.941959381103516,0.0003119145694654435,0.3153125,7.595305280685425,0.7829984109284124,0.453125,2.818582534790039,3.9758119583129883,0.43390625,3.105459909439087,4.876764879226685,0.453125,2.781994581222534,1.8394131660461426,0.44765625,4.427922115325928,0.8433712524175644,0.0006280838861130178
1156,zoom_blur/s5,0.0,18.032733917236328,0.00029669993091374636,0.3091299019607843,7.799960744147207,0.7676513185559124,0.3125,3.4641213417053223,3.8315043449401855,0.43152573529411764,3.1124924865423464,4.856269574632831,0.3125,3.871670722961426,1.591875672340393,0.4450061274509804,4.417015225279565,0.8580478096709532,0.0005760928615927696
1157,zoom_blur/s5,0.0,18.074636459350586,0.00030486492323689163,0.30318509615384615,7.9975506617472725,0.7528946559860532,0.4921875,2.286391258239746,3.4212894439697266,0.4326923076923077,3.0966059244596043,4.828673802889311,0.4921875,2.265911340713501,1.3959267139434814,0.44591346153846156,4.375647842884064,0.8683916347531172,0.0003679682267829776
1158,zoom_blur/s5,0.0,18.11471939086914,0.00026260310551151633,0.2974646226415094,8.188440637768439,0.7386940512147222,0.4453125,2.673786163330078,3.4270472526550293,0.4329304245283019,3.0886281931175374,4.802228018922626,0.4453125,2.8614397048950195,1.3472530841827393,0.4459021226415094,4.3470778780163455,0.8774267564404685,0.00026500760577619076
1159,zoom_blur/s5,0.0,18.131898880004883,0.00026813536533154547,0.29195601851851855,8.37257875336541,0.7250194972175114,0.4765625,2.8876585960388184,3.6769161224365234,0.43373842592592593,3.0849065339123762,4.781388909728439,0.4765625,3.0434324741363525,1.5883455276489258,0.4464699074074074,4.322936296463013,0.8905919188702548,0.0003330132458359003
1160,zoom_blur/s5,0.0,18.179731369018555,0.000264321657596156,0.28664772727272725,8.550890619104559,0.7118421303891492,0.5,2.4406700134277344,3.620798349380493,0.4349431818181818,3.073193142630837,4.760287263176658,0.5,2.377964496612549,1.6008219718933105,0.4474431818181818,4.287573172829368,0.9035051925615831,0.00034809086355380714
1161,zoom_blur/s5,0.0,18.090478897094727,0.00032960352837108076,0.28152901785714285,8.721240409782954,0.6991365495523496,0.4296875,2.638587713241577,3.354764223098755,0.43484933035714285,3.0654323313917433,4.735188637460981,0.4296875,2.7987208366394043,1.4353628158569336,0.44712611607142855,4.260986523968833,0.9130026501204286,0.00027028581826016307
1162,zoom_blur/s5,0.0,18.150259017944336,0.0002790513099171221,0.27658991228070173,8.886661788873505,0.6868758916884473,0.3515625,3.136378765106201,3.6342616081237793,0.43338815789473684,3.0666770056674353,4.715874128174364,0.3515625,3.4172732830047607,1.6346030235290527,0.4454495614035088,4.246184537285252,0.9256623057942641,0.0003377359244041145
1163,zoom_blur/s5,0.0,18.0936336517334,0.0002922017883975059,0.2718211206896552,9.045402683060745,0.6750382418625843,0.5078125,2.23553729057312,3.4210989475250244,0.4346713362068966,3.0523470105796027,4.693550418163168,0.5078125,2.158085346221924,1.4664877653121948,0.4465247844827586,4.210182827094505,0.9349868826825043,0.00029356812592595816
1164,zoom_blur/s5,0.0,18.03544044494629,0.0003369170590303838,0.2672139830508475,9.197776204448635,0.6636026261879479,0.515625,2.3702001571655273,3.2212514877319336,0.4360434322033898,3.0407851995047874,4.668596199003317,0.515625,2.440732479095459,1.3654810190200806,0.4476959745762712,4.180192143230115,0.9422833934678869,0.00020604001474566758
1165,zoom_blur/s5,0.0,18.078067779541016,0.0003492793475743383,0.26276041666666666,9.345781064033508,0.6525484037406083,0.4921875,2.2554373741149902,3.194610118865967,0.43697916666666664,3.027696069081624,4.644029764334361,0.4921875,2.2565958499908447,1.4418386220932007,0.4484375,4.1481322050094604,0.9506093139449755,0.0001799674064386636
1166,zoom_blur/s5,0.0,17.97321891784668,0.0007341381860896945,0.258452868852459,9.487214471473068,0.6418629239774195,0.4921875,2.623627185821533,3.3508543968200684,0.4378842213114754,3.0210719890281803,4.622830168145602,0.4921875,2.758370876312256,1.4658726453781128,0.4491547131147541,4.125349232407867,0.9590562538045352,0.00019795625121332705
1167,zoom_blur/s5,0.0,17.96955680847168,0.0003223315579816699,0.2542842741935484,9.624026444650465,0.6315154950674285,0.4375,2.6145670413970947,2.9473390579223633,0.4378780241935484,3.0145154576147757,4.595806117980711,0.4375,2.9112210273742676,1.2647069692611694,0.44896673387096775,4.105766519423454,0.9639861040538357,0.0001321395975537598
1168,zoom_blur/s5,0.0,18.02582359313965,0.00033401415566913784,0.25024801587301587,9.757388304150293,0.6214967414021625,0.5390625,2.1849875450134277,2.9467432498931885,0.439484126984127,3.0013483478909446,4.569630516899957,0.5390625,2.2737209796905518,1.228647232055664,0.4503968253968254,4.0766864314911855,0.9681870743395791,0.00011315547453705221
1169,zoom_blur/s5,0.0,17.93556785583496,0.0003721693065017462,0.246337890625,9.885172359645367,0.6117916699631678,0.4609375,2.505004644393921,3.2513279914855957,0.4398193359375,2.9935929775238037,4.549032039940357,0.4609375,2.599595069885254,1.492302417755127,0.4505615234375,4.053606878966093,0.976376376580447,0.0001398300810251385
1170,zoom_blur/s5,0.0,18.015277862548828,0.0003365253796800971,0.24254807692307692,10.01025090584388,0.6023846677388065,0.46875,2.626049280166626,3.1315572261810303,0.4402644230769231,2.987938459102924,4.527224735113291,0.46875,2.8405752182006836,1.4093708992004395,0.45084134615384613,4.034944853415856,0.9830378307746007,0.00013422712800092995
1171,zoom_blur/s5,0.0,17.926860809326172,0.00028679531533271074,0.23887310606060605,10.130199540745128,0.5932619727020871,0.4609375,2.4888811111450195,2.815586566925049,0.4405776515151515,2.9803769841338648,4.501290823474075,0.4609375,2.7794833183288574,1.1808217763900757,0.4509943181818182,4.015922708944841,0.98603455722332,9.319106175098568e-05
1172,zoom_blur/s5,0.0,18.01356315612793,0.0003298889787402004,0.2353078358208955,10.247861684258304,0.5844122401092013,0.5,2.2461977005004883,3.0153682231903076,0.441464552238806,2.969419084378143,4.479112874216108,0.5,2.3145267963409424,1.3474665880203247,0.4517257462686567,3.9905287401000065,0.9914290651456633,0.00010831250983756036
1173,zoom_blur/s5,0.0,18.01154136657715,0.00027781727840192616,0.23184742647058823,10.362033444292406,0.5758220280087485,0.515625,2.491107225418091,2.955395221710205,0.44255514705882354,2.96238508645226,4.456705261679256,0.515625,2.7074947357177734,1.3209788799285889,0.45266544117647056,3.9716605929767383,0.9962753859512946,9.970882092602551e-05
1174,zoom_blur/s5,0.0,18.177757263183594,0.00028998241759836674,0.2284873188405797,10.47530480398648,0.5674809838697463,0.453125,2.560072183609009,2.9596188068389893,0.4427083333333333,2.956554464671923,4.4350083565366445,0.453125,2.798220634460449,1.3405710458755493,0.4526721014492754,3.9546542167663574,1.00126517812411,0.00010871564882108942
1175,zoom_blur/s5,0.0,18.08047866821289,0.0002595878322608769,0.2252232142857143,10.583950144904,0.5593778210692107,0.4296875,2.6485209465026855,2.8108386993408203,0.44252232142857145,2.952153985840934,4.411805932862418,0.4296875,3.0151336193084717,1.1824145317077637,0.45234375,3.9412324939455305,1.0038530260324479,9.102094190893695e-05
1176,zoom_blur/s5,0.0,18.226911544799805,0.00022263650316745043,0.22205105633802816,10.691597488564504,0.5515023959344778,0.484375,2.4508602619171143,2.9646663665771484,0.4431117957746479,2.945093510856091,4.39142368544995,0.484375,2.6469619274139404,1.3129838705062866,0.4527948943661972,3.923003331036635,1.0082069815884174,0.00010465898230904713
1177,zoom_blur/s5,0.0,18.21358299255371,0.0002235019492218271,0.2189670138888889,10.796069509453243,0.5438457446291269,0.5625,2.2231926918029785,2.5097496509552,0.4447699652777778,2.9350671105914645,4.365289323859745,0.5625,2.4825336933135986,1.0574331283569336,0.4543185763888889,3.9029968082904816,1.0088906780713134,6.459731957875192e-05
1178,zoom_blur/s5,0.0,18.2598819732666,0.0001973595208255574,0.21596746575342465,10.898313515806851,0.5363985064769585,0.4609375,2.631535768508911,2.6971325874328613,0.4449914383561644,2.9309091470012927,4.342437861716911,0.4609375,2.998357057571411,1.2429152727127075,0.4544092465753425,3.8906044829381656,1.012096494436264,6.791983469156548e-05
1179,zoom_blur/s5,0.0,18.127674102783203,0.00023245144984684885,0.21304898648648649,10.996007577793018,0.5291530192468624,0.5234375,2.1691815853118896,2.8144683837890625,0.4460515202702703,2.9206155313027873,4.321789625528696,0.5234375,2.2647433280944824,1.2803484201431274,0.4553420608108108,3.868633386251089,1.0157215204593297,7.429334800690413e-05
1180,zoom_blur/s5,0.0,18.21875762939453,0.0002655527205206454,0.21020833333333333,11.092310911814371,0.5221011863598445,0.484375,2.591075897216797,2.5410590171813965,0.4465625,2.916221669514974,4.298046550750732,0.484375,3.016629934310913,1.0977139472961426,0.4557291666666667,3.8572733402252197,1.0168147528171538,5.1824652473442256e-05
1181,zoom_blur/s5,0.0,18.233922958374023,0.0001940772053785622,0.20744243421052633,11.186279491374368,0.5152339875551805,0.40625,2.724231004714966,2.5130910873413086,0.4460320723684211,2.9136954765570793,4.27456029465324,0.40625,3.2303898334503174,1.0932711362838745,0.455078125,3.849024873030813,1.0178207578627687,4.9750673497328535e-05
1182,zoom_blur/s5,0.0,18.10981559753418,0.0004521829541772604,0.2047483766233766,11.276195544701118,0.5085485095733493,0.46875,2.3965468406677246,2.3862144947052,0.44632711038961037,2.906979260506568,4.250036323225343,0.46875,2.7999796867370605,0.9647103548049927,0.4552556818181818,3.835400909572453,1.0171310123685118,4.055205135955475e-05
1183,zoom_blur/s5,0.0,18.27246856689453,0.0001928964047692716,0.20212339743589744,11.365891352677957,0.5020311299173418,0.4609375,2.1626691818237305,2.37882661819458,0.4465144230769231,2.8974368236003776,4.226046455212129,0.4609375,2.4268271923065186,1.0474079847335815,0.45532852564102566,3.8173422721716075,1.0175191786808846,3.524633575580083e-05
1184,zoom_blur/s5,0.0,18.072660446166992,0.0001509189751232043,0.19956487341772153,11.450787163987945,0.49567821585478206,0.5,2.1015641689300537,2.976201057434082,0.44719145569620256,2.8873624861994878,4.210225627392153,0.5,2.1216392517089844,1.2864339351654053,0.45589398734177217,3.795877676975878,1.0209231629401823,0.0006790671613998711
