global_idx,corruption,n,model_acc,model_nll,model_ent,model_acc_run,model_nll_run,model_ent_run
0,brightness/s5,64,0.75,1.5540491342544556,3.8087127208709717,0.75,1.5540491342544556,3.8087127208709717
1,brightness/s5,64,0.765625,1.622948408126831,3.735301971435547,0.7578125,1.5884987711906433,3.7720073461532593
2,brightness/s5,64,0.671875,1.8099244832992554,3.5364015102386475,0.7291666666666666,1.662307341893514,3.693472067515055
3,brightness/s5,64,0.75,1.4338762760162354,3.796175956726074,0.734375,1.6051995754241943,3.71914803981781
4,brightness/s5,64,0.65625,1.8004415035247803,3.762308359146118,0.71875,1.6442479610443115,3.7277801036834717
5,brightness/s5,64,0.75,1.5014680624008179,3.7680721282958984,0.7239583333333334,1.620451311270396,3.734495441118876
6,brightness/s5,64,0.765625,1.4428542852401733,3.341156005859375,0.7299107142857143,1.5950803075517928,3.6783040932246616
7,brightness/s5,64,0.765625,1.3013540506362915,3.474684476852417,0.734375,1.558364525437355,3.652851641178131
8,brightness/s5,64,0.71875,1.5147855281829834,3.66654634475708,0.7326388888888888,1.5535224146313138,3.6543732749091253
9,brightness/s5,64,0.71875,1.7882763147354126,3.667642593383789,0.73125,1.5769978046417237,3.655700206756592
10,brightness/s5,64,0.734375,1.35512375831604,3.173884391784668,0.7315340909090909,1.5568274367939343,3.6118987690318716
11,brightness/s5,64,0.734375,1.437546730041504,3.509932518005371,0.7317708333333334,1.5468873778978984,3.6034015814463296
12,brightness/s5,64,0.65625,1.925167441368103,4.163120269775391,0.7259615384615384,1.5759858443186834,3.64645686516395
13,brightness/s5,64,0.71875,1.5723365545272827,3.8045074939727783,0.7254464285714286,1.5757251807621546,3.657746195793152
14,brightness/s5,64,0.734375,1.3722217082977295,3.2562155723571777,0.7260416666666667,1.5621582825978597,3.630977487564087
15,brightness/s5,64,0.734375,1.3536428213119507,3.5294899940490723,0.7265625,1.5491260662674904,3.6246345192193985
16,brightness/s5,64,0.765625,1.323305606842041,2.3693008422851562,0.7288602941176471,1.5358425098306991,3.5507913617526783
17,brightness/s5,64,0.65625,1.594954490661621,3.546924114227295,0.7248263888888888,1.5391265087657504,3.550576514667935
18,brightness/s5,64,0.71875,1.6043986082077026,3.534829616546631,0.7245065789473685,1.54256188242059,3.5497477305562875
19,brightness/s5,64,0.6875,1.5470911264419556,3.4586939811706543,0.72265625,1.5427883446216584,3.5451950430870056
20,brightness/s5,64,0.765625,1.1858012676239014,2.8300113677978516,0.7247023809523809,1.5257889600027175,3.511138677597046
21,brightness/s5,64,0.703125,1.4253029823303223,3.6510093212127686,0.7237215909090909,1.5212214155630632,3.517496434125033
22,brightness/s5,64,0.75,1.1590526103973389,2.3272156715393066,0.7248641304347826,1.505474945773249,3.465745096621306
23,brightness/s5,64,0.640625,1.7656323909759521,3.284303903579712,0.7213541666666666,1.5163148393233616,3.4581850469112396
24,brightness/s5,64,0.75,1.4044394493103027,3.138575792312622,0.7225,1.5118398237228394,3.445400676727295
25,brightness/s5,64,0.765625,1.194862723350525,2.9036169052124023,0.7241586538461539,1.4996483967854426,3.4245628393613377
26,brightness/s5,64,0.703125,1.5457274913787842,3.0768442153930664,0.7233796296296297,1.5013550299185294,3.411684371806957
27,brightness/s5,64,0.65625,1.6164377927780151,3.0289621353149414,0.7209821428571429,1.5054651285920824,3.398015720503671
28,brightness/s5,64,0.71875,1.5402801036834717,2.8291513919830322,0.7209051724137931,1.5066656449745441,3.378399709175373
29,brightness/s5,64,0.6875,1.3436874151229858,3.4272680282592773,0.7197916666666667,1.5012330373128255,3.3800286531448362
30,brightness/s5,64,0.703125,1.302343726158142,2.6837425231933594,0.7192540322580645,1.4948172530820292,3.357567810243176
31,brightness/s5,64,0.71875,1.357632040977478,2.6337027549743652,0.71923828125,1.490530215203762,3.3349470272660255
32,brightness/s5,64,0.734375,1.4176172018051147,3.0652682781219482,0.7196969696969697,1.4883207299492576,3.3267749439586294
33,brightness/s5,64,0.625,1.5193195343017578,2.6956498622894287,0.7169117647058824,1.489232459489037,3.308212441556594
34,brightness/s5,64,0.765625,1.2915208339691162,2.62850284576416,0.7183035714285714,1.4835835559027535,3.288792167391096
35,brightness/s5,64,0.71875,1.6367889642715454,3.9157211780548096,0.7183159722222222,1.4878392616907756,3.3062068621317544
36,brightness/s5,64,0.59375,1.7145531177520752,2.8590030670166016,0.7149493243243243,1.4939666632059458,3.294120273074588
37,brightness/s5,64,0.765625,1.112438678741455,2.06707763671875,0.7162828947368421,1.4839264530884593,3.2618296773810136
38,brightness/s5,64,0.65625,1.8880767822265625,2.6481218338012695,0.7147435897435898,1.4942892820407183,3.246093578827687
39,brightness/s5,64,0.703125,1.3278288841247559,3.1546831130981445,0.714453125,1.4901277720928192,3.243808317184448
40,brightness/s5,64,0.625,1.430208444595337,2.188084602355957,0.7122713414634146,1.4886663250806855,3.2180589582861923
41,brightness/s5,64,0.6875,1.1375012397766113,2.179445505142212,0.7116815476190477,1.4803052516210646,3.193330066544669
42,brightness/s5,64,0.671875,1.565659523010254,2.873563528060913,0.7107558139534884,1.4822902346766271,3.18589363541714
43,brightness/s5,64,0.6875,1.3786824941635132,2.718550205230713,0.7102272727272727,1.4799355133013292,3.1752721938219937
44,brightness/s5,64,0.71875,1.1962605714797974,2.0904815196990967,0.7104166666666667,1.473631625705295,3.1511657343970403
45,brightness/s5,64,0.71875,1.3943023681640625,2.655886650085449,0.7105978260869565,1.4719070766283118,3.1403987977815713
46,brightness/s5,64,0.75,1.154106855392456,2.399718761444092,0.711436170212766,1.4651453697935064,3.124639648072263
47,brightness/s5,64,0.671875,1.5768135786056519,2.7771944999694824,0.7106119791666666,1.467471790810426,3.1174012074867883
48,brightness/s5,64,0.703125,1.1757444143295288,2.20517635345459,0.7104591836734694,1.4615181708822444,3.0987843737310294
49,brightness/s5,64,0.609375,1.7551884651184082,2.5535950660705566,0.7084375,1.4673915767669679,3.08788058757782
50,brightness/s5,64,0.703125,1.294951319694519,2.1103878021240234,0.7083333333333334,1.4640103952557433,3.0687140623728433
51,brightness/s5,64,0.734375,1.1454843282699585,2.4854698181152344,0.7088341346153846,1.457884893967555,3.057497826906351
52,brightness/s5,64,0.703125,1.374334454536438,2.7009873390197754,0.7087264150943396,1.4563084705820624,3.050771213927359
53,brightness/s5,64,0.765625,1.1451354026794434,2.0420284271240234,0.7097800925925926,1.4505460063616435,3.0320907919495195
54,brightness/s5,64,0.71875,1.3823349475860596,2.408679723739624,0.7099431818181818,1.4493058052929966,3.020756045254794
55,brightness/s5,64,0.71875,1.1217247247695923,2.1355161666870117,0.7101004464285714,1.4434561431407928,3.0049481902803694
56,brightness/s5,64,0.71875,1.2702057361602783,2.178511619567871,0.7102521929824561,1.4404166623165733,2.990449303074887
57,brightness/s5,64,0.671875,1.3860043287277222,1.9588606357574463,0.7095905172413793,1.4394785186340069,2.972663291569414
58,brightness/s5,64,0.734375,1.3965786695480347,2.477259635925293,0.710010593220339,1.4387514025478039,2.9642666194398526
59,brightness/s5,64,0.71875,1.1913752555847168,2.099046468734741,0.71015625,1.434628466765086,2.949846283594767
60,brightness/s5,64,0.578125,1.9063054323196411,2.5660581588745117,0.7079918032786885,1.4423608760364721,2.9435546749927957
61,brightness/s5,64,0.6875,1.0218554735183716,1.6362916231155396,0.7076612903225806,1.4355785308345672,2.9224697870592915
62,brightness/s5,64,0.796875,1.0352357625961304,1.88218092918396,0.7090773809523809,1.4292238837196714,2.905957265505715
63,brightness/s5,64,0.71875,1.2352294921875,2.1984245777130127,0.709228515625,1.4261927213519812,2.894902067258954
64,brightness/s5,64,0.765625,1.0562195777893066,1.4552268981933594,0.7100961538461539,1.4205008268356323,2.8727532185040987
65,brightness/s5,64,0.796875,0.9368858337402344,1.783785343170166,0.7114109848484849,1.4131733269402476,2.8562537052414636
66,brightness/s5,64,0.6875,1.2610911130905151,1.780282974243164,0.711054104477612,1.4109034431514456,2.840194440599698
67,brightness/s5,64,0.796875,1.2598148584365845,2.3033370971679688,0.7123161764705882,1.4086815521997564,2.832299479666878
68,brightness/s5,64,0.671875,1.4192862510681152,2.2305757999420166,0.7117300724637681,1.4088352434877036,2.8235788466273872
69,brightness/s5,64,0.671875,1.568888783454895,2.068112850189209,0.7111607142857143,1.411121722630092,2.812786475249699
70,brightness/s5,64,0.75,1.171507477760315,1.8741304874420166,0.7117077464788732,1.4077468741107995,2.7995659683791683
71,brightness/s5,64,0.765625,1.0733731985092163,1.9118260145187378,0.7124565972222222,1.4031027952829997,2.7872362467977734
72,brightness/s5,64,0.71875,1.0715128183364868,1.3310985565185547,0.712542808219178,1.3985604668316776,2.767289155150113
73,brightness/s5,64,0.6875,1.4557695388793945,2.3648550510406494,0.7122043918918919,1.39933356239989,2.761850856445931
74,brightness/s5,64,0.75,1.0080900192260742,1.7580019235610962,0.7127083333333334,1.3941169818242392,2.7484662040074666
75,brightness/s5,64,0.75,1.06157648563385,1.9102449417114258,0.7131990131578947,1.3897414489796287,2.7374369768719924
76,brightness/s5,64,0.734375,1.1456295251846313,2.073862314224243,0.713474025974026,1.3865711642550183,2.7288191241103332
77,brightness/s5,64,0.8125,0.8867765069007874,1.6162444353103638,0.7147435897435898,1.3801635404427846,2.7145553460487952
78,brightness/s5,64,0.765625,0.875673770904541,1.527726173400879,0.7153876582278481,1.3737775939929335,2.6995321919646442
79,brightness/s5,64,0.65625,1.6061969995498657,2.279019355773926,0.7146484375,1.376682836562395,2.6942757815122604
80,brightness/s5,64,0.765625,1.1924080848693848,1.4237196445465088,0.7152777777777778,1.3744078396279136,2.6785899032781155
81,brightness/s5,64,0.609375,1.525821328163147,2.0839791297912598,0.7139862804878049,1.3762543455856602,2.6713385523819344
82,brightness/s5,64,0.6875,1.3902469873428345,1.636956810951233,0.7136671686746988,1.3764229316309273,2.658876121762287
83,brightness/s5,64,0.71875,1.0208219289779663,1.6923378705978394,0.7137276785714286,1.3721895863612492,2.6473697140103294
84,brightness/s5,64,0.75,0.9197120070457458,1.4079656600952148,0.7141544117647058,1.3668663207222433,2.632788489846622
85,brightness/s5,64,0.734375,0.9769643545150757,1.667065143585205,0.7143895348837209,1.3623325769291368,2.6215591486110243
86,brightness/s5,64,0.625,1.4011402130126953,2.0475406646728516,0.7133620689655172,1.3627786417117065,2.6149612350025397
87,brightness/s5,64,0.765625,0.9877520203590393,1.9540860652923584,0.7139559659090909,1.3585169755599715,2.6074512898921967
88,brightness/s5,64,0.75,1.2214059829711914,1.5895825624465942,0.7143609550561798,1.356976402609536,2.596014562617527
89,brightness/s5,64,0.734375,1.089693307876587,1.6923680305480957,0.7145833333333333,1.3540065904458365,2.5859740455945333
90,brightness/s5,64,0.734375,0.9076816439628601,1.4676942825317383,0.7148008241758241,1.3491019207042652,2.5736852569894477
91,brightness/s5,64,0.640625,1.7341214418411255,1.7038674354553223,0.7139945652173914,1.353286915499231,2.5642307154510333
92,brightness/s5,64,0.59375,1.6632806062698364,1.7315702438354492,0.7127016129032258,1.356620180991388,2.5552773770465644
93,brightness/s5,64,0.609375,1.6057742834091187,1.496049404144287,0.7116023936170213,1.3592707565490236,2.5440089943561146
94,brightness/s5,64,0.765625,1.008148193359375,1.4240448474884033,0.712171052631579,1.35557472956808,2.5322198980732966
95,brightness/s5,64,0.703125,1.1965649127960205,1.6101255416870117,0.7120768229166666,1.3539183773100376,2.5226147485276065
96,brightness/s5,64,0.640625,1.501725435256958,2.545517921447754,0.711340206185567,1.3554421614125831,2.52285086371235
97,brightness/s5,64,0.734375,1.2490822076797485,1.500586986541748,0.7115752551020408,1.354356855762248,2.512419599659589
98,brightness/s5,64,0.65625,1.4324582815170288,1.8211007118225098,0.7110164141414141,1.3551457590527005,2.5054365805905277
99,brightness/s5,64,0.65625,1.6344196796417236,2.1201486587524414,0.71046875,1.3579384982585907,2.5015837013721467
100,brightness/s5,64,0.671875,1.3448585271835327,1.5458688735961914,0.7100866336633663,1.3578089935944813,2.49212117832486
101,brightness/s5,64,0.71875,1.2293373346328735,1.7070176601409912,0.710171568627451,1.3565494675262302,2.4844240850093318
102,brightness/s5,64,0.71875,1.1095772981643677,1.287076473236084,0.710254854368932,1.3541516794741733,2.4727993509144457
103,brightness/s5,64,0.65625,1.3671715259552002,1.8302218914031982,0.7097355769230769,1.3542768703057215,2.4666207214960685
104,brightness/s5,64,0.71875,1.2528331279754639,1.5967243909835815,0.7098214285714286,1.3533107394263857,2.458335994538807
105,brightness/s5,64,0.671875,1.3113839626312256,1.696650743484497,0.7094634433962265,1.3529152037962429,2.4511502846232
106,brightness/s5,64,0.640625,1.268605351448059,2.1778178215026855,0.708820093457944,1.3521272612509327,2.4485957756220738
107,brightness/s5,64,0.625,1.4449143409729004,1.6716755628585815,0.7080439814814815,1.352986400877988,2.441402069948338
108,brightness/s5,64,0.703125,1.1116348505020142,1.348510980606079,0.7079988532110092,1.350772166470869,2.4313755461929043
109,brightness/s5,64,0.75,1.2166186571121216,1.407767415046692,0.7083806818181818,1.349552589113062,2.4220700177279384
110,brightness/s5,64,0.640625,1.6145257949829102,1.6838111877441406,0.7077702702702703,1.3519397351118896,2.4154190372776343
111,brightness/s5,64,0.734375,1.3337821960449219,1.7715598344802856,0.7080078125,1.351777614227363,2.409670294395515
112,brightness/s5,64,0.703125,1.2314509153366089,1.4431753158569336,0.7079646017699115,1.350712776184082,2.4011172414880937
113,brightness/s5,64,0.75,1.1708964109420776,1.308415412902832,0.7083333333333334,1.3491354396468715,2.391532137728574
114,brightness/s5,64,0.671875,1.26443612575531,1.4593186378479004,0.7080163043478261,1.3483989238739014,2.3834259333817855
115,brightness/s5,64,0.765625,0.8270922899246216,1.2404272556304932,0.7085129310344828,1.343904901167442,2.373572496504619
116,brightness/s5,64,0.65625,1.3643505573272705,1.4417307376861572,0.7080662393162394,1.3440796503653893,2.3656080370275383
117,brightness/s5,64,0.640625,1.4389230012893677,1.626359462738037,0.7074947033898306,1.3448834075766094,2.359343218601356
118,brightness/s5,64,0.75,1.2319704294204712,1.3052713871002197,0.7078518907563025,1.3439345590206755,2.3504854721181534
119,brightness/s5,64,0.78125,0.8932430148124695,1.8656821250915527,0.7084635416666667,1.3401787961522738,2.3464454442262648
120,brightness/s5,64,0.65625,1.4638276100158691,1.6226125955581665,0.7080320247933884,1.3412006871759399,2.340463354567851
121,brightness/s5,64,0.703125,1.1601731777191162,1.5959248542785645,0.7079918032786885,1.3397168551312117,2.334360579975316
122,brightness/s5,64,0.671875,1.3495142459869385,1.356534481048584,0.7076981707317073,1.3397965087154047,2.3264107742929845
123,brightness/s5,64,0.71875,1.2088004350662231,1.4225953817367554,0.7077872983870968,1.338740088766621,2.3191219404820473
124,brightness/s5,64,0.703125,0.8657110929489136,1.4431877136230469,0.70775,1.3349558568000794,2.3121144666671753
125,brightness/s5,64,0.65625,1.4264971017837524,1.5397063493728638,0.7073412698412699,1.33568237461741,2.305984243514046
126,brightness/s5,64,0.671875,1.2473456859588623,1.5219050645828247,0.7070620078740157,1.3349868101397837,2.299810391711438
127,brightness/s5,64,0.734375,1.398293137550354,1.1446139812469482,0.707275390625,1.3354813908226788,2.290785419754684
128,brightness/s5,64,0.734375,0.8960973620414734,1.3280634880065918,0.7074854651162791,1.3320753130801888,2.2833224590434584
129,brightness/s5,64,0.671875,1.345239281654358,1.446828842163086,0.7072115384615385,1.3321765743769132,2.2768878927597633
130,brightness/s5,64,0.828125,0.6360329985618591,1.2062498331069946,0.7081345419847328,1.3268625012790884,2.268715083144093
131,brightness/s5,64,0.765625,0.9489933848381042,1.2710330486297607,0.7085700757575758,1.3239998564575657,2.261156885912924
132,brightness/s5,64,0.734375,1.2726011276245117,1.301301121711731,0.7087640977443609,1.3236133998497985,2.2539399252798322
133,brightness/s5,64,0.734375,1.044577717781067,1.4703280925750732,0.7089552238805971,1.3215310440134647,2.2480920757820355
134,brightness/s5,64,0.671875,1.1559007167816162,1.5214769840240479,0.7086805555555555,1.320304152700636,2.2427097417690134
135,brightness/s5,64,0.671875,0.9929686784744263,1.1989367008209229,0.7084099264705882,1.3178972742136787,2.2350349399973366
136,brightness/s5,64,0.734375,1.1132630109786987,1.4022806882858276,0.7085994525547445,1.3164035934601388,2.228956441809661
137,brightness/s5,64,0.75,1.124578595161438,1.3226474523544312,0.7088994565217391,1.315013557240583,2.2223889853643333
138,brightness/s5,64,0.65625,1.2975044250488281,1.188663363456726,0.7085206834532374,1.314887592260786,2.214952110386581
139,brightness/s5,64,0.734375,0.8288583159446716,1.1465520858764648,0.7087053571428571,1.311415954572814,2.20732068164008
140,brightness/s5,64,0.65625,1.3729618787765503,1.2291011810302734,0.7083333333333334,1.3118524504891524,2.2003829546854003
141,brightness/s5,64,0.734375,1.0976927280426025,1.2717924118041992,0.7085167253521126,1.3103442834296697,2.1938435846651103
142,brightness/s5,64,0.703125,1.1669741868972778,1.318922996520996,0.7084790209790209,1.3093416953420305,2.187725258873893
143,brightness/s5,64,0.703125,1.409737229347229,1.5391688346862793,0.7084418402777778,1.3100388865504,2.1832213948170343
144,brightness/s5,64,0.75,1.0808788537979126,1.5026676654815674,0.7087284482758621,1.3084584725314172,2.1785279208216175
145,brightness/s5,64,0.703125,1.1413840055465698,1.114621639251709,0.7086900684931506,1.3073141268671375,2.171240891495796
146,brightness/s5,64,0.796875,1.1280016899108887,0.9115399718284607,0.7092899659863946,1.3060943143708366,2.1626714974844536
147,brightness/s5,64,0.6875,1.2254791259765625,1.2275773286819458,0.7091427364864865,1.3055496171519563,2.1563532936411933
148,brightness/s5,64,0.625,1.531121015548706,1.2891169786453247,0.7085780201342282,1.3070635191546192,2.150532915688201
149,brightness/s5,64,0.6875,1.2892800569534302,1.1941558122634888,0.7084375,1.3069449627399445,2.1441570683320363
150,brightness/s5,64,0.734375,1.1377781629562378,1.3861029148101807,0.7086092715231788,1.305824652807602,2.1391368421497723
151,brightness/s5,64,0.734375,1.0306748151779175,0.925358772277832,0.7087787828947368,1.3040144565074068,2.131151460111141
152,brightness/s5,64,0.65625,1.5441521406173706,1.6397212743759155,0.7084354575163399,1.3055839838545307,2.127939498112872
153,brightness/s5,64,0.796875,0.6789957880973816,1.0100038051605225,0.7090097402597403,1.3015152293366272,2.120680175431363
154,brightness/s5,64,0.734375,0.8383534550666809,1.1115450859069824,0.7091733870967742,1.2985270888574663,2.1141696264666896
155,brightness/s5,64,0.6875,1.142637014389038,1.1905566453933716,0.7090344551282052,1.2975277935083096,2.1082490304341683
156,brightness/s5,64,0.671875,1.508691668510437,1.1373642683029175,0.708797770700637,1.298872786342718,2.102065051057536
157,brightness/s5,64,0.75,1.0952017307281494,1.2641098499298096,0.7090585443037974,1.2975837290287018,2.096761537126348
158,brightness/s5,64,0.75,1.026214838027954,1.0923079252243042,0.7093160377358491,1.2958770064437914,2.0904442188124985
159,brightness/s5,64,0.671875,1.1595767736434937,1.0694258213043213,0.70908203125,1.2950251299887896,2.0840628538280725
160,brightness/s5,64,0.71875,0.9927686452865601,1.1859062910079956,0.7091420807453416,1.2931477605185895,2.0784842416366436
161,brightness/s5,64,0.703125,0.9867520928382874,0.9426291584968567,0.7091049382716049,1.2912564292366122,2.071472790506151
162,brightness/s5,64,0.671875,1.224561333656311,1.2826563119888306,0.7088765337423313,1.290847256871089,2.0666334256072716
163,brightness/s5,64,0.859375,0.6947495341300964,0.6206474304199219,0.7097942073170732,1.2872125146592535,2.057816437831739
164,brightness/s5,64,0.703125,1.129382610321045,1.5867881774902344,0.7097537878787878,1.2862559697844766,2.0549617211023965
165,brightness/s5,64,0.6875,1.5071066617965698,1.2189772129058838,0.7096197289156626,1.2875863956399711,2.049925669848201
166,brightness/s5,64,0.765625,1.12287437915802,1.0469272136688232,0.7099550898203593,1.2866000961400792,2.0439196910686834
167,brightness/s5,64,0.765625,0.7817907333374023,0.7861529588699341,0.7102864583333334,1.283595278504349,2.036432984329405
168,brightness/s5,64,0.734375,1.102573275566101,1.2261528968811035,0.7104289940828402,1.2825241423922884,2.031638427598942
169,brightness/s5,64,0.640625,1.1184732913970947,0.8137179613113403,0.7100183823529411,1.2815591373864341,2.024474189561956
170,brightness/s5,64,0.671875,1.2032537460327148,1.0756460428237915,0.7097953216374269,1.281101211121208,2.018925486949452
171,brightness/s5,64,0.671875,1.383657693862915,1.2300598621368408,0.7095748546511628,1.281697469741799,2.014339058898216
172,brightness/s5,64,0.796875,0.7675095200538635,1.0179716348648071,0.7100794797687862,1.278725285061522,2.0085797096263467
173,brightness/s5,64,0.671875,1.0114655494689941,1.0441288948059082,0.7098599137931034,1.277189309569611,2.0030368888515167
174,brightness/s5,64,0.640625,1.7580971717834473,1.1974139213562012,0.7094642857142858,1.279937354496547,1.9984333290372576
175,brightness/s5,64,0.578125,1.7062946557998657,1.4794244766235352,0.7087180397727273,1.2823598391630433,1.9954844151030888
176,brightness/s5,64,0.734375,1.0044900178909302,1.6234924793243408,0.7088629943502824,1.2807899531671556,1.9933827657484064
177,brightness/s5,64,0.796875,0.8619580864906311,1.0920462608337402,0.7093574438202247,1.278436965152119,1.9883190775185489
178,brightness/s5,64,0.640625,1.4838848114013672,1.0761748552322388,0.7089734636871509,1.2795847184831204,1.9832232997404131
179,brightness/s5,64,0.734375,1.2416026592254639,1.212051510810852,0.7091145833333333,1.2793737070428,1.9789390120241377
180,brightness/s5,64,0.75,0.7763878703117371,1.1021509170532227,0.7093404696132597,1.2765947797680428,1.9740948789027515
181,brightness/s5,64,0.75,0.9448907971382141,1.0767124891281128,0.7095638736263736,1.2747722304129339,1.9691642064314623
182,brightness/s5,64,0.625,1.4222264289855957,1.2934181690216064,0.7091017759562842,1.275577991060872,1.9654716051341405
183,brightness/s5,64,0.765625,1.0684454441070557,0.9610531330108643,0.7094089673913043,1.2744522706969925,1.9600128090899924
184,brightness/s5,64,0.75,1.1852315664291382,0.9725368022918701,0.7096283783783783,1.273969996619869,1.9546751009451377
185,brightness/s5,64,0.640625,1.371688723564148,1.1888245344161987,0.7092573924731183,1.2744953661195693,1.9505576247810035
186,brightness/s5,64,0.75,0.8915351629257202,0.9585607051849365,0.7094752673796791,1.2724474505944685,1.9452528284195272
187,brightness/s5,64,0.703125,1.0672149658203125,1.0154941082000732,0.7094414893617021,1.2713557884414146,1.9403073033119769
188,brightness/s5,64,0.71875,1.3287492990493774,0.7760898470878601,0.7094907407407407,1.2716594578097107,1.9341474225912145
189,brightness/s5,64,0.609375,1.3426969051361084,1.1887381076812744,0.7089638157894737,1.2720333391114285,1.9302242156706357
190,brightness/s5,64,0.671875,1.063930630683899,1.2018723487854004,0.7087696335078534,1.2709437961353682,1.9264108551110273
191,brightness/s5,64,0.65625,1.5169541835784912,1.14034104347229,0.70849609375,1.2722251002366345,1.922316741508742
192,brightness/s5,64,0.65625,1.5442553758621216,1.0025856494903564,0.7082253886010362,1.2736345835300307,1.917551295436108
193,brightness/s5,64,0.75,0.9945733547210693,0.92109215259552,0.7084407216494846,1.2721961235877164,1.9124149081018782
194,brightness/s5,64,0.75,0.9379575848579407,1.3728766441345215,0.7086538461538462,1.2704820797993586,1.909648045209738
195,brightness/s5,64,0.75,0.9022753834724426,0.8952498435974121,0.7088647959183674,1.268603474205854,1.9044725441811037
196,brightness/s5,64,0.734375,1.0730880498886108,0.9984634518623352,0.7089942893401016,1.2676110101230254,1.8998735132556277
197,brightness/s5,64,0.71875,1.4452649354934692,1.1084721088409424,0.7090435606060606,1.2685082521703508,1.8958765364656545
198,brightness/s5,64,0.75,1.204321265220642,1.162442684173584,0.7092493718592965,1.2681857044972367,1.8921909392179557
199,brightness/s5,64,0.625,1.4031150341033936,1.0557098388671875,0.708828125,1.2688603511452674,1.8880085337162018
200,brightness/s5,64,0.734375,1.4393702745437622,1.1383378505706787,0.7089552238805971,1.269708659221877,1.8842788288249306
201,brightness/s5,64,0.71875,1.0666322708129883,1.0180988311767578,0.7090037128712872,1.2687033305663873,1.879990809034593
202,brightness/s5,64,0.796875,0.7455511093139648,0.8550841212272644,0.7094365763546798,1.266126226028198,1.8749420076168228
203,brightness/s5,64,0.765625,0.8995094895362854,1.0112495422363281,0.7097120098039216,1.2643290851630418,1.8707082210218204
204,brightness/s5,64,0.703125,1.3896676301956177,1.10524582862854,0.7096798780487805,1.264940492699786,1.8669742581320972
205,brightness/s5,64,0.765625,1.0442836284637451,1.0987427234649658,0.7099514563106796,1.2638693428733974,1.8632449788375967
206,brightness/s5,64,0.703125,1.2402522563934326,1.1744459867477417,0.7099184782608695,1.2637552506681802,1.8599174474748437
207,brightness/s5,64,0.6875,1.439902424812317,0.9975093603134155,0.7098106971153846,1.2646021120823348,1.855771254748106
208,brightness/s5,64,0.640625,1.198965311050415,1.1501312255859375,0.7094796650717703,1.2642880604027562,1.8523949866659903
209,brightness/s5,64,0.65625,1.2365626096725464,1.0774028301239014,0.7092261904761905,1.264156034446898,1.8487045478253137
210,brightness/s5,64,0.734375,1.0377435684204102,1.1861202716827393,0.7093453791469194,1.2630829895842133,1.8455643379857756
211,brightness/s5,64,0.71875,1.2299667596817017,0.9953834414482117,0.7093897405660378,1.2629267809525975,1.8415540507379569
212,brightness/s5,64,0.671875,1.1770261526107788,1.0404025316238403,0.7092136150234741,1.2625234916176595,1.8377927760003319
213,brightness/s5,64,0.6875,1.4473344087600708,0.9898891448974609,0.7091121495327103,1.2633870940342127,1.833830609499851
214,brightness/s5,64,0.71875,1.3417547941207886,1.0418274402618408,0.7091569767441861,1.263751594964848,1.8301468738289766
215,brightness/s5,64,0.71875,1.4320076704025269,0.9997001886367798,0.7092013888888888,1.2645305582770594,1.8263022132493831
216,brightness/s5,64,0.671875,1.342283844947815,1.1641223430633545,0.7090293778801844,1.2648888683538833,1.823250693110277
217,brightness/s5,64,0.796875,0.9438940286636353,0.7597798109054565,0.7094323394495413,1.2634164149608087,1.8183723863111723
218,brightness/s5,64,0.640625,1.2838306427001953,0.8731448650360107,0.7091181506849316,1.2635096306125868,1.8140562789080894
219,brightness/s5,64,0.71875,1.2479119300842285,1.0003745555877686,0.7091619318181818,1.2634387319738214,1.8103577256202699
220,brightness/s5,64,0.703125,1.5864723920822144,0.9554940462112427,0.7091346153846154,1.2649004227435428,1.80648956417498
221,brightness/s5,64,0.671875,1.270272135734558,0.8864278793334961,0.7089667792792793,1.2649246196489077,1.8023451421711896
222,brightness/s5,64,0.65625,1.0525544881820679,0.9493385553359985,0.7087303811659192,1.2639722872208052,1.7985200005261888
223,brightness/s5,64,0.84375,0.7291846871376038,0.7427694201469421,0.7093331473214286,1.2615848425775766,1.7938068282923527
224,brightness/s5,64,0.734375,1.0823159217834473,1.0286085605621338,0.7094444444444444,1.2607880918184917,1.7904059471024407
225,brightness/s5,64,0.78125,0.9935848116874695,1.2587579488754272,0.7097621681415929,1.2596057764196817,1.7880535223315248
226,brightness/s5,64,0.8125,0.9012836217880249,0.9374760985374451,0.7102147577092511,1.2580272647252693,1.7843064852222996
227,brightness/s5,64,0.703125,1.2258347272872925,1.3280377388000488,0.7101836622807017,1.2578860693856289,1.7823053065099215
228,brightness/s5,64,0.65625,1.2065036296844482,0.8712433576583862,0.7099481441048034,1.257661691919685,1.7783268700520545
229,brightness/s5,64,0.59375,1.5757070779800415,1.175124168395996,0.7094429347826087,1.2590444979460342,1.7757042496100717
230,brightness/s5,64,0.703125,1.0832632780075073,0.9722082614898682,0.7094155844155844,1.2582835402839627,1.7722259119991617
231,brightness/s5,64,0.75,0.8578562140464783,0.7606955766677856,0.7095905172413793,1.2565575604294907,1.7678658674503196
232,brightness/s5,64,0.734375,1.2706809043884277,0.866910457611084,0.7096968884120172,1.256618175639615,1.7639991060347004
233,brightness/s5,64,0.765625,0.7931305170059204,0.9159912467002869,0.7099358974358975,1.2546374591497274,1.7603751408238697
234,brightness/s5,64,0.734375,1.1586558818817139,0.9458873867988586,0.7100398936170212,1.2542290269060339,1.756909235487593
235,brightness/s5,64,0.765625,1.1704107522964478,1.0072067975997925,0.7102754237288136,1.2538738647254848,1.7537325302423057
236,brightness/s5,64,0.703125,1.4342842102050781,0.8125549554824829,0.710245253164557,1.2546350898118965,1.7497613168466946
237,brightness/s5,64,0.71875,1.1045809984207153,0.7478893995285034,0.7102809873949579,1.2540046104363032,1.7455517709756099
238,brightness/s5,64,0.734375,1.4262393712997437,1.0257480144500732,0.7103817991631799,1.2547252579712969,1.742540039776758
239,brightness/s5,64,0.828125,0.9292872548103333,0.6956195831298828,0.7108723958333333,1.2533692662914595,1.738177871207396
240,brightness/s5,64,0.796875,0.8028694987297058,0.7215943336486816,0.7112292531120332,1.2514999726501244,1.7339596822548704
241,brightness/s5,64,0.734375,0.8224477767944336,0.8960778117179871,0.7113248966942148,1.2497270296920429,1.7304973604757923
242,brightness/s5,64,0.734375,1.1610404253005981,0.9420396089553833,0.7114197530864198,1.2493620642418723,1.72725267837077
243,brightness/s5,64,0.75,1.093733549118042,0.7752699255943298,0.711577868852459,1.248724242458578,1.7233511097118503
244,brightness/s5,64,0.78125,0.6556931734085083,0.6495823860168457,0.7118622448979591,1.2463037074828633,1.718968380227381
245,brightness/s5,64,0.734375,1.1729766130447388,0.7954106330871582,0.7119537601626016,1.2460056298631963,1.715214080442258
246,brightness/s5,64,0.765625,0.9432494640350342,0.968384861946106,0.712171052631579,1.244779896398305,1.7121904803673749
247,brightness/s5,64,0.765625,0.7807050943374634,0.7861360311508179,0.7123865927419355,1.2429086270351564,1.7084563898463403
248,brightness/s5,64,0.734375,1.178067684173584,0.6806762218475342,0.7124748995983936,1.242648221642138,1.704328758649558
249,brightness/s5,64,0.734375,1.1309059858322144,0.9880934357643127,0.7125625,1.2422012526988984,1.701463817358017
250,brightness/s5,64,0.625,1.5484709739685059,0.991046667098999,0.7122136454183267,1.243421450791606,1.6986334701458297
251,brightness/s5,64,0.75,0.9986371994018555,0.8200127482414246,0.7123635912698413,1.2424500847146625,1.6951468799795424
252,brightness/s5,64,0.703125,1.589543104171753,0.7607101202011108,0.7123270750988142,1.243821993882477,1.6914534540515644
253,brightness/s5,64,0.71875,0.8533170819282532,0.7657077312469482,0.7123523622047244,1.2422845729692715,1.6878087858515463
254,brightness/s5,64,0.828125,0.9661865234375,0.7774890661239624,0.7128063725490196,1.2412018355201273,1.6842389045977124
255,brightness/s5,64,0.703125,1.043983817100525,0.9722932577133179,0.7127685546875,1.2404314526356757,1.6814578669145703
256,brightness/s5,64,0.78125,0.8340452909469604,0.9253225326538086,0.7130350194552529,1.2388501835240464,1.6785157060808709
257,brightness/s5,64,0.6875,1.4658894538879395,1.1221919059753418,0.7129360465116279,1.2397301806959995,1.6763594122820122
258,brightness/s5,64,0.671875,1.11446213722229,0.8728405237197876,0.7127775096525096,1.239246520296487,1.673257022750884
259,brightness/s5,64,0.75,0.832137942314148,0.6402651071548462,0.7129206730769231,1.2376807180734781,1.6692839769216685
260,brightness/s5,64,0.71875,0.8993721604347229,0.7738369703292847,0.7129430076628352,1.2363845167032146,1.6658531454787857
261,brightness/s5,64,0.6875,1.347580909729004,0.9328246116638184,0.7128458969465649,1.2368089304170535,1.6630553266474308
262,brightness/s5,64,0.765625,0.9755395650863647,0.7522709965705872,0.7130465779467681,1.235815510777013,1.6595922683581654
263,brightness/s5,64,0.796875,1.2508907318115234,1.1112264394760132,0.7133641098484849,1.2358726138869922,1.657515125066945
264,brightness/s5,64,0.75,1.0479261875152588,0.8610443472862244,0.7135023584905661,1.235163382089363,1.6545095749621122
265,brightness/s5,64,0.765625,1.3821884393692017,0.7340656518936157,0.7136983082706767,1.2357161078686105,1.6510492594618547
266,brightness/s5,64,0.765625,1.1558194160461426,1.2496280670166016,0.7138927902621723,1.235416869322459,1.6495458093028836
267,brightness/s5,64,0.71875,0.8309853076934814,0.9435851573944092,0.7139109141791045,1.233907796331306,1.6469116277659117
268,brightness/s5,64,0.828125,0.8063784837722778,0.8527573943138123,0.7143355018587361,1.23231846803183,1.6439593815449003
269,brightness/s5,64,0.703125,1.3348119258880615,0.8060835599899292,0.7142939814814815,1.2326980734312976,1.6408561377613633
270,brightness/s5,64,0.703125,0.8784141540527344,0.8876718878746033,0.7142527675276753,1.2313907526955834,1.6380768600865043
271,brightness/s5,64,0.765625,1.0108165740966797,0.908860445022583,0.7144416360294118,1.2305798182154404,1.6353959173840635
272,brightness/s5,64,0.828125,0.5479263067245483,0.6238085031509399,0.7148580586080586,1.2280792559022868,1.6316904689802791
273,brightness/s5,64,0.671875,1.5744572877883911,1.18607759475708,0.7147011861313869,1.229343409303331,1.6300641446218003
274,brightness/s5,64,0.703125,1.2688136100769043,0.9449907541275024,0.7146590909090909,1.2294869373061441,1.6275729686563665
275,brightness/s5,64,0.71875,1.219019889831543,0.6928113102912903,0.7146739130434783,1.2294490132210911,1.6241861510535944
276,brightness/s5,64,0.65625,1.4862500429153442,1.1012864112854004,0.7144629963898917,1.2303760927506733,1.6222984263612905
277,brightness/s5,64,0.765625,0.8997602462768555,0.6651293039321899,0.7146470323741008,1.2291868271158755,1.6188553719640635
278,brightness/s5,64,0.6875,1.2747615575790405,0.9661991000175476,0.7145497311827957,1.2293501774042739,1.6165161021721406
279,brightness/s5,64,0.765625,1.3195874691009521,1.1744275093078613,0.7147321428571428,1.2296724534460477,1.6149372143404825
280,brightness/s5,64,0.78125,1.3569802045822144,0.8322505354881287,0.7149688612099644,1.2301255059411942,1.6121518524940328
281,brightness/s5,64,0.65625,1.3564066886901855,0.87696772813797,0.7147606382978723,1.2305733115537791,1.609544816592061
282,brightness/s5,64,0.671875,1.504697322845459,1.0537784099578857,0.7146090989399293,1.231541947636082,1.6075809776993606
283,brightness/s5,64,0.6875,1.0972623825073242,0.9067878127098083,0.7145136443661971,1.2310691322659102,1.6051133961324962
284,brightness/s5,64,0.78125,0.873775839805603,0.6292785406112671,0.7147478070175438,1.2298154715906109,1.6016894141832987
285,brightness/s5,64,0.625,1.5347003936767578,0.942247748374939,0.7144340034965035,1.2308815027867164,1.5993836740930598
286,brightness/s5,64,0.640625,1.5399887561798096,0.7375798225402832,0.7141768292682927,1.2319585315441837,1.5963808732165692
287,brightness/s5,64,0.71875,1.369645357131958,0.7442821264266968,0.7141927083333334,1.2324366107996967,1.5934221970124378
288,brightness/s5,64,0.703125,1.1746026277542114,0.9154609441757202,0.7141544117647058,1.2322364932113041,1.5910763103244214
289,brightness/s5,64,0.734375,0.9896934032440186,0.7880113124847412,0.7142241379310345,1.2314001377286583,1.5883071206766983
290,brightness/s5,64,0.796875,1.1610573530197144,0.8389920592308044,0.7145081615120275,1.2311584099461532,1.5857321548298053
291,brightness/s5,64,0.71875,1.1395460367202759,0.9222862720489502,0.7145226883561644,1.230844668941955,1.583460079888775
292,brightness/s5,64,0.828125,0.9559587240219116,0.9175708293914795,0.714910409556314,1.2299064916555384,1.5811874203307636
293,brightness/s5,64,0.734375,1.1130152940750122,0.6558395028114319,0.7149766156462585,1.2295089025481218,1.5780399784344394
294,brightness/s5,64,0.65625,1.3825223445892334,1.1108349561691284,0.7147775423728814,1.2300275921821595,1.576456232596252
295,brightness/s5,64,0.6875,1.533064842224121,0.756461501121521,0.7146853885135135,1.2310513666755445,1.5736859801250536
296,brightness/s5,64,0.75,1.2940218448638916,0.8838798999786377,0.7148042929292929,1.2312633884876265,1.5713634007306212
297,brightness/s5,64,0.796875,0.7780952453613281,0.8375824689865112,0.7150796979865772,1.2297426900207595,1.5689010486106745
298,brightness/s5,64,0.765625,0.6679275631904602,0.8652608394622803,0.715248745819398,1.2278637096634677,1.5665477368743923
299,brightness/s5,64,0.75,1.000899314880371,0.8011923432350159,0.7153645833333333,1.2271071616808573,1.5639965522289276
300,brightness/s5,64,0.671875,1.1483317613601685,0.8501113653182983,0.7152200996677741,1.2268454493874332,1.561624840644507
301,brightness/s5,64,0.765625,0.9820230007171631,0.7859394550323486,0.7153870033112583,1.2260347790275978,1.559056345990162
302,brightness/s5,64,0.71875,1.2590265274047852,0.7110506296157837,0.715398102310231,1.2261436626856084,1.5562576472562533
303,brightness/s5,64,0.71875,1.1561328172683716,0.6275744438171387,0.7154091282894737,1.225913363851999,1.553202768297572
304,brightness/s5,64,0.765625,1.2448185682296753,0.8541164994239807,0.7155737704918033,1.225975348128647,1.5509106821701175
305,brightness/s5,64,0.671875,1.231576681137085,0.7003581523895264,0.7154309640522876,1.2259936531384785,1.5481310987394619
306,brightness/s5,64,0.734375,1.056974172592163,0.916370153427124,0.715492671009772,1.2254431010845819,1.5460732454974022
307,brightness/s5,64,0.71875,1.4676992893218994,0.6770027279853821,0.7155032467532467,1.2262296471502874,1.5432515879730127
308,brightness/s5,64,0.703125,1.473773717880249,0.7896257638931274,0.7154631877022654,1.2270307606477953,1.5408126694484823
309,brightness/s5,64,0.6875,1.3408405780792236,0.9027606248855591,0.7153729838709677,1.2273978890911226,1.5387544370466664
310,brightness/s5,64,0.75,1.0492056608200073,0.6867084503173828,0.7154843247588425,1.2268249237269067,1.5360147393401413
311,brightness/s5,64,0.640625,1.565445065498352,0.6636594533920288,0.7152443910256411,1.2279102446941228,1.5332187288082564
312,brightness/s5,64,0.65625,1.3463523387908936,0.7721139192581177,0.715055910543131,1.2282886539404385,1.53078708404931
313,brightness/s5,64,0.71875,1.6041003465652466,0.7949095964431763,0.7150676751592356,1.2294855064647212,1.5284435251715836
314,brightness/s5,64,0.71875,1.288495659828186,0.8870218992233276,0.7150793650793651,1.2296728402849229,1.5264072660415893
315,brightness/s5,64,0.65625,1.288692593574524,0.8466335535049438,0.7148931962025317,1.2298596116560925,1.5242560834069796
316,brightness/s5,64,0.84375,0.4494103193283081,0.4687961935997009,0.7152996845425867,1.2273976265067934,1.5209265569407104
317,brightness/s5,64,0.71875,0.9902273416519165,0.5619628429412842,0.715310534591195,1.2266518080009605,1.5179109477771904
318,brightness/s5,64,0.71875,1.2587043046951294,0.6591987013816833,0.7153213166144201,1.2267522860470237,1.515219059857455
319,brightness/s5,64,0.703125,1.347654938697815,0.8110989332199097,0.715283203125,1.2271301068365574,1.5130186844617128
320,brightness/s5,64,0.78125,1.060994267463684,0.7531183958053589,0.715488707165109,1.2266125497045546,1.5106513938428456
321,brightness/s5,64,0.703125,1.1759071350097656,0.8252006769180298,0.7154503105590062,1.2264550794725833,1.5085226649082966
322,brightness/s5,64,0.734375,0.9930629730224609,0.6776551604270935,0.7155089009287926,1.225732503291623,1.5059503196931845
323,brightness/s5,64,0.671875,1.409151554107666,1.2783595323562622,0.7153742283950617,1.2262986114731542,1.5052478789915273
324,brightness/s5,64,0.734375,1.1680305004119873,0.9191606044769287,0.7154326923076924,1.2261193249775812,1.5034445335314823
325,brightness/s5,64,0.65625,1.3616999387741089,1.1968870162963867,0.7152511503067485,1.2265352164309449,1.5025041730491662
326,brightness/s5,64,0.75,0.9570054411888123,0.5397696495056152,0.7153574159021406,1.2257109663537518,1.4995600307753327
327,brightness/s5,64,0.6875,1.3795280456542969,0.8681557178497314,0.7152724847560976,1.2261799208638144,1.4976350176261692
328,brightness/s5,64,0.8125,0.855734646320343,0.730960488319397,0.715568009118541,1.2250539473849589,1.4953046999079116
329,brightness/s5,64,0.765625,1.087846279144287,0.4764212369918823,0.715719696969697,1.2246381665721084,1.4922171742627115
330,brightness/s5,64,0.734375,1.0772788524627686,0.7351349592208862,0.7157760574018127,1.2241929722696632,1.4899299168154552
331,brightness/s5,64,0.703125,1.1891745328903198,0.7298843860626221,0.7157379518072289,1.224087495042617,1.4876406230481274
332,brightness/s5,64,0.71875,1.2839248180389404,0.7356082797050476,0.715746996996997,1.2242671867032666,1.4853822676627129
333,brightness/s5,64,0.609375,1.4780341386795044,0.9496561288833618,0.7154285179640718,1.2250269679966088,1.4837782971873255
334,brightness/s5,64,0.71875,1.1229852437973022,0.5909748077392578,0.7154384328358209,1.2247223658348196,1.481113212144197
335,brightness/s5,64,0.765625,0.8365105986595154,0.6495800018310547,0.7155877976190477,1.2235669736706076,1.4786384109230268
336,brightness/s5,64,0.6875,1.387714147567749,0.9239177703857422,0.7155044510385756,1.2240540572726761,1.4769923556098599
337,brightness/s5,64,0.65625,1.1289913654327393,0.6238131523132324,0.7153291420118343,1.2237728067051024,1.4744681567835385
338,brightness/s5,64,0.640625,1.294786810874939,0.7289493083953857,0.7151087758112095,1.2239822875433615,1.4722689861393257
339,brightness/s5,64,0.71875,1.1193459033966064,0.7753387689590454,0.7151194852941176,1.2236745334723416,1.470219191382913
340,brightness/s5,64,0.75,0.9036614894866943,0.8086215257644653,0.7152217741935484,1.222736078797897,1.4682790222755275
341,brightness/s5,64,0.75,1.1543376445770264,0.7395129203796387,0.7153234649122807,1.2225360833761985,1.4661481272407442
342,brightness/s5,64,0.6875,1.4104379415512085,0.6887977719306946,0.7152423469387755,1.223083902204697,1.4638817996742426
343,brightness/s5,64,0.765625,1.1641583442687988,0.912468433380127,0.7153888081395349,1.2229126069781393,1.4622788538419924
344,brightness/s5,64,0.78125,0.8457790017127991,0.7305452227592468,0.7155797101449275,1.2218194660933122,1.4601578867953757
345,brightness/s5,64,0.78125,1.014206051826477,0.6979870200157166,0.7157695086705202,1.2212194273237549,1.457955080822024
346,brightness/s5,64,0.53125,1.7498167753219604,0.9576783180236816,0.7152377521613833,1.2227427626205796,1.4565133610445071
347,brightness/s5,64,0.703125,1.1741489171981812,0.5846090316772461,0.7152029454022989,1.2226031251337337,1.4540078888336818
348,brightness/s5,64,0.65625,1.5424466133117676,0.7416276931762695,0.7150340257879656,1.2235195821199172,1.4519666848346633
349,brightness/s5,64,0.71875,0.9591469168663025,0.7311956286430359,0.7150446428571429,1.222764231647764,1.44990733895983
350,brightness/s5,64,0.671875,1.6441471576690674,0.9643831849098206,0.7149216524216524,1.2239647528045199,1.448524079261682
351,brightness/s5,64,0.640625,1.363034963607788,0.8983833193778992,0.7147105823863636,1.2243598386306653,1.4469611793756485
352,brightness/s5,64,0.765625,0.7831257581710815,0.5821830034255981,0.7148548158640227,1.2231098837285137,1.4445113828432121
353,brightness/s5,64,0.765625,0.7490129470825195,0.7297760248184204,0.7149982344632768,1.2217706268453328,1.4424923564081138
354,brightness/s5,64,0.703125,1.2016265392303467,0.7481740713119507,0.7149647887323943,1.2217138829365584,1.4405365302529134
355,brightness/s5,64,0.75,0.8942403793334961,0.7377432584762573,0.715063202247191,1.2207940135444149,1.4385623918490464
356,brightness/s5,64,0.671875,1.5234025716781616,0.7246822118759155,0.7149422268907563,1.2216416565643973,1.4365627274793737
357,brightness/s5,64,0.734375,1.2639648914337158,0.7384637594223022,0.7149965083798883,1.2217598778908478,1.4346127303618958
358,brightness/s5,64,0.59375,1.5682544708251953,0.8628856539726257,0.7146587743732591,1.2227250438878796,1.4330201758315637
359,brightness/s5,64,0.671875,1.1554765701293945,0.8924394845962524,0.7145399305555555,1.2225382425718838,1.4315185628003544
360,brightness/s5,64,0.640625,1.3316266536712646,0.8209924101829529,0.7143351800554016,1.2228404265361479,1.429827354621359
361,brightness/s5,64,0.625,1.330298900604248,0.5805197954177856,0.7140883977900553,1.2231372731495957,1.427481201142896
362,brightness/s5,64,0.65625,1.2310590744018555,0.8785297870635986,0.7139290633608816,1.2231590962935412,1.4259689382941927
363,brightness/s5,64,0.6875,1.1241422891616821,0.7054764628410339,0.7138564560439561,1.2228870720981242,1.423989563361629
364,brightness/s5,64,0.703125,1.1252846717834473,0.7105734348297119,0.7138270547945206,1.2226196682616457,1.422034998625925
365,brightness/s5,64,0.671875,1.2813812494277954,0.8425659537315369,0.7137124316939891,1.2227802190298591,1.4204517498693832
366,brightness/s5,64,0.75,0.9379391074180603,0.643147349357605,0.7138113079019074,1.2220040852107534,1.4183337542276617
367,brightness/s5,64,0.6875,1.339460849761963,0.7449783086776733,0.7137398097826086,1.2223232612013817,1.4165039839951887
368,brightness/s5,64,0.6875,1.4936177730560303,0.780644953250885,0.7136686991869918,1.2230584766806625,1.4147807887899198
369,brightness/s5,64,0.71875,1.128042459487915,0.5387301445007324,0.7136824324324325,1.2228016766341956,1.4124130843458949
370,brightness/s5,64,0.78125,0.8697268962860107,0.5959430932998657,0.7138645552560647,1.2218499925901305,1.4102123566072264
371,brightness/s5,64,0.65625,1.542129397392273,0.9636141657829285,0.7137096774193549,1.2227109587320717,1.4090118238361933
372,brightness/s5,64,0.734375,1.031782627105713,0.6391497850418091,0.7137650804289544,1.2221990865293202,1.4069478505418385
373,brightness/s5,64,0.78125,0.9486870169639587,0.7242104411125183,0.7139455213903744,1.221467770835295,1.4051223494471077
374,brightness/s5,64,0.78125,0.8640235066413879,0.7940935492515564,0.714125,1.220514586130778,1.4034929393132527
375,brightness/s5,64,0.765625,1.075280785560608,0.7369592189788818,0.7142619680851063,1.2201283260228786,1.4017202432485336
376,brightness/s5,64,0.78125,0.704835832118988,0.5139718055725098,0.7144396551724138,1.2187615024316216,1.3993654728568201
377,brightness/s5,64,0.78125,0.9300170540809631,0.6786078214645386,0.7146164021164021,1.2179976282296356,1.3974587065832955
378,brightness/s5,64,0.765625,0.9723115563392639,0.7101662158966064,0.7147509894459103,1.2173493800188433,1.3956452699324071
379,brightness/s5,64,0.734375,1.1026378870010376,0.693595290184021,0.7148026315789474,1.2170475076687963,1.393797769985701
380,brightness/s5,64,0.640625,1.8493053913116455,0.9798024296760559,0.714607939632546,1.21870697717967,1.392711168042631
381,brightness/s5,64,0.796875,1.0798391103744507,0.7646677494049072,0.7148232984293194,1.218343448732536,1.391067075323684
382,brightness/s5,64,0.6875,1.3645967245101929,0.6595536470413208,0.7147519582245431,1.218725311071381,1.3891571185918763
383,brightness/s5,64,0.796875,0.8475410342216492,0.7489304542541504,0.7149658203125,1.217758685350418,1.3874898616534967
384,brightness/s5,64,0.703125,1.3401819467544556,0.7484996914863586,0.714935064935065,1.2180766678475714,1.3858301469257899
385,brightness/s5,64,0.703125,1.4651681184768677,0.6340168714523315,0.7149044689119171,1.2187168011393572,1.3838824441395894
386,brightness/s5,64,0.78125,1.1488208770751953,0.6358977556228638,0.7150759043927648,1.2185361915164523,1.3819496671666778
387,brightness/s5,64,0.75,1.0321730375289917,0.7551138401031494,0.7151659149484536,1.2180558741092682,1.3803341109113596
388,brightness/s5,64,0.703125,1.348812222480774,0.8629474639892578,0.7151349614395887,1.2183920086809172,1.3790040681172153
389,brightness/s5,64,0.765625,0.9370006918907166,0.6494095325469971,0.7152644230769231,1.2176704924840194,1.3771333128978045
390,brightness/s5,40,0.550000011920929,1.77191960811615,1.223573088645935,0.7148417519486469,1.2190880094037946,1.3767405757513802
391,contrast/s5,64,0.265625,4.664419651031494,6.086775779724121,0.265625,4.664419651031494,6.086775779724121
392,contrast/s5,64,0.265625,4.729278564453125,6.208029747009277,0.265625,4.69684910774231,6.147402763366699
393,contrast/s5,64,0.171875,4.9123334884643555,6.180995464324951,0.234375,4.768677234649658,6.158600330352783
394,contrast/s5,64,0.203125,5.014692306518555,6.2535600662231445,0.2265625,4.830181002616882,6.1823402643203735
395,contrast/s5,64,0.15625,5.1747331619262695,6.303943634033203,0.2125,4.89909143447876,6.20666093826294
396,contrast/s5,64,0.21875,4.936038970947266,6.159663200378418,0.21354166666666666,4.905249357223511,6.1988279819488525
397,contrast/s5,64,0.1875,5.10966157913208,6.221270561218262,0.20982142857142858,4.934451103210449,6.202034064701626
398,contrast/s5,64,0.25,4.5761637687683105,6.167357444763184,0.21484375,4.889665186405182,6.19769948720932
399,contrast/s5,64,0.28125,4.727561950683594,6.134801864624023,0.2222222222222222,4.87165371576945,6.19071086247762
400,contrast/s5,64,0.234375,4.880102157592773,6.251114368438721,0.2234375,4.872498559951782,6.19675121307373
401,contrast/s5,64,0.15625,5.097768306732178,6.209388732910156,0.21732954545454544,4.892977627840909,6.197900078513405
402,contrast/s5,64,0.15625,5.096197605133057,6.167102813720703,0.21223958333333334,4.909912625948588,6.195333639780681
403,contrast/s5,64,0.21875,4.877373695373535,6.142748832702637,0.2127403846153846,4.907409631288969,6.191288654620831
404,contrast/s5,64,0.15625,4.768632411956787,6.091226577758789,0.20870535714285715,4.897496972765241,6.1841413634163995
405,contrast/s5,64,0.25,4.7376885414123535,6.103304386138916,0.21145833333333333,4.886843077341715,6.1787522315979
406,contrast/s5,64,0.21875,4.803555011749268,6.138982772827148,0.2119140625,4.8816375732421875,6.176266640424728
407,contrast/s5,64,0.265625,4.355675220489502,6.059279441833496,0.21507352941176472,4.850698611315559,6.169385040507597
408,contrast/s5,64,0.109375,5.362140655517578,6.295485496520996,0.2092013888888889,4.8791120582156715,6.17639062139723
409,contrast/s5,64,0.21875,4.77235221862793,6.086556911468506,0.20970394736842105,4.873493119290001,6.171662531400981
410,contrast/s5,64,0.265625,5.00135612487793,6.200305938720703,0.2125,4.879886269569397,6.173094701766968
411,contrast/s5,64,0.296875,4.401969909667969,6.039663314819336,0.21651785714285715,4.857128347669329,6.1667408261980325
412,contrast/s5,64,0.1875,4.794068813323975,6.140904426574707,0.21519886363636365,4.854262005199086,6.165566444396973
413,contrast/s5,64,0.296875,4.5899224281311035,5.9859418869018555,0.21875,4.842768980109173,6.15775668102762
414,contrast/s5,64,0.203125,4.832559108734131,6.004620552062988,0.21809895833333334,4.84234356880188,6.151376008987427
415,contrast/s5,64,0.28125,4.870082855224609,6.094195365905762,0.220625,4.843453140258789,6.14908878326416
416,contrast/s5,64,0.28125,4.704645156860352,6.035284519195557,0.22295673076923078,4.838114371666541,6.144711696184599
417,contrast/s5,64,0.25,4.887418270111084,5.985555648803711,0.22395833333333334,4.839940441979302,6.138817027763084
418,contrast/s5,64,0.21875,4.586121082305908,6.053843975067139,0.22377232142857142,4.83087546484811,6.135782275881086
419,contrast/s5,64,0.1875,4.943180561065674,6.047628402709961,0.22252155172413793,4.834748054372853,6.132742487151047
420,contrast/s5,64,0.265625,4.525186061859131,5.852158546447754,0.22395833333333334,4.824429321289062,6.123389689127604
421,contrast/s5,64,0.21875,4.743457794189453,6.006985187530518,0.22379032258064516,4.821817336543914,6.119634705205118
422,contrast/s5,64,0.171875,4.589354515075684,5.872908592224121,0.22216796875,4.814552873373032,6.111924514174461
423,contrast/s5,64,0.15625,5.010517120361328,5.955963134765625,0.22017045454545456,4.820491183887828,6.107198411768133
424,contrast/s5,64,0.28125,4.428740501403809,5.863306045532227,0.22196691176470587,4.80896910499124,6.100025106878841
425,contrast/s5,64,0.25,4.652903079986572,6.024359703063965,0.22276785714285716,4.804510075705392,6.097863238198417
426,contrast/s5,64,0.234375,4.623263359069824,6.014226913452148,0.2230902777777778,4.7994754446877375,6.095540006955464
427,contrast/s5,64,0.09375,5.060624122619629,6.066459655761719,0.2195945945945946,4.806533517064275,6.094754051517796
428,contrast/s5,64,0.3125,4.267038345336914,5.812454700469971,0.22203947368421054,4.792336275703029,6.087325121227064
429,contrast/s5,64,0.296875,4.733062267303467,5.943881511688232,0.22395833333333334,4.790816429333809,6.083647079956838
430,contrast/s5,64,0.171875,5.123076915740967,6.0325927734375,0.22265625,4.799122941493988,6.082370722293854
431,contrast/s5,64,0.265625,4.2407402992248535,5.865357398986816,0.22370426829268292,4.785503852658156,6.077077714408317
432,contrast/s5,64,0.21875,4.725078105926514,5.841383934020996,0.22358630952380953,4.78406514440264,6.0714659577324275
433,contrast/s5,64,0.234375,4.621848106384277,5.92625617980957,0.2238372093023256,4.7802926551464,6.068088986152826
434,contrast/s5,64,0.15625,5.076127052307129,6.009789943695068,0.22230113636363635,4.78701616417278,6.06676400791515
435,contrast/s5,64,0.1875,4.698188304901123,5.907219886779785,0.22152777777777777,4.78504221174452,6.063218583001031
436,contrast/s5,64,0.234375,4.561923980712891,5.802303314208984,0.2218070652173913,4.780191815417746,6.057546511940334
437,contrast/s5,64,0.203125,4.621795654296875,5.811958312988281,0.2214095744680851,4.776821684330068,6.052321231111567
438,contrast/s5,64,0.171875,5.1038713455200195,5.949622631072998,0.22037760416666666,4.783635218938191,6.050181676944097
439,contrast/s5,64,0.265625,4.494919300079346,5.656979084014893,0.22130102040816327,4.777743057328827,6.042157134231256
440,contrast/s5,64,0.15625,5.048757076263428,5.923755168914795,0.22,4.78316333770752,6.039789094924926
441,contrast/s5,64,0.15625,4.72870397567749,5.967682838439941,0.21875,4.78209550707948,6.038375246758554
442,contrast/s5,64,0.125,5.217970848083496,6.056519508361816,0.2169471153846154,4.790477725175711,6.038724174866309
443,contrast/s5,64,0.1875,4.964290142059326,5.9037017822265625,0.21639150943396226,4.793757204739553,6.036176582552352
444,contrast/s5,64,0.21875,4.492376327514648,5.708815097808838,0.21643518518518517,4.788176077383536,6.03011433283488
445,contrast/s5,64,0.1875,4.623287677764893,5.708899021148682,0.2159090909090909,4.7851781064813785,6.024274054440585
446,contrast/s5,64,0.15625,5.070291042327881,5.829146862030029,0.21484375,4.790269408907209,6.020789640290396
447,contrast/s5,64,0.203125,4.459530830383301,5.623866081237793,0.21463815789473684,4.784466977705035,6.013826069078948
448,contrast/s5,64,0.21875,4.874516487121582,5.739470481872559,0.21470905172413793,4.7860195554535965,6.00909580033401
449,contrast/s5,64,0.15625,4.9048614501953125,5.710054397583008,0.21371822033898305,4.788033824855998,6.004027301982298
450,contrast/s5,64,0.328125,4.298284530639648,5.557539939880371,0.215625,4.779871336619059,5.996585845947266
451,contrast/s5,64,0.171875,4.6864118576049805,5.730587959289551,0.2149077868852459,4.778339214012271,5.992225224854516
452,contrast/s5,64,0.28125,4.215034484863281,5.422271728515625,0.21597782258064516,4.769253653864706,5.98303242652647
453,contrast/s5,64,0.203125,4.840968132019043,5.777205467224121,0.21577380952380953,4.770391978914776,5.979765331934368
454,contrast/s5,64,0.234375,4.838224411010742,5.926398277282715,0.216064453125,4.771451860666275,5.978931471705437
455,contrast/s5,64,0.25,4.25597620010376,5.522361755371094,0.21658653846153847,4.76352146588839,5.97190732222337
456,contrast/s5,64,0.21875,4.434693336486816,5.625917911529541,0.21661931818181818,4.758539221503518,5.9666650584249785
457,contrast/s5,64,0.203125,4.48598575592041,5.56915807723999,0.21641791044776118,4.754471259330636,5.960732118407292
458,contrast/s5,64,0.28125,4.334205150604248,5.707549571990967,0.21737132352941177,4.748290875378777,5.957008845665875
459,contrast/s5,64,0.15625,4.879507541656494,5.591490268707275,0.2164855072463768,4.7501925661943964,5.951711474985316
460,contrast/s5,64,0.3125,4.290955543518066,5.397634983062744,0.21785714285714286,4.74363203729902,5.9437960965292795
461,contrast/s5,64,0.203125,4.311417579650879,5.546831130981445,0.21764964788732394,4.7375445097265105,5.938205040676493
462,contrast/s5,64,0.140625,5.026045322418213,5.87222957611084,0.2165798611111111,4.74155146545834,5.937288714779748
463,contrast/s5,64,0.28125,4.299731254577637,5.524572849273682,0.21746575342465754,4.73549913380244,5.931635072786514
464,contrast/s5,64,0.203125,4.940210819244385,5.599254608154297,0.21727195945945946,4.738265507930034,5.927143444886079
465,contrast/s5,64,0.375,4.0071492195129395,5.344542503356934,0.219375,4.72851729075114,5.919375432332357
466,contrast/s5,64,0.234375,4.111255645751953,5.595034599304199,0.21957236842105263,4.72039542700115,5.915107789792512
467,contrast/s5,64,0.203125,4.829423427581787,5.294310569763184,0.21935876623376624,4.721811375060639,5.90704548823369
468,contrast/s5,64,0.15625,4.851665019989014,5.590740203857422,0.2185496794871795,4.723476165380234,5.9029902922801485
469,contrast/s5,64,0.234375,4.2192912101745605,5.227190971374512,0.21875,4.717094077339655,5.894435870496532
470,contrast/s5,64,0.1875,4.703564643859863,5.468689918518066,0.218359375,4.716924959421158,5.889114046096802
471,contrast/s5,64,0.296875,3.960587501525879,4.934011459350586,0.2193287037037037,4.707587459940969,5.877322656136972
472,contrast/s5,64,0.25,4.6803717613220215,5.273109436035156,0.21970274390243902,4.707255561177323,5.869954202233291
473,contrast/s5,64,0.359375,3.9520907402038574,5.275841236114502,0.2213855421686747,4.698157189840294,5.862796214689691
474,contrast/s5,64,0.1875,4.541861057281494,5.363312244415283,0.22098214285714285,4.696296521595547,5.85684997694833
475,contrast/s5,64,0.328125,3.961725950241089,5.093653678894043,0.22224264705882352,4.687654514873729,5.84787119697122
476,contrast/s5,64,0.234375,4.289744853973389,5.264636039733887,0.22238372093023256,4.683027658351632,5.841089392817298
477,contrast/s5,64,0.171875,4.745396137237549,5.605194091796875,0.22180316091954022,4.683744537419286,5.838377952575684
478,contrast/s5,64,0.21875,4.561738014221191,5.286059379577637,0.2217684659090909,4.682358099655672,5.832101605155251
479,contrast/s5,64,0.1875,4.15665340423584,5.190140247344971,0.22138342696629212,4.676451305325112,5.824888556191091
480,contrast/s5,64,0.21875,4.283381462097168,5.247250556945801,0.22135416666666666,4.672083862622579,5.818470356199477
481,contrast/s5,64,0.328125,3.872861623764038,5.036162376403809,0.22252747252747251,4.6633012006571,5.809873565212711
482,contrast/s5,64,0.15625,4.543078899383545,5.239001750946045,0.2218070652173913,4.661994436512822,5.803668436796769
483,contrast/s5,64,0.171875,4.670004367828369,5.305280685424805,0.2212701612903226,4.662080564806538,5.7983094287175
484,contrast/s5,64,0.265625,3.972106456756592,5.036167144775391,0.22174202127659576,4.654740414720901,5.790201532079818
485,contrast/s5,64,0.171875,4.568063735961914,5.130429267883301,0.22121710526315788,4.653828028628701,5.78325656087775
486,contrast/s5,64,0.234375,4.5031352043151855,5.338240623474121,0.22135416666666666,4.652258311708768,5.778620978196462
487,contrast/s5,64,0.15625,4.673785209655762,5.229132652282715,0.22068298969072164,4.6524802384917265,5.7729561500942586
488,contrast/s5,64,0.21875,4.383398056030273,5.170135498046875,0.22066326530612246,4.649734501935998,5.766804918950918
489,contrast/s5,64,0.15625,4.566257476806641,5.083329200744629,0.22001262626262627,4.648891299661964,5.759901123817521
490,contrast/s5,64,0.234375,4.747660160064697,5.179309844970703,0.22015625,4.649878988265991,5.754095211029052
491,contrast/s5,64,0.25,4.4634013175964355,5.022783279418945,0.22045173267326731,4.648032674695005,5.746854498834893
492,contrast/s5,64,0.25,4.541842937469482,4.838339328765869,0.22074142156862744,4.646991598839853,5.737947487363629
493,contrast/s5,64,0.3125,3.903282642364502,4.779514312744141,0.22163228155339806,4.639771123534268,5.728642310911012
494,contrast/s5,64,0.21875,4.434891700744629,4.962428569793701,0.22160456730769232,4.637801129084367,5.721274871092576
495,contrast/s5,64,0.25,4.204520225524902,4.887233257293701,0.221875,4.633674644288563,5.7133316176278255
496,contrast/s5,64,0.171875,4.639590740203857,5.15611457824707,0.22140330188679244,4.633730456514178,5.708074853105365
497,contrast/s5,64,0.21875,4.383359909057617,5.105933666229248,0.2213785046728972,4.631390544855706,5.702447365377551
498,contrast/s5,64,0.21875,4.305908679962158,4.986776828765869,0.22135416666666666,4.628376823884469,5.69582078633485
499,contrast/s5,64,0.1875,4.691211700439453,5.281752586364746,0.22104357798165136,4.628953290641855,5.692021995509436
500,contrast/s5,64,0.296875,4.275069236755371,4.672306060791016,0.22173295454545455,4.62573616287925,5.682751850648359
501,contrast/s5,64,0.171875,4.790061950683594,4.957067489624023,0.22128378378378377,4.6272165753819925,5.676214153702195
502,contrast/s5,64,0.25,4.597564220428467,4.9923577308654785,0.22154017857142858,4.626951822212765,5.670108292784009
503,contrast/s5,64,0.234375,4.360492706298828,4.795114517211914,0.2216537610619469,4.624593776939189,5.662364985035584
504,contrast/s5,64,0.3125,4.183371067047119,4.749188423156738,0.22245065789473684,4.620723402291014,5.654354664317348
505,contrast/s5,64,0.28125,4.266744613647461,4.786848545074463,0.22296195652173914,4.617645325868026,5.646811132845671
506,contrast/s5,64,0.25,4.09373664855957,4.644392967224121,0.2231950431034483,4.613128871753298,5.638169596935141
507,contrast/s5,64,0.265625,4.215794086456299,4.570874214172363,0.22355769230769232,4.609732847947341,5.629047414176484
508,contrast/s5,64,0.234375,4.723751068115234,4.877503871917725,0.22364936440677965,4.610699104050458,5.622678401106495
509,contrast/s5,64,0.265625,4.764653205871582,4.823947906494141,0.22400210084033614,4.611992835998535,5.615966380143366
510,contrast/s5,64,0.359375,4.117333889007568,4.746785640716553,0.22513020833333333,4.607870678106944,5.608723207314809
511,contrast/s5,64,0.234375,4.461023330688477,4.675503253936768,0.22520661157024793,4.606657063665469,5.601010645716643
512,contrast/s5,64,0.3125,4.048573017120361,4.578007221221924,0.22592213114754098,4.602082604267558,5.592625371745376
513,contrast/s5,64,0.21875,4.648329257965088,4.949099540710449,0.22586382113821138,4.60245859332201,5.587393454419888
514,contrast/s5,64,0.296875,3.826676607131958,4.263983249664307,0.22643649193548387,4.596202286981767,5.576720791478311
515,contrast/s5,64,0.265625,3.8553879261016846,4.5240983963012695,0.22675,4.590275772094727,5.568299812316894
516,contrast/s5,64,0.171875,4.607710838317871,4.774219036102295,0.22631448412698413,4.59041414563618,5.561997583934239
517,contrast/s5,64,0.234375,4.402693748474121,4.229489326477051,0.2263779527559055,4.5889360322726995,5.551505392930639
518,contrast/s5,64,0.25,3.9039812088012695,4.093544006347656,0.2265625,4.583584822714329,5.5401150695979595
519,contrast/s5,64,0.265625,4.416383266448975,4.897557258605957,0.22686531007751937,4.582288686619249,5.535134001295696
520,contrast/s5,64,0.265625,4.232422828674316,4.501701831817627,0.22716346153846154,4.579597410788903,5.527184523068941
521,contrast/s5,64,0.171875,4.469728469848633,4.232420921325684,0.22674141221374045,4.578758716583252,5.517300831452581
522,contrast/s5,64,0.234375,4.545994281768799,4.321318626403809,0.22679924242424243,4.578510501167991,5.508240360202211
523,contrast/s5,64,0.1875,4.126858711242676,4.196447372436523,0.22650375939849623,4.575114623048251,5.49837725503104
524,contrast/s5,64,0.203125,4.434055328369141,4.257555961608887,0.22632929104477612,4.574061941744676,5.489117394632368
525,contrast/s5,64,0.25,4.359989166259766,4.290369033813477,0.22650462962962964,4.572476217481825,5.48023777714482
526,contrast/s5,64,0.265625,4.257270812988281,4.305291175842285,0.22679227941176472,4.570158530684078,5.471598463899949
527,contrast/s5,64,0.296875,4.087183952331543,4.448383331298828,0.2273038321167883,4.566633168798294,5.464129740304321
528,contrast/s5,64,0.25,4.553049087524414,4.442826271057129,0.22746829710144928,4.566534733426744,5.456728990527167
529,contrast/s5,64,0.296875,4.028824806213379,4.195657253265381,0.22796762589928057,4.562666316684202,5.447656531985715
530,contrast/s5,64,0.234375,4.231194496154785,4.124368667602539,0.22801339285714287,4.560298660823277,5.43820447581155
531,contrast/s5,64,0.234375,4.166745185852051,4.060794830322266,0.22805851063829788,4.557507501426318,5.428435613077583
532,contrast/s5,64,0.1875,4.582370281219482,4.231030464172363,0.22777288732394366,4.557682591424862,5.42000318245149
533,contrast/s5,64,0.234375,4.442016124725342,3.910533905029297,0.22781905594405594,4.556873735014375,5.409447453238747
534,contrast/s5,64,0.359375,3.81266450881958,3.7003931999206543,0.2287326388888889,4.551705615388022,5.397579020924038
535,contrast/s5,64,0.234375,4.043248176574707,4.263241291046143,0.22877155172413793,4.5481990123617235,5.389756002097294
536,contrast/s5,64,0.265625,4.389898777008057,4.137336730957031,0.22902397260273974,4.54711476417437,5.381177787911402
537,contrast/s5,64,0.203125,4.348133087158203,4.067968368530273,0.22884778911564627,4.54576114732392,5.372244390500646
538,contrast/s5,64,0.25,4.486673831939697,3.465749502182007,0.22899070945945946,4.545361908706459,5.359362668282277
539,contrast/s5,64,0.203125,4.1547465324401855,4.304770469665527,0.22881711409395974,4.542740328999974,5.3522848682915605
540,contrast/s5,64,0.15625,4.525759220123291,4.137333393096924,0.22833333333333333,4.542627121607462,5.344185191790263
541,contrast/s5,64,0.21875,4.4836812019348145,3.704479217529297,0.22826986754966888,4.542236751278504,5.33332621182827
542,contrast/s5,64,0.21875,4.26235818862915,3.8906164169311523,0.22820723684210525,4.540395444945285,5.323834700019736
543,contrast/s5,64,0.09375,4.753521919250488,4.508690357208252,0.22732843137254902,4.541788428437476,5.318506959217046
544,contrast/s5,64,0.203125,4.189175128936768,4.095837593078613,0.22717126623376624,4.5394987316874715,5.310567547748615
545,contrast/s5,64,0.25,4.166543960571289,4.114448547363281,0.22731854838709678,4.537092571873819,5.302850650971935
546,contrast/s5,64,0.25,3.9356400966644287,3.7783520221710205,0.22746394230769232,4.5332371072891435,5.293078223864238
547,contrast/s5,64,0.265625,4.135031700134277,3.6407861709594727,0.22770700636942676,4.5307007671161825,5.282554070661022
548,contrast/s5,64,0.359375,3.821742534637451,3.76340651512146,0.22854034810126583,4.526213689695431,5.27293921271457
549,contrast/s5,64,0.203125,4.580080986022949,4.03883695602417,0.22838050314465408,4.526552477722648,5.265177563301422
550,contrast/s5,64,0.3125,3.9285402297973633,3.5976436138153076,0.22890625,4.522814901173115,5.2547554761171344
551,contrast/s5,64,0.203125,4.313965797424316,3.999204158782959,0.22874611801242237,4.521517701770948,5.246957020729965
552,contrast/s5,64,0.328125,3.7757465839385986,3.429103136062622,0.22935956790123457,4.5169141763522305,5.235735700454241
553,contrast/s5,64,0.28125,4.313479423522949,3.940401554107666,0.22967791411042945,4.515666110383952,5.227788865200581
554,contrast/s5,64,0.3125,3.661608934402466,3.363162040710449,0.2301829268292683,4.510458444676748,5.216419189441495
555,contrast/s5,64,0.28125,4.020715713500977,4.060707092285156,0.23049242424242425,4.507490306912047,5.209414873701153
556,contrast/s5,64,0.203125,4.6536078453063965,3.891998052597046,0.23032756024096385,4.508370533046953,5.2014786277908875
557,contrast/s5,64,0.234375,4.326932430267334,3.8130717277526855,0.23035179640718562,4.507284077341685,5.193164814018203
558,contrast/s5,64,0.296875,3.7431788444519043,3.4968299865722656,0.23074776785714285,4.502735831907818,5.183067582902455
559,contrast/s5,64,0.25,4.211128234863281,3.846353054046631,0.23086168639053253,4.501010343167909,5.175158029477272
560,contrast/s5,64,0.296875,3.6055259704589844,3.10563325881958,0.23125,4.495742788034327,5.162984354355756
561,contrast/s5,64,0.265625,4.245302200317383,3.673490047454834,0.23145102339181287,4.494278223193877,5.1542738613329435
562,contrast/s5,64,0.28125,4.438012599945068,3.328022003173828,0.23174055232558138,4.493951097477314,5.143656117971553
563,contrast/s5,64,0.234375,3.879256248474121,3.3824753761291504,0.23175578034682082,4.49039794806111,5.1334758824695745
564,contrast/s5,64,0.28125,4.135140419006348,3.231995105743408,0.23204022988505746,4.488356238124014,5.122547832028619
565,contrast/s5,64,0.1875,4.495933532714844,3.5746262073516846,0.2317857142857143,4.488399536950248,5.113702565601894
566,contrast/s5,64,0.234375,4.614689826965332,3.7987399101257324,0.23180042613636365,4.489117095416242,5.106231186877597
567,contrast/s5,64,0.28125,4.057229995727539,3.526571273803711,0.232079802259887,4.486677055305007,5.097306554600344
568,contrast/s5,64,0.34375,3.7992210388183594,3.6993303298950195,0.23270716292134833,4.482814942852834,5.089452755585145
569,contrast/s5,64,0.265625,4.353290557861328,3.233367919921875,0.23289106145251395,4.482091342936681,5.079083566559094
570,contrast/s5,64,0.15625,4.421394348144531,3.5160603523254395,0.23246527777777778,4.481754137410058,5.0704001042577955
571,contrast/s5,64,0.171875,4.7638092041015625,3.823213577270508,0.23213052486187846,4.483312452695646,5.063509570959523
572,contrast/s5,64,0.265625,3.9135489463806152,3.2507739067077637,0.23231456043956045,4.48018188397963,5.053549484892206
573,contrast/s5,64,0.296875,3.827083110809326,3.420210361480713,0.23266734972677597,4.476613038224601,5.04462413449105
574,contrast/s5,64,0.328125,4.083817958831787,3.0363025665283203,0.23318614130434784,4.474478282358335,5.033709343360818
575,contrast/s5,64,0.234375,4.23427152633667,3.2271552085876465,0.23319256756756757,4.473179867460921,5.023944185875558
576,contrast/s5,64,0.265625,4.027891635894775,3.100815534591675,0.23336693548387097,4.470785844710566,5.013604784524569
577,contrast/s5,64,0.265625,4.0530524253845215,2.9902989864349365,0.2335394385026738,4.46855197615802,5.002784967422485
578,contrast/s5,64,0.21875,4.372103214263916,3.082879066467285,0.23346077127659576,4.468038950828796,4.992572701991873
579,contrast/s5,64,0.21875,4.193680763244629,2.972602128982544,0.2333829365079365,4.466587320206657,4.981885027002405
580,contrast/s5,64,0.234375,4.845218658447266,2.956019401550293,0.23338815789473685,4.468580116723713,4.971222576342131
581,contrast/s5,64,0.203125,4.341580867767334,3.3552794456481934,0.2332297120418848,4.46791519918991,4.962762141102895
582,contrast/s5,64,0.234375,4.265834331512451,3.2813897132873535,0.23323567708333334,4.466862694670756,4.954004993041356
583,contrast/s5,64,0.234375,4.6628522872924805,2.9755477905273438,0.23324158031088082,4.467878184787968,4.943753919453201
584,contrast/s5,64,0.25,4.277101039886475,3.113863468170166,0.23332796391752578,4.466894797443115,4.934321494446587
585,contrast/s5,64,0.359375,3.5413568019866943,2.9429187774658203,0.23397435897435898,4.462148448748466,4.924109172821045
586,contrast/s5,64,0.34375,3.699967622756958,2.900582790374756,0.2345344387755102,4.458259771064836,4.913785058624891
587,contrast/s5,64,0.25,4.181436061859131,2.923377513885498,0.23461294416243655,4.456854574571406,4.903681467027228
588,contrast/s5,64,0.21875,4.556979179382324,3.111419200897217,0.2345328282828283,4.457360254393683,4.8946296374003095
589,contrast/s5,64,0.25,4.473886966705322,2.8743152618408203,0.2346105527638191,4.45744330319927,4.884477303854784
590,contrast/s5,64,0.234375,3.8533434867858887,3.264695644378662,0.234609375,4.454422804117203,4.876378395557404
591,contrast/s5,64,0.28125,3.9962315559387207,3.0714271068573,0.23484141791044777,4.4521432456685535,4.867398538399692
592,contrast/s5,64,0.21875,4.297132968902588,2.955789089202881,0.23476175742574257,4.4513758680608015,4.857935125284856
593,contrast/s5,64,0.25,4.450165271759033,2.83607816696167,0.23483682266009853,4.451369904532221,4.847975238790653
594,contrast/s5,64,0.203125,4.135859966278076,2.9507498741149902,0.2346813725490196,4.449823287187838,4.838675114454007
595,contrast/s5,64,0.265625,4.4151930809021,3.330615758895874,0.23483231707317073,4.449654359352298,4.831318727353724
596,contrast/s5,64,0.265625,4.358463287353516,2.797621250152588,0.23498179611650485,4.449211684245507,4.821446409503233
597,contrast/s5,64,0.1875,4.888225078582764,2.7321035861968994,0.23475241545893719,4.451332521899311,4.8113529659123815
598,contrast/s5,64,0.171875,5.232524394989014,2.8860058784484863,0.23445012019230768,4.455088252058396,4.802096489530343
599,contrast/s5,64,0.1875,4.5462965965271,3.0565762519836426,0.23422547846889952,4.455524655620447,4.793744718058828
600,contrast/s5,64,0.1875,4.730526924133301,2.5943222045898438,0.2340029761904762,4.456834190232414,4.7832712775185
601,contrast/s5,64,0.265625,4.193124294281006,2.7033801078796387,0.23415284360189573,4.455584380298994,4.7734139733969885
602,contrast/s5,64,0.234375,4.485318660736084,2.6749465465545654,0.23415389150943397,4.4557246363387915,4.763515542138298
603,contrast/s5,64,0.265625,3.7806320190429688,2.765749931335449,0.23430164319248825,4.452555187431299,4.754136360866923
604,contrast/s5,64,0.265625,4.666909694671631,2.7895143032073975,0.2344480140186916,4.453556844007189,4.744955883961972
605,contrast/s5,64,0.234375,4.798231601715088,2.679567337036133,0.23444767441860465,4.4551599824151324,4.735349425604177
606,contrast/s5,64,0.28125,4.800163269042969,2.8151371479034424,0.23466435185185186,4.456757219853224,4.726459553948155
607,contrast/s5,64,0.265625,4.681560039520264,3.1847331523895264,0.23480702764976957,4.457793177547543,4.7193548239870555
608,contrast/s5,64,0.28125,4.012092113494873,2.812551736831665,0.23502006880733944,4.455748677253723,4.710608020834966
609,contrast/s5,64,0.265625,4.3484086990356445,2.5776162147521973,0.23515981735159816,4.4552585403668825,4.700868332222717
610,contrast/s5,64,0.3125,4.071141719818115,2.381150722503662,0.23551136363636363,4.453512554818934,4.690324161269448
611,contrast/s5,64,0.25,4.812333106994629,2.590132713317871,0.23557692307692307,4.455136177226969,4.680821032545685
612,contrast/s5,64,0.1875,4.936380863189697,2.927002429962158,0.23536036036036037,4.457303946082656,4.672920948750264
613,contrast/s5,64,0.21875,4.486963272094727,2.34905743598938,0.2352858744394619,4.457436947544594,4.662500036136986
614,contrast/s5,64,0.28125,4.24931526184082,2.6000211238861084,0.23549107142857142,4.456507832876274,4.653292540993009
615,contrast/s5,64,0.1875,4.601191520690918,2.8035616874694824,0.23527777777777778,4.457150871488783,4.645071514977349
616,contrast/s5,64,0.15625,5.063023090362549,2.5896542072296143,0.23492809734513273,4.459831722014774,4.635976748128908
617,contrast/s5,64,0.203125,4.695537567138672,2.367480516433716,0.23478799559471367,4.460870073755407,4.625983372658885
618,contrast/s5,64,0.234375,4.4267258644104,3.125838041305542,0.23478618421052633,4.460720318451262,4.619403787872248
619,contrast/s5,64,0.203125,5.0604143142700195,2.8022804260253906,0.23464792576419213,4.463339069524706,4.6114687513576325
620,contrast/s5,64,0.140625,5.176170825958252,2.86716890335083,0.23423913043478262,4.466438338030939,4.603884838974994
621,contrast/s5,64,0.25,4.5306243896484375,2.448612689971924,0.2343073593073593,4.466716199726253,4.594554656511777
622,contrast/s5,64,0.265625,4.087138652801514,2.6349947452545166,0.23444234913793102,4.465080089610199,4.586108277583945
623,contrast/s5,64,0.25,4.083192348480225,2.1006035804748535,0.23450912017167383,4.463441086429383,4.575440875450429
624,contrast/s5,64,0.25,4.462168216705322,2.596759557723999,0.2345753205128205,4.463435646815178,4.566984972383222
625,contrast/s5,64,0.296875,4.248060703277588,2.9516379833221436,0.2348404255319149,4.462519157693741,4.560111155408494
626,contrast/s5,64,0.234375,4.395018100738525,2.8455963134765625,0.2348384533898305,4.462233136265965,4.552846262010477
627,contrast/s5,64,0.265625,4.8307204246521,2.462364435195923,0.23496835443037975,4.463787934951139,4.544025663585099
628,contrast/s5,64,0.359375,3.786367416381836,2.5847086906433105,0.23549107142857142,4.460941630251267,4.535793239329042
629,contrast/s5,64,0.203125,5.616576671600342,2.6300947666168213,0.23535564853556484,4.465776923311306,4.527819605552003
630,contrast/s5,64,0.359375,3.73292875289917,2.25114369392395,0.23587239583333333,4.4627233892679214,4.518333455920219
631,contrast/s5,64,0.265625,4.162316799163818,2.248906373977661,0.23599585062240663,4.461476888894046,4.508916746036641
632,contrast/s5,64,0.1875,4.871359348297119,2.30696964263916,0.23579545454545456,4.463170618065132,4.499817791063924
633,contrast/s5,64,0.171875,5.399202346801758,2.7665183544158936,0.2355324074074074,4.467022600487917,4.492684871571544
634,contrast/s5,64,0.296875,4.279738903045654,2.342273473739624,0.23578381147540983,4.466255044350858,4.483871710105021
635,contrast/s5,64,0.234375,4.426988124847412,2.2292869091033936,0.2357780612244898,4.466094771210028,4.474669323162157
636,contrast/s5,64,0.203125,5.21729040145874,2.2011544704437256,0.23564532520325204,4.469148411983397,4.4654273928665535
637,contrast/s5,64,0.234375,4.606777191162109,2.2386674880981445,0.2356401821862348,4.469705613518533,4.456412170580042
638,contrast/s5,64,0.328125,4.101515769958496,2.2720947265625,0.2360131048387097,4.468220977052566,4.447604438950939
639,contrast/s5,64,0.28125,4.586333274841309,1.969963788986206,0.23619477911646586,4.468695323630031,4.437654074894855
640,contrast/s5,64,0.234375,4.5353102684021,2.439128875732422,0.2361875,4.468961783409119,4.429659974098206
641,contrast/s5,64,0.21875,4.761026859283447,2.5880117416381836,0.2361180278884462,4.470125389289096,4.422322730144182
642,contrast/s5,64,0.203125,4.6741814613342285,2.316871166229248,0.23598710317460317,4.4709351356067355,4.413967763620709
643,contrast/s5,64,0.28125,4.961114883422852,2.0291008949279785,0.23616600790513834,4.472872604965692,4.404541412361055
644,contrast/s5,64,0.3125,4.572171688079834,2.331331253051758,0.23646653543307086,4.473263546237796,4.396379167639364
645,contrast/s5,64,0.203125,5.542593479156494,2.185995101928711,0.23633578431372548,4.477456996955124,4.387710994832656
646,contrast/s5,64,0.21875,5.351733684539795,2.2412149906158447,0.23626708984375,4.480872140266001,4.379326244816184
647,contrast/s5,64,0.28125,4.495697021484375,2.5732839107513428,0.23644212062256809,4.480929824628719,4.372298842738111
648,contrast/s5,64,0.265625,5.344753742218018,2.337979316711426,0.23655523255813954,4.484277979348057,4.364413883334906
649,contrast/s5,64,0.28125,4.544676303863525,2.6277194023132324,0.23672779922779924,4.48451117751221,4.3577084992382975
650,contrast/s5,64,0.296875,3.998591899871826,2.001530647277832,0.23695913461538462,4.482642257213593,4.348646276730758
651,contrast/s5,64,0.1875,4.292344093322754,2.005815029144287,0.23676963601532566,4.4819131454745476,4.339669911797476
652,contrast/s5,64,0.234375,4.781121730804443,2.060129165649414,0.2367604961832061,4.483055162975806,4.330969374598437
653,contrast/s5,64,0.296875,4.393254280090332,2.06935977935791,0.23698906844106463,4.482713714751907,4.322370098570907
654,contrast/s5,64,0.296875,4.441361904144287,2.0117053985595703,0.2372159090909091,4.482557079105666,4.313617580767834
655,contrast/s5,64,0.203125,4.668290615081787,2.55588436126709,0.2370872641509434,4.483257960373501,4.306984625222548
656,contrast/s5,64,0.296875,4.5504536628723145,1.6554226875305176,0.23731203007518797,4.483510575796428,4.2970163472613
657,contrast/s5,64,0.203125,5.196803092956543,2.0482664108276367,0.23718398876404495,4.486182083351335,4.288594062855181
658,contrast/s5,64,0.296875,5.151051044464111,2.144474506378174,0.23740671641791045,4.488662937683846,4.280593616748924
659,contrast/s5,64,0.125,5.50235652923584,2.7136545181274414,0.23698884758364314,4.492431315347607,4.274768564337691
660,contrast/s5,64,0.25,4.688694000244141,2.1473748683929443,0.23703703703703705,4.493158214180558,4.266889328426785
661,contrast/s5,64,0.25,4.641980171203613,2.206915855407715,0.2370848708487085,4.493707372693558,4.259287950297563
662,contrast/s5,64,0.34375,4.351532936096191,2.210388660430908,0.23747702205882354,4.493184672559009,4.251755232320113
663,contrast/s5,64,0.328125,4.7036213874816895,2.1845455169677734,0.23780906593406592,4.493955503016601,4.24418303556058
664,contrast/s5,64,0.125,5.795361042022705,2.1018788814544678,0.23739735401459855,4.498705158268448,4.236364407260923
665,contrast/s5,64,0.28125,5.47108793258667,2.2295145988464355,0.23755681818181817,4.502241095629605,4.229066771593961
666,contrast/s5,64,0.234375,4.669395923614502,2.175448179244995,0.23754528985507245,4.502846729064333,4.221626124520233
667,contrast/s5,64,0.21875,5.142174243927002,2.445263385772705,0.23747743682310468,4.505154770634235,4.215213262647498
668,contrast/s5,64,0.234375,5.585655689239502,1.9649057388305664,0.23746627697841727,4.509041464586052,4.207118631266861
669,contrast/s5,64,0.28125,4.673275470733643,2.1756153106689453,0.23762320788530467,4.509630116937836,4.199837257357909
670,contrast/s5,64,0.109375,5.991810321807861,2.3605611324310303,0.23716517857142858,4.514923617669514,4.193268414054598
671,contrast/s5,64,0.15625,5.526230335235596,2.016112804412842,0.23687722419928825,4.518522573959785,4.185520529322777
672,contrast/s5,64,0.109375,5.936358451843262,1.7850794792175293,0.23642508865248227,4.52355036076079,4.177008327017439
673,contrast/s5,64,0.203125,5.503556728363037,2.2500758171081543,0.23630742049469966,4.527013280787653,4.1701993782191735
674,contrast/s5,64,0.234375,5.304419040679932,2.16599440574646,0.2363006161971831,4.5297506250126265,4.163142318456945
675,contrast/s5,64,0.359375,4.1323628425598145,2.119169235229492,0.23673245614035088,4.528356281916301,4.1559704830771995
676,contrast/s5,64,0.203125,5.399483680725098,2.2478225231170654,0.23661494755244755,4.531402181912135,4.149298637063353
677,contrast/s5,64,0.15625,5.488266944885254,2.285463333129883,0.23633493031358885,4.534736205476501,4.1428044373980795
678,contrast/s5,64,0.21875,5.087015628814697,2.2439074516296387,0.2362738715277778,4.536653842363092,4.136211045086384
679,contrast/s5,64,0.171875,6.0825514793396,2.152815341949463,0.23605103806228372,4.5420029691346375,4.129348084175875
680,contrast/s5,64,0.140625,5.823080062866211,1.9042387008666992,0.2357219827586207,4.546420476354402,4.1216752931989475
681,contrast/s5,64,0.265625,5.188378810882568,2.1357617378234863,0.23582474226804123,4.548626518741097,4.114850847991471
682,contrast/s5,64,0.296875,4.822249889373779,1.6509194374084473,0.2360338184931507,4.54956358507888,4.106412726722351
683,contrast/s5,64,0.234375,5.234148979187012,1.9730666875839233,0.23602815699658702,4.55190005400075,4.099131682220173
684,contrast/s5,64,0.21875,4.568004131317139,1.7759960889816284,0.23596938775510204,4.551954829773935,4.0912298604744635
685,contrast/s5,64,0.203125,5.7673468589782715,1.9967737197875977,0.23585805084745762,4.556074802754289,4.084130009150101
686,contrast/s5,64,0.234375,4.741654396057129,1.8403102159500122,0.23585304054054054,4.556701760839772,4.076549536875777
687,contrast/s5,64,0.265625,4.79263162612915,2.134263753890991,0.23595328282828282,4.557496137490578,4.070009854104784
688,contrast/s5,64,0.21875,5.412820816040039,1.8668092489242554,0.23589555369127516,4.56036635453269,4.062616563483372
689,contrast/s5,64,0.140625,4.964202404022217,1.9604120254516602,0.23557692307692307,4.561716976771785,4.05558577907524
690,contrast/s5,64,0.21875,5.358972072601318,2.067081928253174,0.23552083333333335,4.564374493757883,4.048957432905833
691,contrast/s5,64,0.15625,5.649229526519775,1.8585238456726074,0.23525747508305647,4.567978663301943,4.04168024490838
692,contrast/s5,64,0.265625,5.009561538696289,1.721961498260498,0.2353580298013245,4.56944085825358,4.033999057005572
693,contrast/s5,64,0.1875,5.40051794052124,1.8098719120025635,0.23520008250825084,4.572183686907929,4.026658703391702
694,contrast/s5,64,0.15625,6.237637042999268,2.116830825805664,0.23494037828947367,4.577662151895072,4.020376374847011
695,contrast/s5,64,0.1875,6.314578533172607,1.7465014457702637,0.23478483606557377,4.583356959702539,4.0129210472106935
696,contrast/s5,64,0.25,5.617827415466309,1.715325117111206,0.2348345588235294,4.586737582106996,4.005412563778996
697,contrast/s5,64,0.109375,5.6843366622924805,2.112466335296631,0.23442589576547232,4.590312823410531,3.999246615152017
698,contrast/s5,64,0.296875,4.768604755401611,1.608567476272583,0.2346286525974026,4.590891693319593,3.9914846698959154
699,contrast/s5,64,0.203125,5.8032684326171875,1.6892786026000977,0.2345266990291262,4.594815242637709,3.9840341648237603
700,contrast/s5,64,0.21875,4.979815483093262,2.1877806186676025,0.2344758064516129,4.596057178897242,3.9782397985458373
701,contrast/s5,64,0.296875,4.074808120727539,2.108057975769043,0.23467644694533762,4.594381136909559,3.9722263521703494
702,contrast/s5,64,0.234375,5.609719753265381,1.659109354019165,0.23467548076923078,4.597635427346597,3.9648125156378136
703,contrast/s5,64,0.28125,4.762904167175293,1.8532443046569824,0.23482428115015974,4.5981634424898195,3.9580662913215807
704,contrast/s5,64,0.25,4.841793537139893,1.9389398097991943,0.23487261146496816,4.598939334510997,3.951635952208452
705,contrast/s5,64,0.203125,6.351286888122559,1.698115348815918,0.2347718253968254,4.6045023426177005,3.9444819185468885
706,contrast/s5,64,0.234375,4.711272716522217,1.5594254732131958,0.23477056962025317,4.604840223547779,3.9369342715679845
707,contrast/s5,64,0.296875,4.694830417633057,1.548913836479187,0.23496648264984227,4.605124104286218,3.929401084075591
708,contrast/s5,64,0.296875,4.412719249725342,1.9941620826721191,0.23516116352201258,4.6045190575737625,3.923315426838473
709,contrast/s5,64,0.234375,5.193130970001221,2.035691499710083,0.23515869905956113,4.606364235982626,3.9173981104524906
710,contrast/s5,64,0.234375,5.541251182556152,1.9765106439590454,0.23515625,4.609285757690668,3.9113328371196987
711,contrast/s5,64,0.15625,5.760936737060547,1.7881332635879517,0.23491043613707166,4.6128734554457145,3.9047185082301916
712,contrast/s5,64,0.265625,4.93334436416626,1.9297876358032227,0.23500582298136646,4.613868706715033,3.8985851825394247
713,contrast/s5,64,0.203125,4.72521448135376,1.9654302597045898,0.23490712074303405,4.614213430475524,3.892600182778326
714,contrast/s5,64,0.28125,5.840235710144043,1.6898841857910156,0.23505015432098766,4.617997449857217,3.885801676614785
715,contrast/s5,64,0.1875,5.776144504547119,1.919311285018921,0.23490384615384616,4.621560979256263,3.8797509369483363
716,contrast/s5,64,0.1875,5.4864068031311035,1.875853180885315,0.23475843558282208,4.624213880556493,3.873604011316241
717,contrast/s5,64,0.28125,4.90665864944458,1.7227747440338135,0.23490061162079512,4.625077626027099,3.867026551783267
718,contrast/s5,64,0.21875,5.640015125274658,1.727674961090088,0.23485137195121952,4.628171947671146,3.8605041383970073
719,contrast/s5,64,0.140625,5.362424850463867,1.9155855178833008,0.23456496960486323,4.630403719412158,3.8545925316477256
720,contrast/s5,64,0.28125,4.652893543243408,1.9621758460998535,0.2347064393939394,4.630471870393464,3.848857935630914
721,contrast/s5,64,0.21875,5.648740291595459,1.9759516716003418,0.2346582326283988,4.633548210034558,3.8431996085492504
722,contrast/s5,64,0.296875,4.943607807159424,1.6095647811889648,0.23484563253012047,4.634482124483729,3.8364717928041894
723,contrast/s5,64,0.28125,4.854245662689209,1.4695320129394531,0.234984984984985,4.63514207504891,3.8293638655373283
724,contrast/s5,64,0.203125,5.980328559875488,1.731737732887268,0.23488959580838323,4.639169579494499,3.8230835477749032
725,contrast/s5,64,0.34375,4.3262529373168945,1.622045874595642,0.23521455223880597,4.638235499965611,3.81651328606392
726,contrast/s5,64,0.1875,5.292972564697266,1.7554807662963867,0.23507254464285715,4.640184122182074,3.810379260707469
727,contrast/s5,64,0.15625,5.508574962615967,1.7721264362335205,0.23483864985163205,4.642760949601759,3.804331032741671
728,contrast/s5,64,0.1875,5.569223403930664,1.4980499744415283,0.23469859467455623,4.645501962780247,3.7975077160011383
729,contrast/s5,64,0.28125,5.233042240142822,1.5554417371749878,0.2348359144542773,4.647235119940609,3.7908939520517984
730,contrast/s5,64,0.1875,5.454092502593994,1.8171736001968384,0.2346966911764706,4.649608229889589,3.7850888921934014
731,contrast/s5,64,0.234375,5.276914119720459,1.3933931589126587,0.23469574780058652,4.6514478366046355,3.7780751217145725
732,contrast/s5,64,0.1875,5.8184638023376465,1.7493298053741455,0.2345577485380117,4.65486016398982,3.7721431178656237
733,contrast/s5,64,0.28125,6.240283012390137,1.7261499166488647,0.23469387755102042,4.659482388037635,3.76617812310989
734,contrast/s5,64,0.3125,5.3172454833984375,1.3314719200134277,0.23492005813953487,4.661394490059032,3.759100488798563
735,contrast/s5,64,0.3125,4.788939952850342,1.7560126781463623,0.2351449275362319,4.66176418705263,3.753294437173484
736,contrast/s5,64,0.296875,4.91115665435791,1.6014595031738281,0.23532333815028902,4.662484974530391,3.7470752610636584
737,contrast/s5,64,0.125,6.25324010848999,1.8643717765808105,0.23500540345821325,4.667069283273791,3.7416496026069357
738,contrast/s5,64,0.1875,5.948607921600342,1.750206470489502,0.2348688936781609,4.670751865567832,3.7359270648709657
739,contrast/s5,64,0.1875,5.926301956176758,1.9002611637115479,0.23473316618911175,4.6743494302973705,3.7306672771885605
740,contrast/s5,64,0.234375,5.252191543579102,1.7429466247558594,0.23473214285714286,4.6760004077638895,3.7249880753244673
741,contrast/s5,64,0.203125,5.992419242858887,1.5948247909545898,0.23464209401709402,4.679750888775557,3.7189192340584563
742,contrast/s5,64,0.234375,6.028386116027832,1.538332462310791,0.23464133522727273,4.683582238852978,3.712724385275082
743,contrast/s5,64,0.234375,5.19765567779541,1.7790658473968506,0.2346405807365439,4.685038537546865,3.707246599048798
744,contrast/s5,64,0.203125,4.823241710662842,1.9752024412155151,0.2345515536723164,4.685428941990696,3.7023538189419245
745,contrast/s5,64,0.21875,5.39247465133667,1.4634208679199219,0.23450704225352112,4.6874206200451916,3.696046965558764
746,contrast/s5,64,0.265625,5.193666934967041,1.8403868675231934,0.234594452247191,4.688842660255647,3.6908344371934954
747,contrast/s5,64,0.28125,4.985445499420166,1.271449327468872,0.2347251400560224,4.689673480533418,3.6840574480906256
748,contrast/s5,64,0.28125,5.511274814605713,1.5766539573669434,0.23485509776536312,4.691968456326916,3.6781708461612297
749,contrast/s5,64,0.15625,5.646225929260254,1.6923623085021973,0.23463614206128133,4.694626555137315,3.67263934605633
750,contrast/s5,64,0.15625,6.009457588195801,1.573681354522705,0.23441840277777778,4.698278863562478,3.666808907190959
751,contrast/s5,64,0.171875,6.0722174644470215,1.8802151679992676,0.23424515235457063,4.702084787664651,3.661859894063004
752,contrast/s5,64,0.203125,5.7627387046813965,1.4365259408950806,0.23415918508287292,4.70501477086083,3.6557125627006615
753,contrast/s5,64,0.15625,6.501760005950928,1.6473166942596436,0.23394455922865015,4.709964482252263,3.650179791713221
754,contrast/s5,64,0.203125,5.723727703094482,1.6525425910949707,0.2338598901098901,4.712749546045785,3.644691777425808
755,contrast/s5,64,0.1875,6.793704986572266,1.635481357574463,0.23373287671232876,4.718450793828049,3.639187091344023
756,contrast/s5,64,0.1875,6.542334079742432,1.5318148136138916,0.2336065573770492,4.723434081494482,3.6334292435906623
757,contrast/s5,64,0.25,5.716423988342285,1.6096882820129395,0.23365122615803816,4.72613977606355,3.6279149630414045
758,contrast/s5,64,0.296875,5.165099143981934,1.505427360534668,0.23382302989130435,4.727332600432893,3.6221473336867662
759,contrast/s5,64,0.203125,6.064946174621582,1.4600164890289307,0.23373983739837398,4.730957569468635,3.6162879005034116
760,contrast/s5,64,0.171875,5.993356227874756,1.6005299091339111,0.23357263513513513,4.734369457734598,3.610839905932143
761,contrast/s5,64,0.09375,6.258149147033691,1.9444620609283447,0.23319575471698112,4.738476680616806,3.606348321444262
762,contrast/s5,64,0.21875,5.985220909118652,1.709287405014038,0.23315692204301075,4.741828143596649,3.601248695324826
763,contrast/s5,64,0.1875,6.095213890075684,1.4892535209655762,0.23303451742627346,4.74545652361402,3.5955865098707798
764,contrast/s5,64,0.140625,6.649734973907471,1.5684818029403687,0.23278743315508021,4.750548177224429,3.5901664438094687
765,contrast/s5,64,0.296875,5.235297203063965,1.564239263534546,0.23295833333333332,4.751840841293335,3.5847639713287354
766,contrast/s5,64,0.28125,5.047809600830078,1.6860039234161377,0.23308676861702127,4.75262799224955,3.579714077584287
767,contrast/s5,64,0.234375,5.2123236656188965,1.5923817157745361,0.2330901856763926,4.753847344168301,3.574442638958797
768,contrast/s5,64,0.15625,5.977787017822266,1.6557339429855347,0.23288690476190477,4.757085279812888,3.5693666900276506
769,contrast/s5,64,0.21875,5.508382320404053,1.7344679832458496,0.2328496042216359,4.759067593904158,3.564525268637725
770,contrast/s5,64,0.15625,6.5900349617004395,1.8191969394683838,0.23264802631578949,4.763885929082569,3.559932299350437
771,contrast/s5,64,0.125,6.711472034454346,1.6284584999084473,0.23236548556430447,4.768997703637351,3.554862814312532
772,contrast/s5,64,0.25,5.380113124847412,1.6624202728271484,0.23241164921465968,4.770597482226906,3.5499087762458164
773,contrast/s5,64,0.171875,5.984993934631348,1.4949227571487427,0.232253590078329,4.773768230144411,3.5445432775014374
774,contrast/s5,64,0.296875,5.2583465576171875,1.5665267705917358,0.232421875,4.775030152872205,3.5393921928480268
775,contrast/s5,64,0.21875,5.9361443519592285,1.5498251914978027,0.23238636363636364,4.778046033908795,3.5342244863510133
776,contrast/s5,64,0.25,5.992242813110352,1.3268029689788818,0.23243199481865284,4.781191621419679,3.5285057777567848
777,contrast/s5,64,0.1875,6.260571479797363,1.6061805486679077,0.2323158914728682,4.785014308392231,3.5235385291028085
778,contrast/s5,64,0.21875,6.299001693725586,1.3151357173919678,0.23228092783505155,4.788916337735874,3.5178467692788113
779,contrast/s5,64,0.15625,6.258059024810791,1.5604931116104126,0.23208547557840617,4.79269305415509,3.5128150118040855
780,contrast/s5,64,0.21875,5.878948211669922,1.4181116819381714,0.23205128205128206,4.795478323789744,3.507443977624942
781,contrast/s5,40,0.17499999701976776,5.898462772369385,1.785531997680664,0.2319053708363677,4.798299255883298,3.5030401106685627
782,defocus_blur/s5,64,0.203125,4.905360221862793,6.291971683502197,0.203125,4.905360221862793,6.291971683502197
783,defocus_blur/s5,64,0.09375,5.567635536193848,6.396903038024902,0.1484375,5.23649787902832,6.34443736076355
784,defocus_blur/s5,64,0.15625,5.327066421508789,6.350887298583984,0.15104166666666666,5.266687393188477,6.346587340037028
785,defocus_blur/s5,64,0.125,5.5026774406433105,6.348920822143555,0.14453125,5.325684905052185,6.34717071056366
786,defocus_blur/s5,64,0.140625,5.461513042449951,6.3439717292785645,0.14375,5.352850532531738,6.346530914306641
787,defocus_blur/s5,64,0.078125,5.40384578704834,6.372895240783691,0.1328125,5.361349741617839,6.350924968719482
788,defocus_blur/s5,64,0.171875,5.197263240814209,6.360102653503418,0.13839285714285715,5.337908812931606,6.352236066545759
789,defocus_blur/s5,64,0.125,5.37144660949707,6.372314453125,0.13671875,5.342101037502289,6.354745864868164
790,defocus_blur/s5,64,0.109375,5.2832841873168945,6.285033226013184,0.13368055555555555,5.335565831926134,6.3470000161065
791,defocus_blur/s5,64,0.15625,5.049211025238037,6.293473243713379,0.1359375,5.306930351257324,6.341647338867188
792,defocus_blur/s5,64,0.125,5.217373371124268,6.244935512542725,0.13494318181818182,5.298788807608864,6.332855354655873
793,defocus_blur/s5,64,0.078125,5.591352939605713,6.2035346031188965,0.13020833333333334,5.3231691519419355,6.322078625361125
794,defocus_blur/s5,64,0.125,5.528779983520508,6.403632164001465,0.12980769230769232,5.3389853697556715,6.328351974487305
795,defocus_blur/s5,64,0.125,5.132382869720459,6.37174129486084,0.12946428571428573,5.324228048324585,6.331451211656843
796,defocus_blur/s5,64,0.1875,5.022497653961182,6.256290435791016,0.13333333333333333,5.304112688700358,6.326440493265788
797,defocus_blur/s5,64,0.25,4.835947513580322,6.186469078063965,0.140625,5.274852365255356,6.317692279815674
798,defocus_blur/s5,64,0.21875,4.910862445831299,6.153269290924072,0.14522058823529413,5.253441193524529,6.308020339292638
799,defocus_blur/s5,64,0.140625,5.534544944763184,6.2562456130981445,0.1449652777777778,5.269058068593343,6.305143965615167
800,defocus_blur/s5,64,0.140625,5.233144283294678,6.242835998535156,0.14473684210526316,5.267167869367097,6.301864598926745
801,defocus_blur/s5,64,0.15625,5.419486045837402,6.287045955657959,0.1453125,5.274783778190613,6.3011236667633055
802,defocus_blur/s5,64,0.21875,4.812952041625977,6.103107452392578,0.1488095238095238,5.252791790735154,6.291694323221843
803,defocus_blur/s5,64,0.140625,5.403597831726074,6.319284439086914,0.1484375,5.259646610780195,6.292948419397527
804,defocus_blur/s5,64,0.171875,5.1622700691223145,6.285562515258789,0.14945652173913043,5.255412848099418,6.292627293130626
805,defocus_blur/s5,64,0.140625,5.3898162841796875,6.21077299118042,0.14908854166666666,5.261012991269429,6.289216697216034
806,defocus_blur/s5,64,0.125,5.281376361846924,6.196873664855957,0.148125,5.261827526092529,6.285522975921631
807,defocus_blur/s5,64,0.15625,5.121978759765625,6.234740257263184,0.1484375,5.256448727387649,6.283569794434768
808,defocus_blur/s5,64,0.125,5.2926788330078125,6.186908721923828,0.14756944444444445,5.257790583151358,6.27998975471214
809,defocus_blur/s5,64,0.15625,5.299339294433594,6.2820234298706055,0.14787946428571427,5.259274465697152,6.2800623859678
810,defocus_blur/s5,64,0.09375,5.406269073486328,6.1548662185668945,0.14601293103448276,5.264343245276089,6.275745276747079
811,defocus_blur/s5,64,0.234375,4.61117696762085,6.027264595031738,0.14895833333333333,5.242571036020915,6.267462587356567
812,defocus_blur/s5,64,0.21875,4.920166492462158,6.057029724121094,0.15120967741935484,5.232170889454503,6.260674430478003
813,defocus_blur/s5,64,0.1875,4.833982944488525,6.11649751663208,0.15234375,5.219727516174316,6.256168901920319
814,defocus_blur/s5,64,0.109375,5.346928119659424,6.165895462036133,0.15104166666666666,5.223582079916289,6.253433343135949
815,defocus_blur/s5,64,0.28125,4.859219551086426,6.116973876953125,0.15487132352941177,5.212865534950705,6.249419829424689
816,defocus_blur/s5,64,0.1875,4.812222003936768,6.007183074951172,0.15580357142857143,5.201418576921736,6.242498779296875
817,defocus_blur/s5,64,0.171875,5.185358047485352,6.115634918212891,0.15625,5.200972451104058,6.238974783155653
818,defocus_blur/s5,64,0.09375,5.317688941955566,6.163549423217773,0.1545608108108108,5.204126950856802,6.2369362599140885
819,defocus_blur/s5,64,0.25,4.554351806640625,5.998899459838867,0.15707236842105263,5.187027604956376,6.23067213359632
820,defocus_blur/s5,64,0.109375,5.225964546203613,6.161341667175293,0.15584935897435898,5.188025988065279,6.228894429329114
821,defocus_blur/s5,64,0.1875,5.036733627319336,6.0849175453186035,0.156640625,5.184243679046631,6.225295007228851
822,defocus_blur/s5,64,0.125,5.050278186798096,6.087811470031738,0.1558689024390244,5.180976228016179,6.221941750224044
823,defocus_blur/s5,64,0.109375,5.177030563354492,6.182260513305664,0.15476190476190477,5.180882283619472,6.220996958868844
824,defocus_blur/s5,64,0.09375,5.458987712860107,6.174298286437988,0.15334302325581395,5.187349851741347,6.219910943230917
825,defocus_blur/s5,64,0.140625,5.370197296142578,6.20667839050293,0.15305397727272727,5.191505475477739,6.21961020339619
826,defocus_blur/s5,64,0.15625,5.159519672393799,6.171897888183594,0.153125,5.190794679853651,6.2185499297248
827,defocus_blur/s5,64,0.125,4.852248191833496,6.076999664306641,0.15251358695652173,5.183434973592344,6.215472750041796
828,defocus_blur/s5,64,0.1875,4.944863319396973,6.084108829498291,0.15325797872340424,5.178358980949889,6.212677773008955
829,defocus_blur/s5,64,0.171875,4.96339750289917,6.091506004333496,0.15364583333333334,5.1738806168238325,6.21015336116155
830,defocus_blur/s5,64,0.203125,4.798391342163086,5.930212497711182,0.15465561224489796,5.166217570402185,6.204440282315624
831,defocus_blur/s5,64,0.09375,5.382740497589111,6.007804870605469,0.1534375,5.170548028945923,6.200507574081421
832,defocus_blur/s5,64,0.171875,4.993246078491211,6.104997158050537,0.15379901960784315,5.167071520113478,6.198634820825913
833,defocus_blur/s5,64,0.21875,5.1403913497924805,6.135171890258789,0.15504807692307693,5.166558439914997,6.197414379853469
834,defocus_blur/s5,64,0.109375,5.415525913238525,6.051409721374512,0.15418632075471697,5.171255939411667,6.194659574976507
835,defocus_blur/s5,64,0.109375,4.903898239135742,5.968874931335449,0.15335648148148148,5.166304870888039,6.190478377872044
836,defocus_blur/s5,64,0.109375,5.611293315887451,6.079255104064941,0.15255681818181818,5.174395569888028,6.188456136530096
837,defocus_blur/s5,64,0.1875,5.150430202484131,5.942022323608398,0.15318080357142858,5.173967616898673,6.184055532727923
838,defocus_blur/s5,64,0.15625,5.026954650878906,5.986571311950684,0.15323464912280702,5.171388442056221,6.180590897275691
839,defocus_blur/s5,64,0.15625,5.20074462890625,5.9731879234313965,0.15328663793103448,5.1718945832088075,6.177014983933548
840,defocus_blur/s5,64,0.15625,5.205550193786621,5.95883846282959,0.15333686440677965,5.172465017286398,6.1733170767961925
841,defocus_blur/s5,64,0.15625,4.761774063110352,6.021877288818359,0.15338541666666666,5.16562016805013,6.170793080329895
842,defocus_blur/s5,64,0.171875,4.877723217010498,5.947604179382324,0.15368852459016394,5.1609005459019395,6.167134245888132
843,defocus_blur/s5,64,0.140625,4.9218573570251465,5.749093055725098,0.15347782258064516,5.157045010597475,6.160391646046793
844,defocus_blur/s5,64,0.1875,5.087461471557617,5.945099830627441,0.15401785714285715,5.155940509977794,6.1569743156433105
845,defocus_blur/s5,64,0.15625,5.163286209106445,6.150691986083984,0.154052734375,5.15605528652668,6.156876154243946
846,defocus_blur/s5,64,0.140625,5.11753511428833,5.984945297241211,0.15384615384615385,5.155462668492244,6.154231064136212
847,defocus_blur/s5,64,0.203125,4.8726019859313965,5.936334609985352,0.15459280303030304,5.151176900574655,6.150929602709684
848,defocus_blur/s5,64,0.1875,4.8260064125061035,5.85904598236084,0.1550839552238806,5.14632360970796,6.146573130764178
849,defocus_blur/s5,64,0.125,5.2919697761535645,6.041304111480713,0.15464154411764705,5.148465465096867,6.145025056951186
850,defocus_blur/s5,64,0.171875,4.858249187469482,5.9156928062438965,0.15489130434782608,5.1442594320877735,6.141701401143834
851,defocus_blur/s5,64,0.171875,5.03870964050293,5.843741416931152,0.15513392857142858,5.142751577922276,6.1374448299407955
852,defocus_blur/s5,64,0.125,4.96405553817749,5.919300079345703,0.15470950704225353,5.140234732292067,6.134372368664809
853,defocus_blur/s5,64,0.140625,5.266045093536377,5.953920364379883,0.1545138888888889,5.141982098420461,6.131866090827518
854,defocus_blur/s5,64,0.125,4.789905071258545,5.997841835021973,0.1541095890410959,5.13715912544564,6.130030142117853
855,defocus_blur/s5,64,0.15625,5.18435525894165,5.95054817199707,0.15413851351351351,5.1377969110334245,6.1276047100891935
856,defocus_blur/s5,64,0.28125,4.526652812957764,5.8148512840271,0.15583333333333332,5.129648323059082,6.123434664408366
857,defocus_blur/s5,64,0.171875,4.758511543273926,5.740825653076172,0.15604440789473684,5.124764944377699,6.11840033531189
858,defocus_blur/s5,64,0.171875,4.615239143371582,5.737579822540283,0.15625,5.118147726182814,6.113454614366804
859,defocus_blur/s5,64,0.125,4.921376705169678,5.919887065887451,0.15584935897435898,5.11562502078521,6.1109729791298895
860,defocus_blur/s5,64,0.1875,4.886865615844727,5.69168758392334,0.15625,5.112729332115077,6.105665569063984
861,defocus_blur/s5,64,0.15625,4.978511810302734,5.866281986236572,0.15625,5.111051613092423,6.102673274278641
862,defocus_blur/s5,64,0.09375,5.0299391746521,5.749721527099609,0.1554783950617284,5.11005022496353,6.098315845301122
863,defocus_blur/s5,64,0.140625,5.121429443359375,5.840847492218018,0.15529725609756098,5.110188995919576,6.0951759873366935
864,defocus_blur/s5,64,0.1875,4.604591369628906,5.512536525726318,0.15568524096385541,5.104097458253424,6.088156234787171
865,defocus_blur/s5,64,0.171875,4.836479663848877,5.815113067626953,0.1558779761904762,5.10091153212956,6.084905720892406
866,defocus_blur/s5,64,0.25,4.355900764465332,5.486069202423096,0.15698529411764706,5.092146699568804,6.077860585381003
867,defocus_blur/s5,64,0.109375,4.731346130371094,5.689578056335449,0.15643168604651161,5.0879513441130175,6.073345672252566
868,defocus_blur/s5,64,0.25,4.471137046813965,5.597415924072266,0.15750718390804597,5.080861524603833,6.06787521537693
869,defocus_blur/s5,64,0.09375,5.188090801239014,5.925919532775879,0.15678267045454544,5.082080039111051,6.0662620826201
870,defocus_blur/s5,64,0.203125,4.720130920410156,5.7515435218811035,0.15730337078651685,5.078013195080704,6.062725919016292
871,defocus_blur/s5,64,0.125,5.109632968902588,5.57302188873291,0.15694444444444444,5.0783645259009464,6.057284763124254
872,defocus_blur/s5,64,0.171875,4.773895740509033,5.472063064575195,0.15710851648351648,5.075018715072464,6.050853755447891
873,defocus_blur/s5,64,0.15625,4.747035503387451,5.488394737243652,0.1570991847826087,5.071453680162844,6.04474007046741
874,defocus_blur/s5,64,0.125,4.856222629547119,5.647494316101074,0.15675403225806453,5.0691393677906325,6.040468610743041
875,defocus_blur/s5,64,0.140625,5.202869415283203,5.809653282165527,0.15658244680851063,5.0705620278703405,6.038013128524131
876,defocus_blur/s5,64,0.25,4.254857540130615,5.392364978790283,0.15756578947368421,5.061975664841501,6.031216832211143
877,defocus_blur/s5,64,0.1875,4.644689559936523,5.58123779296875,0.15787760416666666,5.057628934582074,6.026529550552368
878,defocus_blur/s5,64,0.09375,5.098423957824707,5.643007278442383,0.15721649484536082,5.058049501831999,6.022575712695565
879,defocus_blur/s5,64,0.15625,4.891376972198486,5.518707752227783,0.15720663265306123,5.056348761733697,6.017434202894872
880,defocus_blur/s5,64,0.125,4.852093696594238,5.542706489562988,0.15688131313131312,5.054285579257542,6.012638973467277
881,defocus_blur/s5,64,0.125,5.345247268676758,5.792547225952148,0.1565625,5.057195196151733,6.010438055992126
882,defocus_blur/s5,64,0.171875,4.902512073516846,5.66845703125,0.15671410891089108,5.055663680086042,6.0070521052521055
883,defocus_blur/s5,64,0.21875,4.40192174911499,5.4644598960876465,0.15732230392156862,5.049254445468678,6.001732573789709
884,defocus_blur/s5,64,0.1875,4.758012294769287,5.417247772216797,0.15761529126213591,5.0464268517725674,5.9960579640657
885,defocus_blur/s5,64,0.125,4.800738334655762,5.420094013214111,0.15730168269230768,5.044064462184906,5.9905198491536655
886,defocus_blur/s5,64,0.125,4.80997371673584,5.56216287612915,0.15699404761904762,5.041835026513962,5.986440258934384
887,defocus_blur/s5,64,0.1875,4.70703649520874,5.325967311859131,0.1572818396226415,5.038676549803536,5.980209382075183
888,defocus_blur/s5,64,0.140625,4.7546515464782715,5.201647758483887,0.15712616822429906,5.036022110520122,5.97293310521919
889,defocus_blur/s5,64,0.109375,4.629251003265381,5.34235954284668,0.1566840277777778,5.032255711378874,5.967094461123149
890,defocus_blur/s5,64,0.1875,4.788314342498779,5.344780445098877,0.15696674311926606,5.030017717168965,5.961385158223844
891,defocus_blur/s5,64,0.1875,4.44938325881958,5.257384300231934,0.1572443181818182,5.024739222093062,5.954985150423917
892,defocus_blur/s5,64,0.125,5.100704193115234,5.556270122528076,0.15695382882882883,5.02542359120137,5.951393123145576
893,defocus_blur/s5,64,0.1875,5.019428730010986,5.55704402923584,0.1572265625,5.025370065655027,5.94787214909281
894,defocus_blur/s5,64,0.234375,4.679732322692871,5.358223915100098,0.15790929203539822,5.022311324566866,5.942654023128274
895,defocus_blur/s5,64,0.203125,4.715853691101074,5.4094319343566895,0.15830592105263158,5.019623099711904,5.937976636384663
896,defocus_blur/s5,64,0.234375,4.595301151275635,4.953138828277588,0.15896739130434784,5.015933343638545,5.929412829357645
897,defocus_blur/s5,64,0.203125,4.293041229248047,5.114686012268066,0.1593480603448276,5.0097015150662125,5.922389322313769
898,defocus_blur/s5,64,0.234375,4.59330940246582,4.93364143371582,0.15998931623931623,5.00614260812091,5.913938485659086
899,defocus_blur/s5,64,0.171875,4.682463645935059,5.343294143676758,0.16009004237288135,5.003399566068488,5.909102516659235
900,defocus_blur/s5,64,0.140625,4.939812660217285,5.235840797424316,0.15992647058823528,5.002865222321839,5.90344485515306
901,defocus_blur/s5,64,0.21875,4.1461005210876465,5.187716960906982,0.16041666666666668,4.99572551647822,5.897480456034343
902,defocus_blur/s5,64,0.1875,4.884870529174805,5.049018859863281,0.1606404958677686,4.994809359558357,5.890468376727144
903,defocus_blur/s5,64,0.265625,4.215378284454346,5.1350250244140625,0.16150102459016394,4.9884205802542265,5.884276218101626
904,defocus_blur/s5,64,0.171875,4.605662822723389,5.220065593719482,0.16158536585365854,4.9853087285669835,5.878876131724536
905,defocus_blur/s5,64,0.203125,4.4608354568481445,4.970944404602051,0.1619203629032258,4.981079105407961,5.871554101667097
906,defocus_blur/s5,64,0.140625,4.560492038726807,5.126669883728027,0.16175,4.977714408874512,5.865595027923584
907,defocus_blur/s5,64,0.1875,4.593009948730469,4.964561462402344,0.1619543650793651,4.974661198873369,5.858443967879764
908,defocus_blur/s5,64,0.15625,4.746894836425781,4.855803966522217,0.16190944881889763,4.972867762948584,5.850549164719469
909,defocus_blur/s5,64,0.25,4.503343105316162,4.7828216552734375,0.16259765625,4.969199601560831,5.842207543551922
910,defocus_blur/s5,64,0.09375,5.047427177429199,5.083144664764404,0.1620639534883721,4.96980601687764,5.836323335189228
911,defocus_blur/s5,64,0.1875,5.050873756408691,5.211875915527344,0.1622596153846154,4.970429614874033,5.831519893499521
912,defocus_blur/s5,64,0.21875,4.160703182220459,4.807807445526123,0.16269083969465647,4.964248497067517,5.823705294660029
913,defocus_blur/s5,64,0.15625,4.777890682220459,5.066340446472168,0.16264204545454544,4.962836695439888,5.817967682173758
914,defocus_blur/s5,64,0.078125,5.068914413452148,5.023856163024902,0.16200657894736842,4.963634272267048,5.811996918871887
915,defocus_blur/s5,64,0.109375,4.7639384269714355,4.949371337890625,0.16161380597014927,4.962144004764841,5.805559414536206
916,defocus_blur/s5,64,0.125,4.938845157623291,5.135162353515625,0.1613425925925926,4.961971420711941,5.800593510380498
917,defocus_blur/s5,64,0.234375,4.2770304679870605,4.974327087402344,0.16187959558823528,4.9569350901772,5.794518021976247
918,defocus_blur/s5,64,0.171875,4.712711811065674,4.774479866027832,0.16195255474452555,4.955152438504853,5.787072487991222
919,defocus_blur/s5,64,0.1875,4.939485549926758,5.028011322021484,0.1621376811594203,4.95503891032675,5.781572044759557
920,defocus_blur/s5,64,0.234375,3.9515082836151123,4.696101188659668,0.16265737410071943,4.9478192655302635,5.773762901909917
921,defocus_blur/s5,64,0.140625,4.802750110626221,5.089540481567383,0.1625,4.946783057280949,5.768875598907471
922,defocus_blur/s5,64,0.15625,4.363975524902344,4.813083171844482,0.16245567375886524,4.942649670526491,5.762096929211989
923,defocus_blur/s5,64,0.21875,4.442562580108643,4.744717597961426,0.16285211267605634,4.939127930453126,5.754932286034168
924,defocus_blur/s5,64,0.171875,4.776939868927002,4.767040252685547,0.1629152097902098,4.937993748204692,5.748023950136625
925,defocus_blur/s5,64,0.15625,4.732691764831543,4.58576774597168,0.1628689236111111,4.936568039986822,5.739952726496591
926,defocus_blur/s5,64,0.1875,4.277364253997803,4.585797309875488,0.16303879310344827,4.932021806980002,5.731993033968169
927,defocus_blur/s5,64,0.171875,4.656450271606445,5.027754783630371,0.16309931506849315,4.930134330710319,5.727169484308321
928,defocus_blur/s5,64,0.15625,4.389476776123047,4.562413215637207,0.16305272108843538,4.926456388162107,5.7192459722765445
929,defocus_blur/s5,64,0.203125,4.532088756561279,4.703289031982422,0.16332347972972974,4.923791742002642,5.712381398355639
930,defocus_blur/s5,64,0.109375,4.714849948883057,4.3802642822265625,0.16296140939597314,4.9223894480890875,5.703441015025914
931,defocus_blur/s5,64,0.1875,4.560290813446045,4.492001533508301,0.163125,4.919975457191467,5.695364751815796
932,defocus_blur/s5,64,0.15625,4.6759819984436035,4.615334510803223,0.1630794701986755,4.918359606471283,5.6882122336633945
933,defocus_blur/s5,64,0.234375,4.276175498962402,4.411524772644043,0.16354851973684212,4.914134711027145,5.679812974051425
934,defocus_blur/s5,64,0.21875,4.970268249511719,4.560728073120117,0.1639093137254902,4.914501596899593,5.672498693653181
935,defocus_blur/s5,64,0.296875,3.9543113708496094,4.524264812469482,0.16477272727272727,4.908266595431736,5.665042629489651
936,defocus_blur/s5,64,0.234375,4.371578216552734,4.455760955810547,0.1652217741935484,4.90480408976155,5.657240812240109
937,defocus_blur/s5,64,0.234375,4.283590793609619,3.9484400749206543,0.1656650641025641,4.900821953247755,5.646286961359856
938,defocus_blur/s5,64,0.234375,4.28663969039917,4.538283348083496,0.16610270700636942,4.896909964312414,5.639229613504592
939,defocus_blur/s5,64,0.125,4.928138256072998,4.382680892944336,0.16584256329113925,4.89710761172862,5.631276773501046
940,defocus_blur/s5,64,0.1875,4.610751628875732,4.479552268981934,0.16597877358490565,4.895306630704388,5.6240332231581585
941,defocus_blur/s5,64,0.234375,4.3759284019470215,4.083684921264648,0.16640625,4.892060516774654,5.614406046271324
942,defocus_blur/s5,64,0.203125,4.530698299407959,4.584868907928467,0.16663431677018634,4.889816030952501,5.608011405660499
943,defocus_blur/s5,64,0.28125,3.997847557067871,4.009498119354248,0.16734182098765432,4.884310052718646,5.5981440396956454
944,defocus_blur/s5,64,0.234375,4.115699291229248,3.9877357482910156,0.16775306748466257,4.879594649273925,5.588264234226905
945,defocus_blur/s5,64,0.09375,4.374688148498535,4.368866443634033,0.16730182926829268,4.876515951098465,5.580828881845242
946,defocus_blur/s5,64,0.1875,4.383842468261719,4.012088775634766,0.16742424242424242,4.873530051202485,5.571321366050027
947,defocus_blur/s5,64,0.078125,5.0763163566589355,4.685512542724609,0.1668862951807229,4.874751655452223,5.565985168319151
948,defocus_blur/s5,64,0.15625,4.607447624206543,4.39879846572876,0.16682260479041916,4.8731510325106315,5.558996026387471
949,defocus_blur/s5,64,0.265625,4.0767035484313965,4.210332870483398,0.16741071428571427,4.868410273676827,5.5509682695070905
950,defocus_blur/s5,64,0.203125,4.67880392074585,4.298874855041504,0.16762204142011836,4.867288342594395,5.543559432735105
951,defocus_blur/s5,64,0.125,4.853471755981445,4.23761510848999,0.16737132352941175,4.867207068555495,5.5358774072983685
952,defocus_blur/s5,64,0.15625,4.539047718048096,4.144357681274414,0.1673062865497076,4.865288008026212,5.527739865040918
953,defocus_blur/s5,64,0.171875,4.550286293029785,4.245617866516113,0.1673328488372093,4.863456602706465,5.520285667375076
954,defocus_blur/s5,64,0.1875,4.194948673248291,3.9674079418182373,0.16744942196531792,4.859592395021736,5.511309495551049
955,defocus_blur/s5,64,0.203125,4.619370460510254,4.121294975280762,0.1676544540229885,4.858211809191211,5.503320906354093
956,defocus_blur/s5,64,0.21875,4.587760925292969,3.8308253288269043,0.16794642857142858,4.856666375568935,5.493763788768224
957,defocus_blur/s5,64,0.140625,5.0677900314331055,4.601400852203369,0.16779119318181818,4.857865941795436,5.488693544810468
958,defocus_blur/s5,64,0.28125,4.35610818862915,4.076347351074219,0.1684322033898305,4.855031152229524,5.48071418778371
959,defocus_blur/s5,64,0.25,4.344727993011475,4.202993869781494,0.16889044943820225,4.852164280548524,5.47353598374999
960,defocus_blur/s5,64,0.140625,4.466728687286377,3.930394172668457,0.16873254189944134,4.850011009077786,5.464915079777467
961,defocus_blur/s5,64,0.203125,4.292130947113037,3.5910937786102295,0.16892361111111112,4.846911675400204,5.4545049614376495
962,defocus_blur/s5,64,0.125,5.199768543243408,3.978034496307373,0.16868093922651933,4.8488611608579015,5.4463476660501895
963,defocus_blur/s5,64,0.265625,4.049227714538574,3.6500253677368164,0.1692135989010989,4.844467570493509,5.436477763312204
964,defocus_blur/s5,64,0.1875,4.255092144012451,3.9640092849731445,0.16931352459016394,4.841246939747712,5.428431487474286
965,defocus_blur/s5,64,0.25,4.360081672668457,4.010946273803711,0.16975203804347827,4.83863191112228,5.420727763486945
966,defocus_blur/s5,64,0.265625,4.561586856842041,3.637202262878418,0.17027027027027028,4.837134370288333,5.411087085105278
967,defocus_blur/s5,64,0.265625,3.8951568603515625,3.5598950386047363,0.17078293010752688,4.83206997507362,5.401134439693984
968,defocus_blur/s5,64,0.15625,4.322731018066406,3.8987951278686523,0.17070521390374332,4.829346237335613,5.393100539630747
969,defocus_blur/s5,64,0.1875,4.234945297241211,3.9118471145629883,0.1707945478723404,4.826184530207452,5.3852215320506
970,defocus_blur/s5,64,0.234375,3.991589069366455,3.8468921184539795,0.17113095238095238,4.821768681208293,5.377082222983951
971,defocus_blur/s5,64,0.203125,4.5875563621521,3.804556369781494,0.17129934210526315,4.820535984792207,5.368805771124991
972,defocus_blur/s5,64,0.28125,4.23607873916626,3.632455587387085,0.171875,4.817475999213014,5.359714932466677
973,defocus_blur/s5,64,0.203125,4.100780963897705,3.647806406021118,0.17203776041666666,4.813743212570746,5.3507987422247725
974,defocus_blur/s5,64,0.234375,4.3685126304626465,3.540102481842041,0.1723607512953368,4.811436318362933,5.341416896316054
975,defocus_blur/s5,64,0.125,4.378870010375977,3.742201328277588,0.1721166237113402,4.809206595125887,5.333173517099361
976,defocus_blur/s5,64,0.203125,4.018814563751221,3.63055419921875,0.17227564102564102,4.805153302657298,5.324442135982024
977,defocus_blur/s5,64,0.140625,4.643958568572998,3.8405065536499023,0.1721141581632653,4.804330880544623,5.3168710360721665
978,defocus_blur/s5,64,0.1875,4.449796199798584,3.9731945991516113,0.17219225888324874,4.802531212114441,5.310050343498966
979,defocus_blur/s5,64,0.265625,4.457130432128906,3.444956064224243,0.1726641414141414,4.800786763730676,5.300630675421821
980,defocus_blur/s5,64,0.234375,4.4738898277282715,3.441107749938965,0.1729742462311558,4.799144065559809,5.291286339112862
981,defocus_blur/s5,64,0.1875,4.441484451293945,3.6717467308044434,0.173046875,4.7973557674884795,5.28318864107132
982,defocus_blur/s5,64,0.1875,4.393049716949463,3.940526008605957,0.17311878109452736,4.795344294600226,5.276508727476965
983,defocus_blur/s5,64,0.25,4.097254276275635,3.0828452110290527,0.1734993811881188,4.791888403420401,5.265649007098509
984,defocus_blur/s5,64,0.265625,3.851091146469116,3.4677734375,0.17395320197044334,4.787253934174336,5.256792477199009
985,defocus_blur/s5,64,0.1875,4.5191264152526855,3.731471061706543,0.17401960784313725,4.785939583591387,5.2493154114367915
986,defocus_blur/s5,64,0.234375,4.15542459487915,3.7729580402374268,0.1743140243902439,4.78286390071962,5.242113668162649
987,defocus_blur/s5,64,0.21875,4.428566932678223,3.6423020362854004,0.17452973300970873,4.781144012525243,5.234347592279749
988,defocus_blur/s5,64,0.140625,4.978150367736816,3.703714609146118,0.1743659420289855,4.782095734048005,5.226953230042389
989,defocus_blur/s5,64,0.140625,4.540886878967285,3.2437074184417725,0.17420372596153846,4.780936076090886,5.217418394409693
990,defocus_blur/s5,64,0.203125,4.572073459625244,3.237771987915039,0.17434210526315788,4.779936733428371,5.20794640203412
991,defocus_blur/s5,64,0.171875,4.407116889953613,3.271953582763672,0.17433035714285713,4.778161400840396,5.198727388609023
992,defocus_blur/s5,64,0.1875,4.318917274475098,3.807814121246338,0.17439277251184834,4.775984888393167,5.192135382602565
993,defocus_blur/s5,64,0.171875,4.57664680480957,3.28818941116333,0.1743808962264151,4.775044614413999,5.183154505378795
994,defocus_blur/s5,64,0.1875,4.446457386016846,3.7594196796417236,0.1744424882629108,4.773501951369881,5.176470304318997
995,defocus_blur/s5,64,0.234375,4.410661220550537,3.3752074241638184,0.17472254672897197,4.7718064339361455,5.168053188056589
996,defocus_blur/s5,64,0.171875,5.005975246429443,3.3770976066589355,0.1747093023255814,4.772895591203556,5.1597231620966
997,defocus_blur/s5,64,0.09375,4.91318941116333,3.8156723976135254,0.17433449074074073,4.773545099629296,5.153500704853623
998,defocus_blur/s5,64,0.140625,5.135858535766602,3.7262420654296875,0.17417914746543778,4.775214746800436,5.146923476100517
999,defocus_blur/s5,64,0.21875,4.170251846313477,3.1724348068237305,0.1743836009174312,4.772439687623891,5.137866188626771
1000,defocus_blur/s5,64,0.203125,4.474608898162842,3.435591697692871,0.1745148401826484,4.771079729681146,5.130093245745794
1001,defocus_blur/s5,64,0.203125,4.175668239593506,3.0009498596191406,0.17464488636363637,4.7683733138171105,5.1204153212634
1002,defocus_blur/s5,64,0.171875,5.086181163787842,3.282041072845459,0.17463235294117646,4.7698113583871145,5.112096885750197
1003,defocus_blur/s5,64,0.21875,4.550873756408691,3.471235752105713,0.17483108108108109,4.768825152972797,5.104705619382429
1004,defocus_blur/s5,64,0.25,4.246081829071045,3.328005313873291,0.17516816143497757,4.76648101250687,5.096738353438441
1005,defocus_blur/s5,64,0.234375,4.1413044929504395,3.2403969764709473,0.17543247767857142,4.763690045901707,5.088451115148408
1006,defocus_blur/s5,64,0.109375,5.336276531219482,3.5153846740722656,0.1751388888888889,4.766234874725342,5.081459708743625
1007,defocus_blur/s5,64,0.21875,4.213871479034424,3.1817517280578613,0.17533185840707965,4.763790788903701,5.073053921218467
1008,defocus_blur/s5,64,0.15625,4.951606750488281,3.2266757488250732,0.1752477973568282,4.764618171994382,5.064920096670479
1009,defocus_blur/s5,64,0.296875,3.810659885406494,3.2470242977142334,0.17578125,4.760434144421628,5.056946869482074
1010,defocus_blur/s5,64,0.3125,3.942128896713257,2.931821823120117,0.1763782751091703,4.756860759060456,5.047666847445559
1011,defocus_blur/s5,64,0.15625,5.050508975982666,3.5930299758911133,0.17629076086956522,4.758137490438378,5.041342339308366
1012,defocus_blur/s5,64,0.109375,4.905428409576416,3.0352845191955566,0.17600108225108224,4.75877511346495,5.032658106320865
1013,defocus_blur/s5,64,0.28125,4.3329949378967285,3.078606367111206,0.17645474137931033,4.7569398540875,5.024235469513926
1014,defocus_blur/s5,64,0.171875,4.963456630706787,3.1632401943206787,0.17643508583690987,4.757826192184579,5.016248365328547
1015,defocus_blur/s5,64,0.171875,4.838541507720947,2.9502758979797363,0.1764155982905983,4.758171129430461,5.00741942316039
1016,defocus_blur/s5,64,0.1875,4.350664138793945,3.1050727367401123,0.1764627659574468,4.75643705712988,4.999324330877751
1017,defocus_blur/s5,64,0.21875,4.634838581085205,2.9815940856933594,0.17664194915254236,4.7559218093500295,4.990774626449003
1018,defocus_blur/s5,64,0.125,4.748838901519775,2.5128703117370605,0.1764240506329114,4.755891923662983,4.980319333981864
1019,defocus_blur/s5,64,0.328125,3.3070876598358154,2.974987506866455,0.17706144957983194,4.749804510789759,4.971893570002387
1020,defocus_blur/s5,64,0.171875,5.1367645263671875,3.209973096847534,0.1770397489539749,4.751423590352845,4.964521517813455
1021,defocus_blur/s5,64,0.203125,3.799100399017334,2.9810283184051514,0.1771484375,4.7474555770556135,4.95625696281592
1022,defocus_blur/s5,64,0.265625,4.152132987976074,2.86063289642334,0.1775155601659751,4.744985358843665,4.947561427270723
1023,defocus_blur/s5,64,0.140625,4.382391452789307,3.2565436363220215,0.17736311983471073,4.743487036917821,4.940573750448621
1024,defocus_blur/s5,64,0.203125,5.180512428283691,2.855624198913574,0.17746913580246915,4.745285495318503,4.931993711141892
1025,defocus_blur/s5,64,0.234375,4.367164134979248,3.5205442905426025,0.17770235655737704,4.743735817612195,4.926209082368945
1026,defocus_blur/s5,64,0.203125,4.124626636505127,2.596287250518799,0.1778061224489796,4.741208841362778,4.916699197340985
1027,defocus_blur/s5,64,0.25,4.584670066833496,2.824037551879883,0.17809959349593496,4.7405725048809515,4.908192442684639
1028,defocus_blur/s5,64,0.28125,4.07737922668457,2.9211628437042236,0.17851720647773278,4.737887511851817,4.900147788437755
1029,defocus_blur/s5,64,0.265625,3.972830295562744,2.590663433074951,0.17886844758064516,4.734802603721619,4.890835351520969
1030,defocus_blur/s5,64,0.328125,4.008718013763428,2.594615936279297,0.1794678714859438,4.731886601352309,4.881613586801123
1031,defocus_blur/s5,64,0.125,5.099531650543213,3.120507001876831,0.17925,4.7333571815490725,4.874569160461426
1032,defocus_blur/s5,64,0.171875,5.242547988891602,3.1779775619506836,0.17922061752988047,4.735385830183903,4.867809831383694
1033,defocus_blur/s5,64,0.15625,4.6604743003845215,2.810753345489502,0.17912946428571427,4.735088562208508,4.859646908820621
1034,defocus_blur/s5,64,0.125,4.7497735023498535,3.0677480697631836,0.1789155138339921,4.735146605450174,4.852564304713675
1035,defocus_blur/s5,64,0.25,4.31024169921875,2.9249074459075928,0.17919537401574803,4.733473751488633,4.844975104482155
1036,defocus_blur/s5,64,0.203125,4.523519039154053,3.0891733169555664,0.1792892156862745,4.732650399675556,4.838089607276168
1037,defocus_blur/s5,64,0.265625,4.6146745681762695,2.446397542953491,0.17962646484375,4.732189556583762,4.828747060149908
1038,defocus_blur/s5,64,0.15625,4.652158737182617,2.9237537384033203,0.17953550583657588,4.731878152617221,4.8213346347734625
1039,defocus_blur/s5,64,0.1875,4.8020243644714355,2.9875447750091553,0.17956637596899225,4.7321500371592915,4.814226922138717
1040,defocus_blur/s5,64,0.1875,5.06944465637207,2.9300098419189453,0.17959700772200773,4.733452332986368,4.806951952717019
1041,defocus_blur/s5,64,0.328125,3.729799747467041,2.442967414855957,0.18016826923076923,4.72959213073437,4.797859704494476
1042,defocus_blur/s5,64,0.390625,3.5610010623931885,2.6729722023010254,0.18097461685823754,4.72511477031927,4.789718373068448
1043,defocus_blur/s5,64,0.265625,4.649657726287842,2.76747465133667,0.18129770992366412,4.7248267663344174,4.781999885580922
1044,defocus_blur/s5,64,0.203125,4.382538795471191,2.9464759826660156,0.18138070342205323,4.7235252911600325,4.7750207072428426
1045,defocus_blur/s5,64,0.234375,4.344855308532715,2.8999686241149902,0.1815814393939394,4.722090935165232,4.767918237230995
1046,defocus_blur/s5,64,0.234375,4.489588737487793,2.7332253456115723,0.1817806603773585,4.721213568381543,4.760240150847525
1047,defocus_blur/s5,64,0.265625,4.576286315917969,2.305633068084717,0.18209586466165414,4.720668729086568,4.7510123046717245
1048,defocus_blur/s5,64,0.109375,5.083867073059082,2.8639650344848633,0.18182350187265917,4.722029022509686,4.7439447118994895
1049,defocus_blur/s5,64,0.1875,4.994635581970215,2.6894171237945557,0.1818446828358209,4.723046211164389,4.73627856418268
1050,defocus_blur/s5,64,0.234375,3.8718600273132324,2.8251326084136963,0.18203996282527882,4.7198819502578795,4.729173932376847
1051,defocus_blur/s5,64,0.21875,4.290505409240723,2.6439409255981445,0.18217592592592594,4.718291666772631,4.7214508471665555
1052,defocus_blur/s5,64,0.234375,4.23636531829834,2.7764227390289307,0.18236854243542436,4.7165133407635,4.714273621675273
1053,defocus_blur/s5,64,0.234375,4.2714338302612305,2.8671348094940186,0.18255974264705882,4.714877019033713,4.707482670159901
1054,defocus_blur/s5,64,0.28125,4.315288066864014,2.9709670543670654,0.1829212454212454,4.713413323238219,4.701121807098389
1055,defocus_blur/s5,64,0.1875,4.616952896118164,2.877937078475952,0.18293795620437955,4.713061277883766,4.694467848234803
1056,defocus_blur/s5,64,0.21875,4.51859712600708,2.760483741760254,0.18306818181818182,4.712354135513306,4.687435178756714
1057,defocus_blur/s5,64,0.1875,4.638108730316162,2.475910186767578,0.18308423913043478,4.712085130422012,4.679422407046609
1058,defocus_blur/s5,64,0.203125,4.787492752075195,2.7099151611328125,0.18315658844765342,4.71235736010307,4.672312272584826
1059,defocus_blur/s5,64,0.21875,4.669295787811279,2.7243025302886963,0.18328462230215828,4.712202462361013,4.665305043295991
1060,defocus_blur/s5,64,0.28125,4.205740928649902,2.6328797340393066,0.18363575268817203,4.710387188046637,4.658020364768189
1061,defocus_blur/s5,64,0.1875,5.034021377563477,2.739421844482422,0.18364955357142856,4.711543024437768,4.65116822719574
1062,defocus_blur/s5,64,0.25,4.804500102996826,2.8651645183563232,0.18388567615658363,4.7118738325465195,4.644812342110902
1063,defocus_blur/s5,64,0.140625,4.756519317626953,2.7609028816223145,0.1837322695035461,4.7120321498695,4.63813181210917
1064,defocus_blur/s5,64,0.21875,4.985756874084473,2.858572006225586,0.1838560070671378,4.712999375043404,4.631843614915234
1065,defocus_blur/s5,64,0.234375,4.820293426513672,2.6357240676879883,0.18403389084507044,4.713377170999285,4.624815024960209
1066,defocus_blur/s5,64,0.234375,4.072778701782227,2.667534828186035,0.18421052631578946,4.711129457072208,4.617947375146966
1067,defocus_blur/s5,64,0.171875,4.85596227645874,2.4188899993896484,0.1841673951048951,4.711635865531601,4.610258363343619
1068,defocus_blur/s5,64,0.265625,4.414712429046631,2.5775222778320312,0.18445121951219512,4.7106012890978555,4.6031756592129165
1069,defocus_blur/s5,64,0.25,5.214868545532227,2.6427202224731445,0.18467881944444445,4.712352217071587,4.596368522279793
1070,defocus_blur/s5,64,0.203125,4.904449939727783,2.6293373107910156,0.18474264705882354,4.713016915073856,4.589562185907859
1071,defocus_blur/s5,64,0.1875,4.794168949127197,2.771226406097412,0.1847521551724138,4.713296749674041,4.583292062529202
1072,defocus_blur/s5,64,0.25,4.774617671966553,2.5839107036590576,0.18497637457044674,4.713507474492915,4.5764213362100605
1073,defocus_blur/s5,64,0.265625,4.603177070617676,2.4269843101501465,0.1852525684931507,4.713129630644027,4.569060250504376
1074,defocus_blur/s5,64,0.203125,4.941946029663086,2.6485543251037598,0.18531356655290102,4.713910573985389,4.562505622772633
1075,defocus_blur/s5,64,0.28125,3.957463026046753,2.434425115585327,0.18563988095238096,4.711337623142061,4.555267253700568
1076,defocus_blur/s5,64,0.234375,5.056491374969482,2.4391298294067383,0.1858050847457627,4.71250763586012,4.548093906499572
1077,defocus_blur/s5,64,0.1875,4.706029415130615,2.141826629638672,0.1858108108108108,4.712485749979277,4.5399646251588255
1078,defocus_blur/s5,64,0.15625,5.021238327026367,2.2124648094177246,0.18571127946127947,4.713525320945766,4.532127925442525
1079,defocus_blur/s5,64,0.28125,4.331681728363037,2.307835578918457,0.18603187919463088,4.71224396660824,4.524663857165599
1080,defocus_blur/s5,64,0.21875,4.2440900802612305,2.1259119510650635,0.18614130434782608,4.7106782345468785,4.516641275539845
1081,defocus_blur/s5,64,0.296875,4.030017375946045,2.319679021835327,0.18651041666666668,4.708409365018209,4.509318068027496
1082,defocus_blur/s5,64,0.15625,5.312430381774902,2.349152088165283,0.18640988372093023,4.710416079359593,4.5021414368651635
1083,defocus_blur/s5,64,0.1875,4.600587368011475,2.1661605834960938,0.18641349337748345,4.710052408129964,4.494406400926855
1084,defocus_blur/s5,64,0.234375,4.228519439697266,2.3817787170410156,0.18657178217821782,4.708463190412364,4.487434032333173
1085,defocus_blur/s5,64,0.109375,4.893373012542725,2.5490407943725586,0.18631784539473684,4.709071446406214,4.48105773878725
1086,defocus_blur/s5,64,0.171875,4.9769511222839355,2.6164236068725586,0.18627049180327868,4.709949740425485,4.4749441842563815
1087,defocus_blur/s5,64,0.234375,4.362987518310547,2.231112003326416,0.18642769607843138,4.708815876954521,4.467611399351382
1088,defocus_blur/s5,64,0.1875,5.320389270782471,2.0915658473968506,0.18643118892508143,4.7108079726998895,4.459871837292898
1089,defocus_blur/s5,64,0.25,4.064578533172607,2.532085418701172,0.18663758116883117,4.708709825168956,4.453612790479289
1090,defocus_blur/s5,64,0.296875,4.805166244506836,1.970417857170105,0.18699433656957928,4.709021981865843,4.445576560921654
1091,defocus_blur/s5,64,0.203125,4.596440315246582,2.420612335205078,0.18704637096774193,4.708658815199329,4.439044418258051
1092,defocus_blur/s5,64,0.21875,3.9147520065307617,2.489299774169922,0.1871483118971061,4.706106060187533,4.432775142875132
1093,defocus_blur/s5,64,0.171875,4.750207424163818,2.6985204219818115,0.18709935897435898,4.706247410713098,4.42721663415432
1094,defocus_blur/s5,64,0.203125,4.701737403869629,2.4051074981689453,0.1871505591054313,4.706233001745547,4.420756221579286
1095,defocus_blur/s5,64,0.203125,4.957563877105713,2.322446584701538,0.1872014331210191,4.707033418546057,4.41407370681216
1096,defocus_blur/s5,64,0.21875,4.446542263031006,2.6166367530822754,0.1873015873015873,4.7062064624968025,4.4083675577527
1097,defocus_blur/s5,64,0.21875,4.86496114730835,2.261643409729004,0.18740110759493672,4.7067088507398775,4.401574126904523
1098,defocus_blur/s5,64,0.203125,4.304636001586914,2.323634624481201,0.1874507097791798,4.705440482130562,4.395019112701296
1099,defocus_blur/s5,64,0.21875,4.116392135620117,2.3745946884155273,0.18754913522012578,4.703588128839649,4.388665576775868
1100,defocus_blur/s5,64,0.1875,4.520197868347168,2.5486271381378174,0.18754898119122257,4.703013237740926,4.382897431200201
1101,defocus_blur/s5,64,0.1875,4.847192764282227,2.080528497695923,0.187548828125,4.703463798761367,4.375702528283
1102,defocus_blur/s5,64,0.046875,5.584371089935303,2.758798122406006,0.18711059190031154,4.70620805823543,4.370665442906436
1103,defocus_blur/s5,64,0.234375,4.782671928405762,2.388686180114746,0.1872573757763975,4.706445523670742,4.364510227804598
1104,defocus_blur/s5,64,0.109375,4.931489944458008,2.602851152420044,0.18701625386996903,4.707142255623643,4.359056174939631
1105,defocus_blur/s5,64,0.1875,5.111273765563965,2.398512363433838,0.18701774691358025,4.708389575098768,4.353005113793008
1106,defocus_blur/s5,64,0.1875,5.183369159698486,2.2968575954437256,0.18701923076923077,4.70985105074369,4.346678506044241
1107,defocus_blur/s5,64,0.21875,5.3705620765686035,2.170728921890259,0.18711656441717792,4.711877771681803,4.340003814068309
1108,defocus_blur/s5,64,0.203125,5.111533164978027,2.162700891494751,0.18716551987767585,4.713099959428886,4.333345395344842
1109,defocus_blur/s5,64,0.234375,4.8138427734375,2.157012462615967,0.1873094512195122,4.713407102154522,4.3267102339645716
1110,defocus_blur/s5,64,0.171875,4.9179487228393555,2.5682668685913086,0.18726253799392098,4.714028809208275,4.321365421303862
1111,defocus_blur/s5,64,0.171875,4.614101886749268,2.36669921875,0.1872159090909091,4.713726000352339,4.315442190387032
1112,defocus_blur/s5,64,0.234375,4.184447765350342,2.2970354557037354,0.1873583836858006,4.712126972452031,4.309344284844182
1113,defocus_blur/s5,64,0.25,4.353282928466797,2.3470449447631836,0.18754706325301204,4.711046116897859,4.303433744663216
1114,defocus_blur/s5,64,0.296875,4.559803009033203,2.099621295928955,0.18787537537537538,4.7105919333907575,4.296815689261611
1115,defocus_blur/s5,64,0.1875,5.0462446212768555,2.3474860191345215,0.18787425149700598,4.711596881558082,4.290979372883985
1116,defocus_blur/s5,64,0.21875,4.208741188049316,2.255563259124756,0.18796641791044777,4.710095819786414,4.284903503887689
1117,defocus_blur/s5,64,0.25,4.315861225128174,2.337444305419922,0.18815104166666666,4.708922502540407,4.279107494368439
1118,defocus_blur/s5,64,0.21875,4.9962477684021,2.3103842735290527,0.18824183976261127,4.709775099768483,4.27326558570126
1119,defocus_blur/s5,64,0.203125,4.415920257568359,2.2486181259155273,0.1882858727810651,4.708905706744222,4.267275504459291
1120,defocus_blur/s5,64,0.21875,4.673561096191406,1.8958766460418701,0.18837573746312683,4.708801445356161,4.260280227590803
1121,defocus_blur/s5,64,0.21875,4.8372039794921875,2.337970495223999,0.18846507352941178,4.709179099868326,4.254626375436783
1122,defocus_blur/s5,64,0.25,4.126100063323975,2.3936567306518555,0.18864552785923755,4.707469190670248,4.249168986449144
1123,defocus_blur/s5,64,0.296875,4.802124500274658,2.0919549465179443,0.18896198830409358,4.707745960581373,4.242861343057532
1124,defocus_blur/s5,64,0.171875,4.944708347320557,2.3367133140563965,0.1889121720116618,4.708436813020845,4.2373040601741465
1125,defocus_blur/s5,64,0.234375,4.466296195983887,2.368410110473633,0.18904433139534885,4.707732915878296,4.2318712289250175
1126,defocus_blur/s5,64,0.28125,4.538175106048584,2.316265106201172,0.18931159420289856,4.707241443965746,4.226318747409876
1127,defocus_blur/s5,64,0.21875,4.57690954208374,1.7292728424072266,0.18939667630057805,4.706864762168399,4.219101851730677
1128,defocus_blur/s5,64,0.171875,5.120777606964111,2.278317928314209,0.18934618155619595,4.70805759457415,4.213508814487402
1129,defocus_blur/s5,64,0.21875,5.334943771362305,2.312734365463257,0.18943067528735633,4.709858991633887,4.208046818944229
1130,defocus_blur/s5,64,0.140625,4.391673564910889,2.10155987739563,0.18929083094555874,4.708947285540124,4.202011039742085
1131,defocus_blur/s5,64,0.265625,4.496109485626221,2.1525635719299316,0.18950892857142856,4.7083391775403705,4.196155475548336
1132,defocus_blur/s5,64,0.171875,5.642628192901611,2.0916051864624023,0.18945868945868946,4.711000969606927,4.1901596057788595
1133,defocus_blur/s5,64,0.125,5.258088111877441,2.2565441131591797,0.18927556818181818,4.712555194442922,4.184666379947554
1134,defocus_blur/s5,64,0.296875,4.386523246765137,1.9190537929534912,0.18958038243626063,4.71163159119171,4.1782482139787325
1135,defocus_blur/s5,64,0.3125,4.134462356567383,2.2132620811462402,0.1899276129943503,4.7100011696249755,4.172697405693895
1136,defocus_blur/s5,64,0.25,4.402839183807373,1.993546962738037,0.19009683098591548,4.709135924594503,4.166558953741906
1137,defocus_blur/s5,64,0.296875,4.684742450714111,2.173137664794922,0.19039676966292135,4.709067403600457,4.160959455739246
1138,defocus_blur/s5,64,0.203125,4.9055914878845215,1.9386283159255981,0.19043242296918766,4.709617891231505,4.154734438540888
1139,defocus_blur/s5,64,0.296875,4.407542705535889,1.8628352880477905,0.19072974860335196,4.708774105796601,4.14833248560655
1140,defocus_blur/s5,64,0.203125,4.774348258972168,1.9308645725250244,0.1907642757660167,4.708956763604889,4.142155694762312
1141,defocus_blur/s5,64,0.28125,4.95290994644165,1.9161343574523926,0.191015625,4.709634411334991,4.135972302158674
1142,defocus_blur/s5,64,0.1875,5.151671409606934,2.3566622734069824,0.1910058864265928,4.710858890554581,4.131043465513932
1143,defocus_blur/s5,64,0.171875,4.998202323913574,2.2003493309020996,0.19095303867403315,4.711652656945076,4.125710056302297
1144,defocus_blur/s5,64,0.203125,4.9535441398620605,2.2032830715179443,0.1909865702479339,4.71231902466661,4.120414114195453
1145,defocus_blur/s5,64,0.1875,4.36182975769043,2.1301517486572266,0.19097699175824176,4.711356142065028,4.114946360443975
1146,defocus_blur/s5,64,0.140625,5.447202682495117,2.281470537185669,0.19083904109589042,4.713372159984014,4.10992313901039
1147,defocus_blur/s5,64,0.1875,4.916820049285889,2.3897953033447266,0.19082991803278687,4.713928028534019,4.1052233361807025
1148,defocus_blur/s5,64,0.234375,4.841291427612305,2.3898849487304688,0.19094856948228883,4.714275067768565,4.100549389620893
1149,defocus_blur/s5,64,0.1875,4.903404712677002,2.3038835525512695,0.19093919836956522,4.714789007021033,4.095667145498421
1150,defocus_blur/s5,64,0.234375,5.084829330444336,1.876893401145935,0.1910569105691057,4.715791826325703,4.089654208521856
1151,defocus_blur/s5,64,0.296875,3.8579702377319336,1.9823514223098755,0.1913429054054054,4.713473389599774,4.083958795586148
1152,defocus_blur/s5,64,0.15625,4.723283290863037,2.023624897003174,0.1912483153638814,4.713499831382155,4.078405334943067
1153,defocus_blur/s5,64,0.171875,5.31978702545166,2.06999135017395,0.19119623655913978,4.715129635667288,4.073006372618419
1154,defocus_blur/s5,64,0.15625,5.053665637969971,2.3473401069641113,0.19110254691689008,4.716037238890619,4.068379921504064
1155,defocus_blur/s5,64,0.09375,5.579103946685791,2.2966976165771484,0.19084224598930483,4.7183449038847245,4.0636428030416925
1156,defocus_blur/s5,64,0.171875,5.184682846069336,2.032435655593872,0.19079166666666666,4.7195884717305505,4.058226250648499
1157,defocus_blur/s5,64,0.203125,4.6187567710876465,1.9501965045928955,0.1908244680851064,4.719320302313947,4.052619788557925
1158,defocus_blur/s5,64,0.265625,4.548276901245117,2.0045042037963867,0.19102287798408488,4.718866606289891,4.04718712122434
1159,defocus_blur/s5,64,0.21875,4.755162715911865,2.123805046081543,0.19109623015873015,4.718962627743918,4.042098808856237
1160,defocus_blur/s5,64,0.171875,5.40152645111084,2.2752232551574707,0.19104551451187335,4.720763587700031,4.037436868081307
1161,defocus_blur/s5,64,0.25,4.205627918243408,2.2008326053619385,0.19120065789473684,4.719407967517251,4.032603698968887
1162,defocus_blur/s5,64,0.203125,5.283175468444824,1.8314247131347656,0.19123195538057744,4.7208876722440944,4.026826326302656
1163,defocus_blur/s5,64,0.21875,5.07152795791626,2.1106157302856445,0.19130399214659685,4.7218055787510895,4.021810068197899
1164,defocus_blur/s5,64,0.234375,4.566505432128906,1.9246678352355957,0.19141644908616187,4.721400095339543,4.016334501010008
1165,defocus_blur/s5,64,0.234375,4.599481105804443,2.0704472064971924,0.1915283203125,4.7210825979709625,4.011267086180548
1166,defocus_blur/s5,64,0.15625,5.057517051696777,2.079591751098633,0.1914366883116883,4.721956453694926,4.006249747647868
1167,defocus_blur/s5,64,0.25,4.405180931091309,1.8323473930358887,0.19158840673575128,4.721135791719268,4.000617876262862
1168,defocus_blur/s5,64,0.1875,4.926177978515625,2.064732313156128,0.19157784237726097,4.721665616491352,3.995615587986101
1169,defocus_blur/s5,64,0.203125,5.12328577041626,1.8264198303222656,0.19160760309278352,4.72270071998085,3.9900248772704723
1170,defocus_blur/s5,64,0.21875,4.8972487449646,1.90278160572052,0.19167737789203085,4.723149429556643,3.984659213333326
1171,defocus_blur/s5,64,0.21875,4.4653825759887695,2.3105525970458984,0.19174679487179488,4.722488488906469,3.9803666322659224
1172,defocus_blur/s5,40,0.15000000596046448,5.234519004821777,2.0373189449310303,0.19164002559069174,4.723798029867889,3.9753972008405136
1173,elastic_transform/s5,64,0.609375,2.9288792610168457,5.481423377990723,0.609375,2.9288792610168457,5.481423377990723
1174,elastic_transform/s5,64,0.390625,3.652723789215088,5.823991775512695,0.5,3.290801525115967,5.652707576751709
1175,elastic_transform/s5,64,0.4375,3.533677816390991,5.778036594390869,0.4791666666666667,3.371760288874308,5.694483915964763
1176,elastic_transform/s5,64,0.421875,3.5875720977783203,5.624729633331299,0.46484375,3.4257132411003113,5.6770453453063965
1177,elastic_transform/s5,64,0.5,3.2588095664978027,5.705796241760254,0.471875,3.3923325061798097,5.682795524597168
1178,elastic_transform/s5,64,0.484375,3.0206477642059326,5.407487869262695,0.4739583333333333,3.3303850491841636,5.636910915374756
1179,elastic_transform/s5,64,0.40625,3.4207332134246826,5.555850982666016,0.4642857142857143,3.343291929789952,5.625330924987793
1180,elastic_transform/s5,64,0.40625,3.63466215133667,5.754024505615234,0.45703125,3.3797132074832916,5.641417622566223
1181,elastic_transform/s5,64,0.421875,3.4901556968688965,5.589556694030762,0.453125,3.3919845951928034,5.635655297173394
1182,elastic_transform/s5,64,0.40625,3.353325366973877,5.537764072418213,0.4484375,3.3881186723709105,5.625866174697876
1183,elastic_transform/s5,64,0.453125,3.2148005962371826,5.38728141784668,0.44886363636363635,3.372362483631481,5.6041766513477675
1184,elastic_transform/s5,64,0.4375,3.438655376434326,5.599437713623047,0.4479166666666667,3.3778868913650513,5.6037817398707075
1185,elastic_transform/s5,64,0.375,3.93766450881958,5.891956329345703,0.4423076923076923,3.420946708092323,5.625949015984168
1186,elastic_transform/s5,64,0.578125,2.7047133445739746,5.22021484375,0.45200892857142855,3.3697871821267262,5.596968003681728
1187,elastic_transform/s5,64,0.484375,3.127718210220337,5.531893253326416,0.45416666666666666,3.3536492506663005,5.592629686991374
1188,elastic_transform/s5,64,0.546875,2.8747527599334717,5.351494789123535,0.4599609375,3.3237182199954987,5.577558755874634
1189,elastic_transform/s5,64,0.453125,3.0480127334594727,5.266470909118652,0.45955882352941174,3.307500250199262,5.559259470771341
1190,elastic_transform/s5,64,0.40625,3.3386616706848145,5.561807632446289,0.4565972222222222,3.309231440226237,5.559401035308838
1191,elastic_transform/s5,64,0.4375,3.251640558242798,5.301995277404785,0.4555921052631579,3.306200341174477,5.545853363840203
1192,elastic_transform/s5,64,0.46875,3.115356683731079,5.429590225219727,0.45625,3.296658158302307,5.54004020690918
1193,elastic_transform/s5,64,0.546875,2.6389729976654053,5.115432262420654,0.46056547619047616,3.2653398173195973,5.519820780981155
1194,elastic_transform/s5,64,0.453125,3.2789485454559326,5.536384105682373,0.4602272727272727,3.265958395871249,5.520573659376665
1195,elastic_transform/s5,64,0.53125,3.003171443939209,5.177513122558594,0.4633152173913043,3.25453287622203,5.505657983862835
1196,elastic_transform/s5,64,0.484375,2.9791343212127686,4.822744369506836,0.4641927083333333,3.2430579364299774,5.4772032499313354
1197,elastic_transform/s5,64,0.421875,2.9562854766845703,5.069593906402588,0.4625,3.231587038040161,5.4608988761901855
1198,elastic_transform/s5,64,0.40625,3.0911707878112793,5.039046287536621,0.46033653846153844,3.226186413031358,5.444673776626587
1199,elastic_transform/s5,64,0.5625,2.8197755813598633,5.2595930099487305,0.46412037037037035,3.211134160006488,5.437818933416296
1200,elastic_transform/s5,64,0.390625,3.009694814682007,4.986037254333496,0.4614955357142857,3.2039398976734708,5.421683873449053
1201,elastic_transform/s5,64,0.484375,2.940333127975464,5.097538948059082,0.46228448275862066,3.1948500090631944,5.410506462228709
1202,elastic_transform/s5,64,0.484375,2.6400599479675293,4.80626106262207,0.4630208333333333,3.1763570070266725,5.390364948908488
1203,elastic_transform/s5,64,0.53125,2.5840256214141846,4.6805853843688965,0.4652217741935484,3.1572495429746565,5.36746883392334
1204,elastic_transform/s5,64,0.484375,2.5885047912597656,4.653143882751465,0.4658203125,3.1394762694835663,5.345146179199219
1205,elastic_transform/s5,64,0.453125,3.332012414932251,5.548722743988037,0.4654356060606061,3.1453106981335264,5.351315166011001
1206,elastic_transform/s5,64,0.453125,2.8270833492279053,4.530569076538086,0.4650735294117647,3.1359510702245377,5.3271755751441505
1207,elastic_transform/s5,64,0.46875,2.98752760887146,5.025291442871094,0.46517857142857144,3.131710399900164,5.318550314222064
1208,elastic_transform/s5,64,0.5,3.0490915775299072,5.2273736000061035,0.4661458333333333,3.129415432612101,5.3160176277160645
1209,elastic_transform/s5,64,0.390625,3.3671653270721436,5.225064277648926,0.4641047297297297,3.1358411054353454,5.313559429065601
1210,elastic_transform/s5,64,0.515625,2.6584525108337402,4.542827129364014,0.4654605263157895,3.1232782476826717,5.293277000126086
1211,elastic_transform/s5,64,0.578125,2.990429162979126,4.937171936035156,0.468349358974359,3.1198718608954015,5.284146101046831
1212,elastic_transform/s5,64,0.5,2.684854030609131,4.742666244506836,0.469140625,3.1089964151382445,5.270609104633332
1213,elastic_transform/s5,64,0.578125,2.2888023853302,4.3609161376953125,0.4717987804878049,3.088991682703902,5.24842147129338
1214,elastic_transform/s5,64,0.5625,2.790886878967285,4.777350902557373,0.4739583333333333,3.0818939492816018,5.237205505371094
1215,elastic_transform/s5,64,0.390625,3.167048692703247,4.971046447753906,0.4720203488372093,3.0838742921518727,5.231015759845112
1216,elastic_transform/s5,64,0.5,2.7711665630340576,4.836051940917969,0.47265625,3.076767298308286,5.22203930941495
1217,elastic_transform/s5,64,0.4375,2.873638153076172,4.666894435882568,0.471875,3.0722533173031277,5.209702756669786
1218,elastic_transform/s5,64,0.515625,2.6933505535125732,4.5493035316467285,0.47282608695652173,3.0640163006989853,5.1953462517779805
1219,elastic_transform/s5,64,0.5,2.7499403953552246,5.064532279968262,0.4734042553191489,3.0573338346278414,5.192562975782029
1220,elastic_transform/s5,64,0.453125,3.2684578895568848,5.199657440185547,0.4729817708333333,3.0617322524388633,5.192710777123769
1221,elastic_transform/s5,64,0.421875,2.688034772872925,4.476286888122559,0.4719387755102041,3.054105773264048,5.178089881429867
1222,elastic_transform/s5,64,0.46875,3.1709234714508057,4.871608734130859,0.471875,3.056442127227783,5.171960258483887
1223,elastic_transform/s5,64,0.5,2.734849452972412,4.130629539489746,0.4724264705882353,3.0501363885168935,5.151542009091845
1224,elastic_transform/s5,64,0.421875,3.1142899990081787,5.1239237785339355,0.4714543269230769,3.0513701117955723,5.151010889273423
1225,elastic_transform/s5,64,0.421875,3.077934980392456,4.996359348297119,0.4705188679245283,3.0518713357313625,5.148092935670097
1226,elastic_transform/s5,64,0.46875,2.5920913219451904,4.629189491271973,0.4704861111111111,3.0433568910316184,5.138483612625687
1227,elastic_transform/s5,64,0.40625,3.082943916320801,4.978456020355225,0.4693181818181818,3.0440766551277854,5.135574020038952
1228,elastic_transform/s5,64,0.515625,2.671902656555176,4.6702680587768555,0.4701450892857143,3.03743069086756,5.1272649850164145
1229,elastic_transform/s5,64,0.40625,3.1050662994384766,4.817885875701904,0.46902412280701755,3.0386172804916116,5.12183728134423
1230,elastic_transform/s5,64,0.5,2.801358699798584,4.607840538024902,0.46955818965517243,3.0345266153072488,5.11297526852838
1231,elastic_transform/s5,64,0.53125,2.941453695297241,4.582972526550293,0.470603813559322,3.032949108188435,5.103992171206717
1232,elastic_transform/s5,64,0.578125,2.2650675773620605,4.1404314041137695,0.47239583333333335,3.0201510826746625,5.087932825088501
1233,elastic_transform/s5,64,0.359375,3.1052420139312744,4.426782608032227,0.47054303278688525,3.021546015973951,5.077094296940038
1234,elastic_transform/s5,64,0.59375,2.2541027069091797,4.235712051391602,0.4725302419354839,3.0091678980858094,5.063523615560224
1235,elastic_transform/s5,64,0.53125,2.3396682739257812,4.0120415687561035,0.47346230158730157,2.9985409199245394,5.046833424341111
1236,elastic_transform/s5,64,0.453125,3.0133159160614014,4.865520477294922,0.47314453125,2.9987717792391777,5.044000409543514
1237,elastic_transform/s5,64,0.578125,2.1821980476379395,3.952214241027832,0.47475961538461536,2.9862091064453127,5.027203699258657
1238,elastic_transform/s5,64,0.546875,2.3652281761169434,4.164242744445801,0.4758522727272727,2.97680030447064,5.0141285332766445
1239,elastic_transform/s5,64,0.546875,2.297778367996216,3.807086706161499,0.4769123134328358,2.966665648702365,4.996112983618209
1240,elastic_transform/s5,64,0.5,2.5645549297332764,4.441769599914551,0.4772518382352941,2.9607522557763493,4.987960875034332
1241,elastic_transform/s5,64,0.421875,2.797665596008301,4.09139347076416,0.47644927536231885,2.958388680997102,4.974967144537663
1242,elastic_transform/s5,64,0.53125,2.8448054790496826,4.034623622894287,0.4772321428571429,2.9567660638264246,4.9615336656570435
1243,elastic_transform/s5,64,0.484375,2.278524160385132,3.867906093597412,0.47733274647887325,2.9472133609610545,4.946130460416767
1244,elastic_transform/s5,64,0.53125,2.4952034950256348,3.973254680633545,0.4780815972222222,2.940935446156396,4.932618296808666
1245,elastic_transform/s5,64,0.578125,2.1483163833618164,3.498427152633667,0.4794520547945205,2.9300776507756483,4.912971842778872
1246,elastic_transform/s5,64,0.5,2.947539806365967,4.625189781188965,0.4797297297297297,2.930313625851193,4.90908289600063
1247,elastic_transform/s5,64,0.578125,2.4517858028411865,3.61403751373291,0.48104166666666665,2.9239332548777264,4.8918156242370605
1248,elastic_transform/s5,64,0.53125,2.2273173332214355,3.492950677871704,0.4817023026315789,2.9147672559085644,4.873409506521727
1249,elastic_transform/s5,64,0.546875,2.3276989459991455,3.9746851921081543,0.4825487012987013,2.9071429921435072,4.861737762178693
1250,elastic_transform/s5,64,0.59375,2.0012717247009277,3.659486770629883,0.483974358974359,2.895529257945525,4.846324287928068
1251,elastic_transform/s5,64,0.515625,2.105398654937744,3.6337013244628906,0.484375,2.885527604742895,4.830974630162686
1252,elastic_transform/s5,64,0.421875,3.0093507766723633,3.8635988235473633,0.48359375,2.8870753943920135,4.818882432579994
1253,elastic_transform/s5,64,0.484375,2.7099335193634033,3.799731731414795,0.4836033950617284,2.884888457663265,4.806300325158202
1254,elastic_transform/s5,64,0.4375,2.890805959701538,4.081893444061279,0.48304115853658536,2.884960622322269,4.797466094900922
1255,elastic_transform/s5,64,0.578125,2.0347206592559814,3.3032286167144775,0.48418674698795183,2.8747167673455665,4.779463233717953
1256,elastic_transform/s5,64,0.546875,2.2819712162017822,3.43410587310791,0.4849330357142857,2.8676602726890925,4.7634470746630715
1257,elastic_transform/s5,64,0.578125,2.1957428455352783,3.217006206512451,0.4860294117647059,2.8597553617814007,4.745253652684829
1258,elastic_transform/s5,64,0.421875,2.7742629051208496,4.057760238647461,0.48528343023255816,2.8587612634481387,4.737259543219278
1259,elastic_transform/s5,64,0.5625,2.3175466060638428,3.5551843643188477,0.48617097701149425,2.8525404053172845,4.723672472197434
1260,elastic_transform/s5,64,0.46875,2.805809736251831,3.8333706855773926,0.48597301136363635,2.8520093749869955,4.713555406440388
1261,elastic_transform/s5,64,0.59375,1.887444257736206,2.6868772506713867,0.48718398876404495,2.8411715646808067,4.6907837417688265
1262,elastic_transform/s5,64,0.46875,2.4624807834625244,3.1158878803253174,0.4869791666666667,2.836963889333937,4.673284898863899
1263,elastic_transform/s5,64,0.515625,2.217571258544922,3.437152862548828,0.48729395604395603,2.830157376907684,4.659701030332964
1264,elastic_transform/s5,64,0.484375,2.6728744506835938,3.5928568840026855,0.48726222826086957,2.828447779883509,4.6481048983076345
1265,elastic_transform/s5,64,0.453125,2.509268045425415,3.232832431793213,0.48689516129032256,2.8250157397280455,4.632886914796726
1266,elastic_transform/s5,64,0.5,2.555842876434326,3.3099021911621094,0.4870345744680851,2.822152198629176,4.618812609226145
1267,elastic_transform/s5,64,0.5625,2.25071382522583,3.22306489944458,0.48782894736842103,2.8161370578565097,4.60412052807055
1268,elastic_transform/s5,64,0.640625,1.990764856338501,3.1662871837615967,0.4894205729166667,2.807539430757364,4.589143097400665
1269,elastic_transform/s5,64,0.46875,2.5423812866210938,3.729940891265869,0.4892074742268041,2.8048058416425565,4.580285342698245
1270,elastic_transform/s5,64,0.53125,2.4403247833251953,3.4619603157043457,0.48963647959183676,2.8010866471699307,4.56887386283096
1271,elastic_transform/s5,64,0.515625,2.5037779808044434,3.452075481414795,0.4898989898989899,2.798083529327855,4.557593071099483
1272,elastic_transform/s5,64,0.34375,2.968749761581421,3.7449135780334473,0.4884375,2.7997901916503904,4.549466276168824
1273,elastic_transform/s5,64,0.453125,2.658106565475464,3.4180288314819336,0.4880878712871287,2.7983873834704407,4.5382639252313295
1274,elastic_transform/s5,64,0.484375,2.5009267330169678,3.4756598472595215,0.4880514705882353,2.795471102583642,4.52784623819239
1275,elastic_transform/s5,64,0.484375,2.317870616912842,2.890437364578247,0.4880157766990291,2.7908342046645083,4.511949064662155
1276,elastic_transform/s5,64,0.5,2.3740293979644775,2.924617290496826,0.48813100961538464,2.7868264661385465,4.4966862591413355
1277,elastic_transform/s5,64,0.421875,2.5650267601013184,3.0619750022888184,0.4875,2.7847140879858108,4.483022342409407
1278,elastic_transform/s5,64,0.5625,2.304919481277466,3.15092396736145,0.4882075471698113,2.780187723771581,4.470455376607068
1279,elastic_transform/s5,64,0.5,2.2712299823760986,2.963756561279297,0.4883177570093458,2.775431109366016,4.4563740792675555
1280,elastic_transform/s5,64,0.484375,2.236515998840332,2.9110007286071777,0.48828125,2.770441154638926,4.44206506676144
1281,elastic_transform/s5,64,0.484375,2.0758538246154785,2.7474918365478516,0.4882454128440367,2.764068793813023,4.426518523364986
1282,elastic_transform/s5,64,0.515625,2.4480233192443848,2.9829978942871094,0.48849431818181815,2.7611956531351263,4.413395608555187
1283,elastic_transform/s5,64,0.453125,2.8277370929718018,3.5739188194274902,0.48817567567567566,2.7617951255660875,4.405832754599081
1284,elastic_transform/s5,64,0.484375,2.865776538848877,3.580653667449951,0.48814174107142855,2.7627235310418263,4.398465084178107
1285,elastic_transform/s5,64,0.578125,2.098191261291504,2.707057237625122,0.4889380530973451,2.7568427144953636,4.383496873146664
1286,elastic_transform/s5,64,0.5625,2.159026622772217,2.9304256439208984,0.4895833333333333,2.7515987136907745,4.370750634293807
1287,elastic_transform/s5,64,0.53125,2.49613094329834,3.029015302658081,0.48994565217391306,2.7493772548177966,4.3590833705404535
1288,elastic_transform/s5,64,0.625,1.5390843152999878,2.3269243240356445,0.4911099137931034,2.7389436949943673,4.341564758070584
1289,elastic_transform/s5,64,0.546875,2.2377073764801025,2.625918388366699,0.49158653846153844,2.734659623895955,4.32690111388508
1290,elastic_transform/s5,64,0.453125,2.547306537628174,2.755129337310791,0.491260593220339,2.733071885876736,4.313581014083604
1291,elastic_transform/s5,64,0.578125,1.961888313293457,2.771174192428589,0.49199054621848737,2.7265913516533473,4.300619612220957
1292,elastic_transform/s5,64,0.5625,2.0669963359832764,2.7075018882751465,0.492578125,2.7210947265227636,4.287343631188075
1293,elastic_transform/s5,64,0.375,2.8307414054870605,3.016740083694458,0.4916064049586777,2.7220008974232948,4.276842775423665
1294,elastic_transform/s5,64,0.515625,2.4636013507843018,3.0489768981933594,0.4918032786885246,2.7198828683524834,4.266778301020137
1295,elastic_transform/s5,64,0.453125,2.2555062770843506,2.5899829864501953,0.4914888211382114,2.7161074489112793,4.2531458187878615
1296,elastic_transform/s5,64,0.578125,2.0481693744659424,2.368208408355713,0.4921875,2.71072085153672,4.237944710639216
1297,elastic_transform/s5,64,0.515625,1.9341353178024292,1.9561030864715576,0.492375,2.704508167266846,4.219689977645874
1298,elastic_transform/s5,64,0.5,2.361280679702759,2.388148784637451,0.49243551587301587,2.7017841395877658,4.205153936431522
1299,elastic_transform/s5,64,0.5,2.259823799133301,2.7422056198120117,0.49249507874015747,2.698304136907022,4.193634658347904
1300,elastic_transform/s5,64,0.59375,2.3258652687072754,2.2309494018554688,0.4932861328125,2.6953944582492113,4.178301179781556
1301,elastic_transform/s5,64,0.453125,2.5429763793945312,2.5792253017425537,0.4929748062015504,2.6942129227542138,4.165905242742494
1302,elastic_transform/s5,64,0.578125,2.3308756351470947,2.4036455154418945,0.4936298076923077,2.6914180205418514,4.152349398686336
1303,elastic_transform/s5,64,0.5,1.9942967891693115,2.2960104942321777,0.4936784351145038,2.6860964844245037,4.138178872698136
1304,elastic_transform/s5,64,0.453125,2.2562906742095947,2.4474687576293945,0.4933712121212121,2.6828403798016636,4.125370462735494
1305,elastic_transform/s5,64,0.46875,2.4851157665252686,2.8797454833984375,0.4931860902255639,2.681353728574021,4.116004861387095
1306,elastic_transform/s5,64,0.484375,2.191594123840332,2.5687952041625977,0.49312033582089554,2.6776988061506355,4.104458520661539
1307,elastic_transform/s5,64,0.4375,2.6773266792297363,3.159688949584961,0.49270833333333336,2.677696049654925,4.097460227542453
1308,elastic_transform/s5,64,0.578125,1.9923901557922363,2.620483636856079,0.49333639705882354,2.6726570357294643,4.086600105552113
1309,elastic_transform/s5,64,0.421875,2.793604850769043,2.276352643966675,0.4928147810218978,2.6735398664961765,4.073386620431051
1310,elastic_transform/s5,64,0.5,2.345113515853882,2.703258991241455,0.492866847826087,2.671159965404566,4.063458159349967
1311,elastic_transform/s5,64,0.53125,2.1294758319854736,2.133392095565796,0.49314298561151076,2.667262957250472,4.049572791984613
1312,elastic_transform/s5,64,0.453125,2.291398286819458,2.633436918258667,0.4928571428571429,2.6645782096045356,4.039457535743713
1313,elastic_transform/s5,64,0.546875,2.1201322078704834,2.2243309020996094,0.49324024822695034,2.660716890443301,4.02658429720723
1314,elastic_transform/s5,64,0.5,2.206270933151245,2.470757007598877,0.49328785211267606,2.6575165668003997,4.015627766998721
1315,elastic_transform/s5,64,0.515625,2.25715708732605,2.291529655456543,0.49344405594405594,2.654716850160719,4.003571136848076
1316,elastic_transform/s5,64,0.53125,2.340749979019165,2.1629767417907715,0.4937065972222222,2.6525365246666803,3.990789231326845
1317,elastic_transform/s5,64,0.5625,1.8934962749481201,2.1014246940612793,0.49418103448275863,2.6473017643237937,3.977759131069841
1318,elastic_transform/s5,64,0.4375,2.734794855117798,2.4143576622009277,0.4937928082191781,2.647901032068958,3.967050901831013
1319,elastic_transform/s5,64,0.4375,2.371792793273926,2.190725564956665,0.49340986394557823,2.6460227447302165,3.954967056001936
1320,elastic_transform/s5,64,0.546875,1.8084861040115356,1.7731270790100098,0.49377111486486486,2.640363713374009,3.9402248939952336
1321,elastic_transform/s5,64,0.515625,2.1145384311676025,2.105450391769409,0.4939177852348993,2.6368346846343687,3.927910971161503
1322,elastic_transform/s5,64,0.578125,2.1390390396118164,2.3379030227661133,0.4944791666666667,2.633516047000885,3.9173109181722006
1323,elastic_transform/s5,64,0.484375,2.2196202278137207,2.210171699523926,0.49441225165562913,2.6307750150857383,3.906005360432808
1324,elastic_transform/s5,64,0.640625,1.6746476888656616,2.003767490386963,0.4953741776315789,2.6244847037290273,3.893490637603559
1325,elastic_transform/s5,64,0.453125,2.835775852203369,2.943871021270752,0.4950980392156863,2.6258656916275522,3.887283973444521
1326,elastic_transform/s5,64,0.578125,1.705112099647522,2.3149495124816895,0.4956371753246753,2.6198867721991106,3.877074009412295
1327,elastic_transform/s5,64,0.515625,1.666178822517395,2.1185483932495117,0.4957661290322581,2.613733817685035,3.865728682856406
1328,elastic_transform/s5,64,0.515625,2.162388324737549,2.2718586921691895,0.49589342948717946,2.610840577345628,3.855511567531488
1329,elastic_transform/s5,64,0.53125,1.948722243309021,1.84578537940979,0.4961186305732484,2.6066232631160955,3.84271076378549
1330,elastic_transform/s5,64,0.46875,2.501208543777466,2.1900439262390137,0.49594541139240506,2.6059560813481295,3.8322508470921575
1331,elastic_transform/s5,64,0.390625,2.536226272583008,1.9123350381851196,0.49528301886792453,2.605517529091745,3.820175904897774
1332,elastic_transform/s5,64,0.5625,2.1233396530151367,1.8647146224975586,0.495703125,2.602503917366266,3.8079542718827724
1333,elastic_transform/s5,64,0.546875,2.3016622066497803,2.2138726711273193,0.49602096273291924,2.6006353353121265,3.7980531439277696
1334,elastic_transform/s5,64,0.53125,2.0690348148345947,2.1101160049438477,0.49623842592592593,2.5973538506178206,3.7876337788723133
1335,elastic_transform/s5,64,0.5625,1.9450844526290894,1.7635771036148071,0.49664493865030673,2.593352197869424,3.7752162532572364
1336,elastic_transform/s5,64,0.578125,1.8876166343688965,1.828104019165039,0.4971417682926829,2.589048932238323,3.763343617683504
1337,elastic_transform/s5,64,0.5625,2.1071555614471436,2.300973653793335,0.4975378787878788,2.58612836635474,3.7544807694175026
1338,elastic_transform/s5,64,0.484375,2.4473202228546143,2.2790088653564453,0.4974585843373494,2.585292172719197,3.7455923844532792
1339,elastic_transform/s5,64,0.5,2.167123556137085,2.304042100906372,0.4974738023952096,2.5827881690270886,3.73696034682725
1340,elastic_transform/s5,64,0.546875,1.892168402671814,1.862529993057251,0.49776785714285715,2.5786773370844975,3.725803023292905
1341,elastic_transform/s5,64,0.5625,2.1191184520721436,2.0155510902404785,0.4981508875739645,2.575958053741229,3.7156831893695177
1342,elastic_transform/s5,64,0.46875,2.636516809463501,1.8467984199523926,0.4979779411764706,2.5763142817160665,3.704689749549417
1343,elastic_transform/s5,64,0.46875,2.2826318740844727,1.960193157196045,0.49780701754385964,2.5745968407357647,3.6944880150912103
1344,elastic_transform/s5,64,0.421875,2.971501111984253,2.3542299270629883,0.4973655523255814,2.5769044237081395,3.6866958169049995
1345,elastic_transform/s5,64,0.609375,1.7794466018676758,1.9102838039398193,0.4980130057803468,2.5722948409229343,3.676427539373409
1346,elastic_transform/s5,64,0.5625,1.812586784362793,1.7858145236968994,0.4983836206896552,2.567928702666842,3.665561947329291
1347,elastic_transform/s5,64,0.484375,2.5757453441619873,1.9967451095581055,0.4983035714285714,2.567973369189671,3.656025851113456
1348,elastic_transform/s5,64,0.4375,2.6535985469818115,2.506422996520996,0.4979580965909091,2.568459875881672,3.649494016712362
1349,elastic_transform/s5,64,0.640625,1.680063009262085,2.079575777053833,0.4987641242937853,2.563440684544838,3.64062442213802
1350,elastic_transform/s5,64,0.578125,1.7353250980377197,1.7608851194381714,0.49920997191011235,2.55878834978918,3.630064088976785
1351,elastic_transform/s5,64,0.53125,2.235769271850586,1.7974796295166016,0.49938896648044695,2.5569837739347747,3.6198261869686275
1352,elastic_transform/s5,64,0.5,2.283421516418457,1.8347198963165283,0.4993923611111111,2.5554639836152395,3.609908929798338
1353,elastic_transform/s5,64,0.46875,2.400570869445801,1.9868390560150146,0.49922306629834257,2.5546082205535297,3.600941692926607
1354,elastic_transform/s5,64,0.484375,2.322845220565796,2.015580654144287,0.4991414835164835,2.553334797476674,3.5922309179882426
1355,elastic_transform/s5,64,0.453125,2.2614917755126953,1.8147177696228027,0.4988900273224044,2.551740026864849,3.582517731385153
1356,elastic_transform/s5,64,0.515625,1.8893145322799683,1.9076570272445679,0.49898097826086957,2.5481398883073227,3.5734152275583018
1357,elastic_transform/s5,64,0.484375,2.4080755710601807,2.114434003829956,0.498902027027027,2.5473827838897707,3.5655288425651754
1358,elastic_transform/s5,64,0.46875,2.305363178253174,1.6578452587127686,0.4987399193548387,2.5460816032143048,3.5552724792111303
1359,elastic_transform/s5,64,0.5,2.401339530944824,1.9880481958389282,0.49874665775401067,2.545307581437463,3.5468916006904236
1360,elastic_transform/s5,64,0.515625,2.2293875217437744,1.6157455444335938,0.4988364361702128,2.543627155588028,3.5366195471996957
1361,elastic_transform/s5,64,0.484375,2.2115845680236816,1.87154221534729,0.49875992063492064,2.541870316500386,3.5278096142269315
1362,elastic_transform/s5,64,0.515625,2.0933055877685547,1.596247673034668,0.4988486842105263,2.5395094495070607,3.5176434987469722
1363,elastic_transform/s5,64,0.53125,2.4607701301574707,2.168595314025879,0.49901832460732987,2.539097201761775,3.510580419245815
1364,elastic_transform/s5,64,0.53125,2.0863609313964844,1.778980016708374,0.4991861979166667,2.5367392003536224,3.5015616671492658
1365,elastic_transform/s5,64,0.53125,2.483366012573242,1.7068226337432861,0.4993523316062176,2.5364626553392164,3.492262501173069
1366,elastic_transform/s5,64,0.546875,1.8870933055877686,1.7932660579681396,0.49959729381443296,2.533115390649776,3.483504787548301
1367,elastic_transform/s5,64,0.59375,1.87522554397583,1.6051509380340576,0.5000801282051283,2.5297415965642687,3.4738722037046386
1368,elastic_transform/s5,64,0.625,1.7733262777328491,1.644232988357544,0.5007174744897959,2.5258823347334958,3.4645373097487857
1369,elastic_transform/s5,64,0.5625,1.9703805446624756,1.8682513236999512,0.5010310913705583,2.523062528692526,3.4564343352003144
1370,elastic_transform/s5,64,0.484375,2.6445934772491455,1.718329906463623,0.5009469696969697,2.523676321362004,3.4476560300046746
1371,elastic_transform/s5,64,0.515625,2.086179256439209,2.0306859016418457,0.5010207286432161,2.521477843648824,3.440535577098329
1372,elastic_transform/s5,64,0.46875,2.261183023452759,1.7347512245178223,0.500859375,2.520176369547844,3.4320066553354263
1373,elastic_transform/s5,64,0.5,2.545560121536255,2.0125083923339844,0.5008550995024875,2.5203026568711695,3.424944474922484
1374,elastic_transform/s5,64,0.625,1.9663666486740112,1.7740213871002197,0.5014696782178217,2.517560399404847,3.416771588349106
1375,elastic_transform/s5,64,0.65625,1.7227469682693481,1.5545070171356201,0.5022321428571429,2.513645062305657,3.4075978712495325
1376,elastic_transform/s5,64,0.5625,1.9625897407531738,1.723990559577942,0.5025275735294118,2.5109438107294193,3.3993448942315343
1377,elastic_transform/s5,64,0.5625,2.2554187774658203,1.876617431640625,0.5028201219512195,2.5096973471525237,3.3919169553896276
1378,elastic_transform/s5,64,0.5625,2.1434476375579834,1.9308444261550903,0.5031098300970874,2.5079194359409,3.384824370296256
1379,elastic_transform/s5,64,0.5,2.423815965652466,2.002945899963379,0.503094806763285,2.5075131389829846,3.378148628893682
1380,elastic_transform/s5,64,0.5,2.5327796936035156,1.3307948112487793,0.5030799278846154,2.5076346128032756,3.3683055816934657
1381,elastic_transform/s5,64,0.484375,2.5412979125976562,1.35798978805542,0.5029904306220095,2.5077956812233446,3.358686845838738
1382,elastic_transform/s5,64,0.53125,2.313262939453125,1.6402385234832764,0.503125,2.506869334833963,3.3505037585894266
1383,elastic_transform/s5,64,0.484375,2.3637466430664062,1.888345718383789,0.5030361374407583,2.506191028237908,3.3435740996311063
1384,elastic_transform/s5,64,0.484375,2.3990883827209473,1.6678636074066162,0.5029481132075472,2.505685827079809,3.335669804856462
1385,elastic_transform/s5,64,0.5,2.246791124343872,1.622397541999817,0.5029342723004695,2.504470358991847,3.327626273105962
1386,elastic_transform/s5,64,0.546875,2.1151204109191895,1.5387427806854248,0.5031396028037384,2.5026509667111334,3.3192670044497907
1387,elastic_transform/s5,64,0.46875,2.2954654693603516,1.8028970956802368,0.5029796511627908,2.501687313235083,3.3122141211531884
1388,elastic_transform/s5,64,0.53125,2.378053665161133,1.7816858291625977,0.5031105324074074,2.501114935234741,3.305128342023602
1389,elastic_transform/s5,64,0.4375,2.6656055450439453,1.7493513822555542,0.5028081797235023,2.5018729564781013,3.2979588629463303
1390,elastic_transform/s5,64,0.65625,1.6934728622436523,1.3575764894485474,0.5035120412844036,2.498164699165099,3.289058026370652
1391,elastic_transform/s5,64,0.5,2.4635276794433594,1.8179304599761963,0.50349600456621,2.4980065392576942,3.2823405488985316
1392,elastic_transform/s5,64,0.578125,2.1424038410186768,1.4757051467895508,0.5038352272727272,2.4963901633566077,3.274128569798036
1393,elastic_transform/s5,64,0.40625,2.8346610069274902,2.03193998336792,0.503393665158371,2.4979208006578335,3.2685078069635107
1394,elastic_transform/s5,64,0.59375,1.9063447713851929,1.6919758319854736,0.5038006756756757,2.495256043769218,3.2614063115807266
1395,elastic_transform/s5,64,0.453125,2.1679980754852295,1.532403826713562,0.5035734304932735,2.493788519247765,3.253652937209125
1396,elastic_transform/s5,64,0.703125,1.403225064277649,1.1539995670318604,0.5044642857142857,2.48891993239522,3.2442794846636906
1397,elastic_transform/s5,64,0.4375,2.4585506916046143,1.9499011039733887,0.5041666666666667,2.488784957991706,3.238526691860623
1398,elastic_transform/s5,64,0.625,1.7494853734970093,1.5812335014343262,0.5047013274336283,2.485513720892172,3.231193536150772
1399,elastic_transform/s5,64,0.484375,2.5228209495544434,1.4845590591430664,0.5046117841409692,2.4856780699171157,3.2234991111419276
1400,elastic_transform/s5,64,0.5,1.6836841106414795,1.8762335777282715,0.5045915570175439,2.4821605525518717,3.21759005178485
1401,elastic_transform/s5,64,0.578125,1.9404819011688232,1.4508531093597412,0.5049126637554585,2.479795143593867,3.2098750433026444
1402,elastic_transform/s5,64,0.484375,2.4803738594055176,1.6308815479278564,0.5048233695652173,2.47979765974957,3.2030098541923193
1403,elastic_transform/s5,64,0.53125,2.2768495082855225,1.5252490043640137,0.5049377705627706,2.478919096323319,3.1957468202103785
1404,elastic_transform/s5,64,0.578125,1.9773918390274048,1.3448381423950195,0.5052532327586207,2.47675734090394,3.1877687655646225
1405,elastic_transform/s5,64,0.53125,2.0394327640533447,1.394884705543518,0.5053648068669528,2.4748804113895595,3.1800739841911416
1406,elastic_transform/s5,64,0.640625,1.7600547075271606,1.844132661819458,0.5059428418803419,2.471825600689293,3.174364833240835
1407,elastic_transform/s5,64,0.53125,2.4064078330993652,1.7846896648406982,0.5060505319148936,2.471547227210187,3.1684513218859407
1408,elastic_transform/s5,64,0.625,2.1537675857543945,1.5018417835235596,0.5065545550847458,2.4702007033057134,3.1613894170623715
1409,elastic_transform/s5,64,0.546875,2.3075575828552246,2.035557985305786,0.5067246835443038,2.469514445413517,3.1566390734684617
1410,elastic_transform/s5,64,0.625,1.7079788446426392,1.3782129287719727,0.5072216386554622,2.4663147159985135,3.149166694709233
1411,elastic_transform/s5,64,0.546875,2.5379059314727783,1.8233802318572998,0.5073875523012552,2.4666142608331336,3.143619471015292
1412,elastic_transform/s5,64,0.65625,1.5650755167007446,1.4164917469024658,0.5080078125,2.462857849399249,3.136423105498155
1413,elastic_transform/s5,64,0.625,2.0905299186706543,1.460496187210083,0.5084932572614108,2.461312920226101,3.1294690518953
1414,elastic_transform/s5,64,0.53125,1.6904386281967163,1.3786535263061523,0.5085872933884298,2.458127489267302,3.122234276996171
1415,elastic_transform/s5,64,0.4375,2.574659585952759,2.2458462715148926,0.5082947530864198,2.4586070452207403,3.1186277419941906
1416,elastic_transform/s5,64,0.546875,1.988144040107727,1.3597846031188965,0.508452868852459,2.4566789181506046,3.11141936847421
1417,elastic_transform/s5,64,0.5625,1.9669086933135986,1.5642558336257935,0.5086734693877552,2.454679856008413,3.105104415270747
1418,elastic_transform/s5,64,0.5625,2.1063549518585205,1.5811505317687988,0.5088922764227642,2.4532639011134947,3.098909480784967
1419,elastic_transform/s5,64,0.484375,2.092991352081299,1.3353933095932007,0.508793016194332,2.4518053077975748,3.0917697392011942
1420,elastic_transform/s5,64,0.578125,1.8930267095565796,1.359412670135498,0.5090725806451613,2.4495521682885384,3.084784428438833
1421,elastic_transform/s5,64,0.625,1.5908002853393555,1.2685017585754395,0.5095381526104418,2.446103365545771,3.0774901205277345
1422,elastic_transform/s5,64,0.5,2.3389203548431396,1.6662523746490479,0.5095,2.44567463350296,3.07184516954422
1423,elastic_transform/s5,64,0.453125,2.542227268218994,1.8721768856048584,0.5092753984063745,2.4460593053544186,3.067065614628127
1424,elastic_transform/s5,64,0.484375,2.4106311798095703,1.7460172176361084,0.5091765873015873,2.4459187175546373,3.061823359084508
1425,elastic_transform/s5,64,0.453125,2.2965705394744873,1.61967134475708,0.5089550395256917,2.445328408550368,3.0561231534942808
1426,elastic_transform/s5,64,0.625,1.7979815006256104,1.7455153465270996,0.5094119094488189,2.4427797986766486,3.0509632802385043
1427,elastic_transform/s5,64,0.59375,2.2488842010498047,1.616123914718628,0.5097426470588236,2.4420194237839943,3.0453364591972503
1428,elastic_transform/s5,64,0.59375,1.988329529762268,1.4477152824401855,0.51007080078125,2.440247197635472,3.039095751475543
1429,elastic_transform/s5,64,0.53125,2.35432767868042,1.4367815256118774,0.5101532101167315,2.4399128804410943,3.032861065771793
1430,elastic_transform/s5,64,0.5625,2.3697550296783447,1.4344686269760132,0.5103561046511628,2.439640950786975,3.026665746241577
1431,elastic_transform/s5,64,0.421875,2.4941904544830322,1.8274481296539307,0.5100144787644788,2.4398515666313614,3.0220355623937483
1432,elastic_transform/s5,64,0.625,1.5379852056503296,1.21026611328125,0.5104567307692308,2.4363828498583575,3.0150672183587
1433,elastic_transform/s5,64,0.578125,1.6461496353149414,1.223222255706787,0.5107159961685823,2.4333551363926738,3.0082019119883863
1434,elastic_transform/s5,64,0.453125,2.6482198238372803,1.3881211280822754,0.5104961832061069,2.4341752306195614,3.0020183975459966
1435,elastic_transform/s5,64,0.65625,1.7553520202636719,1.4863049983978271,0.5110503802281369,2.431594153774102,2.9962552287279425
1436,elastic_transform/s5,64,0.4375,2.3591866493225098,1.4478340148925781,0.5107717803030303,2.4313198829239067,2.990389996857354
1437,elastic_transform/s5,64,0.515625,2.182318687438965,1.3514530658721924,0.5107900943396226,2.430380255771133,2.984205329193259
1438,elastic_transform/s5,64,0.5625,2.5315372943878174,1.125257968902588,0.510984492481203,2.430760545389993,2.977216805282392
1439,elastic_transform/s5,64,0.546875,1.9797605276107788,1.6132615804672241,0.5111189138576779,2.429071406746625,2.9721083587475037
1440,elastic_transform/s5,64,0.609375,1.8317354917526245,1.2659790515899658,0.5114855410447762,2.42684254139217,2.965742204616319
1441,elastic_transform/s5,64,0.609375,1.8585134744644165,1.5254380702972412,0.5118494423791822,2.424729793931472,2.960387914154166
1442,elastic_transform/s5,64,0.546875,2.3077056407928467,1.6326420307159424,0.5119791666666667,2.4242963711420695,2.955470336808099
1443,elastic_transform/s5,64,0.671875,1.6881275177001953,1.2555994987487793,0.5125691881918819,2.4215798809079665,2.9491977506897986
1444,elastic_transform/s5,64,0.578125,2.219278573989868,1.6294218301773071,0.5128102022058824,2.420836126103121,2.944345633334973
1445,elastic_transform/s5,64,0.703125,1.2509993314743042,1.176915168762207,0.513507326007326,2.416551009639279,2.937871529069139
1446,elastic_transform/s5,64,0.421875,2.7946035861968994,1.8881988525390625,0.5131729014598541,2.417930763568321,2.934040606892022
1447,elastic_transform/s5,64,0.453125,2.643890380859375,1.4486521482467651,0.5129545454545454,2.4187524349039253,2.92863919431513
1448,elastic_transform/s5,64,0.640625,1.909444808959961,1.3294858932495117,0.5134171195652174,2.4169071174186207,2.922845160615617
1449,elastic_transform/s5,64,0.4375,2.49257230758667,1.7544605731964111,0.5131430505415162,2.4171802769499133,2.9186271657151868
1450,elastic_transform/s5,64,0.5,2.2191596031188965,1.4486637115478516,0.513095773381295,2.4164679723677875,2.9133395273908436
1451,elastic_transform/s5,64,0.546875,2.006537914276123,1.397155523300171,0.5132168458781362,2.414998689005452,2.9079051761217016
1452,elastic_transform/s5,64,0.515625,2.1834585666656494,1.5454180240631104,0.5132254464285714,2.4141717599970955,2.903039150578635
1453,elastic_transform/s5,64,0.515625,2.5075032711029053,1.485790491104126,0.5132339857651246,2.4145039006060127,2.8979955610431385
1454,elastic_transform/s5,64,0.5,2.4081919193267822,1.4576436281204224,0.5131870567375887,2.4144815176936754,2.8928879300753274
1455,elastic_transform/s5,64,0.484375,2.5860488414764404,1.1880371570587158,0.5130852473498233,2.4150877626540384,2.8868637223968237
1456,elastic_transform/s5,64,0.5625,1.7611052989959717,1.5103557109832764,0.5132592429577465,2.4127850075003128,2.8820168632017054
1457,elastic_transform/s5,64,0.578125,1.7509098052978516,1.4057953357696533,0.5134868421052632,2.410462638369778,2.876837138544049
1458,elastic_transform/s5,64,0.515625,2.348637819290161,1.4582754373550415,0.5134943181818182,2.410246467673695,2.8718771325958357
1459,elastic_transform/s5,64,0.53125,2.34421706199646,1.317816972732544,0.5135561846689896,2.4100164000580953,2.866462288833246
1460,elastic_transform/s5,64,0.5,2.460531711578369,1.4603101015090942,0.5135091145833334,2.4101918004453182,2.8615798159605927
1461,elastic_transform/s5,64,0.515625,2.2629294395446777,1.3282548189163208,0.5135164359861591,2.4096822421031017,2.85627419313345
1462,elastic_transform/s5,64,0.515625,2.160806894302368,1.2431772947311401,0.5135237068965517,2.408824051248616,2.850711790035511
1463,elastic_transform/s5,64,0.59375,2.112644910812378,1.5037078857421875,0.5137993986254296,2.4078062535151585,2.8460829106393137
1464,elastic_transform/s5,64,0.53125,2.2057433128356934,1.3891061544418335,0.5138591609589042,2.4071142571429682,2.84109326421398
1465,elastic_transform/s5,64,0.484375,2.3603367805480957,1.5613319873809814,0.5137585324232082,2.4069546070522008,2.8367254782862226
1466,elastic_transform/s5,64,0.609375,1.8383548259735107,1.250294804573059,0.5140837585034014,2.405020594191389,2.8313294555865176
1467,elastic_transform/s5,64,0.484375,2.367492437362671,1.4984102249145508,0.5139830508474577,2.4048933801004444,2.8268110853130533
1468,elastic_transform/s5,64,0.5,1.9336292743682861,1.4116626977920532,0.5139358108108109,2.403301271635133,2.8220301785984554
1469,elastic_transform/s5,64,0.46875,2.6327497959136963,1.316745400428772,0.51378367003367,2.4040738255889327,2.8169618796820592
1470,elastic_transform/s5,64,0.5625,2.0130088329315186,1.353361964225769,0.5139471476510067,2.402761526955854,2.81205047056979
1471,elastic_transform/s5,64,0.546875,1.8440102338790894,1.1989920139312744,0.5140572742474916,2.400892793534193,2.8066556262332063
1472,elastic_transform/s5,64,0.609375,2.03174090385437,1.2738171815872192,0.514375,2.39966228723526,2.801546164751053
1473,elastic_transform/s5,64,0.59375,1.9868769645690918,1.3138456344604492,0.5146387043189369,2.398290907425738,2.7966036380723467
1474,elastic_transform/s5,64,0.546875,1.8799501657485962,1.3547461032867432,0.5147454470198676,2.3965745473539593,2.791829275374381
1475,elastic_transform/s5,64,0.578125,2.0492031574249268,1.1749274730682373,0.5149546204620462,2.3954281071231702,2.7864929657958126
1476,elastic_transform/s5,64,0.625,1.7328904867172241,1.0215511322021484,0.5153166118421053,2.3932487070560455,2.7806872360800443
1477,elastic_transform/s5,64,0.515625,2.166018009185791,1.217450737953186,0.5153176229508196,2.3925036883745037,2.775561870512415
1478,elastic_transform/s5,64,0.546875,2.02681827545166,1.1959478855133057,0.5154207516339869,2.3913086380054747,2.7703997333065358
1479,elastic_transform/s5,64,0.5,2.2149457931518555,1.58935546875,0.5153705211726385,2.390734166198134,2.766552683584853
1480,elastic_transform/s5,64,0.65625,1.8626383543014526,1.2490339279174805,0.515827922077922,2.3890195694062615,2.761625674637881
1481,elastic_transform/s5,64,0.609375,2.0390193462371826,1.2751833200454712,0.5161306634304207,2.387886882599889,2.7568151815809476
1482,elastic_transform/s5,64,0.546875,2.110081672668457,1.3146847486495972,0.5162298387096774,2.3869907367614007,2.7521631479263307
1483,elastic_transform/s5,64,0.59375,1.5906033515930176,1.2428314685821533,0.5164790996784566,2.38443000561938,2.7473099914011083
1484,elastic_transform/s5,64,0.5,2.294872522354126,1.1672276258468628,0.516426282051282,2.3841429624037866,2.7422456248448444
1485,elastic_transform/s5,64,0.453125,2.3282711505889893,1.605567455291748,0.5162240415335463,2.383964458212685,2.73861406519771
1486,elastic_transform/s5,64,0.5,2.6227986812591553,1.2315208911895752,0.516172372611465,2.384725076757419,2.733814405407875
1487,elastic_transform/s5,64,0.609375,2.14400315284729,1.468488335609436,0.516468253968254,2.383960880173577,2.729797497249785
1488,elastic_transform/s5,64,0.59375,2.131964921951294,1.238400936126709,0.5167128164556962,2.3831634246095827,2.7250778878791424
1489,elastic_transform/s5,64,0.640625,1.8211514949798584,1.166378140449524,0.5171037066246057,2.381390516314221,2.7201608539755786
1490,elastic_transform/s5,64,0.578125,1.9476860761642456,1.0210731029510498,0.5172955974842768,2.3800266658734976,2.714817810733363
1491,elastic_transform/s5,64,0.625,2.0102052688598633,1.328702449798584,0.5176332288401254,2.378867351149317,2.710472621514132
1492,elastic_transform/s5,64,0.46875,2.5235559940338135,1.4921907186508179,0.51748046875,2.3793195031583307,2.7066654905676844
1493,elastic_transform/s5,64,0.53125,2.034719467163086,1.4114211797714233,0.5175233644859814,2.378245982796975,2.702630461562088
1494,elastic_transform/s5,64,0.5625,2.174959182739258,1.3978023529052734,0.5176630434782609,2.377614657330957,2.6985782003550796
1495,elastic_transform/s5,64,0.546875,1.8013255596160889,1.3691896200180054,0.5177534829721362,2.375830480557846,2.694462446236389
1496,elastic_transform/s5,64,0.5,2.5667879581451416,1.460573434829712,0.5176986882716049,2.3764198554886713,2.690654146818467
1497,elastic_transform/s5,64,0.609375,1.991702914237976,1.2182679176330566,0.5179807692307692,2.3752361110540536,2.6861237276517427
1498,elastic_transform/s5,64,0.515625,2.455091953277588,1.527576208114624,0.5179735429447853,2.3754810676252913,2.6825699009046966
1499,elastic_transform/s5,64,0.546875,1.8629250526428223,1.1223266124725342,0.5180619266055045,2.373913618038189,2.6777985147015397
1500,elastic_transform/s5,64,0.546875,2.2745184898376465,1.28912353515625,0.5181497713414634,2.3736105841107484,2.6735647495199992
1501,elastic_transform/s5,64,0.546875,2.0755903720855713,1.3791930675506592,0.5182370820668692,2.3727047476000336,2.669630489088482
1502,elastic_transform/s5,64,0.59375,2.053746223449707,1.0819358825683594,0.5184659090909091,2.37173820661776,2.664819293311148
1503,elastic_transform/s5,64,0.625,2.2563936710357666,1.1078356504440308,0.5187877643504532,2.371389733700594,2.660115415236021
1504,elastic_transform/s5,64,0.5,2.4675538539886475,1.0834335088729858,0.5187311746987951,2.371679384665317,2.655366373349385
1505,elastic_transform/s5,64,0.578125,2.2348127365112305,1.170865774154663,0.5189095345345346,2.371268373709899,2.6509084135920435
1506,elastic_transform/s5,64,0.53125,2.7472896575927734,1.0612459182739258,0.5189464820359282,2.3723941859370936,2.646148945043187
1507,elastic_transform/s5,64,0.59375,1.794101595878601,1.1231600046157837,0.519169776119403,2.3706679393996053,2.64160270940012
1508,elastic_transform/s5,64,0.53125,2.307528257369995,1.4527289867401123,0.5192057291666666,2.370480023679279,2.638064394749346
1509,elastic_transform/s5,64,0.5,2.239985704421997,1.4208203554153442,0.5191487388724035,2.3700928001799992,2.634452394632628
1510,elastic_transform/s5,64,0.5,2.142441511154175,1.200852394104004,0.5190920857988166,2.3694192756562544,2.630210974512721
1511,elastic_transform/s5,64,0.515625,2.245117425918579,1.119339108467102,0.5190818584070797,2.3690526035331345,2.6257541253503445
1512,elastic_transform/s5,64,0.515625,2.1315388679504395,1.6011484861373901,0.5190716911764706,2.3683540337225972,2.6227405793526595
1513,elastic_transform/s5,64,0.578125,1.9416776895523071,1.2705509662628174,0.5192448680351907,2.367102783446438,2.6187752139183784
1514,elastic_transform/s5,64,0.671875,1.7886334657669067,1.0933258533477783,0.5196911549707602,2.365411352692989,2.6143148356710957
1515,elastic_transform/s5,64,0.59375,2.245786428451538,1.468794345855713,0.5199070699708455,2.3650625919809145,2.610975125788252
1516,elastic_transform/s5,64,0.53125,2.186161518096924,1.4767099618911743,0.5199400436046512,2.364542530719624,2.607677843335063
1517,elastic_transform/s5,64,0.546875,1.9104541540145874,1.028562068939209,0.520018115942029,2.363226332526276,2.603100696162901
1518,elastic_transform/s5,64,0.59375,1.914404273033142,1.1150059700012207,0.5202312138728323,2.361929158943926,2.5987998443531852
1519,elastic_transform/s5,64,0.4375,2.9978621006011963,1.6059006452560425,0.519992795389049,2.3637618187181544,2.59593846337596
1520,elastic_transform/s5,64,0.453125,2.4208714962005615,1.2367115020751953,0.5198006465517241,2.363925926986782,2.592032638774521
1521,elastic_transform/s5,64,0.421875,2.5761327743530273,1.072902798652649,0.5195200573065902,2.3645339695293788,2.587679831209702
1522,elastic_transform/s5,64,0.484375,2.043267250061035,1.4732019901275635,0.5194196428571428,2.363616064616612,2.58449560880661
1523,elastic_transform/s5,64,0.59375,2.2841641902923584,1.229872465133667,0.5196314102564102,2.3633897060003037,2.5806362836109606
1524,elastic_transform/s5,64,0.5625,2.3391501903533936,1.138871669769287,0.5197531960227273,2.363320843739943,2.576540361412547
1525,elastic_transform/s5,64,0.609375,1.8764996528625488,1.007746934890747,0.5200070821529745,2.3619417468819335,2.572096187399737
1526,elastic_transform/s5,64,0.71875,1.5485560894012451,1.0177092552185059,0.5205685028248588,2.3596440472845304,2.567705263862502
1527,elastic_transform/s5,64,0.609375,1.6832693815231323,1.1870990991592407,0.520818661971831,2.3577387665359066,2.5638162324126337
1528,elastic_transform/s5,64,0.578125,2.0651893615722656,1.1334543228149414,0.5209796348314607,2.356916998544436,2.559798361880056
1529,elastic_transform/s5,64,0.546875,2.45512056350708,1.2076821327209473,0.5210521708683473,2.3571920785583367,2.5560109214622435
1530,elastic_transform/s5,64,0.625,1.8117523193359375,1.15951669216156,0.5213425279329609,2.3556685038119056,2.552110099592688
1531,elastic_transform/s5,64,0.453125,2.7085273265838623,1.1098315715789795,0.5211525069637883,2.356651397468652,2.548092610656717
1532,elastic_transform/s5,64,0.5625,2.2239532470703125,1.077763557434082,0.5212673611111112,2.3562827914953233,2.5440083632866544
1533,elastic_transform/s5,64,0.5625,1.8108015060424805,1.4073861837387085,0.5213815789473685,2.354771763003764,2.5408598253931696
1534,elastic_transform/s5,64,0.546875,1.791354775428772,1.1637203693389893,0.521452002762431,2.353215362485601,2.537055572752136
1535,elastic_transform/s5,64,0.609375,1.893735647201538,1.4718635082244873,0.5216942148760331,2.3519495781459754,2.5341211593512334
1536,elastic_transform/s5,64,0.59375,2.013261318206787,1.116265058517456,0.5218921703296703,2.3510191158933953,2.5302259502830085
1537,elastic_transform/s5,64,0.53125,2.708925485610962,0.9687162637710571,0.5219178082191781,2.351999681289882,2.525947841552839
1538,elastic_transform/s5,64,0.5,2.3655169010162354,1.3862872123718262,0.5218579234972678,2.3520366135842163,2.522834014697153
1539,elastic_transform/s5,64,0.5625,2.1370770931243896,1.3200745582580566,0.5219686648501363,2.3514508928200204,2.519556740973886
1540,elastic_transform/s5,64,0.484375,2.2075843811035156,1.2704226970672607,0.521866508152174,2.351059951212095,2.516162354985009
1541,elastic_transform/s5,64,0.5,2.572917938232422,1.36759352684021,0.5218072493224932,2.351661192369332,2.51304970233421
1542,elastic_transform/s5,64,0.4375,2.0872812271118164,1.1225600242614746,0.5215793918918918,2.35094665192269,2.509291622123203
1543,elastic_transform/s5,64,0.5625,1.9293614625930786,1.2804681062698364,0.5216896900269542,2.3498103037034728,2.5059794293580993
1544,elastic_transform/s5,64,0.5,2.8041739463806152,1.3083447217941284,0.5216313844086021,2.351031711345078,2.5027599812194867
1545,elastic_transform/s5,64,0.5625,2.0370473861694336,1.2960011959075928,0.5217409517426274,2.3501899303124354,2.4995247029746825
1546,elastic_transform/s5,64,0.546875,2.036005735397339,1.1851801872253418,0.5218081550802139,2.349349865620149,2.49601041282562
1547,elastic_transform/s5,64,0.515625,2.0415968894958496,1.4735915660858154,0.5217916666666667,2.348529191017151,2.4932839625676473
1548,elastic_transform/s5,64,0.546875,1.8308265209197998,1.1004714965820312,0.5218583776595744,2.3471523222137005,2.4895796740942813
1549,elastic_transform/s5,64,0.625,1.8848217725753784,1.054253101348877,0.5221319628647215,2.3459259812332274,2.485772441805832
1550,elastic_transform/s5,64,0.546875,2.7426838874816895,1.0001739263534546,0.5221974206349206,2.346975605323832,2.481842287003048
1551,elastic_transform/s5,64,0.59375,1.7257633209228516,1.1735272407531738,0.5223862137203166,2.345336522779238,2.4783902684113595
1552,elastic_transform/s5,64,0.609375,1.811995267868042,1.0997544527053833,0.5226151315789473,2.343932993161051,2.47476227942266
1553,elastic_transform/s5,64,0.515625,2.703338623046875,1.0639643669128418,0.5225967847769029,2.344876315024268,2.471059397762529
1554,elastic_transform/s5,64,0.5625,2.169781446456909,1.1649372577667236,0.5227012434554974,2.344417951493987,2.4676402298567806
1555,elastic_transform/s5,64,0.609375,2.302579879760742,0.9771026372909546,0.522927545691906,2.344308713708783,2.463748486795251
1556,elastic_transform/s5,64,0.546875,2.1104929447174072,1.2598800659179688,0.5229899088541666,2.3436998184770346,2.46061341278255
1557,elastic_transform/s5,64,0.53125,2.1571569442749023,1.1862560510635376,0.5230113636363637,2.343215291531055,2.457303393661202
1558,elastic_transform/s5,64,0.578125,2.3472702503204346,1.2166378498077393,0.5231541450777202,2.3432257966056387,2.454089234221167
1559,elastic_transform/s5,64,0.609375,2.3258838653564453,1.1969536542892456,0.5233769379844961,2.3431809854137806,2.450840821869922
1560,elastic_transform/s5,64,0.546875,2.0883898735046387,1.1761319637298584,0.5234375,2.3425243072903035,2.447555489761313
1561,elastic_transform/s5,64,0.546875,2.350905179977417,1.1324901580810547,0.5234977506426736,2.342545851950167,2.4441748590886134
1562,elastic_transform/s5,64,0.640625,1.6727313995361328,1.052198886871338,0.5237980769230769,2.3408283789952598,2.440605689929082
1563,elastic_transform/s5,40,0.44999998807907104,2.4126651287078857,1.3456141948699951,0.5236093350078749,2.3410121046978496,2.4378052001718973
1564,fog/s5,64,0.609375,2.8690710067749023,5.6628522872924805,0.609375,2.8690710067749023,5.6628522872924805
1565,fog/s5,64,0.59375,2.9601211547851562,5.628091812133789,0.6015625,2.9145960807800293,5.645472049713135
1566,fog/s5,64,0.5625,3.088761568069458,5.731732368469238,0.5885416666666666,2.972651243209839,5.674225489298503
1567,fog/s5,64,0.609375,2.9003055095672607,5.806966781616211,0.59375,2.9545648097991943,5.70741081237793
1568,fog/s5,64,0.5625,3.0394763946533203,5.561240196228027,0.5875,2.9715471267700195,5.678176689147949
1569,fog/s5,64,0.5625,3.116919994354248,6.002889633178711,0.5833333333333334,2.9957759380340576,5.732295513153076
1570,fog/s5,64,0.578125,3.0151422023773193,5.665825843811035,0.5825892857142857,2.998542547225952,5.7227998461042136
1571,fog/s5,64,0.65625,2.5087876319885254,5.485471725463867,0.591796875,2.937323182821274,5.69313383102417
1572,fog/s5,64,0.53125,3.0438501834869385,5.849897861480713,0.5850694444444444,2.94915951622857,5.710552056630452
1573,fog/s5,64,0.5625,2.8808164596557617,5.46318244934082,0.5828125,2.942325210571289,5.685815095901489
1574,fog/s5,64,0.5625,2.8689210414886475,5.883037567138672,0.5809659090909091,2.935652104291049,5.703744411468506
1575,fog/s5,64,0.5,3.0364294052124023,5.694071292877197,0.57421875,2.944050212701162,5.7029383182525635
1576,fog/s5,64,0.609375,3.0824790000915527,5.836031913757324,0.5769230769230769,2.954698580961961,5.713176287137545
1577,fog/s5,64,0.609375,2.6443684101104736,5.3069167137146,0.5792410714285714,2.9325321401868547,5.684157746178763
1578,fog/s5,64,0.640625,2.5334420204162598,5.52654504776001,0.5833333333333334,2.9059261322021483,5.6736502329508465
1579,fog/s5,64,0.5625,2.8018219470977783,5.681693077087402,0.58203125,2.8994196206331253,5.674152910709381
1580,fog/s5,64,0.640625,2.421457052230835,5.336519241333008,0.5854779411764706,2.8713041754329907,5.654292106628418
1581,fog/s5,64,0.5,2.92930269241333,5.667036056518555,0.5807291666666666,2.8745263152652316,5.655000103844537
1582,fog/s5,64,0.65625,2.6735172271728516,5.449118614196777,0.584703947368421,2.863946889576159,5.644164235968339
1583,fog/s5,64,0.609375,2.6191084384918213,5.335097312927246,0.5859375,2.8517049670219423,5.6287108898162845
1584,fog/s5,64,0.640625,2.3730790615081787,5.3386006355285645,0.5885416666666666,2.8289132572355724,5.614896115802583
1585,fog/s5,64,0.5625,2.9224061965942383,5.517719268798828,0.5873579545454546,2.83316293629733,5.610478986393321
1586,fog/s5,64,0.671875,2.466240167617798,5.169752597808838,0.5910326086956522,2.8172097724416982,5.591316969498344
1587,fog/s5,64,0.609375,2.890000104904175,5.428311347961426,0.591796875,2.820242702960968,5.584525068600972
1588,fog/s5,64,0.546875,2.8987128734588623,5.476036071777344,0.59,2.8233815097808836,5.580185508728027
1589,fog/s5,64,0.578125,2.637631416320801,5.224496364593506,0.5895432692307693,2.8162372754170346,5.566505157030546
1590,fog/s5,64,0.578125,2.826834201812744,5.553624153137207,0.5891203703703703,2.816629754172431,5.566028082812274
1591,fog/s5,64,0.640625,2.505173444747925,4.944788932800293,0.5909598214285714,2.805506314550127,5.543840970311846
1592,fog/s5,64,0.546875,2.9449331760406494,5.283013343811035,0.5894396551724138,2.8103141373601455,5.534846914225612
1593,fog/s5,64,0.671875,2.0972704887390137,4.97967529296875,0.5921875,2.786546015739441,5.516341193517049
1594,fog/s5,64,0.65625,2.286686658859253,4.843648910522461,0.5942540322580645,2.770421520356209,5.494641442452708
1595,fog/s5,64,0.546875,2.456221103668213,5.0247321128845215,0.5927734375,2.760602757334709,5.479956775903702
1596,fog/s5,64,0.5625,2.617683172225952,5.096938610076904,0.5918560606060606,2.756271860816262,5.468350164818041
1597,fog/s5,64,0.5625,2.6274254322052,4.892894744873047,0.5909926470588235,2.75248225997476,5.451425005407894
1598,fog/s5,64,0.640625,2.160161018371582,5.057109832763672,0.5924107142857142,2.735558795928955,5.4401588576180595
1599,fog/s5,64,0.609375,2.604465961456299,5.402008056640625,0.5928819444444444,2.7319173283047147,5.439099113146464
1600,fog/s5,64,0.453125,2.997202157974243,5.15170431137085,0.5891047297297297,2.739087188566053,5.431331686071448
1601,fog/s5,64,0.640625,2.2023651599884033,4.457111358642578,0.5904605263157895,2.724962924656115,5.405694309033845
1602,fog/s5,64,0.546875,2.8689768314361572,5.275259494781494,0.5893429487179487,2.7286555889325266,5.402349826617119
1603,fog/s5,64,0.5625,2.7024526596069336,5.309915542602539,0.588671875,2.7280005156993865,5.400038969516754
1604,fog/s5,64,0.625,2.2514376640319824,4.624798774719238,0.5895579268292683,2.7163770315123767,5.381130672082668
1605,fog/s5,64,0.5625,2.6846673488616943,5.138208389282227,0.5889136904761905,2.715622039068313,5.3753468082064675
1606,fog/s5,64,0.65625,2.551231622695923,5.1068010330200195,0.5904796511627907,2.71179900612942,5.369101557620736
1607,fog/s5,64,0.53125,2.6693921089172363,5.25368595123291,0.5891335227272727,2.710835213010961,5.3664784756573765
1608,fog/s5,64,0.640625,2.364405393600464,4.9092912673950195,0.5902777777777778,2.703136772579617,5.356318759918213
1609,fog/s5,64,0.609375,2.3763716220855713,5.012314796447754,0.5906929347826086,2.6960331823514854,5.348840412886246
1610,fog/s5,64,0.640625,2.2294833660125732,4.677466869354248,0.5917553191489362,2.686106590514487,5.3345558694068425
1611,fog/s5,64,0.578125,2.745762825012207,5.090834617614746,0.5914713541666666,2.68734942873319,5.32947834332784
1612,fog/s5,64,0.625,2.164978504180908,4.573887825012207,0.592155612244898,2.676688797619878,5.3140581286683375
1613,fog/s5,64,0.53125,3.0904340744018555,5.314187526702881,0.5909375,2.6849637031555176,5.314060716629029
1614,fog/s5,64,0.625,2.3597869873046875,4.655744552612305,0.5916053921568627,2.678587689119227,5.301152556550269
1615,fog/s5,64,0.53125,2.953423023223877,5.257046699523926,0.5904447115384616,2.6838729840058546,5.30030436699207
1616,fog/s5,64,0.59375,2.520035743713379,5.2084784507751465,0.5905070754716981,2.680781715321091,5.298571802535147
1617,fog/s5,64,0.5625,2.4124643802642822,4.8670196533203125,0.5899884259259259,2.6758128757830018,5.290580096068205
1618,fog/s5,64,0.625,2.2073862552642822,4.392557144165039,0.590625,2.667296028137207,5.274252406033603
1619,fog/s5,64,0.59375,2.240093231201172,4.812492370605469,0.5906808035714286,2.6596674067633495,5.266006691115243
1620,fog/s5,64,0.5625,2.373120069503784,4.701747894287109,0.5901864035087719,2.6546402604956376,5.256107413977907
1621,fog/s5,64,0.609375,2.5085666179656982,4.811347484588623,0.5905172413793104,2.6521217494175353,5.248439139333264
1622,fog/s5,64,0.59375,2.54703950881958,4.897696018218994,0.590572033898305,2.650340694492146,5.242494340670311
1623,fog/s5,64,0.59375,2.2225358486175537,4.628190994262695,0.590625,2.6432106137275695,5.232255951563517
1624,fog/s5,64,0.578125,2.5729892253875732,4.623139381408691,0.5904200819672131,2.642059443426914,5.222270434019996
1625,fog/s5,64,0.65625,1.779228687286377,4.095129013061523,0.5914818548387096,2.628142818327873,5.204090733681956
1626,fog/s5,64,0.578125,2.4770805835723877,4.765019416809082,0.5912698412698413,2.625745005077786,5.197121347699847
1627,fog/s5,64,0.46875,2.7845187187194824,4.780169486999512,0.58935546875,2.6282258443534374,5.190606474876404
1628,fog/s5,64,0.703125,1.8932530879974365,3.9688806533813477,0.5911057692307692,2.6169185711787297,5.171810693007249
1629,fog/s5,64,0.625,2.01582932472229,4.438502311706543,0.5916193181818182,2.6078111583536323,5.160699959957238
1630,fog/s5,64,0.65625,2.1094202995300293,4.433696746826172,0.5925839552238806,2.6003724888189517,5.149849165731402
1631,fog/s5,64,0.5625,2.516740322113037,4.71688175201416,0.5921415441176471,2.5991426040144527,5.143481997882619
1632,fog/s5,64,0.4375,2.5149831771850586,4.553533554077148,0.5899003623188406,2.5979229021763457,5.134932020436162
1633,fog/s5,64,0.578125,2.441094398498535,4.665065765380859,0.5897321428571428,2.5956824949809483,5.128219645363944
1634,fog/s5,64,0.671875,1.963422179222107,4.555943489074707,0.5908890845070423,2.5867774201111056,5.120159417810575
1635,fog/s5,64,0.59375,2.3861377239227295,4.7732062339782715,0.5909288194444444,2.583990757664045,5.115340623590681
1636,fog/s5,64,0.578125,2.095841646194458,4.421590328216553,0.5907534246575342,2.577303783534324,5.105837194886926
1637,fog/s5,64,0.5,2.823176383972168,4.913167953491211,0.589527027027027,2.580626386242944,5.103233556489687
1638,fog/s5,64,0.6875,1.8146110773086548,3.9174814224243164,0.5908333333333333,2.5704128487904865,5.087423528035481
1639,fog/s5,64,0.703125,1.7620203495025635,3.960148334503174,0.5923108552631579,2.5597761053788033,5.07259095969953
1640,fog/s5,64,0.5625,2.50150465965271,4.444507122039795,0.5919237012987013,2.5590193333563866,5.06443402674291
1641,fog/s5,64,0.671875,2.1169662475585938,4.369355201721191,0.592948717948718,2.5533519861025686,5.055522759755452
1642,fog/s5,64,0.65625,1.7652987241744995,4.067420959472656,0.59375,2.543376628356644,5.043015142030354
1643,fog/s5,64,0.46875,2.9376158714294434,4.625465393066406,0.5921875,2.5483046188950538,5.037795770168304
1644,fog/s5,64,0.609375,2.027792453765869,3.862170696258545,0.5923996913580247,2.541878542782348,5.023281880366949
1645,fog/s5,64,0.640625,2.2104616165161133,4.1825947761535645,0.5929878048780488,2.537836872949833,5.01302959860825
1646,fog/s5,64,0.703125,1.8570342063903809,3.912410020828247,0.5943147590361446,2.529634431184056,4.999769121767526
1647,fog/s5,64,0.546875,2.1741251945495605,4.273857593536377,0.59375,2.525402178366979,4.991127317860013
1648,fog/s5,64,0.671875,1.9131919145584106,3.5767033100128174,0.5946691176470589,2.5181997046751134,4.974487035414752
1649,fog/s5,64,0.59375,2.045560121536255,3.9519784450531006,0.5946584302325582,2.5127038955688477,4.962597400643105
1650,fog/s5,64,0.53125,2.53739070892334,4.182714462280273,0.5939295977011494,2.5129876520441865,4.953633228937785
1651,fog/s5,64,0.71875,1.807856559753418,3.6535496711730957,0.5953480113636364,2.5049747987227007,4.938859552145004
1652,fog/s5,64,0.671875,1.7925455570220947,3.5292470455169678,0.5962078651685393,2.4969699757822443,4.9230212093739025
1653,fog/s5,64,0.5625,2.1485488414764404,4.103442192077637,0.5958333333333333,2.4930986298455133,4.913914775848388
1654,fog/s5,64,0.65625,1.6450129747390747,3.343463897705078,0.5964972527472527,2.483779007261926,4.89665707389077
1655,fog/s5,64,0.53125,2.4972925186157227,3.850761890411377,0.5957880434782609,2.483925893254902,4.885288647983385
1656,fog/s5,64,0.46875,2.2900478839874268,3.738067150115967,0.5944220430107527,2.4818411834778322,4.872952932952552
1657,fog/s5,64,0.546875,2.165304660797119,3.484821081161499,0.5939162234042553,2.4784737736620803,4.858185572827116
1658,fog/s5,64,0.65625,1.9129488468170166,3.200599193572998,0.5945723684210527,2.47252087969529,4.840737295150757
1659,fog/s5,64,0.6875,1.5522574186325073,3.1291308403015137,0.5955403645833334,2.462934801975886,4.8229080612460775
1660,fog/s5,64,0.53125,2.5869202613830566,4.4593915939331055,0.5948775773195877,2.464213002588331,4.819160468799552
1661,fog/s5,64,0.703125,1.6478816270828247,3.2419023513793945,0.5959821428571429,2.455883090593377,4.803065998213632
1662,fog/s5,64,0.53125,2.251573085784912,3.653104066848755,0.5953282828282829,2.453819353171069,4.791450221129138
1663,fog/s5,64,0.515625,2.6599173545837402,4.035320281982422,0.59453125,2.455880333185196,4.783888921737671
1664,fog/s5,64,0.640625,2.1735591888427734,3.668879747390747,0.5949876237623762,2.4530850743303203,4.7728492269421565
1665,fog/s5,64,0.578125,2.416916847229004,4.0064191818237305,0.5948223039215687,2.452730483868543,4.765335206891976
1666,fog/s5,64,0.59375,1.8388737440109253,3.180872678756714,0.5948118932038835,2.446770709695168,4.7499520755508575
1667,fog/s5,64,0.515625,2.2822930812835693,3.5716538429260254,0.5940504807692307,2.445189194037364,4.738622284852541
1668,fog/s5,64,0.484375,2.329716205596924,3.9978036880493164,0.5930059523809523,2.444089451290312,4.731566869644892
1669,fog/s5,64,0.53125,2.182654857635498,3.7788639068603516,0.5924233490566038,2.441623087199229,4.722579105845037
1670,fog/s5,64,0.5,2.313971996307373,3.8766255378723145,0.5915595794392523,2.4404300863497723,4.7146729977331425
1671,fog/s5,64,0.609375,2.1041133403778076,3.3550100326538086,0.5917245370370371,2.4373160424055875,4.702083525834261
1672,fog/s5,64,0.65625,1.9562087059020996,3.1407220363616943,0.5923165137614679,2.432902213630326,4.687759108499649
1673,fog/s5,64,0.5625,1.8867751359939575,3.2834651470184326,0.5920454545454545,2.42793742201545,4.674992799758911
1674,fog/s5,64,0.484375,2.5694029331207275,3.5819993019104004,0.5910754504504504,2.429211886079462,4.665146011490005
1675,fog/s5,64,0.71875,1.8492647409439087,3.2468008995056152,0.5922154017857143,2.4240337865693227,4.652482215847288
1676,fog/s5,64,0.53125,2.4106783866882324,3.761629819869995,0.5916758849557522,2.4239155971898443,4.644598566325365
1677,fog/s5,64,0.65625,1.6384634971618652,3.0084147453308105,0.5922423245614035,2.4170256664878442,4.630246076667518
1678,fog/s5,64,0.59375,1.9222090244293213,3.0275614261627197,0.5922554347826087,2.41272291307864,4.616309688402259
1679,fog/s5,64,0.546875,1.7484917640686035,3.159708023071289,0.591864224137931,2.4069967824837257,4.6037527774942335
1680,fog/s5,64,0.625,1.4835962057113647,2.4816174507141113,0.5921474358974359,2.3991044698617396,4.585614868718335
1681,fog/s5,64,0.546875,2.247053623199463,3.4210104942321777,0.5917637711864406,2.397815903364602,4.575745340120995
1682,fog/s5,64,0.640625,2.0161614418029785,3.399089813232422,0.5921743697478992,2.3946087230153443,4.565857478550503
1683,fog/s5,64,0.734375,1.4430044889450073,2.9452481269836426,0.593359375,2.386678687731425,4.552352400620778
1684,fog/s5,64,0.546875,2.103760242462158,3.2516634464263916,0.5929752066115702,2.3843405187622575,4.541602905131569
1685,fog/s5,64,0.59375,2.034762382507324,3.249643087387085,0.5929815573770492,2.3814751242027907,4.531013070559893
1686,fog/s5,64,0.59375,1.9737153053283691,3.0206308364868164,0.5929878048780488,2.378160003724137,4.518733540201575
1687,fog/s5,64,0.546875,1.7717365026474,2.8438165187835693,0.5926159274193549,2.3732694916186796,4.505226144867558
1688,fog/s5,64,0.59375,1.6642080545425415,2.9785444736480713,0.592625,2.3675970001220703,4.493012691497802
1689,fog/s5,64,0.5625,1.9971559047698975,3.5063564777374268,0.5923859126984127,2.364656991428799,4.485182086626689
1690,fog/s5,64,0.53125,2.0142221450805664,3.0094075202941895,0.5919045275590551,2.3618976619299943,4.473561814450842
1691,fog/s5,64,0.703125,1.780327558517456,2.559485912322998,0.5927734375,2.3573541454970837,4.458608096465468
1692,fog/s5,64,0.546875,2.0098907947540283,3.3164849281311035,0.5924176356589147,2.3546606311502383,4.449754428493884
1693,fog/s5,64,0.625,2.043891191482544,2.847275733947754,0.5926682692307692,2.3522700969989483,4.437427669305068
1694,fog/s5,64,0.671875,1.358668565750122,2.4402503967285156,0.5932729007633588,2.3446853524855986,4.4221820412701325
1695,fog/s5,64,0.5625,2.105001211166382,3.1997156143188477,0.5930397727272727,2.3428695635362105,4.412920931975047
1696,fog/s5,64,0.5,2.0212209224700928,3.0390100479125977,0.5923402255639098,2.3404511527011267,4.402590774952021
1697,fog/s5,64,0.65625,1.6150221824645996,2.7885499000549316,0.5928171641791045,2.3350375036695112,4.3905456937960725
1698,fog/s5,64,0.578125,2.078779697418213,3.085352659225464,0.5927083333333333,2.3331392976972793,4.380877597243698
1699,fog/s5,64,0.734375,1.4071626663208008,2.593092918395996,0.59375,2.3263306459959816,4.367732121663935
1700,fog/s5,64,0.625,1.8355519771575928,3.0742757320404053,0.593978102189781,2.3227483199460663,4.358290834148435
1701,fog/s5,64,0.71875,1.8153433799743652,2.6850595474243164,0.5948822463768116,2.319071472554967,4.346165969751883
1702,fog/s5,64,0.640625,1.6392499208450317,2.523252010345459,0.5952113309352518,2.3141806700246796,4.33305148083529
1703,fog/s5,64,0.59375,1.8796900510787964,2.540968418121338,0.5952008928571428,2.3110771656036375,4.32025088753019
1704,fog/s5,64,0.6875,1.5891942977905273,2.85703706741333,0.5958554964539007,2.305957428952481,4.309873484550638
1705,fog/s5,64,0.609375,1.8278281688690186,2.8360891342163086,0.5959507042253521,2.3025903214871044,4.299494721520115
1706,fog/s5,64,0.625,1.9825862646102905,2.2832863330841064,0.5961538461538461,2.3003525308795743,4.285395362160423
1707,fog/s5,64,0.703125,1.465684175491333,2.309342861175537,0.5968967013888888,2.2945562228560448,4.271672775348027
1708,fog/s5,64,0.6875,1.6490448713302612,2.5902657508850098,0.5975215517241379,2.290104420431729,4.260076864834489
1709,fog/s5,64,0.65625,1.8637382984161377,2.6774630546569824,0.597923801369863,2.2871841045275128,4.2492370442168355
1710,fog/s5,64,0.609375,1.7719628810882568,2.735386848449707,0.5980017006802721,2.283679198245613,4.238938743565359
1711,fog/s5,64,0.671875,1.4701478481292725,2.166874647140503,0.5985008445945946,2.278182364798881,4.224938310481407
1712,fog/s5,64,0.578125,1.7916791439056396,2.67598295211792,0.5983640939597316,2.2749172425110067,4.2145426369353425
1713,fog/s5,64,0.609375,1.8439193964004517,2.5326242446899414,0.5984375,2.2720439235369363,4.203329847653706
1714,fog/s5,64,0.578125,1.7483776807785034,2.5684309005737305,0.5983029801324503,2.268575935174298,4.192502702308806
1715,fog/s5,64,0.734375,1.3955761194229126,2.0075225830078125,0.5991981907894737,2.262832515333828,4.178127833102879
1716,fog/s5,64,0.546875,2.229565143585205,3.1550583839416504,0.5988562091503268,2.2626150815315498,4.171441104676989
1717,fog/s5,64,0.65625,1.5882737636566162,2.3399033546447754,0.5992288961038961,2.258236241805089,4.159548002404052
1718,fog/s5,64,0.65625,1.2452641725540161,2.4226489067077637,0.5995967741935484,2.2517009381325015,4.148342201786656
1719,fog/s5,64,0.546875,1.8172495365142822,2.4885549545288086,0.5992588141025641,2.2489159932503333,4.13770253994526
1720,fog/s5,64,0.65625,1.4878164529800415,2.195134162902832,0.5996218152866242,2.244068225477911,4.125329492957729
1721,fog/s5,64,0.71875,1.6417288780212402,2.377382755279541,0.6003757911392406,2.2402559511269193,4.1142665389217905
1722,fog/s5,64,0.546875,1.6567845344543457,2.6361987590789795,0.6000393081761006,2.23658631957552,4.104970515149194
1723,fog/s5,64,0.640625,1.5278854370117188,1.9023478031158447,0.60029296875,2.2321569390594957,4.091204123198986
1724,fog/s5,64,0.671875,1.748121976852417,2.480903148651123,0.6007375776397516,2.229150510722806,4.081202253791856
1725,fog/s5,64,0.703125,1.4345353841781616,2.040609836578369,0.6013695987654321,2.2242454790774686,4.068606004302884
1726,fog/s5,64,0.625,1.5302293300628662,2.270819664001465,0.6015145705521472,2.219987711292103,4.0575766402519555
1727,fog/s5,64,0.75,1.4344406127929688,1.7841088771820068,0.6024199695121951,2.215197789959791,4.043714031940553
1728,fog/s5,64,0.5625,1.9808409214019775,2.7462713718414307,0.6021780303030303,2.213777445301865,4.035850743091467
1729,fog/s5,64,0.5625,1.8850563764572144,2.517587184906006,0.6019390060240963,2.2117971978991866,4.026704577078302
1730,fog/s5,64,0.609375,1.6189854145050049,2.254746198654175,0.6019835329341318,2.2082474267411376,4.016094047866182
1731,fog/s5,64,0.71875,1.4173935651779175,1.7580134868621826,0.6026785714285714,2.2035399632794515,4.00265309214592
1732,fog/s5,64,0.59375,1.748395323753357,2.423858642578125,0.6026257396449705,2.20084679973196,3.9933111131543946
1733,fog/s5,64,0.609375,1.4300481081008911,1.547112226486206,0.6026654411764706,2.196312689781189,3.9789217079386994
1734,fog/s5,64,0.65625,1.7341190576553345,2.102980375289917,0.6029788011695907,2.193609803043611,3.9679512907887062
1735,fog/s5,64,0.625,1.8467963933944702,2.420046329498291,0.6031068313953488,2.191593446010767,3.9589518433393436
1736,fog/s5,64,0.640625,1.3686598539352417,2.325918674468994,0.6033236994219653,2.186836604438076,3.9495123452533876
1737,fog/s5,64,0.578125,1.8106721639633179,2.060791492462158,0.6031788793103449,2.1846747398376465,3.9386576277086105
1738,fog/s5,64,0.515625,2.2044172286987305,2.055684804916382,0.6026785714285714,2.1847875540597097,3.9278977830069404
1739,fog/s5,64,0.5,2.0320115089416504,2.320830821990967,0.6020951704545454,2.183919508348812,3.9187667207284407
1740,fog/s5,64,0.71875,1.5334854125976562,1.9463317394256592,0.6027542372881356,2.180244739446263,3.907623020269103
1741,fog/s5,64,0.71875,1.277819037437439,2.10554838180542,0.6034058988764045,2.1751749321316067,3.8974990054462735
1742,fog/s5,64,0.578125,2.034372091293335,1.9500198364257812,0.6032646648044693,2.174388324082231,3.886619233552304
1743,fog/s5,64,0.609375,1.7906943559646606,2.23128342628479,0.6032986111111112,2.172256690926022,3.877422923511929
1744,fog/s5,64,0.71875,1.3994227647781372,2.2476205825805664,0.6039364640883977,2.167986890229072,3.8684184906891037
1745,fog/s5,64,0.640625,1.4762358665466309,1.9749541282653809,0.6041380494505495,2.1641860604286194,3.858014840346116
1746,fog/s5,64,0.59375,1.7931625843048096,2.336444854736328,0.6040812841530054,2.1621586097394183,3.849700250260817
1747,fog/s5,64,0.65625,1.3646031618118286,1.8961713314056396,0.6043648097826086,2.157824069261551,3.8390832452670387
1748,fog/s5,64,0.609375,1.8893407583236694,2.19307017326355,0.6043918918918919,2.156372808121346,3.8301858773102633
1749,fog/s5,64,0.515625,1.8278210163116455,1.973233699798584,0.6039146505376344,2.154606400638498,3.8202022634526736
1750,fog/s5,64,0.578125,1.664504885673523,1.8764276504516602,0.6037767379679144,2.151985536922108,3.809807746805609
1751,fog/s5,64,0.546875,1.8025344610214233,2.4054064750671387,0.6034740691489362,2.1501267546034875,3.8023375272750854
1752,fog/s5,64,0.625,1.6343152523040771,1.8093171119689941,0.6035879629629629,2.14739759321566,3.7917924457126193
1753,fog/s5,64,0.5625,1.994692087173462,2.347419261932373,0.6033717105263158,2.146593880025964,3.7841904815874603
1754,fog/s5,64,0.609375,1.3776346445083618,1.9245866537094116,0.6034031413612565,2.1425679154421022,3.7744543358917637
1755,fog/s5,64,0.640625,1.8066118955612183,1.9425921440124512,0.6035970052083334,2.140818144505223,3.7649133869757256
1756,fog/s5,64,0.609375,2.0168838500976562,1.6402950286865234,0.6036269430051814,2.1401759979020745,3.7539050016996156
1757,fog/s5,64,0.625,1.4156218767166138,1.8116984367370605,0.6037371134020618,2.1364411828444174,3.7438936276534167
1758,fog/s5,64,0.640625,1.3623113632202148,1.8010711669921875,0.6039262820512821,2.1324712863335242,3.733930435547462
1759,fog/s5,64,0.75,1.0110605955123901,1.6596200466156006,0.6046715561224489,2.12674980321709,3.7233472192774015
1760,fog/s5,64,0.609375,1.5293424129486084,1.9007899761199951,0.6046954314720813,2.123717278393392,3.7140956596674655
1761,fog/s5,64,0.625,1.944382905960083,2.1889896392822266,0.6047979797979798,2.1228115492396884,3.706393104008954
1762,fog/s5,64,0.65625,1.7051715850830078,1.93684983253479,0.6050565326633166,2.120712855952469,3.697500926765365
1763,fog/s5,64,0.53125,1.7238397598266602,2.120748519897461,0.6046875,2.11872849047184,3.689617164731026
1764,fog/s5,64,0.546875,1.8086352348327637,2.2402265071868896,0.6043998756218906,2.1171857379562224,3.682406265937274
1765,fog/s5,64,0.59375,1.4357115030288696,2.0260562896728516,0.6043471534653465,2.11381210312985,3.674206513579529
1766,fog/s5,64,0.59375,1.5830011367797852,1.8451957702636719,0.6042949507389163,2.1111972707832973,3.6651966084400422
1767,fog/s5,64,0.671875,1.2708746194839478,1.8431806564331055,0.6046262254901961,2.107078042100458,3.65626515769491
1768,fog/s5,64,0.59375,1.8728164434432983,2.167032241821289,0.6045731707317074,2.105935302594813,3.6490006068857705
1769,fog/s5,64,0.640625,1.6120938062667847,1.88480806350708,0.6047481796116505,2.1035380137776865,3.6404365654130584
1770,fog/s5,64,0.578125,1.8912410736083984,2.1023826599121094,0.6046195652173914,2.1025124246947433,3.633006353309189
1771,fog/s5,64,0.625,1.9089021682739258,1.7485249042510986,0.6047175480769231,2.1015816061542583,3.6239463463425636
1772,fog/s5,64,0.515625,1.7628090381622314,1.9884260892868042,0.6042912679425837,2.099960684776306,3.6161208905671773
1773,fog/s5,64,0.609375,1.6094725131988525,1.9075676202774048,0.6043154761904762,2.0976250268164134,3.6079849226134164
1774,fog/s5,64,0.640625,1.7527498006820679,1.827222466468811,0.6044875592417062,2.095990547071701,3.59954529011984
1775,fog/s5,64,0.609375,1.6239228248596191,1.594280481338501,0.6045106132075472,2.093763812532965,3.5900864938520036
1776,fog/s5,64,0.671875,1.410521388053894,1.377345085144043,0.6048268779342723,2.0905561016199177,3.579698036534126
1777,fog/s5,64,0.578125,1.6673530340194702,1.5994722843170166,0.6047021028037384,2.088578517191878,3.5704446451686254
1778,fog/s5,64,0.640625,1.727846622467041,1.9724833965301514,0.6048691860465116,2.086900694425716,3.563012267267981
1779,fog/s5,64,0.578125,1.9871455430984497,2.166938304901123,0.6047453703703703,2.086438865021423,3.5565489618866533
1780,fog/s5,64,0.59375,1.915785551071167,1.932776689529419,0.6046947004608295,2.085652444219809,3.549066140355053
1781,fog/s5,64,0.75,1.2083594799041748,1.412873387336731,0.6053612385321101,2.081628164566985,3.5392670910292807
1782,fog/s5,64,0.578125,1.6724849939346313,1.9779425859451294,0.6052368721461188,2.0797599309111297,3.5321377553896274
1783,fog/s5,64,0.671875,1.645816445350647,1.8230456113815308,0.6055397727272728,2.077787460522218,3.524369154735045
1784,fog/s5,64,0.5625,2.294363498687744,1.777888298034668,0.6053450226244343,2.0787674425953653,3.5164665264241837
1785,fog/s5,64,0.625,1.8136193752288818,2.140031576156616,0.6054335585585585,2.0775730819315523,3.510266368990546
1786,fog/s5,64,0.59375,1.4972435235977173,1.3790698051452637,0.6053811659192825,2.074970707230504,3.5007094337266658
1787,fog/s5,64,0.765625,1.2773152589797974,1.525327205657959,0.6060965401785714,2.071409745407956,3.4918907630656446
1788,fog/s5,64,0.546875,1.9812397956848145,1.8584717512130737,0.6058333333333333,2.0710089900758533,3.4846311230129667
1789,fog/s5,64,0.6875,1.3486865758895874,1.8153681755065918,0.6061946902654868,2.067812873198923,3.4772450037762126
1790,fog/s5,64,0.578125,1.7172868251800537,1.6750502586364746,0.6060710352422908,2.0662687055865048,3.4693058198769187
1791,fog/s5,64,0.625,1.6290473937988281,1.9530445337295532,0.6061540570175439,2.0643510682541026,3.4626555510780266
1792,fog/s5,64,0.671875,1.5368545055389404,1.503056526184082,0.6064410480349345,2.0620475898142985,3.4540983500959572
1793,fog/s5,64,0.578125,1.8579846620559692,1.8692551851272583,0.6063179347826086,2.06116035969361,3.4472077276395714
1794,fog/s5,64,0.5625,1.658389925956726,1.5703742504119873,0.6061282467532467,2.0594167647423682,3.439082907391833
1795,fog/s5,64,0.609375,1.4042913913726807,1.5357102155685425,0.6061422413793104,2.0565929484778436,3.4308787147546638
1796,fog/s5,64,0.671875,1.546859622001648,1.2219958305358887,0.6064243562231759,2.0544052517976885,3.4213985307022226
1797,fog/s5,64,0.703125,1.254575490951538,1.4947409629821777,0.6068376068376068,2.0509871758966365,3.4131649513529916
1798,fog/s5,64,0.609375,1.5615832805633545,1.6871137619018555,0.6068484042553192,2.048904606129261,3.405820052674476
1799,fog/s5,64,0.625,1.9398084878921509,1.6385746002197266,0.6069253177966102,2.0484423344418152,3.3983317244861087
1800,fog/s5,64,0.609375,2.0245094299316406,1.3896127939224243,0.6069356540084389,2.048341351722363,3.389856117184152
1801,fog/s5,64,0.734375,1.2494797706604004,1.465268611907959,0.6074711134453782,2.044984790457397,3.3817696150611427
1802,fog/s5,64,0.53125,1.964373230934143,1.7784905433654785,0.6071521966527197,2.044647503597467,3.375061334426433
1803,fog/s5,64,0.75,1.101431965827942,1.0991747379302979,0.6077473958333334,2.0407174388567606,3.365578473607699
1804,fog/s5,64,0.6875,1.3997572660446167,1.2068774700164795,0.6080783195020747,2.0380578530774573,3.3566212080326316
1805,fog/s5,64,0.65625,1.3295882940292358,1.502761960029602,0.6082773760330579,2.035130292916101,3.3489606326276604
1806,fog/s5,64,0.53125,1.9933573007583618,2.2291345596313477,0.607960390946502,2.0349583875985795,3.344352294878705
1807,fog/s5,64,0.703125,1.4957717657089233,1.2194055318832397,0.6083504098360656,2.0327486063613267,3.335643496669707
1808,fog/s5,64,0.6875,1.1328299045562744,1.4292974472045898,0.6086734693877551,2.029075468802939,3.3278624923861755
1809,fog/s5,64,0.671875,1.5095133781433105,1.249537467956543,0.6089303861788617,2.026963427783997,3.3194140166771122
1810,fog/s5,64,0.59375,1.5848249197006226,1.514420509338379,0.6088689271255061,2.0251733933383154,3.312106350655498
1811,fog/s5,64,0.59375,1.6588882207870483,1.4204583168029785,0.6088079637096774,2.023696436997383,3.30447873761577
1812,fog/s5,64,0.671875,1.4708096981048584,1.4017802476882935,0.6090612449799196,2.0214760083271317,3.296837378218471
1813,fog/s5,64,0.65625,1.6350462436676025,1.7610533237457275,0.60925,2.0199302892684936,3.29069424200058
1814,fog/s5,64,0.5625,1.8132414817810059,1.6336536407470703,0.6090637450199203,2.019106827884081,3.2840924866170997
1815,fog/s5,64,0.671875,1.632326602935791,1.87930166721344,0.609312996031746,2.017571985721588,3.278517919873434
1816,fog/s5,64,0.640625,1.9099035263061523,1.3801116943359375,0.6094367588932806,2.0171464186883257,3.271014337954314
1817,fog/s5,64,0.6875,1.0934127569198608,1.4004905223846436,0.609744094488189,2.0135096719884498,3.263650070963882
1818,fog/s5,64,0.640625,1.418910026550293,1.5456992387771606,0.6098651960784314,2.011177908673006,3.256913008876875
1819,fog/s5,64,0.609375,1.8753662109375,1.5042922496795654,0.60986328125,2.0106473942287266,3.250066834036261
1820,fog/s5,64,0.578125,1.5378696918487549,1.4830578565597534,0.6097397859922179,2.0088077922739407,3.243191312723123
1821,fog/s5,64,0.5625,1.5743803977966309,1.5043888092041016,0.6095566860465116,2.0071239651635637,3.2364517681358396
1822,fog/s5,64,0.5625,1.924261212348938,1.485809326171875,0.609375,2.006804031755013,3.2296925309081796
1823,fog/s5,64,0.75,1.240514874458313,0.9854096174240112,0.6099158653846154,2.00385676576541,3.221060673548625
1824,fog/s5,64,0.71875,1.1687607765197754,1.2245677709579468,0.6103328544061303,2.0006571642740476,3.213411275454408
1825,fog/s5,64,0.59375,1.7570558786392212,1.460595726966858,0.6102695610687023,1.999727388374678,3.206721139773158
1826,fog/s5,64,0.734375,1.0904780626296997,1.0383880138397217,0.6107414448669202,1.9962701666037845,3.198476527127023
1827,fog/s5,64,0.609375,1.8070266246795654,1.3671051263809204,0.6107362689393939,1.9955533350055867,3.191539514245409
1828,fog/s5,64,0.578125,1.8734147548675537,1.5495712757110596,0.6106132075471699,1.995092434703179,3.185343407684902
1829,fog/s5,64,0.65625,1.5847595930099487,1.4210865497589111,0.6107847744360902,1.9935498300351595,3.178710863106233
1830,fog/s5,64,0.671875,1.666899561882019,1.6660758256912231,0.6110135767790262,1.9923264207911402,3.1730455633406334
1831,fog/s5,64,0.65625,1.3259283304214478,1.3911404609680176,0.6111823694029851,1.9898398607524472,3.166396663704915
1832,fog/s5,64,0.71875,1.2823961973190308,1.5644041299819946,0.611582249070632,1.9872099586578993,3.1604413011260193
1833,fog/s5,64,0.625,1.6897878646850586,1.4661940336227417,0.6116319444444445,1.9861083953468888,3.1541663112463776
1834,fog/s5,64,0.640625,1.3381730318069458,1.2850377559661865,0.6117389298892989,1.9837174899463723,3.14726915790586
1835,fog/s5,64,0.609375,1.5786136388778687,1.3744044303894043,0.6117302389705882,1.9822281375527382,3.140751272878226
1836,fog/s5,64,0.78125,0.9527860879898071,0.9725443124771118,0.6123511904761905,1.9784572875543391,3.132809122840127
1837,fog/s5,64,0.4375,2.3540635108947754,1.8523004055023193,0.6117130474452555,1.9798281131869686,3.1281357333607915
1838,fog/s5,64,0.609375,1.6885286569595337,1.65714430809021,0.6117045454545454,1.9787688424370506,3.122786673632535
1839,fog/s5,64,0.6875,1.6309221982955933,1.097548007965088,0.6119791666666666,1.9775085285090017,3.115448852380117
1840,fog/s5,64,0.65625,1.633778691291809,1.8264201879501343,0.6121389891696751,1.9762676265695895,3.110795319295532
1841,fog/s5,64,0.65625,1.6377878189086914,1.4746665954589844,0.6122976618705036,1.9750500733046223,3.104909964173818
1842,fog/s5,64,0.625,1.4646984338760376,1.5241643190383911,0.6123431899641577,1.973220855959,3.0992442091733325
1843,fog/s5,64,0.59375,2.013251543045044,1.760776400566101,0.6122767857142857,1.9733638226985932,3.094463966999735
1844,fog/s5,64,0.65625,1.6851963996887207,1.4803473949432373,0.6124332740213523,1.9723383158551417,3.088719779910566
1845,fog/s5,64,0.578125,1.9035149812698364,1.4981862306594849,0.6123116134751773,1.9720942614771795,3.083079590019605
1846,fog/s5,64,0.53125,1.9291253089904785,1.6171702146530151,0.6120251766784452,1.9719424277228097,3.0778996982338573
1847,fog/s5,64,0.703125,1.2437955141067505,1.5631093978881836,0.6123459507042254,1.9693785301396545,3.072565929570668
1848,fog/s5,64,0.765625,1.2721490859985352,1.2140052318572998,0.6128837719298246,1.966932111037405,3.0660446639646564
1849,fog/s5,64,0.5625,2.057502031326294,1.5019783973693848,0.6127076048951049,1.9672487890803732,3.060575900794743
1850,fog/s5,64,0.5625,1.7105642557144165,1.3103771209716797,0.6125326655052264,1.966354417883976,3.054477647206509
1851,fog/s5,64,0.578125,1.8461713790893555,1.5030258893966675,0.6124131944444444,1.965937115665939,3.049090661936336
1852,fog/s5,64,0.671875,1.6189444065093994,1.525168538093567,0.6126189446366782,1.9647364488522487,3.043817575002624
1853,fog/s5,64,0.703125,1.439015507698059,1.060352087020874,0.6129310344827587,1.9629236180206826,3.03697803883717
1854,fog/s5,64,0.625,1.706774353981018,1.250871181488037,0.6129725085910653,1.9620433799999277,3.030840214585111
1855,fog/s5,64,0.578125,1.752356767654419,1.302452564239502,0.6128531678082192,1.961325275163128,3.024921078796256
1856,fog/s5,64,0.703125,1.6527957916259766,1.3901395797729492,0.6131612627986348,1.9602722735128304,3.0193416197552208
1857,fog/s5,64,0.71875,1.270616888999939,1.0934993028640747,0.6135204081632653,1.9579265068988412,3.0127911356841626
1858,fog/s5,64,0.421875,2.1298868656158447,1.5660176277160645,0.6128707627118644,1.9585094233690683,3.0078868187079997
1859,fog/s5,64,0.6875,1.443764090538025,1.2563291788101196,0.6131228885135135,1.9567704188662607,3.001969394248885
1860,fog/s5,64,0.578125,2.034487009048462,1.5016430616378784,0.6130050505050505,1.9570320908870762,2.99691779043538
1861,fog/s5,64,0.625,1.481332540512085,1.2305090427398682,0.6130453020134228,1.9554357836710528,2.9909902443021736
1862,fog/s5,64,0.671875,1.2458571195602417,1.2886139154434204,0.6132420568561873,1.9530626108813844,2.98529667798492
1863,fog/s5,64,0.71875,1.336532711982727,1.2040520906448364,0.61359375,1.951007511218389,2.97935919602712
1864,fog/s5,64,0.671875,1.2818135023117065,1.3515681028366089,0.6137873754152824,1.9487842753084,2.9739512521959224
1865,fog/s5,64,0.703125,1.2979419231414795,1.1704003810882568,0.6140831953642384,1.9466291681820194,2.9679792294439102
1866,fog/s5,64,0.59375,1.4764549732208252,1.1884428262710571,0.6140160891089109,1.9450774381656457,2.962106172007696
1867,fog/s5,64,0.671875,1.515852928161621,1.1136693954467773,0.6142064144736842,1.9436655154353695,2.956025787874272
1868,fog/s5,64,0.59375,1.6874780654907227,1.4006832838058472,0.6141393442622951,1.9428255565830919,2.9509263042543754
1869,fog/s5,64,0.671875,1.4549164772033691,1.1365227699279785,0.614328022875817,1.941231082467472,2.9449968809395832
1870,fog/s5,64,0.578125,1.833985447883606,1.3534069061279297,0.6142100977198697,1.9408817481528664,2.939812548774073
1871,fog/s5,64,0.640625,1.679768681526184,1.0796939134597778,0.6142958603896104,1.9400339784560265,2.9337732025555203
1872,fog/s5,64,0.5,2.1214475631713867,1.2640610933303833,0.6139259708737864,1.940621077435688,2.928369603496539
1873,fog/s5,64,0.609375,1.7969011068344116,1.2817068099975586,0.6139112903225806,1.9401574646272968,2.9230577880336392
1874,fog/s5,64,0.671875,1.4501397609710693,1.140575885772705,0.6140976688102894,1.9385818450013925,2.917326334971707
1875,fog/s5,64,0.59375,1.9986608028411865,1.1852805614471436,0.6140324519230769,1.9387744057636995,2.91177490621041
1876,fog/s5,64,0.671875,1.6690527200698853,1.0832505226135254,0.6142172523961661,1.9379126751384796,2.905932975272401
1877,fog/s5,64,0.609375,1.9297972917556763,1.1409399509429932,0.6142018312101911,1.9378868299684706,2.9003119783796323
1878,fog/s5,64,0.59375,1.7960604429244995,1.7117862701416016,0.6141369047619047,1.9374365874699184,2.8965388808931625
1879,fog/s5,64,0.59375,1.698369026184082,1.0505679845809937,0.6140723892405063,1.936680044554457,2.8906972008415415
1880,fog/s5,64,0.78125,0.9443328380584717,0.7667996287345886,0.6145997634069401,1.9335496117263937,2.88399720850051
1881,fog/s5,64,0.625,1.3700355291366577,1.0403252840042114,0.6146324685534591,1.9317775548629041,2.8781994980461194
1882,fog/s5,64,0.734375,1.530236840248108,1.0498063564300537,0.6150078369905956,1.9305188065412275,2.8724678581037493
1883,fog/s5,64,0.609375,1.6091148853302002,1.159722924232483,0.614990234375,1.9295144192874432,2.8671155301854014
1884,fog/s5,64,0.6875,1.5499475002288818,1.0621148347854614,0.6152161214953271,1.9283319678262016,2.8614924750595447
1885,fog/s5,64,0.671875,1.8268874883651733,1.2208645343780518,0.6153920807453416,1.9280169228589312,2.8563973572313417
1886,fog/s5,64,0.609375,1.4539936780929565,1.156499981880188,0.6153734520123839,1.9265493586336495,2.851134517059976
1887,fog/s5,64,0.546875,2.0510971546173096,1.3705317974090576,0.6151620370370371,1.926933765411377,2.8465647555795717
1888,fog/s5,64,0.59375,1.9649819135665894,1.4034502506256104,0.6150961538461538,1.9270508366364698,2.842124403256636
1889,fog/s5,64,0.625,1.8648645877838135,1.2828607559204102,0.6151265337423313,1.9268600812718912,2.8373413859335193
1890,fog/s5,64,0.6875,1.1566160917282104,0.9657026529312134,0.6153478593272171,1.9245045950653357,2.831617720083359
1891,fog/s5,64,0.671875,1.602295160293579,1.3428555727005005,0.6155201981707317,1.923522249227617,2.8270788110974356
1892,fog/s5,64,0.6875,1.2942177057266235,1.1177337169647217,0.615738981762918,1.9216094694601367,2.8218832333037196
1893,fog/s5,64,0.609375,1.7005728483200073,1.0418760776519775,0.615719696969697,1.9209396615172878,2.816489272225987
1894,fog/s5,64,0.6875,1.3667492866516113,1.1993515491485596,0.6159365558912386,1.9192653703545515,2.8116036597695597
1895,fog/s5,64,0.609375,1.665594220161438,1.0075347423553467,0.6159167921686747,1.9185013006250542,2.8061697172472275
1896,fog/s5,64,0.765625,1.5479706525802612,1.0980401039123535,0.6163663663663663,1.917388595976271,2.8010401988888645
1897,fog/s5,64,0.515625,2.0686869621276855,1.3749531507492065,0.616064745508982,1.917841585096485,2.796770477187848
1898,fog/s5,64,0.734375,1.1255161762237549,0.6895657777786255,0.6164179104477612,1.915476434622238,2.7904803139060292
1899,fog/s5,64,0.71875,1.318708062171936,1.2926838397979736,0.6167224702380952,1.9137003382756597,2.786022586304517
1900,fog/s5,64,0.609375,2.014009475708008,1.2174594402313232,0.6167006676557863,1.9139979915024619,2.781368096256822
1901,fog/s5,64,0.703125,1.3332078456878662,1.1139535903930664,0.6169563609467456,1.9122796774615902,2.776434917245391
1902,fog/s5,64,0.546875,1.7323694229125977,1.4523698091506958,0.6167496312684366,1.9117489687461064,2.7725291204663502
1903,fog/s5,64,0.6875,1.4286490678787231,1.2897708415985107,0.6169577205882353,1.9103280866847319,2.7681680667049746
1904,fog/s5,64,0.734375,1.2967270612716675,1.1208707094192505,0.6173020527859238,1.9085286701879194,2.763337282666013
1905,fog/s5,64,0.65625,1.6088489294052124,1.3899259567260742,0.6174159356725146,1.9076524136359232,2.7593214600755456
1906,fog/s5,64,0.640625,1.685089349746704,1.3173291683197021,0.6174836005830904,1.9070035417295406,2.755117400915908
1907,fog/s5,64,0.671875,1.5714268684387207,1.0589914321899414,0.6176417151162791,1.9060280281443929,2.7501868021696114
1908,fog/s5,64,0.671875,1.3365670442581177,1.0156155824661255,0.6177989130434782,1.9043774165968963,2.7451590595038042
1909,fog/s5,64,0.734375,1.1776899099349976,0.9408035278320312,0.618135838150289,1.902277163687469,2.7399441591232496
1910,fog/s5,64,0.5,2.29658579826355,1.3438537120819092,0.6177953890489913,1.9034134998101666,2.7359208437139086
1911,fog/s5,64,0.703125,1.3533116579055786,0.895933985710144,0.6180405890804598,1.9018327473909005,2.730633525156427
1912,fog/s5,64,0.5,2.099944829940796,1.2022682428359985,0.6177023638968482,1.9024004037878917,2.7262542550065114
1913,fog/s5,64,0.65625,1.377942681312561,1.22957181930542,0.6178125,1.9009019531522477,2.721978019475937
1914,fog/s5,64,0.5625,2.038823366165161,1.1259620189666748,0.6176549145299145,1.90129489165086,2.7174309653434316
1915,fog/s5,64,0.59375,1.9484789371490479,1.4140713214874268,0.6175870028409091,1.9014289372346618,2.7137282390824775
1916,fog/s5,64,0.6875,1.1867297887802124,0.8545384407043457,0.6177850566572238,1.899404293754621,2.7084614124581767
1917,fog/s5,64,0.75,1.1569606065750122,0.977487325668335,0.6181585451977402,1.897306995203266,2.703571655150861
1918,fog/s5,64,0.703125,1.4234927892684937,0.9840470552444458,0.6183978873239436,1.8959723072992245,2.698727923883519
1919,fog/s5,64,0.609375,1.453841209411621,1.2510501146316528,0.6183725421348315,1.8947303660130232,2.694661413183373
1920,fog/s5,64,0.546875,1.8732094764709473,0.9033136367797852,0.618172268907563,1.894670083409264,2.6896436322970882
1921,fog/s5,64,0.671875,1.445751428604126,1.0690447092056274,0.6183222765363129,1.8934161206863447,2.685116819662755
1922,fog/s5,64,0.5,2.055699586868286,1.2861342430114746,0.6179926880222841,1.8938681637676313,2.681219932262612
1923,fog/s5,64,0.65625,1.6425971984863281,1.138287901878357,0.6180989583333333,1.8931701888640722,2.676934009955989
1924,fog/s5,64,0.6875,1.4837368726730347,1.3384463787078857,0.6182912049861495,1.8920360245532937,2.6732262879857727
1925,fog/s5,64,0.609375,1.5305585861206055,1.0132853984832764,0.6182665745856354,1.891037468093535,2.6686408159153236
1926,fog/s5,64,0.53125,1.8758790493011475,1.3849600553512573,0.6180268595041323,1.8909957093640792,2.665104505280161
1927,fog/s5,64,0.5625,1.8767210245132446,1.1259667873382568,0.6178743131868132,1.8909564931969067,2.6608761049561447
1928,fog/s5,64,0.578125,1.7441555261611938,1.321448564529419,0.6177654109589041,1.8905542987666717,2.657206440461825
1929,fog/s5,64,0.703125,1.3198009729385376,1.0498008728027344,0.6179986338797814,1.8889948634502014,2.652814621970953
1930,fog/s5,64,0.671875,1.493240237236023,1.0349879264831543,0.6181454359673024,1.887916512970054,2.6484063748442837
1931,fog/s5,64,0.578125,1.5304923057556152,1.182661533355713,0.6180366847826086,1.8869452515374059,2.64442337255763
1932,fog/s5,64,0.578125,2.2483057975769043,1.1710970401763916,0.6179285230352304,1.8879245484101417,2.640430618269334
1933,fog/s5,64,0.6875,1.2901967763900757,0.937321662902832,0.6181165540540541,1.8863090679452226,2.6358276210926674
1934,fog/s5,64,0.625,1.615596890449524,1.203106164932251,0.6181351078167115,1.8855793855260967,2.6319658381919657
1935,fog/s5,64,0.59375,1.8699595928192139,1.2439217567443848,0.6180695564516129,1.8855373968360245,2.6282345368977515
1936,fog/s5,64,0.640625,1.2628930807113647,0.9711081981658936,0.6181300268096515,1.8838681091252345,2.623791838938685
1937,fog/s5,64,0.703125,1.3101317882537842,1.2651151418685913,0.6183572860962567,1.8823340547913536,2.6201590135454493
1938,fog/s5,64,0.625,1.523909568786621,1.2007222175598145,0.618375,1.8813782561620076,2.6163738487561545
1939,fog/s5,64,0.65625,1.6898514032363892,1.09425687789917,0.6184757313829787,1.880868876234014,2.612325665323024
1940,fog/s5,64,0.59375,1.527057409286499,1.1341123580932617,0.6184101458885941,1.879930384279246,2.6084046751181704
1941,fog/s5,64,0.703125,1.2747026681900024,0.8801194429397583,0.6186342592592593,1.8783292527552005,2.6038324919642593
1942,fog/s5,64,0.71875,1.2386484146118164,1.164919137954712,0.6188984168865436,1.876641440517355,2.6000358868085613
1943,fog/s5,64,0.59375,1.5951108932495117,1.2487409114837646,0.6188322368421053,1.8759005706561238,2.596479847399812
1944,fog/s5,64,0.59375,2.266009569168091,1.0524348020553589,0.618766404199475,1.8769244787887012,2.592427235732241
1945,fog/s5,64,0.6875,1.7862632274627686,0.9833787679672241,0.618946335078534,1.876687145670047,2.5882150669684583
1946,fog/s5,64,0.59375,1.9103777408599854,0.8370832204818726,0.6188805483028721,1.8767751106705428,2.5836429211551777
1947,fog/s5,64,0.640625,1.3686285018920898,1.0186514854431152,0.6189371744791666,1.8754518122101824,2.5795674226246774
1948,fog/s5,64,0.59375,1.7874573469161987,0.9453416466712952,0.6188717532467533,1.8752232551574708,2.575322680349474
1949,fog/s5,64,0.578125,2.0500669479370117,1.1761012077331543,0.6187661917098446,1.8756762180921327,2.571697754254613
1950,fog/s5,64,0.71875,1.4771252870559692,1.064647912979126,0.6190245478036176,1.8746463707251142,2.5678035686182423
1951,fog/s5,64,0.578125,1.6258094310760498,1.0594745874404907,0.6189191365979382,1.874005038406431,2.5639161227904643
1952,fog/s5,64,0.671875,1.794411301612854,1.0869476795196533,0.6190552699228792,1.8738004272578614,2.5601192887460664
1953,fog/s5,64,0.65625,1.525455355644226,1.1801849603652954,0.619150641025641,1.8729072347665445,2.5565809955963723
1954,fog/s5,40,0.550000011920929,2.073603391647339,1.2963247299194336,0.6189737851967287,1.8734205241703317,2.553357833791572
1955,frost/s5,64,0.53125,3.278221845626831,5.806220531463623,0.53125,3.278221845626831,5.806220531463623
1956,frost/s5,64,0.46875,3.5307834148406982,5.572290420532227,0.5,3.4045026302337646,5.689255475997925
1957,frost/s5,64,0.484375,3.588808059692383,5.747269630432129,0.4947916666666667,3.465937773386637,5.708593527475993
1958,frost/s5,64,0.390625,3.7539148330688477,5.999387264251709,0.46875,3.53793203830719,5.781291961669922
1959,frost/s5,64,0.40625,3.7967371940612793,5.71693754196167,0.45625,3.589693069458008,5.768421077728272
1960,frost/s5,64,0.453125,3.632404327392578,6.1090192794799805,0.4557291666666667,3.596811612447103,5.82518744468689
1961,frost/s5,64,0.390625,3.9765543937683105,5.972574234008789,0.44642857142857145,3.6510605812072754,5.846242700304304
1962,frost/s5,64,0.5,3.206799268722534,5.523433685302734,0.453125,3.5955279171466827,5.805891573429108
1963,frost/s5,64,0.515625,3.3736236095428467,5.5928778648376465,0.4600694444444444,3.5708718829684787,5.782223383585612
1964,frost/s5,64,0.390625,3.6833415031433105,5.635765075683594,0.453125,3.582118844985962,5.7675775527954105
1965,frost/s5,64,0.390625,3.4731924533843994,5.869117736816406,0.4474431818181818,3.572216445749456,5.776808478615501
1966,frost/s5,64,0.375,3.764298439025879,6.033116340637207,0.44140625,3.5882232785224915,5.79816746711731
1967,frost/s5,64,0.390625,3.838263988494873,5.925612449645996,0.4375,3.6074571792895975,5.807970927311824
1968,frost/s5,64,0.421875,3.2015268802642822,5.626964569091797,0.43638392857142855,3.578462157930647,5.795041901724679
1969,frost/s5,64,0.484375,3.339900016784668,5.557826042175293,0.4395833333333333,3.5625580151875815,5.779227511088053
1970,frost/s5,64,0.515625,3.083465576171875,5.596370697021484,0.4443359375,3.5326147377490997,5.767798960208893
1971,frost/s5,64,0.390625,3.4842348098754883,5.621767997741699,0.4411764705882353,3.5297688596388874,5.7592089035931755
1972,frost/s5,64,0.375,3.8364710807800293,5.817661285400391,0.4375,3.546807871924506,5.7624562581380205
1973,frost/s5,64,0.53125,2.9132893085479736,5.365891456604004,0.44243421052631576,3.5134647896415307,5.741584426478336
1974,frost/s5,64,0.5,2.858205556869507,5.197695732116699,0.4453125,3.4807018280029296,5.714389991760254
1975,frost/s5,64,0.5,3.017408847808838,5.342580318450928,0.4479166666666667,3.4586402575174966,5.696684769221714
1976,frost/s5,64,0.484375,3.0923800468444824,5.5243072509765625,0.44957386363636365,3.441992066123269,5.688849427483299
1977,frost/s5,64,0.40625,3.537107229232788,5.549585342407227,0.4476902173913043,3.4461275079975957,5.6827944672626
1978,frost/s5,64,0.390625,3.610396385192871,5.459456443786621,0.4453125,3.452972044547399,5.673488716284434
1979,frost/s5,64,0.5,3.0884509086608887,5.1254682540893555,0.4475,3.4383911991119387,5.651567897796631
1980,frost/s5,64,0.46875,3.2621350288391113,5.603184700012207,0.4483173076923077,3.431612115639907,5.649707005574153
1981,frost/s5,64,0.46875,3.310482978820801,5.495534420013428,0.44907407407407407,3.427125851313273,5.643996909812644
1982,frost/s5,64,0.453125,3.223357915878296,5.497903823852539,0.44921875,3.4198484250477383,5.638779299599784
1983,frost/s5,64,0.453125,3.1392464637756348,5.2288408279418945,0.44935344827586204,3.4101724953487,5.624643490232271
1984,frost/s5,64,0.578125,2.685433864593506,5.193634510040283,0.45364583333333336,3.386014540990194,5.6102765242258705
1985,frost/s5,64,0.4375,3.1304118633270264,5.164150238037109,0.453125,3.37776929332364,5.595885353703653
1986,frost/s5,64,0.5,3.2107019424438477,5.36873722076416,0.45458984375,3.3725484386086464,5.5887869745492935
1987,frost/s5,64,0.46875,3.0926263332366943,5.316216468811035,0.4550189393939394,3.3640659505670722,5.580527262254194
1988,frost/s5,64,0.4375,3.0681304931640625,5.119373321533203,0.45450367647058826,3.355361966525807,5.5669639110565186
1989,frost/s5,64,0.484375,2.868533134460449,4.942564010620117,0.45535714285714285,3.3414525713239396,5.549123913901193
1990,frost/s5,64,0.453125,3.729255437850952,5.80716609954834,0.4552951388888889,3.352224873171912,5.556291752391392
1991,frost/s5,64,0.453125,3.3316988945007324,5.309889793395996,0.4552364864864865,3.35167011699161,5.54963223998611
1992,frost/s5,64,0.53125,2.9288291931152344,4.839305877685547,0.45723684210526316,3.3405427242580212,5.530939440978201
1993,frost/s5,64,0.484375,3.2003705501556396,5.136022567749023,0.4579326923076923,3.336948565947704,5.520813367305657
1994,frost/s5,64,0.46875,3.0381503105163574,5.177762985229492,0.458203125,3.32947860956192,5.512237107753753
1995,frost/s5,64,0.359375,3.213569402694702,5.013389587402344,0.4557926829268293,3.3266515557358907,5.500070095062256
1996,frost/s5,64,0.46875,3.3113954067230225,5.144059181213379,0.45610119047619047,3.326288314092727,5.491593644732521
1997,frost/s5,64,0.5,3.2830159664154053,5.274649620056152,0.4571220930232558,3.3252819804258125,5.486548434856326
1998,frost/s5,64,0.421875,3.645582675933838,5.774300575256348,0.4563210227272727,3.3325615416873586,5.493088256229054
1999,frost/s5,64,0.5,3.202287197113037,5.40694522857666,0.45729166666666665,3.3296665562523735,5.491173966725667
2000,frost/s5,64,0.546875,2.759263277053833,4.633391857147217,0.4592391304347826,3.3172664849654487,5.472526529560918
2001,frost/s5,64,0.484375,3.3201887607574463,4.9624786376953125,0.4597739361702128,3.3173286610461297,5.461674446755267
2002,frost/s5,64,0.421875,3.5124170780181885,5.070950508117676,0.458984375,3.321393003066381,5.453534364700317
2003,frost/s5,64,0.453125,2.8363606929779053,4.851114273071289,0.4588647959183674,3.311494384493147,5.441240077116052
2004,frost/s5,64,0.390625,3.5381851196289062,5.166703224182129,0.4575,3.316028199195862,5.435749340057373
2005,frost/s5,64,0.453125,3.2232019901275635,5.278502464294434,0.4574142156862745,3.3142080774494245,5.43266606798359
2006,frost/s5,64,0.34375,3.833357810974121,5.661397933959961,0.45522836538461536,3.3241917261710534,5.437064757713904
2007,frost/s5,64,0.390625,3.1837046146392822,5.2122392654418945,0.4540094339622642,3.321541025953473,5.432822767293678
2008,frost/s5,64,0.5,2.9724082946777344,5.248086929321289,0.4548611111111111,3.3150756050039223,5.429401733257152
2009,frost/s5,64,0.421875,3.032947540283203,4.939899444580078,0.45426136363636366,3.3099460038271817,5.420501691644842
2010,frost/s5,64,0.46875,3.2544262409210205,5.230321884155273,0.4545200892857143,3.308954579489572,5.417105623653957
2011,frost/s5,64,0.4375,3.1819045543670654,4.949113845825195,0.45422149122807015,3.306725631680405,5.4088952415867855
2012,frost/s5,64,0.46875,2.997951030731201,4.9896039962768555,0.45447198275862066,3.3014019316640395,5.4016660821848905
2013,frost/s5,64,0.46875,3.0454578399658203,4.774446964263916,0.4547139830508475,3.2970638962115273,5.391035249677755
2014,frost/s5,64,0.5,2.822152614593506,4.353529453277588,0.45546875,3.2891487081845603,5.373743486404419
2015,frost/s5,64,0.359375,3.4236671924591064,4.768185615539551,0.45389344262295084,3.2913539292382414,5.3638163081935195
2016,frost/s5,64,0.515625,2.3432490825653076,4.500901222229004,0.4548891129032258,3.2760619155822264,5.349898322936027
2017,frost/s5,64,0.421875,3.2087368965148926,4.948111057281494,0.45436507936507936,3.274993264485919,5.343520747290717
2018,frost/s5,64,0.453125,3.2036876678466797,4.954458713531494,0.454345703125,3.273879114538431,5.337441653013229
2019,frost/s5,64,0.46875,2.927021026611328,4.496250152587891,0.4545673076923077,3.2685428362626294,5.324500245314378
2020,frost/s5,64,0.484375,2.9683752059936523,4.749128818511963,0.4550189393939394,3.2639948418646147,5.315782496423433
2021,frost/s5,64,0.546875,2.706529140472412,4.794672012329102,0.45638992537313433,3.2556744582617463,5.308004728004114
2022,frost/s5,64,0.390625,3.247917413711548,4.4649882316589355,0.4554227941176471,3.2555603840771843,5.2956074265872735
2023,frost/s5,64,0.359375,3.689223051071167,5.655391693115234,0.4540307971014493,3.261845350265503,5.3008216913195625
2024,frost/s5,64,0.453125,3.1171340942382812,4.243431091308594,0.45401785714285714,3.259778046607971,5.285716111319406
2025,frost/s5,64,0.484375,2.7442431449890137,4.445806503295898,0.45444542253521125,3.2525169916555914,5.273886398530342
2026,frost/s5,64,0.375,3.1667022705078125,4.497386455535889,0.4533420138888889,3.251325120528539,5.263101677099864
2027,frost/s5,64,0.484375,2.751300573348999,4.407597541809082,0.4537671232876712,3.2444754691973126,5.251382442369853
2028,frost/s5,64,0.421875,3.286167621612549,4.749638557434082,0.45333614864864863,3.245038876662383,5.244602119600451
2029,frost/s5,64,0.40625,2.9219255447387695,4.881813049316406,0.4527083333333333,3.2407306989034015,5.239764931996663
2030,frost/s5,64,0.453125,2.7726242542266846,4.178016185760498,0.4527138157894737,3.234571403578708,5.225794553756714
2031,frost/s5,64,0.484375,3.1789276599884033,4.9171929359436035,0.453125,3.2338487575580546,5.221786740538362
2032,frost/s5,64,0.453125,3.0830352306365967,4.596288681030273,0.453125,3.2319152508026514,5.213767534647232
2033,frost/s5,64,0.609375,2.5509400367736816,4.401298522949219,0.45510284810126583,3.2232953113845633,5.203483116777638
2034,frost/s5,64,0.359375,3.4527971744537354,4.828537940979004,0.45390625,3.226164084672928,5.198796302080154
2035,frost/s5,64,0.515625,2.591465950012207,4.210859775543213,0.4546682098765432,3.218328305232672,5.186599554838957
2036,frost/s5,64,0.40625,2.845393657684326,4.42719841003418,0.45407774390243905,3.213780321725985,5.177338565268168
2037,frost/s5,64,0.515625,2.5286905765533447,3.5803050994873047,0.45481927710843373,3.205526228410652,5.158097198210567
2038,frost/s5,64,0.578125,2.502044439315796,4.034091472625732,0.4562872023809524,3.1971514452071417,5.14471617766789
2039,frost/s5,64,0.546875,2.314676284790039,3.6483142375946045,0.4573529411764706,3.186769384496352,5.127111448961146
2040,frost/s5,64,0.5,2.5427207946777344,4.055357933044434,0.4578488372093023,3.179280447405438,5.114649198776068
2041,frost/s5,64,0.375,3.1696648597717285,4.327243804931641,0.45689655172413796,3.179169923409648,5.105598562065212
2042,frost/s5,64,0.515625,2.8296501636505127,4.189687728881836,0.45756392045454547,3.17519810795784,5.095190484415401
2043,frost/s5,64,0.546875,2.5712409019470215,3.7695956230163574,0.4585674157303371,3.1684120719352467,5.080296160130018
2044,frost/s5,64,0.40625,2.917506217956543,4.212682247161865,0.4579861111111111,3.165624229113261,5.070656005541483
2045,frost/s5,64,0.5625,2.2841882705688477,3.993972063064575,0.45913461538461536,3.155938119678707,5.058824313865913
2046,frost/s5,64,0.4375,3.1858174800872803,4.145686149597168,0.45889945652173914,3.156262895335322,5.048898899036905
2047,frost/s5,64,0.421875,3.0119998455047607,3.742544651031494,0.4585013440860215,3.1547116797457457,5.034852079165879
2048,frost/s5,64,0.390625,2.805143356323242,3.758089542388916,0.4577792553191489,3.1509928677944425,5.021269498987401
2049,frost/s5,64,0.453125,2.4952762126922607,3.3202109336853027,0.4577302631578947,3.1440905872144196,5.003363619352642
2050,frost/s5,64,0.453125,2.83487606048584,4.2598700523376465,0.4576822916666667,3.140869602560997,4.995618894696236
2051,frost/s5,64,0.40625,3.323129415512085,4.204357624053955,0.4571520618556701,3.1427485697048225,4.9874615620092015
2052,frost/s5,64,0.46875,2.606555700302124,3.784893751144409,0.4572704081632653,3.137277213894591,4.975190461898337
2053,frost/s5,64,0.5625,2.832136631011963,3.7684526443481445,0.4583333333333333,3.1341949857846654,4.9630011910139915
2054,frost/s5,64,0.390625,3.1094541549682617,4.408470630645752,0.45765625,3.1339475774765013,4.957455885410309
2055,frost/s5,64,0.5,2.6325995922088623,3.4612433910369873,0.45807549504950495,3.128983736038208,4.942641900317503
2056,frost/s5,64,0.421875,3.041804075241089,4.236677169799805,0.4577205882352941,3.1281290334813736,4.935720677469291
2057,frost/s5,64,0.515625,2.3992905616760254,2.9406325817108154,0.45828276699029125,3.1210529318133604,4.91635089013183
2058,frost/s5,64,0.40625,2.7386929988861084,3.7005062103271484,0.4577824519230769,3.1173763939967523,4.904660075902939
2059,frost/s5,64,0.5,2.7544949054718018,4.028782844543457,0.4581845238095238,3.1139203798203243,4.89631838798523
2060,frost/s5,64,0.453125,2.9870800971984863,3.723269462585449,0.4581367924528302,3.1127237733804956,4.885251888689005
2061,frost/s5,64,0.390625,2.935075521469116,3.4271302223205566,0.45750584112149534,3.1110635093439405,4.8716245833958425
2062,frost/s5,64,0.46875,2.6194634437561035,3.2229883670806885,0.4576099537037037,3.106511656884794,4.8563594332447755
2063,frost/s5,64,0.453125,2.715038776397705,3.6137313842773438,0.45756880733944955,3.1029201625683984,4.844959175914799
2064,frost/s5,64,0.375,2.9172770977020264,3.970526933670044,0.45681818181818185,3.1012324983423407,4.837009791894393
2065,frost/s5,64,0.34375,3.6635708808898926,4.5795087814331055,0.45579954954954954,3.106298609896823,4.834689962971318
2066,frost/s5,64,0.578125,2.5425009727478027,4.070472717285156,0.45689174107142855,3.101264702422278,4.827866594706263
2067,frost/s5,64,0.453125,3.0768916606903076,3.8339881896972656,0.45685840707964603,3.1010490117874823,4.819071210591139
2068,frost/s5,64,0.53125,2.494952440261841,3.2787046432495117,0.4575109649122807,3.0957323751951518,4.805559223158317
2069,frost/s5,64,0.421875,3.050532341003418,3.32936692237854,0.45720108695652173,3.0953393314195714,4.792722768368928
2070,frost/s5,64,0.5625,2.2553510665893555,3.5319128036499023,0.4581088362068966,3.0880980532744835,4.781853716948937
2071,frost/s5,64,0.515625,2.2206783294677734,2.8230504989624023,0.45860042735042733,3.0806842094812636,4.765111809102898
2072,frost/s5,64,0.484375,3.3339931964874268,3.454684019088745,0.4588188559322034,3.0828308958118247,4.754006488848541
2073,frost/s5,64,0.453125,3.0854058265686035,3.874971628189087,0.4587710084033613,3.082852533885411,4.746619641279974
2074,frost/s5,64,0.53125,2.4230260848999023,3.43135929107666,0.459375,3.0773539801438647,4.735659138361613
2075,frost/s5,64,0.453125,2.5494344234466553,3.211434841156006,0.459323347107438,3.072991008600913,4.723062243343385
2076,frost/s5,64,0.421875,2.9638261795043945,3.8231136798858643,0.45901639344262296,3.0720962149197937,4.715685615774061
2077,frost/s5,64,0.4375,2.6605682373046875,3.234938144683838,0.45884146341463417,3.068750459004224,4.703647018448124
2078,frost/s5,64,0.4375,2.308351755142212,2.954303741455078,0.4586693548387097,3.0626182113924334,4.689539411375599
2079,frost/s5,64,0.375,2.8182532787323,3.647125244140625,0.458,3.0606632919311525,4.68120009803772
2080,frost/s5,64,0.421875,2.89648699760437,3.506298542022705,0.45771329365079366,3.0593603054682412,4.671875482513791
2081,frost/s5,64,0.40625,3.106102705001831,3.3805038928985596,0.4573080708661417,3.0597283558582697,4.6617072022806
2082,frost/s5,64,0.515625,2.6063315868377686,2.7497403621673584,0.457763671875,3.056186193600297,4.6467699613422155
2083,frost/s5,64,0.40625,2.8733744621276855,3.3498449325561523,0.4573643410852713,3.054769048395083,4.6367162789485254
2084,frost/s5,64,0.5,2.7090423107147217,2.962367534637451,0.4576923076923077,3.052109611951388,4.623836673223055
2085,frost/s5,64,0.625,1.918758511543274,2.499349594116211,0.45896946564885494,3.0434580768337685,4.607619214603919
2086,frost/s5,64,0.453125,2.684267282485962,2.764833927154541,0.4589251893939394,3.040736934452346,4.59365872000203
2087,frost/s5,64,0.5,2.721447229385376,3.489656925201416,0.45923402255639095,3.0383362599781583,4.5853579546275895
2088,frost/s5,64,0.40625,2.635032892227173,2.698820114135742,0.4588386194029851,3.035326533353151,4.571279314026904
2089,frost/s5,64,0.421875,2.6986265182495117,3.3481900691986084,0.4585648148148148,3.032832459167198,4.562219393694842
2090,frost/s5,64,0.578125,2.027230978012085,3.175848960876465,0.45944393382352944,3.0254383306292927,4.552025493453531
2091,frost/s5,64,0.5,2.6647863388061523,3.0329647064208984,0.45973996350364965,3.022805834338613,4.540937458511687
2092,frost/s5,64,0.5,2.1712706089019775,2.8907346725463867,0.4600317028985507,3.016635289226753,4.52897946730904
2093,frost/s5,64,0.53125,2.438387393951416,3.075124979019165,0.4605440647482014,3.012475232426211,4.518520082501198
2094,frost/s5,64,0.40625,3.034017324447632,2.8950541019439697,0.46015625,3.0126291045120785,4.50692389692579
2095,frost/s5,64,0.40625,2.617419958114624,3.228516101837158,0.4597739361702128,3.009826202764579,4.497857174974807
2096,frost/s5,64,0.46875,2.712110757827759,3.0423221588134766,0.45983714788732394,3.0077296151241786,4.487606928382121
2097,frost/s5,64,0.375,2.8210372924804688,3.348513603210449,0.4592438811188811,3.0064240744063904,4.479641240793509
2098,frost/s5,64,0.453125,2.7562193870544434,3.0421810150146484,0.4592013888888889,3.0046865418553352,4.469658878114489
2099,frost/s5,64,0.515625,2.4209554195404053,3.033191204071045,0.45959051724137934,3.000660809977301,4.459752204500396
2100,frost/s5,64,0.484375,2.695497751235962,3.0869665145874023,0.4597602739726027,2.998570652040717,4.450349562788663
2101,frost/s5,64,0.484375,2.8427460193634033,2.4663684368133545,0.4599277210884354,2.997510620525905,4.436853092543933
2102,frost/s5,64,0.5625,2.269827127456665,2.668532371520996,0.46062077702702703,2.9925938401673293,4.424904979564048
2103,frost/s5,64,0.453125,3.280517339706421,2.8166234493255615,0.46057046979865773,2.9945262126474574,4.4141111437906355
2104,frost/s5,64,0.484375,2.44547176361084,2.5541982650756836,0.4607291666666667,2.9908658496538796,4.401711724599203
2105,frost/s5,64,0.53125,2.504711389541626,2.817775249481201,0.4611961920529801,2.9876462836928717,4.39122207906862
2106,frost/s5,64,0.5625,2.334566354751587,2.2211291790008545,0.46186266447368424,2.9833497052129947,4.37694515209449
2107,frost/s5,64,0.421875,3.077597141265869,3.1818790435791016,0.4616013071895425,2.9839657015270658,4.36913426249635
2108,frost/s5,64,0.546875,2.2151708602905273,2.6524837017059326,0.4621550324675325,2.9789735272333218,4.357987180932776
2109,frost/s5,64,0.453125,2.192983865737915,2.459644317626953,0.4620967741935484,2.973902626191416,4.3457398076211255
2110,frost/s5,64,0.484375,2.818648099899292,2.6464061737060547,0.4622395833333333,2.9729074048690305,4.334846643301157
2111,frost/s5,64,0.46875,2.515275001525879,3.0277633666992188,0.462281050955414,2.9699925487967813,4.326521272112609
2112,frost/s5,64,0.4375,2.600266933441162,3.0574169158935547,0.4621242088607595,2.9676525132565557,4.31848896606059
2113,frost/s5,64,0.421875,2.6639702320098877,3.1447956562042236,0.46187106918238996,2.965742561802174,4.311107247130676
2114,frost/s5,64,0.421875,2.675644636154175,2.6013264656066895,0.46162109375,2.9639294497668742,4.300421117246151
2115,frost/s5,64,0.515625,2.725766181945801,2.693301200866699,0.46195652173913043,2.962450174811464,4.290439005964291
2116,frost/s5,64,0.59375,2.089937210083008,2.4015982151031494,0.4627700617283951,2.9570642923131403,4.2787794949095925
2117,frost/s5,64,0.4375,2.6080896854400635,2.3482279777526855,0.4626150306748466,2.954923343804716,4.266935620571207
2118,frost/s5,64,0.609375,2.164513349533081,2.4274964332580566,0.46350990853658536,2.9501037706689135,4.255719527965638
2119,frost/s5,64,0.375,2.9810633659362793,3.165107488632202,0.46297348484848483,2.950291404579625,4.249109758030285
2120,frost/s5,64,0.34375,3.30941104888916,3.2455615997314453,0.46225527108433734,2.9524547759308875,4.243064287197159
2121,frost/s5,64,0.40625,2.6213295459747314,2.478872299194336,0.46191991017964074,2.9504719901227667,4.232500263316902
2122,frost/s5,64,0.40625,2.338510513305664,2.3490405082702637,0.4615885416666667,2.9468293622845696,4.2212891933463865
2123,frost/s5,64,0.40625,2.9418132305145264,2.985797882080078,0.4612610946745562,2.9467996810314925,4.213978593871438
2124,frost/s5,64,0.46875,2.6212666034698486,2.109015941619873,0.46130514705882353,2.944884780575247,4.201596460622899
2125,frost/s5,64,0.453125,3.0107622146606445,2.3117995262145996,0.4612573099415205,2.9452700287277938,4.190545016562033
2126,frost/s5,64,0.375,3.226966142654419,2.6328887939453125,0.46075581395348836,2.946907796832018,4.181488875732866
2127,frost/s5,64,0.515625,2.5110137462615967,2.1945393085479736,0.4610729768786127,2.9443881780425936,4.17000361811908
2128,frost/s5,64,0.40625,2.6812164783477783,2.253615140914917,0.46075790229885055,2.942875697009865,4.158989891238596
2129,frost/s5,64,0.46875,2.7154974937438965,2.466416120529175,0.4608035714285714,2.941576392991202,4.149318041120257
2130,frost/s5,64,0.453125,2.9604010581970215,2.841522216796875,0.4607599431818182,2.9416833513162355,4.14188738302751
2131,frost/s5,64,0.5,2.6297926902770996,2.380699634552002,0.4609816384180791,2.9399212571860707,4.131937169759287
2132,frost/s5,64,0.5625,2.2661314010620117,2.512676954269409,0.46155196629213485,2.936135920915711,4.122840202256535
2133,frost/s5,64,0.34375,3.1865322589874268,2.5402414798736572,0.46089385474860334,2.9375347831395753,4.1139988686119375
2134,frost/s5,64,0.46875,2.6642346382141113,2.21321439743042,0.4609375,2.9360164490011003,4.103438954883152
2135,frost/s5,64,0.390625,2.6508119106292725,3.2826294898986816,0.4605490331491713,2.934440733319488,4.098904095960585
2136,frost/s5,64,0.453125,2.676668405532837,2.4720003604888916,0.46050824175824173,2.9330244018481326,4.0899650644470045
2137,frost/s5,64,0.484375,2.76741361618042,2.47363543510437,0.4606386612021858,2.932119424877271,4.08113266210087
2138,frost/s5,64,0.46875,2.628671169281006,2.588993787765503,0.4606827445652174,2.930470249575117,4.073023211696873
2139,frost/s5,64,0.46875,2.7816379070281982,2.963191270828247,0.46072635135135137,2.929665750426215,4.067024120124611
2140,frost/s5,64,0.421875,2.6899359226226807,2.5162911415100098,0.46051747311827956,2.9283768803842607,4.0586868460460375
2141,frost/s5,64,0.46875,2.206233024597168,2.226836919784546,0.4605614973262032,2.9245151485351317,4.048890857135548
2142,frost/s5,64,0.4375,2.7127227783203125,2.1980390548706055,0.46043882978723405,2.9233885933744146,4.039045900740522
2143,frost/s5,64,0.328125,3.0022199153900146,2.6581692695617676,0.4597387566137566,2.9238056903162963,4.03173967517873
2144,frost/s5,64,0.484375,3.0241360664367676,2.151064395904541,0.4598684210526316,2.9243337449274565,4.021841384235182
2145,frost/s5,64,0.421875,2.862046241760254,2.434861898422241,0.45966950261780104,2.9240076323454294,4.013532591115742
2146,frost/s5,64,0.453125,2.6912574768066406,2.3473048210144043,0.4596354166666667,2.9227953919519982,4.004854321479797
2147,frost/s5,64,0.421875,2.610210657119751,2.021925687789917,0.45943976683937826,2.9211757819269604,3.9945800798544613
2148,frost/s5,64,0.4375,2.6113157272338867,3.0767202377319336,0.45932667525773196,2.919578565150192,3.9898488435548605
2149,frost/s5,64,0.5625,1.9972450733184814,2.293942928314209,0.4598557692307692,2.9148486498074653,3.9811518901433702
2150,frost/s5,64,0.5625,2.2048535346984863,2.512147903442383,0.4603794642857143,2.911226225750787,3.9736569718438752
2151,frost/s5,64,0.484375,2.636413812637329,2.277860164642334,0.460501269035533,2.9098312388821905,3.965048866223563
2152,frost/s5,64,0.46875,3.2190699577331543,2.442300796508789,0.4605429292929293,2.911393050593559,3.9573582194068213
2153,frost/s5,64,0.59375,2.521177053451538,2.7217459678649902,0.46121231155778897,2.9094321661858102,3.951149112615154
2154,frost/s5,64,0.484375,2.5797486305236816,1.9536869525909424,0.461328125,2.9077837485074998,3.941161801815033
2155,frost/s5,64,0.421875,3.070009469985962,2.4419360160827637,0.4611318407960199,2.9085908416491835,3.933702967060146
2156,frost/s5,64,0.515625,2.172339677810669,2.0156140327453613,0.4614016089108911,2.9049460339074087,3.9242074772863105
2157,frost/s5,64,0.5,2.38617205619812,2.093449831008911,0.4615917487684729,2.9023904970714023,3.9151889667135156
2158,frost/s5,64,0.40625,2.6519625186920166,2.210737943649292,0.4613204656862745,2.9011629089420916,3.906833814639671
2159,frost/s5,64,0.40625,2.6936137676239014,2.3301501274108887,0.4610518292682927,2.9001504741063933,3.8991426747019697
2160,frost/s5,64,0.484375,2.604463577270508,2.2462263107299805,0.46116504854368934,2.898715100820782,3.8911188088574455
2161,frost/s5,64,0.359375,3.1128664016723633,2.2558183670043945,0.46067330917874394,2.8997496481678913,3.8832188067228897
2162,frost/s5,64,0.40625,3.107576608657837,2.0425055027008057,0.46041165865384615,2.90074881624717,3.874369223530476
2163,frost/s5,64,0.34375,2.732187032699585,2.7003636360168457,0.45985346889952156,2.899942300536416,3.8687519719155783
2164,frost/s5,64,0.390625,2.7978603839874268,2.203949451446533,0.4595238095238095,2.8994561961718968,3.8608243408657255
2165,frost/s5,64,0.515625,2.759070634841919,2.209512948989868,0.45978969194312796,2.8987908617580107,3.8529982205250817
2166,frost/s5,64,0.421875,2.8257691860198975,2.314333438873291,0.45961084905660377,2.8984464198913216,3.845740367781441
2167,frost/s5,64,0.46875,2.1813032627105713,2.014003276824951,0.4596537558685446,2.8950795506087825,3.8371406631290634
2168,frost/s5,64,0.453125,2.6567697525024414,2.001847267150879,0.4596232476635514,2.89396595342137,3.8285645257646794
2169,frost/s5,64,0.421875,2.9929332733154297,2.2481446266174316,0.4594476744186046,2.894426266537156,3.8212137355360873
2170,frost/s5,64,0.46875,3.015326738357544,2.8464903831481934,0.45949074074074076,2.894985990943732,3.8167011274231806
2171,frost/s5,64,0.40625,2.9628734588623047,2.449523687362671,0.4592453917050691,2.8952988364180112,3.810400770556542
2172,frost/s5,64,0.53125,2.1533281803131104,1.6203656196594238,0.4595756880733945,2.891895301298264,3.8003547377542617
2173,frost/s5,64,0.421875,3.1747446060180664,2.080348491668701,0.4594035388127854,2.893186850634884,3.7925008279547843
2174,frost/s5,64,0.484375,2.9194140434265137,2.1134111881256104,0.45951704545454547,2.8933060651475735,3.784868602319197
2175,frost/s5,64,0.4375,3.515619993209839,1.7835314273834229,0.4594174208144796,2.896121965274552,3.7758127779982207
2176,frost/s5,64,0.484375,2.791757583618164,2.1597251892089844,0.45952984234234234,2.8956518554472708,3.7685331041748458
2177,frost/s5,64,0.484375,2.7634220123291016,1.6703119277954102,0.45964125560538116,2.8950588965095214,3.7591240406036377
2178,frost/s5,64,0.65625,1.7303365468978882,1.519931435585022,0.4605189732142857,2.8898592431630408,3.749127645045519
2179,frost/s5,64,0.375,3.2215640544891357,2.3256802558898926,0.4601388888888889,2.8913334867689344,3.742801212204827
2180,frost/s5,64,0.4375,2.5366477966308594,1.9600915908813477,0.4600387168141593,2.889764081060359,3.7349131165352545
2181,frost/s5,64,0.4375,3.0273914337158203,1.9094812870025635,0.4599394273127753,2.8903703689575195,3.7268715666254186
2182,frost/s5,64,0.4375,2.8392457962036133,2.1160173416137695,0.45984100877192985,2.8901461383752656,3.7198064165157185
2183,frost/s5,64,0.359375,3.0140185356140137,2.1282434463500977,0.45940229257641924,2.8906870658741246,3.7128563598774407
2184,frost/s5,64,0.390625,2.904329538345337,2.1613903045654297,0.4591032608695652,2.8907463809718257,3.7061108552891273
2185,frost/s5,64,0.375,2.433156728744507,2.0795860290527344,0.4587391774891775,2.888765473386426,3.6990696222751174
2186,frost/s5,64,0.46875,2.5821375846862793,1.8718291521072388,0.4587823275862069,2.8874438014523736,3.691193585765773
2187,frost/s5,64,0.390625,2.845308303833008,1.9232375621795654,0.4584898068669528,2.887262962406797,3.6836057916731284
2188,frost/s5,64,0.625,2.2909674644470215,1.708922028541565,0.4592013888888889,2.8847146910479946,3.675166972172566
2189,frost/s5,64,0.546875,2.3849751949310303,2.2736008167266846,0.4595744680851064,2.882588140000688,3.6692028608727965
2190,frost/s5,64,0.46875,2.711569309234619,1.8558952808380127,0.4596133474576271,2.8818634839381203,3.6615193541777336
2191,frost/s5,64,0.40625,2.900463104248047,1.944810390472412,0.45938818565400846,2.8819419633487104,3.6542758564405804
2192,frost/s5,64,0.53125,2.456449508666992,1.8247580528259277,0.45969012605042014,2.880154179925678,3.646588806845561
2193,frost/s5,64,0.375,3.767080545425415,2.099921703338623,0.4593357740585774,2.8838651689026644,3.6401173963706364
2194,frost/s5,64,0.578125,2.2933695316314697,1.6712803840637207,0.4598307291666667,2.8814047704140346,3.6319139088193575
2195,frost/s5,64,0.5625,2.486215591430664,2.0219757556915283,0.4602567427385892,2.879764981289622,3.625233667520072
2196,frost/s5,64,0.46875,2.929894208908081,1.7744147777557373,0.4602918388429752,2.8799721268582936,3.617585655578897
2197,frost/s5,64,0.4375,2.9170100688934326,2.7578227519989014,0.4601980452674897,2.8801245463728415,3.6140475366341236
2198,frost/s5,64,0.5625,2.5126523971557617,1.9502218961715698,0.4606173155737705,2.878618512974411,3.607228579091244
2199,frost/s5,64,0.5,1.968953013420105,1.6599644422531128,0.4607780612244898,2.8749055925680667,3.5992805622061903
2200,frost/s5,64,0.5625,2.127101421356201,1.5203981399536133,0.4611915650406504,2.871865738213547,3.5908298206523184
2201,frost/s5,64,0.515625,2.6381053924560547,1.6866137981414795,0.46141194331983804,2.8709193400525854,3.5831204440429625
2202,frost/s5,64,0.515625,2.51287579536438,1.7199965715408325,0.4616305443548387,2.8694756160820685,3.5756078477828734
2203,frost/s5,64,0.5,2.6259453296661377,1.9520456790924072,0.46178463855421686,2.8684975828032897,3.5690875177881325
2204,frost/s5,64,0.515625,2.820436954498291,1.862818956375122,0.462,2.86830534029007,3.5622624435424806
2205,frost/s5,64,0.328125,3.1396055221557617,2.5189521312713623,0.4614666334661355,2.869386217508658,3.5581058287525558
2206,frost/s5,64,0.421875,2.8918662071228027,2.024077892303467,0.46130952380952384,2.8694754238166507,3.5520184163063293
2207,frost/s5,64,0.4375,3.1633944511413574,2.272674322128296,0.4612154150197628,2.870637159102519,3.54696172028191
2208,frost/s5,64,0.453125,2.6906707286834717,2.022212028503418,0.461183562992126,2.869928629848901,3.540958768739475
2209,frost/s5,64,0.453125,3.168245792388916,1.7976632118225098,0.46115196078431375,2.871098501074548,3.534122315575095
2210,frost/s5,64,0.421875,2.8074729442596436,1.8828125,0.46099853515625,2.8708499637432396,3.5276718866080046
2211,frost/s5,64,0.4375,3.0629489421844482,1.6145753860473633,0.46090710116731515,2.8715974305854233,3.520227931352905
2212,frost/s5,64,0.4375,2.9655582904815674,1.9980790615081787,0.4608163759689923,2.871961619964866,3.514328129531801
2213,frost/s5,64,0.421875,2.849024534225464,1.7954154014587402,0.4606660231660232,2.871873059788266,3.5076914008519826
2214,frost/s5,64,0.546875,2.1141724586486816,1.8661556243896484,0.46099759615384617,2.8689588267069595,3.5013778017117425
2215,frost/s5,64,0.46875,2.733276128768921,1.5863075256347656,0.4610272988505747,2.8684389696267374,3.494040367703785
2216,frost/s5,64,0.4375,3.35017466545105,1.6419475078582764,0.4609375,2.870277655488662,3.4869713109868172
2217,frost/s5,64,0.515625,1.9906301498413086,1.578816294670105,0.4611454372623574,2.866932988166809,3.479715968719453
2218,frost/s5,64,0.484375,2.5579893589019775,1.8104521036148071,0.46123342803030304,2.8657627471468667,3.473392999533451
2219,frost/s5,64,0.484375,2.710012435913086,1.9745957851409912,0.46132075471698114,2.865175010123343,3.4677371609885737
2220,frost/s5,64,0.515625,2.909574508666992,1.7276653051376343,0.4615249060150376,2.8653419255314017,3.461195537470337
2221,frost/s5,64,0.453125,2.992367744445801,2.258441925048828,0.4614934456928839,2.865817677662167,3.4566908422927285
2222,frost/s5,64,0.421875,2.5857014656066895,2.0924949645996094,0.4613456156716418,2.8647724679156914,3.451600559167008
2223,frost/s5,64,0.53125,2.5855815410614014,1.7195286750793457,0.46160548327137546,2.8637345834292445,3.445161630229879
2224,frost/s5,64,0.484375,2.8273377418518066,1.7233392000198364,0.4616898148148148,2.863599780312291,3.43878451011799
2225,frost/s5,64,0.484375,2.473133087158203,1.6704742908477783,0.46177352398523985,2.8621589438061874,3.4322593801575834
2226,frost/s5,64,0.53125,2.166534423828125,1.8344743251800537,0.46202895220588236,2.8596015007180324,3.4263851703966366
2227,frost/s5,64,0.5625,2.3906478881835938,1.6586506366729736,0.46239697802197804,2.85788372191754,3.4199099523243888
2228,frost/s5,64,0.390625,3.156670093536377,2.120978355407715,0.46213503649635035,2.858974183127828,3.4151693260582694
2229,frost/s5,64,0.515625,2.574162244796753,1.6298339366912842,0.46232954545454547,2.8579385033520786,3.4086771973696623
2230,frost/s5,64,0.46875,2.851567506790161,1.9618006944656372,0.46235280797101447,2.857915420031202,3.40343489119972
2231,frost/s5,64,0.515625,2.849938154220581,1.7703351974487305,0.46254512635379064,2.857886621237662,3.3975392244352762
2232,frost/s5,64,0.4375,3.0036137104034424,1.7568622827529907,0.462455035971223,2.8584108194001288,3.391637508817714
2233,frost/s5,64,0.4375,2.951695203781128,1.8680171966552734,0.46236559139784944,2.8587451720323185,3.386176504114623
2234,frost/s5,64,0.453125,2.9300448894500732,2.0589654445648193,0.4623325892857143,2.858999813880239,3.3814364646162307
2235,frost/s5,64,0.46875,3.224224328994751,1.76283597946167,0.46235542704626337,2.8602995452507534,3.3756763205409475
2236,frost/s5,64,0.4375,3.110858201980591,1.706186056137085,0.46226728723404253,2.861188051125682,3.3697561422983804
2237,frost/s5,64,0.375,3.231978178024292,2.023237705230713,0.4619589222614841,2.8624982635882215,3.364998126619696
2238,frost/s5,64,0.4375,2.7268826961517334,1.8025050163269043,0.4618727992957746,2.8620207439845715,3.359496390315848
2239,frost/s5,64,0.578125,2.392336845397949,1.854220986366272,0.46228070175438596,2.86037273030532,3.3542147222318146
2240,frost/s5,64,0.359375,3.2066078186035156,2.05411696434021,0.4619208916083916,2.861583342502167,3.3496689258755503
2241,frost/s5,64,0.421875,2.9245965480804443,1.9053378105163574,0.4617813588850174,2.861802900709757,3.34463641327848
2242,frost/s5,64,0.421875,3.1893112659454346,2.1476657390594482,0.4616427951388889,2.862940082533492,3.3404802651041083
2243,frost/s5,64,0.5,2.730525493621826,1.7687475681304932,0.4617755190311419,2.8624819005649393,3.335041743661293
2244,frost/s5,64,0.53125,2.03704833984375,1.4803516864776611,0.4620150862068966,2.859635577941763,3.3286462607054874
2245,frost/s5,64,0.421875,2.506361961364746,1.6786454916000366,0.46187714776632305,2.858421579259368,3.32297615496973
2246,frost/s5,64,0.46875,2.635843276977539,1.613297939300537,0.4619006849315068,2.8576593247994984,3.317121092587301
2247,frost/s5,64,0.46875,2.963857889175415,1.730879306793213,0.4619240614334471,2.8580217772376417,3.3117072980965365
2248,frost/s5,64,0.515625,2.508894681930542,1.3929555416107178,0.46210671768707484,2.8568342701107468,3.305180931577877
2249,frost/s5,64,0.421875,2.986485242843628,1.7730218172073364,0.46197033898305084,2.85727376493357,3.2999871718681466
2250,frost/s5,64,0.515625,2.908949375152588,1.2455639839172363,0.4621516047297297,2.8574483446978234,3.2930465529899338
2251,frost/s5,64,0.390625,2.9030754566192627,1.672389268875122,0.46191077441077444,2.8576019713372895,3.2875897944575607
2252,frost/s5,64,0.453125,2.9462928771972656,1.598330020904541,0.4618812919463087,2.8578995918267527,3.2819211374993293
2253,frost/s5,64,0.4375,2.3328280448913574,1.6477497816085815,0.4617997491638796,2.856143499696534,3.2764556814595607
2254,frost/s5,64,0.5625,2.1080482006073,1.3687022924423218,0.4621354166666667,2.8536498486995696,3.27009650349617
2255,frost/s5,64,0.5625,2.4900875091552734,1.7492446899414062,0.462468853820598,2.8524420003954356,3.265043839663762
2256,frost/s5,64,0.5,2.656372547149658,1.6946756839752197,0.46259312913907286,2.8517927637952845,3.259843945108502
2257,frost/s5,64,0.46875,2.92110013961792,1.334641695022583,0.4626134488448845,2.8520215010092205,3.253490142302938
2258,frost/s5,64,0.46875,3.086702346801758,1.5429307222366333,0.4626336348684211,2.852793477475643,3.2478633021053516
2259,frost/s5,64,0.421875,2.8962948322296143,1.9016697406768799,0.4625,2.852936104868279,3.243449552723619
2260,frost/s5,64,0.453125,2.871419668197632,1.4880313873291016,0.46246936274509803,2.852996508670009,3.2377128920523948
2261,frost/s5,64,0.421875,2.9780945777893066,1.7170007228851318,0.4623371335504886,2.8534039942371727,3.232759432217974
2262,frost/s5,64,0.5625,2.4986228942871094,1.4993855953216553,0.46266233766233766,2.8522521075490235,3.2271315950851935
2263,frost/s5,64,0.46875,2.9164555072784424,1.3254762887954712,0.46268203883495146,2.852459885541675,3.2209773707929936
2264,frost/s5,64,0.578125,2.279738426208496,1.4778401851654053,0.463054435483871,2.850612396963181,3.21535434761355
2265,frost/s5,64,0.484375,2.623183250427246,1.7069058418273926,0.46312299035369775,2.849881113533805,3.210504030874688
2266,frost/s5,64,0.484375,2.9477956295013428,1.3576868772506714,0.4631911057692308,2.850194942110624,3.2045655143566623
2267,frost/s5,64,0.390625,3.1916537284851074,1.689835786819458,0.46295926517571884,2.851285864750798,3.199726122255904
2268,frost/s5,64,0.46875,3.2384397983551025,1.5318689346313477,0.4629777070063694,2.85251883906164,3.1944144751615586
2269,frost/s5,64,0.390625,2.9974637031555176,1.7946953773498535,0.4627480158730159,2.8529789814873348,3.189970922470093
2270,frost/s5,64,0.5,2.761467218399048,1.4375678300857544,0.46286590189873417,2.8526893873003463,3.1844253430638134
2271,frost/s5,64,0.515625,2.2777719497680664,1.6692414283752441,0.463032334384858,2.8508757676235885,3.1796455830805685
2272,frost/s5,64,0.46875,2.4551689624786377,1.7462234497070312,0.4630503144654088,2.84963140660112,3.1751379663089536
2273,frost/s5,64,0.5625,2.534309148788452,1.5182905197143555,0.46336206896551724,2.848642935573494,3.169944087166024
2274,frost/s5,64,0.453125,2.779855489730835,1.806992530822754,0.463330078125,2.8484279748052357,3.165684863552451
2275,frost/s5,64,0.4375,2.849708318710327,1.9417399168014526,0.4632496105919003,2.848431963415532,3.1618719509457502
2276,frost/s5,64,0.375,3.5942749977111816,1.545812726020813,0.46297554347826086,2.850748246130736,3.156853133477039
2277,frost/s5,64,0.40625,2.4158616065979004,1.4800350666046143,0.4627999226006192,2.8494018478659284,3.1516617462731
2278,frost/s5,64,0.5,2.9965016841888428,1.836368203163147,0.462914737654321,2.849855859706431,3.1476021983005382
2279,frost/s5,64,0.421875,3.2273573875427246,1.6328414678573608,0.46278846153846154,2.8510174028690045,3.1429413960530206
2280,frost/s5,64,0.453125,3.344970226287842,1.4502179622650146,0.46275881901840493,2.8525325955788783,3.137748992881892
2281,frost/s5,64,0.546875,2.0712475776672363,1.4562506675720215,0.46301605504587157,2.8501433447595765,3.132606796168406
2282,frost/s5,64,0.46875,2.8380322456359863,1.495551586151123,0.46303353658536583,2.8501064206768825,3.127615774186646
2283,frost/s5,64,0.484375,2.862236976623535,1.417799472808838,0.4630984042553192,2.850143291667602,3.122418764152063
2284,frost/s5,64,0.5,2.9441215991973877,1.2852904796600342,0.46321022727272726,2.8504280744176924,3.1168517087445116
2285,frost/s5,64,0.53125,2.648075819015503,1.733490228652954,0.46341578549848944,2.8498167382986526,3.112672368925504
2286,frost/s5,64,0.4375,3.227634906768799,1.177829384803772,0.46333772590361444,2.850954744830189,3.106844528611884
2287,frost/s5,64,0.484375,3.0517735481262207,1.4468363523483276,0.4634009009009009,2.8515578042995466,3.101859519073555
2288,frost/s5,64,0.40625,3.421684741973877,1.7551511526107788,0.4632297904191617,2.853264771178811,3.0978274580961216
2289,frost/s5,64,0.609375,2.0381205081939697,1.0362321138381958,0.4636660447761194,2.8508315047221395,3.091673442143113
2290,frost/s5,64,0.453125,3.1778030395507812,1.3813111782073975,0.4636346726190476,2.8518046342900822,3.086583078262352
2291,frost/s5,64,0.40625,3.423447608947754,1.3516716957092285,0.46346439169139464,2.853500904244556,3.0814349732696127
2292,frost/s5,64,0.5,2.385603666305542,1.5857510566711426,0.4635724852071006,2.8521165928897068,3.0770098729246467
2293,frost/s5,64,0.390625,3.2242231369018555,1.4145065546035767,0.46335730088495575,2.8532142523115716,3.0721057333425787
2294,frost/s5,64,0.5,3.0568621158599854,1.5872067213058472,0.46346507352941174,2.8538132166161256,3.0677383833071765
2295,frost/s5,64,0.53125,2.586977958679199,1.4581338167190552,0.46366385630498536,2.853030708528334,3.063018135311317
2296,frost/s5,64,0.515625,2.577627658843994,1.5922729969024658,0.46381578947368424,2.852225436453234,3.0587177109300043
2297,frost/s5,64,0.515625,3.06646990776062,1.3554939031600952,0.46396683673469385,2.8528500559031094,3.053752043851958
2298,frost/s5,64,0.53125,2.7881219387054443,1.472180724143982,0.4641624273255814,2.852661892771721,3.0491544528062953
2299,frost/s5,64,0.546875,2.423138380050659,1.457507848739624,0.4644021739130435,2.8514168970826743,3.044540984388711
2300,frost/s5,64,0.484375,2.8607141971588135,1.3316781520843506,0.46445989884393063,2.851443767892143,3.0395905137751145
2301,frost/s5,64,0.34375,3.273641347885132,1.4008857011795044,0.4641120317002882,2.852660475615466,3.0348680215197956
2302,frost/s5,64,0.359375,3.117257595062256,1.6154632568359375,0.46381106321839083,2.8534208121656,3.0307892721959915
2303,frost/s5,64,0.4375,3.1183080673217773,1.625455379486084,0.46373567335243554,2.8541798014353885,3.0267625275177394
2304,frost/s5,64,0.484375,3.0337066650390625,1.5840122699737549,0.46379464285714284,2.854692735331399,3.022640383924757
2305,frost/s5,64,0.453125,2.9455642700195312,1.4442745447158813,0.463764245014245,2.8549516285926186,3.018143615152082
2306,frost/s5,64,0.390625,3.4107820987701416,1.7393615245819092,0.4635564630681818,2.8565306924283504,3.0145107114856895
2307,frost/s5,64,0.578125,2.0807204246520996,1.4048182964324951,0.46388101983002833,2.8543329296301176,3.009950676315567
2308,frost/s5,64,0.546875,2.7108983993530273,1.2721060514450073,0.4641154661016949,2.8539277473411993,3.005041510708588
2309,frost/s5,64,0.484375,2.6952991485595703,1.4443397521972656,0.4641725352112676,2.8534809062178708,3.0006451677268657
2310,frost/s5,64,0.5625,2.3041741847991943,1.4440486431121826,0.4644487359550562,2.8519379098093913,2.996272705579072
2311,frost/s5,64,0.46875,3.039090633392334,1.2131390571594238,0.4644607843137255,2.852462147130352,2.991277933454647
2312,frost/s5,64,0.59375,2.3491814136505127,1.3361196517944336,0.46482192737430167,2.8510563350256595,2.9866545862991716
2313,frost/s5,64,0.375,3.418405055999756,1.3423080444335938,0.4645717270194986,2.852636693579905,2.9820742338148665
2314,frost/s5,64,0.375,3.606480360031128,1.5794439315795898,0.46432291666666664,2.8547307037644916,2.9781780385308796
2315,frost/s5,64,0.421875,3.047025680541992,1.779094934463501,0.4642053324099723,2.8552633768303575,2.9748564786858176
2316,frost/s5,64,0.484375,2.4453625679016113,1.530778408050537,0.4642610497237569,2.8541310541537586,2.970867312744836
2317,frost/s5,64,0.359375,3.3262927532196045,1.975799798965454,0.46397210743801653,2.8554317750878244,2.9681260799245073
2318,frost/s5,64,0.515625,2.7567834854125977,1.349671721458435,0.464114010989011,2.8551607633030023,2.963679776741908
2319,frost/s5,64,0.4375,2.8661000728607178,1.5972822904586792,0.464041095890411,2.855190734014119,2.9599362219849676
2320,frost/s5,64,0.40625,3.309171676635742,1.9911587238311768,0.46388319672131145,2.856431119103249,2.957289288929903
2321,frost/s5,64,0.453125,2.892528772354126,1.8334606885910034,0.4638538828337875,2.856529477831453,2.9542270856592245
2322,frost/s5,64,0.453125,3.0277907848358154,1.5823400020599365,0.46382472826086957,2.856994861817878,2.950499131627705
2323,frost/s5,64,0.421875,3.2436630725860596,1.5258833169937134,0.4637110433604336,2.858042743147873,2.946638384162572
2324,frost/s5,64,0.515625,2.6358249187469482,1.452736735343933,0.46385135135135136,2.857442154433276,2.9426008121387377
2325,frost/s5,64,0.484375,2.5650079250335693,1.4724786281585693,0.46390667115902967,2.856653922009018,2.9386382186509206
2326,frost/s5,64,0.4375,3.531540632247925,1.6751543283462524,0.46383568548387094,2.858468133595682,2.935241756580209
2327,frost/s5,64,0.4375,2.487718343734741,1.4712263345718384,0.4637650804289544,2.8574741663306393,2.931316782258471
2328,frost/s5,64,0.46875,2.647148370742798,1.6685999631881714,0.4637784090909091,2.856911797893239,2.9279405340791387
2329,frost/s5,64,0.484375,2.4056313037872314,1.850841999053955,0.4638333333333333,2.8557083832422894,2.9250682713190717
2330,frost/s5,64,0.53125,2.8931493759155273,1.5773861408233643,0.4640126329787234,2.8558079603504627,2.9214840103337107
2331,frost/s5,64,0.578125,1.9540948867797852,1.5411252975463867,0.46431531830238726,2.8534161484842273,2.917822581387325
2332,frost/s5,64,0.546875,2.5059893131256104,1.1414328813552856,0.4645337301587302,2.8524970298721675,2.913123137736447
2333,frost/s5,64,0.46875,2.7024807929992676,1.8538730144500732,0.4645448548812665,2.8521012086666984,2.9103282825298864
2334,frost/s5,64,0.421875,3.109651565551758,1.895812749862671,0.4644325657894737,2.852778972763764,2.907658504812341
2335,frost/s5,64,0.46875,3.4883406162261963,1.3810105323791504,0.46444389763779526,2.8544471135602536,2.9036515547534614
2336,frost/s5,64,0.515625,2.940972328186035,1.2738723754882812,0.4645778795811518,2.8546736193577034,2.8993851171114056
2337,frost/s5,64,0.484375,2.6984872817993164,1.3235297203063965,0.4646295691906005,2.854265822131702,2.8952706121589125
2338,frost/s5,64,0.46875,3.1738994121551514,1.333385944366455,0.4646402994791667,2.8550982012723884,2.8912032041698694
2339,frost/s5,64,0.515625,2.5572946071624756,1.3559279441833496,0.4647727272727273,2.8543246854435314,2.8872154762218525
2340,frost/s5,64,0.4375,3.211447238922119,1.4722837209701538,0.4647020725388601,2.8552498734059113,2.88354984991291
2341,frost/s5,64,0.484375,2.7620623111724854,1.5603725910186768,0.4647529069767442,2.8550090786714577,2.880130787228429
2342,frost/s5,64,0.484375,2.898775815963745,1.18660569190979,0.4648034793814433,2.855121879540768,2.8757660318281233
2343,frost/s5,64,0.46875,2.8684191703796387,1.3291218280792236,0.4648136246786632,2.8551560628077057,2.871790082718229
2344,frost/s5,64,0.53125,1.9962538480758667,1.502443790435791,0.4649839743589744,2.8529537494365984,2.868278938379043
2345,frost/s5,40,0.22499999403953552,3.808589458465576,1.7503646612167358,0.4643702045883364,2.8553978305338594,2.865419822580674
2346,gaussian_noise/s5,64,0.15625,5.552369594573975,6.656719207763672,0.15625,5.552369594573975,6.656719207763672
2347,gaussian_noise/s5,64,0.109375,5.619800090789795,6.526397705078125,0.1328125,5.586084842681885,6.591558456420898
2348,gaussian_noise/s5,64,0.09375,5.659775257110596,6.638981342315674,0.11979166666666667,5.610648314158122,6.60736608505249
2349,gaussian_noise/s5,64,0.125,5.556649684906006,6.581964492797852,0.12109375,5.597148656845093,6.601015686988831
2350,gaussian_noise/s5,64,0.1875,5.4398603439331055,6.566324710845947,0.134375,5.565690994262695,6.594077491760254
2351,gaussian_noise/s5,64,0.171875,5.315844535827637,6.5318708419799805,0.140625,5.5240499178568525,6.583709716796875
2352,gaussian_noise/s5,64,0.171875,5.33327054977417,6.460744380950928,0.14508928571428573,5.496795722416469,6.566143240247454
2353,gaussian_noise/s5,64,0.265625,4.902499675750732,6.500491619110107,0.16015625,5.422508716583252,6.557936787605286
2354,gaussian_noise/s5,64,0.109375,5.416679382324219,6.555584907531738,0.1545138888888889,5.421861012776692,6.557675467597114
2355,gaussian_noise/s5,64,0.203125,5.427379131317139,6.556844711303711,0.159375,5.4224128246307375,6.557592391967773
2356,gaussian_noise/s5,64,0.140625,5.584435939788818,6.604938507080078,0.15767045454545456,5.437142198736018,6.56189658425071
2357,gaussian_noise/s5,64,0.234375,5.4049811363220215,6.54110050201416,0.1640625,5.434462110201518,6.560163577397664
2358,gaussian_noise/s5,64,0.109375,5.847106456756592,6.5757646560668945,0.15985576923076922,5.466203983013447,6.561363660372221
2359,gaussian_noise/s5,64,0.171875,5.150289058685303,6.560808181762695,0.16071428571428573,5.443638631275722,6.561323983328683
2360,gaussian_noise/s5,64,0.171875,5.323390960693359,6.479048728942871,0.16145833333333334,5.435622119903565,6.555838966369629
2361,gaussian_noise/s5,64,0.140625,5.402666091918945,6.490769386291504,0.16015625,5.433562368154526,6.551772117614746
2362,gaussian_noise/s5,64,0.15625,5.263171195983887,6.492905616760254,0.15992647058823528,5.423539358026841,6.548309382270364
2363,gaussian_noise/s5,64,0.140625,5.777946949005127,6.576647758483887,0.15885416666666666,5.4432286686367455,6.549883736504449
2364,gaussian_noise/s5,64,0.234375,5.212316989898682,6.589902877807617,0.16282894736842105,5.431075422387374,6.551990007099352
2365,gaussian_noise/s5,64,0.1875,5.322041988372803,6.453896522521973,0.1640625,5.425623750686645,6.547085332870483
2366,gaussian_noise/s5,64,0.1875,5.5042924880981445,6.520330905914307,0.16517857142857142,5.429369881039574,6.545811312539237
2367,gaussian_noise/s5,64,0.125,5.814645767211914,6.589212417602539,0.16335227272727273,5.446882421320135,6.547784090042114
2368,gaussian_noise/s5,64,0.25,5.168440818786621,6.506387710571289,0.1671195652173913,5.434776264688243,6.545984247456426
2369,gaussian_noise/s5,64,0.171875,5.499303340911865,6.499656677246094,0.16731770833333334,5.437464892864227,6.544053932030995
2370,gaussian_noise/s5,64,0.125,5.5179123878479,6.475968360900879,0.165625,5.440682792663575,6.541330509185791
2371,gaussian_noise/s5,64,0.15625,5.381749629974365,6.530601501464844,0.16526442307692307,5.4384161325601434,6.540917855042678
2372,gaussian_noise/s5,64,0.125,5.474724292755127,6.456214904785156,0.16377314814814814,5.439760879234031,6.537780708736843
2373,gaussian_noise/s5,64,0.15625,5.106146335601807,6.378052711486816,0.16350446428571427,5.427846074104309,6.532076137406485
2374,gaussian_noise/s5,64,0.109375,5.551304817199707,6.447530746459961,0.16163793103448276,5.432103272142081,6.529160779097984
2375,gaussian_noise/s5,64,0.296875,4.719435214996338,6.268816947937012,0.16614583333333333,5.408347670237223,6.520482651392618
2376,gaussian_noise/s5,64,0.1875,5.06277322769165,6.433629989624023,0.16683467741935484,5.397200107574463,6.51768095262589
2377,gaussian_noise/s5,64,0.21875,5.107086658477783,6.44819450378418,0.16845703125,5.388134062290192,6.5155095010995865
2378,gaussian_noise/s5,64,0.171875,5.038636684417725,6.259876251220703,0.16856060606060605,5.377543232657692,6.507763038982045
2379,gaussian_noise/s5,64,0.171875,5.056618690490723,6.319666862487793,0.16865808823529413,5.368104275535135,6.502230798496919
2380,gaussian_noise/s5,64,0.21875,5.0814008712768555,6.414361953735352,0.17008928571428572,5.359912749699184,6.4997202600751605
2381,gaussian_noise/s5,64,0.1875,5.3621416091918945,6.515561103820801,0.17057291666666666,5.359974662462871,6.500160283512539
2382,gaussian_noise/s5,64,0.125,5.432300567626953,6.315646171569824,0.16934121621621623,5.361929416656494,6.495173415622196
2383,gaussian_noise/s5,64,0.21875,4.823888301849365,6.276742935180664,0.17064144736842105,5.347770439951043,6.48942524508426
2384,gaussian_noise/s5,64,0.15625,5.195096015930176,6.413913726806641,0.1702724358974359,5.343855711129995,6.487489052307912
2385,gaussian_noise/s5,64,0.15625,5.076200485229492,6.384215831756592,0.169921875,5.337164330482483,6.484907221794129
2386,gaussian_noise/s5,64,0.171875,5.131297588348389,6.3405914306640625,0.16996951219512196,5.332143190430432,6.481387324449493
2387,gaussian_noise/s5,64,0.171875,5.276681900024414,6.399649620056152,0.17001488095238096,5.330822683516002,6.479441188630604
2388,gaussian_noise/s5,64,0.125,5.418490886688232,6.402787208557129,0.16896802325581395,5.332861478938613,6.47765853793122
2389,gaussian_noise/s5,64,0.109375,5.571874141693115,6.417449951171875,0.16761363636363635,5.338293584910306,6.476290160959417
2390,gaussian_noise/s5,64,0.15625,5.3698530197143555,6.454233169555664,0.1673611111111111,5.338994905683729,6.475800005594889
2391,gaussian_noise/s5,64,0.234375,4.809912204742432,6.367735385894775,0.1688179347826087,5.32749310783718,6.473450774731844
2392,gaussian_noise/s5,64,0.203125,5.032174110412598,6.18237829208374,0.16954787234042554,5.321209724913252,6.467257743186139
2393,gaussian_noise/s5,64,0.15625,5.400510787963867,6.278635025024414,0.16927083333333334,5.322861830393474,6.463328103224437
2394,gaussian_noise/s5,64,0.296875,5.011565685272217,6.336650371551514,0.171875,5.3165088478399785,6.460742843394377
2395,gaussian_noise/s5,64,0.171875,5.0017008781433105,6.338306427001953,0.171875,5.310212688446045,6.458294115066528
2396,gaussian_noise/s5,64,0.171875,5.426968097686768,6.500568866729736,0.171875,5.312502010195863,6.459123031765807
2397,gaussian_noise/s5,64,0.125,5.417562484741211,6.323557376861572,0.17097355769230768,5.3145224039371195,6.456515999940725
2398,gaussian_noise/s5,64,0.171875,5.294051170349121,6.391185760498047,0.17099056603773585,5.31413615424678,6.455283353913505
2399,gaussian_noise/s5,64,0.25,4.88529109954834,6.281395435333252,0.1724537037037037,5.306194579159772,6.45206320727313
2400,gaussian_noise/s5,64,0.171875,4.957656383514404,6.1501359939575195,0.17244318181818183,5.299857521057129,6.446573621576483
2401,gaussian_noise/s5,64,0.140625,5.34713077545166,6.378112316131592,0.171875,5.3007016863141745,6.445351098264966
2402,gaussian_noise/s5,64,0.15625,5.320401668548584,6.396693229675293,0.17160087719298245,5.301047300037585,6.444497451447604
2403,gaussian_noise/s5,64,0.15625,5.261564254760742,6.330733299255371,0.1713362068965517,5.3003665578776396,6.442536000547738
2404,gaussian_noise/s5,64,0.234375,4.790347099304199,6.089822769165039,0.17240466101694915,5.291722160274699,6.436557810185319
2405,gaussian_noise/s5,64,0.265625,4.975283622741699,6.343171119689941,0.17395833333333333,5.286448184649149,6.435001365343729
2406,gaussian_noise/s5,64,0.109375,5.123750686645508,6.141068458557129,0.1728995901639344,5.28378101255073,6.430182793101326
2407,gaussian_noise/s5,64,0.25,4.9929938316345215,6.243048667907715,0.1741431451612903,5.2790908967295005,6.427164500759494
2408,gaussian_noise/s5,64,0.15625,5.203920364379883,6.2773051261901855,0.17385912698412698,5.277897713676332,6.424785780528235
2409,gaussian_noise/s5,64,0.125,5.340010643005371,6.3184404373168945,0.173095703125,5.278868228197098,6.423124134540558
2410,gaussian_noise/s5,64,0.171875,5.056499481201172,6.041083335876465,0.17307692307692307,5.275447170551007,6.417246583791879
2411,gaussian_noise/s5,64,0.234375,4.679240703582764,6.113857269287109,0.17400568181818182,5.266413739233306,6.4126497759963526
2412,gaussian_noise/s5,64,0.203125,4.787801742553711,6.1020002365112305,0.17444029850746268,5.259270276596297,6.40801321570553
2413,gaussian_noise/s5,64,0.171875,5.150402545928955,6.366464614868164,0.17440257352941177,5.257669280557072,6.407402206869686
2414,gaussian_noise/s5,64,0.109375,5.129086017608643,6.23991584777832,0.17346014492753623,5.255805755007094,6.40497486833213
2415,gaussian_noise/s5,64,0.234375,4.856507778167725,6.203963756561279,0.17433035714285713,5.250101498195103,6.402103281021118
2416,gaussian_noise/s5,64,0.125,4.8600358963012695,6.158905029296875,0.1736355633802817,5.244607616478289,6.398677953532045
2417,gaussian_noise/s5,64,0.203125,5.094395160675049,6.150256633758545,0.1740451388888889,5.24252133236991,6.395227657424079
2418,gaussian_noise/s5,64,0.15625,5.240875720977783,6.317991256713867,0.1738013698630137,5.2424987897481,6.394169624537637
2419,gaussian_noise/s5,64,0.15625,5.324336051940918,6.319281578063965,0.1735641891891892,5.243604698696652,6.393157623909615
2420,gaussian_noise/s5,64,0.25,4.722965240478516,6.090755462646484,0.17458333333333334,5.236662839253744,6.389125595092773
2421,gaussian_noise/s5,64,0.234375,4.730799674987793,6.048515319824219,0.17537006578947367,5.230006744987087,6.384643880944503
2422,gaussian_noise/s5,64,0.171875,4.969330310821533,6.1187639236450195,0.17532467532467533,5.22662133675117,6.3811908944860685
2423,gaussian_noise/s5,64,0.15625,4.953998565673828,6.163630485534668,0.1750801282051282,5.223126173019409,6.37840165847387
2424,gaussian_noise/s5,64,0.25,4.4393696784973145,5.850166320800781,0.17602848101265822,5.21320520473432,6.371715135212186
2425,gaussian_noise/s5,64,0.171875,5.032517910003662,5.934576988220215,0.1759765625,5.2109466135501865,6.366250908374786
2426,gaussian_noise/s5,64,0.1875,4.639555931091309,6.007704734802246,0.17611882716049382,5.203892407593904,6.361824412404755
2427,gaussian_noise/s5,64,0.1875,4.87202262878418,5.886673450469971,0.17625762195121952,5.199845215169395,6.356029888478721
2428,gaussian_noise/s5,64,0.3125,4.391672611236572,5.7297587394714355,0.17789909638554216,5.190108195844903,6.3484844529485125
2429,gaussian_noise/s5,64,0.140625,5.058830261230469,6.202912330627441,0.17745535714285715,5.188545363289969,6.34675145149231
2430,gaussian_noise/s5,64,0.25,4.782364845275879,5.744481563568115,0.17830882352941177,5.183766768960392,6.3396659233990835
2431,gaussian_noise/s5,64,0.1875,4.671848773956299,5.7145185470581055,0.17841569767441862,5.177814234134763,6.332396767860235
2432,gaussian_noise/s5,64,0.21875,4.80876350402832,5.764888763427734,0.1788793103448276,5.173572271719746,6.3258736873495165
2433,gaussian_noise/s5,64,0.15625,5.238755226135254,6.153915882110596,0.1786221590909091,5.174312987110832,6.323919621380893
2434,gaussian_noise/s5,64,0.25,4.527190685272217,5.5317535400390625,0.17942415730337077,5.167041950011521,6.3150188788939055
2435,gaussian_noise/s5,64,0.171875,4.685190200805664,5.643313407897949,0.17934027777777778,5.161688041687012,6.307555484771728
2436,gaussian_noise/s5,64,0.25,4.422400951385498,5.385709762573242,0.18011675824175824,5.153564007727654,6.297425312000317
2437,gaussian_noise/s5,64,0.1875,4.999019622802734,5.835914611816406,0.18019701086956522,5.151884177456731,6.292408891346144
2438,gaussian_noise/s5,64,0.125,4.821440696716309,5.708957672119141,0.1796034946236559,5.148331021749845,6.286135222322198
2439,gaussian_noise/s5,64,0.1875,4.740619659423828,5.764049530029297,0.1796875,5.143993666831483,6.280581119212698
2440,gaussian_noise/s5,64,0.171875,4.905925750732422,5.777066230773926,0.17960526315789474,5.141487688767283,6.275280962492291
2441,gaussian_noise/s5,64,0.15625,4.669863700866699,5.603634834289551,0.17936197916666666,5.136574938893318,6.268284648656845
2442,gaussian_noise/s5,64,0.125,5.2091827392578125,5.98951530456543,0.17880154639175258,5.137323472917695,6.265410737893016
2443,gaussian_noise/s5,64,0.296875,4.471576690673828,5.69291877746582,0.18000637755102042,5.1305301384050015,6.25956898319478
2444,gaussian_noise/s5,64,0.234375,4.299238204956055,5.5710344314575195,0.18055555555555555,5.122133250188345,6.252614088732787
2445,gaussian_noise/s5,64,0.1875,5.001869201660156,5.642928123474121,0.180625,5.120930609703064,6.2465172290802
2446,gaussian_noise/s5,64,0.1875,4.588033676147461,5.311738967895508,0.1806930693069307,5.115654402440137,6.237261998771441
2447,gaussian_noise/s5,64,0.203125,4.82143497467041,5.757003307342529,0.18091299019607843,5.112769898246317,6.2325535802280205
2448,gaussian_noise/s5,64,0.1875,4.378231525421143,5.398537635803223,0.1809769417475728,5.10563845773345,6.224456338049139
2449,gaussian_noise/s5,64,0.078125,4.9997076988220215,5.615187644958496,0.17998798076923078,5.1046198927439175,6.218597985230959
2450,gaussian_noise/s5,64,0.15625,4.615891933441162,5.511041641235352,0.17976190476190476,5.099965340750558,6.211859353383383
2451,gaussian_noise/s5,64,0.171875,4.9622802734375,5.737029075622559,0.1796875,5.0986664250211895,6.20737982246111
2452,gaussian_noise/s5,64,0.21875,4.7724103927612305,5.300612926483154,0.18005257009345793,5.095617303224367,6.198905365489353
2453,gaussian_noise/s5,64,0.15625,4.621888637542725,5.3220319747924805,0.17983217592592593,5.091230926690279,6.190786167427346
2454,gaussian_noise/s5,64,0.203125,4.454388618469238,5.49075984954834,0.18004587155963303,5.085388336706599,6.18436390763029
2455,gaussian_noise/s5,64,0.21875,4.672725677490234,5.518202781677246,0.18039772727272727,5.08163685798645,6.178307897394354
2456,gaussian_noise/s5,64,0.15625,5.090635776519775,5.323238372802734,0.18018018018018017,5.081717929324588,6.170604568343979
2457,gaussian_noise/s5,64,0.265625,4.573970317840576,5.263777732849121,0.18094308035714285,5.077184468507767,6.162507900169918
2458,gaussian_noise/s5,64,0.21875,4.684128284454346,5.4517974853515625,0.18127765486725664,5.07370609519756,6.15621842747241
2459,gaussian_noise/s5,64,0.265625,4.407796382904053,5.145256042480469,0.18201754385964913,5.067864781931827,6.14735033637599
2460,gaussian_noise/s5,64,0.21875,4.819793701171875,5.258022308349609,0.18233695652173912,5.065707642099132,6.13961704917576
2461,gaussian_noise/s5,64,0.203125,4.369563102722168,5.172370433807373,0.18251616379310345,5.05970639607002,6.131278716284653
2462,gaussian_noise/s5,64,0.21875,4.530348777770996,5.313617706298828,0.1828258547008547,5.055181971981994,6.124290160643748
2463,gaussian_noise/s5,64,0.15625,4.963677406311035,5.348479270935059,0.18260063559322035,5.054406509561054,6.117715492086895
2464,gaussian_noise/s5,64,0.171875,4.794963359832764,5.509783744812012,0.18251050420168066,5.052226315025522,6.112606821941728
2465,gaussian_noise/s5,64,0.25,4.073755741119385,5.222699165344238,0.18307291666666667,5.044072393576304,6.1051909248034155
2466,gaussian_noise/s5,64,0.15625,4.711490154266357,5.128388404846191,0.1828512396694215,5.041323780028288,6.097118176704596
2467,gaussian_noise/s5,64,0.171875,5.081851005554199,5.3122406005859375,0.18276127049180327,5.041655970401451,6.090684753949525
2468,gaussian_noise/s5,64,0.234375,4.442682266235352,5.015691757202148,0.18318089430894308,5.036786265489532,6.081944973488164
2469,gaussian_noise/s5,64,0.265625,3.986558437347412,4.7133283615112305,0.18384576612903225,5.028316686230321,6.070907742746415
2470,gaussian_noise/s5,64,0.171875,4.326521873474121,5.086856842041016,0.18375,5.022702327728272,6.063035335540771
2471,gaussian_noise/s5,64,0.15625,4.605573654174805,5.006031036376953,0.18353174603174602,5.01939178270007,6.054646412531535
2472,gaussian_noise/s5,64,0.15625,4.668266773223877,5.118276596069336,0.18331692913385828,5.016627018845926,6.04727342185073
2473,gaussian_noise/s5,64,0.328125,3.8803210258483887,5.027911186218262,0.1844482421875,5.007749628275633,6.0393096543848515
2474,gaussian_noise/s5,64,0.234375,4.384914875030518,5.017996788024902,0.18483527131782945,5.002921451893887,6.031392500382061
2475,gaussian_noise/s5,64,0.234375,4.4475417137146,4.883273601531982,0.18521634615384616,4.998649300061739,6.022560816544753
2476,gaussian_noise/s5,64,0.125,4.838099956512451,4.9789910316467285,0.18475667938931298,4.997423732553729,6.014594634980646
2477,gaussian_noise/s5,64,0.21875,4.320359706878662,4.803617477416992,0.18501420454545456,4.992294459631949,6.005420565605164
2478,gaussian_noise/s5,64,0.28125,3.995826005935669,4.784517765045166,0.18573778195488722,4.984802215619195,5.996240845300202
2479,gaussian_noise/s5,64,0.25,3.822563648223877,4.628958702087402,0.18621735074626866,4.976128793474453,5.986037247216523
2480,gaussian_noise/s5,64,0.171875,4.690766334533691,4.966342449188232,0.18611111111111112,4.9740149974823,5.978483952416314
2481,gaussian_noise/s5,64,0.265625,3.946742296218872,4.130789756774902,0.18669577205882354,4.966461521737716,5.964897965683656
2482,gaussian_noise/s5,64,0.265625,4.418154716491699,4.673483848571777,0.18727189781021897,4.9624592822833655,5.955471585266782
2483,gaussian_noise/s5,64,0.15625,4.679859638214111,4.9390153884887695,0.18704710144927536,4.960411458775617,5.948105960652448
2484,gaussian_noise/s5,64,0.21875,4.060488700866699,4.618226051330566,0.1872751798561151,4.953937194330229,5.93853847929042
2485,gaussian_noise/s5,64,0.21875,4.235225200653076,4.64963436126709,0.1875,4.948803537232536,5.929332021304539
2486,gaussian_noise/s5,64,0.203125,4.129674434661865,4.384417533874512,0.18761081560283688,4.942994110973169,5.918375180968156
2487,gaussian_noise/s5,64,0.21875,4.423099517822266,4.342719078063965,0.1878301056338028,4.939332881443937,5.907279011229394
2488,gaussian_noise/s5,64,0.203125,4.220094680786133,4.533255100250244,0.18793706293706294,4.934303243677099,5.897670452411358
2489,gaussian_noise/s5,64,0.203125,4.025536060333252,4.45576810836792,0.1880425347222222,4.927992360459434,5.887657241688834
2490,gaussian_noise/s5,64,0.125,4.299252510070801,4.808368682861328,0.18760775862068965,4.923656223560202,5.8802138723176105
2491,gaussian_noise/s5,64,0.21875,4.327277183532715,4.264984607696533,0.1878210616438356,4.919571435614808,5.86915065817637
2492,gaussian_noise/s5,64,0.15625,4.49703311920166,4.580510139465332,0.1876062925170068,4.916697025299072,5.860384396144322
2493,gaussian_noise/s5,64,0.171875,4.127430438995361,4.416440963745117,0.1875,4.911364142959182,5.850628021601084
2494,gaussian_noise/s5,64,0.171875,4.466804504394531,4.770359992980957,0.18739513422818793,4.908380521223849,5.843377900603634
2495,gaussian_noise/s5,64,0.203125,4.302855014801025,4.90003776550293,0.1875,4.904343684514363,5.837088966369629
2496,gaussian_noise/s5,64,0.171875,4.380136013031006,4.592590808868408,0.18739652317880795,4.90087211053103,5.828847256717303
2497,gaussian_noise/s5,64,0.21875,4.298712253570557,4.6704816818237305,0.18760279605263158,4.8969105325247115,5.821226430566687
2498,gaussian_noise/s5,64,0.140625,4.834044933319092,4.657567024230957,0.18729575163398693,4.896499646255394,5.813620813531814
2499,gaussian_noise/s5,64,0.265625,4.303552627563477,4.037631034851074,0.1878043831168831,4.892649340939212,5.802088412371549
2500,gaussian_noise/s5,64,0.234375,3.406761884689331,3.756833553314209,0.18810483870967742,4.883062970253729,5.788893219732469
2501,gaussian_noise/s5,64,0.25,4.542288303375244,4.609536170959473,0.18850160256410256,4.880878517260919,5.781333238650591
2502,gaussian_noise/s5,64,0.25,4.278598785400391,4.477290153503418,0.18889331210191082,4.877042340624864,5.773027231738825
2503,gaussian_noise/s5,64,0.171875,4.447118759155273,4.386058807373047,0.18878560126582278,4.874321305299107,5.764248950571954
2504,gaussian_noise/s5,64,0.140625,4.497896194458008,4.681519031524658,0.18848270440251572,4.871953851771805,5.75743932843958
2505,gaussian_noise/s5,64,0.25,4.201117992401123,3.8277504444122314,0.1888671875,4.867761127650738,5.7453787729144095
2506,gaussian_noise/s5,64,0.203125,4.5103302001953125,4.293241500854492,0.1889557453416149,4.8655410597783435,5.736359286752546
2507,gaussian_noise/s5,64,0.21875,4.009284496307373,3.9832894802093506,0.18913966049382716,4.860255525435931,5.725537868193638
2508,gaussian_noise/s5,64,0.265625,4.292905807495117,4.1328253746032715,0.18960889570552147,4.856774852319729,5.715766625901673
2509,gaussian_noise/s5,64,0.296875,4.068685531616211,4.025736331939697,0.19026295731707318,4.851969429632512,5.705461563133612
2510,gaussian_noise/s5,64,0.203125,4.107163906097412,4.385449409484863,0.1903409090909091,4.847455456762603,5.697461489475135
2511,gaussian_noise/s5,64,0.21875,4.782979965209961,4.145185470581055,0.1905120481927711,4.847067050186984,5.688110429120351
2512,gaussian_noise/s5,64,0.21875,4.536019325256348,3.8831357955932617,0.1906811377245509,4.845204488959855,5.677302197781866
2513,gaussian_noise/s5,64,0.203125,4.3171820640563965,3.738658905029297,0.19075520833333334,4.84206149833543,5.665762654372624
2514,gaussian_noise/s5,64,0.203125,4.548238754272461,4.345359802246094,0.1908284023668639,4.840322902216714,5.657949619744656
2515,gaussian_noise/s5,64,0.203125,3.701125383377075,3.798598527908325,0.19090073529411763,4.8336217403411865,5.647012260380913
2516,gaussian_noise/s5,64,0.265625,4.262056827545166,4.043854713439941,0.1913377192982456,4.8302792554710345,5.6376370700479255
2517,gaussian_noise/s5,64,0.15625,4.710204601287842,3.981489658355713,0.19113372093023256,4.829581147016481,5.628008306026459
2518,gaussian_noise/s5,64,0.125,4.529199600219727,4.12874698638916,0.1907514450867052,4.827844837497424,5.619342055623931
2519,gaussian_noise/s5,64,0.15625,4.558924674987793,3.9808387756347656,0.19055316091954022,4.826299319322082,5.609925370106752
2520,gaussian_noise/s5,64,0.21875,4.185383319854736,3.7453112602233887,0.19071428571428573,4.822636942182268,5.59927043233599
2521,gaussian_noise/s5,64,0.203125,4.404059886932373,4.202810287475586,0.19078480113636365,4.820258663459257,5.591335999694738
2522,gaussian_noise/s5,64,0.21875,4.182769775390625,4.085223197937012,0.1909427966101695,4.816657031323277,5.5828268878204
2523,gaussian_noise/s5,64,0.234375,4.778453826904297,4.092873573303223,0.191186797752809,4.81644240657935,5.57445636358154
2524,gaussian_noise/s5,64,0.21875,4.527499675750732,3.5126402378082275,0.19134078212290503,4.81482820137919,5.562937837739231
2525,gaussian_noise/s5,64,0.21875,4.248208522796631,3.4887142181396484,0.19149305555555557,4.811680314275954,5.551414373185899
2526,gaussian_noise/s5,64,0.1875,4.863415718078613,4.246169090270996,0.19147099447513813,4.811966145236189,5.5442030732802925
2527,gaussian_noise/s5,64,0.265625,4.211544513702393,3.9214205741882324,0.19187843406593408,4.808667125282707,5.535286685922643
2528,gaussian_noise/s5,64,0.1875,4.83579683303833,3.863981246948242,0.1918545081967213,4.808815375051863,5.526153869316226
2529,gaussian_noise/s5,64,0.25,4.094303607940674,3.8571858406066895,0.19217051630434784,4.804932158926259,5.517083390899327
2530,gaussian_noise/s5,64,0.21875,4.298077583312988,3.97611403465271,0.1923141891891892,4.802192404463485,5.508753826811507
2531,gaussian_noise/s5,64,0.234375,4.198386192321777,3.4030885696411133,0.19254032258064516,4.798946134505734,5.497433045858978
2532,gaussian_noise/s5,64,0.203125,4.431056022644043,3.7936594486236572,0.19259692513368984,4.796978807704334,5.488321957103709
2533,gaussian_noise/s5,64,0.25,3.9907219409942627,3.4518418312072754,0.19290226063829788,4.7926902073494935,5.477489616008515
2534,gaussian_noise/s5,64,0.203125,4.153061389923096,3.7931058406829834,0.19295634920634921,4.789305927892211,5.468577532541184
2535,gaussian_noise/s5,64,0.28125,4.10685920715332,3.409959077835083,0.19342105263157894,4.7857141030462165,5.457742698569047
2536,gaussian_noise/s5,64,0.140625,4.583905220031738,3.5162925720214844,0.1931446335078534,4.784657512035669,5.44757803822063
2537,gaussian_noise/s5,64,0.1875,4.3286452293396,3.60640287399292,0.193115234375,4.782282448063294,5.437988584240277
2538,gaussian_noise/s5,64,0.15625,4.724052906036377,3.221053123474121,0.19292422279792745,4.781980740591652,5.426501872008329
2539,gaussian_noise/s5,64,0.234375,4.049363613128662,3.7504613399505615,0.19313788659793815,4.778204363645966,5.417862487822464
2540,gaussian_noise/s5,64,0.203125,4.679379463195801,3.998063564300537,0.19318910256410257,4.777697569284683,5.410581467701839
2541,gaussian_noise/s5,64,0.21875,3.797637701034546,3.520751953125,0.19331951530612246,4.772697263834428,5.4009394803825685
2542,gaussian_noise/s5,64,0.140625,4.273313522338867,3.590531587600708,0.1930520304568528,4.770162320984197,5.3917495926019505
2543,gaussian_noise/s5,64,0.3125,4.208807468414307,3.5923714637756348,0.19365530303030304,4.767327195466167,5.382661824274545
2544,gaussian_noise/s5,64,0.296875,3.769472122192383,3.76008677482605,0.19417399497487436,4.762312848364289,5.374508180809979
2545,gaussian_noise/s5,64,0.296875,4.106081485748291,3.3813254833221436,0.1946875,4.7590316915512085,5.36454226732254
2546,gaussian_noise/s5,64,0.234375,4.454550743103027,3.5036509037017822,0.1948849502487562,4.757516860961914,5.3552841013343775
2547,gaussian_noise/s5,64,0.171875,4.329604148864746,3.6296513080596924,0.1947710396039604,4.755398481199057,5.346741364734007
2548,gaussian_noise/s5,64,0.34375,3.8241262435913086,3.2757182121276855,0.1955049261083744,4.750810933230546,5.3365392802384095
2549,gaussian_noise/s5,64,0.109375,4.500548362731934,3.8377842903137207,0.19508272058823528,4.74958415592418,5.329192442052505
2550,gaussian_noise/s5,64,0.25,4.183197021484375,2.91035532951355,0.19535060975609755,4.746821291853742,5.3173932366254855
2551,gaussian_noise/s5,64,0.28125,3.9929580688476562,3.2120628356933594,0.19576759708737865,4.743161761644974,5.307173186135524
2552,gaussian_noise/s5,64,0.09375,5.103814125061035,3.753206253051758,0.19527475845410627,4.744904043593844,5.299666099502269
2553,gaussian_noise/s5,64,0.1875,4.614830493927002,3.1996543407440186,0.19523737980769232,4.7442786899896765,5.289569889123623
2554,gaussian_noise/s5,64,0.25,4.148922920227051,3.406555652618408,0.1954994019138756,4.741430097789856,5.2805602516283825
2555,gaussian_noise/s5,64,0.203125,4.554767608642578,3.3200948238372803,0.19553571428571428,4.740541228793917,5.271224701972235
2556,gaussian_noise/s5,64,0.28125,4.246051788330078,3.5829076766967773,0.1959419431279621,4.7381976769433765,5.263223199482778
2557,gaussian_noise/s5,64,0.3125,3.6730406284332275,3.191770553588867,0.19649174528301888,4.733173351242857,5.2534521964361085
2558,gaussian_noise/s5,64,0.28125,3.8339200019836426,3.817155599594116,0.19688967136150234,4.72895150453272,5.246709019925113
2559,gaussian_noise/s5,64,0.234375,4.1663498878479,3.6680262088775635,0.19706483644859812,4.726322525015501,5.239331997443583
2560,gaussian_noise/s5,64,0.28125,4.354501724243164,3.18144154548645,0.19745639534883722,4.724593125942142,5.229760413946107
2561,gaussian_noise/s5,64,0.25,4.732873439788818,3.806023120880127,0.1976996527777778,4.724631460728468,5.2231690375893205
2562,gaussian_noise/s5,64,0.234375,4.332849025726318,3.1862540245056152,0.19786866359447006,4.722826011719242,5.213782332459902
2563,gaussian_noise/s5,64,0.21875,3.9789950847625732,3.4205493927001953,0.1979644495412844,4.7194139432469635,5.205556493286693
2564,gaussian_noise/s5,64,0.25,4.26361608505249,3.3844876289367676,0.19820205479452055,4.717332674488085,5.197241110344455
2565,gaussian_noise/s5,64,0.3125,3.5058350563049316,3.1353302001953125,0.19872159090909092,4.711825867132707,5.187868788025596
2566,gaussian_noise/s5,64,0.234375,4.33059024810791,2.9756579399108887,0.1988829185520362,4.710100819082821,5.177858784187973
2567,gaussian_noise/s5,64,0.1875,4.433379173278809,3.4742684364318848,0.19883164414414414,4.708854325182803,5.170184953792675
2568,gaussian_noise/s5,64,0.328125,3.717759132385254,2.989448308944702,0.1994114349775785,4.704409952120931,5.160405865699186
2569,gaussian_noise/s5,64,0.296875,3.4988515377044678,2.9850306510925293,0.19984654017857142,4.699027994913714,5.150694369205406
2570,gaussian_noise/s5,64,0.234375,4.669293403625488,2.9685912132263184,0.2,4.6988958411746555,5.1409961329566105
2571,gaussian_noise/s5,64,0.21875,3.8808395862579346,3.260035276412964,0.2000829646017699,4.695276123232546,5.132673297308187
2572,gaussian_noise/s5,64,0.3125,4.449152946472168,2.8969883918762207,0.20057819383259912,4.6941918801631175,5.122824465125668
2573,gaussian_noise/s5,64,0.28125,4.3182783126831055,3.025097131729126,0.20093201754385964,4.692543136446099,5.113623906645858
2574,gaussian_noise/s5,64,0.234375,4.386631011962891,2.8523762226104736,0.20107805676855894,4.691207275640496,5.10374946261077
2575,gaussian_noise/s5,64,0.171875,4.9656524658203125,2.9066038131713867,0.20095108695652175,4.692400515597799,5.094196655439294
2576,gaussian_noise/s5,64,0.265625,3.916337251663208,2.995173454284668,0.2012310606060606,4.689040934368646,5.085109974914815
2577,gaussian_noise/s5,64,0.265625,4.23726224899292,3.0705723762512207,0.20150862068965517,4.687093612448923,5.076426623196437
2578,gaussian_noise/s5,64,0.28125,3.3718090057373047,2.879427194595337,0.20185085836909872,4.681448614136856,5.066997441099437
2579,gaussian_noise/s5,64,0.265625,4.288349151611328,3.0906052589416504,0.20212339743589744,4.67976870190384,5.058551320662866
2580,gaussian_noise/s5,64,0.234375,4.062917232513428,3.179962635040283,0.20226063829787233,4.677143802034094,5.05055732625596
2581,gaussian_noise/s5,64,0.25,4.26265811920166,3.188166618347168,0.20246292372881355,4.675387506767855,5.042665840205499
2582,gaussian_noise/s5,64,0.203125,4.694416522979736,2.6740822792053223,0.20246571729957805,4.6754677979755,5.032671816741364
2583,gaussian_noise/s5,64,0.265625,4.215658187866211,2.937882423400879,0.2027310924369748,4.67353582482378,5.0238701806348915
2584,gaussian_noise/s5,64,0.21875,4.3566107749938965,2.9878311157226562,0.20279811715481172,4.672209778590182,5.0153511887314925
2585,gaussian_noise/s5,64,0.328125,3.4211668968200684,2.783118486404419,0.2033203125,4.6669970999161405,5.006050219138463
2586,gaussian_noise/s5,64,0.296875,3.7925429344177246,2.9660754203796387,0.2037085062240664,4.6633686593954,4.997585593417472
2587,gaussian_noise/s5,64,0.234375,4.432631015777588,2.964963912963867,0.20383522727272727,4.662415198058136,4.9891863302751025
2588,gaussian_noise/s5,64,0.21875,4.680983543395996,3.1859612464904785,0.2038966049382716,4.662491611001913,4.981765650917963
2589,gaussian_noise/s5,64,0.28125,3.836644411087036,3.1130900382995605,0.20421362704918034,4.659106991330131,4.974107144308872
2590,gaussian_noise/s5,64,0.1875,3.832747459411621,2.944758415222168,0.20414540816326532,4.655734095281484,4.965824088271783
2591,gaussian_noise/s5,64,0.328125,4.131350994110107,2.7234182357788086,0.20464939024390244,4.653602456658836,4.95670861732669
2592,gaussian_noise/s5,64,0.265625,3.993593215942383,2.8436923027038574,0.20489625506072875,4.6509303544697005,4.94815389540514
2593,gaussian_noise/s5,64,0.296875,4.081496238708496,2.568763256072998,0.2052671370967742,4.648634249164212,4.938559578311059
2594,gaussian_noise/s5,64,0.25,4.115832805633545,3.1611361503601074,0.20544678714859438,4.646494484330756,4.93142133161246
2595,gaussian_noise/s5,64,0.25,4.4045023918151855,3.35115385055542,0.205625,4.645526515960693,4.9251002616882325
2596,gaussian_noise/s5,64,0.21875,4.285984992980957,3.380277395248413,0.2056772908366534,4.6440940796141605,4.918945588913572
2597,gaussian_noise/s5,64,0.265625,4.6268768310546875,2.887352466583252,0.20591517857142858,4.644025757199242,4.910883711444007
2598,gaussian_noise/s5,64,0.140625,4.970696449279785,2.898364543914795,0.20565711462450592,4.645316945705489,4.902929090228477
2599,gaussian_noise/s5,64,0.203125,4.361643314361572,2.916559934616089,0.20564714566929135,4.644200120385237,4.895108739222128
2600,gaussian_noise/s5,64,0.203125,4.880483627319336,2.735132932662964,0.20563725490196078,4.645126722373214,4.886638245863073
2601,gaussian_noise/s5,64,0.203125,4.334936141967773,2.7641072273254395,0.20562744140625,4.643915040418506,4.87834710907191
2602,gaussian_noise/s5,64,0.25,3.970928192138672,2.852848529815674,0.20580009727626458,4.641296414549712,4.870465791642898
2603,gaussian_noise/s5,64,0.265625,4.33948278427124,2.832883596420288,0.20603197674418605,4.640126594277316,4.862568186235058
2604,gaussian_noise/s5,64,0.296875,4.558078765869141,3.352412700653076,0.206382722007722,4.639809807295045,4.85673747007451
2605,gaussian_noise/s5,64,0.34375,3.6202006340026855,2.6115384101867676,0.2069110576923077,4.635888233551612,4.848102089074942
2606,gaussian_noise/s5,64,0.125,4.71499490737915,2.8097434043884277,0.2065972222222222,4.6361913242559325,4.840292285685338
2607,gaussian_noise/s5,64,0.234375,4.4028143882751465,3.0368247032165527,0.20670324427480916,4.635300572591883,4.833408821630114
2608,gaussian_noise/s5,64,0.359375,4.146389961242676,2.317798614501953,0.2072837452471483,4.633441596883332,4.823843763808334
2609,gaussian_noise/s5,64,0.203125,4.208895206451416,2.5697882175445557,0.20726799242424243,4.631833466616544,4.815305674617941
2610,gaussian_noise/s5,64,0.203125,4.660761833190918,3.1662113666534424,0.20725235849056603,4.631942630263994,4.809082677229395
2611,gaussian_noise/s5,64,0.390625,3.6364376544952393,2.61861515045166,0.20794172932330826,4.628200130355089,4.800847836903164
2612,gaussian_noise/s5,64,0.234375,4.651585578918457,3.0481863021850586,0.20804073033707865,4.628287716304765,4.794283561492234
2613,gaussian_noise/s5,64,0.328125,4.024623394012451,2.634305238723755,0.20848880597014927,4.626035237490242,4.786223940884889
2614,gaussian_noise/s5,64,0.234375,3.929208755493164,2.8360698223114014,0.20858503717472118,4.6234448044716645,4.778974297321419
2615,gaussian_noise/s5,64,0.328125,3.993802785873413,2.8255109786987305,0.20902777777777778,4.621112796995375,4.771739247993187
2616,gaussian_noise/s5,64,0.25,4.518682956695557,2.659046173095703,0.2091789667896679,4.62073482710497,4.763943332587661
2617,gaussian_noise/s5,64,0.328125,3.7136337757110596,2.4273993968963623,0.20961626838235295,4.617399896768963,4.755353097529972
2618,gaussian_noise/s5,64,0.328125,3.729961395263672,2.464205026626587,0.2100503663003663,4.614149206287259,4.746960613753769
2619,gaussian_noise/s5,64,0.28125,3.835674524307251,2.733844041824341,0.2103102189781022,4.611308057812879,4.739613472980304
2620,gaussian_noise/s5,64,0.171875,4.511787414550781,2.9085845947265625,0.21017045454545455,4.610946164564653,4.73295518615029
2621,gaussian_noise/s5,64,0.34375,4.016390800476074,2.1294631958007812,0.2106544384057971,4.608791978462882,4.723522244156271
2622,gaussian_noise/s5,64,0.28125,3.7063684463500977,2.74100923538208,0.21090929602888087,4.605534131776555,4.716365157481996
2623,gaussian_noise/s5,64,0.140625,5.536114692687988,2.6763837337493896,0.21065647482014388,4.608881543866165,4.709027094806698
2624,gaussian_noise/s5,64,0.3125,3.920267105102539,2.8545398712158203,0.2110215053763441,4.6064133917559005,4.702380187195262
2625,gaussian_noise/s5,64,0.1875,4.850121021270752,3.0140597820281982,0.2109375,4.607283776147025,4.696350471462522
2626,gaussian_noise/s5,64,0.203125,4.850749492645264,2.757561206817627,0.2109096975088968,4.608150202184385,4.689450865538519
2627,gaussian_noise/s5,64,0.15625,4.7051005363464355,2.788224935531616,0.21071586879432624,4.608493997695598,4.682708929616509
2628,gaussian_noise/s5,64,0.28125,4.146174907684326,3.271376848220825,0.21096510600706714,4.606860361335134,4.677721890459633
2629,gaussian_noise/s5,64,0.25,4.527491092681885,2.7166733741760254,0.2111025528169014,4.606580892079313,4.670816790050184
2630,gaussian_noise/s5,64,0.296875,3.564725399017334,2.6042568683624268,0.21140350877192982,4.602925258770323,4.663565702605665
2631,gaussian_noise/s5,64,0.296875,4.158832550048828,2.8087034225463867,0.21170236013986013,4.601372487061507,4.657080170157906
2632,gaussian_noise/s5,64,0.265625,3.9445748329162598,2.864257335662842,0.21189024390243902,4.599083993493057,4.650833400699735
2633,gaussian_noise/s5,64,0.3125,4.405091762542725,2.7807559967041016,0.21223958333333334,4.598410409357813,4.644340076380306
2634,gaussian_noise/s5,64,0.234375,4.409181594848633,2.9414544105529785,0.21231617647058823,4.597755638373352,4.638447738436267
2635,gaussian_noise/s5,64,0.25,4.387058258056641,2.3618290424346924,0.21244612068965518,4.597029095682605,4.630597329139709
2636,gaussian_noise/s5,64,0.25,3.7609429359436035,2.6188173294067383,0.21257517182130584,4.594155947367351,4.623683995807294
2637,gaussian_noise/s5,64,0.21875,4.698787689208984,2.5885567665100098,0.2125963184931507,4.594514275250369,4.616714382008331
2638,gaussian_noise/s5,64,0.234375,4.30201530456543,2.419417142868042,0.21267064846416384,4.593515985248032,4.609215074024917
2639,gaussian_noise/s5,64,0.296875,3.804215669631958,2.285033702850342,0.21295705782312926,4.590831290296957,4.601309695211397
2640,gaussian_noise/s5,64,0.3125,4.202191352844238,2.225520610809326,0.21329449152542374,4.589513866780168,4.59325617289139
2641,gaussian_noise/s5,64,0.203125,4.188417434692383,2.631077289581299,0.21326013513513514,4.588158811266358,4.586627190177505
2642,gaussian_noise/s5,64,0.234375,4.642358779907227,2.3004627227783203,0.21333122895622897,4.588341302743263,4.578929666718248
2643,gaussian_noise/s5,64,0.34375,3.8957509994506836,2.212467670440674,0.21376887583892618,4.586017174208724,4.570988519079733
2644,gaussian_noise/s5,64,0.21875,3.911471366882324,2.25753116607666,0.21378553511705686,4.583761168164155,4.56325120351785
2645,gaussian_noise/s5,64,0.28125,4.3222808837890625,2.4846420288085938,0.21401041666666668,4.582889567216237,4.5563225062688195
2646,gaussian_noise/s5,64,0.203125,4.532812595367432,2.640486240386963,0.21397425249169436,4.582723198538999,4.5499576017310055
2647,gaussian_noise/s5,64,0.28125,4.306028366088867,2.445899486541748,0.21419701986754966,4.581806990484528,4.542990521879386
2648,gaussian_noise/s5,64,0.296875,4.375782012939453,2.3825411796569824,0.21446988448844884,4.5811270400635875,4.535860326030467
2649,gaussian_noise/s5,64,0.15625,5.05100154876709,2.5633273124694824,0.21427837171052633,4.5826726798948485,4.529371730591121
2650,gaussian_noise/s5,64,0.1875,5.076766490936279,2.6302943229675293,0.2141905737704918,4.584292659603181,4.523145247287437
2651,gaussian_noise/s5,64,0.265625,4.110358715057373,2.169064998626709,0.21435866013071894,4.5827438558628355,4.515452174579396
2652,gaussian_noise/s5,64,0.203125,4.657884120941162,2.7066307067871094,0.2143220684039088,4.582988612426608,4.50956024797421
2653,gaussian_noise/s5,64,0.234375,3.963353395462036,2.493654727935791,0.21438717532467533,4.580976809774127,4.503015100181877
2654,gaussian_noise/s5,64,0.203125,4.5314435958862305,2.5005266666412354,0.21435072815533981,4.580816508111059,4.496534555089513
2655,gaussian_noise/s5,64,0.28125,4.075818061828613,2.4764671325683594,0.21456653225806452,4.579187480864986,4.4900182085652505
2656,gaussian_noise/s5,64,0.34375,3.748408079147339,2.4145030975341797,0.21498191318327975,4.57651616446075,4.483344526536212
2657,gaussian_noise/s5,64,0.28125,4.056705474853516,2.6328933238983154,0.2151943108974359,4.574850104558162,4.477413593194424
2658,gaussian_noise/s5,64,0.296875,3.947065591812134,2.3303914070129395,0.2154552715654952,4.572844403239484,4.470554097391926
2659,gaussian_noise/s5,64,0.234375,4.366796970367432,2.413954734802246,0.215515525477707,4.572188201223969,4.464004417893234
2660,gaussian_noise/s5,64,0.171875,4.769547939300537,2.615504741668701,0.21537698412698414,4.572814740075005,4.458136164952839
2661,gaussian_noise/s5,64,0.265625,3.9628965854644775,2.3836705684661865,0.21553599683544303,4.570884619332567,4.451571400406994
2662,gaussian_noise/s5,64,0.34375,3.7497451305389404,2.2835044860839844,0.21594045741324921,4.568294273942051,4.444732072601559
2663,gaussian_noise/s5,64,0.265625,3.8112387657165527,2.4767794609069824,0.21609669811320756,4.565913596243228,4.438543542376104
2664,gaussian_noise/s5,64,0.234375,4.0196356773376465,2.5862221717834473,0.21615399686520376,4.564201126278007,4.43273689231155
2665,gaussian_noise/s5,64,0.21875,4.620042324066162,2.4603793621063232,0.216162109375,4.564375630021095,4.426573275029659
2666,gaussian_noise/s5,64,0.203125,4.480824947357178,2.414635181427002,0.2161214953271028,4.564115347520585,4.420305555111894
2667,gaussian_noise/s5,64,0.234375,4.482017993927002,1.9780641794204712,0.21617818322981366,4.563860386795139,4.412720954566268
2668,gaussian_noise/s5,64,0.265625,4.117950439453125,2.470698833465576,0.2163312693498452,4.562479860642377,4.40670850217896
2669,gaussian_noise/s5,64,0.234375,4.549560546875,2.340177536010742,0.21638695987654322,4.562439986217169,4.400330320184613
2670,gaussian_noise/s5,64,0.28125,4.131378173828125,2.5577585697174072,0.21658653846153847,4.561113642179049,4.394660868644714
2671,gaussian_noise/s5,64,0.171875,4.9094414710998535,2.472238063812256,0.2164493865030675,4.562182132451812,4.388763866175903
2672,gaussian_noise/s5,64,0.234375,4.307612895965576,2.3481950759887695,0.21650420489296637,4.561403633257664,4.382523594646279
2673,gaussian_noise/s5,64,0.25,4.440268039703369,2.5507078170776367,0.2166063262195122,4.561034317423657,4.376938790446374
2674,gaussian_noise/s5,64,0.234375,4.541539192199707,2.526984214782715,0.21666033434650456,4.560975061723889,4.371315828210315
2675,gaussian_noise/s5,64,0.234375,4.593935489654541,2.128211498260498,0.21671401515151514,4.561074941808527,4.364518542361982
2676,gaussian_noise/s5,64,0.28125,4.113168716430664,2.2808775901794434,0.21690898791540786,4.559721750795301,4.358223554591038
2677,gaussian_noise/s5,64,0.296875,3.544796943664551,2.2586007118225098,0.21714984939759036,4.5566647483641844,4.351899389401976
2678,gaussian_noise/s5,64,0.1875,4.567204475402832,2.2088143825531006,0.2170608108108108,4.556696399196132,4.345463698690718
2679,gaussian_noise/s5,64,0.3125,4.225696563720703,2.4926981925964355,0.21734655688622753,4.555705381724649,4.339916496576663
2680,gaussian_noise/s5,64,0.421875,3.2223269939422607,1.8414582014083862,0.2179570895522388,4.551725147731268,4.332458412113474
2681,gaussian_noise/s5,64,0.359375,3.5554847717285156,2.1201119422912598,0.2183779761904762,4.548760146612213,4.325874047619956
2682,gaussian_noise/s5,64,0.234375,4.440306663513184,1.983628749847412,0.21842544510385756,4.548438326187586,4.318923764837248
2683,gaussian_noise/s5,64,0.21875,4.101815700531006,2.4022698402404785,0.21842640532544377,4.5471169574726265,4.313253191095837
2684,gaussian_noise/s5,64,0.25,4.115298271179199,2.218860626220703,0.21851954277286137,4.545843156038132,4.307075041936914
2685,gaussian_noise/s5,64,0.359375,3.7737886905670166,2.2887423038482666,0.21893382352941176,4.543572407610276,4.30113876917783
2686,gaussian_noise/s5,64,0.3125,3.86413836479187,2.1775221824645996,0.21920821114369501,4.541579932411395,4.294911154554037
2687,gaussian_noise/s5,64,0.34375,4.555100440979004,2.350013017654419,0.21957236842105263,4.541619466062178,4.289224317896436
2688,gaussian_noise/s5,64,0.328125,4.475576400756836,2.25913143157959,0.21988884839650147,4.541426920682278,4.283305679743909
2689,gaussian_noise/s5,64,0.296875,4.247476577758789,2.339712619781494,0.2201126453488372,4.5405724138714545,4.277655699918436
2690,gaussian_noise/s5,64,0.28125,3.681108236312866,2.2603330612182617,0.22028985507246376,4.538081213356792,4.271808387922204
2691,gaussian_noise/s5,64,0.28125,4.001067161560059,2.006381034851074,0.22046604046242774,4.536529149623275,4.265260910023154
2692,gaussian_noise/s5,64,0.203125,4.675136566162109,2.424067974090576,0.22041606628242075,4.53692859462771,4.259954878507498
2693,gaussian_noise/s5,64,0.234375,4.41329288482666,2.164104461669922,0.22045617816091953,4.536573319599547,4.253932319838425
2694,gaussian_noise/s5,64,0.171875,4.84467077255249,2.4475855827331543,0.2203169770773639,4.5374561203243395,4.248756541222078
2695,gaussian_noise/s5,64,0.265625,4.21600341796875,2.392585039138794,0.22044642857142857,4.536537684031895,4.243453194073268
2696,gaussian_noise/s5,64,0.234375,4.258020877838135,2.3688533306121826,0.2204861111111111,4.535744188857554,4.238112453721527
2697,gaussian_noise/s5,64,0.21875,4.590740203857422,2.5199742317199707,0.22048117897727273,4.535900427536531,4.233231379227205
2698,gaussian_noise/s5,64,0.296875,3.958261251449585,2.291926622390747,0.22069759206798867,4.534264055932885,4.2277319323239855
2699,gaussian_noise/s5,64,0.28125,3.905334234237671,2.406646728515625,0.2208686440677966,4.5324874180184915,4.222587623838651
2700,gaussian_noise/s5,64,0.390625,3.18430233001709,2.0743017196655273,0.22134683098591548,4.528689713545249,4.216536114249431
2701,gaussian_noise/s5,64,0.34375,3.5119614601135254,2.2692928314208984,0.22169066011235955,4.525833735305272,4.211066329747103
2702,gaussian_noise/s5,64,0.21875,3.8830511569976807,1.9983394145965576,0.22168242296918766,4.524033223881441,4.204868215138839
2703,gaussian_noise/s5,64,0.265625,4.243274688720703,1.793748140335083,0.22180516759776536,4.523248982163115,4.19813324286285
2704,gaussian_noise/s5,64,0.25,4.444136142730713,2.331301689147949,0.22188370473537605,4.523028612136841,4.192933154969494
2705,gaussian_noise/s5,64,0.28125,4.112619400024414,2.205202579498291,0.2220486111111111,4.5218885865476395,4.187411681148741
2706,gaussian_noise/s5,64,0.203125,4.541586399078369,2.3870625495910645,0.22199619113573407,4.521943151125287,4.182424564440825
2707,gaussian_noise/s5,64,0.234375,4.361944675445557,2.073227882385254,0.2220303867403315,4.52150116638584,4.176598054269401
2708,gaussian_noise/s5,64,0.125,4.677743434906006,2.649637222290039,0.22176308539944903,4.521931585858348,4.172391550600036
2709,gaussian_noise/s5,64,0.234375,4.657355785369873,2.270927906036377,0.22179773351648352,4.5223036303625,4.167167749378708
2710,gaussian_noise/s5,64,0.21875,4.708224296569824,2.3255932331085205,0.22178938356164385,4.522813002050739,4.162122339745091
2711,gaussian_noise/s5,64,0.234375,4.007359027862549,2.313480854034424,0.22182377049180327,4.521404657858969,4.157071406724023
2712,gaussian_noise/s5,64,0.265625,4.329728603363037,2.3355298042297363,0.22194311989100818,4.520882379781323,4.152108078106872
2713,gaussian_noise/s5,64,0.328125,4.085150241851807,2.07773494720459,0.22223165760869565,4.519698325058688,4.146471194598986
2714,gaussian_noise/s5,64,0.25,5.028509140014648,2.094679832458496,0.2223069105691057,4.52107721615613,4.140910784403483
2715,gaussian_noise/s5,64,0.25,4.2285590171813965,2.475658893585205,0.22238175675675675,4.520286626429171,4.136410103617488
2716,gaussian_noise/s5,64,0.203125,4.649494171142578,2.195794105529785,0.22232985175202155,4.520634894743763,4.131179332733154
2717,gaussian_noise/s5,64,0.25,4.714040279388428,2.142171859741211,0.22240423387096775,4.521154801691732,4.125832538450918
2718,gaussian_noise/s5,64,0.25,4.550009250640869,2.0100951194763184,0.22247821715817695,4.521232159463714,4.120160320169485
2719,gaussian_noise/s5,64,0.265625,4.31126070022583,2.235887050628662,0.22259358288770054,4.5206707384497085,4.115122156347183
2720,gaussian_noise/s5,64,0.28125,3.987725257873535,2.2831711769104004,0.22275,4.519249550501505,4.110236953735352
2721,gaussian_noise/s5,64,0.296875,4.456232070922852,2.146486759185791,0.2229471409574468,4.519081950821775,4.10501421385623
2722,gaussian_noise/s5,64,0.265625,3.8320233821868896,2.094195604324341,0.22306034482758622,4.517259514300197,4.099680477491424
2723,gaussian_noise/s5,64,0.34375,3.9434421062469482,1.922461748123169,0.22337962962962962,4.515741478829157,4.093920639583042
2724,gaussian_noise/s5,64,0.328125,3.989292621612549,2.2370316982269287,0.22365600263852242,4.51435243171249,4.089021196466008
2725,gaussian_noise/s5,64,0.25,4.136258602142334,2.2236485481262207,0.22372532894736843,4.5133574479504635,4.08411232107564
2726,gaussian_noise/s5,64,0.265625,4.5143303871154785,2.2052001953125,0.22383530183727035,4.513360001596566,4.079180793186498
2727,gaussian_noise/s5,64,0.28125,4.483646869659424,2.0541741847991943,0.22398560209424084,4.513282218528667,4.073879728766636
2728,gaussian_noise/s5,64,0.21875,5.061901092529297,2.1121180057525635,0.2239719321148825,4.514714643787155,4.068757635495059
2729,gaussian_noise/s5,64,0.390625,4.106619358062744,2.005131959915161,0.22440592447916666,4.513651895647247,4.063383610298236
2730,gaussian_noise/s5,64,0.3125,4.48181676864624,2.109822988510132,0.22463474025974026,4.513569207005687,4.05830942686502
2731,gaussian_noise/s5,64,0.359375,3.6680126190185547,2.2086591720581055,0.22498380829015543,4.511378645896912,4.05351758682666
2732,gaussian_noise/s5,64,0.21875,4.243458271026611,2.358767032623291,0.22496770025839793,4.510686345186652,4.0491383864282025
2733,gaussian_noise/s5,64,0.21875,4.3665313720703125,1.9640305042266846,0.22495167525773196,4.510314811750786,4.043764397041085
2734,gaussian_noise/s5,64,0.265625,4.4582929611206055,2.174579620361328,0.22505623393316196,4.510181079486955,4.03895929478741
2735,gaussian_noise/s5,64,0.234375,4.029731273651123,2.0769927501678467,0.2250801282051282,4.508949156907889,4.033928611339667
2736,gaussian_noise/s5,40,0.25,4.934844017028809,2.405569076538086,0.22514386189258312,4.510038402074438,4.02976400894887
2737,glass_blur/s5,64,0.234375,5.111282825469971,6.351064682006836,0.234375,5.111282825469971,6.351064682006836
2738,glass_blur/s5,64,0.078125,5.623595714569092,6.4712724685668945,0.15625,5.367439270019531,6.411168575286865
2739,glass_blur/s5,64,0.09375,5.352991580963135,6.392586708068848,0.13541666666666666,5.362623373667399,6.404974619547526
2740,glass_blur/s5,64,0.140625,5.522868633270264,6.355860710144043,0.13671875,5.402684688568115,6.392696142196655
2741,glass_blur/s5,64,0.171875,5.388694763183594,6.350024223327637,0.14375,5.399886703491211,6.384161758422851
2742,glass_blur/s5,64,0.109375,5.1927876472473145,6.254462718963623,0.13802083333333334,5.3653701941172285,6.3625452518463135
2743,glass_blur/s5,64,0.140625,5.257647514343262,6.31076717376709,0.13839285714285715,5.349981239863804,6.355148383549282
2744,glass_blur/s5,64,0.15625,5.272514820098877,6.381875038146973,0.140625,5.3402979373931885,6.358489215373993
2745,glass_blur/s5,64,0.15625,5.259659767150879,6.326059341430664,0.1423611111111111,5.331338140699598,6.354885896046956
2746,glass_blur/s5,64,0.203125,5.151931285858154,6.294432640075684,0.1484375,5.313397455215454,6.348840570449829
2747,glass_blur/s5,64,0.171875,5.150488376617432,6.355727195739746,0.15056818181818182,5.2985875389792705,6.349466627294367
2748,glass_blur/s5,64,0.03125,5.369792938232422,6.253398895263672,0.140625,5.304521322250366,6.341460982958476
2749,glass_blur/s5,64,0.078125,5.614553451538086,6.365939140319824,0.13581730769230768,5.328369947580191,6.343343918140118
2750,glass_blur/s5,64,0.15625,5.110703468322754,6.3447980880737305,0.13727678571428573,5.312822341918945,6.34344778742109
2751,glass_blur/s5,64,0.15625,5.199021339416504,6.304035663604736,0.13854166666666667,5.305235608418783,6.3408203125
2752,glass_blur/s5,64,0.296875,4.590092658996582,6.153265953063965,0.1484375,5.260539174079895,6.329098165035248
2753,glass_blur/s5,64,0.25,5.004279136657715,6.26016902923584,0.15441176470588236,5.2454650542315315,6.325043509988224
2754,glass_blur/s5,64,0.109375,5.47351598739624,6.324951171875,0.1519097222222222,5.258134550518459,6.325038380093044
2755,glass_blur/s5,64,0.265625,4.882561683654785,6.265417098999023,0.15789473684210525,5.238367557525635,6.321900417930202
2756,glass_blur/s5,64,0.203125,5.304731845855713,6.34085750579834,0.16015625,5.241685771942139,6.322848272323609
2757,glass_blur/s5,64,0.140625,5.038142681121826,6.199324131011963,0.15922619047619047,5.231993243807838,6.3169661703563875
2758,glass_blur/s5,64,0.15625,5.255379676818848,6.29371976852417,0.1590909090909091,5.233056263490156,6.31590951572765
2759,glass_blur/s5,64,0.25,5.163442134857178,6.225393772125244,0.16304347826086957,5.230029562245244,6.311974048614502
2760,glass_blur/s5,64,0.15625,5.259512901306152,6.243828296661377,0.16276041666666666,5.231258034706116,6.309134642283122
2761,glass_blur/s5,64,0.203125,4.747041702270508,6.195461273193359,0.164375,5.2118893814086915,6.304587707519532
2762,glass_blur/s5,64,0.15625,5.117301940917969,6.18404483795166,0.1640625,5.208251402928279,6.299951443305383
2763,glass_blur/s5,64,0.171875,5.084108352661133,6.132790565490723,0.16435185185185186,5.203653512177644,6.293760299682617
2764,glass_blur/s5,64,0.140625,5.067487716674805,6.221856117248535,0.16350446428571427,5.198790448052542,6.291192293167114
2765,glass_blur/s5,64,0.15625,5.227880001068115,6.19529390335083,0.1632543103448276,5.1997935360875625,6.287885452138966
2766,glass_blur/s5,64,0.203125,4.799948215484619,6.111989974975586,0.16458333333333333,5.1864653587341305,6.282022269566854
2767,glass_blur/s5,64,0.140625,5.005903244018555,6.089724540710449,0.16381048387096775,5.1806407743884675,6.275819117023099
2768,glass_blur/s5,64,0.21875,4.8432416915893555,6.143856048583984,0.16552734375,5.170097053050995,6.2716952711343765
2769,glass_blur/s5,64,0.140625,5.115668773651123,6.185635566711426,0.16477272727272727,5.168447711250999,6.269087401303378
2770,glass_blur/s5,64,0.15625,4.868021488189697,6.096933364868164,0.1645220588235294,5.159611645866843,6.264024047290578
2771,glass_blur/s5,64,0.1875,4.911022186279297,6.094468593597412,0.16517857142857142,5.152509089878627,6.259179605756487
2772,glass_blur/s5,64,0.15625,5.168362617492676,6.148141860961914,0.16493055555555555,5.152949465645684,6.256095223956638
2773,glass_blur/s5,64,0.109375,5.2405171394348145,6.188651084899902,0.16342905405405406,5.155316159531877,6.254272409387537
2774,glass_blur/s5,64,0.234375,4.62848424911499,6.037448883056641,0.16529605263157895,5.141452161889327,6.248566527115671
2775,glass_blur/s5,64,0.171875,5.077490329742432,6.157779693603516,0.16546474358974358,5.1398121149112015,6.246238659589719
2776,glass_blur/s5,64,0.1875,4.884766578674316,6.097524166107178,0.166015625,5.13343597650528,6.242520797252655
2777,glass_blur/s5,64,0.171875,4.927001953125,6.109675407409668,0.16615853658536586,5.1284010003252725,6.23928066579307
2778,glass_blur/s5,64,0.25,5.002385139465332,6.188442230224609,0.16815476190476192,5.12540062268575,6.238070226850963
2779,glass_blur/s5,64,0.171875,5.295027256011963,6.079208850860596,0.16824127906976744,5.129345428111941,6.234375776246536
2780,glass_blur/s5,64,0.125,5.292126655578613,6.15728759765625,0.16725852272727273,5.133045001463457,6.232623772187666
2781,glass_blur/s5,64,0.21875,4.93427038192749,6.107253074645996,0.1684027777777778,5.128627787695991,6.229837756686741
2782,glass_blur/s5,64,0.15625,4.94348669052124,6.092967987060547,0.16813858695652173,5.12460298123567,6.226862326912258
2783,glass_blur/s5,64,0.171875,5.030993461608887,6.046538829803467,0.16821808510638298,5.1226112893287175,6.223025656761007
2784,glass_blur/s5,64,0.140625,5.2640581130981445,6.120615482330322,0.16764322916666666,5.125558098157247,6.220892111460368
2785,glass_blur/s5,64,0.171875,4.933207035064697,6.063661575317383,0.1677295918367347,5.121632566257399,6.21768332500847
2786,glass_blur/s5,64,0.15625,5.331834316253662,6.148801803588867,0.1675,5.125836601257324,6.216305694580078
2787,glass_blur/s5,64,0.15625,4.909022808074951,6.106723785400391,0.16727941176470587,5.121585350410611,6.214157029694202
2788,glass_blur/s5,64,0.15625,5.07574462890625,6.061454772949219,0.16706730769230768,5.120703798073989,6.211220447833721
2789,glass_blur/s5,64,0.140625,5.249416351318359,6.089703559875488,0.1665683962264151,5.123132336814448,6.208927676362811
2790,glass_blur/s5,64,0.125,4.746929168701172,6.087253570556641,0.1657986111111111,5.116165611479017,6.206674452181216
2791,glass_blur/s5,64,0.078125,5.635650634765625,6.123307228088379,0.16420454545454546,5.125610793720592,6.205158684470437
2792,glass_blur/s5,64,0.140625,5.378689289093018,6.111520767211914,0.16378348214285715,5.130130052566528,6.203486578805106
2793,glass_blur/s5,64,0.171875,5.068243503570557,6.0891265869140625,0.16392543859649122,5.129044323636775,6.201480263157895
2794,glass_blur/s5,64,0.1875,5.1593523025512695,6.0695061683654785,0.16433189655172414,5.129566874997369,6.19920484773044
2795,glass_blur/s5,64,0.171875,4.980476379394531,5.927609443664551,0.16445974576271186,5.127039917444779,6.194601535797119
2796,glass_blur/s5,64,0.140625,5.052175521850586,6.049411296844482,0.1640625,5.125792177518209,6.1921816984812414
2797,glass_blur/s5,64,0.1875,5.070690155029297,5.899211406707764,0.16444672131147542,5.124888865674128,6.187378906812824
2798,glass_blur/s5,64,0.15625,4.895196914672852,5.831426620483398,0.16431451612903225,5.121184156787011,6.181637740904285
2799,glass_blur/s5,64,0.171875,4.912878513336182,5.9241838455200195,0.1644345238095238,5.117877718002077,6.1775511711362805
2800,glass_blur/s5,64,0.15625,5.280005931854248,6.105469226837158,0.164306640625,5.120410971343517,6.176424890756607
2801,glass_blur/s5,64,0.125,5.148337364196777,6.023845672607422,0.16370192307692308,5.120840608156644,6.174077518169696
2802,glass_blur/s5,64,0.203125,4.727179050445557,5.836727142333984,0.16429924242424243,5.114876039100416,6.1689661488388525
2803,glass_blur/s5,64,0.234375,4.705058574676514,5.777061462402344,0.16534514925373134,5.108759360526925,6.163116825160696
2804,glass_blur/s5,64,0.09375,5.220982074737549,6.006774425506592,0.16429227941176472,5.110409694559434,6.1608176722246055
2805,glass_blur/s5,64,0.1875,4.9336066246032715,5.808647155761719,0.1646286231884058,5.107847331226736,6.155713751696158
2806,glass_blur/s5,64,0.140625,5.0534348487854,5.990638256072998,0.16428571428571428,5.107070010049003,6.153355530330113
2807,glass_blur/s5,64,0.171875,4.955122470855713,5.946337699890137,0.1643926056338028,5.104929903863182,6.150439786239409
2808,glass_blur/s5,64,0.15625,5.2955522537231445,5.990015029907227,0.1642795138888889,5.107577436500126,6.148211664623684
2809,glass_blur/s5,64,0.15625,4.699911117553711,5.983398914337158,0.1641695205479452,5.101992966377572,6.14595395571565
2810,glass_blur/s5,64,0.140625,5.274845123291016,5.965366363525391,0.16385135135135134,5.104328806335862,6.143513582848214
2811,glass_blur/s5,64,0.21875,4.77119255065918,5.8971710205078125,0.16458333333333333,5.0998869895935055,6.140229015350342
2812,glass_blur/s5,64,0.234375,4.804587364196777,5.744096755981445,0.16550164473684212,5.0960014682067065,6.135016748779698
2813,glass_blur/s5,64,0.203125,4.729278087615967,6.0047502517700195,0.16599025974025974,5.091238826900334,6.133324976091261
2814,glass_blur/s5,64,0.203125,4.7353596687316895,5.812395095825195,0.16646634615384615,5.086676273590479,6.129210490446824
2815,glass_blur/s5,64,0.203125,4.69376277923584,5.714930057525635,0.16693037974683544,5.081702685054345,6.123966434333898
2816,glass_blur/s5,64,0.140625,4.715134143829346,5.659793376922607,0.1666015625,5.077120578289032,6.118164271116257
2817,glass_blur/s5,64,0.140625,5.028442859649658,5.777414321899414,0.16628086419753085,5.076519618799657,6.113957481619752
2818,glass_blur/s5,64,0.171875,4.92549467086792,5.762661933898926,0.16634908536585366,5.074677851141953,6.109673389574376
2819,glass_blur/s5,64,0.265625,4.398758411407471,5.657912254333496,0.16754518072289157,5.066534243434308,6.10423048433051
2820,glass_blur/s5,64,0.21875,4.675250053405762,5.9007415771484375,0.16815476190476192,5.061876098314921,6.101807997340248
2821,glass_blur/s5,64,0.140625,5.244446754455566,5.704058647155762,0.16783088235294116,5.064023988387164,6.097128593220431
2822,glass_blur/s5,64,0.109375,5.193500518798828,5.791743278503418,0.16715116279069767,5.065529529438463,6.093577601188837
2823,glass_blur/s5,64,0.21875,4.543758869171143,5.656317710876465,0.16774425287356323,5.059532165527344,6.08855162543812
2824,glass_blur/s5,64,0.140625,5.360663414001465,5.826559066772461,0.16743607954545456,5.062954111532732,6.085574437271465
2825,glass_blur/s5,64,0.28125,4.6677680015563965,5.706191062927246,0.16871488764044945,5.0585138181622105,6.0813117027282715
2826,glass_blur/s5,64,0.140625,5.18736457824707,5.75921630859375,0.1684027777777778,5.059945493274265,6.0777328650156655
2827,glass_blur/s5,64,0.1875,4.714196681976318,5.525123596191406,0.16861263736263737,5.056146055787474,6.071660235687927
2828,glass_blur/s5,64,0.203125,4.475607872009277,5.50132417678833,0.16898777173913043,5.049835858137711,6.065460930699888
2829,glass_blur/s5,64,0.15625,4.808465003967285,5.517035484313965,0.1688508064516129,5.047240472608997,6.059563882889286
2830,glass_blur/s5,64,0.171875,4.828015327453613,5.869902610778809,0.16888297872340424,5.044908290213727,6.057546209781728
2831,glass_blur/s5,64,0.25,4.2543182373046875,5.232388496398926,0.16973684210526316,5.03658628965679,6.04886033911454
2832,glass_blur/s5,64,0.171875,4.618095874786377,5.587311744689941,0.16975911458333334,5.032227014501889,6.044052541255951
2833,glass_blur/s5,64,0.171875,5.0521931648254395,5.457747936248779,0.16978092783505155,5.032432851103163,6.038008163884743
2834,glass_blur/s5,64,0.140625,4.9504923820495605,5.515517234802246,0.16948341836734693,5.0315967238679224,6.032676623792065
2835,glass_blur/s5,64,0.1875,4.909893035888672,5.6514482498168945,0.16966540404040403,5.030367393686314,6.02882583213575
2836,glass_blur/s5,64,0.078125,5.390589237213135,5.733553886413574,0.16875,5.033969612121582,6.025873112678528
2837,glass_blur/s5,64,0.125,4.916053771972656,5.550151824951172,0.16831683168316833,5.032802128555751,6.021163000918851
2838,glass_blur/s5,64,0.15625,4.771045207977295,5.562539100646973,0.16819852941176472,5.030235884236355,6.016666688171088
2839,glass_blur/s5,64,0.109375,4.6234636306762695,5.410984039306641,0.16762742718446602,5.02628663905616,6.010786274104443
2840,glass_blur/s5,64,0.140625,4.671185493469238,5.3209075927734375,0.16736778846153846,5.022872204963978,6.00415282524549
2841,glass_blur/s5,64,0.1875,4.772988319396973,5.4909515380859375,0.1675595238095238,5.020492358434768,5.999265193939209
2842,glass_blur/s5,64,0.1875,4.7517194747924805,5.267453670501709,0.16774764150943397,5.017956765192859,5.992361311642629
2843,glass_blur/s5,64,0.140625,4.765899181365967,5.336008548736572,0.16749415887850466,5.015601086839337,5.986227173671544
2844,glass_blur/s5,64,0.203125,4.5897393226623535,5.526080131530762,0.16782407407407407,5.011657922356217,5.981966552910982
2845,glass_blur/s5,64,0.203125,4.763891220092773,5.516526699066162,0.16814793577981652,5.009384833344626,5.977696462508735
2846,glass_blur/s5,64,0.28125,4.486992835998535,5.314106464385986,0.16917613636363638,5.004635815186934,5.971663826162165
2847,glass_blur/s5,64,0.125,5.129904270172119,5.612157821655273,0.16877815315315314,5.00576435982644,5.96842503332877
2848,glass_blur/s5,64,0.171875,4.977867603302002,5.290476322174072,0.16880580357142858,5.005515281643186,5.9623719198363165
2849,glass_blur/s5,64,0.203125,4.7414445877075195,5.18068265914917,0.1691095132743363,5.003178372847295,5.9554543157594395
2850,glass_blur/s5,64,0.1875,4.738234519958496,5.420628070831299,0.16927083333333334,5.000854303962306,5.950762857470596
2851,glass_blur/s5,64,0.1875,4.59955358505249,5.050144672393799,0.16942934782608696,4.997364732493525,5.942931394991668
2852,glass_blur/s5,64,0.265625,4.0457611083984375,5.100829124450684,0.17025862068965517,4.989161252975464,5.935671892659418
2853,glass_blur/s5,64,0.15625,4.504157543182373,5.030642986297607,0.1701388888888889,4.985015922122532,5.927936602861453
2854,glass_blur/s5,64,0.15625,5.045161247253418,5.177989959716797,0.17002118644067796,4.985525628267708,5.921581122834803
2855,glass_blur/s5,64,0.140625,4.774231433868408,5.300393104553223,0.16977415966386555,4.983750046802168,5.916361055454286
2856,glass_blur/s5,64,0.25,4.075272083282471,5.415143013000488,0.17044270833333333,4.97617939710617,5.912184238433838
2857,glass_blur/s5,64,0.15625,4.565493583679199,5.2306809425354,0.1703254132231405,4.972785299474543,5.906551979790049
2858,glass_blur/s5,64,0.1875,4.413162708282471,5.23560905456543,0.17046618852459017,4.968198229054936,5.901052447616077
2859,glass_blur/s5,64,0.140625,4.906935214996338,5.343747138977051,0.17022357723577236,4.967700155769906,5.896521510147467
2860,glass_blur/s5,64,0.21875,4.581315517425537,5.031149864196777,0.17061491935483872,4.964584150621968,5.88954270655109
2861,glass_blur/s5,64,0.296875,4.132302761077881,5.092788219451904,0.171625,4.957925899505615,5.883168670654297
2862,glass_blur/s5,64,0.171875,4.606983661651611,4.702838897705078,0.17162698412698413,4.9551406436496315,5.873800974043589
2863,glass_blur/s5,64,0.25,4.669275760650635,4.969962120056152,0.17224409448818898,4.952889739059088,5.866684132673609
2864,glass_blur/s5,64,0.203125,4.4313063621521,4.664831161499023,0.1724853515625,4.948814868927002,5.8572946563363075
2865,glass_blur/s5,64,0.140625,5.1619086265563965,5.123899936676025,0.17223837209302326,4.950466758521029,5.851609425951344
2866,glass_blur/s5,64,0.15625,4.8577189445495605,5.231743812561035,0.17211538461538461,4.949753313798171,5.846841228925265
2867,glass_blur/s5,64,0.28125,4.269724369049072,4.869041442871094,0.17294847328244276,4.944562253151231,5.839377108421035
2868,glass_blur/s5,64,0.171875,4.554605960845947,5.108858585357666,0.1729403409090909,4.941608038815585,5.833842877185706
2869,glass_blur/s5,64,0.171875,4.7781901359558105,5.19364070892334,0.17293233082706766,4.940379332779045,5.829029327048395
2870,glass_blur/s5,64,0.203125,4.40760612487793,5.019679069519043,0.17315764925373134,4.936403413317096,5.8229893997534
2871,glass_blur/s5,64,0.125,4.956676959991455,5.325708389282227,0.1728009259259259,4.936553587736907,5.819305836712872
2872,glass_blur/s5,64,0.234375,4.397150039672852,4.924073219299316,0.17325367647058823,4.932587385177612,5.812723243937773
2873,glass_blur/s5,64,0.171875,4.497788906097412,5.070246696472168,0.17324361313868614,4.92941367365148,5.807303707094958
2874,glass_blur/s5,64,0.109375,5.237803936004639,5.053713798522949,0.17278079710144928,4.931648385697517,5.80184291065603
2875,glass_blur/s5,64,0.203125,4.341929912567139,4.776191711425781,0.17299910071942445,4.927405806754133,5.794464125050058
2876,glass_blur/s5,64,0.203125,4.670945644378662,5.114780426025391,0.1732142857142857,4.925573948451451,5.7896092414855955
2877,glass_blur/s5,64,0.203125,4.292391777038574,4.817033290863037,0.17342641843971632,4.921083294753487,5.782711539708131
2878,glass_blur/s5,64,0.21875,4.456050395965576,4.625495433807373,0.17374559859154928,4.917808415184559,5.774562130511646
2879,glass_blur/s5,64,0.25,4.430805206298828,4.855517387390137,0.17427884615384615,4.914402798339204,5.768135244196111
2880,glass_blur/s5,64,0.25,4.4273529052734375,4.375339984893799,0.1748046875,4.911020507415135,5.758463054895401
2881,glass_blur/s5,64,0.15625,4.325377464294434,4.617702484130859,0.17467672413793103,4.906981589876373,5.7505957406142665
2882,glass_blur/s5,64,0.171875,4.838884353637695,4.7943620681762695,0.17465753424657535,4.90651517045008,5.744046194912636
2883,glass_blur/s5,64,0.1875,4.249484062194824,4.584059715270996,0.1747448979591837,4.9020455710741935,5.736155130425278
2884,glass_blur/s5,64,0.171875,4.233065128326416,4.7511796951293945,0.17472550675675674,4.8975254329475195,5.729499890997603
2885,glass_blur/s5,64,0.140625,4.577752113342285,4.551825523376465,0.174496644295302,4.89537930328574,5.721596036181354
2886,glass_blur/s5,64,0.21875,4.626227855682373,4.336146354675293,0.17479166666666668,4.893584960301717,5.7123597049713135
2887,glass_blur/s5,64,0.125,4.699263572692871,4.748926639556885,0.17446192052980133,4.892298063695036,5.705979353544728
2888,glass_blur/s5,64,0.1875,4.3447723388671875,4.217989444732666,0.17454769736842105,4.888695920768537,5.696189946249912
2889,glass_blur/s5,64,0.21875,4.66909646987915,4.605863571166992,0.17483660130718953,4.887260630239848,5.689063630072899
2890,glass_blur/s5,64,0.21875,4.037347793579102,4.736593246459961,0.17512175324675325,4.881741715716077,5.682878757452036
2891,glass_blur/s5,64,0.171875,4.365811347961426,4.4009833335876465,0.1751008064516129,4.878413132698305,5.674608464394846
2892,glass_blur/s5,64,0.203125,4.22846794128418,4.120762348175049,0.1752804487179487,4.874246817368728,5.664647912367796
2893,glass_blur/s5,64,0.28125,4.1808600425720215,4.68182897567749,0.17595541401273884,4.8698303410961366,5.65838791914047
2894,glass_blur/s5,64,0.09375,5.273282527923584,4.520913124084473,0.17543512658227847,4.872383835949475,5.651188711576824
2895,glass_blur/s5,64,0.125,4.924132347106934,4.5205793380737305,0.17511792452830188,4.872709298283799,5.644077960800075
2896,glass_blur/s5,64,0.203125,4.484970569610596,4.3053789138793945,0.17529296875,4.870285931229591,5.6357110917568205
2897,glass_blur/s5,64,0.1875,4.511961936950684,4.400940895080566,0.17536878881987578,4.868060316358294,5.628041711653242
2898,glass_blur/s5,64,0.21875,4.37164831161499,4.247398376464844,0.17563657407407407,4.864996044724076,5.619519221929856
2899,glass_blur/s5,64,0.25,4.222912311553955,3.9663615226745605,0.17609279141104295,4.861056880716897,5.609377150155284
2900,glass_blur/s5,64,0.15625,4.575005054473877,4.439174652099609,0.1759717987804878,4.859312662264196,5.602241769069579
2901,glass_blur/s5,64,0.234375,4.237403869628906,4.1150078773498535,0.17632575757575758,4.855543518066407,5.593228230331883
2902,glass_blur/s5,64,0.09375,5.0189032554626465,4.532317161560059,0.17582831325301204,4.856527612869998,5.586837199797113
2903,glass_blur/s5,64,0.078125,4.955559253692627,4.325126647949219,0.17524326347305388,4.85712061670726,5.579282046792036
2904,glass_blur/s5,64,0.1875,4.176126003265381,4.0833845138549805,0.17531622023809523,4.853067077341533,5.570377894810268
2905,glass_blur/s5,64,0.125,4.716971397399902,4.506799697875977,0.17501849112426035,4.852261777460223,5.564084532698231
2906,glass_blur/s5,64,0.109375,4.880259990692139,4.453234672546387,0.17463235294117646,4.852426472832175,5.557550121756161
2907,glass_blur/s5,64,0.234375,4.384166240692139,4.160365581512451,0.17498172514619884,4.849688108901532,5.549379451930174
2908,glass_blur/s5,64,0.140625,4.903751850128174,4.37630033493042,0.17478197674418605,4.850002432978431,5.542559224505757
2909,glass_blur/s5,64,0.328125,3.7932088375091553,3.9091477394104004,0.17566835260115607,4.843893799478608,5.533117539620813
2910,glass_blur/s5,64,0.1875,4.470627307891846,4.230597496032715,0.17573635057471265,4.841748589756845,5.52563179224387
2911,glass_blur/s5,64,0.265625,4.245467662811279,4.161931991577148,0.17625,4.838341270174299,5.517839221954346
2912,glass_blur/s5,64,0.125,5.074644565582275,4.521821022033691,0.17595880681818182,4.8396839025345715,5.512180027636615
2913,glass_blur/s5,64,0.21875,4.2346954345703125,4.109914302825928,0.1762005649717514,4.836265888591271,5.5042576224116955
2914,glass_blur/s5,64,0.234375,3.981647491455078,4.217845916748047,0.17652738764044945,4.831464661641068,5.497030590357405
2915,glass_blur/s5,64,0.21875,4.635067462921143,4.053064346313477,0.17676326815642457,4.830367470586766,5.488963739832021
2916,glass_blur/s5,64,0.203125,4.612661361694336,3.9516913890838623,0.17690972222222223,4.82915799220403,5.480423337883419
2917,glass_blur/s5,64,0.140625,4.726890563964844,4.238298416137695,0.1767092541436464,4.828592978788344,5.47356076925499
2918,glass_blur/s5,64,0.28125,4.442212104797363,3.908707618713379,0.17728365384615385,4.826470006953229,5.464962675021245
2919,glass_blur/s5,64,0.203125,4.0148491859436035,3.8907651901245117,0.17742486338797814,4.8220349204996245,5.456360502972629
2920,glass_blur/s5,64,0.25,4.406675815582275,3.870070457458496,0.17781929347826086,4.819777534059856,5.447739361420922
2921,glass_blur/s5,64,0.21875,4.641031742095947,3.780156135559082,0.17804054054054055,4.8188113405897814,5.438725398037885
2922,glass_blur/s5,64,0.234375,3.7017760276794434,3.715989112854004,0.17834341397849462,4.812805774391339,5.429463374999262
2923,glass_blur/s5,64,0.15625,4.356556415557861,4.133717060089111,0.17822526737967914,4.810365938247844,5.422534250320598
2924,glass_blur/s5,64,0.234375,4.107961177825928,3.912984848022461,0.17852393617021275,4.806629742713684,5.414504732223267
2925,glass_blur/s5,64,0.1875,4.185596466064453,3.843641996383667,0.17857142857142858,4.803343852361043,5.406193289176497
2926,glass_blur/s5,64,0.234375,4.212470054626465,3.614701509475708,0.17886513157894737,4.800233990267704,5.396764385072808
2927,glass_blur/s5,64,0.21875,4.455976963043213,3.7692017555236816,0.17907395287958114,4.79843159745501,5.388243114761033
2928,glass_blur/s5,64,0.171875,4.467546463012695,3.680485248565674,0.17903645833333334,4.796708237379789,5.3793485425412655
2929,glass_blur/s5,64,0.21875,4.304154872894287,3.240671157836914,0.1792422279792746,4.794156147408362,5.368267312568704
2930,glass_blur/s5,64,0.140625,4.690061569213867,4.238346576690674,0.17904317010309279,4.793619577417669,5.362442978878611
2931,glass_blur/s5,64,0.234375,4.138701915740967,4.071358680725098,0.17932692307692308,4.790261025306506,5.355822033759875
2932,glass_blur/s5,64,0.1875,4.287357330322266,3.9715089797973633,0.17936862244897958,4.787695190128015,5.348759212055985
2933,glass_blur/s5,64,0.265625,4.181334972381592,3.6091489791870117,0.17980647208121828,4.784617219479556,5.339928703259695
2934,glass_blur/s5,64,0.265625,4.458364963531494,3.9070310592651367,0.18023989898989898,4.7829694808131515,5.332691846471844
2935,glass_blur/s5,64,0.25,4.458332061767578,3.711226463317871,0.18059045226130654,4.781338136998852,5.324543779219814
2936,glass_blur/s5,64,0.203125,4.408073902130127,3.47922420501709,0.180703125,4.779471815824508,5.3153171813488
2937,glass_blur/s5,64,0.25,4.493710517883301,3.9310295581817627,0.1810478855721393,4.778050117824801,5.308430178248467
2938,glass_blur/s5,64,0.25,4.087181568145752,3.166656017303467,0.18138923267326731,4.774629976489757,5.297827335867551
2939,glass_blur/s5,64,0.296875,4.2657341957092285,3.456063747406006,0.18195812807881773,4.772123100722364,5.288754608830795
2940,glass_blur/s5,64,0.171875,4.43157958984375,3.5465078353881836,0.18190870098039216,4.770453769786685,5.2802141834707825
2941,glass_blur/s5,64,0.21875,4.3585333824157715,3.728759288787842,0.18208841463414635,4.7684444020434125,5.272646110813792
2942,glass_blur/s5,64,0.21875,4.478039741516113,3.723123788833618,0.18226638349514562,4.767034670681629,5.265124157794471
2943,glass_blur/s5,64,0.1875,4.449008941650391,3.850451946258545,0.18229166666666666,4.765498314502734,5.258289992521351
2944,glass_blur/s5,64,0.234375,4.616053104400635,3.4317216873168945,0.18254206730769232,4.764779827915705,5.249508414130944
2945,glass_blur/s5,64,0.234375,4.401382923126221,2.901557207107544,0.18279007177033493,4.7630410867444635,5.238274197829397
2946,glass_blur/s5,64,0.171875,4.468265056610107,3.2050600051879883,0.18273809523809523,4.761637391362871,5.228592225483486
2947,glass_blur/s5,64,0.1875,4.552717208862305,3.7437262535095215,0.182760663507109,4.760647248317845,5.221554945995457
2948,glass_blur/s5,64,0.265625,4.455992698669434,3.389719009399414,0.1831515330188679,4.759210198555353,5.212914210445476
2949,glass_blur/s5,64,0.1875,4.512375354766846,3.5804390907287598,0.1831719483568075,4.758051349523481,5.205250008005492
2950,glass_blur/s5,64,0.28125,4.0792622566223145,3.4384193420410156,0.1836302570093458,4.75487943787441,5.196993789940237
2951,glass_blur/s5,64,0.171875,4.942751407623291,3.579423427581787,0.18357558139534882,4.755753260989522,5.1894702068595
2952,glass_blur/s5,64,0.171875,4.683930397033691,3.7011752128601074,0.18352141203703703,4.755420747730467,5.182579952257651
2953,glass_blur/s5,64,0.21875,4.8214545249938965,3.7738490104675293,0.18368375576036866,4.755725050851496,5.176088104599632
2954,glass_blur/s5,64,0.296875,4.112224578857422,3.2459864616394043,0.18420298165137614,4.752773213824001,5.167234427338347
2955,glass_blur/s5,64,0.25,4.623061656951904,3.031200885772705,0.18450342465753425,4.7521809236099735,5.157480849522978
2956,glass_blur/s5,64,0.171875,4.443106174468994,3.2345380783081055,0.18444602272727273,4.750776038386605,5.14874020056291
2957,glass_blur/s5,64,0.21875,4.6294450759887695,3.411827802658081,0.1846012443438914,4.750227029506977,5.140880868445694
2958,glass_blur/s5,64,0.171875,4.457310199737549,3.5852015018463135,0.18454391891891891,4.748907584327835,5.133873303731282
2959,glass_blur/s5,64,0.1875,4.607005596160889,3.381054401397705,0.1845571748878924,4.748271252542334,5.126013129281356
2960,glass_blur/s5,64,0.25,3.832962989807129,3.068246364593506,0.18484933035714285,4.744185054940837,5.116826670510428
2961,glass_blur/s5,64,0.203125,4.5533246994018555,3.2763614654541016,0.18493055555555554,4.743336786693997,5.108646825154622
2962,glass_blur/s5,64,0.28125,4.0463995933532715,2.878218650817871,0.18535674778761063,4.740252993803109,5.098777673940743
2963,glass_blur/s5,64,0.21875,4.863672733306885,3.2256882190704346,0.18550385462555066,4.740796693096077,5.090526178544838
2964,glass_blur/s5,64,0.265625,4.095237731933594,3.418001651763916,0.18585526315789475,4.73796529414361,5.083190544655449
2965,glass_blur/s5,64,0.21875,4.146428108215332,3.1891634464263916,0.18599890829694324,4.735382162327329,5.074919683964492
2966,glass_blur/s5,64,0.21875,4.372167110443115,3.364284038543701,0.18614130434782608,4.733802966449572,5.067482137680054
2967,glass_blur/s5,64,0.1875,4.649603843688965,3.2239584922790527,0.18614718614718614,4.7334384680826425,5.059501515838491
2968,glass_blur/s5,64,0.265625,4.27948522567749,3.1579818725585938,0.18648976293103448,4.731481773072276,5.051305310479526
2969,glass_blur/s5,64,0.234375,4.507083892822266,3.146101474761963,0.18669527896995708,4.7305186920411595,5.043128469982884
2970,glass_blur/s5,64,0.21875,4.49846076965332,3.2791857719421387,0.18683226495726496,4.729526991518135,5.03559025332459
2971,glass_blur/s5,64,0.140625,4.611568450927734,2.9942188262939453,0.18663563829787233,4.72902504028158,5.026903566401056
2972,glass_blur/s5,64,0.296875,4.442616939544678,2.879027843475342,0.18710275423728814,4.72781144663439,5.017802398083574
2973,glass_blur/s5,64,0.1875,4.80210542678833,2.8611457347869873,0.18710443037974683,4.7281249233439,5.008702580938863
2974,glass_blur/s5,64,0.265625,3.970296621322632,3.0832042694091797,0.1874343487394958,4.724940770814399,5.000612251898822
2975,glass_blur/s5,64,0.15625,4.931727886199951,3.1170430183410645,0.18730387029288703,4.725805988870405,4.992731209080588
2976,glass_blur/s5,64,0.234375,4.335541725158691,3.2615156173706055,0.1875,4.724179887771607,4.985517810781797
2977,glass_blur/s5,64,0.296875,4.359756946563721,2.7623157501220703,0.18795383817427386,4.722667759384851,4.976292905965781
2978,glass_blur/s5,64,0.171875,4.379270076751709,3.339920997619629,0.18788739669421486,4.721248760696285,4.969531038575921
2979,glass_blur/s5,64,0.15625,5.122289180755615,3.3532958030700684,0.18775720164609053,4.722899132795295,4.962879864767255
2980,glass_blur/s5,64,0.203125,4.186128616333008,3.459430694580078,0.1878201844262295,4.720699253629466,4.956718187840258
2981,glass_blur/s5,64,0.203125,4.079460620880127,2.879782199859619,0.18788265306122448,4.718081953087632,4.948240898093399
2982,glass_blur/s5,64,0.203125,4.661714553833008,3.011199474334717,0.18794461382113822,4.717852817318303,4.940366745964298
2983,glass_blur/s5,64,0.171875,4.249331474304199,2.645542860031128,0.18787955465587045,4.715955969775736,4.931075961001007
2984,glass_blur/s5,64,0.25,3.9535157680511475,2.847227096557617,0.18813004032258066,4.712881614123622,4.922673344612122
2985,glass_blur/s5,64,0.1875,4.286908149719238,2.7600860595703125,0.18812751004016065,4.711170877318785,4.913988255113962
2986,glass_blur/s5,64,0.203125,4.339231014251709,3.0260679721832275,0.1881875,4.709683117866516,4.906436573982239
2987,glass_blur/s5,64,0.171875,5.067900657653809,3.53509521484375,0.18812250996015936,4.7111102793796125,4.900973062591249
2988,glass_blur/s5,64,0.25,4.770998477935791,2.7941625118255615,0.18836805555555555,4.711347930961185,4.892612703262814
2989,glass_blur/s5,64,0.203125,4.622518062591553,3.016097068786621,0.18842638339920947,4.710996824762096,4.885195645419034
2990,glass_blur/s5,64,0.203125,4.364262104034424,2.905372381210327,0.18848425196850394,4.709631727436396,4.877401065638685
2991,glass_blur/s5,64,0.28125,4.304304599761963,2.9562606811523438,0.18884803921568627,4.708042209288653,4.869867181777954
2992,glass_blur/s5,64,0.328125,4.125988483428955,2.611203670501709,0.18939208984375,4.705768561922014,4.861044277437031
2993,glass_blur/s5,64,0.234375,4.3653998374938965,3.1191487312316895,0.18956712062256809,4.704444169998169,4.854266473755298
2994,glass_blur/s5,64,0.15625,4.665809631347656,3.245136260986328,0.18943798449612403,4.704294423724329,4.848029534946116
2995,glass_blur/s5,64,0.171875,5.320831298828125,2.909791946411133,0.18937017374517376,4.706674874979557,4.84054599213324
2996,glass_blur/s5,64,0.359375,3.581996202468872,2.647216796875,0.19002403846153845,4.7023491877775925,4.832110110613016
2997,glass_blur/s5,64,0.265625,3.9083199501037598,2.872410297393799,0.19031369731800765,4.699306930161984,4.824601682209877
2998,glass_blur/s5,64,0.28125,4.424994468688965,2.734708309173584,0.1906607824427481,4.6982599360342245,4.81662498994638
2999,glass_blur/s5,64,0.28125,4.128632068634033,2.7634763717651367,0.19100522813688212,4.696094050606847,4.808818341208048
3000,glass_blur/s5,64,0.21875,4.129056930541992,2.831728219985962,0.19111032196969696,4.693946182727814,4.801329363476146
3001,glass_blur/s5,64,0.25,4.6422858238220215,2.7767271995544434,0.19133254716981132,4.693751237977226,4.793689355310404
3002,glass_blur/s5,64,0.296875,4.418581485748291,2.23134708404541,0.19172932330827067,4.692716765224485,4.784056489628957
3003,glass_blur/s5,64,0.25,4.774998664855957,2.6697211265563965,0.19194756554307116,4.6930249371332176,4.776137630591232
3004,glass_blur/s5,64,0.25,4.3664703369140625,2.6496894359588623,0.1921641791044776,4.691806449818967,4.768203122402305
3005,glass_blur/s5,64,0.234375,4.011709690093994,2.80108642578125,0.1923210966542751,4.689278209076495,4.760890420927877
3006,glass_blur/s5,64,0.203125,4.5416035652160645,2.7635598182678223,0.19236111111111112,4.688731265951086,4.753492900177284
3007,glass_blur/s5,64,0.21875,4.498787879943848,2.7225606441497803,0.19245848708487084,4.688030367847738,4.7459986852103935
3008,glass_blur/s5,64,0.28125,4.3152360916137695,2.7458786964416504,0.19278492647058823,4.686659800655701,4.738645302898743
3009,glass_blur/s5,64,0.21875,4.202447891235352,3.010775566101074,0.19288003663003664,4.684886130657825,4.73231610972366
3010,glass_blur/s5,64,0.09375,4.843442916870117,2.8553738594055176,0.19251824817518248,4.685464805060059,4.7254659555254195
3011,glass_blur/s5,64,0.296875,4.306171417236328,2.3794972896575928,0.19289772727272728,4.684085556377064,4.716935160376809
3012,glass_blur/s5,64,0.234375,4.365894317626953,2.679342269897461,0.1930480072463768,4.6829326895699985,4.70955257744029
3013,glass_blur/s5,64,0.203125,4.5890374183654785,2.741759777069092,0.19308438628158844,4.6825937174717875,4.702448632312596
3014,glass_blur/s5,64,0.25,4.725863933563232,2.358804702758789,0.19328911870503598,4.682749365731109,4.69401825846528
3015,glass_blur/s5,64,0.34375,3.4474940299987793,2.800057888031006,0.19382840501792115,4.6783219272517815,4.687229870040784
3016,glass_blur/s5,64,0.171875,4.678628444671631,2.628476619720459,0.19375,4.678323021956852,4.6798771798610685
3017,glass_blur/s5,64,0.1875,4.790463447570801,2.8172597885131836,0.19372775800711745,4.678722098204589,4.6732486482192614
3018,glass_blur/s5,64,0.21875,4.782955169677734,2.6677610874176025,0.19381648936170212,4.679091719025416,4.666136990202234
3019,glass_blur/s5,64,0.21875,4.689993858337402,2.605767250061035,0.19390459363957596,4.679130242485882,4.658856531756506
3020,glass_blur/s5,64,0.25,4.8779096603393555,2.9838333129882812,0.19410211267605634,4.679830170013536,4.652958562676336
3021,glass_blur/s5,64,0.234375,4.378517150878906,2.605781078338623,0.19424342105263157,4.678772931349905,4.645775483783923
3022,glass_blur/s5,64,0.1875,5.046461582183838,2.396454334259033,0.19421984265734266,4.6800585560031704,4.63791072451985
3023,glass_blur/s5,64,0.25,4.249233245849609,2.6564342975616455,0.19441419860627177,4.678557422518315,4.6310066254712146
3024,glass_blur/s5,64,0.234375,4.938597679138184,2.391522169113159,0.1945529513888889,4.679460340076023,4.623230637775527
3025,glass_blur/s5,64,0.234375,4.7973480224609375,2.4363276958465576,0.19469074394463667,4.679868255932026,4.615663499568161
3026,glass_blur/s5,64,0.21875,4.9805908203125,2.501366138458252,0.1947737068965517,4.680905230291959,4.608372819012609
3027,glass_blur/s5,64,0.15625,4.974450588226318,2.7593612670898438,0.19464132302405499,4.681913977226441,4.602018827425246
3028,glass_blur/s5,64,0.203125,4.7044477462768555,2.458348274230957,0.19467037671232876,4.681991147668394,4.594677489914306
3029,glass_blur/s5,64,0.21875,4.459612846374512,2.60430908203125,0.19475255972696245,4.6812321773568115,4.587884423675797
3030,glass_blur/s5,64,0.34375,3.7193942070007324,2.407853603363037,0.1952593537414966,4.677960619634511,4.580469352858407
3031,glass_blur/s5,64,0.203125,4.700374126434326,2.60652494430542,0.19528601694915254,4.678036597623663,4.5737780158802614
3032,glass_blur/s5,64,0.265625,4.094189643859863,2.4938042163848877,0.19552364864864866,4.676064141698785,4.566751077368453
3033,glass_blur/s5,64,0.171875,5.1560821533203125,2.360694408416748,0.19544402356902357,4.677680363960138,4.559323277136292
3034,glass_blur/s5,64,0.265625,4.366231441497803,2.298645257949829,0.1956795302013423,4.676635233347848,4.551737109286673
3035,glass_blur/s5,64,0.3125,4.083292007446289,2.156160831451416,0.19607023411371238,4.67465080784316,4.543725148491237
3036,glass_blur/s5,64,0.265625,4.227922439575195,2.4457614421844482,0.19630208333333332,4.673161713282267,4.536731936136881
3037,glass_blur/s5,64,0.25,4.761544704437256,2.339902400970459,0.19648048172757476,4.673455344482118,4.529433499142973
3038,glass_blur/s5,64,0.25,4.690513610839844,2.0545454025268555,0.19665769867549668,4.673511828807806,4.521238505445568
3039,glass_blur/s5,64,0.25,4.2844696044921875,2.348452568054199,0.19683374587458746,4.67222786107079,4.514067594761109
3040,glass_blur/s5,64,0.203125,4.378763675689697,2.588491201400757,0.19685444078947367,4.671262518355721,4.507733461888213
3041,glass_blur/s5,64,0.15625,4.838382244110107,2.7618885040283203,0.19672131147540983,4.671810451882784,4.502009380059164
3042,glass_blur/s5,64,0.234375,4.4863715171813965,2.4145846366882324,0.19684436274509803,4.671204442292257,4.495187730571024
3043,glass_blur/s5,64,0.1875,5.497037410736084,2.3128838539123535,0.19681392508143322,4.673894451961456,4.488079248888097
3044,glass_blur/s5,64,0.28125,4.251450061798096,2.620891571044922,0.19708806818181818,4.672522879266119,4.482016951232762
3045,glass_blur/s5,64,0.234375,4.59788703918457,2.1120364665985107,0.19720873786407767,4.67228133933058,4.474347111476663
3046,glass_blur/s5,64,0.25,4.424787998199463,2.2786288261413574,0.19737903225806452,4.671482973714029,4.467264149265905
3047,glass_blur/s5,64,0.265625,3.806720495223999,2.545341968536377,0.19759847266881028,4.668702386966472,4.461084335179957
3048,glass_blur/s5,64,0.1875,4.72712516784668,2.5327401161193848,0.19756610576923078,4.668889639469294,4.454903744734251
3049,glass_blur/s5,64,0.203125,4.633885383605957,2.6004638671875,0.19758386581469647,4.668777804786024,4.44897901669097
3050,glass_blur/s5,64,0.234375,4.75845193862915,2.3760335445404053,0.19770103503184713,4.669063391199537,4.442377279518516
3051,glass_blur/s5,64,0.234375,4.617971897125244,2.6390504837036133,0.1978174603174603,4.668901195980253,4.4366524325476755
3052,glass_blur/s5,64,0.21875,4.7297492027282715,2.3800151348114014,0.19788370253164558,4.669093752963634,4.430144086668763
3053,glass_blur/s5,64,0.25,4.177420139312744,2.2429184913635254,0.1980481072555205,4.667542732100381,4.423244321383889
3054,glass_blur/s5,64,0.390625,3.341715097427368,2.202965021133423,0.19865369496855345,4.6633734628089565,4.416262311005743
3055,glass_blur/s5,64,0.203125,4.7821760177612305,2.588285446166992,0.19866771159874608,4.663745884611315,4.410531976006248
3056,glass_blur/s5,64,0.1875,5.072925090789795,2.218313217163086,0.1986328125,4.6650245696306225,4.403681292384863
3057,glass_blur/s5,64,0.109375,5.073596954345703,2.5877413749694824,0.1983547507788162,4.6662973807979595,4.398024158685749
3058,glass_blur/s5,64,0.234375,4.694406032562256,2.4568939208984375,0.1984666149068323,4.666384674747538,4.391995803910013
3059,glass_blur/s5,64,0.203125,4.600767612457275,2.1895716190338135,0.1984810371517028,4.666181525947878,4.385177153182842
3060,glass_blur/s5,64,0.1875,4.882075786590576,2.6179966926574707,0.1984471450617284,4.666847866258504,4.379722892502208
3061,glass_blur/s5,64,0.234375,4.832625865936279,2.453178882598877,0.1985576923076923,4.667357952411358,4.373795064779428
3062,glass_blur/s5,64,0.25,5.011103630065918,2.1616225242614746,0.19871549079754602,4.66841238700539,4.367009259440416
3063,glass_blur/s5,64,0.234375,4.801789283752441,2.147998809814453,0.19882454128440366,4.668820267423578,4.360223294762661
3064,glass_blur/s5,64,0.21875,4.406427383422852,2.2266016006469727,0.19888528963414634,4.668020289118697,4.353718350573284
3065,glass_blur/s5,64,0.171875,4.732617378234863,2.4341115951538086,0.1988031914893617,4.668216632854612,4.347883679584167
3066,glass_blur/s5,64,0.21875,4.512619972229004,2.315412998199463,0.19886363636363635,4.667745127822414,4.341724677519365
3067,glass_blur/s5,64,0.203125,4.653615474700928,2.0498909950256348,0.19887651057401812,4.667702440048632,4.334800708690079
3068,glass_blur/s5,64,0.265625,4.671594142913818,2.187480926513672,0.19907756024096385,4.667714162045215,4.3283328780208725
3069,glass_blur/s5,64,0.28125,4.303144454956055,2.281494140625,0.19932432432432431,4.6666193581200215,4.32218621514581
3070,glass_blur/s5,64,0.28125,4.773633003234863,2.0851902961730957,0.19956961077844312,4.666939758255096,4.315488622574035
3071,glass_blur/s5,64,0.265625,4.391319751739502,2.0605955123901367,0.19976679104477613,4.66611701196699,4.308757598364531
3072,glass_blur/s5,64,0.234375,4.687692165374756,2.406304121017456,0.19986979166666666,4.666181223733084,4.303095534443855
3073,glass_blur/s5,64,0.25,4.961232662200928,2.241880416870117,0.2000185459940653,4.667056747289369,4.296979169109808
3074,glass_blur/s5,64,0.234375,4.637045383453369,1.9187122583389282,0.20012019230769232,4.666967956272103,4.289942876474392
3075,glass_blur/s5,64,0.203125,4.617650985717773,2.0874972343444824,0.20012905604719763,4.666822478482857,4.283445986674598
3076,glass_blur/s5,64,0.21875,5.124024868011475,2.306090831756592,0.20018382352941178,4.668167191393235,4.2776302362189575
3077,glass_blur/s5,64,0.21875,4.189476490020752,2.2307851314544678,0.2002382697947214,4.666763406345222,4.271627757905865
3078,glass_blur/s5,64,0.265625,4.342398643493652,2.1118502616882324,0.2004294590643275,4.665814971366124,4.265312619028036
3079,glass_blur/s5,64,0.328125,4.519738674163818,2.064404010772705,0.20080174927113703,4.665389092948624,4.25889597585528
3080,glass_blur/s5,64,0.1875,4.8457841873168945,2.3668956756591797,0.20076308139534885,4.665913497292718,4.253395974982617
3081,glass_blur/s5,64,0.296875,4.404472351074219,2.0276334285736084,0.20104166666666667,4.665155696868896,4.2469444893408514
3082,glass_blur/s5,64,0.234375,4.231924533843994,2.103889226913452,0.20113800578034682,4.6639035836809635,4.240750688004356
3083,glass_blur/s5,64,0.1875,5.337799072265625,2.019312858581543,0.20109870317002881,4.66584564560772,4.234348849879218
3084,glass_blur/s5,64,0.140625,5.52142333984375,2.265530586242676,0.20092492816091953,4.6683042022003525,4.228691326133136
3085,glass_blur/s5,64,0.1875,5.0796122550964355,1.9943820238113403,0.20088646131805157,4.669482735303206,4.2222892937482595
3086,glass_blur/s5,64,0.21875,4.649267673492432,2.3393735885620117,0.2009375,4.669424977983748,4.2169095345905845
3087,glass_blur/s5,64,0.203125,5.009765625,1.8738508224487305,0.20094373219373218,4.670394609456728,4.210234153644312
3088,glass_blur/s5,64,0.21875,5.127369403839111,2.067305088043213,0.20099431818181818,4.671692833304405,4.204146286980673
3089,glass_blur/s5,64,0.28125,4.264082431793213,2.0555808544158936,0.20122167138810199,4.670538129617404,4.19805969935301
3090,glass_blur/s5,64,0.296875,4.31869649887085,1.817528486251831,0.20149187853107345,4.669544226705691,4.191335034909222
3091,glass_blur/s5,64,0.234375,4.1561408042907715,2.0744454860687256,0.20158450704225353,4.668098019881987,4.185371965757558
3092,glass_blur/s5,64,0.25,4.90305233001709,2.1691360473632812,0.20172050561797752,4.668758003899221,4.179708381717124
3093,glass_blur/s5,64,0.21875,4.7507524490356445,2.1665449142456055,0.20176820728291317,4.668987680216129,4.174069268362863
3094,glass_blur/s5,64,0.21875,4.899868965148926,2.101940870285034,0.20181564245810055,4.6696326000064445,4.1682812002118075
3095,glass_blur/s5,64,0.25,4.586145877838135,1.7575194835662842,0.201949860724234,4.6694000464628,4.161565986516416
3096,glass_blur/s5,64,0.265625,4.913327693939209,2.0971901416778564,0.20212673611111112,4.670077623261346,4.155831609169642
3097,glass_blur/s5,64,0.203125,4.976848125457764,2.094869613647461,0.20212950138504154,4.670927403045823,4.1501225731709654
3098,glass_blur/s5,64,0.1875,4.868621349334717,2.3567445278167725,0.20208908839779005,4.67147351891955,4.1451684901727495
3099,glass_blur/s5,64,0.234375,4.532741546630859,2.269852638244629,0.2021780303030303,4.671091337177708,4.140002330801047
3100,glass_blur/s5,64,0.21875,4.422608375549316,1.9658482074737549,0.20222355769230768,4.670408691678729,4.134029379912785
3101,glass_blur/s5,64,0.15625,5.204074859619141,1.9477604627609253,0.20209760273972602,4.671870790768976,4.128039602057575
3102,glass_blur/s5,64,0.15625,5.5689897537231445,2.459519147872925,0.20197233606557377,4.6743219354765015,4.123480803002425
3103,glass_blur/s5,64,0.203125,4.792330741882324,2.1561074256896973,0.20197547683923706,4.674643485357716,4.118120112601028
3104,glass_blur/s5,64,0.203125,5.0211100578308105,2.1491456031799316,0.20197860054347827,4.675584970609002,4.1127696383906445
3105,glass_blur/s5,64,0.15625,5.1840643882751465,2.1797420978546143,0.20185467479674796,4.676962963610807,4.1075310813702215
3106,glass_blur/s5,64,0.328125,4.089035511016846,1.9315696954727173,0.20219594594594595,4.675373970495688,4.10165010465158
3107,glass_blur/s5,64,0.15625,4.366427421569824,2.3099703788757324,0.202072102425876,4.674541230471629,4.096820779245176
3108,glass_blur/s5,64,0.125,5.736125469207764,2.109950065612793,0.20186491935483872,4.6773949515435005,4.091479728939713
3109,glass_blur/s5,64,0.1875,5.033175468444824,2.1250579357147217,0.20182640750670242,4.6783487867094555,4.086207820646885
3110,glass_blur/s5,64,0.15625,5.067178249359131,2.201167583465576,0.20170454545454544,4.6793884376791075,4.081167606108966
3111,glass_blur/s5,64,0.25,4.849842071533203,2.0013844966888428,0.20183333333333334,4.679842980702718,4.075621517817179
3112,glass_blur/s5,64,0.1875,4.720488548278809,2.122091293334961,0.20179521276595744,4.679951080616484,4.070425958709514
3113,glass_blur/s5,64,0.25,4.56614875793457,1.8373950719833374,0.20192307692307693,4.6796492176915985,4.064502799858781
3114,glass_blur/s5,64,0.28125,4.870882987976074,1.9270334243774414,0.2021329365079365,4.680155127136795,4.058848118971264
3115,glass_blur/s5,64,0.1875,5.22233772277832,2.12603497505188,0.202094327176781,4.681585688075164,4.053748348142981
3116,glass_blur/s5,64,0.3125,4.159265518188477,1.8717103004455566,0.20238486842105263,4.680211161312304,4.0480061427543035
3117,glass_blur/s5,64,0.1875,5.973495960235596,1.6707913875579834,0.2023458005249344,4.6836056096034415,4.041766733948014
3118,glass_blur/s5,64,0.265625,4.936611175537109,2.055016279220581,0.20251145287958114,4.68426792783887,4.036565816527262
3119,glass_blur/s5,64,0.234375,4.628655910491943,1.6972934007644653,0.20259464751958225,4.684122726749191,4.0304580556505964
3120,glass_blur/s5,64,0.21875,5.133580207824707,1.9183104038238525,0.20263671875,4.685293188939492,4.024957671140631
3121,glass_blur/s5,64,0.21875,4.830142974853516,1.9359326362609863,0.20267857142857143,4.685669422149658,4.019531632088996
3122,glass_blur/s5,64,0.296875,4.484362602233887,1.9422786235809326,0.202922603626943,4.685147901890809,4.014150147610995
3123,glass_blur/s5,64,0.203125,5.496447563171387,2.1133885383605957,0.20292312661498707,4.687244283444506,4.009238618904922
3124,glass_blur/s5,64,0.203125,5.124840259552002,1.871538519859314,0.20292364690721648,4.688372108125195,4.003729082567176
3125,glass_blur/s5,64,0.203125,5.071508407592773,1.6995165348052979,0.2029241645244216,4.689357034344906,3.997805656994523
3126,glass_blur/s5,64,0.28125,4.35116720199585,2.277277946472168,0.203125,4.688489880928627,3.993394047480363
3127,glass_blur/s5,40,0.17499999701976776,4.8509297370910645,2.0305659770965576,0.20305306904608636,4.688905328131088,3.9883740268399954
3128,impulse_noise/s5,64,0.25,5.291804313659668,6.609235763549805,0.25,5.291804313659668,6.609235763549805
3129,impulse_noise/s5,64,0.15625,5.584701061248779,6.616061210632324,0.203125,5.438252687454224,6.6126484870910645
3130,impulse_noise/s5,64,0.15625,5.465053558349609,6.558696746826172,0.1875,5.447186311086019,6.594664573669434
3131,impulse_noise/s5,64,0.046875,5.641793727874756,6.573672294616699,0.15234375,5.495838165283203,6.58941650390625
3132,impulse_noise/s5,64,0.1875,5.615903854370117,6.6013031005859375,0.159375,5.519851303100586,6.591793823242187
3133,impulse_noise/s5,64,0.125,5.632427215576172,6.581931114196777,0.15364583333333334,5.538613955179851,6.590150038401286
3134,impulse_noise/s5,64,0.15625,5.699117660522461,6.618363857269287,0.15401785714285715,5.561543055943081,6.594180583953857
3135,impulse_noise/s5,64,0.21875,5.258244037628174,6.539274215698242,0.162109375,5.523630678653717,6.5873172879219055
3136,impulse_noise/s5,64,0.140625,5.3797712326049805,6.535170555114746,0.1597222222222222,5.507646295759413,6.581523206498888
3137,impulse_noise/s5,64,0.140625,5.350639343261719,6.559135913848877,0.1578125,5.491945600509643,6.5792844772338865
3138,impulse_noise/s5,64,0.203125,5.568017482757568,6.641238212585449,0.16193181818181818,5.498861226168546,6.58491663499312
3139,impulse_noise/s5,64,0.203125,5.425723552703857,6.585381031036377,0.16536458333333334,5.492766420046489,6.584955334663391
3140,impulse_noise/s5,64,0.109375,5.479994773864746,6.502616882324219,0.16105769230769232,5.491783985724816,6.578621607560378
3141,impulse_noise/s5,64,0.140625,5.318166255950928,6.567418098449707,0.15959821428571427,5.479382719312396,6.577821356909616
3142,impulse_noise/s5,64,0.140625,5.363401889801025,6.547039031982422,0.15833333333333333,5.471650664011637,6.575769201914469
3143,impulse_noise/s5,64,0.203125,5.475671291351318,6.569356441497803,0.1611328125,5.471901953220367,6.575368404388428
3144,impulse_noise/s5,64,0.234375,5.031672954559326,6.492037296295166,0.16544117647058823,5.446006129769718,6.570466574500589
3145,impulse_noise/s5,64,0.125,5.878416061401367,6.608734130859375,0.16319444444444445,5.470028903749254,6.572592549853855
3146,impulse_noise/s5,64,0.21875,5.231383323669434,6.532540321350098,0.16611842105263158,5.457468610060842,6.570484537827341
3147,impulse_noise/s5,64,0.203125,5.230711460113525,6.405923366546631,0.16796875,5.446130752563477,6.562256479263306
3148,impulse_noise/s5,64,0.234375,5.199606418609619,6.486438751220703,0.17113095238095238,5.434391498565674,6.558646111261277
3149,impulse_noise/s5,64,0.1875,5.494628429412842,6.45691442489624,0.171875,5.437129540876909,6.5540219436992295
3150,impulse_noise/s5,64,0.171875,5.196545124053955,6.502899169921875,0.171875,5.426669348841128,6.5517992144045625
3151,impulse_noise/s5,64,0.1875,5.50167179107666,6.474505424499512,0.17252604166666666,5.429794450600942,6.548578639825185
3152,impulse_noise/s5,64,0.109375,5.531355857849121,6.575589179992676,0.17,5.4338569068908695,6.549659061431885
3153,impulse_noise/s5,64,0.171875,5.318184852600098,6.467167377471924,0.1700721153846154,5.42940798172584,6.546486304356502
3154,impulse_noise/s5,64,0.171875,5.441227912902832,6.49986457824707,0.1701388888888889,5.429845756954617,6.544759573759856
3155,impulse_noise/s5,64,0.203125,5.226714611053467,6.487185478210449,0.17131696428571427,5.422591073172433,6.542703356061663
3156,impulse_noise/s5,64,0.15625,5.300234794616699,6.481488227844238,0.17079741379310345,5.41837189115327,6.540592489571407
3157,impulse_noise/s5,64,0.28125,4.676962375640869,6.364681243896484,0.17447916666666666,5.3936582406361895,6.534728781382243
3158,impulse_noise/s5,64,0.203125,4.9629807472229,6.32001256942749,0.17540322580645162,5.379765418268019,6.527802451964347
3159,impulse_noise/s5,64,0.140625,5.416386127471924,6.538204193115234,0.17431640625,5.380909815430641,6.528127506375313
3160,impulse_noise/s5,64,0.1875,5.06542444229126,6.4106364250183105,0.1747159090909091,5.371349652608235,6.524567170576616
3161,impulse_noise/s5,64,0.1875,5.0781965255737305,6.416837692260742,0.17509191176470587,5.3627275018131035,6.521398656508502
3162,impulse_noise/s5,64,0.234375,5.311820030212402,6.518161296844482,0.1767857142857143,5.361273002624512,6.521306160518101
3163,impulse_noise/s5,64,0.1875,5.1495232582092285,6.423845291137695,0.17708333333333334,5.355391065279643,6.518598914146423
3164,impulse_noise/s5,64,0.140625,5.409774303436279,6.488842010498047,0.17609797297297297,5.356860882527119,6.517794673507278
3165,impulse_noise/s5,64,0.21875,5.155573844909668,6.3080549240112305,0.17722039473684212,5.351563855221397,6.512275206415277
3166,impulse_noise/s5,64,0.1875,5.2581281661987305,6.384827613830566,0.17748397435897437,5.3491680683233795,6.509007319425925
3167,impulse_noise/s5,64,0.15625,5.185149669647217,6.369878768920898,0.176953125,5.345067608356476,6.5055291056633
3168,impulse_noise/s5,64,0.15625,5.296175956726074,6.361761093139648,0.17644817073170732,5.343875129048417,6.502022568772479
3169,impulse_noise/s5,64,0.125,5.209929943084717,6.414112091064453,0.17522321428571427,5.340685957954044,6.499929462160383
3170,impulse_noise/s5,64,0.125,4.99528169631958,6.367509365081787,0.17405523255813954,5.33265330070673,6.496849925019021
3171,impulse_noise/s5,64,0.09375,5.771081924438477,6.447421073913574,0.17223011363636365,5.342617587609724,6.495726542039351
3172,impulse_noise/s5,64,0.15625,5.306967735290527,6.417632102966309,0.171875,5.341825368669298,6.49399111005995
3173,impulse_noise/s5,64,0.25,5.194329261779785,6.372962951660156,0.17357336956521738,5.338618931563004,6.491360063138216
3174,impulse_noise/s5,64,0.21875,5.147120475769043,6.212264060974121,0.1745345744680851,5.334544496333345,6.4854218503262135
3175,impulse_noise/s5,64,0.140625,5.4366350173950195,6.401721954345703,0.173828125,5.336671382188797,6.483678102493286
3176,impulse_noise/s5,64,0.125,4.9793925285339355,6.265744209289551,0.17283163265306123,5.3293799770121675,6.479230472019741
3177,impulse_noise/s5,64,0.171875,5.282595157623291,6.4015984535217285,0.1728125,5.32844428062439,6.47767783164978
3178,impulse_noise/s5,64,0.125,5.323727130889893,6.341756820678711,0.171875,5.32835178749234,6.475012713787603
3179,impulse_noise/s5,64,0.171875,5.285767555236816,6.424197673797607,0.171875,5.327532859948965,6.4740355014801025
3180,impulse_noise/s5,64,0.1875,5.281594276428223,6.48961877822876,0.1721698113207547,5.326666094222158,6.4743295255697
3181,impulse_noise/s5,64,0.15625,5.0118608474731445,6.317515850067139,0.171875,5.32083636743051,6.471425568615949
3182,impulse_noise/s5,64,0.109375,5.092926502227783,6.267658233642578,0.17073863636363637,5.316692551699552,6.467720707980069
3183,impulse_noise/s5,64,0.140625,5.551097393035889,6.517682075500488,0.17020089285714285,5.320878352437701,6.46861287525722
3184,impulse_noise/s5,64,0.171875,5.249607563018799,6.470795631408691,0.17023026315789475,5.319627987711053,6.468651169224789
3185,impulse_noise/s5,64,0.1875,5.185266971588135,6.256086349487305,0.1705280172413793,5.317311418467555,6.4649862585396605
3186,impulse_noise/s5,64,0.15625,5.057497024536133,6.305505752563477,0.17028601694915255,5.312907784672107,6.462283199116335
3187,impulse_noise/s5,64,0.203125,4.982903957366943,6.184825897216797,0.17083333333333334,5.307407720883687,6.457658910751343
3188,impulse_noise/s5,64,0.15625,4.951605319976807,6.120827674865723,0.17059426229508196,5.301574894639312,6.452137087212234
3189,impulse_noise/s5,64,0.25,4.8255815505981445,6.318929672241211,0.171875,5.293897582638648,6.449988580519153
3190,impulse_noise/s5,64,0.1875,5.048792362213135,6.185899257659912,0.17212301587301587,5.290007023584275,6.445796686505514
3191,impulse_noise/s5,64,0.203125,5.15147590637207,6.269593715667725,0.172607421875,5.287842474877834,6.443043515086174
3192,impulse_noise/s5,64,0.171875,4.777454853057861,6.121622085571289,0.17259615384615384,5.279990357619066,6.438098570016714
3193,impulse_noise/s5,64,0.265625,4.5055646896362305,6.072807312011719,0.17400568181818182,5.268256635376901,6.432563853986336
3194,impulse_noise/s5,64,0.1875,4.846572399139404,6.0670318603515625,0.17420708955223882,5.261962840806192,6.427108152588802
3195,impulse_noise/s5,64,0.125,5.359819412231445,6.385722637176514,0.17348345588235295,5.2634019080330345,6.426499542068033
3196,impulse_noise/s5,64,0.171875,5.308453559875488,6.397876262664795,0.17346014492753623,5.264054830523505,6.426084711931754
3197,impulse_noise/s5,64,0.1875,4.91622257232666,6.0484442710876465,0.17366071428571428,5.25908579826355,6.420689848491124
3198,impulse_noise/s5,64,0.078125,5.440827369689941,6.141544818878174,0.17231514084507044,5.261645538706175,6.4167582283557305
3199,impulse_noise/s5,64,0.140625,5.2309346199035645,6.342660903930664,0.171875,5.26121899816725,6.415729098849827
3200,impulse_noise/s5,64,0.1875,4.93722677230835,5.9895429611206055,0.1720890410958904,5.25678074849795,6.409890932579563
3201,impulse_noise/s5,64,0.140625,5.529397010803223,6.228201866149902,0.17166385135135134,5.2604647520426155,6.407435674925108
3202,impulse_noise/s5,64,0.265625,4.617674350738525,6.033434867858887,0.17291666666666666,5.251894213358561,6.402448997497559
3203,impulse_noise/s5,64,0.265625,4.779800891876221,5.964129447937012,0.17413651315789475,5.24568245912853,6.396681635003341
3204,impulse_noise/s5,64,0.21875,5.006650447845459,6.098626136779785,0.1747159090909091,5.242578147293686,6.392810784377061
3205,impulse_noise/s5,64,0.171875,4.95072603225708,6.14609432220459,0.17467948717948717,5.238836453511165,6.389647752810747
3206,impulse_noise/s5,64,0.265625,4.352431297302246,5.800708293914795,0.17583069620253164,5.22761613507814,6.382192822951305
3207,impulse_noise/s5,64,0.140625,5.0414862632751465,6.035333156585693,0.175390625,5.225289511680603,6.377857077121734
3208,impulse_noise/s5,64,0.265625,4.622134208679199,6.090365409851074,0.17650462962962962,5.217843149915153,6.374307797278887
3209,impulse_noise/s5,64,0.203125,4.871565341949463,5.911733150482178,0.17682926829268292,5.213620249818011,6.368666643049659
3210,impulse_noise/s5,64,0.234375,4.518670082092285,5.830554962158203,0.17752259036144577,5.205247356230954,6.362183369785907
3211,impulse_noise/s5,64,0.171875,5.20153284072876,6.119901657104492,0.17745535714285715,5.205203135808309,6.359299063682556
3212,impulse_noise/s5,64,0.234375,4.712747573852539,5.985721111297607,0.178125,5.199409540961771,6.354904028948615
3213,impulse_noise/s5,64,0.25,4.739665985107422,5.928163528442383,0.1789607558139535,5.194063685661138,6.34994193010552
3214,impulse_noise/s5,64,0.125,4.898505210876465,5.834360122680664,0.1783405172413793,5.190666461813039,6.344015702433969
3215,impulse_noise/s5,64,0.171875,4.975765705108643,6.1919450759887695,0.17826704545454544,5.18822440775958,6.342287627133456
3216,impulse_noise/s5,64,0.203125,4.598137855529785,5.769768714904785,0.17854634831460675,5.18159422177947,6.335854830366842
3217,impulse_noise/s5,64,0.234375,4.870430946350098,6.041686058044434,0.17916666666666667,5.178136852052477,6.332586288452148
3218,impulse_noise/s5,64,0.1875,4.750202655792236,5.954960823059082,0.17925824175824176,5.173434278467199,6.328436558063213
3219,impulse_noise/s5,64,0.15625,5.04283332824707,5.674868583679199,0.17900815217391305,5.172014702921328,6.321332558341648
3220,impulse_noise/s5,64,0.171875,4.864273548126221,5.915401458740234,0.17893145161290322,5.168705658246112,6.3169677078083
3221,impulse_noise/s5,64,0.171875,5.015264987945557,5.896097183227539,0.17885638297872342,5.167073310689723,6.312490361802121
3222,impulse_noise/s5,64,0.203125,4.753706455230713,5.805140495300293,0.17911184210526315,5.16272208063226,6.3071498368915755
3223,impulse_noise/s5,64,0.25,4.664080619812012,5.9750447273254395,0.17985026041666666,5.157527898748715,6.303690408666928
3224,impulse_noise/s5,64,0.171875,4.97036600112915,5.831820487976074,0.1797680412371134,5.1555983946495445,6.298825770309291
3225,impulse_noise/s5,64,0.25,4.48963737487793,5.634238243103027,0.18048469387755103,5.148802874039631,6.292044264929635
3226,impulse_noise/s5,64,0.21875,4.817743301391602,5.766401290893555,0.18087121212121213,5.145458837952277,6.286734739939372
3227,impulse_noise/s5,64,0.1875,5.386003017425537,6.205029487609863,0.1809375,5.147864279747009,6.2859176874160765
3228,impulse_noise/s5,64,0.21875,4.790340423583984,5.74935245513916,0.1813118811881188,5.144324439586979,6.28060516036383
3229,impulse_noise/s5,64,0.15625,4.716280460357666,5.437361240386963,0.18106617647058823,5.140127929986692,6.272338063109155
3230,impulse_noise/s5,64,0.171875,4.356808185577393,5.439172744750977,0.1809769417475728,5.132522883924466,6.264249079435775
3231,impulse_noise/s5,64,0.15625,4.803183078765869,5.628952980041504,0.18073918269230768,5.12935615502871,6.258140463095445
3232,impulse_noise/s5,64,0.125,4.924808025360107,5.980807304382324,0.18020833333333333,5.127408077603294,6.255499194917225
3233,impulse_noise/s5,64,0.140625,4.978857517242432,5.652704238891602,0.17983490566037735,5.126006657222532,6.249812450049059
3234,impulse_noise/s5,64,0.203125,4.7635884284973145,5.764106273651123,0.18005257009345793,5.1226195709727635,6.245273139989265
3235,impulse_noise/s5,64,0.1875,4.528234481811523,5.516049385070801,0.1801215277777778,5.117116005332382,6.238521068184464
3236,impulse_noise/s5,64,0.21875,4.48638391494751,5.6705121994018555,0.18047591743119265,5.111329472393071,6.233309977645174
3237,impulse_noise/s5,64,0.1875,4.754563331604004,5.40878963470459,0.18053977272727273,5.108086143840443,6.225814338163896
3238,impulse_noise/s5,64,0.15625,5.022485256195068,5.624910354614258,0.18032094594594594,5.107314964672467,6.220400788762548
3239,impulse_noise/s5,64,0.21875,4.716403484344482,5.671271800994873,0.1806640625,5.10382468359811,6.215497851371765
3240,impulse_noise/s5,64,0.21875,4.580432891845703,5.742537498474121,0.18100110619469026,5.099192897830389,6.211312361523113
3241,impulse_noise/s5,64,0.296875,4.244383335113525,5.503761291503906,0.18201754385964913,5.091694568332873,6.2051057731896115
3242,impulse_noise/s5,64,0.1875,4.840202808380127,5.22415828704834,0.18206521739130435,5.089507683463719,6.196575795049252
3243,impulse_noise/s5,64,0.25,4.593828201293945,5.359337329864502,0.18265086206896552,5.085234584479497,6.189358222073522
3244,impulse_noise/s5,64,0.15625,4.636165142059326,5.438957214355469,0.18242521367521367,5.081396384116931,6.182944538246872
3245,impulse_noise/s5,64,0.140625,4.990322589874268,5.387944221496582,0.1820709745762712,5.080624572301315,6.176207247426954
3246,impulse_noise/s5,64,0.203125,4.798248767852783,5.878525257110596,0.18224789915966386,5.078251666381579,6.173705718096564
3247,impulse_noise/s5,64,0.265625,4.467879295349121,5.494767189025879,0.18294270833333334,5.073165229956309,6.168047897020975
3248,impulse_noise/s5,64,0.1875,4.403687000274658,5.299159049987793,0.18298037190082644,5.067632352025056,6.160866997458718
3249,impulse_noise/s5,64,0.1875,5.156847953796387,5.4306488037109375,0.18301741803278687,5.068363627449411,6.154881602427999
3250,impulse_noise/s5,64,0.140625,4.651823997497559,5.438486099243164,0.18267276422764228,5.0649771263928915,6.149057248743569
3251,impulse_noise/s5,64,0.3125,3.77508282661438,4.6813764572143555,0.18371975806451613,5.054574753007581,6.137221113328011
3252,impulse_noise/s5,64,0.25,4.397863388061523,5.166937351226807,0.18425,5.049321062088013,6.129458843231201
3253,impulse_noise/s5,64,0.15625,4.743892192840576,5.102392673492432,0.1840277777777778,5.046897023443192,6.1213075244237505
3254,impulse_noise/s5,64,0.15625,4.617636680603027,4.805411338806152,0.18380905511811024,5.043517020743663,6.110946137135423
3255,impulse_noise/s5,64,0.265625,3.9480912685394287,4.581214904785156,0.1844482421875,5.034959007054567,6.098995111882687
3256,impulse_noise/s5,64,0.125,4.397660732269287,5.368829727172852,0.1839874031007752,5.030018710350806,6.09333491510199
3257,impulse_noise/s5,64,0.140625,4.629826545715332,5.1019744873046875,0.18365384615384617,5.026940309084379,6.0857090656573956
3258,impulse_noise/s5,64,0.21875,4.164567947387695,5.059819221496582,0.18392175572519084,5.020357313956923,6.077877845472962
3259,impulse_noise/s5,64,0.203125,4.307847499847412,4.953096389770508,0.18406723484848486,5.014959512334881,6.0693567738388525
3260,impulse_noise/s5,64,0.265625,4.354269504547119,5.411160469055176,0.18468045112781956,5.009991918291364,6.064407929441983
3261,impulse_noise/s5,64,0.28125,4.038331031799316,4.652435302734375,0.18540111940298507,5.002740717645901,6.0538708202874485
3262,impulse_noise/s5,64,0.15625,4.942517280578613,5.027978897094727,0.18518518518518517,5.00229461811207,6.046271620856391
3263,impulse_noise/s5,64,0.171875,4.767781734466553,4.868346214294434,0.1850873161764706,5.000570258673499,6.037610404631671
3264,impulse_noise/s5,64,0.25,4.530238151550293,5.049115180969238,0.1855611313868613,4.997137177599607,6.030395111028295
3265,impulse_noise/s5,64,0.234375,4.349109172821045,4.88822078704834,0.18591485507246377,4.992441322492517,6.022118485492209
3266,impulse_noise/s5,64,0.328125,3.9088134765625,4.668994426727295,0.18693794964028776,4.9846454387088475,6.012383780033469
3267,impulse_noise/s5,64,0.1875,4.439433574676514,5.00299596786499,0.18694196428571427,4.9807510682514735,6.0051738670894075
3268,impulse_noise/s5,64,0.078125,4.6299943923950195,4.627514362335205,0.18617021276595744,4.978263432252492,5.995403232303917
3269,impulse_noise/s5,64,0.203125,4.331162929534912,4.915935516357422,0.18628961267605634,4.973706386458706,5.98780134698035
3270,impulse_noise/s5,64,0.140625,4.594437599182129,4.565023422241211,0.1859702797202797,4.9710541571770515,5.9778518510031535
3271,impulse_noise/s5,64,0.21875,3.7993862628936768,4.560224533081055,0.18619791666666666,4.962917574577862,5.968007216850917
3272,impulse_noise/s5,64,0.140625,4.4857025146484375,5.101400852203369,0.18588362068965517,4.9596264362335205,5.962030621232658
3273,impulse_noise/s5,64,0.15625,4.508053779602051,4.7516303062438965,0.1856806506849315,4.956533472831935,5.9537402081162965
3274,impulse_noise/s5,64,0.15625,4.6986236572265625,5.3150529861450195,0.18548044217687074,4.954778984290402,5.949395397082478
3275,impulse_noise/s5,64,0.1875,4.393428325653076,4.299318313598633,0.18549408783783783,4.950986074434744,5.938246227599479
3276,impulse_noise/s5,64,0.203125,4.244658946990967,4.487701892852783,0.18561241610738255,4.9462456239149875,5.928511030721984
3277,impulse_noise/s5,64,0.1875,4.586793899536133,4.874977111816406,0.185625,4.9438492790857955,5.921487471262614
3278,impulse_noise/s5,64,0.25,4.028927803039551,3.9563612937927246,0.18605132450331127,4.937790196462973,5.908473390617118
3279,impulse_noise/s5,64,0.15625,4.339011192321777,4.60866641998291,0.18585526315789475,4.933850860909412,5.899922028968208
3280,impulse_noise/s5,64,0.125,5.131390571594238,4.8266682624816895,0.1854575163398693,4.935141970129574,5.892907298468296
3281,impulse_noise/s5,64,0.234375,4.331600666046143,4.164212226867676,0.18577516233766234,4.931222870752409,5.881682005795565
3282,impulse_noise/s5,64,0.265625,3.6525886058807373,4.048372268676758,0.18629032258064515,4.922973617430656,5.86985420103996
3283,impulse_noise/s5,64,0.265625,3.9610462188720703,4.348151683807373,0.1867988782051282,4.916807416157845,5.860099697724367
3284,impulse_noise/s5,64,0.21875,4.437941551208496,5.2544941902160645,0.18700238853503184,4.913757315107212,5.856242337803931
3285,impulse_noise/s5,64,0.171875,4.453217506408691,4.364624977111816,0.18690664556962025,4.910842506191399,5.84680172159702
3286,impulse_noise/s5,64,0.140625,4.6953840255737305,4.553186893463135,0.18661556603773585,4.90948742140764,5.838665779281712
3287,impulse_noise/s5,64,0.171875,4.7602763175964355,4.367656707763672,0.1865234375,4.90855485200882,5.829471972584725
3288,impulse_noise/s5,64,0.171875,4.222582817077637,4.396876335144043,0.18643245341614906,4.904294156139682,5.820573863035404
3289,impulse_noise/s5,64,0.203125,3.9525160789489746,4.303829193115234,0.1865354938271605,4.8984189828236895,5.811211241616143
3290,impulse_noise/s5,64,0.265625,3.8130970001220703,4.146115303039551,0.1870207055214724,4.891760565751901,5.800995929109538
3291,impulse_noise/s5,64,0.3125,3.783052921295166,4.270443916320801,0.1877858231707317,4.885000153285701,5.7916632948852165
3292,impulse_noise/s5,64,0.234375,4.000471591949463,4.326629638671875,0.18806818181818183,4.8796393741260875,5.782784303029378
3293,impulse_noise/s5,64,0.1875,4.567914962768555,4.312697410583496,0.18806475903614459,4.877761516226343,5.773928357894162
3294,impulse_noise/s5,64,0.203125,4.3203206062316895,4.3993330001831055,0.18815494011976047,4.874423546705417,5.765697247967749
3295,impulse_noise/s5,64,0.265625,3.8581576347351074,4.078056335449219,0.18861607142857142,4.868374344848451,5.755651766345615
3296,impulse_noise/s5,64,0.171875,4.698307514190674,4.431685924530029,0.18851701183431951,4.867368032241009,5.747817648938422
3297,impulse_noise/s5,64,0.265625,3.7106034755706787,3.893763542175293,0.1889705882352941,4.86056353484883,5.736911448310403
3298,impulse_noise/s5,64,0.234375,4.525304794311523,4.127224922180176,0.1892361111111111,4.858602957418787,5.727498076812566
3299,impulse_noise/s5,64,0.21875,4.696854591369629,4.302392959594727,0.1894077034883721,4.857662559941757,5.71921258194502
3300,impulse_noise/s5,64,0.1875,4.677863597869873,4.365360260009766,0.18939667630057805,4.85662325958296,5.711386845980076
3301,impulse_noise/s5,64,0.265625,4.002829074859619,4.387679100036621,0.18983477011494254,4.851716396452367,5.703779330198792
3302,impulse_noise/s5,64,0.296875,4.008854389190674,3.8596031665802,0.19044642857142857,4.846900042125157,5.6932411806924
3303,impulse_noise/s5,64,0.125,4.499054431915283,4.045739650726318,0.19007457386363635,4.8449236466126,5.683880376544866
3304,impulse_noise/s5,64,0.234375,4.312102794647217,4.056768417358398,0.19032485875706215,4.841913359313361,5.674687653611609
3305,impulse_noise/s5,64,0.25,4.478449821472168,4.001070499420166,0.19066011235955055,4.839871429325489,5.665285310048736
3306,impulse_noise/s5,64,0.1875,4.5207438468933105,3.7131330966949463,0.19064245810055866,4.838088593669444,5.654379431761843
3307,impulse_noise/s5,64,0.234375,3.9979779720306396,3.682631015777588,0.19088541666666667,4.833421312438118,5.6434252738952635
3308,impulse_noise/s5,64,0.171875,4.4564528465271,4.327338695526123,0.1907803867403315,4.831338613731426,5.636154077329688
3309,impulse_noise/s5,64,0.171875,4.051137447357178,3.7081665992736816,0.19067651098901098,4.827051794135963,5.625560739538172
3310,impulse_noise/s5,64,0.21875,4.458053112030029,3.927694320678711,0.19082991803278687,4.825035407894948,5.616282780965169
3311,impulse_noise/s5,64,0.28125,4.054553985595703,3.9045066833496094,0.19132133152173914,4.820848008860713,5.606979649999867
3312,impulse_noise/s5,64,0.328125,3.7873778343200684,3.501222848892212,0.1920608108108108,4.815261683592925,5.595597180804691
3313,impulse_noise/s5,64,0.203125,4.193460941314697,3.8065075874328613,0.19212029569892472,4.8119186688494935,5.5859784195500035
3314,impulse_noise/s5,64,0.265625,4.113722324371338,3.7876479625701904,0.1925133689839572,4.808184998558167,5.576361679138347
3315,impulse_noise/s5,64,0.28125,4.193004608154297,3.699035167694092,0.19298537234042554,4.804912762438997,5.5663758998221535
3316,impulse_noise/s5,64,0.3125,3.896916151046753,3.5651984214782715,0.19361772486772486,4.800108547563906,5.555787659195996
3317,impulse_noise/s5,64,0.1875,4.435899257659912,3.428154706954956,0.19358552631578949,4.798191656564411,5.544589591026306
3318,impulse_noise/s5,64,0.203125,4.329922676086426,3.715214252471924,0.19363547120418848,4.7957399865095525,5.535011709672618
3319,impulse_noise/s5,64,0.171875,4.472227573394775,3.6781511306762695,0.19352213541666666,4.79405502602458,5.525340560823679
3320,impulse_noise/s5,64,0.203125,4.520870208740234,3.776546001434326,0.19357189119170984,4.792639560650049,5.516279449116999
3321,impulse_noise/s5,64,0.25,4.2489399909973145,3.5013699531555176,0.19386275773195877,4.789836985548747,5.505893317694516
3322,impulse_noise/s5,64,0.265625,4.166919708251953,3.806156635284424,0.19423076923076923,4.786642537972866,5.497176719323183
3323,impulse_noise/s5,64,0.265625,4.033604145050049,3.7425620555877686,0.19459502551020408,4.782800505355913,5.488224603691879
3324,impulse_noise/s5,64,0.203125,4.30679988861084,3.708251476287842,0.19463832487309646,4.780384258570405,5.479189207106073
3325,impulse_noise/s5,64,0.265625,3.990387201309204,3.5673134326934814,0.19499684343434343,4.776394374442823,5.469533268851463
3326,impulse_noise/s5,64,0.25,4.1159539222717285,3.5282068252563477,0.19527324120603015,4.773075578200757,5.459777859587166
3327,impulse_noise/s5,64,0.34375,3.6250576972961426,3.531074047088623,0.196015625,4.767335488796234,5.450134340524674
3328,impulse_noise/s5,64,0.1875,4.0854573249816895,3.4053735733032227,0.19597325870646767,4.76394306012054,5.439961401384268
3329,impulse_noise/s5,64,0.25,3.979513645172119,3.4965524673461914,0.19624071782178218,4.760059746185152,5.430340565077149
3330,impulse_noise/s5,64,0.28125,3.928568124771118,2.9613265991210938,0.1966594827586207,4.755963728345674,5.418177934702982
3331,impulse_noise/s5,64,0.203125,4.108210563659668,4.2731194496154785,0.19669117647058823,4.752788467734468,5.412564902913337
3332,impulse_noise/s5,64,0.140625,4.447772979736328,3.3801817893981934,0.19641768292682926,4.7513005873052085,5.40265083894497
3333,impulse_noise/s5,64,0.265625,3.750169038772583,3.624570369720459,0.19675364077669902,4.746440725419128,5.394019380356502
3334,impulse_noise/s5,64,0.15625,4.895062446594238,3.387136936187744,0.19655797101449277,4.747158704748476,5.384324296085155
3335,impulse_noise/s5,64,0.296875,4.338456630706787,3.278493881225586,0.19704026442307693,4.745193790930968,5.37420011139833
3336,impulse_noise/s5,64,0.1875,4.446114540100098,3.8317394256591797,0.19699461722488038,4.7437627897308206,5.366819916729722
3337,impulse_noise/s5,64,0.265625,4.256222724914551,3.020261764526367,0.19732142857142856,4.741441170374553,5.355645830290658
3338,impulse_noise/s5,64,0.265625,4.533323764801025,2.884401559829712,0.1976451421800948,4.740454831959512,5.343933772136815
3339,impulse_noise/s5,64,0.265625,3.8832452297210693,3.4363715648651123,0.19796580188679244,4.736411390439519,5.334935837196854
3340,impulse_noise/s5,64,0.28125,4.0523762702941895,3.2797412872314453,0.1983568075117371,4.733199957950574,5.325287036492791
3341,impulse_noise/s5,64,0.234375,3.8951005935668945,3.6429009437561035,0.1985251168224299,4.729283605780557,5.317425419237012
3342,impulse_noise/s5,64,0.25,4.268703937530518,3.592270612716675,0.19876453488372092,4.7271413747654405,5.309401443392732
3343,impulse_noise/s5,64,0.234375,4.552927017211914,3.7063746452331543,0.19892939814814814,4.726334826813804,5.301980023030882
3344,impulse_noise/s5,64,0.21875,4.438251495361328,3.603815793991089,0.19902073732718895,4.725007253857801,5.294154381422403
3345,impulse_noise/s5,64,0.15625,4.316009044647217,3.490586280822754,0.19882454128440366,4.723131115283441,5.285881133254515
3346,impulse_noise/s5,64,0.203125,4.433578014373779,3.353726387023926,0.1988441780821918,4.721808955005315,5.2770585088425035
3347,impulse_noise/s5,64,0.3125,3.90280818939209,2.9751408100128174,0.19936079545454546,4.718086224252527,5.266595246575095
3348,impulse_noise/s5,64,0.203125,4.727659225463867,3.002558469772339,0.19937782805429866,4.71812954100009,5.256350736272821
3349,impulse_noise/s5,64,0.203125,4.436911582946777,3.4678263664245605,0.1993947072072072,4.716862793441291,5.248294320192423
3350,impulse_noise/s5,64,0.296875,3.6411008834838867,2.9369699954986572,0.19983183856502243,4.71203874900202,5.237929637122047
3351,impulse_noise/s5,64,0.34375,3.4556193351745605,2.904348373413086,0.20047433035714285,4.706429733761719,5.227511863623347
3352,impulse_noise/s5,64,0.25,4.609520435333252,3.4515750408172607,0.20069444444444445,4.705999025768704,5.219618811077542
3353,impulse_noise/s5,64,0.171875,4.00139045715332,3.2976443767547607,0.20056692477876106,4.702881288739432,5.211114499421246
3354,impulse_noise/s5,64,0.21875,4.262785911560059,3.2548913955688477,0.20064702643171806,4.700942542584457,5.202496776496786
3355,impulse_noise/s5,64,0.25,4.052639961242676,3.023160696029663,0.20086348684210525,4.698099110210151,5.19293828491579
3356,impulse_noise/s5,64,0.21875,4.484787464141846,2.934234619140625,0.20094159388646288,4.697167618305922,5.183074950130746
3357,impulse_noise/s5,64,0.140625,4.609867095947266,3.468804359436035,0.20067934782608696,4.696788050817407,5.175621599736421
3358,impulse_noise/s5,64,0.28125,4.22713565826416,3.079287528991699,0.20102813852813853,4.694754923576917,5.166546560469127
3359,impulse_noise/s5,64,0.234375,4.13301944732666,3.143331527709961,0.201171875,4.692333649972389,5.15782580601758
3360,impulse_noise/s5,64,0.25,3.773439884185791,3.0893912315368652,0.20138143776824036,4.688389899904636,5.148948404410366
3361,impulse_noise/s5,64,0.234375,4.315857410430908,3.986417293548584,0.2015224358974359,4.686797880718851,5.143980322740017
3362,impulse_noise/s5,64,0.328125,3.829174518585205,2.91904616355896,0.20206117021276596,4.683148419603389,5.134512517807331
3363,impulse_noise/s5,64,0.203125,4.286299228668213,2.782318592071533,0.2020656779661017,4.681466855235019,5.124545594393196
3364,impulse_noise/s5,64,0.203125,4.278828144073486,3.031120777130127,0.2020701476793249,4.679767957719569,5.115712578286601
3365,impulse_noise/s5,64,0.21875,3.8300528526306152,3.200399398803711,0.20214023109243698,4.676197726185582,5.1076650439190265
3366,impulse_noise/s5,64,0.28125,4.275463104248047,3.122718334197998,0.20247123430962344,4.674521012286262,5.099359827560361
3367,impulse_noise/s5,64,0.3125,3.4984304904937744,2.8956856727600098,0.2029296875,4.6696206351121265,5.090177851915359
3368,impulse_noise/s5,64,0.25,4.223546504974365,3.004709243774414,0.203125,4.667769705111555,5.081524455201082
3369,impulse_noise/s5,64,0.21875,4.350723743438721,2.907785654067993,0.2031895661157025,4.666459597831915,5.072542063460863
3370,impulse_noise/s5,64,0.1875,4.394280910491943,3.13838267326355,0.203125,4.665339520929281,5.064582559797499
3371,impulse_noise/s5,64,0.203125,4.0059123039245605,3.450993061065674,0.203125,4.662636950367787,5.057969488081385
3372,impulse_noise/s5,64,0.25,3.7695260047912598,2.6420631408691406,0.20331632653061224,4.658991599569515,5.048108645847866
3373,impulse_noise/s5,64,0.234375,4.2437214851379395,2.854668617248535,0.203442581300813,4.657303509673452,5.0391922229673805
3374,impulse_noise/s5,64,0.328125,3.734839677810669,2.9790024757385254,0.20394736842105263,4.6535688382893925,5.030851373788316
3375,impulse_noise/s5,64,0.265625,4.096075057983398,2.7368736267089844,0.2041960685483871,4.651320879497836,5.021601463517835
3376,impulse_noise/s5,64,0.203125,4.1901774406433105,3.1403348445892334,0.2041917670682731,4.649468897815689,5.0140461758916155
3377,impulse_noise/s5,64,0.21875,4.373192310333252,3.347299098968506,0.20425,4.648363791465759,5.007379187583924
3378,impulse_noise/s5,64,0.203125,4.1519598960876465,3.6759657859802246,0.20424551792828685,4.646386086703297,5.0020747517209605
3379,impulse_noise/s5,64,0.203125,4.381107807159424,3.243309497833252,0.20424107142857142,4.645333395117805,4.995095524522993
3380,impulse_noise/s5,64,0.15625,4.994728088378906,3.0481934547424316,0.20405138339920947,4.646714401810537,4.987400259425047
3381,impulse_noise/s5,64,0.21875,4.453004837036133,2.8336524963378906,0.20410925196850394,4.645951765728748,4.978920937523129
3382,impulse_noise/s5,64,0.28125,4.382754325866699,3.005833387374878,0.20441176470588235,4.644919618905759,4.971183339287253
3383,impulse_noise/s5,64,0.296875,4.261549472808838,2.663686752319336,0.20477294921875,4.643422079272568,4.96216968074441
3384,impulse_noise/s5,64,0.265625,4.040404796600342,2.649639129638672,0.20500972762645914,4.64107570852287,4.953171507393804
3385,impulse_noise/s5,64,0.203125,4.736176013946533,2.8116345405578613,0.20500242248062014,4.641444314357846,4.944870976514594
3386,impulse_noise/s5,64,0.21875,4.434911251068115,2.9453046321868896,0.20505550193050193,4.64064688940306,4.9371506431388115
3387,impulse_noise/s5,64,0.265625,3.520230531692505,2.4035887718200684,0.20528846153846153,4.636337595719557,4.927406174402971
3388,impulse_noise/s5,64,0.1875,4.0847954750061035,2.970625877380371,0.20522030651340997,4.63422440751759,4.919908931885643
3389,impulse_noise/s5,64,0.265625,4.237297534942627,2.7364134788513184,0.20545085877862596,4.6327094194543275,4.911574979774825
3390,impulse_noise/s5,64,0.3125,3.791343927383423,2.5372819900512695,0.2058578897338403,4.629510311119457,4.902547249775876
3391,impulse_noise/s5,64,0.1875,4.198996067047119,2.6681995391845703,0.20578835227272727,4.627879575346455,4.894083811478182
3392,impulse_noise/s5,64,0.34375,4.082244396209717,2.7170522212982178,0.20630896226415094,4.625820574670468,4.885868597930332
3393,impulse_noise/s5,64,0.328125,3.8897640705108643,2.824592351913452,0.20676691729323307,4.623053444955582,4.87811943911072
3394,impulse_noise/s5,64,0.171875,4.973519325256348,2.8296549320220947,0.20663623595505617,4.624366051248844,4.870447287398778
3395,impulse_noise/s5,64,0.34375,3.9253528118133545,2.577509880065918,0.20714785447761194,4.6217577928927405,4.861891550804252
3396,impulse_noise/s5,64,0.265625,3.80379056930542,2.9805328845977783,0.20736524163568773,4.618717022544833,4.854897652416867
3397,impulse_noise/s5,64,0.21875,4.623970031738281,2.4927263259887695,0.2074074074074074,4.618736478134438,4.846148869726393
3398,impulse_noise/s5,64,0.265625,4.300973892211914,3.0009925365448,0.20762223247232472,4.617563922466827,4.839340174770003
3399,impulse_noise/s5,64,0.28125,3.8017003536224365,2.875950813293457,0.20789292279411764,4.614564424051958,4.832121831529281
3400,impulse_noise/s5,64,0.3125,3.5478017330169678,2.6171722412109375,0.2082760989010989,4.610656868407141,4.824008463066576
3401,impulse_noise/s5,64,0.234375,4.474907875061035,2.8797671794891357,0.20837135036496351,4.610161434124856,4.816912691958629
3402,impulse_noise/s5,64,0.296875,4.165151119232178,2.7390103340148926,0.2086931818181818,4.608543214797973,4.809356683384288
3403,impulse_noise/s5,64,0.28125,4.0676751136779785,2.164602279663086,0.2089560688405797,4.60658354776493,4.799774239892545
3404,impulse_noise/s5,64,0.1875,4.351687431335449,2.7826545238494873,0.20887861010830325,4.6056633451785425,4.79249221925701
3405,impulse_noise/s5,64,0.234375,4.987615585327148,3.007326126098633,0.20897032374100719,4.60703727409994,4.786070758490253
3406,impulse_noise/s5,64,0.328125,3.6889874935150146,2.4386441707611084,0.20939740143369176,4.603746773094259,4.777657043122049
3407,impulse_noise/s5,64,0.15625,4.744215965270996,2.88043212890625,0.20920758928571428,4.604248448780605,4.770881239856992
3408,impulse_noise/s5,64,0.203125,4.632399082183838,2.4686779975891113,0.20918594306049823,4.6043486289706514,4.762688345756395
3409,impulse_noise/s5,64,0.25,4.221741199493408,2.667059898376465,0.20933067375886524,4.602991865036335,4.755257039205403
3410,impulse_noise/s5,64,0.25,4.252017498016357,2.622269868850708,0.20947438162544169,4.601751672926724,4.747719982066339
3411,impulse_noise/s5,64,0.203125,4.354565143585205,2.8307604789733887,0.2094520246478873,4.600881297823409,4.740970124661083
3412,impulse_noise/s5,64,0.328125,3.5556774139404297,2.5684733390808105,0.20986842105263157,4.597213915774697,4.733347328922205
3413,impulse_noise/s5,64,0.203125,4.810113430023193,2.5919859409332275,0.20984484265734266,4.597958319670671,4.725860051341824
3414,impulse_noise/s5,64,0.25,4.23417854309082,2.588996171951294,0.20998475609756098,4.596690794316734,4.7184145325983025
3415,impulse_noise/s5,64,0.28125,4.262245178222656,2.452763557434082,0.2102322048611111,4.595529524816407,4.710547688934538
3416,impulse_noise/s5,64,0.234375,4.1931986808776855,2.8398194313049316,0.21031574394463667,4.594137376567484,4.70407458077665
3417,impulse_noise/s5,64,0.25,4.382847309112549,2.3534302711486816,0.21045258620689655,4.5934087901279845,4.69596891074345
3418,impulse_noise/s5,64,0.234375,4.455983638763428,2.468018054962158,0.210534793814433,4.592936538748725,4.688312722235611
3419,impulse_noise/s5,64,0.203125,4.56680965423584,2.4116194248199463,0.2105094178082192,4.592847063116832,4.680515827381448
3420,impulse_noise/s5,64,0.28125,3.9091758728027344,2.3079710006713867,0.21075085324232082,4.590513714344429,4.67241840476469
3421,impulse_noise/s5,64,0.375,3.106489658355713,2.480938196182251,0.2113095238095238,4.585466013473718,4.664964390449783
3422,impulse_noise/s5,64,0.1875,4.250937461853027,2.3839592933654785,0.21122881355932202,4.584332018383479,4.657232169781701
3423,impulse_noise/s5,64,0.3125,3.9840590953826904,2.437460422515869,0.21157094594594594,4.582304069319287,4.649732940905803
3424,impulse_noise/s5,64,0.28125,4.247405529022217,2.194488048553467,0.21180555555555555,4.581176464806502,4.641466123086435
3425,impulse_noise/s5,64,0.234375,4.292752742767334,2.3189094066619873,0.21188129194630873,4.5802085999674444,4.633672308601789
3426,impulse_noise/s5,64,0.234375,3.9684009552001953,2.321892261505127,0.21195652173913043,4.578162420553507,4.625940602758656
3427,impulse_noise/s5,64,0.375,3.9503166675567627,2.2811408042907715,0.2125,4.576069601376852,4.61812460343043
3428,impulse_noise/s5,64,0.15625,4.54876184463501,2.6234078407287598,0.21231312292358803,4.575978877932527,4.611497637441388
3429,impulse_noise/s5,64,0.3125,3.6244804859161377,2.33821964263916,0.21264486754966888,4.57282822100532,4.603970226862573
3430,impulse_noise/s5,64,0.3125,4.045838356018066,2.56158447265625,0.21297442244224424,4.571088980526814,4.597229679818987
3431,impulse_noise/s5,64,0.171875,4.95119047164917,2.8591628074645996,0.2128392269736842,4.57233931437919,4.5915123545809795
3432,impulse_noise/s5,64,0.21875,4.808241844177246,2.8667986392974854,0.21285860655737704,4.57311276529656,4.585857555514476
3433,impulse_noise/s5,64,0.28125,4.50807523727417,1.9510421752929688,0.21308210784313725,4.572900224355311,4.577247047735975
3434,impulse_noise/s5,64,0.21875,4.664241313934326,2.4014298915863037,0.2131005700325733,4.573197752334396,4.570159695435813
3435,impulse_noise/s5,64,0.3125,3.9261512756347656,2.2031688690185547,0.21342329545454544,4.571096952085371,4.562474660285107
3436,impulse_noise/s5,64,0.28125,4.537987232208252,2.6123056411743164,0.21364279935275082,4.570989800888357,4.556163433686043
3437,impulse_noise/s5,64,0.34375,3.653024196624756,2.057361364364624,0.2140625,4.568028621519765,4.548102781849523
3438,impulse_noise/s5,64,0.296875,3.757416009902954,2.3686633110046387,0.21432877813504822,4.565422150099776,4.541094937891822
3439,impulse_noise/s5,64,0.265625,4.123383522033691,2.246744155883789,0.2144931891025641,4.564005359625205,4.53374124948795
3440,impulse_noise/s5,64,0.25,4.2204389572143555,2.335294246673584,0.21460662939297126,4.562907703387471,4.52671745714669
3441,impulse_noise/s5,64,0.171875,4.704877853393555,2.422205924987793,0.2144705414012739,4.5633598376231586,4.520015191120707
3442,impulse_noise/s5,64,0.28125,4.754146099090576,2.6740164756774902,0.21468253968253967,4.563965508294484,4.514154877738347
3443,impulse_noise/s5,64,0.21875,4.336181640625,2.3841495513916016,0.21469541139240506,4.563244673270214,4.507414354553705
3444,impulse_noise/s5,64,0.25,4.162293434143066,2.3881654739379883,0.21480678233438485,4.561979842862872,4.500729026854603
3445,impulse_noise/s5,64,0.375,3.3212292194366455,2.1989359855651855,0.21531053459119498,4.558078111342664,4.493490683957466
3446,impulse_noise/s5,64,0.265625,4.2411885261535645,2.5767459869384766,0.21546826018808776,4.557084727063074,4.487482079891575
3447,impulse_noise/s5,64,0.203125,4.404764652252197,2.39854097366333,0.2154296875,4.556608726829291,4.480954138934612
3448,impulse_noise/s5,64,0.265625,4.437245845794678,2.3270132541656494,0.21558605919003115,4.556236879847874,4.474244042720379
3449,impulse_noise/s5,64,0.265625,4.2709221839904785,2.4379098415374756,0.21574145962732919,4.555350809363845,4.467920023462047
3450,impulse_noise/s5,64,0.203125,4.245977401733398,2.3019723892211914,0.21570239938080496,4.55439299695632,4.4612143032321985
3451,impulse_noise/s5,64,0.234375,4.387920379638672,2.491641044616699,0.21576003086419754,4.553879192581883,4.455135373421657
3452,impulse_noise/s5,64,0.234375,4.788252353668213,2.4961605072021484,0.2158173076923077,4.554600340769841,4.449107758448674
3453,impulse_noise/s5,64,0.3125,4.589822769165039,2.3630361557006836,0.21611388036809817,4.554708385028722,4.442708765802208
3454,impulse_noise/s5,64,0.265625,3.8912353515625,2.1381163597106934,0.21626529051987767,4.552679415507419,4.4356610826031515
3455,impulse_noise/s5,64,0.28125,4.22212553024292,2.3781914710998535,0.21646341463414634,4.551671629271856,4.429388309397349
3456,impulse_noise/s5,64,0.28125,3.8512020111083984,2.4652256965637207,0.21666033434650456,4.549542542286557,4.423418210270195
3457,impulse_noise/s5,64,0.328125,4.212948322296143,2.313392162322998,0.21699810606060607,4.548522559801738,4.417024191943082
3458,impulse_noise/s5,64,0.296875,3.960681676864624,2.195619583129883,0.21723942598187312,4.546746605472622,4.410312999771441
3459,impulse_noise/s5,64,0.3125,3.49014949798584,2.105052947998047,0.21752635542168675,4.5435640840645295,4.40336944539863
3460,impulse_noise/s5,64,0.3125,4.134071350097656,2.3617234230041504,0.21781156156156156,4.542334376154719,4.39723837626231
3461,impulse_noise/s5,64,0.21875,4.891566753387451,2.414201021194458,0.21781437125748504,4.543379982074578,4.391301138672286
3462,impulse_noise/s5,64,0.359375,3.700961112976074,1.8475916385650635,0.21823694029850746,4.540865298883239,4.3837079759853985
3463,impulse_noise/s5,64,0.296875,4.216505527496338,2.2286128997802734,0.21847098214285715,4.539899942420778,4.377294002544312
3464,impulse_noise/s5,64,0.28125,4.328152179718018,2.2171483039855957,0.21865727002967358,4.53927161078071,4.370884074655414
3465,impulse_noise/s5,64,0.359375,3.787832021713257,2.0135750770568848,0.21907359467455623,4.537048416730215,4.363909787680271
3466,impulse_noise/s5,64,0.265625,3.7336435317993164,2.3637568950653076,0.2192109144542773,4.534678490815964,4.358009631654857
3467,impulse_noise/s5,64,0.265625,4.020584583282471,1.9848616123199463,0.21934742647058825,4.533166449911454,4.351029784539167
3468,impulse_noise/s5,64,0.328125,3.8737435340881348,1.9141443967819214,0.21966642228739003,4.531232658369451,4.343883493079468
3469,impulse_noise/s5,64,0.328125,4.503167629241943,2.1500284671783447,0.21998355263157895,4.5311505968807735,4.3374687123019795
3470,impulse_noise/s5,64,0.265625,4.258749008178711,2.3810064792633057,0.22011661807580174,4.530356423152779,4.331764740777086
3471,impulse_noise/s5,64,0.359375,3.968073606491089,1.8805866241455078,0.22052143895348839,4.528721880081088,4.324639222996179
3472,impulse_noise/s5,64,0.296875,3.9714324474334717,2.2870869636535645,0.2207427536231884,4.527106548392254,4.318733274418375
3473,impulse_noise/s5,64,0.34375,3.768298864364624,1.952272891998291,0.22109826589595374,4.524913462600267,4.3118937935443284
3474,impulse_noise/s5,64,0.171875,4.7987751960754395,2.3777294158935547,0.2209564121037464,4.52570268949789,4.306319832801819
3475,impulse_noise/s5,64,0.234375,4.443166255950928,2.245849370956421,0.22099497126436782,4.525465515838272,4.300398940670079
3476,impulse_noise/s5,64,0.234375,4.602051258087158,2.3118515014648438,0.22103330945558738,4.525684959225805,4.294701097004735
3477,impulse_noise/s5,64,0.296875,4.251993179321289,2.0967671871185303,0.22125,4.524902982711792,4.288421285833631
3478,impulse_noise/s5,64,0.3125,4.330779075622559,2.226019859313965,0.2215099715099715,4.524349923147435,4.282545498293689
3479,impulse_noise/s5,64,0.25,4.840677738189697,2.0763700008392334,0.2215909090909091,4.525248581712896,4.27627795426683
3480,impulse_noise/s5,64,0.21875,3.687387228012085,2.190812587738037,0.2215828611898017,4.522875036801563,4.270370120367315
3481,impulse_noise/s5,64,0.375,3.7131669521331787,2.1904945373535156,0.2220162429378531,4.520587725827923,4.264494765613039
3482,impulse_noise/s5,64,0.296875,3.6637415885925293,1.8782635927200317,0.22222711267605633,4.518174074737119,4.257772987661228
3483,impulse_noise/s5,64,0.34375,3.4899544715881348,2.1649556159973145,0.2225684691011236,4.515285817424902,4.2518942871790255
3484,impulse_noise/s5,64,0.28125,3.6402201652526855,2.1057777404785156,0.22273284313725492,4.512834653133104,4.245882756235886
3485,impulse_noise/s5,64,0.40625,3.3690037727355957,2.053391933441162,0.22324546089385475,4.509639594807971,4.239758480194561
3486,impulse_noise/s5,64,0.234375,4.140225887298584,2.3676698207855225,0.22327646239554316,4.508610587266162,4.234543748552753
3487,impulse_noise/s5,64,0.28125,4.234670639038086,2.228151559829712,0.2234375,4.507849642965529,4.228970436917411
3488,impulse_noise/s5,64,0.1875,4.89900541305542,2.4718005657196045,0.22333795013850416,4.508933176954697,4.224102930348996
3489,impulse_noise/s5,64,0.265625,4.043225288391113,1.9754345417022705,0.22345476519337015,4.5076466910746875,4.2178911392201375
3490,impulse_noise/s5,64,0.21875,4.517078399658203,2.5306715965270996,0.2234418044077135,4.507672673742961,4.213243151499221
3491,impulse_noise/s5,64,0.28125,4.2166924476623535,2.050797462463379,0.22360061813186813,4.506873277517466,4.207302366639231
3492,impulse_noise/s5,64,0.21875,4.524362564086914,2.355443000793457,0.22358732876712328,4.50692119337108,4.202228779335544
3493,impulse_noise/s5,64,0.109375,4.920225143432617,2.498617172241211,0.22327527322404372,4.508050439136276,4.197574102813429
3494,impulse_noise/s5,64,0.28125,4.3207244873046875,2.2292518615722656,0.22343324250681199,4.507540014199405,4.192210826951737
3495,impulse_noise/s5,64,0.25,4.48392915725708,2.053717613220215,0.2235054347826087,4.507475854262061,4.186399704088336
3496,impulse_noise/s5,64,0.265625,4.412099361419678,2.3703017234802246,0.22361957994579945,4.5072173813817304,4.18147802934414
3497,impulse_noise/s5,64,0.234375,4.345795631408691,2.216087818145752,0.22364864864864864,4.506781106381803,4.176166163908468
3498,impulse_noise/s5,64,0.203125,4.0795416831970215,2.347832679748535,0.22359332884097036,4.505629517640065,4.171238041309655
3499,impulse_noise/s5,64,0.28125,4.753299236297607,1.9878261089324951,0.22374831989247312,4.5062952964536604,4.165368654394663
3500,impulse_noise/s5,64,0.203125,4.719829082489014,2.2438735961914062,0.22369302949061662,4.506867773091825,4.160217193112616
3501,impulse_noise/s5,64,0.25,4.669954299926758,2.264260768890381,0.2237633689839572,4.507303833324004,4.1551477909088135
3502,impulse_noise/s5,64,0.28125,4.430534362792969,2.269646406173706,0.22391666666666668,4.507099114735921,4.150119787216187
3503,impulse_noise/s5,64,0.265625,4.252645969390869,1.9867628812789917,0.2240275930851064,4.506422377647238,4.1443661784238
3504,impulse_noise/s5,64,0.265625,3.9347360134124756,2.126396894454956,0.22413793103448276,4.504905968193034,4.139013474752796
3505,impulse_noise/s5,64,0.296875,4.112861156463623,1.804139494895935,0.22433035714285715,4.503868812606449,4.132836559462169
3506,impulse_noise/s5,64,0.265625,4.369565010070801,2.4577901363372803,0.22443931398416886,4.503514449011368,4.12841691190775
3507,impulse_noise/s5,64,0.328125,4.3866353034973145,2.0343189239501953,0.22471217105263158,4.503206872312647,4.122906127728914
3508,impulse_noise/s5,64,0.25,4.841787815093994,2.175171375274658,0.2247785433070866,4.504095536204461,4.11779396302431
3509,impulse_noise/s5,64,0.3125,4.53819465637207,2.247831106185913,0.22500818062827224,4.504184800916941,4.1128987722996015
3510,impulse_noise/s5,64,0.28125,3.9442837238311768,2.14481258392334,0.22515502610966057,4.5027229182091455,4.107760166063632
3511,impulse_noise/s5,64,0.34375,3.929889678955078,2.085379123687744,0.2254638671875,4.501231164981921,4.1024935487657785
3512,impulse_noise/s5,64,0.28125,4.363646030426025,2.3118481636047363,0.22560876623376624,4.500873800996062,4.097842521791335
3513,impulse_noise/s5,64,0.34375,3.568394660949707,2.3665175437927246,0.22591483160621761,4.498458051928584,4.093357223920871
3514,impulse_noise/s5,64,0.28125,4.269322395324707,2.134521961212158,0.2260578165374677,4.497865970128575,4.0882956340947505
3515,impulse_noise/s5,64,0.234375,4.445997714996338,2.0298542976379395,0.2260792525773196,4.497732289058646,4.0829903729183155
3516,impulse_noise/s5,64,0.28125,4.2685136795043945,2.1367812156677246,0.2262210796915167,4.497143038134342,4.077987264544921
3517,impulse_noise/s5,64,0.25,4.025417804718018,2.0536723136901855,0.22628205128205128,4.495933486253787,4.072796713388883
3518,impulse_noise/s5,40,0.17499999701976776,4.9407758712768555,2.3479912281036377,0.22615089513304287,4.497071190563309,4.06838544616309
3519,jpeg_compression/s5,64,0.453125,3.661252498626709,5.886072635650635,0.453125,3.661252498626709,5.886072635650635
3520,jpeg_compression/s5,64,0.40625,3.79192852973938,6.009378433227539,0.4296875,3.7265905141830444,5.947725534439087
3521,jpeg_compression/s5,64,0.4375,3.952523708343506,6.0658440589904785,0.4322916666666667,3.8019015789031982,5.987098375956218
3522,jpeg_compression/s5,64,0.40625,3.7725093364715576,6.059990882873535,0.42578125,3.794553518295288,6.005321502685547
3523,jpeg_compression/s5,64,0.390625,3.843554973602295,6.00419282913208,0.41875,3.8043538093566895,6.005095767974853
3524,jpeg_compression/s5,64,0.375,3.5625274181365967,5.856566429138184,0.4114583333333333,3.7640494108200073,5.980340878168742
3525,jpeg_compression/s5,64,0.40625,3.6765575408935547,5.905801773071289,0.4107142857142857,3.7515505722590854,5.969692434583392
3526,jpeg_compression/s5,64,0.40625,3.656015396118164,5.785038948059082,0.41015625,3.7396086752414703,5.946610748767853
3527,jpeg_compression/s5,64,0.4375,3.8712377548217773,5.982439041137695,0.4131944444444444,3.754234128528171,5.95059167014228
3528,jpeg_compression/s5,64,0.40625,4.041890621185303,6.115296363830566,0.4125,3.782999777793884,5.967062139511109
3529,jpeg_compression/s5,64,0.375,4.066131591796875,6.1320271492004395,0.4090909090909091,3.808739033612338,5.9820589585737745
3530,jpeg_compression/s5,64,0.375,3.776771068572998,5.891283988952637,0.40625,3.8060750365257263,5.974494377772014
3531,jpeg_compression/s5,64,0.359375,4.176222324371338,6.058200359344482,0.4026442307692308,3.8345479048215427,5.980933299431434
3532,jpeg_compression/s5,64,0.390625,3.8145880699157715,5.923675537109375,0.4017857142857143,3.833122202328273,5.976843459265573
3533,jpeg_compression/s5,64,0.359375,3.5084452629089355,5.766461372375488,0.39895833333333336,3.8114770730336507,5.962817986806233
3534,jpeg_compression/s5,64,0.4375,3.3684580326080322,5.702438831329346,0.4013671875,3.7837883830070496,5.946544289588928
3535,jpeg_compression/s5,64,0.4375,3.410099506378174,5.622851371765137,0.40349264705882354,3.7618066843818214,5.92750352971694
3536,jpeg_compression/s5,64,0.34375,4.131054401397705,6.028141021728516,0.4001736111111111,3.7823204464382596,5.933094501495361
3537,jpeg_compression/s5,64,0.421875,3.4986183643341064,5.573907375335693,0.40131578947368424,3.767388757906462,5.91418991590801
3538,jpeg_compression/s5,64,0.53125,3.3001368045806885,5.731352806091309,0.4078125,3.7440261602401734,5.905048060417175
3539,jpeg_compression/s5,64,0.484375,3.1027305126190186,5.594142436981201,0.4114583333333333,3.7134882722582137,5.8902430307297475
3540,jpeg_compression/s5,64,0.296875,4.012727737426758,5.915805816650391,0.40625,3.727090066129511,5.891404975544322
3541,jpeg_compression/s5,64,0.4375,3.4700710773468018,5.752669334411621,0.4076086956521739,3.7159153274867847,5.885372991147249
3542,jpeg_compression/s5,64,0.390625,3.5655713081359863,5.311129570007324,0.4069010416666667,3.709650993347168,5.861446181933085
3543,jpeg_compression/s5,64,0.4375,3.583841562271118,5.725370407104492,0.408125,3.704618616104126,5.856003150939942
3544,jpeg_compression/s5,64,0.484375,3.223426342010498,5.609076499938965,0.4110576923076923,3.6861112209466786,5.846505972055288
3545,jpeg_compression/s5,64,0.421875,3.784501791000366,5.8185930252075195,0.4114583333333333,3.6897553161338523,5.845472159209074
3546,jpeg_compression/s5,64,0.4375,3.3024983406066895,5.633334159851074,0.41238839285714285,3.675924709865025,5.837895802089146
3547,jpeg_compression/s5,64,0.46875,3.4704744815826416,5.490260601043701,0.41433189655172414,3.668840219234598,5.825908381363441
3548,jpeg_compression/s5,64,0.5,2.9907054901123047,5.400582313537598,0.4171875,3.646235728263855,5.8117308457692465
3549,jpeg_compression/s5,64,0.421875,3.1920220851898193,5.327507972717285,0.4173387096774194,3.6315836752614667,5.796110753090151
3550,jpeg_compression/s5,64,0.359375,3.3719444274902344,5.4470391273498535,0.41552734375,3.6234699487686157,5.785202264785767
3551,jpeg_compression/s5,64,0.34375,3.2757513523101807,5.336773872375488,0.4133522727272727,3.6129330216032085,5.771613525621818
3552,jpeg_compression/s5,64,0.375,3.3034284114837646,5.234809875488281,0.41222426470588236,3.6038299448349895,5.755825182970832
3553,jpeg_compression/s5,64,0.421875,3.067678451538086,5.2295002937316895,0.4125,3.5885113307407925,5.740787328992571
3554,jpeg_compression/s5,64,0.40625,3.6324591636657715,5.857649803161621,0.4123263888888889,3.5897321038775973,5.744033508830601
3555,jpeg_compression/s5,64,0.453125,3.5247879028320312,5.509158611297607,0.41342905405405406,3.58797685520069,5.737685538627006
3556,jpeg_compression/s5,64,0.5,2.8633060455322266,5.0598955154418945,0.41570723684210525,3.568906570735731,5.719848959069503
3557,jpeg_compression/s5,64,0.421875,3.4898791313171387,5.228802680969238,0.41586538461538464,3.566880226135254,5.707258028861804
3558,jpeg_compression/s5,64,0.359375,3.487107276916504,5.437751770019531,0.414453125,3.564885902404785,5.700520372390747
3559,jpeg_compression/s5,64,0.453125,3.217133045196533,5.281166076660156,0.41539634146341464,3.556404125399706,5.690292218836342
3560,jpeg_compression/s5,64,0.515625,3.4163658618927,5.545215606689453,0.4177827380952381,3.5530698810304915,5.686838013785226
3561,jpeg_compression/s5,64,0.265625,3.8416318893432617,5.640336036682129,0.41424418604651164,3.559780625409858,5.685756572457247
3562,jpeg_compression/s5,64,0.296875,3.8396570682525635,5.601814270019531,0.41157670454545453,3.566141453656283,5.68384879285639
3563,jpeg_compression/s5,64,0.46875,3.410304307937622,5.502020835876465,0.4128472222222222,3.5626784059736463,5.679808171590169
3564,jpeg_compression/s5,64,0.4375,3.328481912612915,5.146662712097168,0.413383152173913,3.557587177857109,5.668218052905539
3565,jpeg_compression/s5,64,0.46875,3.2853238582611084,5.447762489318848,0.41456117021276595,3.55179434126996,5.663527508999439
3566,jpeg_compression/s5,64,0.40625,3.68525767326355,5.455563545227051,0.4143880208333333,3.5545748273531594,5.659194926420848
3567,jpeg_compression/s5,64,0.453125,3.2983510494232178,5.254537582397461,0.41517857142857145,3.549345770660712,5.650936613277513
3568,jpeg_compression/s5,64,0.375,3.4843337535858154,5.350676536560059,0.414375,3.548045530319214,5.644931411743164
3569,jpeg_compression/s5,64,0.375,3.4830942153930664,5.4155683517456055,0.41360294117647056,3.5467719751245834,5.640434096841251
3570,jpeg_compression/s5,64,0.3125,3.969761848449707,5.557614326477051,0.41165865384615385,3.5549063957654514,5.638841408949632
3571,jpeg_compression/s5,64,0.3125,3.670525312423706,5.268509864807129,0.4097877358490566,3.557087884759003,5.631854021324302
3572,jpeg_compression/s5,64,0.5,2.694119691848755,4.87070369720459,0.4114583333333333,3.5411069922977023,5.6177586449517145
3573,jpeg_compression/s5,64,0.359375,3.200690269470215,5.004848480224609,0.41051136363636365,3.5349175973372025,5.606614823774858
3574,jpeg_compression/s5,64,0.359375,3.6321253776550293,5.411182880401611,0.4095982142857143,3.536653450557164,5.6031249676431925
3575,jpeg_compression/s5,64,0.34375,3.6327004432678223,5.429471015930176,0.40844298245614036,3.538338485517,5.600078407086824
3576,jpeg_compression/s5,64,0.375,3.197714328765869,5.113933563232422,0.4078663793103448,3.5324656552281875,5.591696599434162
3577,jpeg_compression/s5,64,0.4375,3.1826488971710205,5.1135993003845215,0.4083686440677966,3.526536557633998,5.583593255382473
3578,jpeg_compression/s5,64,0.484375,3.0635483264923096,4.860642433166504,0.40963541666666664,3.5188200871149697,5.571544075012207
3579,jpeg_compression/s5,64,0.296875,3.4465975761413574,4.907771110534668,0.4077868852459016,3.5176361115252384,5.560662551004379
3580,jpeg_compression/s5,64,0.5,2.5891940593719482,4.496525764465332,0.4092741935483871,3.5026612397163146,5.543499054447297
3581,jpeg_compression/s5,64,0.40625,3.295318603515625,4.745121479034424,0.40922619047619047,3.499370086760748,5.530826394520108
3582,jpeg_compression/s5,64,0.3125,3.5673646926879883,5.139405250549316,0.40771484375,3.500432502478361,5.524710439145565
3583,jpeg_compression/s5,64,0.484375,2.74348521232605,4.678773880004883,0.40889423076923076,3.488787159552941,5.5116960305434
3584,jpeg_compression/s5,64,0.515625,2.6392338275909424,4.5790486335754395,0.41051136363636365,3.4759151393716987,5.49756500937722
3585,jpeg_compression/s5,64,0.515625,2.7998530864715576,4.595935821533203,0.412080223880597,3.465824660970204,5.484107857319846
3586,jpeg_compression/s5,64,0.390625,3.228059768676758,5.276112079620361,0.4117647058823529,3.462328118436477,5.481049095883089
3587,jpeg_compression/s5,64,0.359375,3.2517054080963135,4.719973564147949,0.4110054347826087,3.4592756153880684,5.470019015713015
3588,jpeg_compression/s5,64,0.421875,2.9963197708129883,4.408807754516602,0.41116071428571427,3.4526619604655675,5.45485885483878
3589,jpeg_compression/s5,64,0.375,3.2314491271972656,5.249789237976074,0.41065140845070425,3.4495462867575633,5.451970550375925
3590,jpeg_compression/s5,64,0.40625,3.1989524364471436,5.0372724533081055,0.4105902777777778,3.4460658166143627,5.446210854583317
3591,jpeg_compression/s5,64,0.34375,3.1741890907287598,4.316012382507324,0.4096746575342466,3.4423414779036015,5.43072868373296
3592,jpeg_compression/s5,64,0.375,3.3383915424346924,5.253098011016846,0.4092060810810811,3.440936749045913,5.428328269236797
3593,jpeg_compression/s5,64,0.53125,2.605435609817505,4.373742580413818,0.41083333333333333,3.429796733856201,5.414267126719157
3594,jpeg_compression/s5,64,0.5,2.569791078567505,4.062580108642578,0.4120065789473684,3.4184808699708236,5.396481771218149
3595,jpeg_compression/s5,64,0.421875,3.199460029602051,4.749495506286621,0.4121347402597403,3.4156364434725277,5.388079352193064
3596,jpeg_compression/s5,64,0.5,2.8149914741516113,4.82790994644165,0.41326121794871795,3.4079358669427724,5.380897693144969
3597,jpeg_compression/s5,64,0.5625,2.566497564315796,4.062615394592285,0.4151503164556962,3.3972847491880005,5.364210575441771
3598,jpeg_compression/s5,64,0.359375,3.45919132232666,4.567924499511719,0.414453125,3.3980585813522337,5.354256999492645
3599,jpeg_compression/s5,64,0.484375,2.5965747833251953,4.11962890625,0.41531635802469136,3.388163719648196,5.339014677353847
3600,jpeg_compression/s5,64,0.421875,2.987220287322998,4.446917533874512,0.41539634146341464,3.38327416559545,5.328135443896782
3601,jpeg_compression/s5,64,0.46875,2.907440185546875,3.7780604362487793,0.41603915662650603,3.3775412260767923,5.309459841394999
3602,jpeg_compression/s5,64,0.40625,2.9734129905700684,4.423603057861328,0.41592261904761907,3.3727301756540933,5.298913927305312
3603,jpeg_compression/s5,64,0.578125,2.311427116394043,3.745134115219116,0.4178308823529412,3.3602442573098577,5.280634164810181
3604,jpeg_compression/s5,64,0.46875,2.8430540561676025,4.410558223724365,0.4184229651162791,3.3542304177616917,5.270517002704532
3605,jpeg_compression/s5,64,0.4375,3.151092767715454,4.578223705291748,0.41864224137931033,3.3518955022439187,5.262559608481396
3606,jpeg_compression/s5,64,0.53125,2.8435914516448975,4.734205722808838,0.419921875,3.3461193198507484,5.256555587053299
3607,jpeg_compression/s5,64,0.453125,2.7214462757110596,3.893946647644043,0.4202949438202247,3.3391005216019876,5.241245374250948
3608,jpeg_compression/s5,64,0.328125,3.1778101921081543,4.20032262802124,0.4192708333333333,3.337308406829834,5.229679565959507
3609,jpeg_compression/s5,64,0.5,2.6181437969207764,3.97621488571167,0.42015796703296704,3.3294054990286357,5.215905228813926
3610,jpeg_compression/s5,64,0.453125,2.9621975421905518,4.235114097595215,0.4205163043478261,3.325414108193439,5.205244455648505
3611,jpeg_compression/s5,64,0.375,3.232147455215454,4.071230411529541,0.4200268817204301,3.3244112409571165,5.193050756249376
3612,jpeg_compression/s5,64,0.40625,3.1152350902557373,4.071079254150391,0.41988031914893614,3.322185962758166,5.18111488920577
3613,jpeg_compression/s5,64,0.53125,2.823146343231201,4.164493560791016,0.42105263157894735,3.316932914131566,5.1704136120645625
3614,jpeg_compression/s5,64,0.4375,2.9749386310577393,3.945335626602173,0.4212239583333333,3.3133704736828804,5.157652383049329
3615,jpeg_compression/s5,64,0.359375,3.3752212524414062,4.518758773803711,0.42058634020618557,3.3140081105772983,5.15106585099525
3616,jpeg_compression/s5,64,0.453125,2.799316644668579,4.213557243347168,0.42091836734693877,3.3087561568435357,5.141499436631495
3617,jpeg_compression/s5,64,0.484375,2.8175158500671387,4.061282157897949,0.4215593434343434,3.303794133542764,5.130588150987721
3618,jpeg_compression/s5,64,0.359375,3.4688644409179688,4.419828414916992,0.4209375,3.305444836616516,5.123480553627014
3619,jpeg_compression/s5,64,0.4375,2.8648521900177,3.8611812591552734,0.42110148514851486,3.301082533184845,5.110982540810462
3620,jpeg_compression/s5,64,0.421875,3.183166742324829,4.276890277862549,0.42110906862745096,3.2999264960195505,5.102805165683522
3621,jpeg_compression/s5,64,0.453125,2.5990560054779053,3.685378313064575,0.4214199029126214,3.293121928150214,5.08904373992994
3622,jpeg_compression/s5,64,0.4375,2.740335702896118,3.7231030464172363,0.4215745192307692,3.287806675984309,5.07590969480001
3623,jpeg_compression/s5,64,0.46875,2.8208086490631104,3.8127546310424805,0.4220238095238095,3.2833590757279167,5.063879646573748
3624,jpeg_compression/s5,64,0.421875,2.8211841583251953,4.158511161804199,0.42202240566037735,3.2789989349977025,5.05533843445328
3625,jpeg_compression/s5,64,0.421875,2.9143614768981934,3.6591763496398926,0.4220210280373832,3.275591108286492,5.042290190669978
3626,jpeg_compression/s5,64,0.390625,2.594435930252075,3.5939297676086426,0.42173032407407407,3.2692841158972845,5.028879446012002
3627,jpeg_compression/s5,64,0.484375,2.6651358604431152,3.611992597579956,0.42230504587155965,3.2637414713518336,5.015880484099782
3628,jpeg_compression/s5,64,0.484375,2.614680528640747,3.6466612815856934,0.42286931818181817,3.2578409173271874,5.003433036804199
3629,jpeg_compression/s5,64,0.40625,3.1806540489196777,4.161970138549805,0.42271959459459457,3.257145540134327,4.995852289973079
3630,jpeg_compression/s5,64,0.40625,3.139700174331665,3.77463436126709,0.42257254464285715,3.256096920796803,4.984948558466775
3631,jpeg_compression/s5,64,0.484375,2.8116281032562256,3.7663772106170654,0.4231194690265487,3.252163568429187,4.974164741229167
3632,jpeg_compression/s5,64,0.53125,2.510526657104492,3.779359817504883,0.42406798245614036,3.2456579814877426,4.963683996284217
3633,jpeg_compression/s5,64,0.390625,2.986243963241577,3.712909460067749,0.4237771739130435,3.243402207416037,4.952807695969291
3634,jpeg_compression/s5,64,0.515625,2.4398114681243896,3.255099296569824,0.4245689655172414,3.236474701042833,4.938172278733089
3635,jpeg_compression/s5,64,0.515625,2.15061354637146,3.2966670989990234,0.4253472222222222,3.2271938364729924,4.924142319931943
3636,jpeg_compression/s5,64,0.46875,2.730666399002075,3.3672077655792236,0.4257150423728814,3.2229859768334084,4.9109479593018355
3637,jpeg_compression/s5,64,0.453125,2.947768449783325,3.613492012023926,0.4259453781512605,3.2206732245052563,4.900044968148239
3638,jpeg_compression/s5,64,0.59375,2.3269011974334717,3.4505460262298584,0.42734375,3.213225124279658,4.88796581029892
3639,jpeg_compression/s5,64,0.421875,2.6322238445281982,3.4079885482788086,0.42729855371900827,3.2084234608106375,4.875734593257431
3640,jpeg_compression/s5,64,0.4375,2.79610013961792,3.4923386573791504,0.42738217213114754,3.205043761456599,4.864395282307609
3641,jpeg_compression/s5,64,0.359375,2.6802878379821777,3.273265838623047,0.4268292682926829,3.2007774531356685,4.851459270570336
3642,jpeg_compression/s5,64,0.53125,2.421663761138916,3.2561213970184326,0.42767137096774194,3.194494278200211,4.838593642557821
3643,jpeg_compression/s5,64,0.421875,2.2723844051361084,3.040557861328125,0.427625,3.187117399215698,4.824209356307984
3644,jpeg_compression/s5,64,0.40625,3.069131374359131,3.5393385887145996,0.42745535714285715,3.186181002193027,4.814011969263592
3645,jpeg_compression/s5,64,0.46875,2.9202399253845215,3.501953363418579,0.4277805118110236,3.1840869779661882,4.803680799138828
3646,jpeg_compression/s5,64,0.4375,2.731719970703125,3.1107561588287354,0.4278564453125,3.1805528607219458,4.790454825386405
3647,jpeg_compression/s5,64,0.390625,2.829848527908325,3.5040206909179688,0.4275678294573643,3.1778342224830807,4.780482467754867
3648,jpeg_compression/s5,64,0.53125,2.4903180599212646,3.2585277557373047,0.4283653846153846,3.17254563661722,4.76877512381627
3649,jpeg_compression/s5,64,0.515625,2.082683801651001,3.0029244422912598,0.4290314885496183,3.1642260806251117,4.755295347621423
3650,jpeg_compression/s5,64,0.5,2.495901584625244,3.3026256561279297,0.4295691287878788,3.1591630162614766,4.744290274201018
3651,jpeg_compression/s5,64,0.46875,2.508859157562256,2.8295681476593018,0.42986372180451127,3.15427351356449,4.729893867234538
3652,jpeg_compression/s5,64,0.46875,2.0978548526763916,3.2661900520324707,0.43015391791044777,3.1463897922145785,4.718970704434523
3653,jpeg_compression/s5,64,0.359375,3.2226004600524902,3.3085291385650635,0.42962962962962964,3.146954315680045,4.708522989131787
3654,jpeg_compression/s5,64,0.5,2.2623274326324463,2.6722614765167236,0.43014705882352944,3.140449706245871,4.693550478009617
3655,jpeg_compression/s5,64,0.515625,2.4726309776306152,2.9967291355133057,0.43077098540145986,3.1355751169859056,4.681164920765118
3656,jpeg_compression/s5,64,0.5,2.274493455886841,3.2044572830200195,0.43127264492753625,3.1293353948040283,4.6704641407814576
3657,jpeg_compression/s5,64,0.40625,2.4079041481018066,3.0602176189422607,0.4310926258992806,3.1241452419500555,4.658879633430097
3658,jpeg_compression/s5,64,0.4375,2.412783622741699,2.9312496185302734,0.43113839285714284,3.1190640875271387,4.646539419037955
3659,jpeg_compression/s5,64,0.515625,2.1485095024108887,2.9080677032470703,0.4317375886524823,3.1121807216752506,4.63420983240114
3660,jpeg_compression/s5,64,0.484375,2.5282278060913086,3.3844716548919678,0.4321082746478873,3.108068377199307,4.62540885932009
3661,jpeg_compression/s5,64,0.515625,2.496817111968994,2.8059141635894775,0.4326923076923077,3.1037938928270674,4.612685120189107
3662,jpeg_compression/s5,64,0.5,2.3934366703033447,2.6257128715515137,0.4331597222222222,3.0988608565595417,4.59888670179579
3663,jpeg_compression/s5,64,0.546875,2.168811321258545,2.869753360748291,0.4339439655172414,3.0924467218333276,4.586961644271325
3664,jpeg_compression/s5,64,0.5,2.4536612033843994,2.887362003326416,0.434396404109589,3.08807147855628,4.575320550840195
3665,jpeg_compression/s5,64,0.4375,2.8262672424316406,3.01570725440979,0.4344175170068027,3.0862904973581533,4.564710936578764
3666,jpeg_compression/s5,64,0.46875,2.6413352489471436,2.64951753616333,0.43464949324324326,3.083284042976998,4.551770440630011
3667,jpeg_compression/s5,64,0.390625,2.661100387573242,2.942139148712158,0.43435402684563756,3.0804505956252948,4.5409675460533805
3668,jpeg_compression/s5,64,0.546875,2.3470957279205322,2.9341237545013428,0.4351041666666667,3.0755615631739297,4.530255254109701
3669,jpeg_compression/s5,64,0.46875,2.406219720840454,2.71716570854187,0.4353269867549669,3.071128835741258,4.5182480385761385
3670,jpeg_compression/s5,64,0.484375,2.288588047027588,2.5993008613586426,0.4356496710526316,3.065980541078668,4.505623386094444
3671,jpeg_compression/s5,64,0.40625,3.156237840652466,3.507049560546875,0.4354575163398693,3.0665704580693465,4.499096759783677
3672,jpeg_compression/s5,64,0.53125,2.132136583328247,2.8505585193634033,0.43607954545454547,3.0605027056359626,4.488391966014714
3673,jpeg_compression/s5,64,0.53125,1.940568208694458,2.4903955459594727,0.4366935483870968,3.053277321784727,4.475501666530486
3674,jpeg_compression/s5,64,0.4375,2.4277055263519287,2.7766506671905518,0.43669871794871795,3.0492672461729784,4.464611596021896
3675,jpeg_compression/s5,64,0.4375,2.368354320526123,2.454423427581787,0.43670382165605093,3.0449302211688583,4.4518078497261
3676,jpeg_compression/s5,64,0.46875,2.6431894302368164,2.8508248329162598,0.4369066455696203,3.042387557935111,4.44167504582224
3677,jpeg_compression/s5,64,0.328125,2.817817449569702,2.939128875732422,0.43622248427672955,3.0409751673164607,4.432225069909726
3678,jpeg_compression/s5,64,0.453125,2.260953664779663,2.6338284015655518,0.436328125,3.0361000329256056,4.420985090732574
3679,jpeg_compression/s5,64,0.484375,2.7568905353546143,2.903581142425537,0.43662655279503104,3.034365812443798,4.411560221488432
3680,jpeg_compression/s5,64,0.546875,2.188511848449707,2.3572492599487305,0.4373070987654321,3.029144491678403,4.398879289627075
3681,jpeg_compression/s5,64,0.46875,2.3315236568450928,2.631693124771118,0.4375,3.0248646092561127,4.388037656713848
3682,jpeg_compression/s5,64,0.609375,1.9086267948150635,2.0351643562316895,0.4385480182926829,3.0180582811192767,4.373690868296275
3683,jpeg_compression/s5,64,0.484375,2.4482264518737793,3.0178117752075195,0.4388257575757576,3.014604754881425,4.365473419247252
3684,jpeg_compression/s5,64,0.390625,2.8179211616516113,2.9189419746398926,0.4385353915662651,3.013419913958354,4.3567593744002195
3685,jpeg_compression/s5,64,0.390625,2.6533379554748535,2.6653504371643066,0.43824850299401197,3.011263734566237,4.346631177171262
3686,jpeg_compression/s5,64,0.53125,1.939851999282837,2.333869218826294,0.4388020833333333,3.004886283760979,4.3346504512287325
3687,jpeg_compression/s5,64,0.421875,2.699401378631592,3.009732723236084,0.4387019230769231,3.003078680772048,4.326810701358953
3688,jpeg_compression/s5,64,0.4375,2.190199136734009,2.185218334197998,0.4386948529411765,2.9982970363953534,4.314213099199183
3689,jpeg_compression/s5,64,0.46875,2.3777453899383545,2.4889492988586426,0.4388706140350877,2.994668079398529,4.30353904188725
3690,jpeg_compression/s5,64,0.40625,3.050732374191284,2.6364948749542236,0.4386809593023256,2.994994034600812,4.29384692463764
3691,jpeg_compression/s5,64,0.421875,2.312272310256958,2.5767602920532227,0.43858381502890176,2.991047666252004,4.283921568379926
3692,jpeg_compression/s5,64,0.46875,2.4084718227386475,2.3584115505218506,0.43875718390804597,2.987699529220318,4.272855418852006
3693,jpeg_compression/s5,64,0.453125,2.677639961242676,2.453521728515625,0.4388392857142857,2.985927760260446,4.262459226335798
3694,jpeg_compression/s5,64,0.46875,2.613691568374634,3.0539844036102295,0.43900923295454547,2.9838127818974582,4.255592892115766
3695,jpeg_compression/s5,64,0.609375,2.296020984649658,2.291515350341797,0.4399717514124294,2.979926952534476,4.244496408828907
3696,jpeg_compression/s5,64,0.5625,2.268065929412842,2.6859941482543945,0.44066011235955055,2.9759277333034557,4.235740778151523
3697,jpeg_compression/s5,64,0.421875,2.4040944576263428,2.282438278198242,0.44055516759776536,2.972733133997997,4.22482847368251
3698,jpeg_compression/s5,64,0.5,2.30501389503479,2.478236675262451,0.44088541666666664,2.969023582670424,4.21512518591351
3699,jpeg_compression/s5,64,0.484375,2.1785824298858643,2.3912181854248047,0.4411256906077348,2.964656504478244,4.205048351656666
3700,jpeg_compression/s5,64,0.546875,2.438608407974243,2.268394947052002,0.4417067307692308,2.9617661303216285,4.194407398884113
3701,jpeg_compression/s5,64,0.5,2.5618224143981934,2.5880095958709717,0.4420252732240437,2.9595806455351616,4.185629268813003
3702,jpeg_compression/s5,64,0.484375,2.008721351623535,2.352703094482422,0.4422554347826087,2.954412931981294,4.175667713517728
3703,jpeg_compression/s5,64,0.5,2.5113885402679443,2.3966522216796875,0.44256756756756754,2.9520182055396003,4.1660514135618465
3704,jpeg_compression/s5,64,0.5,2.1322572231292725,2.463923454284668,0.4428763440860215,2.9476108884298675,4.156900187974335
3705,jpeg_compression/s5,64,0.484375,2.2450859546661377,2.4354331493377686,0.4430982620320856,2.943854070602254,4.147694481885369
3706,jpeg_compression/s5,64,0.40625,2.4236559867858887,2.4312849044799805,0.44290226063829785,2.941087059518124,4.1385646437076815
3707,jpeg_compression/s5,64,0.46875,2.2188704013824463,1.9738707542419434,0.44303902116402116,2.9372658073586764,4.127111236885111
3708,jpeg_compression/s5,64,0.46875,2.6710124015808105,2.2745625972747803,0.44317434210526313,2.935864473644056,4.117360980887162
3709,jpeg_compression/s5,64,0.5,2.104539394378662,2.360342502593994,0.44347185863874344,2.931511986318059,4.1081619312625905
3710,jpeg_compression/s5,64,0.5625,2.3593149185180664,2.046152114868164,0.444091796875,2.928531793256601,4.097422296802203
3711,jpeg_compression/s5,64,0.390625,2.784821033477783,1.8338435888290405,0.44381476683937826,2.927787177920959,4.085693909714259
3712,jpeg_compression/s5,64,0.5625,1.9976806640625,2.4814658164978027,0.44442654639175255,2.9229928144474617,4.077424692738917
3713,jpeg_compression/s5,64,0.59375,1.8281835317611694,1.900989055633545,0.44519230769230766,2.9173784078695837,4.066263484343504
3714,jpeg_compression/s5,64,0.578125,1.7779639959335327,1.9904382228851318,0.4458705357142857,2.911565069033175,4.055672539131982
3715,jpeg_compression/s5,64,0.453125,2.248049020767212,2.337101459503174,0.44590736040609136,2.9081969672653276,4.046948828067876
3716,jpeg_compression/s5,64,0.46875,2.5886852741241455,2.104377269744873,0.4460227272727273,2.9065832718454225,4.037137860601598
3717,jpeg_compression/s5,64,0.484375,2.7793357372283936,2.238198757171631,0.44621545226130654,2.9059438369981008,4.028097965609488
3718,jpeg_compression/s5,64,0.453125,2.4201629161834717,2.016479015350342,0.44625,2.9035149323940277,4.018039870858193
3719,jpeg_compression/s5,64,0.453125,2.5909054279327393,2.3597264289855957,0.4462842039800995,2.9019596612275538,4.009789555226986
3720,jpeg_compression/s5,64,0.546875,2.066751718521118,2.0767695903778076,0.4467821782178218,2.897824968441878,4.0002201494604055
3721,jpeg_compression/s5,64,0.546875,2.2147881984710693,2.139260768890381,0.4472752463054187,2.894460255289313,3.9910528618713905
3722,jpeg_compression/s5,64,0.5,2.063847780227661,2.238433837890625,0.44753370098039214,2.8903886255095985,3.9824615921459947
3723,jpeg_compression/s5,64,0.453125,2.4202094078063965,2.2491440773010254,0.4475609756097561,2.888095068350071,3.974006384756507
3724,jpeg_compression/s5,64,0.5625,2.1591129302978516,2.41835355758667,0.44811893203883496,2.884556320107099,3.9664546720032554
3725,jpeg_compression/s5,64,0.4375,2.7618300914764404,2.447195053100586,0.44806763285024154,2.88396343977555,3.95911525355445
3726,jpeg_compression/s5,64,0.40625,2.8071203231811523,2.2416694164276123,0.44786658653846156,2.8835940017149997,3.9508583024144173
3727,jpeg_compression/s5,64,0.40625,2.5438246726989746,2.560988426208496,0.44766746411483255,2.8819683111455454,3.9442082073129536
3728,jpeg_compression/s5,64,0.390625,2.53157377243042,2.1712546348571777,0.4473958333333333,2.8802997657230924,3.9357655712536403
3729,jpeg_compression/s5,64,0.46875,2.4117043018341064,1.9555715322494507,0.4474970379146919,2.87807893414068,3.9263807653815825
3730,jpeg_compression/s5,64,0.5625,2.162680149078369,1.9722143411636353,0.4480395047169811,2.874704411569631,3.9171629992296113
3731,jpeg_compression/s5,64,0.5,2.1933233737945557,1.8642252683639526,0.4482834507042254,2.8715054395612976,3.9075247939203828
3732,jpeg_compression/s5,64,0.46875,2.4769155979156494,2.148792028427124,0.44837908878504673,2.8696615617965984,3.8993064165115356
3733,jpeg_compression/s5,64,0.484375,2.4319677352905273,2.108325481414795,0.448546511627907,2.8676257765570354,3.890976272627365
3734,jpeg_compression/s5,64,0.515625,2.727771043777466,2.296438694000244,0.4488570601851852,2.866978300942315,3.883594154207795
3735,jpeg_compression/s5,64,0.46875,2.6364922523498535,2.256279468536377,0.448948732718894,2.865916153252949,3.876095008190876
3736,jpeg_compression/s5,64,0.515625,2.024705171585083,1.5141254663467407,0.4492545871559633,2.8620573872819954,3.865260285521866
3737,jpeg_compression/s5,64,0.484375,2.448988914489746,2.0966176986694336,0.4494149543378995,2.8601712298719852,3.8571842919745944
3738,jpeg_compression/s5,64,0.4375,2.5944583415985107,1.9984415769577026,0.44936079545454544,2.8589634440161964,3.8487354614517906
3739,jpeg_compression/s5,64,0.484375,2.682687759399414,2.194504976272583,0.4495192307692308,2.858165816483994,3.8412502556365
3740,jpeg_compression/s5,64,0.484375,2.228886127471924,2.0885519981384277,0.44967623873873874,2.855331223290246,3.8333552184405626
3741,jpeg_compression/s5,64,0.46875,2.2287116050720215,1.7641026973724365,0.4497617713004484,2.852521269845321,3.8240760591532617
3742,jpeg_compression/s5,64,0.671875,1.580076813697815,1.413061499595642,0.4507533482142857,2.8468407142375196,3.813312601298094
3743,jpeg_compression/s5,64,0.5,2.3407037258148193,1.8806710243225098,0.4509722222222222,2.8445912165111964,3.804723083178202
3744,jpeg_compression/s5,64,0.40625,2.5471408367156982,2.3901474475860596,0.45077433628318586,2.8432750643882074,3.7984638989499184
3745,jpeg_compression/s5,64,0.40625,3.0100722312927246,1.9764692783355713,0.4505781938325991,2.8440098536697254,3.790437490929591
3746,jpeg_compression/s5,64,0.5,2.267429828643799,1.8517440557479858,0.45079495614035087,2.8414809939108396,3.7819344495472156
3747,jpeg_compression/s5,64,0.421875,2.4229252338409424,1.9112612009048462,0.45066866812227074,2.839653239500054,3.7737655707321833
3748,jpeg_compression/s5,64,0.421875,2.5633485317230225,2.169032573699951,0.45054347826086955,2.8384519146836324,3.7667884707450865
3749,jpeg_compression/s5,64,0.46875,2.439990758895874,1.8188683986663818,0.4506222943722944,2.836726974615287,3.7583559163205034
3750,jpeg_compression/s5,64,0.5,2.350491762161255,1.7848310470581055,0.4508351293103448,2.8346311331822953,3.7498493436081657
3751,jpeg_compression/s5,64,0.5,2.1438148021698,1.4849040508270264,0.4510461373390558,2.8316662562251604,3.740128548360178
3752,jpeg_compression/s5,64,0.53125,2.235839605331421,1.752903938293457,0.4513888888888889,2.829119988486298,3.731636135496645
3753,jpeg_compression/s5,64,0.53125,2.3320565223693848,1.7992310523986816,0.4517287234042553,2.827004824800694,3.7234131351430366
3754,jpeg_compression/s5,64,0.484375,2.556795835494995,1.9102895259857178,0.4518670550847458,2.8258598714561787,3.7157304079855904
3755,jpeg_compression/s5,64,0.5,2.3251945972442627,1.5982913970947266,0.4520701476793249,2.823747359750643,3.7067960661674855
3756,jpeg_compression/s5,64,0.625,1.9065628051757812,1.8143113851547241,0.45279674369747897,2.8198936431347823,3.698844449860709
3757,jpeg_compression/s5,64,0.515625,2.6843795776367188,2.128492832183838,0.45305962343096234,2.8193266386766314,3.692273941000136
3758,jpeg_compression/s5,64,0.640625,1.7182505130767822,1.385789394378662,0.45384114583333335,2.8147388214866322,3.682663588722547
3759,jpeg_compression/s5,64,0.578125,2.0282692909240723,1.594682216644287,0.45435684647302904,2.8114754624386546,3.67399976560189
3760,jpeg_compression/s5,64,0.453125,2.4283640384674072,2.145850896835327,0.4543517561983471,2.8098923573809222,3.667685100854921
3761,jpeg_compression/s5,64,0.515625,2.4505748748779297,2.1901183128356934,0.45460390946502055,2.80841368461342,3.6616045790935248
3762,jpeg_compression/s5,64,0.609375,1.9133673906326294,1.76850163936615,0.45523821721311475,2.8047454620971055,3.653845960488085
3763,jpeg_compression/s5,64,0.59375,1.7678484916687012,1.7332682609558105,0.4558035714285714,2.8005132295647446,3.646006867836933
3764,jpeg_compression/s5,64,0.515625,2.53071928024292,1.975032091140747,0.4560467479674797,2.7994165061935177,3.639214287443859
3765,jpeg_compression/s5,64,0.453125,2.300861120223999,1.900025725364685,0.4560349190283401,2.7973980633353417,3.6321730382046717
3766,jpeg_compression/s5,64,0.515625,2.3540828227996826,1.7673304080963135,0.45627520161290325,2.7956105018815687,3.624653511470364
3767,jpeg_compression/s5,64,0.515625,2.591195583343506,1.7707475423812866,0.45651355421686746,2.7947895584336244,3.6172081059720145
3768,jpeg_compression/s5,64,0.5,2.5375607013702393,2.083036184310913,0.4566875,2.793760643005371,3.61107141828537
3769,jpeg_compression/s5,64,0.328125,2.726701259613037,2.3710174560546875,0.45617529880478086,2.793493474147234,3.6061309642525785
3770,jpeg_compression/s5,64,0.53125,2.2193045616149902,2.2723937034606934,0.4564732142857143,2.791214946716551,3.6008383560748327
3771,jpeg_compression/s5,64,0.4375,2.7229278087615967,1.9690802097320557,0.45639822134387353,2.7909450370803652,3.5943887191327666
3772,jpeg_compression/s5,64,0.5625,1.8363088369369507,2.063502788543701,0.45681594488188976,2.7871866268435803,3.588361609169817
3773,jpeg_compression/s5,64,0.484375,2.6930441856384277,1.8675323724746704,0.4569240196078431,2.7868174407996382,3.581613259221993
3774,jpeg_compression/s5,64,0.421875,2.493225336074829,1.7981677055358887,0.456787109375,2.785670596640557,3.574646675027907
3775,jpeg_compression/s5,64,0.5,2.2005562782287598,1.846827745437622,0.4569552529182879,2.7833938872303943,3.56792364417347
3776,jpeg_compression/s5,64,0.421875,2.5359320640563965,2.099503755569458,0.4568192829457364,2.782434732877007,3.5622320942176406
3777,jpeg_compression/s5,64,0.546875,2.758047103881836,1.678179144859314,0.45716698841698844,2.782340572147296,3.5549577585058323
3778,jpeg_compression/s5,64,0.65625,1.557788610458374,1.37503981590271,0.4579326923076923,2.7776307569100305,3.5465734587265896
3779,jpeg_compression/s5,64,0.578125,2.0094351768493652,1.5170814990997314,0.45839319923371646,2.774687478825507,3.5387976274636515
3780,jpeg_compression/s5,64,0.453125,2.4744086265563965,1.726144790649414,0.45837309160305345,2.7735413763359302,3.5318791051857343
3781,jpeg_compression/s5,64,0.484375,2.2767739295959473,1.701601505279541,0.45847195817490494,2.771652526728554,3.52491987476784
3782,jpeg_compression/s5,64,0.546875,2.4729912281036377,1.6323175430297852,0.4588068181818182,2.770521233930732,3.5177509265415594
3783,jpeg_compression/s5,64,0.4375,2.5988142490386963,1.937903881072998,0.45872641509433965,2.769873283044347,3.5117892395775274
3784,jpeg_compression/s5,64,0.5625,2.417630672454834,1.755133867263794,0.4591165413533835,2.768549062703785,3.505185272012438
3785,jpeg_compression/s5,64,0.484375,2.907719135284424,2.111872911453247,0.45921114232209737,2.769070298930679,3.4999668736582836
3786,jpeg_compression/s5,64,0.5625,1.8551422357559204,1.566962480545044,0.4595965485074627,2.7656601195904744,3.4927541706989063
3787,jpeg_compression/s5,64,0.46875,2.2291529178619385,1.9474565982818604,0.45963057620817843,2.763665669026428,3.4870095700579506
3788,jpeg_compression/s5,64,0.484375,2.4009199142456055,1.7685893774032593,0.4597222222222222,2.7623221662309434,3.480645050825896
3789,jpeg_compression/s5,64,0.515625,2.2848267555236816,1.674592137336731,0.4599285055350554,2.760560190545677,3.4739806489311023
3790,jpeg_compression/s5,64,0.53125,2.1978790760040283,1.9337687492370605,0.4601907169117647,2.758491509977509,3.468318105182227
3791,jpeg_compression/s5,64,0.5625,1.7998535633087158,1.4452661275863647,0.46056547619047616,2.7549800156673667,3.4609076583778466
3792,jpeg_compression/s5,64,0.4375,3.1295433044433594,1.8283087015151978,0.46048129562043794,2.756347034969469,3.454949268024333
3793,jpeg_compression/s5,64,0.515625,2.432424306869507,1.7818915843963623,0.4606818181818182,2.7551691341400146,3.44886542190205
3794,jpeg_compression/s5,64,0.53125,1.954554557800293,1.2578803300857544,0.4609375,2.7522683566895085,3.4409270701201065
3795,jpeg_compression/s5,64,0.421875,2.8789288997650146,2.0914106369018555,0.46079648014440433,2.7527256149677592,3.4360551696391743
3796,jpeg_compression/s5,64,0.53125,2.34294056892395,1.8438934087753296,0.46104991007194246,2.751251568039544,3.4303279690605275
3797,jpeg_compression/s5,64,0.515625,2.1793932914733887,1.801614761352539,0.46124551971326166,2.7492018967973717,3.42449028731247
3798,jpeg_compression/s5,64,0.546875,2.48683500289917,2.054511070251465,0.4615513392857143,2.7482648721763066,3.419597504394395
3799,jpeg_compression/s5,64,0.40625,2.865109920501709,1.9985824823379517,0.461354537366548,2.748680690853621,3.4145405114333403
3800,jpeg_compression/s5,64,0.421875,2.7073028087615967,1.7443619966506958,0.4612145390070922,2.748533960775281,3.408617892586593
3801,jpeg_compression/s5,64,0.5625,2.3357224464416504,1.857555627822876,0.4615724381625442,2.747075262844773,3.4031371071987353
3802,jpeg_compression/s5,64,0.46875,2.420628070831299,2.1374380588531494,0.4615977112676056,2.745925800901064,3.398680420408786
3803,jpeg_compression/s5,64,0.625,1.5637006759643555,1.6694132089614868,0.4621710526315789,2.7417776425679525,3.3926128161580937
3804,jpeg_compression/s5,64,0.359375,2.9577174186706543,1.7452056407928467,0.4618116258741259,2.74253267675013,3.3868526512092645
3805,jpeg_compression/s5,64,0.46875,2.631944417953491,1.6346650123596191,0.4618358013937282,2.7421473518065875,3.3807474677986384
3806,jpeg_compression/s5,64,0.484375,2.8766183853149414,1.7294758558273315,0.4619140625,2.74261426511738,3.375013885812627
3807,jpeg_compression/s5,64,0.515625,2.74773907661438,1.7807815074920654,0.46209991349480967,2.7426319980291347,3.369497510801137
3808,jpeg_compression/s5,64,0.5,2.2192835807800293,1.5235955715179443,0.4622306034482759,2.7408273483144825,3.3631323317001605
3809,jpeg_compression/s5,64,0.546875,2.3578126430511475,1.5905755758285522,0.46252147766323026,2.7395111465781823,3.357041071370705
3810,jpeg_compression/s5,64,0.484375,2.514648675918579,1.5911648273468018,0.4625963184931507,2.7387410696238685,3.3509935499870616
3811,jpeg_compression/s5,64,0.5625,2.0723650455474854,1.5408601760864258,0.4629372866894198,2.736466748722584,3.344815620383305
3812,jpeg_compression/s5,64,0.640625,1.6481276750564575,1.279576063156128,0.4635416666666667,2.7327649151386857,3.337790996038995
3813,jpeg_compression/s5,64,0.390625,2.826753616333008,1.7922048568725586,0.46329449152542374,2.733083520905446,3.332551720990973
3814,jpeg_compression/s5,64,0.484375,2.4122791290283203,1.5505938529968262,0.4633657094594595,2.7319997222842396,3.32653159305856
3815,jpeg_compression/s5,64,0.421875,2.8392930030822754,1.6636033058166504,0.4632260101010101,2.7323609791219434,3.3209325079163317
3816,jpeg_compression/s5,64,0.484375,2.476735830307007,1.6614375114440918,0.4632969798657718,2.7315031766091415,3.3153637327603844
3817,jpeg_compression/s5,64,0.4375,2.0185670852661133,1.7084527015686035,0.46321070234113715,2.729118774965854,3.309989448375128
3818,jpeg_compression/s5,64,0.640625,1.9712423086166382,1.5417413711547852,0.46380208333333334,2.7265925200780234,3.304095288117727
3819,jpeg_compression/s5,64,0.546875,2.1931679248809814,1.5549277067184448,0.464078073089701,2.7248203453431494,3.298284100139656
3820,jpeg_compression/s5,64,0.53125,2.2427234649658203,1.597590684890747,0.46430049668874174,2.7232239980571316,3.292652664989825
3821,jpeg_compression/s5,64,0.375,2.772157907485962,1.657583475112915,0.46400577557755773,2.723385496108052,3.287256397036436
3822,jpeg_compression/s5,64,0.453125,2.4628939628601074,1.6062716245651245,0.4639699835526316,2.7225286160644733,3.281726841863833
3823,jpeg_compression/s5,64,0.515625,2.2819695472717285,1.708176612854004,0.4641393442622951,2.7210841601012183,3.2765676607851124
3824,jpeg_compression/s5,64,0.53125,2.2776474952697754,1.310420036315918,0.46435866013071897,2.7196350206736644,3.270142341750899
3825,jpeg_compression/s5,64,0.5,2.844205379486084,1.5784869194030762,0.46447475570032576,2.720040787314747,3.264632063502209
3826,jpeg_compression/s5,64,0.578125,1.9822547435760498,1.4371514320373535,0.46484375,2.7176453780818295,3.258698684828622
3827,jpeg_compression/s5,64,0.46875,2.766591787338257,1.470815896987915,0.46485639158576053,2.717803780700782,3.2529126563890083
3828,jpeg_compression/s5,64,0.546875,1.787248969078064,1.541705846786499,0.4651209677419355,2.7148019909858703,3.2473926344225483
3829,jpeg_compression/s5,64,0.546875,2.1883890628814697,1.3868858814239502,0.4653838424437299,2.713109344914795,3.2414102975961865
3830,jpeg_compression/s5,64,0.5,2.394987106323242,1.4232573509216309,0.4654947916666667,2.712089722355207,3.2355828843055625
3831,jpeg_compression/s5,64,0.46875,2.4239699840545654,1.6414573192596436,0.46550519169329074,2.7111692120091986,3.2304898313820933
3832,jpeg_compression/s5,64,0.46875,2.9200026988983154,1.4111500978469849,0.465515525477707,2.7118342868082084,3.224695755797587
3833,jpeg_compression/s5,64,0.359375,2.7123591899871826,1.948938250541687,0.46517857142857144,2.7118359531675065,3.2206457319713775
3834,jpeg_compression/s5,64,0.4375,2.5581982135772705,1.3638701438903809,0.4650909810126582,2.7113497577890566,3.214769859857197
3835,jpeg_compression/s5,64,0.546875,2.2048990726470947,1.277710199356079,0.4653489747634069,2.7097521215583247,3.2086592615590863
3836,jpeg_compression/s5,64,0.546875,1.7524023056030273,1.5627280473709106,0.4656053459119497,2.7067415875458867,3.20348337723774
3837,jpeg_compression/s5,64,0.59375,2.0555100440979004,1.4315500259399414,0.4660070532915361,2.7047001093532597,3.1979287272336716
3838,jpeg_compression/s5,64,0.453125,2.6744017601013184,1.4967341423034668,0.465966796875,2.7046054270118476,3.1926124941557648
3839,jpeg_compression/s5,64,0.5625,2.24155330657959,1.5080007314682007,0.46626752336448596,2.7031628970416537,3.1873644824339964
3840,jpeg_compression/s5,64,0.484375,2.6523592472076416,1.413039207458496,0.46632375776397517,2.7030051217316102,3.181854155493079
3841,jpeg_compression/s5,64,0.453125,2.399254560470581,1.3764256238937378,0.4662828947368421,2.7020647175171795,3.1762645934757434
3842,jpeg_compression/s5,64,0.40625,2.919539451599121,1.7991130352020264,0.46609760802469136,2.7027359358322474,3.1720141257032934
3843,jpeg_compression/s5,64,0.515625,2.3924403190612793,1.5832853317260742,0.46625,2.7017811800883367,3.167125729414133
3844,jpeg_compression/s5,64,0.484375,2.684579849243164,1.6629184484481812,0.4663055981595092,2.7017284152697933,3.162511596650434
3845,jpeg_compression/s5,64,0.625,1.7844610214233398,1.4334309101104736,0.46679090214067276,2.6989233162060424,3.1572238881289048
3846,jpeg_compression/s5,64,0.5,2.54369854927063,1.5038018226623535,0.4668921493902439,2.6984500699653857,3.1521829671976045
3847,jpeg_compression/s5,64,0.4375,2.4684407711029053,1.2619675397872925,0.46680281155015196,2.6977509535554693,3.14643763155198
3848,jpeg_compression/s5,64,0.5625,2.267118453979492,1.4055691957473755,0.46709280303030304,2.6964460065870575,3.1411622726556025
3849,jpeg_compression/s5,64,0.578125,2.050999164581299,1.5676648616790771,0.467428247734139,2.6944960161278253,3.1364085040423806
3850,jpeg_compression/s5,64,0.59375,1.9711652994155884,1.0623719692230225,0.46780873493975905,2.6923173091497765,3.1301614060459366
3851,jpeg_compression/s5,64,0.546875,2.4391162395477295,1.3767132759094238,0.46804617117117114,2.691556945577398,3.124895796045527
3852,jpeg_compression/s5,64,0.46875,2.558562755584717,1.486159086227417,0.46804827844311375,2.691158759379815,3.119989398710742
3853,jpeg_compression/s5,64,0.625,1.6120034456253052,1.2788455486297607,0.4685167910447761,2.6879374002342793,3.1144934469194556
3854,jpeg_compression/s5,64,0.515625,2.0959830284118652,1.3828730583190918,0.46865699404761907,2.686175631270522,3.109339814810526
3855,jpeg_compression/s5,64,0.53125,2.2711124420166016,1.5838556289672852,0.4688427299703264,2.684943989759383,3.104813155505353
3856,jpeg_compression/s5,64,0.453125,2.472238063812256,1.4379315376281738,0.4687962278106509,2.6843146822861668,3.099881553085598
3857,jpeg_compression/s5,64,0.5,2.3877406120300293,1.6827574968338013,0.46888827433628316,2.6834398325213993,3.0957012461350026
3858,jpeg_compression/s5,64,0.53125,2.060838460922241,1.6970720291137695,0.4690716911764706,2.681608652016696,3.0915876307908228
3859,jpeg_compression/s5,64,0.609375,1.7909327745437622,1.2628871202468872,0.469483137829912,2.678996699296834,3.086224872695386
3860,jpeg_compression/s5,64,0.5,2.2520792484283447,1.5556095838546753,0.46957236842105265,2.6777484026568676,3.081749389394682
3861,jpeg_compression/s5,64,0.5625,2.3632962703704834,1.554471492767334,0.4698432944606414,2.6768316325918926,3.0772966841567015
3862,jpeg_compression/s5,64,0.5625,2.2520408630371094,1.2729125022888184,0.47011264534883723,2.675596775703652,3.072051381302434
3863,jpeg_compression/s5,64,0.625,1.748199224472046,1.291933298110962,0.47056159420289856,2.6729086668595023,3.066891618742459
3864,jpeg_compression/s5,64,0.53125,2.0695977210998535,1.3537206649780273,0.4707369942196532,2.6711649936058617,3.0619402576044115
3865,jpeg_compression/s5,64,0.375,3.115931749343872,1.605195164680481,0.47046109510086453,2.6724467421814757,3.0577421449446884
3866,jpeg_compression/s5,64,0.5,2.355863571166992,1.22015380859375,0.47054597701149425,2.6715370204256867,3.0524617186908065
3867,jpeg_compression/s5,64,0.421875,2.5656301975250244,1.3755521774291992,0.47040651862464183,2.671233562480413,3.047656820291776
3868,jpeg_compression/s5,64,0.53125,1.8984997272491455,1.5843911170959473,0.4705803571428571,2.669025751522609,3.043476061139788
3869,jpeg_compression/s5,64,0.484375,2.7649996280670166,1.2477725744247437,0.4706196581196581,2.669299181370314,3.0383600967901723
3870,jpeg_compression/s5,64,0.453125,2.689403533935547,1.5004892349243164,0.47056995738636365,2.6693562960082833,3.0339911454780535
3871,jpeg_compression/s5,64,0.53125,2.0140280723571777,1.3178532123565674,0.4707418555240793,2.6674998421169205,3.029129564930967
3872,jpeg_compression/s5,64,0.546875,1.9454231262207031,1.532118558883667,0.4709569209039548,2.6654600773827504,3.0249007202811162
3873,jpeg_compression/s5,64,0.5,2.356811046600342,1.4577274322509766,0.4710387323943662,2.6645906434932227,3.0204861476387777
3874,jpeg_compression/s5,64,0.53125,2.2451961040496826,1.5311734676361084,0.47120786516853935,2.663412568944224,3.0163026850545003
3875,jpeg_compression/s5,64,0.46875,2.4599037170410156,1.2469260692596436,0.47120098039215685,2.6628425161377725,3.011346448035467
3876,jpeg_compression/s5,64,0.5625,1.9541338682174683,1.3011120557785034,0.4714560055865922,2.660862883043023,3.0065692569956433
3877,jpeg_compression/s5,64,0.453125,2.439199924468994,1.5205204486846924,0.4714049442896936,2.660245437475964,3.002429845273329
3878,jpeg_compression/s5,64,0.59375,2.4911739826202393,1.2868731021881104,0.47174479166666666,2.6597757945458094,2.9976644098758696
3879,jpeg_compression/s5,64,0.53125,2.379246234893799,1.5389657020568848,0.47190962603878117,2.6589987043528676,2.9936236932337117
3880,jpeg_compression/s5,64,0.546875,2.1694843769073486,1.3533909320831299,0.4721167127071823,2.6576464548295373,2.9890926635067765
3881,jpeg_compression/s5,64,0.5,2.5607657432556152,1.7709391117095947,0.4721935261707989,2.657379565816937,2.9857368685982446
3882,jpeg_compression/s5,64,0.5,2.3551793098449707,1.3562638759613037,0.4722699175824176,2.6565493453334974,2.9812602944426483
3883,jpeg_compression/s5,64,0.46875,2.7107036113739014,1.769460678100586,0.47226027397260273,2.6566977131856633,2.977940295493766
3884,jpeg_compression/s5,64,0.484375,2.757082462310791,1.6038521528244019,0.4722933743169399,2.6569719884564966,2.974185956306145
3885,jpeg_compression/s5,64,0.546875,2.293956995010376,1.4754611253738403,0.4724965940054496,2.6559828467849815,2.970102237420771
3886,jpeg_compression/s5,64,0.5,2.2259953022003174,1.562151312828064,0.47257133152173914,2.654814402370349,2.966276283821334
3887,jpeg_compression/s5,64,0.375,3.015106678009033,1.5967661142349243,0.4723069105691057,2.6557908042013483,2.9625648741476582
3888,jpeg_compression/s5,64,0.484375,2.200183629989624,1.3957140445709229,0.47233952702702703,2.6545594334602356,2.958330142175829
3889,jpeg_compression/s5,64,0.46875,2.5691254138946533,1.5945701599121094,0.4723298517520216,2.654329153084048,2.954654239258676
3890,jpeg_compression/s5,64,0.484375,2.822247266769409,1.4989919662475586,0.4723622311827957,2.654780545862772,2.950741168632302
3891,jpeg_compression/s5,64,0.546875,2.3265862464904785,1.3109203577041626,0.47256199731903487,2.653900668384562,2.9463448661901355
3892,jpeg_compression/s5,64,0.4375,2.600024938583374,1.6472041606903076,0.4724682486631016,2.653756615631083,2.942871227940136
3893,jpeg_compression/s5,64,0.546875,2.0488765239715576,1.4945099353790283,0.4726666666666667,2.6521436020533242,2.939008931159973
3894,jpeg_compression/s5,64,0.65625,1.9997833967208862,1.3265081644058228,0.47315492021276595,2.6504086015072277,2.934720365290946
3895,jpeg_compression/s5,64,0.609375,1.715685486793518,1.1548140048980713,0.4735162466843501,2.647929229850162,2.9299991282607265
3896,jpeg_compression/s5,64,0.578125,1.9407057762145996,1.2958271503448486,0.4737929894179894,2.6460582683326077,2.9256759219699435
3897,jpeg_compression/s5,64,0.515625,2.3679864406585693,1.5302293300628662,0.47390336411609496,2.6453245695788503,2.921994004840901
3898,jpeg_compression/s5,64,0.46875,2.627701759338379,1.6919634342193604,0.4738898026315789,2.6452781937624277,2.9187570822866338
3899,jpeg_compression/s5,64,0.515625,3.093392848968506,1.3125543594360352,0.473999343832021,2.6464543477131,2.9145413271085485
3900,jpeg_compression/s5,64,0.5625,2.409572124481201,1.3494216203689575,0.4742310209424084,2.6458342371810795,2.9104441551013767
3901,jpeg_compression/s5,64,0.46875,2.7672481536865234,1.1444766521453857,0.4742167101827676,2.646151244795976,2.9058332738926143
3902,jpeg_compression/s5,64,0.671875,1.8390390872955322,1.4035282135009766,0.4747314453125,2.644049390219152,2.901921021131178
3903,jpeg_compression/s5,64,0.46875,2.4285686016082764,1.467087984085083,0.4747159090909091,2.6434896998591237,2.898194182073915
3904,jpeg_compression/s5,64,0.5,2.604917526245117,1.356518030166626,0.47478141191709844,2.6433897719482067,2.8942002024057616
3905,jpeg_compression/s5,64,0.640625,1.8978476524353027,1.258867621421814,0.4752099483204134,2.6414633065231086,2.889974536821824
3906,jpeg_compression/s5,64,0.4375,2.3743529319763184,1.1297768354415894,0.47511275773195877,2.6407748777227305,2.8854379448079572
3907,jpeg_compression/s5,64,0.5,2.650291919708252,1.2845886945724487,0.475176735218509,2.640799343126292,2.881322651105552
3908,jpeg_compression/s5,64,0.484375,2.7269842624664307,1.3712661266326904,0.4752003205128205,2.641020330098959,2.8774507112992116
3909,jpeg_compression/s5,40,0.32499998807907104,2.9546101093292236,1.858785629272461,0.47481617644009994,2.6418223499946887,2.874845429759501
3910,motion_blur/s5,64,0.328125,4.1919264793396,6.025550842285156,0.328125,4.1919264793396,6.025550842285156
3911,motion_blur/s5,64,0.203125,4.561660289764404,6.168146133422852,0.265625,4.376793384552002,6.096848487854004
3912,motion_blur/s5,64,0.25,4.413521766662598,6.048629283905029,0.2604166666666667,4.389036178588867,6.080775419871013
3913,motion_blur/s5,64,0.328125,4.295404434204102,5.94925594329834,0.27734375,4.365628242492676,6.047895550727844
3914,motion_blur/s5,64,0.234375,4.649193286895752,6.025080680847168,0.26875,4.422341251373291,6.043332576751709
3915,motion_blur/s5,64,0.40625,4.173595905303955,6.043648719787598,0.2916666666666667,4.380883693695068,6.04338526725769
3916,motion_blur/s5,64,0.390625,4.04360818862915,6.087469100952148,0.30580357142857145,4.332701478685651,6.04968295778547
3917,motion_blur/s5,64,0.234375,4.301780700683594,5.974280834197998,0.296875,4.328836381435394,6.040257692337036
3918,motion_blur/s5,64,0.265625,4.127010822296143,6.068490982055664,0.2934027777777778,4.306411319308811,6.043394724527995
3919,motion_blur/s5,64,0.3125,4.101467132568359,5.9670329093933105,0.2953125,4.285916900634765,6.035758543014526
3920,motion_blur/s5,64,0.296875,4.110011100769043,5.9473724365234375,0.29545454545454547,4.269925464283336,6.027723442424428
3921,motion_blur/s5,64,0.28125,4.257937908172607,5.953380584716797,0.2942708333333333,4.268926501274109,6.0215282042821245
3922,motion_blur/s5,64,0.203125,4.563785076141357,6.10505485534668,0.28725961538461536,4.291607930110051,6.02795333128709
3923,motion_blur/s5,64,0.3125,3.965500593185425,5.999227523803711,0.2890625,4.26831454890115,6.02590148789542
3924,motion_blur/s5,64,0.359375,3.9337000846862793,5.869874954223633,0.29375,4.246006917953491,6.0154997189839685
3925,motion_blur/s5,64,0.34375,3.843501567840576,5.614516258239746,0.296875,4.220850333571434,5.990438252687454
3926,motion_blur/s5,64,0.359375,3.8821420669555664,5.743051528930664,0.3005514705882353,4.200926317888148,5.9758860924664665
3927,motion_blur/s5,64,0.21875,4.618218421936035,6.102987289428711,0.2960069444444444,4.224109212557475,5.98294727007548
3928,motion_blur/s5,64,0.40625,3.985276699066162,5.909195899963379,0.30180921052631576,4.211539080268459,5.979065619016948
3929,motion_blur/s5,64,0.25,4.186038494110107,5.94736385345459,0.29921875,4.210264050960541,5.977480530738831
3930,motion_blur/s5,64,0.328125,3.846418619155884,5.75219202041626,0.3005952380952381,4.192938078017462,5.966752506437755
3931,motion_blur/s5,64,0.3125,4.513939380645752,5.940227031707764,0.30113636363636365,4.207529046318748,5.9655468030409375
3932,motion_blur/s5,64,0.375,4.007548809051514,5.767230033874512,0.30434782608695654,4.198834253394085,5.956924334816311
3933,motion_blur/s5,64,0.328125,4.292110443115234,5.834795951843262,0.3053385416666667,4.202720761299133,5.951835652192433
3934,motion_blur/s5,64,0.25,4.380333423614502,5.942028045654297,0.303125,4.209825267791748,5.951443347930908
3935,motion_blur/s5,64,0.34375,3.9838171005249023,5.909977912902832,0.3046875,4.201132645973792,5.949848523506751
3936,motion_blur/s5,64,0.28125,4.086967468261719,5.905547618865967,0.3038194444444444,4.1969043060585305,5.9482077492607965
3937,motion_blur/s5,64,0.296875,4.159060478210449,5.6507954597473145,0.30357142857142855,4.195552740778242,5.937585881778172
3938,motion_blur/s5,64,0.234375,4.523921966552734,5.898083209991455,0.3011853448275862,4.206875817529086,5.9362237206820785
3939,motion_blur/s5,64,0.359375,3.637268304824829,5.576247215270996,0.303125,4.187888900438945,5.924224503835043
3940,motion_blur/s5,64,0.359375,3.7927868366241455,5.468264579772949,0.30493951612903225,4.175143672573951,5.909516119187878
3941,motion_blur/s5,64,0.390625,3.578993797302246,5.573338508605957,0.3076171875,4.15651398897171,5.899010568857193
3942,motion_blur/s5,64,0.296875,4.293605804443359,5.887557506561279,0.3072916666666667,4.160668286410245,5.898663506363377
3943,motion_blur/s5,64,0.359375,3.882171154022217,5.5849995613098145,0.3088235294117647,4.152477194281185,5.889438096214743
3944,motion_blur/s5,64,0.421875,3.918590784072876,5.653461456298828,0.31205357142857143,4.1457947254180905,5.88269590650286
3945,motion_blur/s5,64,0.296875,4.063310146331787,5.861555099487305,0.3116319444444444,4.143503487110138,5.882108661863539
3946,motion_blur/s5,64,0.21875,4.253653526306152,5.650459289550781,0.3091216216216216,4.146480515196517,5.875847868017249
3947,motion_blur/s5,64,0.359375,3.645805597305298,5.403833866119385,0.3104440789473684,4.1333048594625375,5.863426446914673
3948,motion_blur/s5,64,0.296875,4.365333080291748,5.843199729919434,0.31009615384615385,4.139254301022261,5.862907813145564
3949,motion_blur/s5,64,0.28125,3.922977924346924,5.617861747741699,0.309375,4.133847391605377,5.8567816615104675
3950,motion_blur/s5,64,0.359375,3.8613481521606445,5.552699089050293,0.31059451219512196,4.1272010686920915,5.849365013401683
3951,motion_blur/s5,64,0.34375,4.029974937438965,5.5902814865112305,0.31138392857142855,4.1248861608051115,5.843196357999529
3952,motion_blur/s5,64,0.28125,4.275832653045654,5.849250793457031,0.31068313953488375,4.1283965443455894,5.843337158824122
3953,motion_blur/s5,64,0.3125,3.965876340866089,5.59509801864624,0.3107244318181818,4.124702903357419,5.837695360183716
3954,motion_blur/s5,64,0.359375,3.6352128982543945,5.406549453735352,0.31180555555555556,4.113825347688463,5.828114340040419
3955,motion_blur/s5,64,0.328125,4.060558795928955,5.65878963470459,0.31216032608695654,4.112667379171952,5.824433368185292
3956,motion_blur/s5,64,0.328125,3.8314168453216553,5.583893775939941,0.3125,4.106683325260244,5.819315504520498
3957,motion_blur/s5,64,0.28125,4.082925796508789,5.757743835449219,0.3118489583333333,4.106188376744588,5.8180327614148455
3958,motion_blur/s5,64,0.390625,3.6943907737731934,5.559848785400391,0.31345663265306123,4.097784344030886,5.812763700679857
3959,motion_blur/s5,64,0.28125,4.143540859222412,5.41618537902832,0.3128125,4.098699474334717,5.804832134246826
3960,motion_blur/s5,64,0.328125,3.863269805908203,5.516762733459473,0.3131127450980392,4.094083206326354,5.7991837146235445
3961,motion_blur/s5,64,0.3125,4.245720386505127,5.684933185577393,0.31310096153846156,4.096999305945176,5.796986589064965
3962,motion_blur/s5,64,0.265625,4.292313098907471,5.603405952453613,0.3122051886792453,4.100684471850125,5.793334124223241
3963,motion_blur/s5,64,0.3125,3.7520244121551514,5.342700004577637,0.31221064814814814,4.094227804077996,5.784989047933508
3964,motion_blur/s5,64,0.1875,4.5460734367370605,5.476689338684082,0.3099431818181818,4.102443179217252,5.7793835986744275
3965,motion_blur/s5,64,0.265625,4.246346950531006,5.51377534866333,0.3091517857142857,4.105012889419283,5.774640594209943
3966,motion_blur/s5,64,0.265625,4.399507522583008,5.689499855041504,0.30838815789473684,4.110179461930928,5.77314689703155
3967,motion_blur/s5,64,0.296875,3.7297468185424805,5.415350914001465,0.3081896551724138,4.10362027842423,5.7669780007724105
3968,motion_blur/s5,64,0.34375,4.068551540374756,5.601892948150635,0.3087923728813559,4.1030258930335615,5.764179949033058
3969,motion_blur/s5,64,0.3125,3.843540668487549,5.357644081115723,0.30885416666666665,4.098701139291127,5.757404351234436
3970,motion_blur/s5,64,0.296875,3.992453098297119,5.407308578491211,0.3086577868852459,4.096959368127291,5.751665076271433
3971,motion_blur/s5,64,0.375,3.6785314083099365,5.084461212158203,0.3097278225806452,4.090210530065721,5.740903723624445
3972,motion_blur/s5,64,0.359375,3.6173229217529297,5.297198295593262,0.310515873015873,4.08270437755282,5.733860780322362
3973,motion_blur/s5,64,0.328125,4.048165798187256,5.636168479919434,0.310791015625,4.082164712250233,5.732334338128567
3974,motion_blur/s5,64,0.28125,3.7363245487213135,5.26202392578125,0.31033653846153847,4.076844094349788,5.725098793323223
3975,motion_blur/s5,64,0.40625,3.7187321186065674,5.278064727783203,0.3117897727272727,4.071418155323375,5.71832554990595
3976,motion_blur/s5,64,0.359375,3.831602096557617,5.144372940063477,0.3125,4.067838811162693,5.70975909304263
3977,motion_blur/s5,64,0.328125,3.6822054386138916,5.550335884094238,0.3127297794117647,4.062167732154622,5.707414634087506
3978,motion_blur/s5,64,0.296875,3.6736557483673096,5.318642616271973,0.3125,4.0565371236939365,5.701780257017716
3979,motion_blur/s5,64,0.359375,3.8096044063568115,5.203071594238281,0.3131696428571429,4.053009513446263,5.694655847549439
3980,motion_blur/s5,64,0.328125,4.007449150085449,5.460458755493164,0.31338028169014087,4.05236781818766,5.691357296957096
3981,motion_blur/s5,64,0.21875,4.240878105163574,5.5374860763549805,0.3120659722222222,4.054986016617881,5.689220196670956
3982,motion_blur/s5,64,0.296875,3.7365853786468506,5.290103912353516,0.3118578767123288,4.050624364042935,5.6837528503104435
3983,motion_blur/s5,64,0.28125,4.09801721572876,5.342917442321777,0.31144425675675674,4.051264807984635,5.679146966418704
3984,motion_blur/s5,64,0.46875,3.2136454582214355,4.983370780944824,0.31354166666666666,4.040096549987793,5.669869950612386
3985,motion_blur/s5,64,0.359375,3.5949296951293945,4.993342399597168,0.31414473684210525,4.034239091371235,5.660968272309554
3986,motion_blur/s5,64,0.453125,3.352647542953491,5.176934242248535,0.3159496753246753,4.025387253080096,5.654682116074995
3987,motion_blur/s5,64,0.328125,3.7861289978027344,5.317452430725098,0.3161057692307692,4.022319839550899,5.65035865857051
3988,motion_blur/s5,64,0.359375,3.5599024295806885,4.994659423828125,0.3166534810126582,4.016466454614567,5.642058668257315
3989,motion_blur/s5,64,0.359375,3.6651668548583984,5.00991153717041,0.3171875,4.012075209617615,5.634156829118728
3990,motion_blur/s5,64,0.34375,3.683131694793701,4.961669921875,0.3175154320987654,4.008014178570406,5.625854521621893
3991,motion_blur/s5,64,0.296875,3.976670265197754,5.147834777832031,0.3172637195121951,4.007631935724398,5.6200250125512845
3992,motion_blur/s5,64,0.390625,3.2847390174865723,4.807971000671387,0.3181475903614458,3.998922382492617,5.610241229275623
3993,motion_blur/s5,64,0.3125,3.790109634399414,4.952199459075928,0.31808035714285715,3.996436516443888,5.602407398678007
3994,motion_blur/s5,64,0.390625,3.3657658100128174,4.775843620300293,0.31893382352941174,3.989016861074111,5.592683118932388
3995,motion_blur/s5,64,0.34375,3.6075375080108643,5.125797748565674,0.31922238372093026,3.9845810546431433,5.587254219276961
3996,motion_blur/s5,64,0.40625,3.474294662475586,4.913928985595703,0.3202227011494253,3.9787156938136308,5.579514848774877
3997,motion_blur/s5,64,0.265625,4.1811909675598145,5.362090110778809,0.3196022727272727,3.9810165491971103,5.577044113115831
3998,motion_blur/s5,64,0.328125,3.7443885803222656,4.687510013580322,0.31969803370786515,3.9783578079737976,5.56704934795251
3999,motion_blur/s5,64,0.328125,3.7693140506744385,5.094095706939697,0.31979166666666664,3.9760350995593603,5.561794307496813
4000,motion_blur/s5,64,0.375,3.457707643508911,4.476083278656006,0.3203983516483517,3.9703391934489156,5.54986341706999
4001,motion_blur/s5,64,0.3125,3.9160525798797607,4.892831802368164,0.3203125,3.969749121562294,5.5427217690841015
4002,motion_blur/s5,64,0.296875,3.7185301780700684,4.92743444442749,0.32006048387096775,3.9670478426000124,5.536105776345858
4003,motion_blur/s5,64,0.296875,3.680534839630127,4.6361165046691895,0.31981382978723405,3.9639998319301197,5.526531422391851
4004,motion_blur/s5,64,0.296875,3.557860851287842,4.714629650115967,0.31957236842105263,3.9597246847654644,5.517985087946841
4005,motion_blur/s5,64,0.3125,3.627322196960449,4.744770050048828,0.3194986979166667,3.9562621588508287,5.509930764635404
4006,motion_blur/s5,64,0.25,4.002500057220459,5.062999725341797,0.31878221649484534,3.9567388382154642,5.505323228147841
4007,motion_blur/s5,64,0.328125,3.432314872741699,4.632428169250488,0.31887755102040816,3.95138757326165,5.496416135710113
4008,motion_blur/s5,64,0.34375,3.5310354232788086,4.8812713623046875,0.3191287878787879,3.947141591948692,5.490202552140361
4009,motion_blur/s5,64,0.28125,4.235106468200684,5.034816741943359,0.31875,3.9500212407112123,5.4856486940383915
4010,motion_blur/s5,64,0.40625,3.6941096782684326,4.737425327301025,0.31961633663366334,3.947487462865244,5.478240541892476
4011,motion_blur/s5,64,0.3125,3.5826303958892822,4.667195796966553,0.31954656862745096,3.9439104327968524,5.470289122824576
4012,motion_blur/s5,64,0.328125,3.613527297973633,4.405693054199219,0.31962985436893204,3.9407028295461415,5.459953238663164
4013,motion_blur/s5,64,0.265625,3.6132421493530273,4.749722480773926,0.3191105769230769,3.937554169159669,5.453124096760383
4014,motion_blur/s5,64,0.296875,3.6523001194000244,4.880135536193848,0.3188988095238095,3.934837463923863,5.4476670628502255
4015,motion_blur/s5,64,0.28125,3.7963361740112305,4.505367755889893,0.3185436320754717,3.933530847981291,5.438777446746826
4016,motion_blur/s5,64,0.296875,3.58319091796875,4.42619514465332,0.3183411214953271,3.930256643027903,5.429314060745952
4017,motion_blur/s5,64,0.25,3.797708511352539,4.8440165519714355,0.3177083333333333,3.92902934551239,5.42389463936841
4018,motion_blur/s5,64,0.390625,3.374786138534546,4.55426025390625,0.31837729357798167,3.9239445454483732,5.415916342254079
4019,motion_blur/s5,64,0.390625,3.2653305530548096,4.338318824768066,0.3190340909090909,3.917957145517523,5.406120001186024
4020,motion_blur/s5,64,0.34375,3.929933547973633,4.730831146240234,0.31925675675675674,3.9180650410351454,5.400036317808134
4021,motion_blur/s5,64,0.234375,4.156666278839111,4.785978317260742,0.31849888392857145,3.9201954092298235,5.394553657088961
4022,motion_blur/s5,64,0.390625,3.461704969406128,4.428127288818359,0.31913716814159293,3.9161379717092597,5.386001211352053
4023,motion_blur/s5,64,0.40625,3.4032933712005615,4.158954620361328,0.3199013157894737,3.9116393348626923,5.375237644764415
4024,motion_blur/s5,64,0.359375,3.4391305446624756,4.02256441116333,0.3202445652173913,3.907530562773995,5.363475268820058
4025,motion_blur/s5,64,0.390625,2.900949001312256,4.0901288986206055,0.3208512931034483,3.8988531355200142,5.352498144939028
4026,motion_blur/s5,64,0.4375,3.221984386444092,4.37556266784668,0.3218482905982906,3.8930679325364594,5.3441482690664435
4027,motion_blur/s5,64,0.34375,3.577162742614746,4.389525413513184,0.3220338983050847,3.890390769910004,5.33605824486684
4028,motion_blur/s5,64,0.34375,3.759472131729126,4.527306079864502,0.32221638655462187,3.8892906132866356,5.329262008186148
4029,motion_blur/s5,64,0.40625,3.0327227115631104,4.152404308319092,0.3229166666666667,3.8821525474389396,5.319454860687256
4030,motion_blur/s5,64,0.3125,3.668545961380005,4.245721340179443,0.3228305785123967,3.880387203752502,5.310581029939257
4031,motion_blur/s5,64,0.40625,3.4554033279418945,4.541040897369385,0.3235143442622951,3.876903729360612,5.304273323934586
4032,motion_blur/s5,64,0.28125,3.378514289855957,4.408294677734375,0.3231707317073171,3.872851782697972,5.296988944697186
4033,motion_blur/s5,64,0.359375,3.3464267253875732,3.8039863109588623,0.32346270161290325,3.8686064193325658,5.2849486008767155
4034,motion_blur/s5,64,0.328125,3.4426774978637695,3.9358935356140137,0.3235,3.8651989879608153,5.2741561603546145
4035,motion_blur/s5,64,0.28125,3.8454058170318604,4.440219402313232,0.32316468253968256,3.865041899302649,5.267537614655873
4036,motion_blur/s5,64,0.296875,3.6316416263580322,4.093382358551025,0.32295767716535434,3.8632041018778884,5.258292297678669
4037,motion_blur/s5,64,0.40625,3.2999041080474854,3.8510608673095703,0.3236083984375,3.8588033206760883,5.247298302128911
4038,motion_blur/s5,64,0.296875,3.7217376232147217,4.26501989364624,0.3234011627906977,3.857740795889566,5.239683740822843
4039,motion_blur/s5,64,0.328125,3.3092453479766846,4.262766361236572,0.3234375,3.85352160013639,5.232168991749103
4040,motion_blur/s5,64,0.515625,2.614837646484375,3.745241641998291,0.32490458015267176,3.8440659974367564,5.22081840129299
4041,motion_blur/s5,64,0.375,3.1260552406311035,4.005202293395996,0.3252840909090909,3.8386265220064106,5.211609188354377
4042,motion_blur/s5,64,0.3125,3.6915767192840576,4.039920806884766,0.325187969924812,3.8375208843919566,5.202799501275658
4043,motion_blur/s5,64,0.328125,3.3394691944122314,3.8852341175079346,0.32520988805970147,3.8338040807353915,5.192966923784854
4044,motion_blur/s5,64,0.265625,3.663088083267212,4.053130149841309,0.3247685185185185,3.832539517791183,5.184523688422309
4045,motion_blur/s5,64,0.34375,3.109745979309082,3.8368194103240967,0.3249080882352941,3.827224859419991,5.174614098142175
4046,motion_blur/s5,64,0.34375,3.6322555541992188,3.929964542388916,0.3250456204379562,3.825801725805241,5.165529064888502
4047,motion_blur/s5,64,0.359375,3.55489182472229,4.107320785522461,0.325294384057971,3.823838610580002,5.157860888951067
4048,motion_blur/s5,64,0.3125,3.0388410091400146,3.589033603668213,0.3252023381294964,3.818191145821441,5.146574361718816
4049,motion_blur/s5,64,0.25,3.4600794315338135,3.7717671394348145,0.32466517857142857,3.815633205005101,5.136754310131073
4050,motion_blur/s5,64,0.421875,3.035752296447754,3.7495839595794678,0.325354609929078,3.8101021347316446,5.126916222538508
4051,motion_blur/s5,64,0.3125,3.607368230819702,4.161465644836426,0.32526408450704225,3.808674431182969,5.120117274808212
4052,motion_blur/s5,64,0.359375,3.5025854110717773,3.8645284175872803,0.3255026223776224,3.8065339485248484,5.111336933149325
4053,motion_blur/s5,64,0.328125,3.1653809547424316,3.7231106758117676,0.3255208333333333,3.8020814971791372,5.101696473028925
4054,motion_blur/s5,64,0.390625,2.9272046089172363,3.5750856399536133,0.3259698275862069,3.796047863466986,5.091168122455992
4055,motion_blur/s5,64,0.265625,3.675729513168335,3.924009323120117,0.3255565068493151,3.7952237651772696,5.083173884104376
4056,motion_blur/s5,64,0.359375,3.2606451511383057,3.898218870162964,0.3257865646258503,3.79158717596612,5.075112965642189
4057,motion_blur/s5,64,0.359375,3.2823832035064697,3.6247735023498535,0.3260135135135135,3.788146608584636,5.065313374673998
4058,motion_blur/s5,64,0.3125,3.560706615447998,3.6357760429382324,0.3259228187919463,3.786620165677679,5.055719164393892
4059,motion_blur/s5,64,0.40625,3.2511587142944336,3.4794249534606934,0.32645833333333335,3.783050422668457,5.0452105363210045
4060,motion_blur/s5,64,0.28125,3.5195279121398926,3.378953218460083,0.326158940397351,3.781305240479526,5.034175719646429
4061,motion_blur/s5,64,0.3125,3.7914772033691406,3.6070494651794434,0.3260690789473684,3.7813721612880102,5.024786731130199
4062,motion_blur/s5,64,0.25,4.128026485443115,4.214311122894287,0.3255718954248366,3.783637875824972,5.0194895049325785
4063,motion_blur/s5,64,0.375,2.88846755027771,3.5977888107299805,0.32589285714285715,3.7778250815032366,5.010257682242951
4064,motion_blur/s5,64,0.359375,3.1204934120178223,3.7722105979919434,0.32610887096774194,3.7735842320226856,5.002270281699396
4065,motion_blur/s5,64,0.359375,3.1548235416412354,3.268284320831299,0.32632211538461536,3.769617817340753,4.991154987078446
4066,motion_blur/s5,64,0.40625,3.0486857891082764,3.3721923828125,0.3268312101910828,3.7650258935940495,4.980843123357007
4067,motion_blur/s5,64,0.28125,3.608241558074951,3.7627639770507812,0.32654272151898733,3.764033587673042,4.973133761671525
4068,motion_blur/s5,64,0.3125,3.4197568893432617,3.604787588119507,0.3264544025157233,3.761868325419396,4.964527810894468
4069,motion_blur/s5,64,0.3125,3.576258420944214,3.322863817214966,0.3263671875,3.760708263516426,4.954267410933971
4070,motion_blur/s5,64,0.265625,3.5692412853240967,3.9189047813415527,0.3259899068322981,3.7595190276270327,4.947836587147683
4071,motion_blur/s5,64,0.4375,3.0075814723968506,3.41405987739563,0.32667824074074076,3.7548774377799328,4.938368829680078
4072,motion_blur/s5,64,0.390625,2.8571038246154785,3.1567635536193848,0.3270705521472393,3.7493696242022367,4.927438735961914
4073,motion_blur/s5,64,0.53125,2.538034200668335,3.2532474994659424,0.3283155487804878,3.741983432595323,4.917230252812549
4074,motion_blur/s5,64,0.328125,3.3871614933013916,3.4700636863708496,0.32831439393939393,3.7398329965996018,4.908459546349265
4075,motion_blur/s5,64,0.28125,3.6447668075561523,3.7763943672180176,0.3280308734939759,3.739260308713798,4.901639876595462
4076,motion_blur/s5,64,0.3125,3.2365434169769287,3.382563829421997,0.327937874251497,3.7362500279249544,4.892543612839933
4077,motion_blur/s5,64,0.40625,2.870615243911743,3.035310745239258,0.32840401785714285,3.7310974399248757,4.881488655294691
4078,motion_blur/s5,64,0.46875,2.88466739654541,3.2163851261138916,0.3292344674556213,3.7260889781297313,4.871635971690071
4079,motion_blur/s5,64,0.296875,3.362375497817993,3.327476978302002,0.3290441176470588,3.7239494870690737,4.8625526834936705
4080,motion_blur/s5,64,0.34375,3.378552198410034,3.1212823390960693,0.3291301169590643,3.7219296198839333,4.852369815982573
4081,motion_blur/s5,64,0.359375,3.2110085487365723,3.20894193649292,0.3293059593023256,3.718959148540053,4.8428150027297265
4082,motion_blur/s5,64,0.421875,3.2118799686431885,2.991610050201416,0.32984104046242774,3.716028055014638,4.832114396067713
4083,motion_blur/s5,64,0.40625,3.0213491916656494,2.9462976455688477,0.3302801724137931,3.7120356477540115,4.821276368765996
4084,motion_blur/s5,64,0.203125,3.789630651473999,3.540543794631958,0.32955357142857145,3.7124790477752687,4.813957896913801
4085,motion_blur/s5,64,0.296875,3.568272829055786,3.726902484893799,0.3293678977272727,3.711659694259817,4.807781445709142
4086,motion_blur/s5,64,0.40625,2.9292221069335938,3.420332908630371,0.3298022598870056,3.707239142918991,4.799942753409262
4087,motion_blur/s5,64,0.390625,3.0296642780303955,3.337770462036133,0.3301439606741573,3.7034325425544483,4.791728302334132
4088,motion_blur/s5,64,0.328125,3.4136056900024414,3.116176128387451,0.3301326815642458,3.701813398126783,4.782367675664038
4089,motion_blur/s5,64,0.421875,2.8895132541656494,2.8200135231018066,0.3306423611111111,3.6973006195492215,4.771465708149804
4090,motion_blur/s5,64,0.34375,3.596123218536377,3.378448963165283,0.3307147790055249,3.6967416283834047,4.763769483039392
4091,motion_blur/s5,64,0.40625,2.926121234893799,2.999382495880127,0.3311298076923077,3.692507450397198,4.754075049044012
4092,motion_blur/s5,64,0.4375,2.619147777557373,3.0773959159851074,0.3317110655737705,3.6866420969937015,4.744912867989045
4093,motion_blur/s5,64,0.453125,3.3007967472076416,3.0455551147460938,0.33237092391304346,3.684545111397038,4.735677228025768
4094,motion_blur/s5,64,0.40625,3.3571999073028564,2.6736867427825928,0.3327702702702703,3.682775677861394,4.7245313335109405
4095,motion_blur/s5,64,0.3125,3.0485384464263916,2.7765257358551025,0.3326612903225806,3.679365800273034,4.714058185136446
4096,motion_blur/s5,64,0.296875,3.0846574306488037,2.864102602005005,0.33246991978609625,3.6761855416119418,4.704165374531465
4097,motion_blur/s5,64,0.40625,2.677980422973633,2.909989356994629,0.3328623670212766,3.670875939917057,4.694621885076482
4098,motion_blur/s5,64,0.359375,3.1943345069885254,3.1552281379699707,0.3330026455026455,3.668354556674049,4.686476944615602
4099,motion_blur/s5,64,0.375,3.610574960708618,2.612473487854004,0.33322368421052634,3.668050453537389,4.675561136948435
4100,motion_blur/s5,64,0.34375,3.5883710384368896,3.0422306060791016,0.3332787958115183,3.667633283824821,4.667009668200428
4101,motion_blur/s5,64,0.34375,3.459482192993164,2.705052375793457,0.3333333333333333,3.6665491635600724,4.656791140635808
4102,motion_blur/s5,64,0.40625,3.0166327953338623,2.4290590286254883,0.3337111398963731,3.663181721237657,4.645248487205703
4103,motion_blur/s5,64,0.375,2.9154844284057617,2.9195971488952637,0.33392396907216493,3.6593276114807916,4.636353377214412
4104,motion_blur/s5,64,0.375,2.723097562789917,2.728522777557373,0.33413461538461536,3.6545264317439154,4.626569630549504
4105,motion_blur/s5,64,0.5,2.6704912185668945,2.7930803298950195,0.33498086734693877,3.6495058439215837,4.617215093301267
4106,motion_blur/s5,64,0.296875,3.394526243209839,2.611530303955078,0.33478743654822335,3.648211531227615,4.607033952238596
4107,motion_blur/s5,64,0.40625,3.4484646320343018,2.559324264526367,0.33514835858585856,3.6472027085044165,4.596691984118837
4108,motion_blur/s5,64,0.28125,3.59330153465271,2.8428049087524414,0.33487751256281406,3.6469318483343076,4.587878481227549
4109,motion_blur/s5,64,0.40625,3.2237789630889893,2.8834686279296875,0.335234375,3.644816083908081,4.57935643196106
4110,motion_blur/s5,64,0.375,3.422473430633545,3.006957530975342,0.3354322139303483,3.6437099015534815,4.571533551856653
4111,motion_blur/s5,64,0.375,3.3216004371643066,2.2878103256225586,0.33562809405940597,3.6421153002446243,4.560227991330741
4112,motion_blur/s5,64,0.328125,2.9355807304382324,2.7754011154174805,0.3355911330049261,3.6386348343835087,4.551435740710479
4113,motion_blur/s5,64,0.359375,3.1473288536071777,2.879209041595459,0.3357077205882353,3.6362264717326447,4.543238551008935
4114,motion_blur/s5,64,0.40625,3.0256805419921875,2.3928370475769043,0.3360518292682927,3.633248198904642,4.532748787577559
4115,motion_blur/s5,64,0.421875,3.1664071083068848,2.798224925994873,0.33646844660194175,3.6309819800182455,4.524328768832012
4116,motion_blur/s5,64,0.3125,3.5789527893066406,3.086674213409424,0.3363526570048309,3.6307306312708465,4.517383577743014
4117,motion_blur/s5,64,0.3125,3.6227104663848877,2.232729434967041,0.3362379807692308,3.6306920727858176,4.506399663595053
4118,motion_blur/s5,64,0.34375,3.3368873596191406,2.7565832138061523,0.3362739234449761,3.6292863086079867,4.498027336084101
4119,motion_blur/s5,64,0.296875,3.410259485244751,2.283440589904785,0.3360863095238095,3.6282433237348286,4.487481684911819
4120,motion_blur/s5,64,0.375,3.346834421157837,2.488840103149414,0.3362707345971564,3.6269096322534207,4.478009449927163
4121,motion_blur/s5,64,0.40625,3.2407121658325195,2.6756088733673096,0.3366008254716981,3.625087946091058,4.469507560415088
4122,motion_blur/s5,64,0.453125,3.0902211666107178,2.5854411125183105,0.3371478873239437,3.6225768344503053,4.460662178030596
4123,motion_blur/s5,64,0.359375,3.1667327880859375,2.700766086578369,0.3372517523364486,3.6204467220841168,4.452438364519137
4124,motion_blur/s5,64,0.453125,3.427835702896118,2.6206822395324707,0.3377906976744186,3.619550856878591,4.443918568588966
4125,motion_blur/s5,64,0.375,3.3179683685302734,3.101850986480713,0.33796296296296297,3.6181546416547565,4.437705292745873
4126,motion_blur/s5,64,0.359375,3.3106300830841064,2.725250482559204,0.33806163594470046,3.6167374777903754,4.429813795924736
4127,motion_blur/s5,64,0.359375,2.878622055053711,2.1201350688934326,0.33815940366972475,3.613351627227363,4.419218939378721
4128,motion_blur/s5,64,0.375,3.150341749191284,2.151334524154663,0.3383276255707763,3.611237426871034,4.408863302779524
4129,motion_blur/s5,64,0.421875,3.0600714683532715,2.1872806549072266,0.33870738636363634,3.60873212705959,4.39876519983465
4130,motion_blur/s5,64,0.34375,3.461390972137451,2.532794713973999,0.3387302036199095,3.6080654250011186,4.390321894468765
4131,motion_blur/s5,64,0.3125,3.2140755653381348,2.503829002380371,0.33861204954954954,3.6062906959035375,4.381824178738637
4132,motion_blur/s5,64,0.3125,3.0950655937194824,2.499692440032959,0.33849495515695066,3.603998206656075,4.373384126098701
4133,motion_blur/s5,64,0.4375,2.5691022872924805,2.0038437843322754,0.3389369419642857,3.599378135587488,4.36280582100153
4134,motion_blur/s5,64,0.328125,3.205681562423706,2.5938711166381836,0.3388888888888889,3.5976283730400933,4.354943888982137
4135,motion_blur/s5,64,0.359375,2.898306131362915,2.422483444213867,0.3389795353982301,3.594534026837982,4.346393179049534
4136,motion_blur/s5,64,0.359375,3.504162311553955,2.4857468605041504,0.33906938325991187,3.5941359135547923,4.338196499232153
4137,motion_blur/s5,64,0.46875,2.765028476715088,2.194648265838623,0.33963815789473684,3.5904994774283026,4.328794971892708
4138,motion_blur/s5,64,0.4375,2.9586005210876465,2.2267279624938965,0.3400655021834061,3.5877400933394785,4.319615639973936
4139,motion_blur/s5,64,0.296875,4.126628875732422,2.523036479949951,0.33987771739130435,3.5900830880455348,4.311804426234701
4140,motion_blur/s5,64,0.265625,3.3375754356384277,2.1042842864990234,0.33955627705627706,3.588989981325158,4.302248061993422
4141,motion_blur/s5,64,0.5625,2.646709680557251,2.3102989196777344,0.34051724137931033,3.5849284283046066,4.293662074311026
4142,motion_blur/s5,64,0.421875,2.5840532779693604,2.1719493865966797,0.3408664163090129,3.580632826801022,4.284556011273626
4143,motion_blur/s5,64,0.421875,2.9659290313720703,2.397078514099121,0.34121260683760685,3.578005887504317,4.276489868123307
4144,motion_blur/s5,64,0.46875,2.8860514163970947,2.0817928314208984,0.34175531914893614,3.5750614003932224,4.267150731796914
4145,motion_blur/s5,64,0.40625,3.3945698738098145,2.184067726135254,0.3420286016949153,3.5742966057890553,4.258324108891568
4146,motion_blur/s5,64,0.296875,3.311983585357666,2.4774041175842285,0.34183808016877637,3.573189799795674,4.250809678548499
4147,motion_blur/s5,64,0.4375,2.63314151763916,2.0428576469421387,0.34224002100840334,3.5692400170975374,4.241532569172001
4148,motion_blur/s5,64,0.25,4.097107410430908,2.363818883895874,0.34185407949790797,3.5714486672788484,4.233676026555783
4149,motion_blur/s5,64,0.484375,2.4398908615112305,2.0806379318237305,0.3424479166666667,3.56673384308815,4.2247050344944
4150,motion_blur/s5,64,0.46875,2.7560365200042725,1.8376803398132324,0.3429719917012448,3.563369953780748,4.214800367711491
4151,motion_blur/s5,64,0.328125,3.007521867752075,2.237196922302246,0.3429106404958678,3.5610730608632744,4.206628452647816
4152,motion_blur/s5,64,0.3125,3.61855149269104,2.649909019470215,0.3427854938271605,3.561309597619767,4.200222199836386
4153,motion_blur/s5,64,0.453125,2.803358316421509,2.1654763221740723,0.3432377049180328,3.558203239909938,4.19188307738695
4154,motion_blur/s5,64,0.421875,2.7423529624938965,1.9905271530151367,0.34355867346938773,3.5548732387776276,4.182897951165024
4155,motion_blur/s5,64,0.40625,3.1280295848846436,2.2152154445648193,0.3438135162601626,3.5531381019731847,4.174899241788601
4156,motion_blur/s5,64,0.296875,3.5798614025115967,2.038153886795044,0.3436234817813765,3.5532462934733404,4.166248450877696
4157,motion_blur/s5,64,0.34375,3.0872421264648438,2.03117036819458,0.3436239919354839,3.551367244412822,4.157639265060425
4158,motion_blur/s5,64,0.484375,3.0566067695617676,1.944000482559204,0.3441892570281124,3.5493802545539825,4.148749149468051
4159,motion_blur/s5,64,0.3125,3.2380807399749756,2.529402256011963,0.3440625,3.5481350564956666,4.142271761894226
4160,motion_blur/s5,64,0.375,3.7069075107574463,2.4970908164978027,0.34418575697211157,3.548767616074399,4.135717256135675
4161,motion_blur/s5,64,0.375,3.2554662227630615,2.397020101547241,0.3443080357142857,3.5476037216564964,4.128817664252387
4162,motion_blur/s5,64,0.375,3.0520615577697754,2.172219753265381,0.344429347826087,3.5456450569771025,4.121084075671411
4163,motion_blur/s5,64,0.453125,2.751530408859253,2.050487995147705,0.34485728346456695,3.542518621354591,4.112932122598483
4164,motion_blur/s5,64,0.296875,3.642645835876465,2.3169455528259277,0.3446691176470588,3.542911277097814,4.1058890380111395
4165,motion_blur/s5,64,0.40625,2.950908899307251,1.8846296072006226,0.34490966796875,3.54059876780957,4.097212243359536
4166,motion_blur/s5,64,0.4375,2.9002904891967773,2.095198154449463,0.34526994163424124,3.5381072959083526,4.089422305270392
4167,motion_blur/s5,64,0.296875,3.5688328742980957,2.1490285396575928,0.34508236434108525,3.53822638729746,4.081901399202125
4168,motion_blur/s5,64,0.359375,3.1043856143951416,2.230856418609619,0.3451375482625483,3.5365513263982233,4.074754507385165
4169,motion_blur/s5,64,0.46875,2.3534533977508545,1.8490101099014282,0.34561298076923075,3.53200094974958,4.066193952010228
4170,motion_blur/s5,64,0.5,2.401911973953247,1.7217179536819458,0.34620450191570884,3.5276711069304367,4.0572112853499664
4171,motion_blur/s5,64,0.421875,2.93137264251709,1.9945780038833618,0.34649332061068705,3.525395158592981,4.049338639237498
4172,motion_blur/s5,64,0.484375,2.985269546508789,1.8302741050720215,0.3470175855513308,3.52334144904133,4.040901131503029
4173,motion_blur/s5,64,0.484375,2.948228359222412,2.020639419555664,0.3475378787878788,3.521162990367774,4.03324862501838
4174,motion_blur/s5,64,0.375,3.2762179374694824,1.8365724086761475,0.34764150943396227,3.5202386694134407,4.024959280805768
4175,motion_blur/s5,64,0.40625,3.0172719955444336,1.7512154579162598,0.34786184210526316,3.5183478172560383,4.016411371697161
4176,motion_blur/s5,64,0.296875,3.694591522216797,2.538297176361084,0.34767088014981273,3.519007906038663,4.010875363474928
4177,motion_blur/s5,64,0.40625,2.8933074474334717,1.799159049987793,0.3478894589552239,3.5166732028349124,4.002622690663409
4178,motion_blur/s5,64,0.296875,3.1816506385803223,2.2902352809906006,0.34769981412639406,3.5154277657930737,3.9962569382110935
4179,motion_blur/s5,64,0.375,3.406221866607666,1.7754186391830444,0.34780092592592593,3.515023299499794,3.9880316111776564
4180,motion_blur/s5,64,0.421875,2.7387654781341553,1.8555309772491455,0.3480742619926199,3.512158879494755,3.9801626051484
4181,motion_blur/s5,64,0.40625,2.9437007904052734,2.0353658199310303,0.3482881433823529,3.510068960049573,3.973012616967454
4182,motion_blur/s5,64,0.453125,2.526026487350464,1.9659557342529297,0.34867216117216115,3.506464408867525,3.9656607602542135
4183,motion_blur/s5,64,0.3125,3.9547953605651855,2.102952480316162,0.34854014598540145,3.5081006532167867,3.95886255485298
4184,motion_blur/s5,64,0.421875,2.89776873588562,2.012830972671509,0.3488068181818182,3.5058812644264914,3.95178607637232
4185,motion_blur/s5,64,0.421875,3.0519497394561768,1.8527790307998657,0.34907155797101447,3.504236584988193,3.9441809783811155
4186,motion_blur/s5,64,0.265625,3.5091278553009033,2.214412212371826,0.3487703068592058,3.5042542430037624,3.9379363257962443
4187,motion_blur/s5,64,0.375,3.0030980110168457,1.945007085800171,0.3488646582733813,3.502451522744817,3.930767515580431
4188,motion_blur/s5,64,0.40625,3.0833871364593506,1.9241750240325928,0.34907034050179214,3.500949499854905,3.9235754277971058
4189,motion_blur/s5,64,0.3125,3.4629769325256348,2.0405759811401367,0.3489397321428571,3.5008138835430147,3.916850429773331
4190,motion_blur/s5,64,0.4375,3.3369195461273193,1.9056391716003418,0.34925489323843417,3.500230629673208,3.9096930943349926
4191,motion_blur/s5,64,0.265625,3.4523215293884277,1.9955083131790161,0.3489583333333333,3.500060739246666,3.9029052050401134
4192,motion_blur/s5,64,0.359375,3.297419309616089,1.9737225770950317,0.34899514134275617,3.499344691792141,3.8960883052947244
4193,motion_blur/s5,64,0.34375,3.2351293563842773,2.371549606323242,0.34897667253521125,3.4984143561040852,3.890720211284261
4194,motion_blur/s5,64,0.390625,2.872204542160034,1.757319450378418,0.34912280701754383,3.4962171286867374,3.8832345945793287
4195,motion_blur/s5,64,0.3125,3.740952491760254,1.983418583869934,0.34899475524475526,3.4970728467394423,3.87659188125517
4196,motion_blur/s5,64,0.375,3.389692544937134,1.8744399547576904,0.3490853658536585,3.496698699346403,3.869615742138454
4197,motion_blur/s5,64,0.359375,3.5722668170928955,1.9946752786636353,0.34912109375,3.4969610886441336,3.863105532195833
4198,motion_blur/s5,64,0.375,3.7820470333099365,2.185739040374756,0.3492106401384083,3.497947545200071,3.857301495891954
4199,motion_blur/s5,64,0.375,3.183870315551758,1.7793631553649902,0.3492995689655172,3.496864520270249,3.850136191269447
4200,motion_blur/s5,64,0.375,3.248807191848755,2.045428514480591,0.3493878865979381,3.496012089588388,3.843934446675671
4201,motion_blur/s5,64,0.421875,3.0100042819976807,1.9394569396972656,0.3496361301369863,3.49434767928842,3.837412263432594
4202,motion_blur/s5,64,0.359375,3.2595624923706055,1.8536804914474487,0.3496693686006826,3.493546364657301,3.8306418478285496
4203,motion_blur/s5,64,0.4375,2.541539430618286,1.7933614253997803,0.34996811224489793,3.490308245834039,3.823712322582193
4204,motion_blur/s5,64,0.375,3.204411745071411,1.8013277053833008,0.3500529661016949,3.489339105153488,3.8168567815069423
4205,motion_blur/s5,64,0.453125,2.7155332565307617,1.9932104349136353,0.35040118243243246,3.486724896205438,3.810695814119803
4206,motion_blur/s5,64,0.296875,3.655117988586426,1.8516170978546143,0.3502209595959596,3.487291876314465,3.8040995894859133
4207,motion_blur/s5,64,0.40625,3.2618861198425293,1.8828139305114746,0.35040897651006714,3.4865354811585187,3.7976523221739185
4208,motion_blur/s5,64,0.328125,3.00518536567688,1.8373432159423828,0.3503344481605351,3.484925614551557,3.791096104427325
4209,motion_blur/s5,64,0.46875,2.94209623336792,1.8494782447814941,0.35072916666666665,3.483116183280945,3.784624044895172
4210,motion_blur/s5,64,0.4375,3.0278379917144775,1.7936232089996338,0.35101744186046513,3.4816036311494947,3.7780094241779114
4211,motion_blur/s5,64,0.40625,3.1155447959899902,1.731917142868042,0.3512003311258278,3.4803915158012844,3.7712342841735738
4212,motion_blur/s5,64,0.3125,3.379917860031128,2.2039968967437744,0.3510726072607261,3.4800599195776205,3.7660618835549937
4213,motion_blur/s5,64,0.328125,3.0144898891448975,1.8986903429031372,0.3509971217105263,3.478528439214355,3.759919214013376
4214,motion_blur/s5,64,0.375,3.176429510116577,2.0052318572998047,0.35107581967213114,3.477537950922231,3.7541661407126754
4215,motion_blur/s5,64,0.40625,2.878636360168457,1.9268527030944824,0.3512561274509804,3.475580756181206,3.7481945281714397
4216,motion_blur/s5,64,0.40625,3.713165283203125,1.747523307800293,0.35143526058631924,3.476354647148704,3.7416776838054098
4217,motion_blur/s5,64,0.4375,2.992827892303467,1.6386682987213135,0.35171469155844154,3.474784755087518,3.7348497312564355
4218,motion_blur/s5,64,0.453125,3.2794339656829834,1.7733325958251953,0.3520428802588997,3.474152551885562,3.728501779361836
4219,motion_blur/s5,64,0.375,3.24550724029541,1.9110527038574219,0.35211693548387096,3.473414986364303,3.722639040408596
4220,motion_blur/s5,64,0.46875,2.9591445922851562,1.6572026014328003,0.352491961414791,3.471761383810994,3.7159977656852012
4221,motion_blur/s5,64,0.390625,3.4375715255737305,1.758814811706543,0.3526141826923077,3.4716518009320283,3.709724743396808
4222,motion_blur/s5,64,0.34375,3.318730592727661,1.9834107160568237,0.3525858626198083,3.471163234771631,3.7042093631177666
4223,motion_blur/s5,64,0.40625,4.014017581939697,1.8393423557281494,0.35275676751592355,3.472892070272166,3.698270296215252
4224,motion_blur/s5,64,0.453125,2.97632098197937,1.8682243824005127,0.35307539682539685,3.4713156541188557,3.692460626647586
4225,motion_blur/s5,64,0.375,3.434159994125366,1.7336347103118896,0.35314477848101267,3.4711980729163447,3.6862618104566502
4226,motion_blur/s5,64,0.5,2.240551471710205,1.5559700727462769,0.35360804416403785,3.4673159069819404,3.6795416472462072
4227,motion_blur/s5,64,0.453125,2.3219799995422363,1.6226696968078613,0.35392099056603776,3.4637142217384196,3.6730734964586653
4228,motion_blur/s5,64,0.453125,2.8132030963897705,1.8890019655227661,0.3542319749216301,3.4616750019097404,3.667480795734728
4229,motion_blur/s5,64,0.265625,3.3640730381011963,2.0471482276916504,0.353955078125,3.4613699957728388,3.6624172564595936
4230,motion_blur/s5,64,0.3125,3.0824687480926514,1.6061997413635254,0.3538259345794392,3.460189618054209,3.656011594418796
4231,motion_blur/s5,64,0.390625,3.312903642654419,2.120500087738037,0.3539402173913043,3.459732208192719,3.6512429251433898
4232,motion_blur/s5,64,0.328125,3.0570764541625977,1.7827743291854858,0.3538602941176471,3.4584855959511396,3.645458192648164
4233,motion_blur/s5,64,0.3125,4.166260242462158,2.0886945724487305,0.3537326388888889,3.4606700856008645,3.6406533666598944
4234,motion_blur/s5,64,0.515625,2.707554340362549,1.658254623413086,0.35423076923076924,3.4583528063847466,3.634553678219135
4235,motion_blur/s5,64,0.34375,3.3135833740234375,1.8706766366958618,0.35419861963190186,3.4579087283713688,3.6291430124475914
4236,motion_blur/s5,64,0.390625,3.0494930744171143,1.7343790531158447,0.35431001529051986,3.4566597508363404,3.623348627250858
4237,motion_blur/s5,64,0.40625,2.7756152153015137,1.80022394657135,0.35446836890243905,3.4545833955450758,3.617790320297567
4238,motion_blur/s5,64,0.390625,2.7976717948913574,1.8900492191314697,0.35457826747720367,3.4525867037497755,3.6125388275888555
4239,motion_blur/s5,64,0.40625,2.944711208343506,1.7322394847869873,0.3547348484848485,3.4510476870970295,3.606840950792486
4240,motion_blur/s5,64,0.40625,2.9819812774658203,1.552086591720581,0.3548904833836858,3.4496305680346993,3.600633233695592
4241,motion_blur/s5,64,0.421875,2.9573659896850586,1.6674041748046875,0.3550922439759036,3.448147843401116,3.5948102546025473
4242,motion_blur/s5,64,0.359375,3.275158166885376,1.6348955631256104,0.3551051051051051,3.447628354883051,3.588924624898412
4243,motion_blur/s5,64,0.3125,3.8386757373809814,1.7072503566741943,0.35497754491017963,3.4487991554294517,3.5832908696043275
4244,motion_blur/s5,64,0.484375,2.973341226577759,1.5328378677368164,0.35536380597014927,3.4473798780298943,3.5771701143748724
4245,motion_blur/s5,64,0.53125,2.6846137046813965,1.620548129081726,0.3558872767857143,3.4451097406092144,3.571346834656738
4246,motion_blur/s5,64,0.46875,3.0348591804504395,1.5321455001831055,0.3562221810089021,3.4438923798965773,3.565295792121208
4247,motion_blur/s5,64,0.40625,3.07470965385437,1.5216283798217773,0.3563701923076923,3.4428001233106533,3.5592494388303813
4248,motion_blur/s5,64,0.4375,3.0782532691955566,1.6818933486938477,0.35660951327433627,3.4417247638589865,3.553711515260657
4249,motion_blur/s5,64,0.40625,3.130218982696533,1.6441495418548584,0.35675551470588235,3.4408085703849793,3.548095156515346
4250,motion_blur/s5,64,0.46875,2.2906596660614014,1.5008022785186768,0.3570839442815249,3.4374356996978133,3.5420913650842705
4251,motion_blur/s5,64,0.46875,2.668748140335083,1.4784611463546753,0.35741045321637427,3.4351880752552324,3.536057358596757
4252,motion_blur/s5,64,0.421875,3.1731040477752686,1.696026086807251,0.35759839650145775,3.4344239818806552,3.5306928359384786
4253,motion_blur/s5,64,0.390625,3.252276659011841,1.6848907470703125,0.35769440406976744,3.4338944838490595,3.525327132191769
4254,motion_blur/s5,64,0.4375,2.495471715927124,1.5572094917297363,0.3579257246376812,3.431174417855083,3.5196224433788355
4255,motion_blur/s5,64,0.4375,3.216200351715088,1.4387645721435547,0.35815570809248554,3.4305531055251985,3.51360840328856
4256,motion_blur/s5,64,0.265625,4.20516300201416,2.009523391723633,0.3578890489913545,3.4327854107024005,3.5092738643503325
4257,motion_blur/s5,64,0.34375,3.518216133117676,1.5081171989440918,0.3578484195402299,3.433030901284053,3.503523414162384
4258,motion_blur/s5,64,0.328125,3.326388120651245,1.6258026361465454,0.3577632521489971,3.432725334577369,3.4981431254001607
4259,motion_blur/s5,64,0.34375,2.867295742034912,1.7686843872070312,0.3577232142857143,3.431109821455819,3.4932018147196087
4260,motion_blur/s5,64,0.34375,3.7135651111602783,1.6020772457122803,0.3576834045584046,3.4319145373809032,3.4878139954346876
4261,motion_blur/s5,64,0.296875,3.840531587600708,1.6810370683670044,0.3575106534090909,3.4330753812735733,3.482681106437336
4262,motion_blur/s5,64,0.390625,3.172960042953491,1.5969587564468384,0.35760446175637395,3.432338510626774,3.4773391167773067
4263,motion_blur/s5,64,0.453125,2.6405208110809326,1.5648376941680908,0.3578742937853107,3.430101737464215,3.471936570385755
4264,motion_blur/s5,64,0.375,2.8752710819244385,1.8182058334350586,0.3579225352112676,3.4285388342091734,3.4672781739436407
4265,motion_blur/s5,64,0.4375,3.606525421142578,1.441188097000122,0.35814606741573035,3.42903879653202,3.461586909682563
4266,motion_blur/s5,64,0.359375,3.965074062347412,1.5581356287002563,0.3581495098039216,3.4305402958760407,3.4562551133772907
4267,motion_blur/s5,64,0.484375,2.823901891708374,1.4518311023712158,0.35850209497206703,3.4288457751940085,3.450656163625877
4268,motion_blur/s5,64,0.390625,3.2075390815734863,1.3842506408691406,0.358591573816156,3.428229322008436,3.444900159384215
4269,motion_blur/s5,64,0.46875,3.4026613235473633,1.587456464767456,0.35889756944444445,3.4281582997904883,3.4397405935658347
4270,motion_blur/s5,64,0.328125,3.4476704597473145,1.8381597995758057,0.3588123268698061,3.428212350095078,3.4353040816711258
4271,motion_blur/s5,64,0.375,3.1346287727355957,1.5817500352859497,0.358857044198895,3.4274013457377315,3.4301837666258628
4272,motion_blur/s5,64,0.3125,3.355987787246704,1.8664809465408325,0.3587293388429752,3.4272046141716404,3.425876045358411
4273,motion_blur/s5,64,0.515625,2.7388503551483154,1.4897065162658691,0.3591603708791209,3.4253135310424554,3.420556898300464
4274,motion_blur/s5,64,0.296875,4.085298538208008,1.6275269985198975,0.35898972602739726,3.427121709144279,3.415644487616134
4275,motion_blur/s5,64,0.453125,3.106816291809082,1.9343597888946533,0.3592469262295082,3.426246557730795,3.411597261663343
4276,motion_blur/s5,64,0.40625,3.1252455711364746,1.9247220754623413,0.359375,3.4254263915547885,3.407545830638272
4277,motion_blur/s5,64,0.40625,3.2501237392425537,1.655613899230957,0.3595023777173913,3.424950025651766,3.402785146042057
4278,motion_blur/s5,64,0.34375,3.5238442420959473,1.6970746517181396,0.35945968834688347,3.42521803165839,3.398162624377222
4279,motion_blur/s5,64,0.5,3.029268980026245,1.5679514408111572,0.35983952702702704,3.424147899086411,3.3932161076648817
4280,motion_blur/s5,64,0.390625,2.986705780029297,1.5096874237060547,0.3599225067385445,3.422968809816715,3.3881392109426205
4281,motion_blur/s5,64,0.375,4.071091175079346,1.880514144897461,0.3599630376344086,3.424711074239464,3.3840864553887355
4282,motion_blur/s5,64,0.328125,3.158189296722412,1.9272313117980957,0.35987768096514744,3.423996538642904,3.3801806775238816
4283,motion_blur/s5,64,0.34375,3.4807987213134766,1.7395001649856567,0.35983455882352944,3.4241484161366755,3.3757938312336724
4284,motion_blur/s5,64,0.390625,2.92501163482666,1.6286247968673706,0.35991666666666666,3.4228173847198486,3.3711347138086953
4285,motion_blur/s5,64,0.453125,2.6241726875305176,1.5037235021591187,0.3601645611702128,3.4206933296741324,3.3661681946287763
4286,motion_blur/s5,64,0.375,3.434990644454956,1.6207619905471802,0.3602039124668435,3.420731253586018,3.3615384699495148
4287,motion_blur/s5,64,0.390625,3.509328842163086,1.3148458003997803,0.3602843915343915,3.4209656387409835,3.35612393907769
4288,motion_blur/s5,64,0.28125,3.3013064861297607,2.038280963897705,0.36007585751978893,3.42064991538317,3.3526467808318325
4289,motion_blur/s5,64,0.453125,2.9575743675231934,1.6285996437072754,0.36032072368421053,3.419431295520381,3.348109814681505
4290,motion_blur/s5,64,0.359375,3.850940465927124,1.4436352252960205,0.3603182414698163,3.4205638655214483,3.343111193711989
4291,motion_blur/s5,64,0.4375,3.4480855464935303,1.4859745502471924,0.3605202879581152,3.420635911806716,3.3382495794620812
4292,motion_blur/s5,64,0.4375,3.1739492416381836,1.2773417234420776,0.3607212793733681,3.4199918212840825,3.332868619002499
4293,motion_blur/s5,64,0.375,3.48968243598938,1.6473591327667236,0.3607584635416667,3.4201733072598777,3.3284792713820934
4294,motion_blur/s5,64,0.40625,2.925663948059082,1.7725154161453247,0.36087662337662335,3.4188888673658493,3.324437806823037
4295,motion_blur/s5,64,0.546875,2.470733165740967,1.4613189697265625,0.36135848445595853,3.4164325054445417,3.319611074084445
4296,motion_blur/s5,64,0.453125,3.0799450874328613,1.4823702573776245,0.3615956072351421,3.4155630289122114,3.314863681793213
4297,motion_blur/s5,64,0.28125,3.5308475494384766,1.4100492000579834,0.36138853092783507,3.4158601539651143,3.3099543661186375
4298,motion_blur/s5,64,0.4375,2.9441335201263428,1.4929548501968384,0.36158419023136246,3.4146474890966343,3.305283416206242
4299,motion_blur/s5,64,0.390625,3.166156053543091,1.589158296585083,0.36165865384615387,3.414010331569574,3.3008830953867005
4300,motion_blur/s5,40,0.375,3.9184489250183105,1.6384743452072144,0.3616927749360614,3.415300455849494,3.296631410603633
