global_idx,corruption,large_acc,large_nll,large_ent,large_acc_run,large_nll_run,large_ent_run,small_acc,small_nll,small_ent,small_acc_run,small_nll_run,small_ent_run,duo_acc,duo_nll,duo_ent,duo_acc_run,duo_nll_run,duo_ent_run,w_l
0,brightness/s5,0.671875,1.7078219652175903,3.512697696685791,0.671875,1.7078219652175903,3.512697696685791,0.7421875,1.4331542253494263,2.3207292556762695,0.7421875,1.4331542253494263,2.3207292556762695,0.75,1.3779979944229126,0.6290696263313293,0.75,1.3779979944229126,0.6290696263313293,0.21929538249969482
1,brightness/s5,0.671875,1.4323078393936157,2.8472723960876465,0.671875,1.570064902305603,3.1799850463867188,0.6640625,1.365592360496521,2.3653061389923096,0.703125,1.3993732929229736,2.3430176973342896,0.6875,1.2718511819839478,0.5678640007972717,0.71875,1.3249245882034302,0.5984668135643005,0.2202281951904297
2,brightness/s5,0.625,1.6407116651535034,2.80118989944458,0.65625,1.593613823254903,3.053719997406006,0.7109375,1.4507261514663696,2.558151960372925,0.7057291666666666,1.416490912437439,2.414729118347168,0.703125,1.2776193618774414,0.7771798372268677,0.7135416666666666,1.3091561794281006,0.6580378214518229,0.27721869945526123
3,brightness/s5,0.7109375,1.3236477375030518,2.1815083026885986,0.669921875,1.5261223018169403,2.835667073726654,0.734375,1.4492968320846558,2.4018685817718506,0.712890625,1.4246923923492432,2.4115139842033386,0.734375,1.2819852828979492,0.5668981075286865,0.71875,1.3023634552955627,0.6352528929710388,0.42705774307250977
4,brightness/s5,0.765625,1.1221601963043213,2.0183136463165283,0.6890625,1.4453298807144166,2.672196388244629,0.7109375,1.4254817962646484,2.410022020339966,0.7125,1.4248502731323243,2.411215591430664,0.765625,1.0903174877166748,0.5010603666305542,0.728125,1.2599542617797852,0.6084143877029419,0.5604979395866394
5,brightness/s5,0.6796875,1.3817998170852661,2.058246612548828,0.6875,1.4347415367762248,2.569871425628662,0.6328125,1.452614426612854,2.402009963989258,0.69921875,1.4294776320457458,2.4096813201904297,0.6953125,1.3138362169265747,0.6000283360481262,0.72265625,1.2689345876375835,0.6070167124271393,0.6019376516342163
6,brightness/s5,0.71875,1.3386945724487305,1.9270988702774048,0.6919642857142857,1.421020541872297,2.4780467748641968,0.7421875,1.224275827407837,2.335695743560791,0.7053571428571429,1.4001630885260445,2.399111952100481,0.75,1.2309144735336304,0.476828396320343,0.7265625,1.26350314276559,0.5884183815547398,0.6270455718040466
7,brightness/s5,0.7109375,1.2056982517242432,1.7718725204467773,0.6943359375,1.3941052556037903,2.3897749930620193,0.703125,1.4466267824172974,2.461754560470581,0.705078125,1.4059710502624512,2.4069422781467438,0.7265625,1.2458224296569824,0.48287978768348694,0.7265625,1.2612930536270142,0.5752260573208332,0.7537433505058289
8,brightness/s5,0.65625,1.312680721282959,1.767543077468872,0.6901041666666666,1.385058085123698,2.3206381135516696,0.6484375,1.536680817604065,2.5270795822143555,0.6987847222222222,1.4204943577448528,2.4202908674875894,0.6640625,1.361339807510376,0.55146324634552,0.7196180555555556,1.2724093596140544,0.5725857449902428,0.7971014380455017
9,brightness/s5,0.6875,1.2487921714782715,1.8135178089141846,0.68984375,1.3714314937591552,2.2699260830879213,0.6875,1.3247952461242676,2.3543574810028076,0.69765625,1.4109244465827941,2.413697528839111,0.703125,1.202384114265442,0.5733543634414673,0.71796875,1.2654068350791932,0.5726626068353653,0.7674132585525513
10,brightness/s5,0.7890625,0.9374040961265564,1.5317761898040771,0.6988636363636364,1.3319744576107373,2.2028215473348443,0.7734375,0.995307981967926,2.190518379211426,0.7045454545454546,1.3731411316178062,2.3934085152365943,0.796875,0.8830821514129639,0.3339346945285797,0.7251420454545454,1.2306500456549905,0.5509600693529303,0.7662016749382019
11,brightness/s5,0.71875,1.1263800859451294,1.5590364933013916,0.7005208333333334,1.31484159330527,2.1491727928320565,0.703125,1.3443403244018555,2.25474214553833,0.7044270833333334,1.3707410643498104,2.3818529844284058,0.7421875,1.118468999862671,0.48371362686157227,0.7265625,1.2213016251722972,0.5453561991453171,0.7730960845947266
12,brightness/s5,0.6875,1.477528691291809,1.8238904476165771,0.6995192307692307,1.3273559854580805,2.1241510739693275,0.640625,1.703636646270752,2.4011826515197754,0.6995192307692307,1.3963484168052673,2.3833398818969727,0.7109375,1.5192004442214966,0.5899710655212402,0.7253605769230769,1.2442169189453125,0.548788111943465,0.7333382368087769
13,brightness/s5,0.7265625,1.1420971155166626,1.4483991861343384,0.7014508928571429,1.3141232090336936,2.075883081981114,0.7265625,1.3864789009094238,2.341763973236084,0.7014508928571429,1.3956434513841356,2.380370174135481,0.7578125,1.2476776838302612,0.4226817786693573,0.7276785714285714,1.2444641164370946,0.5397805167096001,0.8259414434432983
14,brightness/s5,0.7421875,1.163059115409851,1.4313883781433105,0.7041666666666667,1.3040522694587708,2.032916768391927,0.703125,1.302596092224121,2.45619535446167,0.7015625,1.3894402941068014,2.3854251861572267,0.75,1.2418006658554077,0.46832501888275146,0.7291666666666666,1.244286553064982,0.5350168168544769,0.8500320911407471
15,brightness/s5,0.7265625,1.344889760017395,1.4822423458099365,0.70556640625,1.3066046126186848,1.9984996169805527,0.6796875,1.5591250658035278,2.4933764934539795,0.7001953125,1.4000455923378468,2.3921721428632736,0.7421875,1.5588699579238892,0.4381561577320099,0.72998046875,1.2639480158686638,0.5289630256593227,0.8829105496406555
16,brightness/s5,0.7578125,1.0693622827529907,1.2420084476470947,0.7086397058823529,1.2926491814501144,1.9540001364315258,0.703125,1.4049592018127441,2.3326284885406494,0.7003676470588235,1.4003346281893112,2.3886695749619427,0.765625,1.2530304193496704,0.3899964690208435,0.7320772058823529,1.263305804308723,0.5207885223276475,0.8898575305938721
17,brightness/s5,0.703125,1.2879570722579956,1.6244497299194336,0.7083333333333334,1.292388508717219,1.9356917805141873,0.609375,1.5998964309692383,2.4550461769104004,0.6953125,1.4114213950104184,2.3923571639590793,0.7109375,1.4042688608169556,0.5033164024353027,0.7309027777777778,1.271137085225847,0.519817849000295,0.8677871823310852
18,brightness/s5,0.703125,1.1245651245117188,1.566010594367981,0.7080592105263158,1.2835556990221928,1.9162348759801764,0.625,1.347387433052063,2.393610954284668,0.6916118421052632,1.4080511864862943,2.392423152923584,0.7109375,1.11742103099823,0.5260398387908936,0.7298519736842105,1.2630467665822882,0.5201453221471686,0.8579461574554443
19,brightness/s5,0.7421875,0.9580992460250854,1.2999582290649414,0.709765625,1.2672828763723374,1.8854210436344148,0.671875,1.410444974899292,2.535749912261963,0.690625,1.4081708759069442,2.399589490890503,0.78125,1.013304352760315,0.4379880130290985,0.732421875,1.2505596458911896,0.5160374566912651,0.9089381098747253
20,brightness/s5,0.75,0.9997366070747375,1.4158955812454224,0.7116815476190477,1.2545425778343564,1.8630626882825578,0.6796875,1.410823941230774,2.525010824203491,0.6901041666666666,1.408297212350936,2.4055619353339788,0.7578125,1.0445153713226318,0.4528759717941284,0.7336309523809523,1.2407480137688773,0.5130297669342586,0.9087689518928528
21,brightness/s5,0.828125,0.7629738450050354,1.150704264640808,0.7169744318181818,1.2321985445239327,1.8306827599352056,0.7265625,1.203234076499939,2.263533592224121,0.6917613636363636,1.3989761607213453,2.399106101556258,0.828125,0.7815260291099548,0.3607734739780426,0.7379261363636364,1.2198742871934718,0.5061090263453397,0.914194643497467
22,brightness/s5,0.7578125,0.9132764339447021,1.228229284286499,0.71875,1.2183323658030967,1.8044891305591748,0.71875,1.145322561264038,2.3803770542144775,0.6929347826086957,1.3879477433536365,2.3982917951500933,0.765625,0.9513139724731445,0.4637215733528137,0.7391304347826086,1.2081977517708489,0.5042660936065342,0.9164378046989441
23,brightness/s5,0.7421875,1.1614184379577637,1.4397737979888916,0.7197265625,1.2159609521428745,1.7892926583687465,0.703125,1.5319188833236694,2.4518070220947266,0.693359375,1.3939465408523877,2.4005215962727866,0.75,1.2673267126083374,0.5063171982765198,0.7395833333333334,1.210661458472411,0.5043515563011169,0.9002845883369446
24,brightness/s5,0.75,0.9647525548934937,1.1537977457046509,0.7209375,1.2059126162528992,1.7638728618621826,0.6640625,1.3650590181350708,2.324005603790283,0.6921875,1.3927910399436951,2.3974609565734863,0.75,1.1045145988464355,0.38154125213623047,0.74,1.2064155840873718,0.4994391441345215,0.9089098572731018
25,brightness/s5,0.7578125,0.9914054274559021,1.122826099395752,0.7223557692307693,1.197662339760707,1.7392172171519353,0.671875,1.4005565643310547,2.2167813777923584,0.69140625,1.3930897139585936,2.3905117420049815,0.7578125,1.1782405376434326,0.34918516874313354,0.7406850961538461,1.2053319284549127,0.4936601450810066,0.9162223935127258
26,brightness/s5,0.734375,1.0398024320602417,1.0359565019607544,0.7228009259259259,1.1918156765125416,1.7131705239967063,0.71875,1.2072712182998657,2.3426058292388916,0.6924189814814815,1.3862075474527147,2.3887374489395707,0.734375,1.2693053483963013,0.3173277974128723,0.7404513888888888,1.2077013143786677,0.4871293173895942,0.9283363819122314
27,brightness/s5,0.703125,1.1328091621398926,1.1807641983032227,0.7220982142857143,1.1897083009992326,1.6941560123647963,0.6484375,1.481791377067566,2.4403324127197266,0.6908482142857143,1.389621255653245,2.3905801262174333,0.6953125,1.368744969367981,0.421008825302124,0.7388392857142857,1.2134528734854289,0.4847678712436131,0.9356980919837952
28,brightness/s5,0.7734375,1.0124772787094116,1.269594430923462,0.7238685344827587,1.1835968864375148,1.6795159578323364,0.7890625,1.058464527130127,2.2005109786987305,0.6942349137931034,1.3782020581179653,2.384026017682306,0.7890625,1.0833882093429565,0.4173658490180969,0.7405711206896551,1.208967885066723,0.48244366358066426,0.9098684787750244
29,brightness/s5,0.7265625,0.8756856322288513,1.2229621410369873,0.7239583333333334,1.1733331779638927,1.6642974972724915,0.71875,1.242102861404419,2.288386106491089,0.6950520833333333,1.3736654182275136,2.3808380206425985,0.7421875,0.8994190096855164,0.453868567943573,0.740625,1.1986495892206828,0.48149116039276124,0.9058970212936401
30,brightness/s5,0.78125,0.9441652297973633,1.0583288669586182,0.7258064516129032,1.1659406635069078,1.6447501221010763,0.7890625,1.224822759628296,2.220506429672241,0.6980846774193549,1.368864042143668,2.375666033837103,0.796875,1.0930231809616089,0.35783708095550537,0.7424395161290323,1.1952422857284546,0.4775023191205917,0.922648549079895
31,brightness/s5,0.7421875,1.1037676334381104,1.0626311302185059,0.726318359375,1.1639977563172579,1.6265589036047459,0.671875,1.3761793375015259,2.3553709983825684,0.697265625,1.369092645123601,2.375031813979149,0.7421875,1.3847262859344482,0.3268886208534241,0.742431640625,1.201163660734892,0.4727956410497427,0.9421391487121582
32,brightness/s5,0.8046875,0.8488286137580872,1.0335211753845215,0.7286931818181818,1.1544471762397073,1.6085880633556482,0.71875,1.2579126358032227,2.1720666885375977,0.6979166666666666,1.3657235539320745,2.368881355632435,0.8203125,0.9689624905586243,0.350083589553833,0.7447916666666666,1.1941272616386414,0.46907709403471515,0.9265327453613281
33,brightness/s5,0.765625,0.9592523574829102,1.0991947650909424,0.7297794117647058,1.148706152158625,1.5936059075243332,0.65625,1.4356989860534668,2.5544018745422363,0.6966911764705882,1.3677816548768211,2.3743378414827236,0.7734375,1.1399112939834595,0.35467207431793213,0.7456341911764706,1.1925326743546654,0.4657122405136333,0.950529158115387
34,brightness/s5,0.7734375,0.9732806086540222,1.362576961517334,0.7310267857142857,1.1436939937727792,1.5870050804955618,0.6640625,1.6008375883102417,2.4934937953948975,0.6957589285714286,1.3744403958320617,2.3777422973087856,0.7734375,1.0234328508377075,0.4664289355278015,0.7464285714285714,1.1877012508256095,0.4657327175140381,0.9375994205474854
35,brightness/s5,0.71875,1.17083740234375,1.1860768795013428,0.7306857638888888,1.1444479773441951,1.5758681860235002,0.671875,1.462302327156067,2.304442882537842,0.6950954861111112,1.3768810050355063,2.375706202454037,0.7265625,1.4027451276779175,0.4271269738674164,0.7458767361111112,1.1936746918492847,0.46466033574607635,0.9268119931221008
36,brightness/s5,0.7265625,1.0627861022949219,1.3285640478134155,0.7305743243243243,1.1422408996401607,1.5691842903962006,0.734375,1.2714420557022095,2.3345260620117188,0.6961570945945946,1.374031303702174,2.374593225685326,0.71875,1.114270806312561,0.5008332133293152,0.745143581081081,1.1915286408888328,0.4656379810861639,0.901025116443634
37,brightness/s5,0.7265625,1.0409698486328125,1.1116377115249634,0.73046875,1.1395758719820726,1.5571435909522207,0.6640625,1.446936011314392,2.346782684326172,0.6953125,1.3759498486393376,2.373861369333769,0.7421875,1.257480263710022,0.35197070240974426,0.7450657894736842,1.193264209910443,0.46264673691046865,0.9248236417770386
38,brightness/s5,0.765625,0.9362280964851379,1.1754220724105835,0.7313701923076923,1.13436182645651,1.5473558597075634,0.6640625,1.4613134860992432,2.366206169128418,0.694511217948718,1.3781386598562584,2.3736650821490164,0.78125,1.0648342370986938,0.38147270679473877,0.7459935897435898,1.1899711336845007,0.46056535152288586,0.9197282791137695
39,brightness/s5,0.6796875,1.0986686944961548,1.195777177810669,0.730078125,1.1334694981575013,1.538566392660141,0.65625,1.5567537546157837,2.4017224311828613,0.6935546875,1.3826040372252464,2.3743665158748626,0.6953125,1.2963006496429443,0.43034031987190247,0.7447265625,1.1926293715834617,0.4598097257316113,0.9209438562393188
40,brightness/s5,0.6640625,1.475798487663269,1.2937469482421875,0.7284679878048781,1.1418189857064225,1.5325951866987275,0.6015625,1.8384943008422852,2.49112606048584,0.6913109756097561,1.3937233119476131,2.3772143096458622,0.6484375,1.8563798666000366,0.4977836608886719,0.7423780487804879,1.2088184080472806,0.46073591927202734,0.9234829545021057
41,brightness/s5,0.7578125,0.9527542591094971,0.9035999774932861,0.7291666666666666,1.1373174445969718,1.5176191102890741,0.7109375,1.3586206436157227,2.27175235748291,0.6917782738095238,1.3928875341301872,2.3747033107848394,0.7578125,1.1992450952529907,0.32396399974823,0.7427455357142857,1.208590472028369,0.45747944499765125,0.948375940322876
42,brightness/s5,0.734375,1.168657660484314,1.034471035003662,0.7292877906976745,1.13804628682691,1.5063831085382506,0.6875,1.6192221641540527,2.3164892196655273,0.6916787790697675,1.398151130177254,2.3733494947122975,0.734375,1.4956765174865723,0.37514373660087585,0.7425508720930233,1.2152668916901876,0.45556466108144716,0.9499198198318481
43,brightness/s5,0.7890625,0.8633567094802856,0.9838276505470276,0.7306463068181818,1.131803341887214,1.494506848129359,0.734375,1.2250409126281738,2.276148557662964,0.6926491477272727,1.3942168070511385,2.371140382506631,0.796875,1.0189992189407349,0.3547121286392212,0.7437855113636364,1.2108062627640637,0.45327255807139655,0.9511735439300537
44,brightness/s5,0.7421875,0.9900025725364685,1.0346474647521973,0.7309027777777778,1.1286522136794197,1.4842877507209777,0.734375,1.1711108684539795,2.214043617248535,0.6935763888888888,1.389258897304535,2.367649343278673,0.7421875,1.1893627643585205,0.38368654251098633,0.74375,1.210329740577274,0.4517262021700541,0.9453166127204895
45,brightness/s5,0.6796875,1.2323863506317139,1.2280845642089844,0.7297894021739131,1.1309073036131652,1.4787181162315866,0.6328125,1.5751240253448486,2.407341241836548,0.6922554347826086,1.3932994435662809,2.368512210638627,0.6796875,1.4917950630187988,0.4471702575683594,0.7423573369565217,1.2164485519346984,0.45162715989610425,0.9406328797340393
46,brightness/s5,0.734375,1.238070011138916,1.0790748596191406,0.7298869680851063,1.133187361220096,1.470215068218556,0.6875,1.527314305305481,2.476078510284424,0.692154255319149,1.3961508236032851,2.3708008553119417,0.7265625,1.5955243110656738,0.34437984228134155,0.7420212765957447,1.2245139936183362,0.44934530207451356,0.9551254510879517
47,brightness/s5,0.765625,0.9315129518508911,1.0467426776885986,0.7306315104166666,1.1289858110249043,1.4613927267491817,0.6953125,1.4713815450668335,2.3523693084716797,0.6922200520833334,1.3977181303004425,2.3704168647527695,0.765625,1.105360984802246,0.36341002583503723,0.7425130208333334,1.2220316392680008,0.44755498381952447,0.9521894454956055
48,brightness/s5,0.84375,0.767045259475708,0.9147852659225464,0.7329400510204082,1.1215992691565533,1.4502374724465974,0.7265625,1.2677408456802368,2.268001079559326,0.6929209183673469,1.395065532655132,2.3683267466875972,0.84375,0.9179192185401917,0.28866899013519287,0.7445790816326531,1.2158252633347804,0.4443124125198442,0.9614627957344055
49,brightness/s5,0.7734375,0.8893963694572449,1.049513339996338,0.73375,1.1169552111625671,1.4422229897975922,0.6640625,1.4600387811660767,2.3057518005371094,0.69234375,1.396364997625351,2.3670752477645873,0.7734375,1.0237258672714233,0.3853304982185364,0.74515625,1.2119832754135131,0.443132774233818,0.9477108716964722
50,brightness/s5,0.6640625,1.2652339935302734,1.2136719226837158,0.7323835784313726,1.1198626382678163,1.437741596324771,0.609375,1.612906813621521,2.4077022075653076,0.6907169117647058,1.4006109155860602,2.3678718548195037,0.6640625,1.543121576309204,0.47272753715515137,0.7435661764705882,1.218476183274213,0.4437130637028638,0.9290656447410583
51,brightness/s5,0.7734375,0.878062903881073,0.9991239905357361,0.7331730769230769,1.1152126433757634,1.4293066423672895,0.7265625,1.1283085346221924,2.1776628494262695,0.69140625,1.395374331336755,2.364213989331172,0.78125,1.0153205394744873,0.3472113013267517,0.7442908653846154,1.2145693439703722,0.44185726058024627,0.9244076013565063
52,brightness/s5,0.7109375,1.0828934907913208,1.0188798904418945,0.7327535377358491,1.1146028480439816,1.421562741387565,0.65625,1.4345864057540894,2.3356971740722656,0.6907429245283019,1.3961141817974594,2.3636759362130797,0.6953125,1.3499234914779663,0.37484148144721985,0.7433667452830188,1.217123195810138,0.440592811917359,0.9375032186508179
53,brightness/s5,0.7734375,0.9621351957321167,0.9888455867767334,0.7335069444444444,1.1117793730011694,1.413549460746624,0.6875,1.4280622005462646,2.2603037357330322,0.6906828703703703,1.3967058117742892,2.3617616362041898,0.78125,1.1680071353912354,0.3250027298927307,0.7440682870370371,1.216213639135714,0.43845225484282885,0.9407287240028381
54,brightness/s5,0.7734375,0.9388231039047241,0.8781999945640564,0.7342329545454546,1.108634713563052,1.403815834088759,0.71875,1.3811683654785156,2.289102077484131,0.6911931818181818,1.3964233127507297,2.3604405533183703,0.78125,1.2022466659545898,0.28921157121658325,0.7447443181818182,1.2159596941687845,0.4357387878678062,0.9618107080459595
55,brightness/s5,0.7265625,1.0528755187988281,0.9371286630630493,0.7340959821428571,1.1076390136565482,1.395482134606157,0.6953125,1.3971635103225708,2.3369691371917725,0.6912667410714286,1.3964365305645126,2.3600214208875383,0.7265625,1.3683401346206665,0.309768408536911,0.7444196428571429,1.218680773462568,0.4334893168083259,0.9655279517173767
56,brightness/s5,0.640625,1.4115444421768188,1.2810918092727661,0.7324561403508771,1.1129706878411143,1.3934752867932905,0.6015625,1.6683216094970703,2.339420795440674,0.6896929824561403,1.401206444229996,2.3596600064060143,0.6484375,1.7238558530807495,0.5252772569656372,0.7427357456140351,1.2275434941576238,0.43509963154792786,0.9296250343322754
57,brightness/s5,0.78125,0.8709479570388794,0.9031550884246826,0.7332974137931034,1.1087978821376274,1.3850214902696938,0.6875,1.2133477926254272,2.299407958984375,0.6896551724137931,1.3979675019609517,2.358621178002193,0.7734375,1.0541832447052002,0.3234940469264984,0.7432650862068966,1.2245545243394786,0.433175397330317,0.9494146108627319
58,brightness/s5,0.8203125,0.7035365700721741,0.81976318359375,0.7347722457627118,1.1019290463399078,1.3754408410039998,0.78125,1.048647403717041,2.113180160522461,0.691207627118644,1.392046822329699,2.354461160756774,0.828125,0.8113449215888977,0.30708521604537964,0.7447033898305084,1.2175509717504858,0.4310382756136231,0.9504591226577759
59,brightness/s5,0.734375,0.9596794247627258,0.9423820972442627,0.734765625,1.0995582193136215,1.3682231952746708,0.71875,1.2796547412872314,2.234503746032715,0.6916666666666667,1.3901736209789912,2.3524618705113727,0.734375,1.201806902885437,0.3101246953010559,0.74453125,1.217288570602735,0.42902304927508034,0.9547167420387268
60,brightness/s5,0.734375,0.8329146504402161,1.0347492694854736,0.7347592213114754,1.0951870132665165,1.3627564096059956,0.7109375,1.3313740491867065,2.323699712753296,0.6919825819672131,1.3892096935725602,2.3519903597284535,0.734375,0.9333317279815674,0.3916608691215515,0.7443647540983607,1.2126335403958306,0.42841055451846516,0.9484727382659912
61,brightness/s5,0.8125,0.8783756494522095,0.9693455100059509,0.7360131048387096,1.0916900557856406,1.3564110725156722,0.6953125,1.346059799194336,2.321847438812256,0.6920362903225806,1.3885137275342019,2.3515041835846437,0.8125,1.0652135610580444,0.30204838514328003,0.7454637096774194,1.2102557987936082,0.4263724550124138,0.9555472731590271
62,brightness/s5,0.75,1.0059194564819336,0.9178226590156555,0.7362351190476191,1.0903286177014548,1.3494493516664656,0.6953125,1.3958821296691895,2.245696544647217,0.6920882936507936,1.3886306862982492,2.349824697252304,0.75,1.2655425071716309,0.3654979467391968,0.7455357142857143,1.2111333655932592,0.425406192976331,0.9514114260673523
63,brightness/s5,0.75,0.9783769249916077,1.0178462266921997,0.7364501953125,1.0885793725028634,1.3442680528387427,0.6640625,1.5597788095474243,2.3703017234802246,0.691650390625,1.3913048757240176,2.350144650787115,0.75,1.198474645614624,0.34488850831985474,0.74560546875,1.2109355730935931,0.4241481041535735,0.9564457535743713
64,brightness/s5,0.7265625,1.0161967277526855,0.9656448364257812,0.7362980769230769,1.0874657933528606,1.3384430802785434,0.6796875,1.5126123428344727,2.4594979286193848,0.6914663461538462,1.3931711444487938,2.3518270089076116,0.71875,1.3184356689453125,0.27655819058418274,0.7451923076923077,1.212589420722081,0.4218774900986598,0.9685859084129333
65,brightness/s5,0.796875,0.8988680243492126,0.9978493452072144,0.7372159090909091,1.08460825139826,1.333282569141099,0.7109375,1.3282861709594727,2.268446207046509,0.6917613636363636,1.3921880387898646,2.3505636634248677,0.796875,1.0637872219085693,0.3611046075820923,0.7459753787878788,1.2103348419521793,0.4209566888484088,0.9616515636444092
66,brightness/s5,0.8203125,0.7847055196762085,0.7808030843734741,0.738456156716418,1.080132091223304,1.3250366066818806,0.7421875,1.0687774419784546,2.200209617614746,0.6925139925373134,1.3873610149568587,2.3483195731888955,0.8203125,0.9738309383392334,0.267805814743042,0.7470848880597015,1.206804932943031,0.41867085490653766,0.9691435694694519
67,brightness/s5,0.7734375,0.9686878323554993,0.8773994445800781,0.7389705882352942,1.0784932050634832,1.318453707239207,0.6953125,1.4281299114227295,2.1931939125061035,0.6925551470588235,1.387960557551945,2.346038313472972,0.78125,1.236742377281189,0.31689274311065674,0.7475873161764706,1.2072451894774157,0.4171741179683629,0.9616673588752747
68,brightness/s5,0.6796875,1.153015375137329,1.0565133094787598,0.7381114130434783,1.0795732365138289,1.314657469590505,0.640625,1.4772125482559204,2.3610877990722656,0.691802536231884,1.3892540646635967,2.3462564219599185,0.6875,1.454177975654602,0.39523768424987793,0.7467164855072463,1.210823925508969,0.4168561986391095,0.9570814371109009
69,brightness/s5,0.7578125,0.9518312811851501,1.0078734159469604,0.7383928571428572,1.0777483514377049,1.31027484025274,0.6484375,1.5409663915634155,2.3098840713500977,0.6911830357142857,1.3914213836193086,2.3457368169512067,0.7578125,1.1672755479812622,0.3337247967720032,0.746875,1.210201805830002,0.4156686071838651,0.9558531045913696
70,brightness/s5,0.6875,1.443626046180725,1.001105785369873,0.7376760563380281,1.0829015584059165,1.3059203465219955,0.6328125,1.6932556629180908,2.4126718044281006,0.6903609154929577,1.3956725706516857,2.3466795632536983,0.6875,1.9458926916122437,0.36050188541412354,0.7460387323943662,1.2205636492917236,0.4148916111026012,0.9554504156112671
71,brightness/s5,0.7578125,0.8683557510375977,0.92793869972229,0.7379557291666666,1.079921755525801,1.300670601427555,0.7421875,1.2390497922897339,2.219507932662964,0.6910807291666666,1.3934972542855475,2.3449132906066046,0.7578125,1.0235793590545654,0.3592899441719055,0.7462022569444444,1.217827756371763,0.4141193657285637,0.9490240812301636
72,brightness/s5,0.7578125,1.1599277257919312,1.004178524017334,0.7382277397260274,1.0810177277212274,1.2966090661205658,0.65625,1.3205446004867554,2.323573589324951,0.690603595890411,1.3924979028636462,2.3446209659315134,0.7578125,1.4492508172988892,0.40779662132263184,0.746361301369863,1.220997935288573,0.41403275279149615,0.9497032165527344
73,brightness/s5,0.75,0.8754340410232544,0.871196985244751,0.7383868243243243,1.0782395697928764,1.2908602542168386,0.6640625,1.4127452373504639,2.2760682106018066,0.6902449324324325,1.3927715154918465,2.343694577345977,0.7578125,1.0831105709075928,0.3221380114555359,0.7465160472972973,1.219134592526668,0.41279093196263184,0.9559489488601685
74,brightness/s5,0.703125,1.2048131227493286,1.2170085906982422,0.7379166666666667,1.0799272171656291,1.2898755653699239,0.6640625,1.5001027584075928,2.4333324432373047,0.6898958333333334,1.3942025987307232,2.3448897488911946,0.703125,1.4125049114227295,0.49590012431144714,0.7459375,1.221712863445282,0.4138990545272827,0.9352079033851624
75,brightness/s5,0.796875,0.9622300863265991,0.9293303489685059,0.7386924342105263,1.0783785707072209,1.285131549364642,0.6875,1.442491054534912,2.348925828933716,0.6898643092105263,1.3948379731491993,2.3449428552075435,0.8125,1.1977415084838867,0.3360767960548401,0.746813322368421,1.2213974508800005,0.412875077442119,0.9481776356697083
76,brightness/s5,0.75,0.888422966003418,0.8620088696479797,0.7388392857142857,1.0759116148019765,1.2796364496280621,0.703125,1.330522894859314,2.2021617889404297,0.690036525974026,1.3940027123921876,2.343088555645633,0.7578125,1.1227760314941406,0.2952520549297333,0.7469561688311688,1.2201166532256387,0.4113475057211789,0.9592927098274231
77,brightness/s5,0.7421875,1.0292774438858032,0.7567020654678345,0.7388822115384616,1.0753137408158717,1.272932162651649,0.6875,1.2110565900802612,2.1224212646484375,0.6900040064102564,1.3916572492856245,2.3402594878123355,0.75,1.3829797506332397,0.2775922417640686,0.7469951923076923,1.2222046416539412,0.40963269464480573,0.9684475064277649
78,brightness/s5,0.8125,0.6513193845748901,1.2253789901733398,0.739814082278481,1.0699467236482645,1.2723302237595184,0.5625,1.3756214380264282,2.7154974937438965,0.6883900316455697,1.3914542643329766,2.3450093359886846,0.8125,0.5788389444351196,0.38756754994392395,0.7478243670886076,1.214060772068893,0.40935338901568064,0.9689009785652161
79,contrast/s5,0.25,4.337049961090088,5.265393257141113,0.25,4.337049961090088,5.265393257141113,0.3515625,3.870166063308716,5.492335319519043,0.3515625,3.870166063308716,5.492335319519043,0.3046875,3.6890368461608887,3.3753252029418945,0.3046875,3.6890368461608887,3.3753252029418945,0.6450963020324707
80,contrast/s5,0.390625,3.4273056983947754,4.319249153137207,0.3203125,3.8821778297424316,4.79232120513916,0.390625,3.433297634124756,5.505556583404541,0.37109375,3.651731848716736,5.498945951461792,0.40625,3.497915744781494,1.7837748527526855,0.35546875,3.5934762954711914,2.57955002784729,0.9094443917274475
81,contrast/s5,0.3359375,3.328640937805176,3.905649423599243,0.3255208333333333,3.697665532430013,4.4967639446258545,0.3828125,3.755955457687378,5.5265398025512695,0.375,3.6864730517069497,5.508143901824951,0.3359375,3.7561891078948975,1.4665950536727905,0.3489583333333333,3.6477138996124268,2.20856503645579,0.9717236161231995
82,contrast/s5,0.3984375,3.092471122741699,3.378021240234375,0.34375,3.5463669300079346,4.217078268527985,0.4140625,3.554262161254883,5.4155073165893555,0.384765625,3.653420329093933,5.484984755516052,0.3984375,3.7496867179870605,1.054234504699707,0.361328125,3.673207104206085,1.9199824035167694,0.9882281422615051
83,contrast/s5,0.40625,2.770723342895508,3.2325735092163086,0.35625,3.391238212585449,4.02017731666565,0.390625,3.5629427433013916,5.458970069885254,0.3859375,3.635324811935425,5.479781818389893,0.40625,3.2774553298950195,1.0620014667510986,0.3703125,3.594056749343872,1.7483862161636352,0.9939630627632141
84,contrast/s5,0.4375,3.0590388774871826,3.268444538116455,0.3697916666666667,3.3358716567357383,3.8948885202407837,0.34375,3.834658145904541,5.5044145584106445,0.37890625,3.668547034263611,5.483887275060018,0.4375,3.7076001167297363,1.1656464338302612,0.3815104166666667,3.6129806439081826,1.651262919108073,0.9960311055183411
85,contrast/s5,0.40625,2.924744129180908,2.866168260574341,0.375,3.2771391527993337,3.7479284831455777,0.453125,3.3720052242279053,5.457610130310059,0.38950892857142855,3.6261839185442244,5.480133397238595,0.40625,3.713895559310913,0.9420270919799805,0.38504464285714285,3.627397060394287,1.549943515232631,0.9976314306259155
86,contrast/s5,0.4375,2.8807551860809326,2.86521053314209,0.3828125,3.2275911569595337,3.6375887393951416,0.453125,3.6494863033294678,5.465005874633789,0.3974609375,3.6290967166423798,5.478242456912994,0.4453125,3.6178712844848633,0.9667907953262329,0.392578125,3.626206338405609,1.4770494252443314,0.9981538653373718
87,contrast/s5,0.4453125,2.8847341537475586,2.8049075603485107,0.3897569444444444,3.1894959343804254,3.5450686083899603,0.421875,3.6432650089263916,5.482112884521484,0.4001736111111111,3.6306709713406033,5.478672504425049,0.4453125,3.6485540866851807,0.9598867893218994,0.3984375,3.628689421547784,1.419586910141839,0.9984349608421326
88,contrast/s5,0.359375,2.7176170349121094,2.8859663009643555,0.38671875,3.1423080444335936,3.4791583776474,0.3828125,3.71452260017395,5.512655735015869,0.3984375,3.639056134223938,5.482070827484131,0.359375,3.314375638961792,1.015212059020996,0.39453125,3.5972580432891847,1.3791494250297547,0.9987678527832031
89,contrast/s5,0.421875,2.6973092555999756,2.831958293914795,0.3899147727272727,3.101853609085083,3.4203220063989814,0.3828125,3.65653920173645,5.515933990478516,0.39701704545454547,3.6406455039978027,5.485149296847257,0.421875,3.303419351577759,1.0079994201660156,0.39701704545454547,3.5705454349517822,1.3454085154966875,0.9987564086914062
90,contrast/s5,0.46875,2.7044811248779297,2.4490737915039062,0.396484375,3.0687392354011536,3.339384655157725,0.390625,3.586731433868408,5.429283142089844,0.396484375,3.636152664820353,5.480493783950806,0.46875,3.4974565505981445,0.8462756872177124,0.4029947916666667,3.5644546945889792,1.3038141131401062,0.9990748167037964
91,contrast/s5,0.453125,2.826345682144165,2.6694717407226562,0.40084134615384615,3.0500935774583082,3.2878528925088735,0.375,3.7892887592315674,5.4523420333862305,0.3948317307692308,3.6479323643904467,5.478328264676607,0.453125,3.590515613555908,0.9533799886703491,0.40685096153846156,3.566459380663358,1.2768576420270479,0.9988330006599426
92,contrast/s5,0.5,2.3377866744995117,2.2973580360412598,0.40792410714285715,2.9992145129612515,3.217103259904044,0.4453125,3.4298031330108643,5.449553489685059,0.3984375,3.6323517050061906,5.476272923605783,0.5,2.980557441711426,0.7211813926696777,0.4135044642857143,3.524609242166792,1.2371664813586645,0.9992712140083313
93,contrast/s5,0.4375,2.536261558532715,2.450021266937256,0.40989583333333335,2.9683509826660157,3.165964460372925,0.3671875,3.6059224605560303,5.410882949829102,0.3963541666666667,3.63058975537618,5.4719135920206705,0.4375,3.236804246902466,0.8089092373847961,0.41510416666666666,3.5054222424825032,1.2086159984270732,0.999243974685669
94,contrast/s5,0.4140625,2.809338331222534,2.5492963790893555,0.41015625,2.958412691950798,3.1274227052927017,0.3828125,3.718620538711548,5.3639421463012695,0.3955078125,3.6360916793346405,5.465165376663208,0.4140625,3.6020267009735107,0.9485809206962585,0.4150390625,3.5114600211381912,1.1923638060688972,0.9990587830543518
95,contrast/s5,0.453125,2.274057149887085,2.0646800994873047,0.41268382352941174,2.918156483594109,3.0649084343629727,0.4453125,3.295184850692749,5.318707466125488,0.3984375,3.616038336473353,5.456550205455107,0.453125,2.9693925380706787,0.6979825496673584,0.4172794117647059,3.479573698604808,1.163282555692336,0.9993643164634705
96,contrast/s5,0.4609375,2.498499631881714,2.35866641998291,0.4153645833333333,2.8948422140545316,3.0256727668974133,0.421875,3.635223150253296,5.421439170837402,0.3997395833333333,3.6171041594611273,5.45459959242079,0.4609375,3.1805076599121094,0.8087877035140991,0.4197048611111111,3.462958918677436,1.1435883972379897,0.9993646740913391
97,contrast/s5,0.453125,2.289632558822632,2.3853037357330322,0.4173519736842105,2.862989074305484,2.9919691336782357,0.328125,3.8302907943725586,5.567901134490967,0.3959703947368421,3.628324508666992,5.460562831477115,0.453125,2.8027024269104004,0.9028168320655823,0.4214638157894737,3.4282085770054866,1.1309162095973366,0.9995321035385132
98,contrast/s5,0.484375,2.3794028759002686,2.163025379180908,0.420703125,2.8388097643852235,2.950521945953369,0.40625,3.564897060394287,5.453503608703613,0.396484375,3.625153136253357,5.46020987033844,0.484375,3.0701255798339844,0.7780122756958008,0.424609375,3.4103044271469116,1.1132710129022598,0.9996311664581299
99,contrast/s5,0.4921875,2.3542468547821045,2.285491466522217,0.42410714285714285,2.815735340118408,2.918853827885219,0.3828125,3.5142710208892822,5.521219253540039,0.3958333333333333,3.619873035521734,5.463115079062326,0.4921875,2.9670569896698,0.8171777129173279,0.42782738095238093,3.3891974063146684,1.0991713319505965,0.999675989151001
100,contrast/s5,0.5390625,1.927198052406311,2.0888288021087646,0.42933238636363635,2.7753472815860403,2.881125417622653,0.4921875,3.1681969165802,5.3966546058654785,0.4002130681818182,3.5993423028425737,5.460094148462469,0.5390625,2.3594577312469482,0.7193773984909058,0.4328835227272727,3.3423910574479536,1.0819079713387922,0.9996289014816284
101,contrast/s5,0.578125,1.8749802112579346,1.9049440622329712,0.4358016304347826,2.7362008872239487,2.8386827499970146,0.5078125,3.2453575134277344,5.427533149719238,0.4048913043478261,3.583951659824537,5.4586784528649375,0.578125,2.3306663036346436,0.6894257068634033,0.4391983695652174,3.298403024673462,1.0648435250572537,0.9996727705001831
102,contrast/s5,0.578125,2.178858757019043,2.1172637939453125,0.4417317708333333,2.7129782984654107,2.8086236268281937,0.40625,3.5219359397888184,5.467560291290283,0.4049479166666667,3.5813676714897156,5.459048529465993,0.578125,2.7315866947174072,0.8037249445915222,0.4449869791666667,3.2747856775919595,1.0539635842045147,0.9996887445449829
103,contrast/s5,0.46875,2.4023427963256836,2.3107619285583496,0.4428125,2.700552878379822,2.7887091588974,0.296875,3.9410219192504883,5.4722137451171875,0.400625,3.5957538414001466,5.459575138092041,0.46875,2.9979982376098633,0.904435396194458,0.4459375,3.2637141799926757,1.0479824566841125,0.9996258020401001
104,contrast/s5,0.5546875,1.93968665599823,1.9136810302734375,0.44711538461538464,2.671288792903607,2.755054230873401,0.453125,3.3580567836761475,5.429701805114746,0.4026442307692308,3.5866116468723,5.45842616374676,0.5546875,2.444803476333618,0.6818404197692871,0.4501201923076923,3.2322176144673276,1.033900070648927,0.9996871948242188
105,contrast/s5,0.484375,2.525346040725708,2.0157506465911865,0.44849537037037035,2.665883505785907,2.7276726166407266,0.4140625,3.62459397315979,5.408124923706055,0.40306712962962965,3.588018399697763,5.456563154856364,0.484375,3.390716075897217,0.6863094568252563,0.4513888888888889,3.2380879278536194,1.0210263442110132,0.9997174143791199
106,contrast/s5,0.3984375,2.6778006553649902,1.9602686166763306,0.4467075892857143,2.666309118270874,2.7002653309277127,0.3125,3.7624220848083496,5.430663108825684,0.3998325892857143,3.5942471027374268,5.455638153212411,0.3984375,3.637937068939209,0.7622312903404236,0.44949776785714285,3.252368254320962,1.011783663715635,0.9997178912162781
107,contrast/s5,0.5234375,2.1058859825134277,1.9713470935821533,0.44935344827586204,2.6469841825551,2.675130219295107,0.4296875,3.3286242485046387,5.104748249053955,0.40086206896551724,3.5850876939707788,5.443538501344878,0.5234375,2.6798386573791504,0.741727888584137,0.4520474137931034,3.232625854426417,1.0024713956076523,0.9994705319404602
108,contrast/s5,0.5703125,1.9236983060836792,1.8581264019012451,0.45338541666666665,2.622874653339386,2.6478967587153117,0.4296875,3.2783925533294678,5.375807285308838,0.40182291666666664,3.5748645226160685,5.441280794143677,0.5703125,2.4301977157592773,0.6980127096176147,0.45598958333333334,3.205878249804179,0.9923227727413177,0.9996539354324341
109,contrast/s5,0.5859375,1.912723422050476,1.9409362077713013,0.4576612903225806,2.59996654910426,2.6250915796526018,0.4921875,3.176543712615967,5.318230628967285,0.40473790322580644,3.5620154642289683,5.437311433976697,0.5859375,2.3849854469299316,0.6687266230583191,0.46018145161290325,3.1793978368082354,0.9818841872676727,0.9996609687805176
110,contrast/s5,0.546875,2.2410120964050293,1.8804879188537598,0.46044921875,2.588749222457409,2.601822715252638,0.421875,3.3357443809509277,5.142645835876465,0.4052734375,3.5549444928765297,5.428103134036064,0.546875,2.9369802474975586,0.721002459526062,0.462890625,3.1718222871422768,0.9737316332757473,0.999588668346405
111,contrast/s5,0.6015625,1.712470293045044,1.7532546520233154,0.4647253787878788,2.562195315505519,2.576108531518416,0.4296875,3.22337007522583,5.432114601135254,0.40601325757575757,3.544896783250751,5.428224693645131,0.6015625,2.121979236602783,0.653333842754364,0.46709280303030304,3.1400088613683526,0.9640226093205538,0.9997299313545227
112,contrast/s5,0.5078125,2.307626962661743,2.1425609588623047,0.46599264705882354,2.554708011010114,2.563357132322648,0.390625,3.519979953765869,5.290696144104004,0.4055606617647059,3.544163935324725,5.424179736305685,0.5078125,2.9037182331085205,0.8733471035957336,0.46829044117647056,3.1330591370077694,0.9613556826815886,0.9995644688606262
113,contrast/s5,0.515625,2.399109363555908,2.0854055881500244,0.4674107142857143,2.550262335368565,2.5497013739177157,0.3828125,3.824732780456543,5.321310997009277,0.4049107142857143,3.552180188042777,5.421240629468645,0.515625,3.1095056533813477,0.7929567098617554,0.46964285714285714,3.1323861803327286,0.9565442834581648,0.9995545744895935
114,contrast/s5,0.5234375,2.4487311840057373,1.9070658683776855,0.4689670138888889,2.5474420256084866,2.531850387652715,0.4140625,3.6340954303741455,5.413066864013672,0.4051649305555556,3.5544556114408703,5.421013580428229,0.5234375,3.2781260013580322,0.7317272424697876,0.4711371527777778,3.136434508694543,0.950299365652932,0.999701201915741
115,contrast/s5,0.5625,1.974662184715271,1.9021333456039429,0.47149493243243246,2.5319614893681295,2.5148310081378833,0.390625,3.463715076446533,5.432311058044434,0.4047719594594595,3.5520031645491317,5.421318917661099,0.5625,2.4861292839050293,0.6984214186668396,0.4736064189189189,3.11885869180834,0.9434918535722269,0.9997538924217224
116,contrast/s5,0.484375,2.2142271995544434,1.9344816207885742,0.47183388157894735,2.523600060688822,2.4995586558392175,0.375,3.7452402114868164,5.427755355834961,0.40398848684210525,3.55708834999486,5.421488297613044,0.484375,2.8741402626037598,0.7236703634262085,0.4738898026315789,3.1124187331450615,0.9377070775157527,0.9997598528862
117,contrast/s5,0.5078125,2.098083972930908,1.9393824338912964,0.47275641025641024,2.512689391771952,2.4851951629687576,0.453125,3.4262261390686035,5.414220809936523,0.4052483974358974,3.553732908689059,5.421301951775184,0.5078125,2.6908440589904785,0.6953149437904358,0.47475961538461536,3.1016091261154566,0.9314918945997189,0.9997768998146057
118,contrast/s5,0.546875,2.1744017601013184,1.897892713546753,0.474609375,2.5042322009801863,2.4705126017332075,0.375,3.6811363697052,5.518980979919434,0.4044921875,3.5569179952144623,5.423743927478791,0.546875,2.8221421241760254,0.7108727693557739,0.4765625,3.0946224510669706,0.9259764164686203,0.9997966885566711
119,contrast/s5,0.484375,2.4847590923309326,2.057053565979004,0.47484756097560976,2.5037572471106926,2.4604282350074955,0.3828125,3.7856626510620117,5.413132667541504,0.40396341463414637,3.5624971331619637,5.4234851162608075,0.484375,3.2537355422973633,0.7780568599700928,0.4767530487804878,3.098503258170151,0.9223686224076806,0.9997416138648987
120,contrast/s5,0.53125,2.001431465148926,1.8002028465270996,0.47619047619047616,2.4917971094449363,2.4447085829008195,0.4296875,3.316937208175659,5.233503818511963,0.40457589285714285,3.556650468281337,5.418961752028692,0.53125,2.5882956981658936,0.644127368927002,0.47805059523809523,3.086355459122431,0.9157438306581407,0.9996774196624756
121,contrast/s5,0.53125,2.255115270614624,1.744161605834961,0.47747093023255816,2.4862928806349287,2.4284167927364972,0.3515625,3.615792989730835,5.286930561065674,0.40334302325581395,3.5580258757569068,5.4158912592155986,0.53125,3.061455011367798,0.5994057655334473,0.4792877906976744,3.0857763789420902,0.9083871314691943,0.9997456669807434
122,contrast/s5,0.578125,1.6965759992599487,1.6759755611419678,0.4797585227272727,2.4683447696945886,2.411315855654803,0.5,3.0489816665649414,5.299818992614746,0.4055397727272727,3.546456689184362,5.413253253156489,0.578125,2.1324617862701416,0.5932720899581909,0.4815340909090909,3.064110138199546,0.9012254259803079,0.9997720122337341
123,contrast/s5,0.515625,2.0086913108825684,1.6712043285369873,0.48055555555555557,2.4581302483876546,2.394868932829963,0.46875,3.298305034637451,5.347429275512695,0.40694444444444444,3.5409422079722086,5.411790498097738,0.515625,2.6513559818267822,0.6238406896591187,0.4822916666666667,3.0549378236134848,0.8950613207287259,0.9998162388801575
124,contrast/s5,0.4921875,2.293708324432373,1.8982917070388794,0.48080842391304346,2.4545558587364527,2.384073775747548,0.34375,3.6368415355682373,5.386170864105225,0.405570652173913,3.5430269759634268,5.411233549532683,0.4921875,3.0258688926696777,0.6975876092910767,0.48250679347826086,3.0543058903320977,0.8907684139583422,0.9997833371162415
125,contrast/s5,0.5546875,2.173764228820801,1.692176103591919,0.48238031914893614,2.4485815687382475,2.369352548680407,0.3984375,3.550536870956421,5.420210838317871,0.4054188829787234,3.5431867609632777,5.411424555677049,0.5546875,2.9137063026428223,0.6404489278793335,0.48404255319148937,3.051314409742964,0.8854424674460228,0.9998396635055542
126,contrast/s5,0.546875,1.7776556015014648,1.7884598970413208,0.4837239583333333,2.4346039444208145,2.357250618437926,0.4140625,3.275578022003174,5.303677082061768,0.4055989583333333,3.537611578901609,5.409179816643397,0.546875,2.2057950496673584,0.6647611856460571,0.4853515625,3.0336994230747223,0.8808449407418569,0.9997943043708801
127,contrast/s5,0.5390625,2.099240779876709,1.6273252964019775,0.4848533163265306,2.4277597982056287,2.342354183294335,0.4609375,3.397444009780884,5.291445732116699,0.4067283163265306,3.534751016266492,5.406777080224485,0.5390625,2.8373188972473145,0.5661135911941528,0.4864477040816326,3.02969165724151,0.8744218519755772,0.9998157620429993
128,contrast/s5,0.5625,2.0361626148223877,1.565172791481018,0.48640625,2.419927854537964,2.326810555458069,0.4375,3.3328921794891357,5.231693267822266,0.40734375,3.5307138395309448,5.403275403976441,0.5625,2.7334394454956055,0.6294432282447815,0.48796875,3.023766613006592,0.8695222795009613,0.9997372031211853
129,contrast/s5,0.4375,2.4828505516052246,1.7952951192855835,0.48544730392156865,2.4211616329118315,2.316388684160569,0.296875,3.8136281967163086,5.375231742858887,0.40517769607843135,3.5362611798679127,5.402725528268253,0.4375,3.3998308181762695,0.6254867315292358,0.4869791666666667,3.0311404209510955,0.8647372687564177,0.9996963739395142
130,contrast/s5,0.578125,2.0482656955718994,1.67556893825531,0.4872295673076923,2.413990557193756,2.304065227508545,0.421875,3.4176559448242188,5.321808338165283,0.4054987980769231,3.5339803099632263,5.401169428458581,0.578125,2.745206117630005,0.5578723549842834,0.48873197115384615,3.025641684348767,0.8588360204146459,0.9996986389160156
131,contrast/s5,0.484375,2.4602510929107666,1.5876965522766113,0.4871757075471698,2.4148633974903033,2.2905488374098293,0.4140625,3.510603666305542,5.263336181640625,0.4056603773584906,3.533539241214968,5.3985688011601285,0.484375,3.4570343494415283,0.5750066041946411,0.4886497641509434,3.0337811685958,0.8534807484104948,0.9996362924575806
132,contrast/s5,0.4453125,2.846360921859741,1.4792566299438477,0.48640046296296297,2.422854092386034,2.2755249076419406,0.375,3.5851314067840576,5.244245529174805,0.4050925925925926,3.53449465168847,5.39571096279003,0.4453125,4.123171329498291,0.521324098110199,0.4878472222222222,3.0539550604643644,0.8473296993308597,0.9995529055595398
133,contrast/s5,0.421875,2.712238311767578,1.589771032333374,0.48522727272727273,2.4281156236475163,2.263056655363603,0.3984375,3.4009318351745605,5.239513397216797,0.4049715909090909,3.532066236842762,5.392871007052335,0.421875,3.875369071960449,0.5697913765907288,0.48664772727272726,3.068889860673384,0.8422835480083118,0.9993982315063477
134,contrast/s5,0.3671875,3.380030393600464,1.2238919734954834,0.48311941964285715,2.4451141016823903,2.2445001431873868,0.4375,3.3442740440368652,5.375504493713379,0.40555245535714285,3.528712804828371,5.39256089074271,0.3671875,5.119096279144287,0.4264930486679077,0.48451450892857145,3.1055006895746504,0.8348587176629475,0.9990622401237488
135,contrast/s5,0.25,4.606220722198486,1.135642170906067,0.4790296052631579,2.483028252919515,2.225046494550872,0.3515625,3.5669727325439453,5.335599422454834,0.40460526315789475,3.529384031630399,5.391561566737661,0.25,7.177003860473633,0.42903628945350647,0.4804002192982456,3.1769305697658607,0.8277390259399748,0.997201681137085
136,contrast/s5,0.2578125,4.836110591888428,0.7657372951507568,0.47521551724137934,2.5235986380741515,2.1998859911129394,0.3984375,3.522475481033325,5.38661527633667,0.4044989224137931,3.52926491868907,5.391476285868678,0.2578125,7.642754077911377,0.2332882285118103,0.4765625,3.253927526802852,0.8174898742601789,0.9937310814857483
137,contrast/s5,0.1171875,7.0644707679748535,0.4261181354522705,0.4691472457627119,2.600562572479248,2.169822129152589,0.4140625,3.478762626647949,5.283117294311523,0.4046610169491525,3.5284089476375256,5.389639692791437,0.125,10.515663146972656,0.15122351050376892,0.470603813559322,3.377007791551493,0.8061972240270194,0.9355552792549133
138,contrast/s5,0.046875,8.726272583007812,0.17382816970348358,0.462109375,2.7026577393213906,2.1365555631617705,0.4921875,3.170661687850952,5.2512617111206055,0.4061197916666667,3.5224464933077493,5.387333393096924,0.078125,8.06550407409668,0.18352407217025757,0.4640625,3.4551493962605795,0.7958193381627401,0.6458826065063477
139,contrast/s5,0.0234375,10.115342140197754,0.0716886818408966,0.45491803278688525,2.8241771557292,2.1027052864188054,0.453125,3.3999621868133545,5.242713451385498,0.406890368852459,3.5204385538570215,5.384962574380343,0.328125,3.338505506515503,2.139477252960205,0.4618340163934426,3.4532372013467256,0.817846517093846,0.27827152609825134
140,contrast/s5,0.0078125,11.049847602844238,0.043329451233148575,0.44770665322580644,2.9568492597149265,2.0694895471416173,0.4453125,3.407402515411377,5.182880401611328,0.4075100806451613,3.518615391946608,5.381703184496972,0.453125,2.9840493202209473,2.907832145690918,0.46169354838709675,3.445669654876955,0.8515559627163795,0.10643520206212997
141,contrast/s5,0.0078125,11.936124801635742,0.02731471322476864,0.44072420634920634,3.099377442920019,2.0370740735873816,0.3984375,3.533344268798828,5.355259418487549,0.40736607142857145,3.518849183642675,5.381283442179362,0.390625,3.094059705734253,3.1573004722595215,0.46056547619047616,3.440088544573103,0.888155081915477,0.0763336718082428
142,contrast/s5,0.0,12.915526390075684,0.011722772382199764,0.433837890625,3.252754770219326,2.0054279595060507,0.4140625,3.599048614501953,5.410783767700195,0.407470703125,3.5201022997498512,5.381744384765625,0.40625,3.1779816150665283,3.353623867034912,0.459716796875,3.4359931237995625,0.9266780316829681,0.06349796801805496
143,contrast/s5,0.0078125,13.04199504852295,0.012644133530557156,0.42728365384615385,3.4033584668086125,1.9747697467987353,0.40625,3.647146224975586,5.185189723968506,0.4074519230769231,3.5220568216764008,5.3787204669072075,0.4140625,3.373204231262207,3.043020248413086,0.4590144230769231,3.435027140837449,0.9592371427095854,0.0353924036026001
144,contrast/s5,0.0,13.412050247192383,0.01002032682299614,0.4208096590909091,3.5550053119659424,1.9450008161930423,0.40625,3.434217691421509,5.169613838195801,0.4074337121212121,3.5207259257634482,5.375552184654005,0.40625,3.0812175273895264,2.9704113006591797,0.4582149621212121,3.4296663891185415,0.9897094784360944,0.027315856888890266
145,contrast/s5,0.0,13.784396171569824,0.008194057270884514,0.41452891791044777,3.707682787482418,1.91609325262704,0.46875,3.2258121967315674,5.153652191162109,0.4083488805970149,3.516324228315211,5.372240244452633,0.46875,2.7936480045318604,2.9055910110473633,0.4583722014925373,3.4201735774082924,1.0183047251914865,0.02385440282523632
146,contrast/s5,0.0,13.591876983642578,0.008268188685178757,0.4084329044117647,3.8530385844847737,1.8880370016867185,0.4296875,3.2490129470825195,5.104101657867432,0.40866268382352944,3.512393180061789,5.368297029944027,0.4296875,2.860291004180908,2.8110482692718506,0.4579503676470588,3.4119400101549484,1.044668600839727,0.018428344279527664
147,contrast/s5,0.0,14.142407417297363,0.0075543601997196674,0.40251358695652173,4.00215987191684,1.860783630070965,0.4140625,3.5286495685577393,5.265251159667969,0.40874094202898553,3.512628779895064,5.3668036115342295,0.4140625,3.189103364944458,3.0147652626037598,0.4573143115942029,3.408710493557695,1.073220726372539,0.023268651217222214
148,contrast/s5,0.0,14.37778091430664,0.0064695412293076515,0.39676339285714285,4.1503830296652655,1.8342934288017985,0.4140625,3.360605478286743,5.150535583496094,0.4088169642857143,3.510457018443516,5.363714068276542,0.4140625,2.9989113807678223,2.917469024658203,0.45669642857142856,3.40285622051784,1.0995671306337629,0.021869244053959846
149,contrast/s5,0.0,14.610536575317383,0.006370384246110916,0.391175176056338,4.297709135942056,1.8085480338080564,0.3359375,3.6227691173553467,5.250802993774414,0.4077904929577465,3.51203887899157,5.362123771452568,0.328125,3.3171610832214355,3.114083766937256,0.4548855633802817,3.4016492467531014,1.1279406043845164,0.0250918660312891
150,contrast/s5,0.0,14.601869583129883,0.005892169661819935,0.3857421875,4.440822475486332,1.7835111468060252,0.3515625,3.446425199508667,5.221322059631348,0.4070095486111111,3.511127577887641,5.3601681921217175,0.3515625,3.0938098430633545,3.018908977508545,0.4534505208333333,3.397373699479633,1.154204054011239,0.02771938219666481
151,contrast/s5,0.0,14.800765037536621,0.00515065947547555,0.3804580479452055,4.5827394968842805,1.7591500442398533,0.4375,3.320373058319092,5.228706359863281,0.4074272260273973,3.508514502277113,5.358367345104479,0.4375,2.894137144088745,3.053971767425537,0.4532320205479452,3.390480048035922,1.1802282692634896,0.02547670714557171
152,contrast/s5,0.0,14.817523002624512,0.005058177746832371,0.37531672297297297,4.7210473820969865,1.7354461000980557,0.4609375,3.2455039024353027,5.155362129211426,0.40815033783783783,3.5049603049819535,5.355624031376195,0.4609375,2.826291084289551,2.951249599456787,0.45333614864864863,3.3828558728501603,1.2041609899417773,0.023210881277918816
153,contrast/s5,0.0,14.978391647338867,0.004869556985795498,0.3703125,4.857811972300212,1.7123717461898922,0.375,3.3888678550720215,5.1726789474487305,0.40770833333333334,3.503412405649821,5.3531847635904946,0.3828125,3.030550718307495,2.9719648361206055,0.45239583333333333,3.3781584707895913,1.2277317078908285,0.022064832970499992
154,contrast/s5,0.0,14.931127548217773,0.004593174904584885,0.36543996710526316,4.990355598299127,1.6899009755150856,0.3828125,3.662320375442505,5.3017120361328125,0.40738075657894735,3.5055032999891984,5.352507490860789,0.3828125,3.3493614196777344,3.1672844886779785,0.45148026315789475,3.3777795622223303,1.253252139216975,0.02680782601237297
155,contrast/s5,0.0,15.153341293334961,0.004142228048294783,0.3606939935064935,5.122342425507385,1.6680080047687638,0.46875,3.1983323097229004,5.0578813552856445,0.4081777597402597,3.5015140663493765,5.348681177411761,0.46875,2.8231923580169678,2.7375612258911133,0.45170454545454547,3.370577130998884,1.2725288806023536,0.01925458200275898
156,contrast/s5,0.0,15.003637313842773,0.0046488139778375626,0.35606971153846156,5.249025693306556,1.6466828869381107,0.40625,3.287893533706665,5.126014232635498,0.4081530448717949,3.4987753415719056,5.345826472991552,0.3984375,2.90659499168396,2.8955764770507812,0.45102163461538464,3.364628642033308,1.2933371831209233,0.019195780158042908
157,contrast/s5,0.0,15.25197696685791,0.004081191495060921,0.3515625,5.375645329680624,1.6258904604135151,0.4375,3.239677667617798,5.490447521209717,0.4085245253164557,3.4954956241800814,5.3476571191715285,0.0,3.773664951324463,3.157318592071533,0.4453125,3.369806316834462,1.3169318845000448,0.2427026629447937
158,defocus_blur/s5,0.2265625,4.369588375091553,5.004486083984375,0.2265625,4.369588375091553,5.004486083984375,0.296875,3.9560649394989014,4.028019428253174,0.296875,3.9560649394989014,4.028019428253174,0.34375,4.168140411376953,2.279445171356201,0.34375,4.168140411376953,2.279445171356201,0.19231775403022766
159,defocus_blur/s5,0.2109375,4.3347649574279785,4.35435676574707,0.21875,4.352176666259766,4.679421424865723,0.3203125,3.6574244499206543,4.05255126953125,0.30859375,3.806744694709778,4.040285348892212,0.3046875,3.7176578044891357,2.280971050262451,0.32421875,3.9428991079330444,2.280208110809326,0.23533588647842407
160,defocus_blur/s5,0.109375,5.075514793395996,4.225295066833496,0.18229166666666666,4.593289375305176,4.5280459721883135,0.1796875,4.27488374710083,4.218286514282227,0.265625,3.9627910455067954,4.099619070688884,0.171875,4.483020305633545,2.521421432495117,0.2734375,4.122939507166545,2.3606125513712564,0.28739678859710693
161,defocus_blur/s5,0.1796875,4.665982246398926,4.1230974197387695,0.181640625,4.611462593078613,4.426808834075928,0.3125,3.83821964263916,4.090720176696777,0.27734375,3.9316481947898865,4.097394347190857,0.34375,3.80264949798584,2.4639813899993896,0.291015625,4.042867004871368,2.38645476102829,0.2923566997051239
162,defocus_blur/s5,0.1640625,4.908335208892822,3.870429754257202,0.178125,4.670837116241455,4.315533018112182,0.234375,3.9823994636535645,4.1797895431518555,0.26875,3.941798448562622,4.113873386383057,0.2734375,4.205379486083984,2.2981784343719482,0.2875,4.075369501113892,2.3687994956970213,0.41217240691185
163,defocus_blur/s5,0.1328125,5.454307556152344,3.7721376419067383,0.17057291666666666,4.80141552289327,4.224967122077942,0.1953125,4.3226847648620605,4.204363822937012,0.2565104166666667,4.005279501279195,4.128955125808716,0.21875,4.770946025848389,2.387009620666504,0.2760416666666667,4.191298921902974,2.3718345165252686,0.45368319749832153
164,defocus_blur/s5,0.203125,4.5622358322143555,3.651780128479004,0.17522321428571427,4.767246995653425,4.143083265849522,0.3125,3.675499200820923,3.8402814865112305,0.26450892857142855,3.9581680297851562,4.087716034480503,0.3359375,3.82159161567688,2.046508312225342,0.2845982142857143,4.138483592442104,2.325359344482422,0.4203665554523468
165,defocus_blur/s5,0.2265625,4.870886325836182,3.4498541355133057,0.181640625,4.7802019119262695,4.056429624557495,0.2578125,4.160522937774658,4.1909661293029785,0.263671875,3.983462393283844,4.100622296333313,0.265625,4.650635242462158,1.954408884048462,0.2822265625,4.202502548694611,2.278990536928177,0.5779781341552734
166,defocus_blur/s5,0.1328125,5.147374153137207,3.655637502670288,0.1762152777777778,4.820998827616374,4.011897166570027,0.2890625,3.8252804279327393,4.1374311447143555,0.2664930555555556,3.9658866193559437,4.104712168375651,0.234375,4.466899871826172,2.288935422897339,0.2769097222222222,4.2318800290425616,2.280095524258084,0.5555132627487183
167,defocus_blur/s5,0.1875,4.974743366241455,3.4029958248138428,0.17734375,4.836373281478882,3.951007032394409,0.2578125,3.931995153427124,4.073266506195068,0.265625,3.9624974727630615,4.101567602157592,0.21875,4.632282257080078,1.906668782234192,0.27109375,4.271920251846313,2.2427528500556946,0.6104010939598083
168,defocus_blur/s5,0.21875,4.597973823547363,3.3158011436462402,0.18110795454545456,4.814700603485107,3.893261042508212,0.2578125,3.873944044113159,4.133387565612793,0.2649147727272727,3.9544471610676157,4.104460326108065,0.25,4.464826583862305,1.8211159706115723,0.26917613636363635,4.289457191120494,2.2044222246516836,0.663693368434906
169,defocus_blur/s5,0.265625,4.281569480895996,3.1116816997528076,0.18815104166666666,4.770273009936015,3.8281294306119285,0.328125,3.4753127098083496,3.8471286296844482,0.2701822916666667,3.9145192901293435,4.083016018072764,0.3515625,4.001484394073486,1.6344945430755615,0.2760416666666667,4.265459458033244,2.1569282511870065,0.6532444357872009
170,defocus_blur/s5,0.15625,5.051446914672852,3.2758164405822754,0.1856971153846154,4.791901771838848,3.7856438159942627,0.203125,4.6345343589782715,4.359994888305664,0.26502403846153844,3.969905064656184,4.104322085013757,0.1796875,5.534568786621094,1.8030341863632202,0.2686298076923077,4.363083252540002,2.129705630815946,0.7388004660606384
171,defocus_blur/s5,0.25,4.3920464515686035,3.0163557529449463,0.19029017857142858,4.763340677533831,3.730694668633597,0.3359375,3.42376446723938,3.917205810546875,0.2700892857142857,3.9308950219835554,4.090956636837551,0.3125,4.426382064819336,1.5143095254898071,0.27176339285714285,4.36760459627424,2.0857487661497935,0.7298299074172974
172,defocus_blur/s5,0.203125,4.7000203132629395,3.088468074798584,0.19114583333333332,4.759119319915771,3.6878795623779297,0.2734375,3.8747317790985107,4.2044677734375,0.2703125,3.9271508057912192,4.098524045944214,0.2421875,5.214355945587158,1.5409916639328003,0.26979166666666665,4.424054686228434,2.049431626001994,0.7823131680488586
173,defocus_blur/s5,0.171875,4.822924613952637,3.0472240447998047,0.18994140625,4.763107150793076,3.647838592529297,0.2578125,3.9883131980895996,4.233144760131836,0.26953125,3.930973455309868,4.10693784058094,0.21875,5.448019027709961,1.4229731559753418,0.2666015625,4.48805245757103,2.010277971625328,0.799341082572937
174,defocus_blur/s5,0.2265625,4.7587480545043945,2.903292655944824,0.19209558823529413,4.7628507333643295,3.60404177273021,0.234375,3.967000961303711,4.185178279876709,0.26746323529411764,3.9330927203683292,4.111540219363044,0.25,5.526325225830078,1.353546380996704,0.265625,4.54912732629215,1.97164670158835,0.8109951615333557
175,defocus_blur/s5,0.1640625,4.800354480743408,3.0543956756591797,0.19053819444444445,4.764934274885389,3.5735058784484863,0.2578125,4.063811302185059,4.0688700675964355,0.2669270833333333,3.940354863802592,4.109169655376011,0.21875,5.076920986175537,1.608049988746643,0.2630208333333333,4.578449196285671,1.9514468842082553,0.7525050640106201
176,defocus_blur/s5,0.1875,4.512756824493408,3.068615198135376,0.1903782894736842,4.751661777496338,3.546932684747796,0.25,3.8320069313049316,4.1846160888671875,0.2660361842105263,3.9346523410395573,4.113140520296599,0.2421875,4.659604549407959,1.6093127727508545,0.26192434210526316,4.582720530660529,1.9334398257104974,0.751646101474762
177,defocus_blur/s5,0.1484375,5.291722297668457,2.822897434234619,0.18828125,4.7786648035049435,3.5107309222221375,0.1796875,4.396291255950928,4.402385234832764,0.26171875,3.9577342867851257,4.127602756023407,0.203125,5.84442138671875,1.411120891571045,0.258984375,4.64580557346344,1.9073238790035247,0.7743680477142334
178,defocus_blur/s5,0.109375,5.289149761199951,2.647183895111084,0.18452380952380953,4.80297361101423,3.469609635216849,0.3203125,3.854942798614502,4.097517967224121,0.26450892857142855,3.952839454015096,4.126170147032965,0.1484375,5.46999454498291,1.4253945350646973,0.2537202380952381,4.685052667345319,1.8843748626254855,0.7295658588409424
179,defocus_blur/s5,0.171875,5.342380046844482,2.1964354515075684,0.18394886363636365,4.82749208537015,3.411738081411882,0.3203125,3.494720697402954,3.823026180267334,0.26704545454545453,3.9320158741690894,4.112390875816345,0.2890625,4.313086032867432,1.4544612169265747,0.25532670454545453,4.66814509305087,1.864833333275535,0.5814425945281982
180,defocus_blur/s5,0.0859375,5.86171293258667,1.9285422563552856,0.1796875,4.872458209162173,3.3472513064094214,0.3046875,3.700502395629883,3.980131149291992,0.2686820652173913,3.9219500707543413,4.106640452923982,0.3515625,3.7563588619232178,2.025944709777832,0.2595108695652174,4.628502213436624,1.8718381757321565,0.4440908432006836
181,defocus_blur/s5,0.0625,7.3667097091674805,1.3241403102874756,0.1748046875,4.9763853549957275,3.2629550149043403,0.2265625,4.12082576751709,4.097916603088379,0.2669270833333333,3.930236558119456,4.106276959180832,0.265625,4.175120830535889,2.586189031600952,0.259765625,4.609611322482427,1.9016027947266896,0.3051619231700897
182,defocus_blur/s5,0.0,7.788646221160889,1.0574617385864258,0.1678125,5.088875789642334,3.1747352838516236,0.2890625,4.054953098297119,4.118379592895508,0.2678125,3.9352252197265627,4.106761064529419,0.2734375,4.2133355140686035,2.33900785446167,0.2603125,4.593760290145874,1.9190989971160888,0.122418113052845
183,defocus_blur/s5,0.015625,8.515295028686523,0.6605691909790039,0.1619591346153846,5.220661144990188,3.0780365879719076,0.25,3.8362367153167725,3.9112958908081055,0.26712740384615385,3.9314179695569553,4.099243173232446,0.265625,4.2256975173950195,2.0275661945343018,0.2605168269230769,4.5796040296554565,1.9232708124014049,0.03222217038273811
184,defocus_blur/s5,0.0078125,9.517098426818848,0.3478175103664398,0.15625,5.379788451724583,2.9769173628754086,0.28125,3.655094861984253,3.9436097145080566,0.26765046296296297,3.921183780387596,4.093478971057468,0.28125,4.024194717407227,1.913182258605957,0.2612847222222222,4.559033314387004,1.9228971622608326,0.008978624828159809
185,defocus_blur/s5,0.0,9.967987060546875,0.32153090834617615,0.15066964285714285,5.54365268775395,2.8820821323565076,0.28125,3.7423877716064453,3.985499858856201,0.2681361607142857,3.914798208645412,4.089622574193137,0.28125,4.130472660064697,2.0140371322631836,0.26199776785714285,4.5437275767326355,1.926152161189488,0.0037437325809150934
186,defocus_blur/s5,0.0078125,10.50974178314209,0.2158421277999878,0.14574353448275862,5.714897139319058,2.7901428218545585,0.2890625,3.931530237197876,4.112952709197998,0.26885775862068967,3.915375175147221,4.090427061607098,0.2890625,4.356574535369873,2.1037793159484863,0.2629310344827586,4.537274023582196,1.9322772354915225,0.0028701007831841707
187,defocus_blur/s5,0.0,10.545117378234863,0.19732093811035156,0.14088541666666668,5.875904480616252,2.7037154257297518,0.3359375,3.5085954666137695,3.827993154525757,0.27109375,3.9018158515294394,4.081679264704387,0.3359375,3.8729584217071533,1.843986988067627,0.26536458333333335,4.515130170186361,1.9293342272440592,0.0015870725037530065
188,defocus_blur/s5,0.0,10.705634117126465,0.19511723518371582,0.13634072580645162,6.031702210826259,2.622792903454073,0.34375,3.3811707496643066,4.097719192504883,0.2734375,3.8850208482434674,4.082196681730209,0.34375,3.5264928340911865,2.1398425102233887,0.2678931451612903,4.483238643215548,1.936124817017586,0.0016850812826305628
189,defocus_blur/s5,0.0,10.954024314880371,0.17292095720767975,0.132080078125,6.1855247765779495,2.5462344051338732,0.3359375,3.637150287628174,3.926213502883911,0.275390625,3.8772748932242393,4.077322207391262,0.3359375,4.019440650939941,1.9120235443115234,0.27001953125,4.468744955956936,1.9353716522455215,0.0012500820448622108
190,defocus_blur/s5,0.0,10.961341857910156,0.15811830759048462,0.12807765151515152,6.330246506315289,2.4738672506628614,0.3828125,3.4781746864318848,3.592477798461914,0.2786458333333333,3.8651809475638648,4.062629952575222,0.3828125,3.9491400718688965,1.64457106590271,0.2734375,4.4529993534088135,1.9265595132654363,0.0006466539925895631
191,defocus_blur/s5,0.0,11.385185241699219,0.1308029294013977,0.12431066176470588,6.478921175003052,2.404953594155171,0.328125,3.8074944019317627,4.132204055786133,0.28010110294117646,3.8634842844570385,4.064676249728484,0.328125,4.171981334686279,2.0974557399749756,0.2750459558823529,4.444734117564033,1.9315858728745405,0.0011178933782503009
192,defocus_blur/s5,0.0,11.388387680053711,0.12242607772350311,0.12075892857142857,6.619191646575928,2.339738522257124,0.2265625,4.213855266571045,4.249568939208984,0.2785714285714286,3.87349488394601,4.069958897999355,0.2265625,4.713210582733154,2.2172210216522217,0.2736607142857143,4.452404873711722,1.9397468771253312,0.0016714463708922267
193,defocus_blur/s5,0.0,11.568094253540039,0.09885331243276596,0.1174045138888889,6.756661163436042,2.2774917108731136,0.3203125,3.6798555850982666,3.865057945251465,0.2797309027777778,3.8681160145335727,4.064267204867469,0.3203125,4.105971336364746,1.8910188674926758,0.2749565972222222,4.442781719896528,1.938393321302202,0.0012703768443316221
194,defocus_blur/s5,0.0,11.73960018157959,0.09429062902927399,0.11423141891891891,6.891335190953435,2.2184862762286857,0.2734375,3.8188743591308594,3.9591174125671387,0.2795608108108108,3.866785158982148,4.061425318589082,0.2734375,4.28683614730835,1.9033737182617188,0.2749155405405405,4.438566974691443,1.9374468455443512,0.001129631302319467
195,defocus_blur/s5,0.0,11.76819133758545,0.08407533913850784,0.11122532894736842,7.019673510601646,2.1623175673578916,0.1953125,4.275280952453613,4.196747779846191,0.27734375,3.8775350482840287,4.064986435990584,0.1953125,4.8328471183776855,2.1669626235961914,0.2728207236842105,4.448942767946344,1.9434867344404523,0.001693647587671876
196,defocus_blur/s5,0.0,12.067548751831055,0.07151418924331665,0.10837339743589744,7.1491062090947075,2.108707224329313,0.28125,3.8459863662719727,4.0859856605529785,0.27744391025641024,3.876726107719617,4.06552487764603,0.28125,4.238207817077637,2.092438220977783,0.273036858974359,4.443539307667659,1.9473060033260248,0.0017832866869866848
197,defocus_blur/s5,0.0,11.928851127624512,0.06478387117385864,0.1056640625,7.268599832057953,2.057609140500426,0.21875,4.134291172027588,4.253042697906494,0.2759765625,3.883165234327316,4.070212823152542,0.21875,4.589747905731201,2.2221932411193848,0.2716796875,4.447194522619247,1.9541781842708588,0.0021580697502940893
198,defocus_blur/s5,0.0,12.064711570739746,0.06507616490125656,0.10308689024390244,7.385578167147752,2.0090107752419097,0.25,4.173760414123535,4.165922164916992,0.27534298780487804,3.8902529216394193,4.072547197341919,0.25,4.6932501792907715,2.152798652648926,0.27115091463414637,4.453195880099041,1.9590225859386166,0.0020355675369501114
199,defocus_blur/s5,0.0,12.43159294128418,0.05205608159303665,0.10063244047619048,7.505721376055763,1.9624166158693177,0.3125,3.684394598007202,3.9743309020996094,0.27622767857142855,3.885351532981509,4.070208714121864,0.3125,4.062530040740967,1.970598816871643,0.2721354166666667,4.443894312495277,1.959298210484641,0.0015592158306390047
200,defocus_blur/s5,0.0,12.456157684326172,0.05225290358066559,0.09829215116279069,7.620847801829493,1.9179942039556281,0.2578125,4.048159122467041,4.059194564819336,0.2757994186046512,3.8891377559928006,4.069952571114828,0.2578125,4.550207614898682,2.090074062347412,0.27180232558139533,4.446366714876752,1.9623395093651705,0.0015207004034891725
201,defocus_blur/s5,0.0,12.538456916809082,0.042306140065193176,0.09605823863636363,7.732611645351756,1.8753649297763,0.3203125,3.8165507316589355,3.574415683746338,0.27681107954545453,3.8874880508943037,4.058690369129181,0.3203125,4.4716715812683105,1.6025081872940063,0.27290482954545453,4.44694182547656,1.954161524772644,0.0008134685340337455
202,defocus_blur/s5,0.0,12.596271514892578,0.04168606549501419,0.09392361111111111,7.8406929757859976,1.8346165105700494,0.359375,3.646003007888794,3.668760061264038,0.2786458333333333,3.8821217166052926,4.050025251176622,0.359375,4.157945156097412,1.7125446796417236,0.2748263888888889,4.440519677268134,1.9487922615475124,0.0006529708625748754
203,defocus_blur/s5,0.0,12.694001197814941,0.03768685460090637,0.09188179347826086,7.946199676264888,1.7955528223968071,0.2578125,4.223137378692627,4.0649919509887695,0.2781929347826087,3.889535100563713,4.050350614216017,0.2578125,4.81507682800293,2.083099365234375,0.27445652173913043,4.448662224023239,1.9517119811928791,0.000986279803328216
204,defocus_blur/s5,0.0,12.825565338134766,0.0347931832075119,0.08992686170212766,8.05001596694297,1.7580898513502263,0.21875,4.095058917999268,4.129186630249023,0.2769281914893617,3.893907947743193,4.052027976259272,0.21875,4.6015543937683105,2.108745574951172,0.2732712765957447,4.4519152489114315,1.9550531214856086,0.0013595891650766134
205,defocus_blur/s5,0.0078125,12.719578742980957,0.03263299912214279,0.08821614583333333,8.147298524777094,1.7221428335954745,0.3125,3.5432467460632324,3.910590887069702,0.2776692708333333,3.886602506041527,4.049081370234489,0.3125,3.8880274295806885,1.8806160688400269,0.2740885416666667,4.440167586008708,1.9535023495554924,0.001156275742687285
206,defocus_blur/s5,0.0,13.02409553527832,0.03027665801346302,0.08641581632653061,8.24682499437916,1.687614952461148,0.234375,4.2284159660339355,4.261066436767578,0.2767857142857143,3.893578290939331,4.053407596082104,0.234375,4.73973274230957,2.176985025405884,0.2732780612244898,4.446281160627093,1.9580632204912147,0.0017170608043670654
207,defocus_blur/s5,0.0,13.115630149841309,0.02655482292175293,0.0846875,8.344201097488403,1.6543937498703598,0.2421875,4.190036296844482,3.8679959774017334,0.27609375,3.899507451057434,4.049699363708496,0.2421875,4.899397373199463,1.7946993112564087,0.27265625,4.45534348487854,1.9547959423065187,0.0011413819156587124
208,defocus_blur/s5,0.0,13.187398910522461,0.02510559931397438,0.08302696078431372,8.439165760489072,1.622446923388862,0.234375,4.2546796798706055,4.1515398025512695,0.27527573529411764,3.906471612406712,4.051696235058355,0.234375,4.817406177520752,2.1839287281036377,0.27190563725490197,4.462442753361721,1.9592887420280307,0.0015070431400090456
209,defocus_blur/s5,0.0,13.199090957641602,0.024242551997303963,0.08143028846153846,8.530702783511234,1.5917122239390245,0.2734375,3.5509345531463623,3.963118314743042,0.27524038461538464,3.89963436126709,4.049992813513829,0.2734375,3.856081008911133,1.9897326231002808,0.27193509615384615,4.450781950583825,1.9598742012794201,0.0013247807510197163
210,defocus_blur/s5,0.0,13.433340072631836,0.022987378761172295,0.07989386792452831,8.623205373872,1.5621136419545367,0.2109375,4.262226104736328,4.037546157836914,0.2740271226415094,3.9064757149174527,4.049757970953888,0.2109375,4.896753311157227,2.032501697540283,0.27078419811320753,4.459196504556908,1.9612445313975495,0.0013933861628174782
211,defocus_blur/s5,0.0,13.420724868774414,0.021671976894140244,0.07841435185185185,8.712048327481305,1.5335869444534183,0.2421875,4.134202003479004,3.9687275886535645,0.2734375,3.9106928684093334,4.048257408318697,0.2421875,4.724583148956299,2.030937433242798,0.27025462962962965,4.464111072045785,1.9625351406909801,0.001330894068814814
212,defocus_blur/s5,0.0078125,13.289952278137207,0.01936960779130459,0.07713068181818182,8.795282944765958,1.5060557201504707,0.2265625,4.205254077911377,4.074801445007324,0.27258522727272727,3.916048526763916,4.048740027167581,0.2265625,4.779201030731201,2.1168627738952637,0.2694602272727273,4.469839980385521,1.9653410976583308,0.0014630507212132215
213,defocus_blur/s5,0.0,13.60842514038086,0.018681276589632034,0.07575334821428571,8.881231912544795,1.4794954622297414,0.296875,3.9286587238311768,4.071506977081299,0.2730189732142857,3.9162737088544026,4.049146579844611,0.296875,4.384723663330078,2.0176844596862793,0.2699497767857143,4.468320046152387,1.966275800551687,0.0014119193656370044
214,defocus_blur/s5,0.0,13.604830741882324,0.018241969868540764,0.07442434210526316,8.964102067445454,1.453859436047966,0.1953125,4.259960174560547,4.276155948638916,0.27165570175438597,3.9223032959720543,4.053129200349774,0.1953125,4.741572856903076,2.3365378379821777,0.26864035087719296,4.473113955112925,1.9727716257697658,0.001970272744074464
215,defocus_blur/s5,0.0,13.575603485107422,0.019059933722019196,0.07314116379310345,9.043610712577557,1.4291215135940705,0.2734375,3.7211296558380127,4.14581298828125,0.2716864224137931,3.9188347849352607,4.05472719669342,0.2734375,4.005792617797852,2.1859705448150635,0.26872306034482757,4.465056690676459,1.9764474692015812,0.0021988425869494677
216,defocus_blur/s5,0.0,13.77204418182373,0.017628828063607216,0.07190148305084745,9.12375365273427,1.405197908754571,0.28125,3.723054885864258,4.0146918296813965,0.2718485169491525,3.915516481561176,4.0540486311508435,0.28125,4.095369815826416,2.0132060050964355,0.2689353813559322,4.4587908114417125,1.9770704952336975,0.0017572104698047042
217,defocus_blur/s5,0.0,13.89105224609375,0.015001146122813225,0.070703125,9.203208629290263,1.3820279627107084,0.2890625,3.7475478649139404,4.10275936126709,0.2721354166666667,3.9127170046170554,4.054860476652781,0.2890625,4.0802483558654785,2.110281229019165,0.26927083333333335,4.452481770515442,1.979290674130122,0.0017146635800600052
218,defocus_blur/s5,0.0,13.831319808959961,0.014806084334850311,0.06954405737704918,9.279079304366816,1.3596144892947106,0.25,3.9419360160827637,4.101689338684082,0.27177254098360654,3.913196004805018,4.055628162915589,0.25,4.359782695770264,2.1537251472473145,0.26895491803278687,4.450962113552406,1.9821502556566333,0.00179932895116508
219,defocus_blur/s5,0.0,13.73945426940918,0.01518251933157444,0.06842237903225806,9.351020836061046,1.337930102682402,0.2890625,3.752356767654419,3.970099687576294,0.27205141129032256,3.9106018235606532,4.0542486713778585,0.2890625,4.162793159484863,1.9870219230651855,0.26927923387096775,4.446314227196478,1.9822288309374163,0.0014154945965856314
220,defocus_blur/s5,0.0,13.806398391723633,0.014430264011025429,0.06733630952380952,9.421741114722359,1.3169221687352373,0.2890625,3.8773508071899414,3.9357810020446777,0.27232142857142855,3.910074029650007,4.052368232182094,0.2890625,4.370819568634033,1.9349796772003174,0.26959325396825395,4.445115899282788,1.9814788443701608,0.0012971739051863551
221,defocus_blur/s5,0.0,13.929697036743164,0.014224671758711338,0.0662841796875,9.492177926003933,1.2965675203449791,0.21875,4.216537952423096,4.182479381561279,0.271484375,3.9148625284433365,4.054401218891144,0.21875,4.730015277862549,2.249202251434326,0.268798828125,4.449567452073097,1.9856620226055384,0.0015942066675052047
222,defocus_blur/s5,0.0,13.901535987854004,0.013151480816304684,0.06526442307692308,9.56001420387855,1.2768226581983841,0.28125,3.864459991455078,3.999613046646118,0.27163461538461536,3.914087104797363,4.053558323933528,0.28125,4.323017597198486,1.9805113077163696,0.2689903846153846,4.447620531228872,1.9855827808380127,0.0013447373639792204
223,defocus_blur/s5,0.0,14.091012001037598,0.01200076937675476,0.06427556818181818,9.628665685653687,1.2576586901859352,0.28125,4.0751051902771,3.8422746658325195,0.27178030303030304,3.9165267727591773,4.050357056386543,0.28125,4.713905334472656,1.862918734550476,0.26917613636363635,4.451655149459839,1.9837242346821409,0.0010114068863913417
224,defocus_blur/s5,0.0,14.041610717773438,0.011875856667757034,0.06331623134328358,9.694530536879354,1.2390649165513354,0.2578125,3.534916877746582,3.995985746383667,0.271571828358209,3.9108311026843627,4.049545544296948,0.2578125,3.827092409133911,1.983426570892334,0.26900652985074625,4.4423333175146755,1.9837197919390095,0.0012060824083164334
225,defocus_blur/s5,0.0,14.0514554977417,0.011702962219715118,0.06238511029411765,9.75860296277439,1.2210154760464587,0.2734375,3.7705183029174805,4.032138824462891,0.27159926470588236,3.908767679158379,4.049289563122918,0.2734375,4.174958229064941,1.9536888599395752,0.26907169117647056,4.4384013309198265,1.9832781605860765,0.0012858251575380564
226,defocus_blur/s5,0.0,13.928772926330566,0.012102537788450718,0.06148097826086957,9.81904020862303,1.2034949986804007,0.234375,4.088217735290527,4.257042407989502,0.2710597826086957,3.91136840460957,4.052300473918086,0.234375,4.509006977081299,2.2561280727386475,0.26856884057971014,4.439424601154051,1.9872325071390124,0.0018986172508448362
227,defocus_blur/s5,0.0,14.194104194641113,0.012314403429627419,0.06060267857142857,9.881541122709002,1.186478133033961,0.3203125,3.910139560699463,3.8072750568389893,0.27176339285714285,3.911350849696568,4.048800110816956,0.3203125,4.489346504211426,1.8147814273834229,0.2693080357142857,4.440137771197728,1.9847689202853611,0.0011196448467671871
228,defocus_blur/s5,0.0,14.085304260253906,0.012381276115775108,0.05974911971830986,9.94074905422372,1.1699415575844092,0.28125,3.9131710529327393,3.9623618125915527,0.2718970070422535,3.911376486361866,4.0475826699968795,0.28125,4.411998748779297,1.9599964618682861,0.2694762323943662,4.439741446938314,1.984420012420332,0.0011406970443204045
229,defocus_blur/s5,0.0,14.234342575073242,0.010145025327801704,0.058919270833333336,10.000382297568851,1.1538332724141784,0.3125,3.615849494934082,3.836221218109131,0.2724609375,3.907271944814258,4.0446470942762165,0.3125,4.0261549949646,1.8574507236480713,0.2700737847222222,4.4339971906609,1.9826565500762727,0.0009692144230939448
230,defocus_blur/s5,0.0,14.25911808013916,0.009901273995637894,0.058112157534246575,10.05872114390543,1.1381629710659793,0.2734375,3.9711973667144775,3.866243839263916,0.2724743150684932,3.90814763552522,4.042203214070568,0.2734375,4.529634952545166,1.956481695175171,0.2701198630136986,4.435307296988082,1.9822979904200932,0.0009071554522961378
231,defocus_blur/s5,0.0,14.161395072937012,0.010005265474319458,0.05732685810810811,10.114162683486938,1.122917596666092,0.3203125,3.7105824947357178,3.9584405422210693,0.27312077702702703,3.9054778363253617,4.041071286072603,0.3203125,4.098196506500244,1.9955062866210938,0.2707981418918919,4.430751745765273,1.982476480909296,0.0009769859025254846
232,defocus_blur/s5,0.0,14.19510555267334,0.010124711319804192,0.0565625,10.16857525507609,1.1080803581948082,0.28125,3.7560908794403076,3.9457428455352783,0.2732291666666667,3.903486010233561,4.039800240198772,0.28125,4.18707275390625,1.9116750955581665,0.2709375,4.427502692540487,1.9815324624379476,0.0010964720277115703
233,defocus_blur/s5,0.0,14.357857704162598,0.00974239967763424,0.055818256578947366,10.223697392564072,1.0936285429511612,0.2578125,4.128322601318359,4.009678840637207,0.2730263157894737,3.9064443864320455,4.039403905994014,0.2578125,4.728896141052246,1.9263105392456055,0.2707648026315789,4.431468395810378,1.9808058581854169,0.0011910302564501762
234,defocus_blur/s5,0.0,14.31698226928711,0.009547889232635498,0.05509334415584415,10.276856936417618,1.079549573422349,0.265625,3.818700075149536,3.916912794113159,0.2729301948051948,3.9053048499218828,4.0378131123332235,0.265625,4.2925825119018555,1.9055174589157104,0.27069805194805197,4.429664683032345,1.9798280867663296,0.001156516489572823
235,defocus_blur/s5,0.0,14.264325141906738,0.010411446914076805,0.05438701923076923,10.327978323667477,1.0658426743645508,0.2109375,3.956207036972046,3.9855756759643555,0.2721354166666667,3.905957442063552,4.037143401610545,0.2109375,4.47212553024292,1.9257409572601318,0.269931891025641,4.430209052868379,1.9791346620290706,0.0012015335960313678
236,defocus_blur/s5,0.0,14.09476375579834,0.02118038199841976,0.05369857594936709,10.375659151922298,1.0526191010434605,0.25,4.1531829833984375,4.497392177581787,0.27185522151898733,3.909086879295639,4.042969335483599,0.25,4.423707485198975,2.6559090614318848,0.26967958860759494,4.4301267545434495,1.9877014265784734,0.029357239603996277
237,elastic_transform/s5,0.2734375,3.980786085128784,4.135865211486816,0.2734375,3.980786085128784,4.135865211486816,0.3359375,3.5522942543029785,3.108851432800293,0.3359375,3.5522942543029785,3.108851432800293,0.328125,3.992281913757324,1.3384387493133545,0.328125,3.992281913757324,1.3384387493133545,0.2449835240840912
238,elastic_transform/s5,0.1640625,4.467099666595459,3.8008413314819336,0.21875,4.223942875862122,3.968353271484375,0.296875,3.752228260040283,3.223665237426758,0.31640625,3.652261257171631,3.1662583351135254,0.328125,4.3857245445251465,1.417060136795044,0.328125,4.189003229141235,1.3777494430541992,0.1661507785320282
239,elastic_transform/s5,0.15625,5.122095108032227,3.39357852935791,0.19791666666666666,4.523326953252156,3.7767616907755532,0.265625,3.9084932804107666,3.355879783630371,0.2994791666666667,3.7376719315846763,3.2294654846191406,0.2734375,4.670840740203857,1.396174669265747,0.3098958333333333,4.349615732828776,1.383891185124715,0.14565499126911163
240,elastic_transform/s5,0.1640625,5.383978843688965,2.9462013244628906,0.189453125,4.738489925861359,3.5691215991973877,0.34375,3.8835601806640625,3.2309861183166504,0.310546875,3.7741439938545227,3.229845643043518,0.3359375,4.647639274597168,1.2962086200714111,0.31640625,4.424121618270874,1.3619705438613892,0.11526934057474136
241,elastic_transform/s5,0.09375,5.900027275085449,2.343632698059082,0.1703125,4.970797395706176,3.3240238189697267,0.34375,3.4120070934295654,3.147495746612549,0.3171875,3.7017166137695314,3.2133756637573243,0.3359375,4.051046848297119,1.2517242431640625,0.3203125,4.349506664276123,1.3399212837219239,0.04252208024263382
242,elastic_transform/s5,0.046875,6.8773956298828125,1.7768678665161133,0.14973958333333334,5.28856376806895,3.066164493560791,0.265625,4.180667877197266,3.3861303329467773,0.30859375,3.7815418243408203,3.242168108622233,0.265625,5.107625961303711,1.3477880954742432,0.3111979166666667,4.475859880447388,1.341232419013977,0.02724813111126423
243,elastic_transform/s5,0.0,7.730950355529785,0.9847812056541443,0.12834821428571427,5.637476137706211,2.7688240238598416,0.390625,3.487699031829834,3.2193214893341064,0.3203125,3.7395642825535367,3.2389043058667863,0.390625,4.17294454574585,1.246706485748291,0.32254464285714285,4.432586261204311,1.3277287142617362,0.006120770704001188
244,elastic_transform/s5,0.015625,8.774420738220215,0.7016643285751343,0.1142578125,6.029594212770462,2.510429061949253,0.328125,3.585196018218994,3.2752790451049805,0.3212890625,3.7202682495117188,3.2434511482715607,0.328125,4.302422523498535,1.265803337097168,0.3232421875,4.416315793991089,1.3199880421161652,0.002118242671713233
245,elastic_transform/s5,0.015625,9.036770820617676,0.5038844347000122,0.1032986111111111,6.363724946975708,2.28747965892156,0.3359375,3.540121555328369,3.144939422607422,0.3229166666666667,3.7002519501580133,3.2325054009755454,0.3359375,4.284882545471191,1.2095441818237305,0.3246527777777778,4.401712099711101,1.3077165020836725,0.0008621792076155543
246,elastic_transform/s5,0.0,9.807515144348145,0.3366479277610779,0.09296875,6.708103966712952,2.0923964858055113,0.375,3.2667288780212402,3.114598512649536,0.328125,3.656899642944336,3.2207147121429442,0.375,3.8880772590637207,1.1962840557098389,0.3296875,4.350348615646363,1.2965732574462892,0.0004331495729275048
247,elastic_transform/s5,0.0078125,10.073348999023438,0.2945466637611389,0.08522727272727272,7.014035333286632,1.9289555928923867,0.3515625,3.331043243408203,3.3020129203796387,0.3302556818181818,3.6272763338955967,3.2281054583462803,0.3515625,3.903102159500122,1.3017054796218872,0.33167613636363635,4.309689846905795,1.2970398230986162,0.0004269829369150102
248,elastic_transform/s5,0.0,10.444122314453125,0.2221522331237793,0.078125,7.299875915050507,1.786721979578336,0.328125,3.324885129928589,3.1971123218536377,0.330078125,3.602077066898346,3.2255226969718933,0.328125,3.9416050910949707,1.234631061553955,0.3313802083333333,4.279016117254893,1.2918390929698944,0.0003367472963873297
249,elastic_transform/s5,0.0,10.658982276916504,0.1901107281446457,0.07211538461538461,7.558268712117122,1.6639057294680522,0.296875,3.983567714691162,3.2610886096954346,0.32752403846153844,3.6314225013439474,3.2282585364121656,0.296875,4.895479679107666,1.3069676160812378,0.32872596153846156,4.3264363912435675,1.2930028255169208,0.0003811098576989025
250,elastic_transform/s5,0.0,10.851139068603516,0.16651640832424164,0.06696428571428571,7.7934737375804355,1.5569493493863515,0.4140625,3.33231782913208,2.889835834503174,0.33370535714285715,3.6100578819002425,3.204085486275809,0.4140625,4.118746757507324,0.9408993721008301,0.33482142857142855,4.311601417405265,1.2678525788443429,0.00018613006977830082
251,elastic_transform/s5,0.0,11.136509895324707,0.1392756700515747,0.0625,8.016342814763387,1.462437770764033,0.2890625,3.9275529384613037,3.1793980598449707,0.3307291666666667,3.6312242190043134,3.2024396578470866,0.2890625,4.857730865478516,1.2239702939987183,0.33177083333333335,4.348010047276815,1.264927093187968,0.00024007497995626181
252,elastic_transform/s5,0.0,11.337617874145508,0.12163294851779938,0.05859375,8.22392250597477,1.3786374693736434,0.265625,4.033459186553955,3.289273262023926,0.32666015625,3.6563639044761658,3.207866758108139,0.265625,4.966102600097656,1.2882285118103027,0.32763671875,4.386640831828117,1.2663834318518639,0.0003106063522864133
253,elastic_transform/s5,0.0078125,11.351244926452637,0.11025653779506683,0.05560661764705882,8.407882648355821,1.3040268263396095,0.390625,3.262636184692383,3.0854921340942383,0.3304227941176471,3.633203450371237,3.200668250813204,0.390625,3.9085612297058105,1.1235599517822266,0.3313419117647059,4.358518502291511,1.2579820506712969,0.00023447719286195934
254,elastic_transform/s5,0.0,11.642111778259277,0.09000840038061142,0.05251736111111111,8.587562044461569,1.2365813582307763,0.328125,3.740501880645752,3.1959609985351562,0.3302951388888889,3.6391644742753773,3.2004067367977567,0.328125,4.572733402252197,1.2038264274597168,0.3311631944444444,4.370419330067104,1.2549734049373202,0.00023795133165549487
255,elastic_transform/s5,0.0,11.948400497436523,0.0806427001953125,0.04975328947368421,8.764448278828672,1.1757424814920676,0.3125,3.4968068599700928,3.2920825481414795,0.3293585526315789,3.6316719682593095,3.2052317795000578,0.3125,4.152907848358154,1.3144031763076782,0.3301809210526316,4.358971357345581,1.2581012876410234,0.0003129703982267529
256,elastic_transform/s5,0.0,12.003727912902832,0.071128711104393,0.047265625,8.926412260532379,1.120511792972684,0.3515625,3.588306188583374,3.061319351196289,0.33046875,3.629503679275513,3.1980361580848693,0.3515625,4.407672882080078,1.1181377172470093,0.33125,4.361406433582306,1.2511031091213227,0.0002653388073667884
257,elastic_transform/s5,0.0,12.17424201965332,0.06386448442935944,0.04501488095238095,9.081070820490519,1.0701952544706208,0.328125,3.604633331298828,3.0982556343078613,0.33035714285714285,3.6283193769909086,3.1932847045716786,0.328125,4.4138922691345215,1.1458628177642822,0.33110119047619047,4.363905759084792,1.2460916666757493,0.00022453708515968174
258,elastic_transform/s5,0.0,12.29379940032959,0.058332525193691254,0.04296875,9.227103937755931,1.0242014940489421,0.3203125,3.7304794788360596,3.077143669128418,0.3299005681818182,3.63296301798387,3.188005566596985,0.3203125,4.617912292480469,1.1197154521942139,0.33061079545454547,4.375451510602778,1.2403472932902249,0.00022070124396122992
259,elastic_transform/s5,0.0,12.369354248046875,0.05139219015836716,0.04110054347826087,9.363723516464233,0.9819054373580477,0.3515625,3.427342414855957,3.2458434104919434,0.33084239130434784,3.6240229917609175,3.190520255461983,0.3515625,4.078453063964844,1.2531479597091675,0.33152173913043476,4.362538534661998,1.240903844004092,0.00025362143060192466
260,elastic_transform/s5,0.0,12.702547073364258,0.04359174519777298,0.039388020833333336,9.502841164668402,0.9428090335180362,0.390625,3.514585494995117,3.258225202560425,0.3333333333333333,3.619463096062342,3.193341294924418,0.390625,4.216976165771484,1.209742546081543,0.333984375,4.356473435958226,1.2396054565906525,0.0002560669672675431
261,elastic_transform/s5,0.0,12.71430778503418,0.04093204066157341,0.0378125,9.631299829483032,0.9067339538037777,0.2890625,3.4526424407958984,3.14524507522583,0.3315625,3.6127902698516845,3.191417446136475,0.2890625,4.172632217407227,1.1508758068084717,0.3321875,4.349119787216186,1.2360562705993652,0.00026393847656436265
262,elastic_transform/s5,0.0,12.821797370910645,0.037610575556755066,0.03635817307692308,9.754011273384094,0.8733061315635076,0.328125,3.402764320373535,3.128509283065796,0.33143028846153844,3.60471234871791,3.188997901402987,0.328125,4.116477966308594,1.0986297130584717,0.33203125,4.340172024873587,1.2307706337708693,0.00026055483613163233
263,elastic_transform/s5,0.0,12.865216255187988,0.033883824944496155,0.03501157407407408,9.86924108752498,0.8422164165035442,0.3671875,3.6999082565307617,3.1708221435546875,0.33275462962962965,3.6082381230813487,3.188324725186383,0.3671875,4.521963596343994,1.1994154453277588,0.3333333333333333,4.346905046039158,1.2296093304951985,0.0002516043314244598
264,elastic_transform/s5,0.0,12.995697021484375,0.03049309179186821,0.03376116071428571,9.980900228023529,0.8132262977638415,0.359375,3.569016695022583,3.207808494567871,0.33370535714285715,3.6068373577935353,3.189020574092865,0.359375,4.315628528594971,1.1921172142028809,0.33426339285714285,4.345788027559008,1.2282703263419015,0.00025180040393024683
265,elastic_transform/s5,0.0,13.199607849121094,0.02728511020541191,0.03259698275862069,10.09189014599241,0.786124877503206,0.3828125,3.5267157554626465,2.9860925674438477,0.3353987068965517,3.6040745439200568,3.182023056622209,0.3828125,4.3311052322387695,1.1260244846343994,0.3359375,4.345281724272104,1.2247446076623325,0.00021989467495586723
266,elastic_transform/s5,0.0,13.157325744628906,0.026681149378418922,0.031510416666666666,10.194071332613627,0.7608100865657131,0.34375,3.527268171310425,3.1047677993774414,0.33567708333333335,3.6015143314997355,3.179447881380717,0.34375,4.294388294219971,1.154609203338623,0.33619791666666665,4.343585276603699,1.222406760851542,0.00021033202938269824
267,elastic_transform/s5,0.0,13.380179405212402,0.022100578993558884,0.030493951612903226,10.296849012374878,0.7369807476117727,0.34375,3.3486485481262207,3.2258660793304443,0.3359375,3.593357370745751,3.180945242604902,0.34375,3.9627954959869385,1.2575304508209229,0.3364415322580645,4.331301735293481,1.223539783108619,0.00022284386795945466
268,elastic_transform/s5,0.0078125,13.192448616027832,0.024527890607714653,0.02978515625,10.387336499989033,0.7147165958303958,0.296875,3.9981164932250977,3.098076105117798,0.334716796875,3.6060060933232307,3.1783555820584297,0.296875,4.9929728507995605,1.1943868398666382,0.335205078125,4.351978957653046,1.222628753632307,0.0002339555067010224
269,elastic_transform/s5,0.0,13.449722290039062,0.020753340795636177,0.028882575757575756,10.480136069384487,0.6936874062838879,0.3671875,3.662277936935425,3.097313404083252,0.33570075757575757,3.6077113007054185,3.1758997584834243,0.3671875,4.491868019104004,1.1866354942321777,0.33617424242424243,4.356218020121257,1.221538048802,0.00021523897885344923
270,elastic_transform/s5,0.0,13.494768142700195,0.021181732416152954,0.02803308823529412,10.568801718599657,0.6739078276407193,0.3125,3.8194515705108643,3.096766710281372,0.3350183823529412,3.6139389556996964,3.1735723158892464,0.3125,4.7433366775512695,1.1415882110595703,0.33547794117647056,4.367603862986845,1.2191865829860462,0.000248660275246948
271,elastic_transform/s5,0.0,13.509087562561035,0.020360132679343224,0.027232142857142858,10.652809885569981,0.6552350363561086,0.34375,3.7751080989837646,3.106685161590576,0.3352678571428571,3.6185437883649554,3.171661254337856,0.34375,4.658918380737305,1.1763620376586914,0.3357142857142857,4.375927134922573,1.2179630245481219,0.00024177689920179546
272,elastic_transform/s5,0.0078125,13.57214641571045,0.018598094582557678,0.026692708333333332,10.733902566962772,0.6375506768623987,0.390625,3.5302863121032715,3.0302369594573975,0.3368055555555556,3.6160921918021307,3.1677328017022877,0.390625,4.341025352478027,1.072001576423645,0.3372395833333333,4.374957640965779,1.2139085398779974,0.0002178048889618367
273,elastic_transform/s5,0.0078125,13.529736518859863,0.018471308052539825,0.026182432432432432,10.809465646743774,0.6208188020296999,0.328125,3.5543904304504395,3.1048378944396973,0.33657094594594594,3.6144245766304635,3.166032939343839,0.328125,4.3244476318359375,1.195425033569336,0.33699324324324326,4.373592505583892,1.2134089856534391,0.0002392418828094378
274,elastic_transform/s5,0.0,13.690010070800781,0.017279919236898422,0.02549342105263158,10.885269447376853,0.6049361998509419,0.2265625,4.208327293395996,3.30077862739563,0.33367598684210525,3.6300535954927144,3.169578878503097,0.2265625,5.230668544769287,1.2866706848144531,0.3340871710526316,4.396147138194034,1.2153369251050448,0.0003695549094118178
275,elastic_transform/s5,0.0,13.838457107543945,0.016301430761814117,0.024839743589743588,10.960992207893959,0.5898430006435285,0.3203125,3.836313486099243,2.9693989753723145,0.3333333333333333,3.6353423106364713,3.1644460604741025,0.3203125,4.805917263031006,1.1155517101287842,0.33373397435897434,4.406654064471905,1.2127783298492432,0.0002881621476262808
276,elastic_transform/s5,0.0,13.746626853942871,0.016232140362262726,0.02421875,11.03063307404518,0.5755027291364968,0.3515625,3.7266926765441895,3.13789701461792,0.3337890625,3.6376260697841643,3.163782334327698,0.3515625,4.568373203277588,1.2112091779708862,0.3341796875,4.410697042942047,1.2127391010522843,0.0002646674693096429
277,elastic_transform/s5,0.0,13.955223083496094,0.014272908680140972,0.023628048780487805,11.101964537690325,0.5618141969302441,0.3125,4.28757381439209,3.239896535873413,0.3332698170731707,3.653478453798992,3.1656387782678372,0.3125,5.374678134918213,1.2547881603240967,0.33365091463414637,4.434208776892685,1.2137646878637918,0.00030833424534648657
278,elastic_transform/s5,0.0,13.956289291381836,0.01359170489013195,0.023065476190476192,11.169924650873456,0.5487612804530987,0.3828125,3.2945499420166016,3.03117036819458,0.33444940476190477,3.644932536851792,3.162437149456569,0.3828125,3.9764366149902344,1.0986067056655884,0.33482142857142855,4.423309439704532,1.211022831144787,0.00021328841103240848
279,elastic_transform/s5,0.0,13.883251190185547,0.014578600414097309,0.02252906976744186,11.233025268066761,0.5363384274289359,0.2578125,4.25718355178833,3.33402681350708,0.3326671511627907,3.659170932547991,3.1664276067600694,0.2578125,5.295803546905518,1.2857670783996582,0.33303052325581395,4.4436000003371126,1.2127610694530397,0.0003301086835563183
280,elastic_transform/s5,0.0,13.961910247802734,0.014289550483226776,0.022017045454545456,11.295045381242579,0.5244736802256242,0.3515625,3.6089844703674316,3.0088577270507812,0.3330965909090909,3.658030331134796,3.1628464731303128,0.3515625,4.4496026039123535,1.1195875406265259,0.33345170454545453,4.443736423145641,1.2106434892524371,0.0002722939825616777
281,elastic_transform/s5,0.0,14.136679649353027,0.013706742785871029,0.021527777777777778,11.35819280942281,0.5131233038380743,0.375,3.3770785331726074,3.1680805683135986,0.33402777777777776,3.6517869578467477,3.162962786356608,0.375,4.037533283233643,1.2023845911026,0.334375,4.434709686703152,1.210459958182441,0.00025044428184628487
282,elastic_transform/s5,0.0,14.046945571899414,0.01332138292491436,0.021059782608695652,11.416643956433171,0.5022580446877881,0.3125,3.795445442199707,3.2570085525512695,0.3335597826086957,3.6549099683761597,3.165007259534753,0.3125,4.61309814453125,1.307551622390747,0.33389945652173914,4.4385876966559366,1.2125706465347954,0.00029971805633977056
283,elastic_transform/s5,0.0078125,13.981294631958008,0.01346931979060173,0.020777925531914893,11.471210992082636,0.49185828458359265,0.3203125,4.000717639923096,3.168605327606201,0.3332779255319149,3.662267578409073,3.165083814174571,0.3203125,4.956965923309326,1.262955665588379,0.3336103723404255,4.449617020627286,1.2136426682167865,0.0002592877426650375
284,elastic_transform/s5,0.0078125,13.878938674926758,0.012446418404579163,0.0205078125,11.521371985475222,0.4818705373715299,0.34375,3.5882132053375244,3.1073102951049805,0.33349609375,3.6607247789700827,3.1638801991939545,0.34375,4.373289585113525,1.1892828941345215,0.3338216145833333,4.448026865720749,1.213135172923406,0.00023360179329756647
285,elastic_transform/s5,0.0,14.04096794128418,0.01541813462972641,0.020089285714285716,11.572792311103976,0.4723511005808808,0.3359375,3.834501028060913,3.204155921936035,0.3335459183673469,3.6642712330331606,3.164702152719303,0.3359375,4.713281631469727,1.2140250205993652,0.3338647959183674,4.453440228287055,1.2131533330800581,0.00024535218835808337
286,elastic_transform/s5,0.0078125,14.120810508728027,0.011450526304543018,0.01984375,11.623752675056458,0.46313308909535406,0.296875,4.0158586502075195,3.051565170288086,0.3328125,3.671302981376648,3.1624394130706786,0.296875,5.047555923461914,1.1434199810028076,0.333125,4.465322542190552,1.2117586660385131,0.00023609348863828927
287,elastic_transform/s5,0.0,14.2786865234375,0.011457184329628944,0.0194546568627451,11.6758102014953,0.45427669880583005,0.2890625,3.827664852142334,3.193441390991211,0.3319546568627451,3.6743689004112694,3.163047294990689,0.2890625,4.698084354400635,1.2391033172607422,0.3322610294117647,4.46988649929271,1.2122948356703216,0.00025270445621572435
288,elastic_transform/s5,0.0,14.220847129821777,0.01129821129143238,0.019080528846153848,11.724753219347734,0.4457578817382455,0.375,3.5759408473968506,3.159237861633301,0.3327824519230769,3.672476053237915,3.1629740366568933,0.375,4.334781646728516,1.2117316722869873,0.3330829326923077,4.467288329051091,1.2122840056052575,0.0002530226774979383
289,elastic_transform/s5,0.0,14.221250534057617,0.01072937436401844,0.01872051886792453,11.771856942266789,0.43754979669344873,0.2890625,3.824120044708252,3.2602670192718506,0.3319575471698113,3.675337260624148,3.1648097533100055,0.2890625,4.669452667236328,1.25618314743042,0.33225235849056606,4.471102750526284,1.2131122913000718,0.0002442779950797558
290,elastic_transform/s5,0.0,14.229057312011719,0.01452021487057209,0.01837384259259259,11.81736065281762,0.4297159155485807,0.3203125,4.157819747924805,3.330864906311035,0.33174189814814814,3.684272121500086,3.1678848487359508,0.3203125,5.134504795074463,1.3289874792099,0.33203125,4.483387973573473,1.2152581281132169,0.00032507520518265665
291,elastic_transform/s5,0.0,14.307403564453125,0.010454874485731125,0.018039772727272727,11.862634160301901,0.4220929875292561,0.328125,3.707443952560425,3.0499329566955566,0.33167613636363635,3.6846934275193646,3.1657402688806706,0.328125,4.574806213378906,1.1762036085128784,0.3319602272727273,4.485050123388117,1.2145480459386653,0.0002641227620188147
292,elastic_transform/s5,0.0,14.27124309539795,0.010156650096178055,0.017717633928571428,11.905645034142903,0.41473698150366545,0.3203125,3.5671801567077637,3.2415828704833984,0.3314732142857143,3.682594976254872,3.167094601052148,0.3203125,4.270925045013428,1.3167948722839355,0.33175223214285715,4.481226461274283,1.2163738821234023,0.00029719274607487023
293,elastic_transform/s5,0.0,14.415153503417969,0.010195343755185604,0.017406798245614034,11.94967149851615,0.4076397597887798,0.2578125,4.3333282470703125,3.222352981567383,0.3301809210526316,3.6940113494270728,3.168064046324345,0.2578125,5.458014011383057,1.2315688133239746,0.33045504385964913,4.498363084960402,1.216640459863763,0.0003337725647725165
294,elastic_transform/s5,0.0,14.531185150146484,0.010102743282914162,0.01710668103448276,11.994180354578742,0.4007856732972994,0.3828125,3.501342535018921,3.1400504112243652,0.3310883620689655,3.690689473316587,3.167581052615725,0.3828125,4.235142230987549,1.1959526538848877,0.33135775862068967,4.493824794374663,1.2162837735537826,0.00028844468761235476
295,elastic_transform/s5,0.0,14.335073471069336,0.011769602075219154,0.016816737288135594,12.033856509095532,0.3941921805647218,0.40625,3.3821794986724854,2.912114143371582,0.3323622881355932,3.6854604906955006,3.163251105001417,0.40625,4.165788650512695,1.0053154230117798,0.3326271186440678,4.488264859732935,1.2127080387988334,0.00017042466788552701
296,elastic_transform/s5,0.0,14.448890686035156,0.009877298027276993,0.016536458333333334,12.074107078711192,0.387786932522431,0.3671875,3.400508403778076,3.026829719543457,0.33294270833333334,3.680711289246877,3.1609774152437846,0.3671875,4.133155822753906,1.1171177625656128,0.333203125,4.482346375783284,1.2111148675282797,0.00018110232485923916
297,elastic_transform/s5,0.0,14.358602523803711,0.009199833497405052,0.016265368852459015,12.111557823712708,0.38158058663677485,0.3046875,3.9965434074401855,3.120826244354248,0.3324795081967213,3.685888864954964,3.160319199327563,0.3046875,4.992392063140869,1.1748085021972656,0.3327356557377049,4.4907077804940645,1.2105196812113777,0.00023789395345374942
298,elastic_transform/s5,0.0,14.349874496459961,0.009390488266944885,0.016003024193548387,12.147659705531213,0.37557752053403565,0.3203125,3.711423873901367,3.1078081130981445,0.33228326612903225,3.6863007199379707,3.1594722463238623,0.3203125,4.556994915008545,1.2058665752410889,0.3325352822580645,4.491776927824943,1.2104446311150827,0.00026817532489076257
299,elastic_transform/s5,0.0,14.453099250793457,0.009606653824448586,0.015749007936507936,12.184253984027439,0.369768459157693,0.28125,3.9287140369415283,2.9591803550720215,0.3314732142857143,3.6901485503665983,3.1562930099547857,0.28125,4.9625983238220215,1.059920072555542,0.3317212301587302,4.49925028331696,1.2080553524077884,0.00019438471645116806
300,elastic_transform/s5,0.0,14.543557167053223,0.008548548445105553,0.0155029296875,12.221118096262217,0.36412439805280883,0.3515625,3.5832083225250244,3.0753612518310547,0.331787109375,3.688477609306574,3.1550284512341022,0.3515625,4.38839864730835,1.1488239765167236,0.33203125,4.497518226504326,1.2071298621594906,0.000190551727428101
301,elastic_transform/s5,0.0,14.432488441467285,0.011303195729851723,0.015264423076923076,12.25513917849614,0.3586963795555326,0.328125,3.985090970993042,3.2466330528259277,0.3317307692307692,3.693040891794058,3.1564377527970535,0.328125,4.911940097808838,1.2722010612487793,0.33197115384615383,4.503893947601318,1.208130957530095,0.0002405435370747
302,elastic_transform/s5,0.0,14.346810340881348,0.009122836403548717,0.01503314393939394,12.286831165805008,0.35339981071989646,0.3359375,3.8463335037231445,3.235851287841797,0.33179450757575757,3.695363507126317,3.157640988176519,0.3359375,4.700831890106201,1.2842047214508057,0.33203125,4.506877855821089,1.2092835903167725,0.0002629714144859463
303,elastic_transform/s5,0.0,14.525131225585938,0.007844051346182823,0.014808768656716417,12.320238629383827,0.34824226207252756,0.40625,3.2465126514434814,2.959998607635498,0.33290578358208955,3.688664240623588,3.1546911018997874,0.40625,3.928781270980835,1.0952636003494263,0.33313899253731344,4.498249548584668,1.2075817994217375,0.00020178705744910985
304,elastic_transform/s5,0.0,14.46485424041748,0.009125761687755585,0.014590992647058824,12.35177709425197,0.343255254713928,0.2734375,3.9841790199279785,3.2105674743652344,0.33203125,3.693010046201594,3.1555128132595733,0.2734375,4.918779373168945,1.2780346870422363,0.3322610294117647,4.504433810710907,1.2086178712985094,0.00026638389681465924
305,elastic_transform/s5,0.0,14.546703338623047,0.008329078555107117,0.014379528985507246,12.38358761953271,0.3384012521609016,0.3359375,3.9332010746002197,2.9936776161193848,0.3320878623188406,3.6964910755986753,3.153167375619861,0.3359375,4.950405597686768,1.09682297706604,0.3323143115942029,4.510897169942441,1.2069976554400679,0.00022579642245545983
306,elastic_transform/s5,0.0,14.545818328857422,0.00882825255393982,0.014174107142857143,12.41447662966592,0.33369306645223074,0.3125,4.044325351715088,3.0746114253997803,0.3318080357142857,3.7014601366860527,3.1520451477595737,0.3125,5.057478427886963,1.2284700870513916,0.33203125,4.518705473627363,1.2073044044630867,0.00022785094915889204
307,elastic_transform/s5,0.0,14.64563274383545,0.008630000054836273,0.013974471830985916,12.445901363668307,0.3291147134043801,0.3046875,3.8869457244873047,3.198115110397339,0.3314260563380282,3.704072609753676,3.1526940204727816,0.3046875,4.790820121765137,1.2316925525665283,0.3316461267605634,4.52253807430536,1.2076478995067972,0.00028419235604815185
308,elastic_transform/s5,0.0,14.517843246459961,0.009019920602440834,0.013780381944444444,12.474678334262636,0.32466895239324206,0.3671875,3.6581716537475586,2.991008758544922,0.3319227430555556,3.703435096475813,3.1504483918348947,0.3671875,4.556549072265625,1.033742904663086,0.3321397569444444,4.52301044927703,1.2052325523561902,0.00024119025329127908
309,elastic_transform/s5,0.0,14.656423568725586,0.008107786998152733,0.013591609589041096,12.504565255282676,0.3203324980727614,0.34375,3.5677473545074463,3.100442886352539,0.3320847602739726,3.7015763602844656,3.149763384910479,0.34375,4.355860233306885,1.1534680128097534,0.332298801369863,4.520720720291138,1.204523449074732,0.00021823456336278468
310,elastic_transform/s5,0.0,14.48379898071289,0.008654708974063396,0.01340793918918919,12.53131165697768,0.31612063605791413,0.2890625,3.6357667446136475,3.1893417835235596,0.3315033783783784,3.700687041153779,3.15029822813498,0.2890625,4.404184818267822,1.2661536931991577,0.33171452702702703,4.519145910804336,1.2053562902115487,0.0002637792204041034
311,elastic_transform/s5,0.0,14.550006866455078,0.0077328612096607685,0.013229166666666667,12.558227593104045,0.3120087990599374,0.3125,3.7403206825256348,3.2995524406433105,0.33125,3.7012154897054037,3.1522882843017577,0.3125,4.522533416748047,1.3024494647979736,0.33145833333333335,4.519191077550253,1.206650865872701,0.00030287433764897287
312,elastic_transform/s5,0.0,14.686182975769043,0.008902860805392265,0.013055098684210526,12.586227006033846,0.3080205630302723,0.3125,3.81532883644104,3.2317376136779785,0.33100328947368424,3.7027169811098197,3.153333670214603,0.3125,4.64154052734375,1.3168444633483887,0.33120888157894735,4.520800938731746,1.20810078162896,0.0002833323087543249
313,elastic_transform/s5,0.0,14.63222885131836,0.007906079292297363,0.012885551948051948,12.61279845857001,0.30412297233237656,0.265625,3.8927276134490967,2.914383888244629,0.3301542207792208,3.7051846516596805,3.150230426292915,0.265625,4.9248881340026855,1.0516541004180908,0.33035714285714285,4.526048824384615,1.2060690065482995,0.000189384154509753
314,elastic_transform/s5,0.0,14.581055641174316,0.007813016884028912,0.012720352564102564,12.638032525013655,0.30032412674970543,0.28125,3.7455828189849854,3.208390712738037,0.3295272435897436,3.7057025768818,3.150976070990929,0.28125,4.589840412139893,1.1787720918655396,0.3297275641025641,4.526866665253272,1.2057190461036487,0.00023938791127875447
315,elastic_transform/s5,0.0,14.552275657653809,0.007801765576004982,0.012559335443037974,12.662263450743277,0.29662131205130415,0.375,3.66763973236084,3.4044442176818848,0.33010284810126583,3.705220768723307,3.154184528543979,0.375,4.36065149307251,1.3897552490234375,0.3303006329113924,4.5247626757319965,1.2080486182925068,0.002431347733363509
316,fog/s5,0.3203125,3.975522041320801,5.473516941070557,0.3203125,3.975522041320801,5.473516941070557,0.4765625,3.084959030151367,5.317890167236328,0.4765625,3.084959030151367,5.317890167236328,0.453125,2.468485116958618,3.1093597412109375,0.453125,2.468485116958618,3.1093597412109375,0.38796910643577576
317,fog/s5,0.3671875,3.6549718379974365,4.3538384437561035,0.34375,3.8152469396591187,4.91367769241333,0.5,2.9809279441833496,5.372793197631836,0.48828125,3.0329434871673584,5.345341682434082,0.40625,3.11932110786438,1.7579729557037354,0.4296875,2.793903112411499,2.4336663484573364,0.7124146223068237
318,fog/s5,0.3125,3.3712780475616455,3.62674617767334,0.3333333333333333,3.667257308959961,4.484700520833333,0.4921875,3.1417317390441895,5.2684431076049805,0.4895833333333333,3.0692062377929688,5.319708824157715,0.359375,3.7486813068389893,1.2000411748886108,0.40625,3.1121625105539956,2.0224579572677612,0.898016095161438
319,fog/s5,0.296875,3.910693645477295,3.0066943168640137,0.32421875,3.7281163930892944,4.115198969841003,0.4765625,3.1226863861083984,5.305661201477051,0.486328125,3.082576274871826,5.316196918487549,0.296875,5.06686544418335,0.8308390378952026,0.37890625,3.6008382439613342,1.7245532274246216,0.9412257671356201
320,fog/s5,0.2265625,4.023436546325684,2.381326675415039,0.3046875,3.7871804237365723,3.7684245109558105,0.546875,3.0314834117889404,5.2946319580078125,0.4984375,3.072357702255249,5.311883926391602,0.2578125,5.489487171173096,0.588595986366272,0.3546875,3.9785680294036867,1.4973617792129517,0.9336934089660645
321,fog/s5,0.1328125,4.965537071228027,1.879260540008545,0.2760416666666667,3.9835731983184814,3.453563849131266,0.4453125,3.161299467086792,5.296323776245117,0.4895833333333333,3.087181329727173,5.3092905680338545,0.140625,6.743478298187256,0.44672691822052,0.3190104166666667,4.439386407534282,1.3222559690475464,0.8895710706710815
322,fog/s5,0.046875,6.196648120880127,1.0358495712280273,0.24330357142857142,4.2997267586844305,3.1081760951450894,0.5234375,2.968750476837158,5.355010986328125,0.49441964285714285,3.0702626364571706,5.315822056361607,0.1015625,5.948611736297607,0.3899218440055847,0.28794642857142855,4.654990025929043,1.1890653797558375,0.6592678427696228
323,fog/s5,0.015625,7.619953155517578,0.7019445896148682,0.21484375,4.714755058288574,2.8073971569538116,0.46875,3.0383341312408447,5.192957878112793,0.4912109375,3.06627157330513,5.300464034080505,0.3125,3.2855796813964844,2.409766912460327,0.291015625,4.4838137328624725,1.3416530713438988,0.2631916105747223
324,fog/s5,0.0,8.13144588470459,0.5844013690948486,0.1909722222222222,5.094387372334798,2.5603976249694824,0.5,3.0379042625427246,5.274125099182129,0.4921875,3.063119649887085,5.297537485758464,0.3984375,2.726314067840576,2.8287353515625,0.3029513888888889,4.288535992304484,1.5068844358126323,0.1231466680765152
325,fog/s5,0.0,8.922959327697754,0.460212379693985,0.171875,5.477244567871094,2.3503791004419328,0.546875,3.0194661617279053,5.359614849090576,0.49765625,3.058754301071167,5.303745222091675,0.4921875,2.537997007369995,3.1026015281677246,0.321875,4.113482093811035,1.6664561450481414,0.08899959921836853
326,fog/s5,0.0,9.220077514648438,0.38065195083618164,0.15625,5.817502108487216,2.1713129959323187,0.546875,2.8604791164398193,5.262691020965576,0.5021306818181818,3.040729284286499,5.300013021989302,0.5078125,2.38388991355896,2.922919750213623,0.3387784090909091,3.9562464410608467,1.7806801091540942,0.07149415463209152
327,fog/s5,0.0078125,9.69212532043457,0.31066566705703735,0.14388020833333334,6.140387376149495,2.016259051859379,0.5546875,2.944880723953247,5.370232582092285,0.5065104166666666,3.032741904258728,5.305864651997884,0.5,2.383931875228882,3.095736026763916,0.3522135416666667,3.825220227241516,1.8902681022882462,0.061966490000486374
328,fog/s5,0.0,9.990056991577148,0.27175846695899963,0.1328125,6.436515808105469,1.8820666991747343,0.4453125,3.2628014087677,5.29069709777832,0.5018028846153846,3.050438789220957,5.304697917057918,0.4140625,2.9198458194732666,3.0099477767944336,0.35697115384615385,3.755576042028574,1.9763973080194914,0.05953623726963997
329,fog/s5,0.0,10.373385429382324,0.21688111126422882,0.12332589285714286,6.717720781053815,1.763124871466841,0.5546875,2.743586301803589,5.259772300720215,0.5055803571428571,3.0285207544054304,5.301488944462368,0.53125,2.1385281085968018,2.9278669357299805,0.36941964285714285,3.640072618212019,2.044359424284526,0.04522591829299927
330,fog/s5,0.0,10.711091995239258,0.17874473333358765,0.11510416666666666,6.983945528666179,1.6574995289246242,0.5234375,2.801015615463257,5.26614236831665,0.5067708333333333,3.0133537451426187,5.299132506052653,0.5,2.223690986633301,2.8863654136657715,0.378125,3.5456471761067707,2.1004931569099425,0.040851544588804245
331,fog/s5,0.0,11.144831657409668,0.14836546778678894,0.10791015625,7.2440009117126465,1.5631786501035094,0.4609375,3.1937310695648193,5.309223651885986,0.50390625,3.0246273279190063,5.299763202667236,0.4375,2.822058916091919,3.017087936401367,0.3818359375,3.5004229098558426,2.1577803306281567,0.04999172315001488
332,fog/s5,0.0,11.167200088500977,0.1244642361998558,0.1015625,7.474777333876666,1.478548390462118,0.5390625,2.7222206592559814,5.214260101318359,0.5059742647058824,3.006838700350593,5.294733608470244,0.515625,2.149510383605957,2.8244800567626953,0.3897058823529412,3.420957467135261,2.1969979615772472,0.04092227295041084
333,fog/s5,0.0,11.434538841247559,0.10624350607395172,0.0959201388888889,7.6947640842861595,1.402309230218331,0.4453125,3.1400725841522217,5.255858421325684,0.5026041666666666,3.014240582784017,5.292573875851101,0.4140625,2.75626540184021,2.895660161972046,0.3910590277777778,3.384030130174425,2.235812528265847,0.043242618441581726
334,fog/s5,0.0,11.584317207336426,0.09542115032672882,0.09087171052631579,7.899477406551964,1.3335256470661414,0.4921875,3.0237231254577637,5.251399040222168,0.5020559210526315,3.014739663977372,5.290406779239052,0.46875,2.5667924880981445,2.9760937690734863,0.3951480263157895,3.341017622696726,2.2747746988346704,0.04366297647356987
335,fog/s5,0.0,11.664046287536621,0.09137062728404999,0.086328125,8.087705850601196,1.2714178960770368,0.5546875,2.960705041885376,5.301323413848877,0.5046875,3.012037932872772,5.290952610969543,0.515625,2.487332820892334,2.926644802093506,0.401171875,3.2983333826065064,2.307368203997612,0.04602605849504471
336,fog/s5,0.0,11.956490516662598,0.07161418348550797,0.0822172619047619,8.271933691842216,1.2142843859536308,0.515625,3.1023685932159424,5.35303258895874,0.5052083333333334,3.0163393928891136,5.293908800397601,0.4921875,2.662119150161743,3.185102939605713,0.4055059523809524,3.2680374667758034,2.3491650961694264,0.05683835968375206
337,fog/s5,0.0,12.048704147338867,0.06814448535442352,0.07848011363636363,8.443605076182973,1.162187117744576,0.5625,2.691593885421753,5.215587139129639,0.5078125,3.0015782334587793,5.29034872488542,0.5390625,2.163815498352051,2.7556982040405273,0.41157670454545453,3.2178455591201782,2.367643873799931,0.04544072225689888
338,fog/s5,0.0,12.14810562133789,0.06301905959844589,0.07506793478260869,8.604670317276664,1.114397202173005,0.5546875,2.746114492416382,5.288930416107178,0.5098505434782609,2.9904711142830225,5.290287059286366,0.4765625,2.150526285171509,2.990311622619629,0.41440217391304346,3.1714403732963232,2.3947163846181785,0.046580392867326736
339,fog/s5,0.0,12.42136001586914,0.05174318701028824,0.07194010416666667,8.763699054718018,1.0701199515412252,0.4296875,3.216887950897217,5.2921319007873535,0.5065104166666666,2.9999051491419473,5.2903639276822405,0.3671875,2.9204113483428955,2.927388906478882,0.4124348958333333,3.16098083058993,2.4169110730290413,0.05404122918844223
340,fog/s5,0.0,12.525837898254395,0.049304865300655365,0.0690625,8.914184608459472,1.0292873480916023,0.4296875,3.217329978942871,5.370595455169678,0.5034375,3.0086021423339844,5.293573188781738,0.3046875,2.9071121215820312,3.1897497177124023,0.408125,3.150826082229614,2.4478246188163757,0.0676683634519577
341,fog/s5,0.0,12.485474586486816,0.046298760920763016,0.06640625,9.051541915306679,0.9914800947388778,0.5390625,2.9833240509033203,5.16495943069458,0.5048076923076923,3.0076299080481896,5.288626505778386,0.453125,2.6380362510681152,2.817380666732788,0.4098557692307692,3.1311033964157104,2.462038312967007,0.05147960036993027
342,fog/s5,0.0,12.716440200805664,0.03823305666446686,0.06394675925925926,9.187278888843677,0.95617464888427,0.421875,3.2725272178649902,5.247984886169434,0.5017361111111112,3.017440919522886,5.287121260607684,0.390625,2.979750633239746,2.91664981842041,0.40914351851851855,3.125497738520304,2.478875776131948,0.0500766821205616
343,fog/s5,0.0,12.768929481506348,0.03830020874738693,0.06166294642857143,9.315194981438774,0.9233934188793812,0.4375,3.1144728660583496,5.210956573486328,0.4994419642857143,3.0209063461848666,5.284401093210493,0.390625,2.785937547683716,2.8315038681030273,0.40848214285714285,3.113370588847569,2.4914696365594864,0.046958208084106445
344,fog/s5,0.0,12.955074310302734,0.033117782324552536,0.05953663793103448,9.440708061744427,0.8926942589981802,0.59375,2.865121841430664,5.2423553466796875,0.5026939655172413,3.015534466710584,5.282951239881845,0.5234375,2.381847858428955,2.871391773223877,0.4124461206896552,3.088145667108996,2.5045703998927413,0.04394087940454483
345,fog/s5,0.0,12.900713920593262,0.031790733337402344,0.05755208333333333,9.556041590372722,0.8639974748094876,0.5078125,2.720123767852783,5.158336162567139,0.5028645833333333,3.005687443415324,5.278797403971354,0.4453125,2.2122788429260254,2.680830955505371,0.41354166666666664,3.058950106302897,2.5104457517464955,0.03648599609732628
346,fog/s5,0.0,12.963203430175781,0.03185024484992027,0.05569556451612903,9.665950036817982,0.8371540157785339,0.515625,2.864393949508667,5.165154933929443,0.5032762096774194,3.0011295887731735,5.27513151784097,0.484375,2.4021527767181396,2.677506446838379,0.4158266129032258,3.0377630956711306,2.515834806426879,0.03358519449830055
347,fog/s5,0.0,13.222121238708496,0.03292493894696236,0.053955078125,9.77708038687706,0.8120218571275473,0.5390625,2.931870460510254,5.159483909606934,0.50439453125,2.9989652410149574,5.271517530083656,0.5,2.4939653873443604,2.763030767440796,0.41845703125,3.020769417285919,2.523559680208564,0.033621978014707565
348,fog/s5,0.0,13.36379337310791,0.024543892592191696,0.05232007575757576,9.885768659187086,0.7881588885052637,0.6015625,2.692634105682373,5.186226844787598,0.5073390151515151,2.9896824793382124,5.2689329638625635,0.546875,2.121163845062256,2.7319796085357666,0.42234848484848486,2.9935086423700508,2.5298754356124182,0.03161254897713661
349,fog/s5,0.0,13.401589393615723,0.022727832198143005,0.05078125,9.989175151376163,0.7656462103785837,0.453125,3.0080366134643555,5.210078239440918,0.5057444852941176,2.9902223068125107,5.267201942556045,0.4453125,2.5875043869018555,2.8571643829345703,0.42302389705882354,2.981567340738633,2.5395015811218933,0.03657864034175873
350,fog/s5,0.0,13.408676147460938,0.021709036082029343,0.04933035714285714,10.086875179835728,0.7443908625415393,0.4609375,3.17716908454895,5.107695579528809,0.5044642857142857,2.995563643319266,5.262644617898124,0.40625,2.9296274185180664,2.7486400604248047,0.4225446428571429,2.980083342960903,2.5454769662448338,0.03884318843483925
351,fog/s5,0.0,13.493415832519531,0.020049069076776505,0.04796006944444445,10.181501309076944,0.7242702571675181,0.5078125,3.0960853099823,5.212335586547852,0.5045572916666666,2.9983559118376837,5.26124714480506,0.4453125,2.76477313041687,2.8414289951324463,0.4231770833333333,2.9741025037235684,2.5536978559361563,0.04311626777052879
352,fog/s5,0.0,13.576618194580078,0.019040990620851517,0.04666385135135135,10.273261224901354,0.705210006720311,0.5234375,3.073899269104004,5.220647811889648,0.5050675675675675,3.000397624196233,5.260149865537076,0.4921875,2.711360216140747,2.8754007816314697,0.4250422297297297,2.9670013608159245,2.5623925296035974,0.04290340840816498
353,fog/s5,0.0078125,13.591078758239746,0.01905004493892193,0.04564144736842105,10.360572212620786,0.6871531656208006,0.4375,3.2382094860076904,5.299385070800781,0.5032894736842105,3.0066558310860083,5.261182370938752,0.40625,2.909588098526001,3.0808773040771484,0.4245476973684211,2.9654904854925057,2.576036865773954,0.05319230258464813
354,fog/s5,0.0,13.647170066833496,0.0201927088201046,0.04447115384615385,10.444843952472393,0.6700516154464239,0.484375,2.9994189739227295,5.287226676940918,0.5028044871794872,3.006470270645924,5.261850173656757,0.3984375,2.6346442699432373,2.9946353435516357,0.4238782051282051,2.9570072491963706,2.586770160075946,0.057694222778081894
355,fog/s5,0.0,13.642376899719238,0.020085690543055534,0.043359375,10.524782276153564,0.6538024673238396,0.484375,3.1435775756835938,5.177285671234131,0.50234375,3.009897953271866,5.259736061096191,0.40625,2.9175360202789307,2.813845157623291,0.4234375,2.9560204684734344,2.5924470350146294,0.05397845804691315
356,fog/s5,0.0,13.694524765014648,0.024657169356942177,0.042301829268292686,10.60209306856481,0.6384574600563544,0.4296875,3.3806605339050293,5.334712028503418,0.5005716463414634,3.018940943043406,5.2615647432280745,0.34375,3.1243138313293457,3.0615293979644775,0.4214939024390244,2.9601251846406518,2.6038880682573087,0.056471195071935654
357,fog/s5,0.0,13.80905532836914,0.01853535696864128,0.041294642857142856,10.678449312845865,0.6236974099828374,0.5390625,2.8024322986602783,5.141008377075195,0.5014880952380952,3.0137859753199985,5.258694353557768,0.5078125,2.3809401988983154,2.6414151191711426,0.42354910714285715,2.9463350659325007,2.6047815694695426,0.040765516459941864
358,fog/s5,0.0,13.75810432434082,0.021017109975218773,0.0403343023255814,10.75006919683412,0.6096815890524276,0.4453125,3.296699047088623,5.31831169128418,0.5001816860465116,3.0203653490820597,5.260080803272336,0.390625,3.0145485401153564,2.974113941192627,0.42278343023255816,2.9479214257972184,2.6133706943933355,0.051112182438373566
359,fog/s5,0.0,13.91118335723877,0.01866217516362667,0.03941761363636364,10.82191270047968,0.596249329645864,0.546875,2.814563751220703,5.164056301116943,0.5012428977272727,3.015688040039756,5.25789842822335,0.484375,2.4053456783294678,2.697636842727661,0.42418323863636365,2.935590158809315,2.6152858341282066,0.042052462697029114
360,fog/s5,0.0,13.9398193359375,0.015588302165269852,0.03854166666666667,10.891199514600967,0.5833457512574063,0.515625,3.0264768600463867,5.236233711242676,0.5015625,3.015927791595459,5.257416990068224,0.5,2.620452642440796,2.8075294494628906,0.42586805555555557,2.9285871028900146,2.6195579144689773,0.04063398018479347
361,fog/s5,0.0,14.161558151245117,0.01321608666330576,0.03770380434782609,10.96229426757149,0.5709516281140563,0.4296875,3.3524558544158936,5.121833324432373,0.5,3.023243619048077,5.25446951907614,0.375,3.2254717350006104,2.7215957641601562,0.42476222826086957,2.9350411166315493,2.6217761285926984,0.04243341460824013
362,fog/s5,0.0078125,13.883016586303711,0.016519775614142418,0.03706781914893617,11.024437295629623,0.5591552057204411,0.484375,3.2882049083709717,5.273431777954102,0.49966755319148937,3.0288810932889896,5.254872971392692,0.3984375,3.0116398334503174,2.9762887954711914,0.4242021276595745,2.9366708765638636,2.629318951292241,0.05041103437542915
363,fog/s5,0.0078125,13.771132469177246,0.015111997723579407,0.036458333333333336,11.0816601117452,0.5478209722205065,0.5,2.834484100341797,5.242133140563965,0.4996744791666667,3.024831155935923,5.254607558250427,0.421875,2.3780221939086914,2.8849849700927734,0.4241536458333333,2.925032362341881,2.6346453266839185,0.04944475367665291
364,fog/s5,0.0,13.862504959106445,0.01787504181265831,0.03571428571428571,11.138412047405632,0.5370057491509586,0.46875,3.114713668823242,5.267327785491943,0.49904336734693877,3.0266654929336236,5.254867154724744,0.359375,2.785836935043335,3.020664930343628,0.42283163265306123,2.922191639335788,2.6425232777790146,0.05534198135137558
365,fog/s5,0.0078125,14.069962501525879,0.013825049623847008,0.03515625,11.197043056488036,0.5265421351604164,0.5390625,2.8803882598876953,5.220431327819824,0.49984375,3.023739948272705,5.254178438186646,0.4375,2.5136663913726807,2.785560369491577,0.423125,2.914021134376526,2.645384019613266,0.05035173147916794
366,fog/s5,0.0,13.884405136108398,0.01671598292887211,0.034466911764705885,11.24973643059824,0.51654554394019,0.421875,3.357309341430664,5.236459255218506,0.49831495098039214,3.0302805246091356,5.253831003226486,0.3671875,3.185166835784912,2.8654770851135254,0.42202818627450983,2.9193377167570826,2.6496995699171926,0.054671164602041245
367,fog/s5,0.0,14.057042121887207,0.01233392022550106,0.033804086538461536,11.303723078507643,0.5068491665610614,0.5859375,2.792322874069214,5.238531112670898,0.5,3.0257044159449062,5.2535367745619554,0.5234375,2.347003221511841,2.9027042388916016,0.42397836538461536,2.9083312841562123,2.6545650443205466,0.052916087210178375
368,fog/s5,0.0,14.291979789733887,0.010709848254919052,0.03316627358490566,11.360105280606252,0.49748804734773794,0.515625,3.0405313968658447,5.259855270385742,0.5002948113207547,3.0259841703019053,5.253655991464291,0.4453125,2.6534082889556885,2.9934160709381104,0.4243808962264151,2.9035214163222403,2.6609584599171043,0.047941647469997406
369,fog/s5,0.0,14.169859886169434,0.013355722650885582,0.032552083333333336,11.412137773301867,0.48852263392742584,0.421875,3.1790640354156494,5.238827228546143,0.4988425925925926,3.0288189826188265,5.253381384743585,0.3671875,2.91308331489563,2.826368808746338,0.42332175925925924,2.9036984885180437,2.664021614525053,0.04844437539577484
370,fog/s5,0.0,14.148140907287598,0.013035984709858894,0.03196022727272727,11.461883284828879,0.47987742212347007,0.453125,2.9609930515289307,5.044406414031982,0.4980113636363636,3.0275857838717375,5.2495818398215555,0.3984375,2.6854870319366455,2.557950496673584,0.42286931818181817,2.899731007489291,2.6620930487459358,0.03925957903265953
371,fog/s5,0.0,14.173552513122559,0.013853445649147034,0.03138950892857143,11.510305949619838,0.4715555654007143,0.4453125,3.0299317836761475,5.1516618728637695,0.4970703125,3.0276276767253876,5.247833268983023,0.3515625,2.7810840606689453,2.6730220317840576,0.42159598214285715,2.8976123120103563,2.6622882091573308,0.04527895525097847
372,fog/s5,0.0,14.047111511230469,0.015511036850512028,0.030838815789473683,11.55481131034985,0.4635547841980792,0.4375,3.2350471019744873,5.264188766479492,0.4960252192982456,3.0312666140104594,5.248120207535593,0.34375,2.991318702697754,2.8665099143981934,0.42023026315789475,2.899256283776802,2.665871046091381,0.051204316318035126
373,fog/s5,0.0,14.251912117004395,0.011810531839728355,0.030307112068965518,11.601313048395617,0.45576609019190073,0.4921875,2.8838441371917725,5.237365245819092,0.49595905172413796,3.028724847168758,5.247934777161171,0.3984375,2.513234853744507,2.86552357673645,0.41985452586206895,2.8926007418796935,2.6693133311025026,0.05356419458985329
374,fog/s5,0.0,14.264134407043457,0.011928258463740349,0.02979343220338983,11.646445613796429,0.44824341507786414,0.5078125,2.8451807498931885,5.101927757263184,0.4961599576271186,3.025613930265782,5.2454600819086625,0.453125,2.4596424102783203,2.677597761154175,0.4204184322033898,2.8852624650728904,2.6694537451711753,0.04122503101825714
375,fog/s5,0.0,14.19867992401123,0.01416998915374279,0.029296875,11.688982852300008,0.44100885797912875,0.5390625,2.9666693210601807,5.175742149353027,0.496875,3.0246315201123557,5.2442981163660685,0.4609375,2.5947635173797607,2.740964412689209,0.42109375,2.880420815944672,2.670645589629809,0.038896284997463226
376,fog/s5,0.0,14.164472579956055,0.01226502750068903,0.028816598360655737,11.729564651114043,0.43398027059423633,0.46875,3.019163131713867,5.147773265838623,0.4964139344262295,3.0245418744009047,5.242715741767258,0.4296875,2.7276391983032227,2.6230721473693848,0.421234631147541,2.877916199262025,2.6698656971337367,0.039901431649923325
377,fog/s5,0.0,14.184259414672852,0.012455442920327187,0.02835181451612903,11.769156502139184,0.42718148305110876,0.4375,3.1103124618530273,5.0514817237854,0.4954637096774194,3.025925270972713,5.239631322122389,0.3984375,2.897213935852051,2.5445218086242676,0.42086693548387094,2.878227453077993,2.6678440215126162,0.03719661012291908
378,fog/s5,0.0,14.210350036621094,0.012916040606796741,0.027901785714285716,11.80790560586112,0.42060584110754823,0.4140625,3.0214784145355225,5.026820659637451,0.494171626984127,3.0258546859499007,5.236253375098819,0.375,2.7568199634552,2.572984218597412,0.4201388888888889,2.8763003500681075,2.666338310355232,0.035513751208782196
379,fog/s5,0.0,14.203475952148438,0.0147942416369915,0.0274658203125,11.845336392521858,0.4142650348658208,0.453125,3.058610677719116,5.19518518447876,0.4935302734375,3.026366498321295,5.23561168462038,0.3984375,2.762380838394165,2.794440269470215,0.4197998046875,2.874520357698202,2.6683399034664035,0.04397259280085564
380,fog/s5,0.0,14.321724891662598,0.011249016039073467,0.027043269230769232,11.883434677124024,0.40806478842233235,0.484375,3.136547327041626,5.236151695251465,0.4933894230769231,3.0280615879939154,5.235619992476243,0.4375,2.81715726852417,2.8493175506591797,0.42007211538461536,2.873637848633986,2.671124174961677,0.04378272965550423
381,fog/s5,0.0,14.275788307189941,0.011484293267130852,0.026633522727272728,11.91968245939775,0.40205599304119294,0.4765625,3.100951910018921,5.198925971984863,0.4931344696969697,3.029165986812476,5.235064022468798,0.4296875,2.77634334564209,2.798161506652832,0.42021780303030304,2.8721636894977456,2.6730489830176034,0.04152420163154602
382,fog/s5,0.0,14.435731887817383,0.009246919304132462,0.02623600746268657,11.957235435941326,0.3961931710451174,0.484375,2.813924789428711,5.069872856140137,0.49300373134328357,3.0259534316276437,5.232598482672848,0.4296875,2.458956241607666,2.640930414199829,0.4203591417910448,2.8659964141561023,2.6725696013934575,0.04041814059019089
383,fog/s5,0.0,14.290085792541504,0.010130984708666801,0.02585018382352941,11.991542058832506,0.3905157859519343,0.4609375,3.064197063446045,5.153659820556641,0.4925321691176471,3.0265158379779145,5.231437619994669,0.40625,2.7658042907714844,2.6410984992980957,0.4201516544117647,2.864523000576917,2.6721067910685257,0.03813593462109566
384,fog/s5,0.0,14.251853942871094,0.01309506967663765,0.025475543478260868,12.024300202079441,0.38504592049866915,0.4375,3.233363628387451,5.2037763595581055,0.4917346014492754,3.029513632041821,5.231036732162255,0.4140625,2.9715492725372314,2.804593801498413,0.42006340579710144,2.866074105967646,2.674026892668959,0.042159147560596466
385,fog/s5,0.0078125,14.204876899719238,0.012923438102006912,0.025223214285714286,12.05545129776001,0.3797298850358597,0.3984375,3.219170331954956,5.154818534851074,0.4904017857142857,3.0322230134691512,5.229947900772094,0.3359375,3.0476982593536377,2.676546573638916,0.41886160714285714,2.868668736730303,2.674062888111387,0.047778721898794174
386,fog/s5,0.0078125,14.308897972106934,0.0105193592607975,0.02497799295774648,12.087189983314191,0.3745297367855067,0.484375,3.1707570552825928,5.246668815612793,0.4903169014084507,3.0341741971566645,5.2301834066149215,0.40625,2.853205442428589,2.9933433532714844,0.41868397887323944,2.8684509438528143,2.6785597960713883,0.04970502480864525
387,fog/s5,0.0,14.360733032226562,0.011717387475073338,0.024631076388888888,12.118766970104641,0.36949067637841737,0.5390625,2.7813611030578613,5.087759494781494,0.4909939236111111,3.0306629041830697,5.228205296728346,0.4765625,2.364651918411255,2.613419532775879,0.4194878472222222,2.861453735166126,2.677655070192284,0.03793958202004433
388,fog/s5,0.0,14.379063606262207,0.009431269951164722,0.024293664383561644,12.149729937723238,0.36455835574242756,0.4921875,2.8133046627044678,5.1191606521606445,0.4910102739726027,3.027685394025829,5.226711534473994,0.453125,2.3913586139678955,2.727433681488037,0.4199486301369863,2.8550140759716296,2.6783369689771575,0.03735456243157387
389,fog/s5,0.0,14.315227508544922,0.016130521893501282,0.02396537162162162,12.178993418410018,0.3598498715012259,0.453125,3.0690083503723145,5.104798316955566,0.4904983108108108,3.028243812354835,5.225064058561583,0.4296875,2.8066890239715576,2.653769016265869,0.4200802364864865,2.8543610347283854,2.678004969616194,0.038065288215875626
390,fog/s5,0.0078125,14.388236999511719,0.009731982834637165,0.02375,12.208449999491373,0.35518163298567135,0.46875,3.111875295639038,5.133172035217285,0.49020833333333336,3.0293588987986246,5.223838831583659,0.390625,2.8376271724700928,2.6957015991210938,0.4196875,2.8541379165649414,2.6782409246762593,0.03901278227567673
391,fog/s5,0.0,14.325616836547852,0.011369256302714348,0.0234375,12.236307457873696,0.3506577859240535,0.4296875,3.2973134517669678,5.220427989959717,0.48941200657894735,3.03288461660084,5.223793952088607,0.3515625,3.1233973503112793,2.7937397956848145,0.41879111842105265,2.8576808038510775,2.679760646663214,0.05012444034218788
392,fog/s5,0.0,14.376592636108398,0.01607111282646656,0.023133116883116884,12.264103369279342,0.3463125044552537,0.46875,2.9938900470733643,5.0873541831970215,0.48914366883116883,3.032378193619963,5.222022007038067,0.390625,2.716888427734375,2.7123851776123047,0.4184253246753247,2.855852331433977,2.680184341870345,0.04386159032583237
393,fog/s5,0.0,14.490883827209473,0.009196974337100983,0.02283653846153846,12.292651836688702,0.34199051047937995,0.5234375,2.809201717376709,5.184292793273926,0.4895833333333333,3.02951695674505,5.221538299169296,0.4296875,2.4044339656829834,2.804910898208618,0.41856971153846156,2.850064916488452,2.6817834002849383,0.046052973717451096
394,fog/s5,0.0,14.32461166381836,0.009015440009534359,0.02254746835443038,12.318372847158697,0.337775636169635,0.25,3.8192553520202637,5.138815879821777,0.4865506329113924,3.0395136452928373,5.220491179937048,0.0,8.684053421020508,0.23046985268592834,0.41327136075949367,2.9239128722420222,2.6507541148722926,0.34224584698677063
