global_idx,corruption,large_acc,large_nll,large_ent,large_acc_run,large_nll_run,large_ent_run,small_acc,small_nll,small_ent,small_acc_run,small_nll_run,small_ent_run,duo_acc,duo_nll,duo_ent,duo_acc_run,duo_nll_run,duo_ent_run,w_l
0,brightness/s5,0.71875,1.3544942140579224,2.219430685043335,0.71875,1.3544942140579224,2.219430685043335,0.7109375,1.6262457370758057,3.8334720134735107,0.7109375,1.6262457370758057,3.8334720134735107,0.7265625,1.3508371114730835,0.491349995136261,0.7265625,1.3508371114730835,0.491349995136261,0.8512575030326843
1,brightness/s5,0.6640625,1.249705195426941,1.5951884984970093,0.69140625,1.3020997047424316,1.9073095917701721,0.6953125,1.8548779487609863,4.304325103759766,0.703125,1.740561842918396,4.068898558616638,0.6640625,1.543389081954956,0.3327467441558838,0.6953125,1.4471130967140198,0.4120483696460724,0.9795849323272705
2,brightness/s5,0.6796875,1.3927509784698486,1.4826124906539917,0.6875,1.332316795984904,1.765743891398112,0.6875,1.894913673400879,4.441642761230469,0.6979166666666666,1.7920124530792236,4.193146626154582,0.6796875,1.7708791494369507,0.42921093106269836,0.6901041666666666,1.55503511428833,0.4177692234516144,0.9939950108528137
3,brightness/s5,0.7421875,1.2641985416412354,1.0359009504318237,0.701171875,1.3152872323989868,1.58328315615654,0.734375,1.5857625007629395,3.8893182277679443,0.70703125,1.7404499650001526,4.117189526557922,0.7421875,1.7460527420043945,0.27735960483551025,0.703125,1.6027895212173462,0.38266681879758835,0.9968453049659729
4,brightness/s5,0.7578125,1.1006468534469604,0.9959116578102112,0.7125,1.2723591566085815,1.4658088564872742,0.734375,1.5468848943710327,3.812746047973633,0.7125,1.7017369508743285,4.056300830841065,0.7578125,1.459332823753357,0.31503963470458984,0.7140625,1.5740981817245483,0.36914138197898866,0.9977598190307617
5,brightness/s5,0.671875,1.4431366920471191,1.0677523612976074,0.7057291666666666,1.3008220791816711,1.3994661072889965,0.71875,1.5494234561920166,3.652158737182617,0.7135416666666666,1.6763513684272766,3.9889438152313232,0.671875,1.9787338972091675,0.37570539116859436,0.70703125,1.6415374676386516,0.3702353835105896,0.9969105124473572
6,brightness/s5,0.78125,0.9804454445838928,0.8124514222145081,0.7165178571428571,1.2550539885248457,1.3156068665640694,0.7578125,1.4566528797149658,3.513420820236206,0.7198660714285714,1.6449658700398035,3.9210119588034495,0.78125,1.2956658601760864,0.3048093020915985,0.7176339285714286,1.5921272380011422,0.36088880045073374,0.9977723956108093
7,brightness/s5,0.734375,1.0175946950912476,0.8834265470504761,0.71875,1.225371576845646,1.2615843266248703,0.7109375,1.6936678886413574,3.97573184967041,0.71875,1.6510536223649979,3.9278519451618195,0.734375,1.3380814790725708,0.3227856159210205,0.7197265625,1.5603715181350708,0.3561259023845196,0.9986082911491394
8,brightness/s5,0.671875,1.2692804336547852,0.9443553686141968,0.7135416666666666,1.2302503387133281,1.2263366646236844,0.7109375,1.6084551811218262,3.82857084274292,0.7178819444444444,1.6463204622268677,3.9168207115597196,0.671875,1.7179150581359863,0.3642030358314514,0.7144097222222222,1.5778763559129503,0.3570233616564009,0.9983154535293579
9,brightness/s5,0.734375,1.069949746131897,0.8147720694541931,0.715625,1.2142202794551848,1.1851802051067353,0.71875,1.557159662246704,3.4876646995544434,0.71796875,1.6374043822288513,3.8739051103591917,0.734375,1.4468399286270142,0.3014666736125946,0.71640625,1.5647727131843567,0.3514676928520203,0.9979766011238098
10,brightness/s5,0.78125,0.8833413124084473,0.5965390205383301,0.7215909090909091,1.1841403733600269,1.1316673701459712,0.765625,1.223473310470581,2.8163702487945557,0.7223011363636364,1.5997742847962813,3.7777655774896797,0.78125,1.2331398725509644,0.2191716730594635,0.7223011363636364,1.5346242731267756,0.33944078196178784,0.9971669316291809
11,brightness/s5,0.7109375,1.108789086341858,0.7167587280273438,0.720703125,1.1778610994418461,1.0970916499694188,0.765625,1.2455112934112549,2.8841376304626465,0.7259114583333334,1.5702523688475292,3.7032965819040933,0.7109375,1.5405393838882446,0.290682852268219,0.7213541666666666,1.5351171990235646,0.33537762115399045,0.9952154159545898
12,brightness/s5,0.640625,1.5809632539749146,0.805989146232605,0.7145432692307693,1.2088689574828515,1.0746991496819716,0.6796875,1.6747015714645386,3.2387382984161377,0.7223557692307693,1.5782869228949914,3.667561329328097,0.640625,2.3063013553619385,0.2798318564891815,0.7151442307692307,1.5944390572034395,0.3311048700259282,0.9959834814071655
13,brightness/s5,0.765625,1.135408639907837,0.5914583206176758,0.7181919642857143,1.203621791941779,1.0401819476059504,0.7578125,1.3070793151855469,2.7235968112945557,0.7248883928571429,1.5589149509157454,3.600135292325701,0.765625,1.6593095064163208,0.2003786563873291,0.71875,1.5990726607186454,0.32176728333745686,0.9962102174758911
14,brightness/s5,0.7578125,1.0094553232192993,0.6123839616775513,0.7208333333333333,1.1906773606936136,1.0116620818773905,0.7421875,1.2972346544265747,2.9147846698760986,0.7260416666666667,1.5414695978164672,3.554445250829061,0.7578125,1.379171371459961,0.2750017046928406,0.7213541666666666,1.5844125747680664,0.3186495780944824,0.9958407282829285
15,brightness/s5,0.703125,1.4721084833145142,0.7195955514907837,0.7197265625,1.20826680585742,0.9934079237282276,0.703125,1.5666366815567017,2.8050119876861572,0.724609375,1.543042540550232,3.5076056718826294,0.703125,2.118736743927002,0.27114546298980713,0.72021484375,1.6178078353404999,0.3156805709004402,0.9948275685310364
16,brightness/s5,0.734375,1.1354869604110718,0.5553318858146667,0.7205882352941176,1.203985638478223,0.96763874502743,0.78125,1.144290804862976,2.3420324325561523,0.7279411764705882,1.5195865560980404,3.4390425401575424,0.734375,1.6501189470291138,0.24003811180591583,0.7210477941176471,1.619708488969242,0.31123101448311524,0.9928810596466064
17,brightness/s5,0.6484375,1.6188970804214478,0.7287145256996155,0.7165798611111112,1.2270362741417356,0.9543651772869958,0.6640625,1.482715129852295,2.8104188442230225,0.7243923611111112,1.5175381435288324,3.4041190014945135,0.6484375,2.3872807025909424,0.28515955805778503,0.7170138888888888,1.662351389726003,0.30978260023726356,0.9920201897621155
18,brightness/s5,0.6796875,1.1421173810958862,0.6475722789764404,0.7146381578947368,1.2225668587182696,0.9382181826390719,0.71875,1.3040952682495117,2.745103120803833,0.7240953947368421,1.5063043079878156,3.3694339551423726,0.6796875,1.619641900062561,0.27312520146369934,0.7150493421052632,1.6601035218489797,0.30785326345970754,0.9928234815597534
19,brightness/s5,0.734375,1.3861125707626343,0.5454232096672058,0.715625,1.230744144320488,0.9185784339904786,0.7421875,1.3918603658676147,2.7561187744140625,0.725,1.5005821108818054,3.338768196105957,0.734375,2.027674674987793,0.2387038767337799,0.716015625,1.6784820795059203,0.30439579412341117,0.9942569136619568
20,brightness/s5,0.71875,1.1279789209365845,0.5808435678482056,0.7157738095238095,1.2258505622545879,0.902495821317037,0.7421875,1.1788294315338135,2.558518409729004,0.7258184523809523,1.4852605547223772,3.301613444373721,0.71875,1.6407948732376099,0.2247898280620575,0.7161458333333334,1.6766874506360008,0.30060503383477527,0.9953022003173828
21,brightness/s5,0.796875,1.00051748752594,0.44901520013809204,0.7194602272727273,1.215608149766922,0.8818830658089031,0.75,1.1415085792541504,2.6185190677642822,0.7269176136363636,1.469635464928367,3.270563699982383,0.796875,1.4797428846359253,0.18277181684970856,0.7198153409090909,1.6677354249087246,0.2952489785172723,0.9967420697212219
22,brightness/s5,0.7265625,1.0391483306884766,0.4762108027935028,0.7197690217391305,1.207935983720033,0.8642451413299727,0.6875,1.1373310089111328,2.1663103103637695,0.725203804347826,1.4551874451015308,3.2225526830424434,0.7265625,1.513835072517395,0.22308900952339172,0.720108695652174,1.6610441052395364,0.2921115885610166,0.9928224682807922
23,brightness/s5,0.75,1.2733581066131592,0.5461307764053345,0.7210286458333334,1.2106619055072467,0.8509903761247793,0.734375,1.3600069284439087,2.2695093154907227,0.7255859375,1.4512215902407963,3.1828425427277884,0.7578125,1.8963123559951782,0.20245136320590973,0.7216796875,1.6708469490210216,0.2883757458378871,0.9930318593978882
24,brightness/s5,0.765625,1.2184652090072632,0.5108333230018616,0.7228125,1.2109740376472473,0.8373840939998627,0.65625,1.478554368019104,3.0291523933410645,0.7228125,1.4523149013519288,3.176694936752319,0.765625,1.7566418647766113,0.209784135222435,0.7234375,1.6742787456512451,0.28523208141326906,0.9964704513549805
25,brightness/s5,0.703125,1.4740808010101318,0.42290982604026794,0.7220552884615384,1.2210935285458198,0.8214427760014167,0.7109375,1.1921762228012085,1.781716227531433,0.7223557692307693,1.4423095675615163,3.123041909474593,0.703125,2.2727394104003906,0.17375966906547546,0.72265625,1.6972964635262122,0.2809446809383539,0.9937126040458679
26,brightness/s5,0.6875,1.4736618995666504,0.4419398307800293,0.7207754629629629,1.2304479126577024,0.8073871113635875,0.7109375,1.3108282089233398,2.317330837249756,0.7219328703703703,1.4374398876119543,3.093200758651451,0.6875,2.27769136428833,0.15960457921028137,0.7213541666666666,1.7187925709618463,0.27645060309657343,0.9938470721244812
27,brightness/s5,0.65625,1.2728148698806763,0.5662152171134949,0.7184709821428571,1.2319610182728087,0.7987738294260842,0.6953125,1.2175021171569824,2.058162212371826,0.7209821428571429,1.4295849672385625,3.0562350962843214,0.6640625,1.8636966943740845,0.2487969696521759,0.7193080357142857,1.7239677182265691,0.2754629733307021,0.9912653565406799
28,brightness/s5,0.7578125,1.1556912660598755,0.43721479177474976,0.7198275862068966,1.2293310268171902,0.7863062764036244,0.7265625,1.2692848443984985,2.5930709838867188,0.7211745689655172,1.4240573767958016,3.0402639199947488,0.7578125,1.7328037023544312,0.1736944317817688,0.720635775862069,1.7242724073344264,0.2719537132772906,0.9948329925537109
29,brightness/s5,0.7265625,1.3006162643432617,0.44810235500335693,0.7200520833333334,1.2317072014013926,0.7750328123569489,0.7265625,1.1889182329177856,2.117741107940674,0.7213541666666666,1.4162194053332011,3.0095131595929465,0.7265625,1.9640663862228394,0.21347349882125854,0.7208333333333333,1.73226553996404,0.2700043727954229,0.9922518134117126
30,brightness/s5,0.7734375,1.335026741027832,0.46809130907058716,0.7217741935483871,1.235040089776439,0.7651314735412598,0.7734375,1.1408743858337402,1.8633081912994385,0.7230342741935484,1.4073373079299927,2.9725388057770266,0.78125,1.8975250720977783,0.20631730556488037,0.7227822580645161,1.7375964926135155,0.267949951271857,0.990592896938324
31,brightness/s5,0.71875,1.375962257385254,0.44781458377838135,0.7216796875,1.2394439075142145,0.7552153207361698,0.75,1.1731886863708496,1.786010503768921,0.723876953125,1.4000201635062695,2.9354597963392735,0.71875,2.0219814777374268,0.19347554445266724,0.72265625,1.7464835233986378,0.2656226260587573,0.9873122572898865
32,brightness/s5,0.7578125,1.0307222604751587,0.3898301124572754,0.7227746212121212,1.2331190091190916,0.7441430416974154,0.78125,0.9607506990432739,1.9602500200271606,0.7256155303030303,1.3867089676134514,2.905907984935876,0.7578125,1.5387908220291138,0.17089799046516418,0.7237215909090909,1.7401898051753188,0.26275218255592114,0.9900065660476685
33,brightness/s5,0.6796875,1.4222056865692139,0.558566689491272,0.7215073529411765,1.2386803819852716,0.7386849136913524,0.6875,1.1899152994155884,2.161842107772827,0.7244944852941176,1.3809209185488083,2.8840236944310806,0.6796875,2.100461006164551,0.26760417222976685,0.7224264705882353,1.7507860169691198,0.2628948881345637,0.9879580140113831
34,brightness/s5,0.703125,1.4015244245529175,0.5831179618835449,0.7209821428571429,1.2433330689157758,0.7342401436397008,0.765625,1.191788673400879,2.271148443222046,0.7256696428571429,1.3755171401160105,2.8665129729679655,0.703125,2.0684800148010254,0.23765815794467926,0.721875,1.7598629883357457,0.262173838700567,0.9886624217033386
35,brightness/s5,0.7109375,1.4896899461746216,0.42317235469818115,0.720703125,1.2501763155062993,0.7255993717246585,0.7734375,1.200613021850586,1.8645439147949219,0.7269965277777778,1.3706586923864152,2.838680499129825,0.7109375,2.2804114818573,0.17916333675384521,0.7215711805555556,1.7743226687113445,0.25986799142426914,0.9893428087234497
36,brightness/s5,0.7578125,1.3217638731002808,0.5573182106018066,0.721706081081081,1.2521111143601906,0.7210512322348517,0.7421875,1.2462204694747925,2.2108652591705322,0.7274070945945946,1.3672954971725877,2.821712519671466,0.7578125,1.9551458358764648,0.22552277147769928,0.7225506756756757,1.7792097813374288,0.258939742236524,0.9904747605323792
37,brightness/s5,0.71875,1.4380638599395752,0.41517746448516846,0.7216282894736842,1.2570046076649113,0.7130019225572285,0.7265625,1.2149815559387207,1.7248528003692627,0.7273848684210527,1.36328723556117,2.7928477902161446,0.71875,2.091329574584961,0.20042887330055237,0.7224506578947368,1.7874234601071006,0.25739998252768265,0.9877849817276001
38,brightness/s5,0.734375,1.4354840517044067,0.402029812335968,0.7219551282051282,1.261581003665924,0.7050282787054013,0.7421875,1.1221894025802612,1.8590989112854004,0.7277644230769231,1.357105239843711,2.7689055112692027,0.734375,2.1804561614990234,0.18058951199054718,0.7227564102564102,1.7975012216812525,0.2554304832831407,0.9861268997192383
39,brightness/s5,0.71875,1.805649995803833,0.417066752910614,0.721875,1.2751827284693718,0.6978292405605316,0.703125,1.326180338859558,1.7704973220825195,0.7271484375,1.356332117319107,2.7439453065395356,0.71875,2.626094102859497,0.17718568444252014,0.72265625,1.8182160437107087,0.2534743633121252,0.9879043698310852
40,brightness/s5,0.5703125,2.303866386413574,0.5172861814498901,0.7181783536585366,1.300272573785084,0.6934257513139306,0.625,1.5089036226272583,1.8742995262145996,0.7246570121951219,1.360053373546135,2.7227344338486836,0.5703125,3.4523353576660156,0.21891315281391144,0.7189405487804879,1.858072612343765,0.2526314069585102,0.9887251257896423
41,brightness/s5,0.7421875,1.3797810077667236,0.36998146772384644,0.71875,1.3021656317370278,0.6857246969427381,0.703125,1.1463372707366943,1.3864424228668213,0.7241443452380952,1.354964894907815,2.690917957396734,0.7421875,2.0850470066070557,0.165614515542984,0.7194940476190477,1.863476764588129,0.2505595762105215,0.9824998378753662
42,brightness/s5,0.609375,2.0322799682617188,0.554919958114624,0.7162063953488372,1.3191450349120206,0.6826827262723169,0.7109375,1.3819420337677002,1.706303596496582,0.7238372093023255,1.355592270230138,2.6680199490037073,0.609375,3.0456225872039795,0.2332635521888733,0.7169331395348837,1.8909685279047765,0.250157343093739,0.9768013954162598
43,brightness/s5,0.7265625,1.4209829568862915,0.43287378549575806,0.7164417613636364,1.3214595331387087,0.6770052503455769,0.734375,1.064807653427124,1.4648137092590332,0.7240767045454546,1.3489835289391605,2.640674352645874,0.7265625,2.0858733654022217,0.2026214748620987,0.7171519886363636,1.8953981833024458,0.24907698245211082,0.9760639667510986
44,brightness/s5,0.71875,1.3573476076126099,0.4747881293296814,0.7164930555555555,1.3222570459047953,0.6725115365452237,0.75,1.0284589529037476,1.4716037511825562,0.7246527777777778,1.341860760582818,2.614695005946689,0.71875,1.993879795074463,0.23691968619823456,0.7171875,1.8975866635640461,0.24880682031313578,0.9695737957954407
45,brightness/s5,0.65625,1.989388346672058,0.5292295217514038,0.7151834239130435,1.3367599002693011,0.6693967101366624,0.671875,1.444832444190979,1.8562744855880737,0.7235054347826086,1.344099275443865,2.5982076033301977,0.65625,3.02335524559021,0.20599550008773804,0.7158627717391305,1.9220598936080933,0.24787613943867062,0.9756542444229126
46,brightness/s5,0.71875,1.6480196714401245,0.5137178301811218,0.7152593085106383,1.3433824485920844,0.6660843935418637,0.765625,1.0310529470443726,1.6552515029907227,0.7244015957446809,1.3374387152651523,2.5781447075782937,0.71875,2.474534511566162,0.2081184685230255,0.7159242021276596,1.933814672713584,0.2470302315468484,0.9808651804924011
47,brightness/s5,0.703125,1.4136983156204224,0.5627862215042114,0.7150065104166666,1.3448473624885082,0.6639323482910792,0.7421875,0.9695774912834167,1.3642455339431763,0.7247721354166666,1.3297749397655327,2.5528551414608955,0.703125,2.010146141052246,0.2864532470703125,0.7156575520833334,1.9354049116373062,0.2478515443702539,0.9605912566184998
48,brightness/s5,0.7578125,1.4916841983795166,0.5125298500061035,0.7158801020408163,1.3478440326087329,0.6608425013873042,0.7890625,0.8858816623687744,1.3452873229980469,0.7260841836734694,1.3207158932880478,2.5282109002677764,0.7578125,2.0904595851898193,0.25223618745803833,0.7165178571428571,1.9385692927302147,0.24794102688224948,0.949537992477417
49,brightness/s5,0.703125,1.6430230140686035,0.46816834807395935,0.715625,1.3537476122379304,0.6569890183210373,0.7265625,1.1469511985778809,1.6021864414215088,0.72609375,1.3172405993938445,2.5096904110908507,0.703125,2.380977153778076,0.2156093716621399,0.71625,1.9474174499511718,0.2472943937778473,0.962428629398346
50,brightness/s5,0.6484375,2.1206347942352295,0.42451465129852295,0.7143075980392157,1.368784615806505,0.6524306973990273,0.640625,1.4642620086669922,1.4870655536651611,0.7244178921568627,1.3201233721246906,2.4896389432981905,0.6484375,3.2253828048706055,0.18962474167346954,0.7149203431372549,1.9724755941652785,0.2461636162856046,0.9736294150352478
51,brightness/s5,0.7109375,1.4687179327011108,0.3850669264793396,0.7142427884615384,1.3707064103621702,0.6472890864198024,0.7734375,0.9996258020401001,1.3937492370605469,0.7253605769230769,1.3139599573153715,2.4685641412551584,0.71875,2.222005844116211,0.18240338563919067,0.7149939903846154,1.977274252818181,0.2449374580039428,0.9696558117866516
52,brightness/s5,0.65625,2.0109119415283203,0.39364588260650635,0.7131485849056604,1.3827857600068145,0.6425033655931365,0.7109375,1.1460132598876953,1.2470815181732178,0.7250884433962265,1.3107911517035287,2.4455172993102163,0.65625,3.057772159576416,0.1866784244775772,0.7138856132075472,1.9976610057758835,0.24383823095627552,0.9684565663337708
53,brightness/s5,0.6640625,1.8187373876571655,0.41479578614234924,0.7122395833333334,1.3908589382966359,0.63828655856627,0.7109375,1.1429457664489746,1.2413344383239746,0.7248263888888888,1.3076829038284443,2.42321761669936,0.6640625,2.6912217140197754,0.18730473518371582,0.7129629629629629,2.010504722595215,0.24279131436789478,0.9597213864326477
54,brightness/s5,0.703125,1.5815726518630981,0.3884299099445343,0.7120738636363636,1.3943264603614807,0.6337437104095113,0.7265625,1.1287063360214233,1.2526129484176636,0.7248579545454545,1.3044287844137712,2.4019338954578746,0.7109375,2.3301405906677246,0.1710590422153473,0.7129261363636363,2.016316283832897,0.24148709123784845,0.9620332717895508
55,brightness/s5,0.6328125,1.7373316287994385,0.4505373537540436,0.7106584821428571,1.4004515526550156,0.6304721683263779,0.703125,1.2761967182159424,1.3043928146362305,0.7244698660714286,1.3039246403745242,2.3823349475860596,0.6484375,2.5714900493621826,0.22910945117473602,0.7117745535714286,2.0262301010744914,0.24126606195100717,0.9512425065040588
56,brightness/s5,0.5546875,2.4010043144226074,0.5365288853645325,0.707922149122807,1.4180051098790085,0.6288240405551174,0.5703125,1.541731834411621,1.5233731269836426,0.721765350877193,1.3080966964102627,2.3672654419614556,0.5625,3.5913498401641846,0.25012239813804626,0.7091557017543859,2.0536883421111525,0.24142143627007803,0.9551006555557251
57,brightness/s5,0.6484375,1.7417618036270142,0.5020610094070435,0.7068965517241379,1.423587121840181,0.6266384710525644,0.7578125,0.9496645331382751,1.17496657371521,0.7223868534482759,1.301916831526263,2.3467085649227273,0.6640625,2.449700355529785,0.2831568419933319,0.7083782327586207,2.0605161354459565,0.2421410122308238,0.9372526407241821
58,brightness/s5,0.7734375,1.2168933153152466,0.354203462600708,0.7080243644067796,1.4200838369838262,0.6220209285364313,0.8046875,0.7980714440345764,0.9187781810760498,0.723781779661017,1.2933770791958954,2.322506355027021,0.78125,1.6705211400985718,0.18087267875671387,0.7096133474576272,2.0539060507790516,0.24110256590075413,0.9151492714881897
59,brightness/s5,0.7109375,1.6697367429733276,0.43563517928123474,0.7080729166666667,1.424244718750318,0.618914499382178,0.734375,0.9832975268363953,1.3343935012817383,0.7239583333333334,1.2882090866565705,2.3060378074645995,0.71875,2.3592374324798584,0.2135176658630371,0.709765625,2.0589949071407316,0.24064281756679218,0.9293884634971619
60,brightness/s5,0.671875,1.8223021030426025,0.5349810123443604,0.7074795081967213,1.4307702496403554,0.6175385405782794,0.765625,0.9829800724983215,1.3181734085083008,0.7246413934426229,1.2832053323261072,2.289843309121054,0.671875,2.5417330265045166,0.24290809035301208,0.7091444672131147,2.066908646802433,0.2406799531862384,0.9408633708953857
61,brightness/s5,0.6328125,2.1416258811950684,0.536833643913269,0.7062752016129032,1.4422356630525281,0.6162368486965856,0.734375,1.1101735830307007,1.3013496398925781,0.7247983870967742,1.2804144976600524,2.2738998628431752,0.6328125,3.050520896911621,0.2599475383758545,0.7079133064516129,2.0827733605138716,0.24099072068929672,0.9310126304626465
62,brightness/s5,0.6640625,1.9848644733428955,0.3753913342952728,0.7056051587301587,1.4508488187714228,0.6124139040235489,0.734375,1.0608586072921753,1.1413662433624268,0.7249503968253969,1.276929483527229,2.255923138724433,0.6640625,2.859774589538574,0.18718498945236206,0.7072172619047619,2.0951067133555337,0.24013666146331364,0.9380846619606018
63,brightness/s5,0.6875,1.5919389724731445,0.5152651071548462,0.705322265625,1.4530533524230123,0.6108959540724754,0.6875,1.2420775890350342,1.4203503131866455,0.724365234375,1.2763849226757884,2.242867313325405,0.6953125,2.2996721267700195,0.26832908391952515,0.70703125,2.098303047940135,0.24057716806419194,0.9542608261108398
64,brightness/s5,0.6015625,2.830291748046875,0.46109187602996826,0.7037259615384616,1.4742416354326102,0.6085912759487445,0.734375,1.230065941810608,1.4462451934814453,0.7245192307692307,1.2756723229701703,2.2306115884047286,0.609375,4.136788368225098,0.20178723335266113,0.7055288461538461,2.1296643605599037,0.23998039983786068,0.9470327496528625
65,brightness/s5,0.625,2.117534875869751,0.47842270135879517,0.7025331439393939,1.4839885027119608,0.6066190248185938,0.7109375,1.1379108428955078,1.164711594581604,0.724313446969697,1.2735850278175238,2.2144615884983176,0.6328125,3.0462138652801514,0.23989908397197723,0.7044270833333334,2.1435514742677864,0.2399791677792867,0.9420082569122314
66,brightness/s5,0.71875,1.6410188674926758,0.38821062445640564,0.7027751865671642,1.4863322394997327,0.6033591979475164,0.75,0.960902750492096,0.922118067741394,0.7246968283582089,1.2689181281559503,2.195172879233289,0.7109375,2.29653263092041,0.20529162883758545,0.7045242537313433,2.145834775113348,0.23946144331747027,0.9320403933525085
67,brightness/s5,0.6484375,2.486691951751709,0.41240641474723816,0.7019761029411765,1.5010434117387323,0.6005510687828064,0.765625,1.0650782585144043,1.2295764684677124,0.7252987132352942,1.2659204830141628,2.1809729320161484,0.6640625,3.6136088371276855,0.21586883068084717,0.7039292279411765,2.167419687790029,0.23911449313163757,0.9419756531715393
68,brightness/s5,0.6484375,2.10257625579834,0.3719668984413147,0.7012001811594203,1.509761279043944,0.5972382547198862,0.65625,1.350353479385376,1.2548878192901611,0.7242980072463768,1.2671441496282383,2.167551408643308,0.65625,3.13747501373291,0.1720326691865921,0.7032382246376812,2.1814784606297812,0.23814229278460794,0.9580990076065063
69,brightness/s5,0.609375,2.3220019340515137,0.493384450674057,0.6998883928571429,1.5213647169726237,0.595754628947803,0.7109375,1.1645522117614746,1.4187066555023193,0.7241071428571428,1.265678550515856,2.1568536264555793,0.609375,3.337564468383789,0.22775758802890778,0.7018973214285714,2.1979939750262667,0.2379939398595265,0.9535755515098572
70,brightness/s5,0.5859375,2.5708274841308594,0.4145117998123169,0.6982834507042254,1.5361458827072465,0.5932019130444862,0.6640625,1.3328537940979004,1.193198561668396,0.7232614436619719,1.2666246807071524,2.1432810199092813,0.59375,3.806614875793457,0.19063900411128998,0.7003741197183099,2.2206506074314385,0.237326968933495,0.9569848775863647
71,brightness/s5,0.6640625,2.096935749053955,0.3102564811706543,0.6978081597222222,1.543934630850951,0.5892721153795719,0.765625,0.8679296374320984,0.9879575371742249,0.7238498263888888,1.2610872495505545,2.12723486042685,0.6640625,3.061768054962158,0.15073153376579285,0.6998697916666666,2.2323327942026987,0.2361242545561658,0.9599242210388184
72,brightness/s5,0.6875,1.8966095447540283,0.49129149317741394,0.6976669520547946,1.5487657940551027,0.5879299150754328,0.71875,1.18651282787323,1.1248281002044678,0.7237799657534246,1.260065682130317,2.113503260971749,0.6796875,2.694504737854004,0.25711435079574585,0.6995933219178082,2.23866391671847,0.23641179012109156,0.9337541460990906
73,brightness/s5,0.625,2.4070332050323486,0.33369797468185425,0.6966849662162162,1.560364002311552,0.5844943483133573,0.7265625,1.032006859779358,1.0985585451126099,0.7238175675675675,1.2569838061526015,2.099787791838517,0.625,3.5192201137542725,0.1466456800699234,0.6985853040540541,2.2559687301919267,0.23519873457985954,0.9586231112480164
74,brightness/s5,0.609375,2.8675014972686768,0.4592089056968689,0.6955208333333334,1.5777925022443136,0.5828238757451375,0.640625,1.461295485496521,1.3632457256317139,0.7227083333333333,1.2597079618771871,2.0899672309557595,0.609375,4.138651371002197,0.22013059258460999,0.6973958333333333,2.2810711654027305,0.2349978260199229,0.9509955644607544
75,brightness/s5,0.6328125,1.9883732795715332,0.422021746635437,0.6946957236842105,1.583194880893356,0.580708058256852,0.6796875,1.287198543548584,1.13983154296875,0.7221422697368421,1.2600696800570739,2.0774654455875097,0.6328125,2.837364673614502,0.2019447535276413,0.696546052631579,2.288390816826569,0.23456291717134023,0.9468448758125305
76,brightness/s5,0.671875,1.7694822549819946,0.3696518540382385,0.6943993506493507,1.5856141974399616,0.5779670685916752,0.7578125,0.954545795917511,0.9743664264678955,0.7226055194805194,1.2561018374059107,2.0631394843002417,0.6953125,2.456648826599121,0.20086149871349335,0.6965300324675324,2.2905759857846544,0.23412523641214741,0.9420214891433716
77,brightness/s5,0.6875,1.9004285335540771,0.28941255807876587,0.6943108974358975,1.5896502786721938,0.5742676517902277,0.7421875,0.9753125905990601,0.7621903419494629,0.7228565705128205,1.2525019752673614,2.0464606491418986,0.6953125,2.7099714279174805,0.142843559384346,0.6965144230769231,2.295952850427383,0.23295495850153458,0.9162697196006775
78,brightness/s5,0.6875,1.5618579387664795,0.17494916915893555,0.6942246835443038,1.5892984769012355,0.5692129874531227,0.625,1.2498202323913574,2.164947032928467,0.7216178797468354,1.252468029155007,2.0479604767847666,0.6875,2.5508182048797607,0.056253839284181595,0.6964003164556962,2.2991789941546283,0.23071823547346682,0.9982325434684753
79,contrast/s5,0.171875,5.429831027984619,5.917196273803711,0.171875,5.429831027984619,5.917196273803711,0.1953125,4.9976983070373535,6.230370998382568,0.1953125,4.9976983070373535,6.230370998382568,0.2890625,4.25231409072876,5.388626575469971,0.2890625,4.25231409072876,5.388626575469971,0.3819655478000641
80,contrast/s5,0.203125,4.709091663360596,4.766232490539551,0.1875,5.069461345672607,5.341714382171631,0.203125,4.850362777709961,6.21123743057251,0.19921875,4.924030542373657,6.220804214477539,0.2265625,4.834015369415283,2.6776461601257324,0.2578125,4.5431647300720215,4.033136367797852,0.8643302917480469
81,contrast/s5,0.1328125,5.682774066925049,3.0689449310302734,0.16927083333333334,5.273898919423421,4.584124565124512,0.2421875,4.893922805786133,6.170339107513428,0.21354166666666666,4.9139946301778155,6.203982512156169,0.1328125,8.15577220916748,1.0618178844451904,0.21614583333333334,5.747367223103841,3.0426968733469644,0.9892345666885376
82,contrast/s5,0.1875,5.583651542663574,2.475432872772217,0.173828125,5.3513370752334595,4.056951642036438,0.171875,5.085213661193848,6.15535831451416,0.203125,4.956799387931824,6.1918264627456665,0.1875,8.345603942871094,0.8045182824134827,0.208984375,6.396926403045654,2.483152225613594,0.9982598423957825
83,contrast/s5,0.1328125,6.161500930786133,2.252572536468506,0.165625,5.513369846343994,3.6960758209228515,0.2109375,4.775637626647949,6.1174798011779785,0.2046875,4.920567035675049,6.176957130432129,0.1328125,9.37723159790039,0.6664674878120422,0.19375,6.992987442016601,2.1198152780532835,0.9989643096923828
84,contrast/s5,0.09375,8.223974227905273,1.3120498657226562,0.15364583333333334,5.965137243270874,3.298738161722819,0.1953125,4.896543502807617,6.13277006149292,0.203125,4.916563113530477,6.169592618942261,0.09375,12.79761791229248,0.38682401180267334,0.17708333333333334,7.960425853729248,1.8309834003448486,0.998227059841156
85,contrast/s5,0.015625,10.877045631408691,0.34299755096435547,0.13392857142857142,6.666838441576276,2.8764895030430386,0.28125,4.502755165100098,6.101983547210693,0.21428571428571427,4.857447692326137,6.159934180123465,0.015625,16.689279556274414,0.07538887858390808,0.15401785714285715,9.207404954092842,1.5801841829504286,0.9814193248748779
86,contrast/s5,0.0,12.582515716552734,0.045057155191898346,0.1171875,7.406298100948334,2.522560459561646,0.2265625,4.796050071716309,6.125138282775879,0.2158203125,4.8497729897499084,6.155584692955017,0.0,17.673511505126953,0.00037685822462663054,0.134765625,10.265668272972107,1.3827082673597033,0.8734395503997803
87,contrast/s5,0.0,13.567160606384277,0.020251892507076263,0.10416666666666667,8.090838379330105,2.2445261743333607,0.2109375,4.822267532348633,6.054914474487305,0.2152777777777778,4.846716827816433,6.144399113125271,0.0,14.274662971496582,0.0039760880172252655,0.11979166666666667,10.711112128363716,1.2295158029883169,0.6777513027191162
88,contrast/s5,0.0,13.714495658874512,0.04892437905073166,0.09375,8.653204107284546,2.0249659948050978,0.203125,4.816723346710205,6.027557373046875,0.2140625,4.843717479705811,6.132714939117432,0.0,10.46610164642334,0.16478702425956726,0.1078125,10.686611080169678,1.123042925115442,0.5308112502098083
89,contrast/s5,0.0,14.62960433959961,0.011325914412736893,0.08522727272727272,9.196513219313188,1.8419078056785194,0.21875,4.860864162445068,6.025947570800781,0.21448863636363635,4.845276269045743,6.123008814725009,0.0,8.406222343444824,0.5188196897506714,0.09801136363636363,10.479303013194691,1.068113540082281,0.4254228174686432
90,contrast/s5,0.0,15.13510799407959,0.0058777472004294395,0.078125,9.691396117210388,1.6889053008053452,0.234375,4.733415603637695,5.980981826782227,0.21614583333333334,4.835954546928406,6.111173232396443,0.0,6.69346809387207,1.5357263088226318,0.08984375,10.163816769917807,1.1070812708106434,0.3532494008541107
91,contrast/s5,0.0,15.723188400268555,0.0030383423436433077,0.07211538461538461,10.155380138984093,1.559223227077522,0.1875,4.698897838592529,5.987521648406982,0.21394230769230768,4.825411723210261,6.101661572089562,0.0,6.5499796867370605,1.5401750802993774,0.0829326923076923,9.885829301980825,1.1403961792328539,0.33942440152168274
92,contrast/s5,0.0,16.076101303100586,0.0024616187438368797,0.06696428571428571,10.578288793563843,1.4480259693394015,0.25,4.503249168395996,5.829105377197266,0.21651785714285715,4.8024001121521,6.082193272454398,0.140625,4.616260528564453,4.439043045043945,0.08705357142857142,9.509431532451085,1.3760138125050747,0.22278662025928497
93,contrast/s5,0.0,16.41179084777832,0.0017628975911065936,0.0625,10.967188930511474,1.3516084312228487,0.2265625,4.706950664520264,5.843066215515137,0.2171875,4.79603681564331,6.066251468658447,0.1484375,4.772994041442871,4.617611408233643,0.09114583333333333,9.193669033050536,1.5921203188869792,0.20980489253997803
94,contrast/s5,0.0,16.5108699798584,0.0016338750720024109,0.05859375,11.313668996095657,1.2672350214634207,0.1796875,4.894464492797852,5.957056999206543,0.21484375,4.802188545465469,6.059426814317703,0.1015625,5.13491678237915,4.460121154785156,0.091796875,8.939997017383575,1.7713703711306152,0.22727078199386597
95,contrast/s5,0.0078125,16.728727340698242,0.0011965612648054957,0.05560661764705882,11.63220183989581,1.1927621708635021,0.25,4.410923957824707,5.94639778137207,0.21691176470588236,4.779172981486601,6.052778047673843,0.0390625,4.864194393157959,3.771373987197876,0.08869485294117647,8.700243921840892,1.8890176426639835,0.2561652362346649
96,contrast/s5,0.0,17.066232681274414,0.0010146115673705935,0.05251736111111111,11.93409244219462,1.1265539731248282,0.2421875,4.713283061981201,5.849116325378418,0.2183159722222222,4.7755124304029675,6.041463507546319,0.1484375,4.883906841278076,4.427380561828613,0.0920138888888889,8.488225195142958,2.0300378048397962,0.21555958688259125
97,contrast/s5,0.0,17.370668411254883,0.0007927666301839054,0.04975328947368421,12.220228019513582,1.0673033833093206,0.234375,4.583541393280029,5.8349504470825195,0.21916118421052633,4.765408691607024,6.030594399100856,0.1484375,4.680220603942871,4.523161888122559,0.09498355263157894,8.28780390086927,2.1612548618546783,0.20588724315166473
98,contrast/s5,0.0,17.470739364624023,0.000667223590426147,0.047265625,12.482753586769103,1.0139715753233758,0.1875,4.624560832977295,5.8537139892578125,0.217578125,4.758366298675537,6.021750378608703,0.1640625,4.646596431732178,4.642209053039551,0.0984375,8.105743527412415,2.285302571413922,0.19419345259666443
99,contrast/s5,0.0,17.645160675048828,0.0005378763889893889,0.04501488095238095,12.728582495734805,0.9657128277550717,0.2421875,4.497848033905029,5.783941268920898,0.21875,4.745960667019799,6.010426135290237,0.1953125,4.489150524139404,4.475949287414551,0.10305059523809523,7.933524812970843,2.3896190816996663,0.18105383217334747
100,contrast/s5,0.0,17.833240509033203,0.00045911528286524117,0.04296875,12.960612405430187,0.9218376590063351,0.2578125,4.541484832763672,5.862977027893066,0.22052556818181818,4.736666310917247,6.00372390313582,0.203125,4.5155439376831055,4.667997360229492,0.10759943181818182,7.7781620459123095,2.4931817307237494,0.19172358512878418
101,contrast/s5,0.0,17.992435455322266,0.0003952317056246102,0.04110054347826087,13.179387320642887,0.8817749447758694,0.25,4.358394145965576,5.723282337188721,0.2218070652173913,4.720219695049783,5.991530791572902,0.2421875,4.240083694458008,4.4909467697143555,0.11345108695652174,7.624332552370817,2.58004108024508,0.15993821620941162
102,contrast/s5,0.0,17.991504669189453,0.0003506556386128068,0.039388020833333336,13.379892210165659,0.8450489327284837,0.2421875,4.323755741119385,5.64073371887207,0.22265625,4.703700363636017,5.976914246877034,0.2421875,4.146416664123535,4.30020809173584,0.11881510416666667,7.479419390360515,2.6517147057238617,0.12543432414531708
103,contrast/s5,0.0,18.13292694091797,0.00031722651328891516,0.0378125,13.570013599395752,0.811259664479876,0.21875,4.6512131690979,5.914804458618164,0.2225,4.701600875854492,5.9744298553466795,0.1328125,4.726442337036133,4.563433647155762,0.119375,7.3693003082275395,2.7281834633811375,0.19206589460372925
104,contrast/s5,0.0,18.153032302856445,0.0002680923789739609,0.03635817307692308,13.746283549528856,0.7800676809375335,0.296875,4.310341835021973,5.442966461181641,0.22536057692307693,4.6865524512070875,5.953988955571101,0.296875,4.165659427642822,3.8371777534484863,0.12620192307692307,7.246083351281973,2.7708370899221895,0.09222803264856339
105,contrast/s5,0.0,18.17917823791504,0.000250165699981153,0.03501157407407408,13.9104648342839,0.7511855507435501,0.2578125,4.574076175689697,5.502694129943848,0.2265625,4.682386663224962,5.9372743323997215,0.2578125,4.529884338378906,3.7414393424987793,0.1310763888888889,7.145483387841119,2.8067853214991003,0.07202741503715515
106,contrast/s5,0.0,18.254573822021484,0.00022835460549686104,0.03376116071428571,14.065611583845955,0.7243656508814768,0.25,4.573935031890869,5.581070423126221,0.22739955357142858,4.678513390677316,5.924552764211382,0.2421875,4.486096382141113,3.887706756591797,0.13504464285714285,7.05050528049469,2.8453896584666967,0.068702332675457
107,contrast/s5,0.0,18.171886444091797,0.000215846550418064,0.03259698275862069,14.20720726868202,0.6993949679735093,0.2421875,4.414265155792236,5.569096565246582,0.2279094827586207,4.66940138257783,5.912295653902251,0.25,4.241311550140381,3.910914897918701,0.13900862068965517,6.953636531172128,2.8821319081029726,0.0708383247256279
108,contrast/s5,0.0,18.253921508789062,0.00019546528346836567,0.031510416666666666,14.342097743352253,0.6760883178838413,0.2890625,4.085093021392822,5.508116722106934,0.22994791666666667,4.649924437204997,5.898823022842407,0.2890625,3.8299643993377686,3.6936020851135254,0.14401041666666667,6.849514126777649,2.9091809140033242,0.0599764920771122
109,contrast/s5,0.0,18.202314376831055,0.00019034367869608104,0.030493951612903226,14.466620860561248,0.6542851574256108,0.3203125,4.0794291496276855,5.526499271392822,0.23286290322580644,4.631521363412181,5.886812579247259,0.3125,3.8063695430755615,3.716949462890625,0.14944556451612903,6.751348172464678,2.9352379639674306,0.06119139492511749
110,contrast/s5,0.0,18.206127166748047,0.00018081664165947586,0.029541015625,14.583480432629585,0.6338443967761123,0.1875,4.655272006988525,5.488333702087402,0.2314453125,4.632263571023941,5.874360114336014,0.1953125,4.6355695724487305,3.72931170463562,0.15087890625,6.68523009121418,2.9600527683633118,0.06305109709501266
111,contrast/s5,0.0,18.32505989074707,0.00017043703701347113,0.028645833333333332,14.696861628330115,0.6146421555718972,0.2265625,4.41874361038208,5.499439716339111,0.23129734848484848,4.625793269186309,5.862998890154289,0.2265625,4.28314733505249,3.8628227710723877,0.15317234848484848,6.612439704663826,2.9874094351120717,0.06468061357736588
112,contrast/s5,0.0,18.27747344970703,0.00016191400936804712,0.02780330882352941,14.802173740723553,0.5965692072906463,0.171875,4.757487773895264,5.5710248947143555,0.22954963235294118,4.629666636971867,5.854411419700174,0.171875,4.739801406860352,3.870772361755371,0.15372242647058823,6.557362107669606,3.013390697660404,0.06876984983682632
113,contrast/s5,0.0,18.295028686523438,0.00015497839194722474,0.027008928571428573,14.901969596317835,0.5795288007506835,0.21875,4.519140243530273,5.491939067840576,0.22924107142857142,4.6265087400163925,5.8440550667899,0.2109375,4.455861568450928,3.768691062927246,0.15535714285714286,6.497319235120501,3.0349707080965995,0.06990895420312881
114,contrast/s5,0.0,18.298969268798828,0.00014940369874238968,0.026258680555555556,14.996330698331198,0.5634349286103517,0.28125,4.286011695861816,5.428170680999756,0.2306857638888889,4.617050488789876,5.832502722740173,0.2734375,4.150771617889404,3.6293296813964844,0.1586371527777778,6.432137356864081,3.0514806795771516,0.06360742449760437
115,contrast/s5,0.0,18.334217071533203,0.00014081253902986646,0.025548986486486486,15.086543843552873,0.5482107633111268,0.328125,4.1198410987854,5.278649806976318,0.23331925675675674,4.603612397168134,5.817533725016826,0.3359375,4.0028157234191895,3.336142063140869,0.16342905405405406,6.366480015419625,3.0591742304842793,0.041691798716783524
116,contrast/s5,0.0,18.35546112060547,0.00013925228267908096,0.024876644736842105,15.172567982422677,0.5337878288103782,0.234375,4.544208526611328,5.421351432800293,0.2333470394736842,4.602049137416639,5.807107875221654,0.2421875,4.5362138748168945,3.5266518592834473,0.16550164473684212,6.318315116982711,3.0714762733474155,0.045416396111249924
117,contrast/s5,0.0,18.320451736450195,0.0001326951023656875,0.024238782051282052,15.253282950474667,0.5201043638435061,0.1796875,4.515847206115723,5.474257946014404,0.23197115384615385,4.5998388314858465,5.798573261652237,0.1953125,4.450978755950928,3.6958632469177246,0.16626602564102563,6.270434697469075,3.087486195746654,0.056400347501039505
118,contrast/s5,0.0078125,18.16896629333496,0.00013212826161179692,0.023828125,15.326175034046173,0.5071050579539588,0.2421875,4.326653003692627,5.375754356384277,0.2322265625,4.593009185791016,5.788002789020538,0.2421875,4.25813627243042,3.3886213302612305,0.1681640625,6.220127236843109,3.0950145741095185,0.047362376004457474
119,contrast/s5,0.0,18.392337799072266,0.0001265765749849379,0.023246951219512195,15.400959491729736,0.49473972913983744,0.1953125,4.639712333679199,5.358277320861816,0.23132621951219512,4.59414828695902,5.777521680041057,0.1953125,4.707638263702393,3.461178779602051,0.16882621951219512,6.183237261888458,3.103945408389824,0.045541465282440186
120,contrast/s5,0.0,18.358898162841797,0.00012759745004586875,0.02269345238095238,15.47138660294669,0.48296324981389,0.328125,4.032243251800537,5.11534309387207,0.23363095238095238,4.580769595645723,5.76175552322751,0.328125,3.9800713062286377,3.04882550239563,0.17261904761904762,6.130780929610843,3.1026330296756766,0.02739260531961918
121,contrast/s5,0.0,18.369112014770508,0.00012445455649867654,0.022165697674418606,15.53877556601236,0.47173444062185765,0.21875,4.347858905792236,5.121428966522217,0.23328488372093023,4.575353067974712,5.746864207955294,0.2109375,4.408419132232666,3.1871399879455566,0.17351017441860464,6.09072600409042,3.1045983077749764,0.023243656381964684
122,contrast/s5,0.0,18.3464412689209,0.00011810119030997157,0.02166193181818182,15.602586150169373,0.46101588745295885,0.265625,4.112944602966309,5.0551958084106445,0.23401988636363635,4.564843784679066,5.731144471602007,0.265625,4.135017395019531,2.918553352355957,0.17560369318181818,6.0462780811569905,3.100370013333635,0.019879426807165146
123,contrast/s5,0.0,18.379230499267578,0.00011725740478141233,0.021180555555555557,15.66428935792711,0.45077369567411046,0.3359375,3.8274426460266113,4.599414825439453,0.23628472222222222,4.548457092709011,5.705994923909505,0.3359375,3.979929208755493,2.367595672607422,0.17916666666666667,6.000359217325847,3.0840861390952745,0.008871707133948803
124,contrast/s5,0.0,18.35400390625,0.00011601633741520345,0.020720108695652172,15.722761413325435,0.4409767896015736,0.2578125,4.463830947875977,5.016562461853027,0.23675271739130435,4.546617393908293,5.691007261690886,0.2578125,4.693496227264404,2.8412024974823,0.18087635869565216,5.971949152324511,3.078806059929775,0.010632358491420746
125,contrast/s5,0.0,18.33323097229004,0.00011223810724914074,0.020279255319148936,15.77830331883532,0.43159669276126883,0.234375,4.345609664916992,4.8584184646606445,0.23670212765957446,4.542340633716989,5.673292606434924,0.234375,4.61599588394165,2.6241137981414795,0.18201462765957446,5.94309908278445,3.069131756487471,0.009374319575726986
126,contrast/s5,0.0,18.38453483581543,0.0001118574000429362,0.019856770833333332,15.832599808772406,0.42260742535790996,0.2578125,3.987600326538086,4.677528381347656,0.23714192708333334,4.5307835439840956,5.652547518412272,0.2578125,4.1687164306640625,2.504708766937256,0.18359375,5.906132777531941,3.057372944205175,0.00789391528815031
127,contrast/s5,0.0,18.404932022094727,0.00011310336412861943,0.0194515306122449,15.885096384554494,0.41398509225599606,0.28125,4.234391212463379,4.819101333618164,0.2380420918367347,4.524734720891836,5.635538412600147,0.28125,4.452375888824463,2.700228691101074,0.18558673469387754,5.876464269599136,3.0500842859785604,0.00783473625779152
128,contrast/s5,0.0,18.382883071899414,0.0001113794423872605,0.0190625,15.935052118301392,0.4057076179997239,0.3046875,3.9435579776763916,4.745152473449707,0.239375,4.513111186027527,5.617730693817139,0.3046875,4.058110237121582,2.5791244506835938,0.18796875,5.840097188949585,3.040665089272661,0.007699967361986637
129,contrast/s5,0.0,18.39887809753418,0.00010902742360485718,0.018688725490196078,15.983362431619682,0.3977547044590157,0.1875,4.4403815269470215,4.6033830642700195,0.23835784313725492,4.5116851142808505,5.597841524610333,0.1875,4.8800554275512695,2.4615159034729004,0.1879595588235294,5.821272840686873,3.0293092228844305,0.0061553167179226875
130,contrast/s5,0.0,18.30650520324707,0.00010824041964951903,0.018329326923076924,16.028038254150978,0.39010765707364325,0.3203125,3.9250497817993164,4.805828094482422,0.23993389423076922,4.500403665579283,5.582610497107873,0.3203125,3.9924373626708984,2.674689292907715,0.19050480769230768,5.786102927648104,3.0224896088464166,0.007613806519657373
131,contrast/s5,0.0,18.351943969726562,0.00010563444811850786,0.017983490566037735,16.071885531803346,0.38274912834485975,0.2421875,4.377915382385254,4.735509395599365,0.23997641509433962,4.498092565896376,5.566627457456769,0.2421875,4.713787078857422,2.576775074005127,0.19147995283018868,5.765870553142619,3.014079900641864,0.007302484475076199
132,contrast/s5,0.0,18.332860946655273,0.00010232326167169958,0.01765046296296296,16.113755446893197,0.3756630763988748,0.234375,4.338486671447754,4.802481174468994,0.23987268518518517,4.495136901184365,5.552476600364402,0.234375,4.612013339996338,2.6731057167053223,0.19227430555555555,5.744502826973244,3.0077655639022987,0.0076400949619710445
133,contrast/s5,0.0,18.28261375427246,0.00010266478784615174,0.017329545454545455,16.153189234300093,0.3688347052786743,0.2421875,4.190313816070557,4.587272644042969,0.23991477272727274,4.489594663273205,5.534927437522194,0.2421875,4.499697685241699,2.4783897399902344,0.19318181818181818,5.7218700062144885,2.998140548922079,0.006228082347661257
134,contrast/s5,0.0,18.396724700927734,0.00010523693345021456,0.017020089285714284,16.19325236763273,0.36225025048679527,0.3203125,3.9980318546295166,4.581692218780518,0.24135044642857142,4.4808167559759955,5.517905380044665,0.3203125,4.235611915588379,2.4209518432617188,0.19545200892857142,5.695329683167594,2.9878336077495726,0.005697351414710283
135,contrast/s5,0.0,18.320480346679688,0.00010199350799666718,0.016721491228070175,16.230572156738816,0.35589677229418476,0.1875,4.6632184982299805,4.606688976287842,0.24040570175438597,4.484016786541855,5.501919127347176,0.1875,5.18980073928833,2.53139591217041,0.1953125,5.686460754327607,2.979825928879763,0.00571062695235014
136,contrast/s5,0.0,18.373676300048828,9.90546541288495e-05,0.016433189655172414,16.267522228175196,0.3497623288865976,0.2734375,3.7626333236694336,4.319068908691406,0.24097521551724138,4.471579140630261,5.481525158060008,0.265625,3.995048999786377,2.270232915878296,0.19652478448275862,5.657298482697586,2.967591566586634,0.004281116183847189
137,contrast/s5,0.0,18.40005874633789,0.00010102962551172823,0.01615466101694915,16.303666914923717,0.34383586618725714,0.265625,3.8882596492767334,4.2714524269104,0.24139300847457626,4.461692369590371,5.461015450752388,0.265625,4.233972072601318,2.140042781829834,0.1976959745762712,5.633174306255276,2.953565315997536,0.0030650016851723194
138,contrast/s5,0.0,18.381288528442383,0.00010056460450869054,0.015885416666666666,16.338293941815696,0.33810694449421136,0.2109375,4.400427341461182,4.484821796417236,0.24088541666666666,4.4606712857882185,5.444745556513468,0.2109375,4.866929531097412,2.4080801010131836,0.19791666666666666,5.620403560002645,2.9444738957477967,0.003922258969396353
139,contrast/s5,0.0,18.397077560424805,0.00010165240382775664,0.015625,16.372044492940432,0.3325658741320739,0.2421875,4.269916534423828,4.4508843421936035,0.24090676229508196,4.45754415871667,5.428452749721339,0.2421875,4.715307712554932,2.2862043380737305,0.19864241803278687,5.60556592315924,2.9336825915236315,0.0037659485824406147
140,contrast/s5,0.0078125,18.260486602783203,9.778265666682273e-05,0.015498991935483871,16.402503236647576,0.32720348555988993,0.2578125,3.955261707305908,4.45791482925415,0.24117943548387097,4.449442828855207,5.412798912294449,0.2578125,4.199864387512207,2.4423089027404785,0.19959677419354838,5.582893317745578,2.925757209446484,0.004346424713730812
141,contrast/s5,0.0,18.35033416748047,9.909732034429908e-05,0.01525297619047619,16.433421187930637,0.3220113524132305,0.265625,4.028614044189453,4.288928985595703,0.24156746031746032,4.442763006876385,5.394959707108755,0.265625,4.428068161010742,2.1639513969421387,0.20064484126984128,5.564562759702167,2.913665053692447,0.003253309056162834
142,contrast/s5,0.0,18.326557159423828,9.50257817748934e-05,0.0150146484375,16.463001437485218,0.316981409809614,0.2578125,4.251433849334717,4.35363245010376,0.2418212890625,4.439773488789797,5.378688968718052,0.2578125,4.689868450164795,2.352008819580078,0.2015380859375,5.550895661115646,2.904889175034441,0.0032995371147990227
143,contrast/s5,0.0078125,18.228940963745117,9.738272638060153e-05,0.014903846153846155,16.490169737889218,0.3121062709314104,0.2109375,4.33526611328125,4.302125930786133,0.24134615384615385,4.438165683012742,5.362126460442176,0.2109375,4.8662495613098145,2.2391443252563477,0.2016826923076923,5.5403626441955565,2.8946469465763163,0.003345691366121173
144,contrast/s5,0.0,18.342132568359375,9.550525282975286e-05,0.014678030303030304,16.51822978077513,0.3073788350877955,0.265625,4.287329196929932,3.778388738632202,0.24171401515151514,4.4358802817084575,5.338130434354146,0.265625,5.0603461265563965,1.789531946182251,0.20265151515151514,5.533089666655569,2.877902779903679,0.001625892473384738
145,contrast/s5,0.0,18.397676467895508,9.389682236360386e-05,0.014458955223880597,16.546281223866476,0.3027924927256249,0.25,4.025509834289551,4.0055975914001465,0.24183768656716417,4.4297553496574285,5.318241884459311,0.25,4.5416131019592285,2.02803111076355,0.20335820895522388,5.518291508973534,2.865218128125468,0.0016897395253181458
146,contrast/s5,0.0,18.369043350219727,9.484848123975098e-05,0.014246323529411764,16.573086549254025,0.29834105678085454,0.3203125,3.906947612762451,3.784308910369873,0.24299172794117646,4.422067000585444,5.295684046605054,0.3203125,4.484732151031494,1.7883518934249878,0.205078125,5.503092106650858,2.8493818599681084,0.0011260524624958634
147,contrast/s5,0.0,18.40718650817871,9.322790720034391e-05,0.014039855072463768,16.59966770807902,0.2940186244783378,0.21875,4.39239501953125,3.9174985885620117,0.24264039855072464,4.421636971874514,5.275710344314575,0.21875,5.131319046020508,1.9638187885284424,0.20527626811594202,5.497704091279403,2.8365476125559392,0.0011247348738834262
148,contrast/s5,0.0,18.375442504882812,9.518426668364555e-05,0.013839285714285714,16.625035919461933,0.2898197181895999,0.2578125,4.062865257263184,3.949552059173584,0.24285714285714285,4.41651166166578,5.2567652259554185,0.2578125,4.623879909515381,1.9831539392471313,0.2060267857142857,5.4852208886827745,2.8243562743658135,0.001264153397642076
149,contrast/s5,0.0,18.38654327392578,9.501491149421781e-05,0.013644366197183098,16.649845882200857,0.2857390885659646,0.234375,4.4916863441467285,3.881514310836792,0.24273767605633803,4.417570460010582,5.237395494756564,0.234375,5.316099643707275,1.8851542472839355,0.20642605633802816,5.482838899316922,2.8111280768012796,0.0011343100341036916
150,contrast/s5,0.0078125,18.25052833557129,9.457298438064754e-05,0.013563368055555556,16.672077582942116,0.2817718036273315,0.296875,3.9464497566223145,3.6372761726379395,0.24348958333333334,4.411027116907968,5.215171615282695,0.296875,4.594871997833252,1.7652775049209595,0.20768229166666666,5.4705060256852045,2.796602374414053,0.0009181660134345293
151,contrast/s5,0.0,18.36207389831543,9.12213436095044e-05,0.013377568493150685,16.695228217399283,0.27791316551385586,0.265625,4.190245628356934,3.8983824253082275,0.2437928082191781,4.408002712955214,5.197133407200853,0.265625,4.845041275024414,1.9297744035720825,0.20847602739726026,5.46193801540218,2.7847280186490946,0.001062357914634049
152,contrast/s5,0.0,18.364532470703125,8.974841330200434e-05,0.013196790540540541,16.71778638298447,0.274158795012497,0.28125,4.1107354164123535,3.464848756790161,0.24429898648648649,4.403985587326256,5.1737241551682756,0.28125,4.891361236572266,1.741989254951477,0.20945945945945946,5.454227518390965,2.7706369542748024,0.0007288675406016409
153,contrast/s5,0.0,18.402254104614258,8.901530236471444e-05,0.013020833333333334,16.7402459526062,0.2705045312830286,0.296875,4.052735805511475,3.5155301094055176,0.245,4.399302256902059,5.1516149012247725,0.296875,4.813159942626953,1.6588033437728882,0.210625,5.445679950714111,2.755812506134777,0.0006333683268167078
154,contrast/s5,0.0,18.36774444580078,8.976452227216214e-05,0.012849506578947368,16.761660406464024,0.26694644224670283,0.2265625,4.4444475173950195,3.531233787536621,0.24475740131578946,4.399896273487492,5.130294097097297,0.2265625,5.3795881271362305,1.7258079051971436,0.21083470394736842,5.444810321456508,2.7422598140171766,0.0005982318543829024
155,contrast/s5,0.0,18.340049743652344,9.018194396048784e-05,0.01268262987012987,16.78215896928465,0.2634807765284854,0.3203125,3.9108803272247314,3.6595609188079834,0.24573863636363635,4.393545417042522,5.111193666210422,0.3203125,4.5192646980285645,1.8243789672851562,0.2122564935064935,5.4327902484249755,2.7303392835401374,0.0006641237996518612
156,contrast/s5,0.0,18.362228393554688,8.747082756599411e-05,0.012520032051282052,16.802416269595806,0.2601039392759095,0.2734375,3.9305076599121094,3.5946803092956543,0.24609375,4.38760903554085,5.091751187275618,0.2734375,4.5767621994018555,1.7804014682769775,0.2130408653846154,5.421815529847756,2.718160593600866,0.0007058722549118102
157,contrast/s5,0.0,18.420682907104492,9.267243149224669e-05,0.012361550632911392,16.822900657412372,0.2568126574171194,0.25,4.347127437591553,4.559081554412842,0.24614319620253164,4.387096610250352,5.085008533695076,0.25,4.70712947845459,2.6228060722351074,0.21350870253164558,5.412768870969362,2.7169535743430715,0.024606259539723396
158,defocus_blur/s5,0.34375,3.7296085357666016,3.7224555015563965,0.34375,3.7296085357666016,3.7224555015563965,0.1171875,5.404955863952637,6.326333045959473,0.1171875,5.404955863952637,6.326333045959473,0.34375,4.4780473709106445,1.5892977714538574,0.34375,4.4780473709106445,1.5892977714538574,0.9882097244262695
159,defocus_blur/s5,0.34375,3.370427131652832,2.77858304977417,0.34375,3.550017833709717,3.250519275665283,0.203125,5.056368350982666,6.34324836730957,0.16015625,5.230662107467651,6.3347907066345215,0.34375,4.517282485961914,0.8981190323829651,0.34375,4.497664928436279,1.2437084019184113,0.9996034502983093
160,defocus_blur/s5,0.3203125,3.8702239990234375,2.477638006210327,0.3359375,3.6567532221476235,2.9928921858469644,0.1484375,5.4343132972717285,6.376448631286621,0.15625,5.298545837402344,6.348676681518555,0.3203125,5.492061614990234,0.7970283627510071,0.3359375,4.829130490620931,1.0948150555292766,0.9999469518661499
161,defocus_blur/s5,0.4140625,3.519193410873413,2.082857608795166,0.35546875,3.622363269329071,2.765383541584015,0.15625,5.215407848358154,6.268556594848633,0.15625,5.277761340141296,6.328646659851074,0.4140625,5.062884330749512,0.7003852128982544,0.35546875,4.887568950653076,0.996207594871521,0.9999798536300659
162,defocus_blur/s5,0.40625,3.5145723819732666,2.013762950897217,0.365625,3.60080509185791,2.615059423446655,0.140625,5.481296539306641,6.287346363067627,0.153125,5.318468379974365,6.320386600494385,0.40625,5.081954002380371,0.6743389368057251,0.365625,4.926445960998535,0.9318338632583618,0.9999897480010986
163,defocus_blur/s5,0.25,3.9809348583221436,1.9109041690826416,0.3463541666666667,3.6641600529352822,2.4977002143859863,0.1015625,5.503871917724609,6.331666946411133,0.14453125,5.349368969599406,6.322266658147176,0.25,5.919639587402344,0.622550368309021,0.3463541666666667,5.091978232065837,0.8802866141001383,0.9999945163726807
164,defocus_blur/s5,0.4453125,2.7722551822662354,1.6328215599060059,0.36049107142857145,3.536745071411133,2.374146120888846,0.1953125,5.156893253326416,6.240780830383301,0.15178571428571427,5.321872438703265,6.310625825609479,0.4453125,3.9600043296813965,0.6031414270401001,0.36049107142857145,4.930267674582345,0.8406944445201329,0.9999959468841553
165,defocus_blur/s5,0.3671875,3.6321494579315186,1.5723381042480469,0.361328125,3.548670619726181,2.2739201188087463,0.125,5.27064323425293,6.256357192993164,0.1484375,5.315468788146973,6.30384224653244,0.3671875,5.467935562133789,0.521818220615387,0.361328125,4.997476160526276,0.8008349165320396,0.9999977350234985
166,defocus_blur/s5,0.4140625,3.4280991554260254,1.6273921728134155,0.3671875,3.535273790359497,2.2020836803648205,0.1875,4.966838359832764,6.169032096862793,0.1527777777777778,5.276732073889838,6.288863341013591,0.4140625,5.0566086769104,0.5968483090400696,0.3671875,5.004046440124512,0.7781697379218208,0.9999964237213135
167,defocus_blur/s5,0.421875,3.3279783725738525,1.2994261980056763,0.37265625,3.5145442485809326,2.1118179321289063,0.1328125,5.172487258911133,6.23225212097168,0.15078125,5.266307592391968,6.283202219009399,0.421875,5.012802600860596,0.4509596824645996,0.37265625,5.0049220561981205,0.7454487323760987,0.999997615814209
168,defocus_blur/s5,0.390625,3.4679384231567383,1.450042963027954,0.3742897727272727,3.5103073553605513,2.051656571301547,0.1484375,5.232507228851318,6.18369197845459,0.15056818181818182,5.263234832070091,6.274155833504417,0.390625,5.1985650062561035,0.5190984606742859,0.3742897727272727,5.022525960748846,0.7248714349486611,0.9999971389770508
169,defocus_blur/s5,0.4453125,3.0986886024475098,1.3149915933609009,0.3802083333333333,3.476005792617798,1.9902678231398265,0.1328125,5.1692118644714355,6.185973644256592,0.14908854166666666,5.255399584770203,6.266807317733765,0.4453125,4.6299729347229,0.5268173217773438,0.3802083333333333,4.989813208580017,0.708366925517718,0.9999973773956299
170,defocus_blur/s5,0.328125,4.51892614364624,1.5136661529541016,0.3762019230769231,3.556230435004601,1.953606156202463,0.1015625,5.539950370788574,6.207730770111084,0.14543269230769232,5.277288106771616,6.2622629679166355,0.328125,6.898299694061279,0.5635852813720703,0.3762019230769231,5.136619861309345,0.6972298759680527,0.9999967813491821
171,defocus_blur/s5,0.4609375,3.3088722229003906,1.1241918802261353,0.3822544642857143,3.538561991282872,1.894362279347011,0.21875,4.940329551696777,6.186025619506836,0.15066964285714285,5.253219638551984,6.256817443030221,0.4609375,5.053247451782227,0.45682576298713684,0.3822544642857143,5.130664689200265,0.6800581536122731,0.9999982118606567
172,defocus_blur/s5,0.3125,4.040860176086426,1.350222110748291,0.3776041666666667,3.572048536936442,1.8580862681070964,0.1640625,5.259183883666992,6.173154830932617,0.1515625,5.253617254892985,6.251239935557048,0.3125,6.186359405517578,0.5484778881072998,0.3776041666666667,5.2010443369547525,0.6712861359119415,0.9999974966049194
173,defocus_blur/s5,0.328125,4.247186183929443,1.2800021171569824,0.37451171875,3.6142446398735046,1.8219560086727142,0.1171875,5.285754203796387,6.22367525100708,0.1494140625,5.255625814199448,6.249517142772675,0.328125,6.505814075469971,0.5127292275428772,0.37451171875,5.282592445611954,0.661376329138875,0.9999980926513672
174,defocus_blur/s5,0.390625,3.9873385429382324,1.1572937965393066,0.37545955882352944,3.6361913400537826,1.782858231488396,0.125,5.078790187835693,6.060739994049072,0.1479779411764706,5.245223718530991,6.238412604612463,0.390625,6.075316429138184,0.45936620235443115,0.37545955882352944,5.329223268172321,0.649493380504496,0.999997615814209
175,defocus_blur/s5,0.2578125,4.811157703399658,1.2391393184661865,0.3689236111111111,3.7014672491285534,1.7526516252093844,0.125,5.350416660308838,6.054489612579346,0.1467013888888889,5.251067770851983,6.228194660610622,0.2578125,7.421788215637207,0.5280872583389282,0.3689236111111111,5.445476876364814,0.6427485959397422,0.9999959468841553
176,defocus_blur/s5,0.3203125,4.309878349304199,1.3138456344604492,0.36636513157894735,3.7334888859799036,1.7295565730647038,0.1484375,5.097253322601318,6.191391944885254,0.14679276315789475,5.242972273575632,6.2262576755724455,0.3203125,6.503314018249512,0.5383302569389343,0.36636513157894735,5.501152515411377,0.6372528938870681,0.999996542930603
177,defocus_blur/s5,0.34375,4.612168788909912,1.123133897781372,0.365234375,3.777422881126404,1.699235439300537,0.140625,5.367920875549316,6.111731052398682,0.146484375,5.249219703674316,6.220531344413757,0.34375,6.9723944664001465,0.41824325919151306,0.365234375,5.574714612960816,0.6263024121522903,0.9999967813491821
178,defocus_blur/s5,0.3125,4.903265953063965,1.1148961782455444,0.3627232142857143,3.8310344559805736,1.6714097602026803,0.1953125,5.037193775177002,5.9552001953125,0.1488095238095238,5.23912323088873,6.207896527789888,0.3125,7.388548851013184,0.44976139068603516,0.3627232142857143,5.66108767191569,0.6178956968443734,0.9999951124191284
179,defocus_blur/s5,0.375,4.01582670211792,0.8579238653182983,0.36328125,3.839434103532271,1.6344331286170266,0.21875,4.710891246795654,5.95858907699585,0.15198863636363635,5.215112686157227,6.196564370935613,0.375,6.2122039794921875,0.33043813705444336,0.36328125,5.686138413169167,0.6048294441266493,0.9999958276748657
180,defocus_blur/s5,0.3046875,4.100876808166504,1.056307077407837,0.3607336956521739,3.8508011776468027,1.6092972133470618,0.140625,4.981184482574463,6.036715030670166,0.1514945652173913,5.204941894697106,6.189614399619725,0.3046875,6.220317363739014,0.439613938331604,0.3607336956521739,5.709363584933073,0.5976461612659952,0.9999947547912598
181,defocus_blur/s5,0.28125,4.911109447479248,0.9803796410560608,0.357421875,3.8949806888898215,1.5830923145016034,0.125,5.022819995880127,6.007517337799072,0.150390625,5.197353482246399,6.182027022043864,0.28125,7.458949565887451,0.4178173243999481,0.357421875,5.782263000806172,0.5901532930632433,0.9999934434890747
182,defocus_blur/s5,0.328125,4.8457255363464355,0.7813868522644043,0.35625,3.933010482788086,1.5510240960121155,0.1484375,5.089827537536621,6.024364948272705,0.1503125,5.193052444458008,6.175720539093017,0.328125,7.421953201293945,0.3161696791648865,0.35625,5.847850608825683,0.579193948507309,0.9999908208847046
183,defocus_blur/s5,0.328125,5.139913558959961,0.9231753945350647,0.3551682692307692,3.9794298318716197,1.526876069032229,0.15625,5.085295677185059,5.928730010986328,0.1505408653846154,5.188907953409048,6.1662209033966064,0.328125,7.790085792541504,0.4191949665546417,0.3551682692307692,5.922551962045523,0.5730401415091294,0.9999878406524658
184,defocus_blur/s5,0.3046875,5.299773216247559,0.739906907081604,0.3532986111111111,4.028331438700358,1.4977290630340576,0.1484375,4.921084403991699,5.818422794342041,0.15046296296296297,5.178988562689887,6.153339491950141,0.3046875,8.120230674743652,0.30700770020484924,0.3532986111111111,6.003947469923231,0.5631870881274894,0.9999802112579346
185,defocus_blur/s5,0.3203125,5.508098125457764,0.8056285381317139,0.3521205357142857,4.081180248941694,1.4730111871446883,0.140625,5.282192230224609,5.967867374420166,0.15011160714285715,5.182674407958984,6.146715487752642,0.3203125,8.181272506713867,0.3474179804325104,0.3521205357142857,6.081709078380039,0.5554810485669545,0.9999796152114868
186,defocus_blur/s5,0.2890625,5.809367656707764,0.6282790899276733,0.3499461206896552,4.140772918175006,1.4438824941372048,0.203125,4.807956218719482,5.84650993347168,0.15193965517241378,5.169753091088657,6.136363572087781,0.2890625,8.78371524810791,0.27910351753234863,0.3499461206896552,6.17488170492238,0.545950788876106,0.9999715089797974
187,defocus_blur/s5,0.3359375,5.3354926109313965,0.5442007780075073,0.3494791666666667,4.180596907933553,1.4138931035995483,0.1640625,4.836696147918701,5.8918304443359375,0.15234375,5.158651192982991,6.128212467829386,0.3359375,7.693087577819824,0.23433101177215576,0.3494791666666667,6.225488567352295,0.535563462972641,0.9999674558639526
188,defocus_blur/s5,0.3359375,6.297630310058594,0.53809654712677,0.34904233870967744,4.248888308002103,1.385641601777846,0.21875,4.73723030090332,5.834652900695801,0.1544858870967742,5.145056970657841,6.118742804373464,0.3359375,8.996685981750488,0.23462265729904175,0.34904233870967744,6.314882032332882,0.5258556950476861,0.9999047517776489
189,defocus_blur/s5,0.1953125,7.91766881942749,0.37590062618255615,0.34423828125,4.363537698984146,1.354087196290493,0.203125,4.6801438331604,5.714595794677734,0.156005859375,5.130528435111046,6.106113210320473,0.1953125,11.492761611938477,0.16834193468093872,0.34423828125,6.476690769195557,0.5146833900362253,0.9995773434638977
190,defocus_blur/s5,0.2890625,7.57880163192749,0.32408422231674194,0.3425662878787879,4.460969939376369,1.322874984957955,0.2265625,4.58223819732666,5.737082481384277,0.1581439393939394,5.11391357942061,6.09493046095877,0.2890625,10.50241470336914,0.14791813492774963,0.3425662878787879,6.598682403564453,0.5035692913965746,0.9993755221366882
191,defocus_blur/s5,0.109375,10.40999984741211,0.20348531007766724,0.3357077205882353,4.635941407259772,1.289951759226182,0.1328125,5.245626926422119,5.885430335998535,0.15739889705882354,5.117787501391242,6.088768692577586,0.109375,14.070123672485352,0.08412447571754456,0.3357077205882353,6.818430676179774,0.4912326791707207,0.9951098561286926
192,defocus_blur/s5,0.0234375,12.610427856445312,0.07971639186143875,0.3267857142857143,4.863783877236503,1.2553736058729035,0.1328125,5.084998607635498,5.727483749389648,0.15669642857142857,5.116850675855364,6.07844626562936,0.0234375,16.332975387573242,0.0377546027302742,0.3267857142857143,7.090274810791016,0.47827616270099366,0.9460906982421875
193,defocus_blur/s5,0.0234375,12.970500946044922,0.06887651234865189,0.318359375,5.088970462481181,1.2224153532750077,0.2421875,4.66018533706665,5.8248701095581055,0.15907118055555555,5.104165527555677,6.07140248351627,0.03125,15.824295043945312,0.04963509365916252,0.3185763888888889,7.332886483934191,0.46636946633872056,0.8465579748153687
194,defocus_blur/s5,0.0,14.9902982711792,0.010347489267587662,0.30975506756756754,5.356573916770317,1.1896567623558882,0.15625,5.077619552612305,5.730533123016357,0.15899493243243243,5.1034480687734245,6.062189798097353,0.0,10.995413780212402,0.0676170364022255,0.30996621621621623,7.431873708157926,0.45559237363773425,0.5059177279472351
195,defocus_blur/s5,0.0078125,15.700667381286621,0.004089517518877983,0.30180921052631576,5.62878690267864,1.1584576243338616,0.15625,4.924334526062012,5.713204860687256,0.15892269736842105,5.0987345544915454,6.053005983954982,0.0234375,6.592713356018066,1.4374110698699951,0.30242598684210525,7.409790540996351,0.48142970774910954,0.33268120884895325
196,defocus_blur/s5,0.0,16.084169387817383,0.0019101770594716072,0.29407051282051283,5.8968736330668134,1.1288025615832362,0.171875,4.860217571258545,5.621642112731934,0.15925480769230768,5.0926187344086475,6.041945371872339,0.109375,4.978946208953857,4.246183395385742,0.29747596153846156,7.347461199149107,0.5779618535859462,0.21765559911727905
197,defocus_blur/s5,0.0,16.630245208740234,0.001117204432375729,0.28671875,6.165207922458649,1.1006104276544648,0.140625,4.771181583404541,5.6136932373046875,0.1587890625,5.084582805633545,6.031239068508148,0.1171875,4.725947380065918,4.455095291137695,0.29296875,7.281923353672028,0.67489018952474,0.16632838547229767
198,defocus_blur/s5,0.0078125,16.47452163696289,0.007057869806885719,0.27991615853658536,6.416654598422166,1.0739384140484263,0.15625,5.052578449249268,5.682467460632324,0.15872713414634146,5.083802211575392,6.022732443925811,0.15625,5.0319108963012695,4.459408760070801,0.2896341463414634,7.227045001053229,0.7671955205136682,0.13702216744422913
199,defocus_blur/s5,0.0,16.869157791137695,0.0020479944068938494,0.2732514880952381,6.665523722058251,1.0484172135807708,0.1875,4.6499714851379395,5.528485298156738,0.15941220238095238,5.073472908564976,6.0109646547408335,0.1953125,4.557473182678223,4.174505710601807,0.28738839285714285,7.163483767282395,0.8483219536110049,0.11001019179821014
200,defocus_blur/s5,0.0,17.04836654663086,0.0017863591201603413,0.2668968023255814,6.9069851830948235,1.0240769611514542,0.109375,5.156197547912598,5.588972091674805,0.1582485465116279,5.075396737387014,6.001150874204414,0.09375,5.2025556564331055,4.2859344482421875,0.28288517441860467,7.117880787960319,0.9282664302303347,0.11502544581890106
201,defocus_blur/s5,0.0,17.075834274291992,0.0014566907193511724,0.2608309659090909,7.138095389712941,1.0008355913689064,0.2421875,4.467868804931641,5.312752723693848,0.16015625,5.061589284376665,5.98550546169281,0.2421875,4.449694633483887,3.493868350982666,0.2819602272727273,7.0572401935404,0.9865755647928878,0.05988641828298569
202,defocus_blur/s5,0.0,17.405811309814453,0.0015691797016188502,0.25503472222222223,7.366266854604086,0.9786296711096333,0.2265625,4.435683727264404,5.291214942932129,0.16163194444444445,5.047680271996392,5.970076783498128,0.2265625,4.439294338226318,3.3475189208984375,0.28072916666666664,6.999063618977865,1.0390409727063443,0.04637956619262695
203,defocus_blur/s5,0.0,17.725868225097656,0.00044156191870570183,0.24949048913043478,7.591475580049598,0.9573647122141784,0.140625,5.046301364898682,5.502790927886963,0.16117527173913043,5.047650295755138,5.959918395332668,0.140625,5.180803298950195,3.7935070991516113,0.27768342391304346,6.9595362207163936,1.0989206711073285,0.055001817643642426
204,defocus_blur/s5,0.0,17.850236892700195,0.0004213940992485732,0.24418218085106383,7.809747097340036,0.9370042160840735,0.1875,4.757015228271484,5.314865589141846,0.16173537234042554,5.04146657091506,5.946193867541374,0.1875,4.8854570388793945,3.4746572971343994,0.2757646276595745,6.915406876421989,1.1494682588951384,0.04658546671271324
205,defocus_blur/s5,0.0,17.904022216796875,0.00033337765489704907,0.23909505208333334,8.020044495662054,0.9174902402834656,0.1484375,4.626695156097412,5.387999534606934,0.16145833333333334,5.0328254997730255,5.934564818938573,0.1484375,4.637408256530762,3.6398606300354004,0.2731119791666667,6.867948571840922,1.201351433293894,0.051815927028656006
206,defocus_blur/s5,0.0,18.005861282348633,0.0003409325727261603,0.2342155612244898,8.223836674982188,0.8987729074730424,0.2421875,4.480860233306885,5.303775787353516,0.16310586734693877,5.021560902498206,5.921691573396021,0.2421875,4.494001865386963,3.439781665802002,0.27248086734693877,6.8195006798724735,1.2470336829369166,0.042735759168863297
207,defocus_blur/s5,0.0,18.027172088623047,0.0002666687360033393,0.22953125,8.419903383255004,0.8808027826983016,0.1875,4.731945991516113,5.39045524597168,0.16359375,5.0157686042785645,5.911066846847534,0.1875,4.80123233795166,3.5882060527801514,0.27078125,6.7791353130340575,1.2938571303337811,0.04331966117024422
208,defocus_blur/s5,0.0078125,17.877927780151367,0.0003115597937721759,0.22518382352941177,8.605354842017679,0.8635382489158598,0.109375,5.066152572631836,5.363165855407715,0.16253063725490197,5.0167565252266675,5.900323690152636,0.1171875,5.2625226974487305,3.6572892665863037,0.26776960784313725,6.749397810767679,1.340198936926968,0.050565365701913834
209,defocus_blur/s5,0.0,18.165517807006836,0.0006535487482324243,0.2208533653846154,8.789204129805931,0.8469443123741747,0.234375,4.352315902709961,5.248323440551758,0.1639122596153846,5.0039788209475,5.8877852238141575,0.2265625,4.311417579650879,3.48930025100708,0.26697716346153844,6.702513575553894,1.3815278083515854,0.046404603868722916
210,defocus_blur/s5,0.0,18.217554092407227,0.00020493118790909648,0.21668632075471697,8.967097525326711,0.8309680976348112,0.1875,4.7535319328308105,5.12403678894043,0.1643573113207547,4.999253407964167,5.873374875986351,0.1875,4.997928142547607,3.179694890975952,0.26547759433962265,6.670351586251889,1.4154554891558189,0.03239047899842262
211,defocus_blur/s5,0.0,18.189796447753906,0.00021776830544695258,0.2126736111111111,9.1378882461124,0.81558383227686,0.1328125,5.022507190704346,5.148913383483887,0.16377314814814814,4.999684033570467,5.859958922421491,0.1328125,5.381097793579102,3.249396800994873,0.2630208333333333,6.6464765160172075,1.4494173653009865,0.02850538305938244
212,defocus_blur/s5,0.0,18.22626495361328,0.0001894115994218737,0.20880681818181818,9.303131458976052,0.8007584791736339,0.171875,4.620546340942383,5.182131767272949,0.16392045454545454,4.992790620977228,5.847634792327881,0.171875,4.745724201202393,3.3505680561065674,0.26136363636363635,6.611917383020574,1.4839837414974517,0.03084457851946354
213,defocus_blur/s5,0.0,18.214519500732422,0.0002295586746186018,0.205078125,9.46226338829313,0.7864633198790086,0.1640625,4.683919429779053,5.208288669586182,0.16392299107142858,4.987275063991547,5.836217897278922,0.1640625,4.851872444152832,3.2742691040039062,0.25962611607142855,6.580488009112222,1.5159531229707812,0.03002382628619671
214,defocus_blur/s5,0.0,18.26494598388672,0.0001852048299042508,0.20148026315789475,9.616696416286,0.7726689669834103,0.1484375,4.864137172698975,5.1354827880859375,0.16365131578947367,4.985114750109221,5.8239242988720274,0.1484375,5.1464080810546875,3.232187271118164,0.2576754385964912,6.555328712128756,1.5460624939909107,0.03062652423977852
215,defocus_blur/s5,0.0,18.313798904418945,0.000183211755938828,0.19800646551724138,9.766646459184845,0.7593502470656952,0.265625,4.072315692901611,4.929409027099609,0.1654094827586207,4.969376835329779,5.808501621772503,0.265625,4.1146650314331055,2.9111452102661133,0.2578125,6.5132483038409,1.5695984028922072,0.022692378610372543
216,defocus_blur/s5,0.0,18.24382972717285,0.00016880416660569608,0.19465042372881355,9.910327531523624,0.7464827649826599,0.28125,4.327678203582764,5.104154586791992,0.1673728813559322,4.9585005873340675,5.79656353643385,0.28125,4.376612663269043,3.2169883251190186,0.2582097457627119,6.477034140441377,1.5975202659807972,0.021369770169258118
217,defocus_blur/s5,0.0,18.277074813842773,0.00018753239419311285,0.19140625,10.049773319562275,0.7340445111061854,0.21875,4.345091819763184,4.651381015777588,0.16822916666666668,4.948277107874552,5.777477161089579,0.21875,4.701584815979004,2.507779598236084,0.25755208333333335,6.447443318367005,1.6126912548517187,0.010774952359497547
218,defocus_blur/s5,0.0,18.308345794677734,0.00016582856187596917,0.1882684426229508,10.185159753580562,0.7220137130316885,0.234375,4.510457992553711,4.854696750640869,0.16931352459016394,4.941099745328309,5.762349613377305,0.234375,4.831106185913086,2.7477283477783203,0.257172131147541,6.4209459883267765,1.631298420309532,0.010150044225156307
219,defocus_blur/s5,0.0,18.302370071411133,0.00014948993339203298,0.1852318548387097,10.316082500642345,0.7103707416913934,0.1953125,4.399595260620117,4.644430160522461,0.1697328629032258,4.932365802026564,5.744318654460292,0.1953125,4.747486114501953,2.6664011478424072,0.2561743951612903,6.393954700039279,1.6479936255923202,0.008763951249420643
220,defocus_blur/s5,0.0078125,18.149866104125977,0.00015253046876750886,0.1824156746031746,10.440428272126214,0.6990974367513517,0.15625,4.37803840637207,4.897876739501953,0.16951884920634921,4.923566954476493,5.730883068508572,0.1640625,4.610610008239746,2.7768287658691406,0.25471230158730157,6.365647641439287,1.6659116436919523,0.011502178385853767
221,defocus_blur/s5,0.0,18.308961868286133,0.00015617249300703406,0.1795654296875,10.563374109566212,0.6881764794973151,0.234375,4.3991618156433105,4.825753688812256,0.1705322265625,4.915373124182224,5.716740421950817,0.2421875,4.662644386291504,2.776740312576294,0.2545166015625,6.339038215577602,1.68326834164327,0.011123811826109886
222,defocus_blur/s5,0.0,18.311988830566406,0.00014723687490914017,0.17680288461538463,10.682583566812369,0.6775914142262012,0.203125,4.471242904663086,4.716262340545654,0.17103365384615385,4.908540351574238,5.701348451467661,0.203125,4.821852684020996,2.7121825218200684,0.25372596153846155,6.3156968997075005,1.699097790569067,0.009258280508220196
223,defocus_blur/s5,0.0,18.310007095336914,0.00015110260574147105,0.17412405303030304,10.798150589971831,0.6673271670804366,0.1875,4.406762599945068,4.508730888366699,0.17128314393939395,4.900937658367735,5.683278488390373,0.1875,4.846651554107666,2.480909585952759,0.2527225378787879,6.293438636895382,1.7109434238324563,0.006824048701673746
224,defocus_blur/s5,0.0,18.317785263061523,0.000138413772219792,0.17152518656716417,10.910383943301529,0.6573691259862842,0.1875,4.487756729125977,4.568174362182617,0.17152518656716417,4.894770778826813,5.666635143223093,0.1875,4.964766979217529,2.43118953704834,0.2517490671641791,6.273607716631534,1.721693365820753,0.006769529543817043
225,defocus_blur/s5,0.0,18.276527404785156,0.00014341268979478627,0.16900275735294118,11.018709582440993,0.6477040419672181,0.25,4.080185413360596,4.452708721160889,0.17267922794117646,4.882791582275839,5.64878328407512,0.25,4.391279220581055,2.425065279006958,0.2517233455882353,6.245926415219026,1.7320370704264325,0.0053240577690303326
226,defocus_blur/s5,0.0,18.333866119384766,0.00013767411292064935,0.1665534420289855,11.124726343845975,0.6383190221432428,0.1171875,4.957728385925293,4.735006332397461,0.171875,4.88387762290844,5.635540139847907,0.1171875,5.544322490692139,2.740309715270996,0.2497735507246377,6.235758242399796,1.7466497174531654,0.0074219168163836
227,defocus_blur/s5,0.0,18.35799789428711,0.00013544526882469654,0.16417410714285716,11.228058794566563,0.6292021139021796,0.203125,4.521365165710449,4.632949352264404,0.17232142857142857,4.878698873519897,5.621217414311,0.203125,4.934150695800781,2.674821615219116,0.24910714285714286,6.217163848876953,1.7599093159926789,0.007411683909595013
228,defocus_blur/s5,0.0,18.308561325073242,0.00013526725524570793,0.16186179577464788,11.327784182320178,0.6203420174705327,0.1640625,4.538127422332764,4.537364959716797,0.1722051056338028,4.873902092517262,5.605951886781504,0.1640625,5.030187129974365,2.4909870624542236,0.2479093309859155,6.200445866920579,1.7702061856611513,0.006476700771600008
229,defocus_blur/s5,0.0,18.36690902709961,0.00012805318692699075,0.1596137152777778,11.425549805164337,0.6117279346332604,0.25,4.235274791717529,4.208702087402344,0.1732855902777778,4.865032268895043,5.586545639567905,0.25,4.752665042877197,2.1928889751434326,0.24793836805555555,6.180337799919976,1.7760767799595163,0.003989033401012421
230,defocus_blur/s5,0.0,18.3533992767334,0.0001263365993509069,0.15742722602739725,11.520451852720077,0.6033498305506041,0.2421875,4.331378936767578,4.056278228759766,0.1742294520547945,4.857721949276859,5.565583072296561,0.2421875,4.965076923370361,2.1024999618530273,0.2478595890410959,6.163690390652174,1.7805483303964138,0.002825510688126087
231,defocus_blur/s5,0.0,18.329708099365234,0.00012789800530299544,0.15529983108108109,11.612468829026094,0.5951981828135054,0.203125,4.34768533706665,4.469054222106934,0.17461993243243243,4.8508295626253695,5.550765114861566,0.203125,4.75262451171875,2.562310218811035,0.24725506756756757,6.144621932828748,1.7911126802398547,0.0037705241702497005
232,defocus_blur/s5,0.0,18.34358024597168,0.00012855585373472422,0.15322916666666667,11.702216981252034,0.5872639211207085,0.1640625,4.797355651855469,4.200568675994873,0.17447916666666666,4.850116577148437,5.5327624956766766,0.1640625,5.590497016906738,2.2290186882019043,0.24614583333333334,6.137233600616455,1.796951427012682,0.002901508705690503
233,defocus_blur/s5,0.0,18.351741790771484,0.00013060505443718284,0.15121299342105263,11.789710728745712,0.5795384827514155,0.171875,4.724421501159668,4.234720706939697,0.17444490131578946,4.848462694569638,5.515682998456453,0.171875,5.457915306091309,2.2694764137268066,0.2451685855263158,6.128295202004282,1.803168861048394,0.002895095618441701
234,defocus_blur/s5,0.0,18.342679977416992,0.0001226526073878631,0.14924918831168832,11.874814225481702,0.572013601840454,0.21875,4.35496187210083,4.072486400604248,0.1750202922077922,4.842053592979134,5.496940185497333,0.21875,4.984257698059082,2.1459720134735107,0.244825487012987,6.1134375720829155,1.807620850040928,0.002376435324549675
235,defocus_blur/s5,0.0,18.345020294189453,0.00011889899906236678,0.14733573717948717,11.95776558533693,0.5646816184706926,0.21875,4.3597941398620605,4.237735271453857,0.1755809294871795,4.8358707794776326,5.480796532753186,0.21875,4.8963189125061035,2.3316445350646973,0.2444911858974359,6.097833486703726,1.8143391024130278,0.002836786210536957
236,defocus_blur/s5,0.0,18.341171264648438,0.0001305635378230363,0.14547072784810128,12.03856818887252,0.5575354025854664,0.1875,4.296024322509766,4.587367057800293,0.17573180379746836,4.829037280022344,5.469487298893023,0.1875,4.5004072189331055,2.896291732788086,0.24376977848101267,6.077612901035743,1.8280347053291677,0.05513908341526985
237,elastic_transform/s5,0.390625,3.0805835723876953,2.800171375274658,0.390625,3.0805835723876953,2.800171375274658,0.4921875,3.11950421333313,5.587095737457275,0.4921875,3.11950421333313,5.587095737457275,0.3984375,3.836268186569214,0.8615267276763916,0.3984375,3.836268186569214,0.8615267276763916,0.9422197937965393
238,elastic_transform/s5,0.375,3.427140235900879,2.7630114555358887,0.3828125,3.253861904144287,2.7815914154052734,0.453125,3.3282883167266846,5.703083515167236,0.47265625,3.2238962650299072,5.645089626312256,0.375,4.610337257385254,0.7973652482032776,0.38671875,4.223302721977234,0.8294459879398346,0.991344690322876
239,elastic_transform/s5,0.40625,3.436859607696533,2.216541051864624,0.390625,3.3148611386617026,2.593241294225057,0.4140625,3.347060203552246,5.56208610534668,0.453125,3.26495091120402,5.617421785990397,0.40625,4.898660659790039,0.645156979560852,0.3932291666666667,4.448422034581502,0.7680163184801737,0.9972435235977173
240,elastic_transform/s5,0.3984375,3.2911434173583984,1.9246113300323486,0.392578125,3.3089317083358765,2.42608380317688,0.5078125,3.201862096786499,5.544046401977539,0.466796875,3.24917870759964,5.599077939987183,0.3984375,4.762970924377441,0.5900368690490723,0.39453125,4.527059257030487,0.7235214561223984,0.9981693029403687
241,elastic_transform/s5,0.4453125,3.125981092453003,1.5979305505752563,0.403125,3.272341585159302,2.260453152656555,0.484375,3.136157274246216,5.533034324645996,0.4703125,3.226574420928955,5.585869216918946,0.4453125,4.621456623077393,0.5044184923171997,0.4046875,4.545938730239868,0.6797008633613586,0.999026894569397
242,elastic_transform/s5,0.2734375,4.507884502410889,1.6515960693359375,0.3815104166666667,3.478265404701233,2.158976972103119,0.4140625,3.3082923889160156,5.5241827964782715,0.4609375,3.240194082260132,5.5755881468455,0.2734375,6.85366678237915,0.5990457534790039,0.3828125,4.930560072263082,0.6662583450476328,0.998342752456665
243,elastic_transform/s5,0.296875,5.295921802520752,0.8829385042190552,0.36941964285714285,3.7379306043897356,1.9766857624053955,0.59375,2.8438570499420166,5.478830337524414,0.4799107142857143,3.1835745062146867,5.561765602656773,0.296875,8.421497344970703,0.2949698865413666,0.3705357142857143,5.429265396935599,0.6132171366895948,0.9957220554351807
244,elastic_transform/s5,0.0859375,8.383511543273926,0.5252866744995117,0.333984375,4.318628221750259,1.79526087641716,0.4921875,3.015075445175171,5.434202671051025,0.4814453125,3.1625121235847473,5.545820236206055,0.0859375,12.62939167022705,0.18084780871868134,0.3349609375,6.329281181097031,0.5591709706932306,0.9413979649543762
245,elastic_transform/s5,0.0078125,11.308467864990234,0.17462724447250366,0.2977430555555556,5.0952770709991455,1.6151904728677537,0.4765625,3.046189308166504,5.3817524909973145,0.4809027777777778,3.1495873663160534,5.527590486738417,0.0859375,5.351660251617432,1.0854921340942383,0.3072916666666667,6.220656633377075,0.6176510999600092,0.4536176919937134
246,elastic_transform/s5,0.0078125,12.569197654724121,0.08400031924247742,0.26875,5.842669129371643,1.462071457505226,0.53125,2.808488368988037,5.023149490356445,0.4859375,3.115477466583252,5.47714638710022,0.53125,2.3425729274749756,2.680420398712158,0.3296875,5.832848262786865,0.8239280298352242,0.061084866523742676
247,elastic_transform/s5,0.0078125,12.904468536376953,0.1593398153781891,0.2450284090909091,6.4846508936448535,1.34364130822095,0.5390625,2.8990068435668945,5.230765342712402,0.49076704545454547,3.0957983190363105,5.4547481103376905,0.5390625,2.3388030529022217,2.7567524909973145,0.3487215909090909,5.515207789160988,0.9996393444863233,0.024458477273583412
248,elastic_transform/s5,0.0,13.682262420654297,0.043130259960889816,0.224609375,7.084451854228973,1.2352653875326116,0.53125,2.691119909286499,4.938511848449707,0.494140625,3.062075118223826,5.411728421847026,0.53125,2.1823275089263916,2.403768539428711,0.3639322916666667,5.2374677658081055,1.1166501107315223,0.010237956419587135
249,elastic_transform/s5,0.0,14.439802169799805,0.019994020462036133,0.20733173076923078,7.650248032349807,1.1417829746810289,0.3828125,3.4005496501922607,5.377979278564453,0.4855769230769231,3.0881116206829367,5.409132333902212,0.3828125,2.965433120727539,3.025130271911621,0.36538461538461536,5.062695870032678,1.2634562769761453,0.012977897189557552
250,elastic_transform/s5,0.0,15.048223495483398,0.01364289503544569,0.19252232142857142,8.178674851145063,1.06120154042063,0.5625,2.8276171684265137,5.042774677276611,0.49107142857142855,3.069504874093192,5.382963929857526,0.5625,2.3662467002868652,2.331399440765381,0.3794642857142857,4.870092357907977,1.3397379315325193,0.007777772378176451
251,elastic_transform/s5,0.0,15.474236488342285,0.008584532886743546,0.1796875,8.66504562695821,0.9910270732517044,0.4453125,3.2866275310516357,5.19907283782959,0.48802083333333335,3.0839797178904216,5.37070452372233,0.4453125,2.8893251419067383,2.8033318519592285,0.38385416666666666,4.73804121017456,1.4373108595609665,0.008971592411398888
252,elastic_transform/s5,0.0,16.075777053833008,0.004366432316601276,0.16845703125,9.128216341137886,0.9293607831932604,0.453125,3.1606736183166504,5.309286594390869,0.48583984375,3.088773086667061,5.366865903139114,0.4609375,2.6485695838928223,2.943384885787964,0.388671875,4.607449233531952,1.5314404862001538,0.011128229089081287
253,elastic_transform/s5,0.0,16.43039894104004,0.00881834328174591,0.15854779411764705,9.557756494073306,0.8752112279043478,0.5,2.6898999214172363,4.831995010375977,0.4866727941176471,3.065309959299424,5.335402909447165,0.5,2.2641310691833496,2.2212421894073486,0.3952205882352941,4.46960698857027,1.5720170569770477,0.005772430915385485
254,elastic_transform/s5,0.0,16.935152053833008,0.0019245704170316458,0.14973958333333334,9.967611802948845,0.8266953024883859,0.53125,2.6905713081359863,4.931867599487305,0.4891493055555556,3.0444911453458996,5.312984281116062,0.53125,2.2223918437957764,2.215592861175537,0.4027777777777778,4.344761702749464,1.6077712683214083,0.004794871434569359
255,elastic_transform/s5,0.0078125,17.02825355529785,0.0014023293042555451,0.14226973684210525,10.339224526756688,0.7832588302155369,0.4296875,2.9357845783233643,5.078888893127441,0.48601973684210525,3.038769747081556,5.300663471221924,0.4296875,2.487787961959839,2.455507278442383,0.4041940789473684,4.247026242707905,1.6523889530646174,0.005820989143103361
256,elastic_transform/s5,0.0,17.641332626342773,0.0010445255320519209,0.13515625,10.704329931735993,0.7441481149813626,0.546875,2.6779863834381104,4.8543901443481445,0.4890625,3.0207305788993835,5.278349804878235,0.546875,2.197035074234009,2.352842092514038,0.411328125,4.144526684284211,1.6874116100370884,0.004348709713667631
257,elastic_transform/s5,0.0,17.706684112548828,0.0007987869903445244,0.12872023809523808,11.037775368917556,0.7087505279341713,0.5,2.8115272521972656,4.8040571212768555,0.4895833333333333,3.0107685157230923,5.255764438992455,0.5,2.4319581985473633,2.2884397506713867,0.41555059523809523,4.062975804011027,1.7160319976863407,0.003676800290122628
258,elastic_transform/s5,0.0,17.97795867919922,0.0006242161034606397,0.12286931818181818,11.353238246657632,0.6765629683055026,0.4765625,2.5788838863372803,4.462033271789551,0.4889914772727273,2.991137396205555,5.219685749574141,0.4765625,2.280864715576172,1.9033291339874268,0.41832386363636365,3.9819707545367153,1.7245455038818447,0.0021024923771619797
259,elastic_transform/s5,0.0,18.082096099853516,0.000525699753779918,0.11752717391304347,11.645797283753105,0.6471700435858625,0.515625,2.5648114681243896,4.441218852996826,0.49014945652173914,2.972601486288983,5.185839362766432,0.515625,2.2681682109832764,1.915144681930542,0.422554347826087,3.907457600469175,1.7328324246665705,0.001836877316236496
260,elastic_transform/s5,0.0,18.152122497558594,0.0004459981864783913,0.11263020833333333,11.916894167661667,0.6202232083608882,0.484375,2.7164320945739746,4.510480880737305,0.4899088541666667,2.961927761634191,5.157699426015218,0.484375,2.4407432079315186,2.0358495712280273,0.4251302083333333,3.8463445007801056,1.7454581391066313,0.0017834716709330678
261,elastic_transform/s5,0.0,18.189836502075195,0.0003820015990640968,0.108125,12.167811861038208,0.5954295600904151,0.4375,2.8438854217529297,4.754240989685059,0.4878125,2.9572060680389405,5.141561088562011,0.4375,2.5357859134674072,2.1104423999786377,0.425625,3.793922157287598,1.7600575095415116,0.002277871361002326
262,elastic_transform/s5,0.0,18.25710105895996,0.00032937005744315684,0.10396634615384616,12.402015291727507,0.5725410912429931,0.5546875,2.4575817584991455,4.053146839141846,0.49038461538461536,2.937989748441256,5.099699002045852,0.5546875,2.2827837467193604,1.660241723060608,0.4305889423076923,3.7358014491888194,1.7562184408307076,0.0011139616835862398
263,elastic_transform/s5,0.0,18.344465255737305,0.00031210583983920515,0.10011574074074074,12.622106031135276,0.5513474251169505,0.515625,2.672666549682617,4.198713302612305,0.4913194444444444,2.928162963302047,5.066329161326091,0.515625,2.503923177719116,1.8827886581420898,0.43373842592592593,3.690176328023275,1.760906226657055,0.0010009391698986292
264,elastic_transform/s5,0.0,18.305570602416992,0.00026890457957051694,0.09654017857142858,12.825086908681053,0.5316660493834726,0.453125,2.6798830032348633,4.036306858062744,0.48995535714285715,2.9192958218710765,5.029542650495257,0.453125,2.6355702877044678,1.59205162525177,0.43443080357142855,3.6525118265833174,1.7548757051782948,0.0007451330311596394
265,elastic_transform/s5,0.0,18.320085525512695,0.0002584480680525303,0.09321120689655173,13.01456961960628,0.5133416493381133,0.546875,2.6026148796081543,4.274672508239746,0.49191810344827586,2.9083757893792512,5.003512645589894,0.546875,2.3657748699188232,1.916439175605774,0.43830818965517243,3.6081415866983346,1.7604468593309666,0.0008249025559052825
266,elastic_transform/s5,0.0,18.303348541259766,0.00022621768584940583,0.09010416666666667,13.190862250328063,0.49623780161637115,0.5390625,2.3118703365325928,3.975411891937256,0.4934895833333333,2.8884922742843626,4.9692426204681395,0.5390625,2.1076395511627197,1.57377290725708,0.44166666666666665,3.558124852180481,1.754224394261837,0.0006111795082688332
267,elastic_transform/s5,0.0,18.344623565673828,0.00021036183170508593,0.0871975806451613,13.357112615339217,0.4802369164620271,0.5703125,2.341442108154297,4.011418342590332,0.4959677419354839,2.87084549473178,4.938345063117243,0.5703125,2.108449697494507,1.685279369354248,0.4458165322580645,3.5113611375131915,1.752000361200302,0.0005801298539154232
268,elastic_transform/s5,0.0,18.30194664001465,0.0002368409768678248,0.08447265625,13.511638678610325,0.46523691410311585,0.5078125,2.46040415763855,3.786334991455078,0.496337890625,2.8580192029476166,4.9023447483778,0.5078125,2.397859811782837,1.4969289302825928,0.44775390625,3.476564221084118,1.7440293789841235,0.000446032703621313
269,elastic_transform/s5,0.0,18.344375610351562,0.00019150569278281182,0.08191287878787878,13.658085252299454,0.4511446289997724,0.5,2.3446123600006104,3.9101195335388184,0.49644886363636365,2.8424614198280103,4.8722773176251035,0.5,2.1699752807617188,1.589627742767334,0.4493371212121212,3.436970616831924,1.7393505415230086,0.0004680513811763376
270,elastic_transform/s5,0.0,18.3623104095459,0.0001846109371399507,0.07950367647058823,13.796444815747877,0.4378810990567538,0.578125,2.2135612964630127,3.71152663230896,0.49885110294117646,2.8239643573760986,4.838137591586394,0.578125,2.051093101501465,1.5156596899032593,0.453125,3.396209513439852,1.7327713988283102,0.0003658827336039394
271,elastic_transform/s5,0.0,18.30974578857422,0.00017338320321869105,0.07723214285714286,13.925396272114344,0.42537516431808137,0.515625,2.5381245613098145,3.7937750816345215,0.4993303571428571,2.815797506059919,4.808298662730626,0.515625,2.5013327598571777,1.5471925735473633,0.4549107142857143,3.3706416061946323,1.727469146677426,0.00035294899134896696
272,elastic_transform/s5,0.0,18.332733154296875,0.00016345345648005605,0.07508680555555555,14.047822296619415,0.41356372790525914,0.53125,2.389036178588867,3.951080799102783,0.5002170138888888,2.8039430247412787,4.78448705540763,0.53125,2.2002956867218018,1.66341233253479,0.45703125,3.338131997320387,1.7256897907290194,0.000411202956456691
273,elastic_transform/s5,0.0,18.33770751953125,0.00015953369438648224,0.07305743243243243,14.163765140481898,0.4023906415752355,0.5625,2.4235239028930664,3.5643601417541504,0.5019003378378378,2.793661426853489,4.751510652335915,0.5625,2.413257360458374,1.4697972536087036,0.45988175675675674,3.3131353855133057,1.7187737762122541,0.00032316031865775585
274,elastic_transform/s5,0.0,18.369739532470703,0.0001612550695426762,0.07113486842105263,14.274448677113181,0.39180565771982256,0.4765625,2.5708882808685303,3.9689018726348877,0.501233552631579,2.7877989756433585,4.730915684449045,0.4765625,2.469053030014038,1.6663472652435303,0.4603207236842105,3.2909226919475354,1.7173941311867613,0.00039887416642159224
275,elastic_transform/s5,0.0,18.363388061523438,0.0001527547719888389,0.06931089743589744,14.379293276713444,0.38176327559295503,0.46875,2.5334243774414062,3.912909984588623,0.5004006410256411,2.7812765500484367,4.709941179324419,0.46875,2.4188101291656494,1.690582036972046,0.460536858974359,3.2685608313633847,1.7167066415915122,0.0004966630949638784
276,elastic_transform/s5,0.0,18.40609359741211,0.00015254475874826312,0.067578125,14.47996328473091,0.3722230073220999,0.4921875,2.4868898391723633,3.5693206787109375,0.5001953125,2.773916882276535,4.681425666809082,0.4921875,2.4978015422821045,1.4755043983459473,0.461328125,3.2492918491363527,1.7106765855103732,0.00035122473491355777
277,elastic_transform/s5,0.0,18.410297393798828,0.0001453759177820757,0.06592987804878049,14.575825092269152,0.3631479431415068,0.40625,2.943589210510254,3.9706106185913086,0.49790396341463417,2.77805523174565,4.664088714413527,0.40625,3.0081686973571777,1.7281893491744995,0.45998475609756095,3.243410796653934,1.711103726087547,0.00046337745152413845
278,elastic_transform/s5,0.0,18.404848098754883,0.00013898804900236428,0.06436011904761904,14.66699230670929,0.3545048727821614,0.6328125,1.9735198020935059,3.1189162731170654,0.5011160714285714,2.758899626277742,4.627298894382658,0.6328125,1.9474889039993286,1.1149781942367554,0.4640997023809524,3.2125555134954906,1.6969102610434805,0.00018235199968330562
279,elastic_transform/s5,0.0078125,18.226839065551758,0.00013721974391955882,0.06304505813953488,14.749779440635859,0.3462637645719697,0.4140625,2.836899518966675,3.8265395164489746,0.49909156976744184,2.760713577270508,4.608676583267922,0.4140625,2.903031826019287,1.663103699684143,0.4629360465116279,3.2053572882053465,1.6961240619421005,0.00030569761293008924
280,elastic_transform/s5,0.0,18.366912841796875,0.00015507248463109136,0.06161221590909091,14.831987017934972,0.33839765793362114,0.546875,2.405212640762329,2.9679601192474365,0.5001775568181818,2.7526340105316858,4.571387572722002,0.546875,2.615032434463501,1.1826491355895996,0.46484375,3.191940814256668,1.684454177252271,0.00013470460544340312
281,elastic_transform/s5,0.0,18.356388092041016,0.00013282446889206767,0.06024305555555556,14.910307041803996,0.33088066163440494,0.609375,2.159661293029785,2.856123924255371,0.5026041666666666,2.7394568390316434,4.533270602756076,0.609375,2.317390203475952,1.0482585430145264,0.46805555555555556,3.1725063562393188,1.670316496491432,8.351937140105292e-05
282,elastic_transform/s5,0.0,18.354537963867188,0.00013377374853007495,0.05893342391304348,14.98518162706624,0.3236905118977555,0.453125,2.587594509124756,3.548628091812134,0.5015285326086957,2.7361554840336675,4.511865330779034,0.453125,2.594937324523926,1.6818382740020752,0.46773097826086957,3.159950507723767,1.6705669699155765,0.00015117709699552506
283,elastic_transform/s5,0.0,18.354053497314453,0.00013507914263755083,0.057679521276595744,15.056859751965137,0.31680635375402955,0.5234375,2.4052133560180664,3.2984752655029297,0.5019946808510638,2.7291141621609953,4.486048520879542,0.5234375,2.4604861736297607,1.4247403144836426,0.4689162234042553,3.1450682878494263,1.6653366155446845,0.00015611539129167795
284,elastic_transform/s5,0.0,18.34471893310547,0.00012699412764050066,0.056477864583333336,15.125356818238894,0.31020886709514645,0.59375,1.965193748474121,2.869081974029541,0.50390625,2.7131991535425186,4.4523617178201675,0.59375,2.0077717304229736,1.0908334255218506,0.4715169270833333,3.1213746095697084,1.6533677990858753,9.878127457341179e-05
285,elastic_transform/s5,0.0,18.406234741210938,0.00012692780001088977,0.05532525510204082,15.192313510544446,0.3038806642523886,0.5234375,2.3097915649414062,3.141493320465088,0.5043048469387755,2.7049663456118838,4.425609301547615,0.5234375,2.4131171703338623,1.2503372430801392,0.4725765306122449,3.106920376115916,1.6451426856980031,0.00010633371130097657
286,elastic_transform/s5,0.0,18.333532333374023,0.0001198262398247607,0.05421875,15.255137887001037,0.29780544749213733,0.546875,2.103386640548706,2.9243311882019043,0.50515625,2.69293475151062,4.395583739280701,0.546875,2.159763813018799,1.2205686569213867,0.4740625,3.0879772448539735,1.6366512051224709,8.580536086810753e-05
287,elastic_transform/s5,0.0,18.409170150756836,0.00012308204895816743,0.05315563725490196,15.316981656878601,0.29196853836580045,0.5,2.5054492950439453,2.920952320098877,0.5050551470588235,2.689258566089705,4.366669397728116,0.5,2.778829336166382,1.1986082792282104,0.47457107843137253,3.0819155211542166,1.628062128144152,8.260776667157188e-05
288,elastic_transform/s5,0.0,18.397390365600586,0.00011695131252054125,0.052133413461538464,15.376220285892487,0.2863560078455451,0.625,1.863808035850525,2.405343532562256,0.5073617788461539,2.673384517431259,4.328951592628773,0.625,2.017807960510254,0.9087269306182861,0.4774639423076923,3.0614519142187557,1.6142287589609623,4.715925388154574e-05
289,elastic_transform/s5,0.0,18.351716995239258,0.00011734287545550615,0.0511497641509434,15.432361733238652,0.28095527831780753,0.5390625,2.285661220550537,2.7773351669311523,0.5079599056603774,2.6660689835278495,4.299675811011836,0.5390625,2.4922916889190674,1.12957763671875,0.478626179245283,3.05071304204329,1.6050843981639393,4.4978834921494126e-05
290,elastic_transform/s5,0.0078125,18.26937484741211,0.00012151902774348855,0.050347222222222224,15.484899013130754,0.2757546531457693,0.4921875,2.441803216934204,2.699049234390259,0.5076678240740741,2.6619159137761153,4.270034578111437,0.4921875,2.751816987991333,1.1170830726623535,0.4788773148148148,3.0451779299312167,1.5960473365805767,4.910571806249209e-05
291,elastic_transform/s5,0.0,18.35386085510254,0.00011376965994713828,0.04943181818181818,15.537061955712058,0.2707430007187544,0.5625,2.3773486614227295,2.723482847213745,0.5086647727272727,2.6567419637333263,4.241915455731479,0.5625,2.6415915489196777,1.1553618907928467,0.4803977272727273,3.037839995731007,1.5880348739298906,5.025598147767596e-05
292,elastic_transform/s5,0.0078125,18.250783920288086,0.00011442056711530313,0.04868861607142857,15.585521276508059,0.26591034750176085,0.5234375,2.3299524784088135,2.648914098739624,0.5089285714285714,2.6509064372096742,4.213469002928052,0.5234375,2.5982301235198975,1.1002647876739502,0.48116629464285715,3.0299898194415227,1.5793246938181775,4.667337270802818e-05
293,elastic_transform/s5,0.0,18.399194717407227,0.00011581975559238344,0.0478344298245614,15.634883968453659,0.26124728561147714,0.421875,2.689483880996704,2.827512264251709,0.5074013157894737,2.6515832344690957,4.1891539724249585,0.421875,3.0713188648223877,1.1700966358184814,0.48012609649122806,3.030714890413117,1.5721452542041476,5.784522363683209e-05
294,elastic_transform/s5,0.0,18.415979385375977,0.00011372636072337627,0.04700969827586207,15.682833889435077,0.2567449828657745,0.5859375,2.0850918292999268,2.4807827472686768,0.5087553879310345,2.641816141276524,4.159699296129161,0.5859375,2.28596568107605,1.046217918395996,0.48195043103448276,3.0178743868038573,1.5630775415178002,4.332395474193618e-05
295,elastic_transform/s5,0.0,18.403039932250977,0.00011159280256833881,0.04621292372881356,15.72893907660145,0.25239526439012694,0.6171875,1.7631460428237915,2.2658984661102295,0.510593220338983,2.626923427743427,4.127600976976297,0.6171875,1.8974201679229736,0.9130654335021973,0.4842425847457627,2.9988836373313,1.5520603871446546,2.802652306854725e-05
296,elastic_transform/s5,0.0,18.42011833190918,0.00011466045543784276,0.04544270833333333,15.77379206418991,0.24819058765788213,0.5703125,1.9604495763778687,2.306215763092041,0.5115885416666667,2.6158155302206674,4.097244556744894,0.5703125,2.156367778778076,0.981074333190918,0.4856770833333333,2.9848417063554127,1.5425439529120921,2.3032609533402137e-05
297,elastic_transform/s5,0.0078125,18.250579833984375,0.00011429184814915061,0.044825819672131145,15.814395142383264,0.2441237631364111,0.5625,1.995463252067566,2.636167526245117,0.5124231557377049,2.605645820742748,4.073292474277684,0.5625,2.097382068634033,1.108161449432373,0.4869364754098361,2.9702931877042427,1.5354229282648837,3.248150096624158e-05
298,elastic_transform/s5,0.0,18.40733528137207,0.00011342377547407523,0.044102822580645164,15.856216757528243,0.24018811250155728,0.53125,2.1212618350982666,2.2240445613861084,0.512726814516129,2.597833175812998,4.043465895037497,0.53125,2.434082269668579,0.933429479598999,0.4876512096774194,2.961644624510119,1.525713356512208,2.451536238368135e-05
299,elastic_transform/s5,0.0,18.3990535736084,0.00011125921446364373,0.043402777777777776,15.896579246672372,0.23637736879858753,0.5703125,2.050605058670044,2.1814489364624023,0.513640873015873,2.5891470152234275,4.01391007029821,0.5703125,2.350533962249756,0.896426260471344,0.48896329365079366,2.951944455267891,1.5157246724480675,2.1938107238383964e-05
300,elastic_transform/s5,0.0,18.39300537109375,0.00010574244515737519,0.042724609375,15.935585904866457,0.2326856246368152,0.5546875,2.2268106937408447,2.503793716430664,0.5142822265625,2.583485510200262,3.9903145022690296,0.5546875,2.5018794536590576,1.0139106512069702,0.489990234375,2.944912189617753,1.5078838283661753,2.669418063305784e-05
301,elastic_transform/s5,0.0,18.41067886352539,0.0001062476949300617,0.042067307692307696,15.973664258076594,0.2291074803761708,0.515625,2.352407693862915,2.23125958442688,0.5143028846153846,2.5799304668719953,3.963252118917612,0.515625,2.798731803894043,0.8730234503746033,0.49038461538461536,2.942663260606619,1.4981167456278435,2.144709651474841e-05
302,elastic_transform/s5,0.0,18.37609100341797,0.00010756507981568575,0.04142992424242424,16.010064663309038,0.2256377846898624,0.53125,2.11838698387146,2.1346888542175293,0.5145596590909091,2.5729373837962295,3.9355466149070044,0.53125,2.473207473754883,0.8550221920013428,0.4910037878787879,2.9355502941391687,1.4883728887547145,1.6874279026524164e-05
303,elastic_transform/s5,0.0,18.406049728393555,0.0001048629274009727,0.04081156716417911,16.045825634429704,0.22227162167848238,0.59375,1.9621139764785767,2.0547685623168945,0.515741604477612,2.5638206165228317,3.9074753006892418,0.59375,2.2613906860351562,0.8420350551605225,0.4925373134328358,2.9254882104361237,1.478726055417488,1.7869235307443887e-05
304,elastic_transform/s5,0.0,18.407861709594727,0.00011207677744096145,0.04021139705882353,16.080561459064484,0.2190045695475847,0.484375,2.255497694015503,2.34841251373291,0.5152803308823529,2.5592864558977237,3.884547906763413,0.484375,2.5671370029449463,1.0648868083953857,0.4924172794117647,2.920218339737724,1.472640184137751,2.1542373360716738e-05
305,elastic_transform/s5,0.0078125,18.261363983154297,0.00010218102397629991,0.03974184782608696,16.112167292746946,0.2158320711631846,0.4765625,2.439993143081665,2.1235899925231934,0.5147192028985508,2.557557567306187,3.8590267775715263,0.4765625,2.9541642665863037,0.8931164741516113,0.4921875,2.9207103096920513,1.4642412897901258,1.9277749743196182e-05
306,elastic_transform/s5,0.0,18.398712158203125,0.00010520128125790507,0.03917410714285714,16.144832219396317,0.2127502587362999,0.53125,2.2990939617156982,2.0586483478546143,0.5149553571428571,2.5538652300834657,3.8333070857184275,0.53125,2.739915132522583,0.9262416362762451,0.4927455357142857,2.918127521446773,1.4565555804542132,1.860223892435897e-05
307,elastic_transform/s5,0.0,18.405372619628906,0.00010282084986101836,0.03862235915492958,16.176670816582693,0.2097552243998712,0.4921875,2.5618033409118652,2.083942174911499,0.5146346830985915,2.5539770344613304,3.808668143312696,0.4921875,3.1304361820220947,0.9370607137680054,0.492737676056338,2.9211177842717775,1.4492387513459568,1.644183612370398e-05
308,elastic_transform/s5,0.0,18.350799560546875,0.0001408637617714703,0.0380859375,16.206867049137752,0.20684391383545314,0.5859375,1.9526933431625366,1.6658400297164917,0.515625,2.5456258720821805,3.778906641734971,0.5859375,2.3671250343322754,0.730842113494873,0.4940321180555556,2.913423440522618,1.4392610202646918,9.40198606258491e-06
309,elastic_transform/s5,0.0,18.41461753845215,0.0001026621539494954,0.037564212328767124,16.23711020652562,0.20401184189461063,0.5234375,2.098339319229126,1.926378846168518,0.5157320205479452,2.539498659029399,3.7535295486450195,0.5234375,2.5083565711975098,0.8016895055770874,0.4944349315068493,2.907874579298986,1.4305271638991082,9.706365744932555e-06
310,elastic_transform/s5,0.0,18.378232955932617,0.00010233866487396881,0.037056587837837836,16.26604429773382,0.20125630806718176,0.5625,2.106806516647339,1.9468741416931152,0.5163640202702703,2.533651467916128,3.7291152863889128,0.5625,2.4997305870056152,0.849938690662384,0.4953547297297297,2.9023591199436702,1.4226813737202335,1.0450033187225927e-05
311,elastic_transform/s5,0.0,18.420682907104492,9.84846701612696e-05,0.0365625,16.29477281252543,0.19857420375522147,0.6171875,2.121079921722412,1.8466792106628418,0.5177083333333333,2.528150513966878,3.704016138712565,0.6171875,2.5544233322143555,0.8239481449127197,0.4969791666666667,2.8977199761072794,1.4146982640028,1.041824998537777e-05
312,elastic_transform/s5,0.0,18.38362693786621,9.868301276583225e-05,0.03608141447368421,16.322257735227282,0.19596268374545234,0.46875,2.4538607597351074,1.9342756271362305,0.5170641447368421,2.5271730172006706,3.6807300793497184,0.46875,3.0071587562561035,0.9080421924591064,0.4966077302631579,2.8991599600566063,1.408031736745646,1.0336456398363225e-05
313,elastic_transform/s5,0.0,18.384624481201172,0.00010447313252370805,0.03561282467532467,16.34904171894123,0.1934190706206091,0.546875,2.12662410736084,1.910628318786621,0.5174512987012987,2.521971083306647,3.657741744796951,0.546875,2.5393006801605225,0.8463351130485535,0.49726055194805197,2.8944864629150984,1.4007369753989307,1.0147956345463172e-05
314,elastic_transform/s5,0.0,18.4099178314209,9.800134284887463e-05,0.03515625,16.375463207562763,0.19094059537345834,0.5859375,1.927604079246521,1.8281620740890503,0.5183293269230769,2.5143509935110044,3.6342855951724906,0.5859375,2.27413272857666,0.7944517135620117,0.4983974358974359,2.8865332099107595,1.3929640874266624,9.112555744650308e-06
315,elastic_transform/s5,0.0,18.420682907104492,0.00010614549682941288,0.03471123417721519,16.40135206451899,0.1885249694256529,0.6875,1.823082447052002,2.606901168823242,0.5204707278481012,2.5056007587457003,3.621280729016171,0.6875,1.8789536952972412,1.013999104499817,0.5007911392405063,2.8737790388397024,1.3881670623263227,0.00022779144637752324
316,fog/s5,0.4921875,3.0183463096618652,4.807033061981201,0.4921875,3.0183463096618652,4.807033061981201,0.6484375,2.8363404273986816,5.693160057067871,0.6484375,2.8363404273986816,5.693160057067871,0.59375,1.8540486097335815,2.312041997909546,0.59375,1.8540486097335815,2.312041997909546,0.6430057287216187
317,fog/s5,0.40625,2.6836612224578857,3.030423879623413,0.44921875,2.8510037660598755,3.918728470802307,0.6171875,2.6142637729644775,5.392746925354004,0.6328125,2.7253021001815796,5.5429534912109375,0.484375,2.7877249717712402,1.00714111328125,0.5390625,2.320886790752411,1.659591555595398,0.8934692740440369
318,fog/s5,0.453125,2.8768365383148193,2.178034543991089,0.4505208333333333,2.859614690144857,3.3384971618652344,0.5859375,2.945249319076538,5.542537689208984,0.6171875,2.7986178398132324,5.54281489054362,0.453125,3.946157455444336,0.599922776222229,0.5104166666666666,2.8626436789830527,1.306368629137675,0.9881227612495422
319,fog/s5,0.4296875,3.2959911823272705,2.0669021606445312,0.4453125,2.96870881319046,3.0205984115600586,0.5546875,2.97733473777771,5.5986785888671875,0.6015625,2.843297064304352,5.556780815124512,0.4296875,4.709444046020508,0.6063544750213623,0.490234375,3.3243437707424164,1.1313650906085968,0.9962741136550903
320,fog/s5,0.4296875,3.0925374031066895,1.7665717601776123,0.4421875,2.993474531173706,2.769793081283569,0.6015625,2.68239688873291,5.492701053619385,0.6015625,2.8111170291900636,5.543964862823486,0.4296875,4.472602367401123,0.5100753307342529,0.478125,3.5539954900741577,1.007107138633728,0.9980556964874268
321,fog/s5,0.3984375,3.5395305156707764,1.5145854949951172,0.4348958333333333,3.0844838619232178,2.5605918169021606,0.59375,2.768789291381836,5.516181945800781,0.6002604166666666,2.8040624062220254,5.539334376653035,0.3984375,5.315367221832275,0.484409362077713,0.46484375,3.8475574453671775,0.9199908425410589,0.9983943104743958
322,fog/s5,0.4453125,3.2802393436431885,1.1889152526855469,0.43638392857142855,3.1124489307403564,2.364638022014073,0.625,2.786567449569702,5.641513347625732,0.6037946428571429,2.801563126700265,5.553931372506278,0.4453125,5.021146774291992,0.39448094367980957,0.46205357142857145,4.015213063785008,0.8449179998465947,0.9988773465156555
323,fog/s5,0.328125,4.749032497406006,0.8645941019058228,0.4228515625,3.3170218765735626,2.1771325320005417,0.625,2.708968162536621,5.487846851348877,0.6064453125,2.7899887561798096,5.545670807361603,0.328125,7.408723831176758,0.27930814027786255,0.4453125,4.439401909708977,0.7742167674005032,0.9971721768379211
324,fog/s5,0.265625,5.67901086807251,0.5224462747573853,0.4053819444444444,3.5794650978512235,1.9932785034179688,0.640625,2.6055564880371094,5.368708610534668,0.6102430555555556,2.769496281941732,5.526008341047499,0.28125,8.68193244934082,0.19424012303352356,0.4270833333333333,4.910794191890293,0.7097749180263944,0.9882547855377197
325,fog/s5,0.09375,8.179080963134766,0.2518426477909088,0.37421875,4.039426684379578,1.8191349178552627,0.5625,2.744276285171509,5.450677394866943,0.60546875,2.7669742822647097,5.5184752464294435,0.1015625,11.42721939086914,0.11162690818309784,0.39453125,5.562436711788178,0.6499601170420647,0.9012811779975891
326,fog/s5,0.0546875,9.339388847351074,0.14794842898845673,0.34517045454545453,4.5212414264678955,1.6672088734128259,0.640625,2.445704221725464,5.318714141845703,0.6086647727272727,2.737767913124778,5.500315146012739,0.1875,5.350955486297607,0.2520347833633423,0.3757102272727273,5.54321114583449,0.6137850867076353,0.5277923941612244
327,fog/s5,0.0078125,11.466638565063477,0.043405696749687195,0.3170572916666667,5.100024521350861,1.531891942024231,0.65625,2.455465793609619,5.271111011505127,0.6126302083333334,2.7142427364985147,5.481214801470439,0.6796875,1.691571593284607,2.9483320713043213,0.4010416666666667,5.222241183121999,0.8083306687573591,0.11758845299482346
328,fog/s5,0.0078125,12.797806739807129,0.023910624906420708,0.2932692307692308,5.692161615078266,1.4158933791690147,0.5625,2.8094215393066406,5.247270107269287,0.6087740384615384,2.7215641828683705,5.463219055762658,0.5625,2.1694746017456055,2.8534951210021973,0.41346153846153844,4.9874129845545845,0.9656510112377313,0.0418369397521019
329,fog/s5,0.0,13.771330833435059,0.006809023674577475,0.27232142857142855,6.26924513067518,1.3152444966336978,0.6484375,2.496074676513672,4.990392684936523,0.6116071428571429,2.705457789557321,5.429445743560791,0.6484375,1.889251947402954,2.301304817199707,0.4302455357142857,4.766115767615182,1.0610548545207297,0.012433178722858429
330,fog/s5,0.0,14.558756828308105,0.005027658771723509,0.25416666666666665,6.821879243850708,1.2278967074428995,0.6328125,2.2788617610931396,4.950483798980713,0.6130208333333333,2.6770180543263753,5.397514947255453,0.6328125,1.5795611143112183,2.272970676422119,0.44375,4.553678790728251,1.1418492426474889,0.0071961176581680775
331,fog/s5,0.0,15.19747257232666,0.011496618390083313,0.23828125,7.345353826880455,1.1518717018770985,0.5625,2.935161828994751,5.428144931793213,0.60986328125,2.693152040243149,5.3994293212890625,0.5625,2.2773516178131104,2.819108486175537,0.451171875,4.411408342421055,1.246677945367992,0.011160057038068771
332,fog/s5,0.0,15.238899230957031,0.015451612882316113,0.22426470588235295,7.809680027120254,1.0850234613479937,0.671875,2.109387159347534,4.808775901794434,0.6135110294117647,2.6588129296022305,5.364685002495261,0.671875,1.4216305017471313,2.0819320678710938,0.4641544117647059,4.23553905767553,1.2958105408093508,0.005552778486162424
333,fog/s5,0.0,16.0429744720459,0.004706915467977524,0.21180555555555555,8.267085274060568,1.0250058754657705,0.5546875,2.600576639175415,5.065412521362305,0.6102430555555556,2.6555775801340737,5.34805875354343,0.5546875,2.006336212158203,2.354515314102173,0.4691840277777778,4.1116944551467896,1.354627472658952,0.00577198201790452
334,fog/s5,0.0,16.496749877929688,0.0060769375413656235,0.20065789473684212,8.700225516369468,0.971378036627644,0.6015625,2.3980093002319336,4.980236053466797,0.6097861842105263,2.6420213548760665,5.328699664065712,0.6015625,1.7524491548538208,2.271463632583618,0.4761513157894737,3.987523649868212,1.4028820073918293,0.005398457404226065
335,fog/s5,0.0,16.709653854370117,0.0010366986971348524,0.190625,9.1006969332695,0.9228609697311185,0.59375,2.3729259967803955,4.888797760009766,0.608984375,2.628566586971283,5.306704568862915,0.59375,1.7725118398666382,2.141207218170166,0.48203125,3.8767730593681335,1.4397982679307462,0.004020298831164837
336,fog/s5,0.0,16.9464111328125,0.0008969675400294363,0.18154761904761904,9.474302371342977,0.8789579220077334,0.5859375,2.4953322410583496,5.064209938049316,0.6078869047619048,2.6222220943087624,5.295157205490839,0.5859375,1.8215888738632202,2.4645187854766846,0.4869791666666667,3.7789071457726613,1.4885944830519813,0.005097510758787394
337,fog/s5,0.0,17.040082931518555,0.0007591264438815415,0.17329545454545456,9.818201487714594,0.8390397949366492,0.671875,1.9676650762557983,4.681074619293213,0.6107954545454546,2.5924695025790823,5.267244360663674,0.671875,1.302189588546753,1.8467884063720703,0.4953835227272727,3.6663290749896658,1.5048760250210762,0.00313040753826499
338,fog/s5,0.0,17.076810836791992,0.0006770762847736478,0.16576086956521738,10.133793198544046,0.802589241951785,0.609375,2.1665985584259033,4.870465278625488,0.610733695652174,2.5739533745724223,5.249993096227231,0.609375,1.483796238899231,2.080679416656494,0.5003396739130435,3.571436342985734,1.5299109550921812,0.00333559256978333
339,fog/s5,0.0,17.3906192779541,0.0006080642342567444,0.15885416666666666,10.436160951852798,0.769173359546888,0.59375,2.402172565460205,4.901515007019043,0.6100260416666666,2.566795840859413,5.235473175843556,0.59375,1.7877436876296997,2.2518632411956787,0.5042317708333334,3.497115815679232,1.5599923003464937,0.0036432044580578804
340,fog/s5,0.0,17.593215942382812,0.000517442764248699,0.1525,10.722443151474,0.7384271228755824,0.5703125,2.5072805881500244,5.007737159729004,0.6084375,2.5644152307510377,5.226363735198975,0.5703125,1.8886442184448242,2.346848964691162,0.506875,3.432776951789856,1.5914665669202805,0.004457069560885429
341,fog/s5,0.0,17.648923873901367,0.0004679379053413868,0.1466346153846154,10.988846256182743,0.7100440772998039,0.625,2.154207229614258,4.291411399841309,0.6090745192307693,2.5486379999380846,5.19040402999291,0.625,1.724494457244873,1.7656590938568115,0.5114182692307693,3.3670737789227414,1.5981662794947624,0.0018700850196182728
342,fog/s5,0.0,17.70049285888672,0.000454964698292315,0.1412037037037037,11.237425759986595,0.6837629990553035,0.6328125,2.2886767387390137,4.562824249267578,0.6099537037037037,2.5390098050788596,5.16716033441049,0.6328125,1.7793424129486084,2.0198512077331543,0.5159143518518519,3.308268913516292,1.613784239799888,0.0018536134157329798
343,fog/s5,0.0,17.85879135131836,0.00039391539758071303,0.13616071428571427,11.473903102534157,0.659356960353242,0.5703125,2.2312495708465576,4.5912652015686035,0.6085379464285714,2.528018368141992,5.146592651094709,0.5703125,1.6928197145462036,1.9808368682861328,0.5178571428571429,3.25057429926736,1.6268932622458254,0.0019010195974260569
344,fog/s5,0.0,17.80961036682129,0.00037254803464747965,0.1314655172413793,11.692375766819922,0.6366333599284628,0.59375,2.3709254264831543,4.711174964904785,0.6080280172413793,2.522601370153756,5.131578248122643,0.59375,1.8653595447540283,2.0020148754119873,0.5204741379310345,3.202808273249659,1.6398284902860378,0.0021684428211301565
345,fog/s5,0.0,17.840024948120117,0.00034140460775233805,0.12708333333333333,11.897297406196595,0.6154236280844392,0.6328125,1.9643008708953857,4.290031433105469,0.6088541666666667,2.50399135351181,5.10352668762207,0.6328125,1.5015463829040527,1.5313506126403809,0.52421875,3.1460995435714723,1.6362125610311826,0.001226462540216744
346,fog/s5,0.0,17.87519073486328,0.00031667956500314176,0.12298387096774194,12.090132674863261,0.5955814684547799,0.6640625,1.9753891229629517,4.322785377502441,0.6106350806451613,2.4869396686553955,5.078341484069824,0.6640625,1.507690668106079,1.5513936281204224,0.5287298387096774,3.093247644362911,1.633476466421158,0.0010281848954036832
347,fog/s5,0.0,18.083967208862305,0.00028901221230626106,0.119140625,12.277440004050732,0.5769785791972026,0.6328125,2.071909189224243,4.099475860595703,0.611328125,2.473969966173172,5.047751933336258,0.6328125,1.6944841146469116,1.6409742832183838,0.531982421875,3.049536284059286,1.6337107731960714,0.0007365467608906329
348,fog/s5,0.0,18.088457107543945,0.0002886804868467152,0.11553030303030302,12.453531431429314,0.5595031277211312,0.6875,2.046370267868042,4.486599445343018,0.6136363636363636,2.461012399557865,5.030747312487978,0.6875,1.4856892824172974,1.8225666284561157,0.5366950757575758,3.002146980979226,1.6394336779009213,0.0010382289765402675
349,fog/s5,0.0,18.142454147338867,0.0002589666109997779,0.11213235294117647,12.620852687779594,0.5430547700414214,0.578125,2.2929909229278564,4.547714710235596,0.6125919117647058,2.4560705914216885,5.016540471245261,0.578125,1.8193868398666382,1.9193220138549805,0.5379136029411765,2.967359918005326,1.647665687781923,0.0014030801830813289
350,fog/s5,0.0,18.127952575683594,0.0002492940111551434,0.10892857142857143,12.778198398862566,0.5275460421548425,0.625,2.2716026306152344,4.409267425537109,0.6129464285714286,2.4508000782557895,4.999189812796456,0.625,1.840947151184082,1.8814923763275146,0.5404017857142858,2.9351766960961476,1.654346450311797,0.0012388238683342934
351,fog/s5,0.0,18.211889266967773,0.00023538713867310435,0.10590277777777778,12.929134256309933,0.5128985239599488,0.6171875,2.1584606170654297,4.007707595825195,0.6130642361111112,2.4426795376671686,4.97164864010281,0.6171875,1.8635915517807007,1.5665090084075928,0.5425347222222222,2.905410442087385,1.6519065213700135,0.0007378619629889727
352,fog/s5,0.0,18.17136001586914,0.00023020527441985905,0.10304054054054054,13.070816033595317,0.49904262345493455,0.625,2.1100215911865234,4.090633392333984,0.6133868243243243,2.4336887823568807,4.947837417190139,0.625,1.7397985458374023,1.6790103912353516,0.5447635135135135,2.873907417864413,1.652639058393401,0.0006324626156128943
353,fog/s5,0.0078125,18.173006057739258,0.0002231643593404442,0.10053453947368421,13.20508419212542,0.4859157955839979,0.5625,2.2606945037841797,4.257757186889648,0.612047697368421,2.42913630134181,4.9296774111296005,0.5625,1.8816468715667725,1.791844367980957,0.5452302631578947,2.847795298225001,1.6563023560141261,0.0007174439379014075
354,fog/s5,0.0,18.25979232788086,0.00021473478409461677,0.09795673076923077,13.334692093042227,0.4734619222301542,0.5625,2.0794553756713867,3.9411399364471436,0.6107772435897436,2.4201701237605167,4.904330296394153,0.5625,1.7518565654754639,1.624216079711914,0.5456730769230769,2.819694305077577,1.6554796309807362,0.0006091839168220758
355,fog/s5,0.0,18.18552017211914,0.00021267085685394704,0.0955078125,13.45596279501915,0.4616306909458217,0.59375,2.1991424560546875,3.9128568172454834,0.6103515625,2.4146444320678713,4.879543459415435,0.59375,1.9348430633544922,1.615922212600708,0.546875,2.7975730240345,1.6544906955212355,0.0005302698700688779
356,fog/s5,0.0,18.263202667236328,0.0001973827602341771,0.09317835365853659,13.573212548000056,0.4503762200144659,0.546875,2.30484938621521,3.7780816555023193,0.6088033536585366,2.411966504120245,4.852678537368774,0.546875,2.1729793548583984,1.4655169248580933,0.546875,2.782339032103376,1.649881579163598,0.0004118304350413382
357,fog/s5,0.0,18.26772689819336,0.00019491156854201108,0.09095982142857142,13.684986699195136,0.4396576174324201,0.6796875,1.745849609375,3.456538200378418,0.6104910714285714,2.3961065780548823,4.819437100773766,0.6796875,1.4997004270553589,1.1947578191757202,0.5500372023809523,2.7518000176974704,1.6390452991638864,0.00022163648100104183
358,fog/s5,0.0,18.24161148071289,0.00019637789227999747,0.08884447674418605,13.790954717369967,0.4294375886059052,0.5703125,2.2396888732910156,3.918360948562622,0.6095566860465116,2.392468957013862,4.798481841420019,0.5703125,2.0075039863586426,1.5797131061553955,0.5505087209302325,2.734490807666335,1.6376654807218285,0.0003107612719759345
359,fog/s5,0.0,18.293960571289062,0.00018594406719785184,0.08682528409090909,13.893295759504491,0.41968186941184366,0.65625,1.9521485567092896,3.464418888092041,0.6106178977272727,2.382461675188758,4.768162228844383,0.65625,1.7660808563232422,1.3446381092071533,0.5529119318181818,2.712481490590356,1.6310057677328587,0.00021516205742955208
360,fog/s5,0.0,18.284595489501953,0.0001863717334344983,0.08489583333333334,13.99088019794888,0.4103597472412124,0.640625,1.7221590280532837,3.280160903930664,0.6112847222222222,2.367788283030192,4.735095532735189,0.640625,1.5195521116256714,1.164541482925415,0.5548611111111111,2.6859719488355847,1.6206398947371377,0.00014802000077906996
361,fog/s5,0.0,18.29668617248535,0.00018192434799857438,0.08305027173913043,14.084484675656194,0.4014428380478816,0.5625,2.256675958633423,3.893087387084961,0.6102241847826086,2.3653727977172188,4.716791007829749,0.5625,2.0193262100219727,1.6409342288970947,0.5550271739130435,2.6714796501657236,1.621081075914528,0.0002497237001080066
362,fog/s5,0.0078125,18.105493545532227,0.00018320009985473007,0.08144946808510638,14.170038055866323,0.39290539894260446,0.609375,1.9767338037490845,3.639911413192749,0.6102061170212766,2.3571038829519395,4.6938786760289615,0.609375,1.7526005506515503,1.3459203243255615,0.5561835106382979,2.6519290310271244,1.615226591838167,0.00023150534252636135
363,fog/s5,0.0078125,18.133996963500977,0.00017840476357378066,0.07991536458333333,14.252620533108711,0.3847235865638747,0.640625,1.7110729217529297,3.1216354370117188,0.61083984375,2.3436449045936265,4.661123608549436,0.640625,1.562696099281311,1.1072986125946045,0.5579427083333334,2.6292366782824197,1.6046447589372594,0.00013486642274074256
364,fog/s5,0.0,18.25698471069336,0.0001828977547120303,0.07828443877551021,14.334342251018603,0.376875817404504,0.6328125,1.884067177772522,3.4660837650299072,0.6112882653061225,2.3342657673115634,4.636735040314344,0.6328125,1.6493983268737793,1.3642520904541016,0.5594706632653061,2.6092399772332637,1.5997387861110726,0.00015267994604073465
365,fog/s5,0.0078125,18.196441650390625,0.00016849016537889838,0.076875,14.411584239006043,0.36934167085972147,0.6171875,1.8059691190719604,3.1191418170928955,0.61140625,2.323699834346771,4.606383175849914,0.6171875,1.662540078163147,1.2369728088378906,0.560625,2.5903059792518617,1.592483466565609,0.00010951328295050189
366,fog/s5,0.0,18.29994010925293,0.00016888267418835312,0.07536764705882353,14.487826510971667,0.36210298873843655,0.46875,2.291656732559204,3.5658185482025146,0.608609068627451,2.3230715382332896,4.585979947856829,0.46875,2.2162649631500244,1.4510979652404785,0.5588235294117647,2.5829718416812373,1.5897112018337436,0.0001679308043094352
367,fog/s5,0.0,18.248706817626953,0.00017100447439588606,0.07391826923076923,14.5601511322535,0.35514275827182035,0.65625,1.5999696254730225,3.3051273822784424,0.6095252403846154,2.309165732218669,4.561348167749552,0.65625,1.3251608610153198,1.1553456783294678,0.5606971153846154,2.5587831689761233,1.5813580186894307,0.00013162977120373398
368,fog/s5,0.0,18.283090591430664,0.00016462615167256445,0.07252358490566038,14.630395272992692,0.3484450576657798,0.6171875,1.7953399419784546,3.045750141143799,0.6096698113207547,2.2994709059877216,4.532751978568311,0.6171875,1.6761689186096191,1.2017227411270142,0.5617629716981132,2.5421300699126044,1.574195088924102,9.135607251664624e-05
369,fog/s5,0.0,18.31977081298828,0.000165231351274997,0.07118055555555555,14.69871704225187,0.3419954312525483,0.5859375,1.8228800296783447,3.041130781173706,0.6092303240740741,2.2906451490190296,4.5051293638017444,0.5859375,1.7561899423599243,1.0647881031036377,0.5622106481481481,2.5275756231060735,1.5647616262237232,7.963746611494571e-05
370,fog/s5,0.0,18.311119079589844,0.00015903959865681827,0.06988636363636364,14.764397079294378,0.33578022413156844,0.6015625,1.7716920375823975,3.012590169906616,0.6090909090909091,2.2812096379019997,4.477992287549106,0.6015625,1.6676520109176636,1.1208264827728271,0.5629261363636363,2.5119406483390114,1.5566900781609796,7.284954335773364e-05
371,fog/s5,0.0,18.342735290527344,0.00016299296112265438,0.06863839285714286,14.828295975923538,0.329787059289239,0.578125,1.9669281244277954,3.0478343963623047,0.6085379464285714,2.275597468018532,4.452453753777912,0.578125,1.937350869178772,1.1849861145019531,0.5631975446428571,2.5016801165682927,1.550052507381354,7.48892780393362e-05
372,fog/s5,0.0,18.341129302978516,0.0001525037660030648,0.06743421052631579,14.889924630784153,0.3240039969116384,0.5390625,2.38213849067688,3.390549659729004,0.6073190789473685,2.277466608766924,4.43382385739109,0.5390625,2.4302568435668945,1.3411478996276855,0.5627741228070176,2.5004270766910754,1.5463875142628687,0.00011423181422287598
373,fog/s5,0.0,18.302682876586914,0.00016080052591860294,0.06627155172413793,14.948765290194544,0.3184204935256777,0.6953125,1.5868324041366577,2.7529819011688232,0.6088362068965517,2.265559122480195,4.4048438236631196,0.6953125,1.4829413890838623,1.030930757522583,0.5650592672413793,2.4828842200081924,1.5375003288018292,6.908110663061962e-05
374,fog/s5,0.0,18.361875534057617,0.0001645481534069404,0.06514830508474577,15.006614616361714,0.313026324960046,0.671875,1.4829213619232178,2.6651978492736816,0.6099046610169492,2.252294075691094,4.3753582986734685,0.671875,1.3336918354034424,1.072380781173706,0.5668697033898306,2.463406382980993,1.5296169466386407,4.6986067900434136e-05
375,fog/s5,0.0,18.31757354736328,0.0001584700949024409,0.0640625,15.061797265211741,0.3078118607122936,0.6875,1.576107144355774,2.8384647369384766,0.6111979166666667,2.241024293502172,4.349743405977885,0.6875,1.4439418315887451,1.0398480892181396,0.5688802083333333,2.4464153071244557,1.521454132348299,4.396054282551631e-05
376,fog/s5,0.0,18.312053680419922,0.00015625922242179513,0.0630122950819672,15.115080157264334,0.30276832626163996,0.625,1.6421905755996704,2.9553380012512207,0.6114241803278688,2.231207347307049,4.326884300982366,0.625,1.4896241426467896,1.1192960739135742,0.5698002049180327,2.430730206067445,1.514861377291992,5.171016891836189e-05
377,fog/s5,0.0,18.27012825012207,0.00015225281822495162,0.061995967741935484,15.16596802972978,0.2978874218512623,0.5859375,1.8882960081100464,2.4805192947387695,0.6110131048387096,2.2256765192554844,4.297104220236501,0.5859375,2.0243544578552246,0.9510300755500793,0.5700604838709677,2.4241757585156347,1.5057673240380902,3.3251941204071045e-05
378,fog/s5,0.0,18.347299575805664,0.00015234758029691875,0.06101190476190476,15.21646535585797,0.2931614682914057,0.5859375,1.7935335636138916,2.85701322555542,0.6106150793650794,2.2188171072611733,4.2742456330193415,0.5859375,1.7431491613388062,1.1122139692306519,0.5703125,2.413365812528701,1.4995204453903532,4.595834980136715e-05
379,fog/s5,0.0,18.288509368896484,0.00014639788423664868,0.06005859375,15.264466043561697,0.2885831078162937,0.59375,1.7622874975204468,2.735835552215576,0.6103515625,2.2116838321089745,4.2502079755067825,0.59375,1.729793667793274,1.078851580619812,0.5706787109375,2.40268499776721,1.4929474943783134,4.237681787344627e-05
380,fog/s5,0.0,18.373416900634766,0.00014849385479465127,0.05913461538461538,15.312296056747437,0.28414565221688604,0.6328125,1.8158680200576782,2.7044358253479004,0.6106971153846154,2.205594358077416,4.226426865504338,0.6328125,1.830434799194336,1.0602374076843262,0.5716346153846154,2.3938811485583966,1.486290416121483,3.863357414957136e-05
381,fog/s5,0.0,18.32970428466797,0.00015764313866384327,0.05823863636363636,15.358014363231081,0.2798428035944887,0.59375,1.6780012845993042,2.4324231147766113,0.6104403409090909,2.197600523630778,4.1992449904933125,0.59375,1.7433288097381592,0.8662821054458618,0.571969696969697,2.384024294939908,1.4768963508082158,2.7347923605702817e-05
382,fog/s5,0.0,18.349876403808594,0.00014542230928782374,0.057369402985074626,15.402669020553134,0.2756682158141126,0.65625,1.5472770929336548,2.3897008895874023,0.6111240671641791,2.187894203769627,4.172236869584268,0.65625,1.561734914779663,0.8678882718086243,0.5732276119402985,2.371751319116621,1.4678066779873264,2.4674243832123466e-05
383,fog/s5,0.0,18.329683303833008,0.00015026901382952929,0.05652573529411765,15.445713348248425,0.2716164813023437,0.640625,1.7583181858062744,2.5369081497192383,0.6115579044117647,2.181576909387813,4.148187917821548,0.640625,1.8030575513839722,0.9737138152122498,0.57421875,2.3633881754734936,1.4605406064759283,2.426809624012094e-05
384,fog/s5,0.0,18.314882278442383,0.0001395173167111352,0.05570652173913043,15.487295506657034,0.26768203254892875,0.625,1.7083849906921387,2.4183077812194824,0.6117527173913043,2.174719055493673,4.123117191204126,0.625,1.776064157485962,0.9270615577697754,0.5749547101449275,2.3548762331838193,1.4528090260598971,2.3563447030028328e-05
385,fog/s5,0.0078125,18.191402435302734,0.00015028583584353328,0.05502232142857143,15.525925605637687,0.2638601504530275,0.5703125,1.976933240890503,2.7291555404663086,0.6111607142857143,2.1718935438564846,4.103203453336444,0.5703125,2.0624287128448486,1.0748456716537476,0.5748883928571429,2.350698411464691,1.4474095495683805,3.4229393349960446e-05
386,fog/s5,0.0078125,18.249942779541016,0.00013964352547191083,0.05435739436619718,15.564292044706747,0.2601457771160197,0.5859375,1.919782042503357,2.6022026538848877,0.6108054577464789,2.1683426776402435,4.082062597006139,0.5859375,2.003690719604492,1.0788822174072266,0.575044014084507,2.34581097918497,1.442219023763294,3.650080907391384e-05
387,fog/s5,0.0,18.332565307617188,0.000140703545184806,0.05360243055555555,15.602740284469393,0.256534595538647,0.71875,1.3981682062149048,1.982717752456665,0.6123046875,2.157645809981558,4.05290502972073,0.71875,1.481874704360962,0.6808444261550903,0.5770399305555556,2.333811864256859,1.4316443765742912,1.8115317288902588e-05
388,fog/s5,0.0,18.32245635986328,0.00014519762771669775,0.05286815068493151,15.63999666906383,0.2530224120056206,0.65625,1.6453680992126465,2.2253434658050537,0.6129066780821918,2.150628307094313,4.027869939804077,0.65625,1.7161930799484253,0.9384772777557373,0.578125,2.3253513329649627,1.4248886628918451,1.6314290405716747e-05
389,fog/s5,0.0,18.308609008789062,0.00014467656728811562,0.052153716216216214,15.676058997979036,0.24960514531050795,0.609375,1.5500879287719727,2.3077893257141113,0.6128589527027027,2.1425128965764433,4.004625607181239,0.609375,1.5626569986343384,0.9048982262611389,0.5785472972972973,2.3150446527713053,1.4178617650995384,1.6798398064565845e-05
390,fog/s5,0.0078125,18.258512496948242,0.00013910280540585518,0.0515625,15.710491711298625,0.24627893141043994,0.578125,2.0529680252075195,2.2319788932800293,0.6123958333333334,2.1413189649581907,3.980990317662557,0.578125,2.337940216064453,0.9180517196655273,0.5785416666666666,2.3153499269485476,1.4111976311604182,1.6755182514316402e-05
391,fog/s5,0.0,18.31450080871582,0.00014785552048124373,0.05088404605263158,15.744754988896219,0.24304036462241416,0.59375,1.7696877717971802,2.119025230407715,0.6121504934210527,2.1364290808376514,3.956490777040783,0.59375,1.9488463401794434,0.8619143962860107,0.5787417763157895,2.3105275113331643,1.4039702201752287,1.4056133295525797e-05
392,fog/s5,0.0,18.35022735595703,0.00015005106979515404,0.05022321428571429,15.778592292364541,0.23988594496588664,0.671875,1.5498552322387695,2.107147693634033,0.6129261363636364,2.1288112386480553,3.9324733343991367,0.671875,1.6364963054656982,0.8226315975189209,0.5799512987012987,2.3017738593089114,1.396420367932939,1.3280209714139346e-05
393,fog/s5,0.0,18.361600875854492,0.00013562121603172272,0.04957932692307692,15.81170778702467,0.23681222286652953,0.65625,1.3476343154907227,1.9083929061889648,0.6134815705128205,2.118796149889628,3.906523585319519,0.65625,1.4021204710006714,0.7392027378082275,0.5809294871794872,2.290239841510088,1.387994500880058,9.056726412381977e-06
394,fog/s5,0.0,18.3514347076416,0.00016092191799543798,0.04895174050632911,15.843856229057796,0.2338166367785734,0.625,2.2424299716949463,4.321032524108887,0.6136273734177216,2.1203611349757714,3.9117705339117896,0.625,1.7149523496627808,2.213425636291504,0.5814873417721519,2.282957721360122,1.3984429962650131,0.0015146638033911586
395,frost/s5,0.515625,2.466193675994873,3.8365139961242676,0.515625,2.466193675994873,3.8365139961242676,0.40625,3.4670116901397705,5.631356239318848,0.40625,3.4670116901397705,5.631356239318848,0.5234375,2.3710103034973145,1.27034330368042,0.5234375,2.3710103034973145,1.27034330368042,0.9077999591827393
396,frost/s5,0.53125,2.283168077468872,2.6453750133514404,0.5234375,2.3746808767318726,3.240944504737854,0.4765625,3.5591657161712646,5.902688026428223,0.44140625,3.5130887031555176,5.767022132873535,0.53125,2.799689531326294,0.7236143350601196,0.52734375,2.585349917411804,0.9969788193702698,0.9952971339225769
397,frost/s5,0.421875,3.0641987323760986,2.373762607574463,0.4895833333333333,2.6045201619466147,2.951883872350057,0.421875,3.64473819732666,5.821572303771973,0.4348958333333333,3.556971867879232,5.785205523173015,0.421875,4.198755264282227,0.7153728008270264,0.4921875,3.123151699701945,0.903110146522522,0.9988634586334229
398,frost/s5,0.5,2.4223873615264893,2.151211738586426,0.4921875,2.5589869618415833,2.751715838909149,0.5,3.423598527908325,5.824919700622559,0.451171875,3.523628532886505,5.7951340675354,0.5,3.1792266368865967,0.7112700343132019,0.494140625,3.137170433998108,0.855150118470192,0.9995575547218323
399,frost/s5,0.5078125,2.6070125102996826,1.8067340850830078,0.4953125,2.568592071533203,2.562719488143921,0.5,3.1143293380737305,5.703922271728516,0.4609375,3.44176869392395,5.776891708374023,0.5078125,3.637504816055298,0.600567102432251,0.496875,3.237237310409546,0.8042335152626038,0.9997958540916443
400,frost/s5,0.453125,2.799454689025879,1.7653964757919312,0.48828125,2.607069174448649,2.429832319418589,0.3828125,3.6971170902252197,5.812461853027344,0.4479166666666667,3.4843267599741616,5.782820065816243,0.453125,3.9708292484283447,0.6020965576171875,0.4895833333333333,3.359502633412679,0.770544022321701,0.9998950958251953
401,frost/s5,0.5703125,2.0821616649627686,1.3705778121948242,0.5,2.5320823873792375,2.2785102469580516,0.46875,3.084429979324341,5.483431816101074,0.45089285714285715,3.427198648452759,5.740050315856934,0.5703125,2.930734872817993,0.47781336307525635,0.5011160714285714,3.2982500961848666,0.7287253567150661,0.9998955726623535
402,frost/s5,0.515625,2.5000858306884766,1.5473275184631348,0.501953125,2.5280828177928925,2.187112405896187,0.4140625,3.516796112060547,5.582671642303467,0.4462890625,3.4383983314037323,5.72037798166275,0.515625,3.55541729927063,0.5489723682403564,0.5029296875,3.330395996570587,0.7062562331557274,0.9998879432678223
403,frost/s5,0.5390625,2.317796230316162,1.332291603088379,0.5060763888888888,2.504717641406589,2.092132316695319,0.515625,2.982435703277588,5.400197982788086,0.4539930555555556,3.387735817167494,5.684802426232232,0.5390625,3.3268728256225586,0.49543148279190063,0.5069444444444444,3.3300045331319175,0.68283126089308,0.9998656511306763
404,frost/s5,0.5859375,2.171050548553467,1.1699120998382568,0.5140625,2.4713509321212768,1.999910295009613,0.4453125,3.394710063934326,5.6511759757995605,0.453125,3.388433241844177,5.681439781188965,0.5859375,3.156160593032837,0.4282020032405853,0.51484375,3.3126201391220094,0.6573683351278305,0.9999403953552246
405,frost/s5,0.6484375,1.675067663192749,1.094315528869629,0.5262784090909091,2.3989615440368652,1.9175834980877964,0.5,3.0040171146392822,5.470881462097168,0.45738636363636365,3.353486321189187,5.662298115816983,0.6484375,2.3608620166778564,0.383175253868103,0.5269886363636364,3.226096673445268,0.6324416913769462,0.9999556541442871
406,frost/s5,0.5625,2.4970667362213135,1.043468713760376,0.529296875,2.4071369767189026,1.8447405993938446,0.4375,3.513766050338745,5.7198967933654785,0.4557291666666667,3.366842965284983,5.667098005612691,0.5625,3.7564268112182617,0.3964995741844177,0.5299479166666666,3.2702908515930176,0.6127798482775688,0.9999704360961914
407,frost/s5,0.484375,2.76326847076416,1.3093605041503906,0.5258413461538461,2.434531707030076,1.8035575151443481,0.4296875,3.5011987686157227,5.402779579162598,0.45372596153846156,3.3771780270796556,5.646765818962684,0.484375,4.043386459350586,0.47249284386634827,0.5264423076923077,3.329759744497446,0.6019885402459365,0.9999464750289917
408,frost/s5,0.5546875,2.293384552001953,0.9664634466171265,0.5279017857142857,2.42444976738521,1.743765081678118,0.4765625,3.256474733352661,5.610706329345703,0.45535714285714285,3.3685563632420132,5.6441901411329,0.5546875,3.395437240600586,0.3878443241119385,0.5284598214285714,3.334450994219099,0.5866925248077938,0.9999638795852661
409,frost/s5,0.6171875,1.9320883750915527,0.8771577477455139,0.5338541666666666,2.391625674565633,1.6859912594159445,0.5625,2.7206873893737793,5.150361061096191,0.4625,3.325365098317464,5.611268202463786,0.6171875,2.8794240951538086,0.3138320744037628,0.534375,3.304115867614746,0.5685018281141917,0.9999551773071289
410,frost/s5,0.53125,2.6922013759613037,1.1321591138839722,0.53369140625,2.4104116559028625,1.6513767503201962,0.40625,3.460878372192383,5.401494026184082,0.458984375,3.3338346779346466,5.598157316446304,0.53125,3.9680778980255127,0.42460352182388306,0.5341796875,3.345613494515419,0.5595081839710474,0.9999420642852783
411,frost/s5,0.6328125,1.9055109024047852,0.8401249051094055,0.5395220588235294,2.3807116115794464,1.6036560535430908,0.5078125,2.7816643714904785,4.997698783874512,0.4618566176470588,3.301354071673225,5.562836226295023,0.6328125,2.8042473793029785,0.3243722915649414,0.5399816176470589,3.3137684289146874,0.5456766608883353,0.999920129776001
412,frost/s5,0.484375,3.1697871685028076,1.03050696849823,0.5364583333333334,2.424549142519633,1.5718144377072651,0.453125,3.342280626296997,5.395662784576416,0.4613715277777778,3.3036277691523233,5.553548812866211,0.484375,4.837116241455078,0.39635348320007324,0.5368923611111112,3.398398862944709,0.5373809287945429,0.9999384880065918
413,frost/s5,0.53125,2.1185412406921387,1.025660753250122,0.5361842105263158,2.4084434634760807,1.543069506946363,0.46875,3.0018131732940674,5.199520111083984,0.46175986842105265,3.2877427904229415,5.534915723298726,0.53125,3.093463659286499,0.4478301703929901,0.5365953947368421,3.3823496416995398,0.5326677309839349,0.9999197721481323
414,frost/s5,0.609375,2.0885982513427734,0.8396977186203003,0.53984375,2.3924512028694154,1.5079009175300597,0.5078125,2.9344513416290283,4.903064727783203,0.4640625,3.270078217983246,5.503323173522949,0.609375,3.1358304023742676,0.3423049747943878,0.540234375,3.3700236797332765,0.5231495931744575,0.9998862743377686
415,frost/s5,0.5234375,2.655381441116333,0.8958092927932739,0.5390625,2.4049716904049827,1.4787536973044986,0.453125,3.438575506210327,5.487039566040039,0.4635416666666667,3.2781018983750116,5.502547763642811,0.5234375,3.991276264190674,0.349079430103302,0.5394345238095238,3.3996071361360096,0.5148605377901168,0.9999443292617798
416,frost/s5,0.6484375,1.8400546312332153,0.7728279829025269,0.5440340909090909,2.3792936422608117,1.4466661648316816,0.546875,2.7327497005462646,5.129367828369141,0.46732954545454547,3.2533131621100684,5.485585039312189,0.6484375,2.688403367996216,0.3144152760505676,0.5443892045454546,3.3672796921296553,0.5057493895292282,0.9999456405639648
417,frost/s5,0.5625,2.1776084899902344,0.8393077850341797,0.5448369565217391,2.3705247225968735,1.4202592787535295,0.453125,2.8875133991241455,4.864997863769531,0.46671195652173914,3.2374088245889414,5.458602988201639,0.5625,3.2846715450286865,0.3415917158126831,0.5451766304347826,3.363688033560048,0.4986120993676393,0.9999032020568848
418,frost/s5,0.515625,2.7645375728607178,0.8406298756599426,0.5436197916666666,2.3869419246912003,1.39610805362463,0.40625,3.290889263153076,5.120487213134766,0.4641927083333333,3.2396371761957803,5.444514830907186,0.515625,4.18862247467041,0.3614065945148468,0.5439453125,3.3980603019396463,0.4928952033321063,0.9999088048934937
419,frost/s5,0.5859375,2.335437059402466,0.8098990321159363,0.5453125,2.384881730079651,1.3726596927642822,0.390625,3.473419189453125,5.360633373260498,0.46125,3.248988456726074,5.441159572601318,0.5859375,3.509387969970703,0.3570692539215088,0.545625,3.4025134086608886,0.4874621653556824,0.9999226331710815
420,frost/s5,0.6015625,2.7631938457489014,0.6815502047538757,0.5474759615384616,2.39943219606693,1.346078558610036,0.4921875,2.836547613143921,4.353860378265381,0.46243990384615385,3.2331253473575297,5.399340372819167,0.6015625,4.2990946769714355,0.2818615734577179,0.5477764423076923,3.4369973035959096,0.47955445028268373,0.9998072981834412
421,frost/s5,0.484375,3.1152782440185547,0.7094554305076599,0.5451388888888888,2.425945012657731,1.3224999242358737,0.46875,2.9903717041015625,4.431556701660156,0.4626736111111111,3.224134471681383,5.363496533146611,0.484375,4.765684604644775,0.2822955846786499,0.5454282407407407,3.486207944375497,0.4722485663714232,0.9996429681777954
422,frost/s5,0.46875,3.2318243980407715,0.7121555209159851,0.5424107142857143,2.4547264192785536,1.300701909831592,0.4609375,2.779639720916748,4.4575371742248535,0.46261160714285715,3.2082596591540744,5.3311408417565485,0.46875,4.949224472045898,0.30753153562545776,0.5426897321428571,3.53845853464944,0.466365815273353,0.9995036125183105
423,frost/s5,0.5078125,3.054751396179199,0.670403003692627,0.5412176724137931,2.4754169357234033,1.2789674647923173,0.4453125,2.9244236946105957,4.632021903991699,0.4620150862068966,3.1984722121008513,5.30703329217845,0.5078125,4.63885498046875,0.29000574350357056,0.5414870689655172,3.5764032396776924,0.4602844334881881,0.9993242025375366
424,frost/s5,0.59375,2.933492422103882,0.58042973279953,0.54296875,2.4906861186027527,1.2556828737258912,0.5078125,2.7431576251983643,4.26817512512207,0.4635416666666667,3.1832950592041014,5.272404686609904,0.59375,4.402617454528809,0.2558645009994507,0.5432291666666667,3.603943713506063,0.45347043573856355,0.99936443567276
425,frost/s5,0.578125,2.6564793586730957,0.6010146141052246,0.5441028225806451,2.49603428763728,1.2345645427703857,0.6015625,2.5737245082855225,4.364473342895508,0.46799395161290325,3.163631493045438,5.2431165787481495,0.578125,3.8909120559692383,0.25836700201034546,0.5443548387096774,3.6132007568113265,0.4471767765860404,0.9990472197532654
426,frost/s5,0.515625,4.034337520599365,0.5074343085289001,0.543212890625,2.544106263667345,1.2118417229503393,0.53125,2.656606674194336,4.416163921356201,0.469970703125,3.147786967456341,5.217274308204651,0.515625,5.819628715515137,0.21991375088691711,0.54345703125,3.6821516305208206,0.44007480703294277,0.9986588954925537
427,frost/s5,0.515625,3.360361099243164,0.5532593131065369,0.5423768939393939,2.568841258684794,1.1918846802277998,0.5234375,2.5574865341186523,4.578835487365723,0.4715909090909091,3.129899075537017,5.197927677270138,0.515625,4.9802398681640625,0.24748675525188446,0.5426136363636364,3.721487637722131,0.43423880546381977,0.9988945126533508
428,frost/s5,0.390625,4.692227363586426,0.6078751087188721,0.5379136029411765,2.6312937911819008,1.174707928124596,0.4140625,3.015209913253784,4.4967451095581055,0.46989889705882354,3.1265258648816276,5.177304660572725,0.390625,6.693974494934082,0.2792730927467346,0.5381433823529411,3.8089137217577766,0.4296809903839055,0.9966237545013428
429,frost/s5,0.4140625,5.343417644500732,0.3813868761062622,0.534375,2.7087830441338676,1.1520416123526438,0.4453125,2.91269850730896,4.486824989318848,0.46919642857142857,3.120416511808123,5.157576669965471,0.4140625,7.533929347991943,0.16560211777687073,0.5345982142857143,3.9153427396501814,0.4221358797379902,0.9933997392654419
430,frost/s5,0.3984375,5.343857765197754,0.3805791437625885,0.5305989583333334,2.7819795641634197,1.1306120993362532,0.4453125,2.994999408721924,4.226620674133301,0.4685329861111111,3.116932703389062,5.131716781192356,0.3984375,7.4638776779174805,0.15825292468070984,0.5308159722222222,4.013913154602051,0.4148057976530658,0.988849937915802
431,frost/s5,0.3359375,6.9473395347595215,0.2964722514152527,0.5253378378378378,2.8945568606660173,1.1080677791221722,0.4453125,3.07944917678833,4.754057884216309,0.46790540540540543,3.1159196351025558,5.121509783976787,0.3359375,9.312077522277832,0.15121357142925262,0.5255489864864865,4.157106786160855,0.4076816834308006,0.9798324108123779
432,frost/s5,0.1875,9.110992431640625,0.23750604689121246,0.5164473684210527,3.058147270428507,1.0851582598529363,0.4375,3.076690435409546,4.303842544555664,0.46710526315789475,3.114887287742213,5.099992225044652,0.203125,11.360682487487793,0.11670605838298798,0.5170641447368421,4.3466745677747225,0.40002443014006867,0.8629429340362549
433,frost/s5,0.171875,8.69576358795166,0.1885119080543518,0.5076121794871795,3.2027015349803825,1.0621673277555368,0.484375,2.7253408432006836,4.096127986907959,0.4675480769230769,3.1048989173693533,5.07425211637448,0.2578125,6.647434711456299,0.21944628655910492,0.5104166666666666,4.405668417612712,0.39539422133030033,0.5848149657249451
434,frost/s5,0.0703125,11.168700218200684,0.09670326858758926,0.4966796875,3.4018515020608904,1.0380307262763382,0.4453125,3.153874397277832,4.531252384185791,0.4669921875,3.1061233043670655,5.060677123069763,0.421875,2.9204461574554443,2.2910752296447754,0.508203125,4.36853786110878,0.44278624653816223,0.23419000208377838
435,frost/s5,0.0234375,12.93890380859375,0.04164695739746094,0.4851371951219512,3.6344625339275454,1.0137286831329508,0.3671875,3.120393753051758,3.9011688232421875,0.4645579268292683,3.106471364091082,5.032396432830066,0.3671875,3.259892463684082,1.6994833946228027,0.5047637195121951,4.341497729464275,0.47343739649144617,0.029110589995980263
436,frost/s5,0.0,13.298583030700684,0.03830995410680771,0.47358630952380953,3.8645606409935724,0.9905044276799474,0.515625,2.616891384124756,3.9797251224517822,0.46577380952380953,3.0948146979014077,5.007332830202012,0.515625,2.5335452556610107,1.6537575721740723,0.5050223214285714,4.298451241992769,0.501540257817223,0.004973967559635639
437,frost/s5,0.0078125,14.784311294555664,0.032938092947006226,0.46275436046511625,4.118508330611295,0.9682354431512744,0.421875,3.0787651538848877,4.3606181144714355,0.4647529069767442,3.094441452691721,4.992292953091998,0.421875,3.053330898284912,1.9323440790176392,0.5030886627906976,4.269494954929796,0.5348147652870001,0.004258313681930304
438,frost/s5,0.0078125,15.253392219543457,0.00994026567786932,0.4524147727272727,4.371573873541572,0.9464560072996061,0.4453125,2.7979743480682373,3.9265666007995605,0.46431107954545453,3.0877035639502783,4.968071899630806,0.4453125,2.7863352298736572,1.7931230068206787,0.5017755681818182,4.235786779360338,0.5634126798673109,0.0016953237354755402
439,frost/s5,0.0,15.80439281463623,0.004070021212100983,0.4423611111111111,4.625636516677009,0.9255140964976616,0.46875,2.625641107559204,3.7514641284942627,0.4644097222222222,3.07743550936381,4.9410361713833275,0.46875,2.6327033042907715,1.5934385061264038,0.5010416666666667,4.20016270213657,0.5863021426730686,0.0007629316532984376
440,frost/s5,0.0,16.752866744995117,0.002665056847035885,0.4327445652173913,4.8892719564230545,0.9054521608530827,0.3671875,3.3459155559539795,3.7931008338928223,0.4622961956521739,3.0832720321157705,4.916081055350926,0.3671875,3.6593716144561768,1.7332732677459717,0.49813179347826086,4.188406374143518,0.6112362975659578,0.0005882598925381899
441,frost/s5,0.0,16.996423721313477,0.0027988667134195566,0.42353723404255317,5.146870930144128,0.8862467716160686,0.484375,2.6851022243499756,4.040453910827637,0.4627659574468085,3.0748003340782004,4.897450690573835,0.484375,2.557386875152588,1.8587019443511963,0.4978390957446808,4.153703831611796,0.6377781198379842,0.0006513228290714324
442,frost/s5,0.0,17.003063201904297,0.0030896021053195,0.4147135416666667,5.393874935805798,0.867847663917928,0.453125,2.5138120651245117,3.512787342071533,0.4625651041666667,3.0631130784749985,4.868603537480037,0.453125,2.5313544273376465,1.5771186351776123,0.4969075520833333,4.119904885689418,0.6573477139075597,0.0004494711465667933
443,frost/s5,0.0,17.415992736816406,0.0020965393632650375,0.40625,5.639224278683565,0.8501792736208941,0.40625,3.036991834640503,4.092209339141846,0.4614158163265306,3.0625799918661314,4.852758757922114,0.40625,3.092160701751709,1.830088496208191,0.4950573979591837,4.098930514588648,0.6812811992606338,0.0006103511550463736
444,frost/s5,0.015625,17.098878860473633,0.0026041704695671797,0.3984375,5.868417370319366,0.8332277715578675,0.4921875,2.518345832824707,3.486706256866455,0.46203125,3.0516953086853027,4.825437707901001,0.4921875,2.562445640563965,1.494206428527832,0.495,4.0682008171081545,0.6975397038459777,0.00038500328082591295
445,frost/s5,0.0,17.42340850830078,0.014201458543539047,0.390625,6.094985824005277,0.8171684320869983,0.328125,3.1031668186187744,3.970559597015381,0.45940563725490197,3.0527045539781157,4.808675392001283,0.328125,3.2402617931365967,1.784728765487671,0.49172794117647056,4.051966718598908,0.7188571364271874,0.0005268536042422056
446,frost/s5,0.0,17.95094108581543,0.0008527775062248111,0.3831129807692308,6.322984963655472,0.8014700541142912,0.5234375,2.5266168117523193,3.1485018730163574,0.4606370192307692,3.042587482012235,4.77674897817465,0.5234375,2.7193715572357178,1.3131637573242188,0.49233774038461536,4.026339888572693,0.7302861099059765,0.0002767200639937073
447,frost/s5,0.0,17.981231689453125,0.0007095308392308652,0.3758844339622642,6.5429518830101445,0.7863613649958938,0.421875,2.847801685333252,3.179366111755371,0.45990566037735847,3.038912278301311,4.746609678808248,0.421875,3.1689627170562744,1.3932222127914429,0.4910082547169811,4.010162960808232,0.7427943382623061,0.00018848394392989576
448,frost/s5,0.0078125,17.95551872253418,0.0007248681504279375,0.36906828703703703,6.7542957133717,0.771812540980237,0.3984375,2.8445212841033936,3.3588428497314453,0.4587673611111111,3.0353124450754234,4.720910293084604,0.3984375,3.0956175327301025,1.4595239162445068,0.48929398148148145,3.9932269343623408,0.7560671082249394,0.00017501029651612043
449,frost/s5,0.0078125,18.0747013092041,0.0005340607604011893,0.3625,6.960121269659562,0.757789295885331,0.4609375,2.6894493103027344,3.7621653079986572,0.4588068181818182,3.029024024443193,4.703478566083041,0.4609375,2.6982109546661377,1.7014553546905518,0.4887784090909091,3.9696811892769555,0.7732559854334051,0.0002818832581397146
450,frost/s5,0.0,18.242450714111328,0.0004346324421931058,0.3560267857142857,7.161591438310487,0.7442651054667034,0.46875,2.7750563621520996,3.204570770263672,0.458984375,3.0244888876165663,4.676712355443409,0.46875,3.0472590923309326,1.4056344032287598,0.48842075892857145,3.9532093661172047,0.7845484571797507,0.00019452952255960554
451,frost/s5,0.0,18.30756378173828,0.0003871859807986766,0.34978070175438597,7.3571348127565885,0.7312146156511613,0.375,3.0694172382354736,3.346463680267334,0.4575109649122807,3.025277104294091,4.653374659387689,0.375,3.4371418952941895,1.4574607610702515,0.4864309210526316,3.944155550839608,0.7963539361953735,0.000200369642698206
452,frost/s5,0.0,18.319091796875,0.0003463625907897949,0.34375,7.546134071103458,0.7186134388742583,0.5,2.518393039703369,3.2865684032440186,0.4582435344827586,3.0165377238701128,4.629809034281764,0.5,2.6443424224853516,1.3823974132537842,0.4866648706896552,3.9217449796610864,0.806458134075691,0.00018376213847659528
453,frost/s5,0.0078125,18.119108200073242,0.0003492500982247293,0.3380561440677966,7.725337022441929,0.7064394695729695,0.5234375,2.3982715606689453,2.655014991760254,0.4593485169491525,3.0060586363582287,4.596337948815298,0.5234375,2.6804404258728027,1.1735409498214722,0.4872881355932203,3.900705919427387,0.81267987671545,9.825650340644643e-05
454,frost/s5,0.0,18.360572814941406,0.0002881587133742869,0.332421875,7.9025909523169195,0.694670281058643,0.4453125,2.379319429397583,3.108384847640991,0.4591145833333333,2.995612982908885,4.571538730462392,0.4453125,2.5006022453308105,1.3208208084106445,0.48658854166666665,3.8773708581924438,0.8211488922437032,0.00010654370998963714
455,frost/s5,0.0,18.35917854309082,0.00028898523305542767,0.32697233606557374,8.074010421018132,0.683286981127076,0.53125,2.5157930850982666,3.5983099937438965,0.460297131147541,2.987747082944776,4.555584161007991,0.53125,2.488813638687134,1.6478147506713867,0.48732069672131145,3.8546076250857992,0.8347007915621898,0.0001722431043162942
456,frost/s5,0.0,18.371868133544922,0.0002504574367776513,0.32169858870967744,8.240104900252435,0.6722702630030389,0.5546875,2.3590641021728516,3.1548938751220703,0.4618195564516129,2.97760703486781,4.532992382203379,0.5546875,2.4883980751037598,1.2337151765823364,0.4884072580645161,3.832571987182863,0.8411365074496115,0.00013988462160341442
457,frost/s5,0.0,18.346033096313477,0.000242262365645729,0.3165922619047619,8.40051645892007,0.6616031518818105,0.53125,2.382103681564331,2.6984221935272217,0.462921626984127,2.9681546006883894,4.50387222047836,0.53125,2.6800496578216553,1.0686392784118652,0.48908730158730157,3.8142779819549077,0.8447476625442505,8.430160960415378e-05
458,frost/s5,0.0,18.330322265625,0.00022982910741120577,0.3116455078125,8.555669674649835,0.6512691937134605,0.4453125,2.6854262351989746,2.7160208225250244,0.462646484375,2.9637369699776173,4.47593704238534,0.4453125,3.0830540657043457,1.220107078552246,0.4884033203125,3.8028526082634926,0.8506126534193754,6.71084999339655e-05
459,frost/s5,0.0,18.389820098876953,0.00022436300059780478,0.30685096153846153,8.70696429656102,0.641253119394801,0.4609375,2.9189395904541016,2.834794044494629,0.4626201923076923,2.9630477795234094,4.450688688571637,0.4609375,3.3966572284698486,1.2517015933990479,0.4879807692307692,3.7966034485743596,0.8567832524959857,7.117602217476815e-05
460,frost/s5,0.0078125,18.212379455566406,0.0002053163480013609,0.30232007575757575,8.850985738364132,0.631540273894092,0.4765625,2.6708805561065674,2.7980129718780518,0.4628314393939394,2.9586210034110327,4.425648147409612,0.4765625,3.0393295288085938,1.221409559249878,0.48780776515151514,3.785129601305181,0.8623078935074083,7.19165473128669e-05
461,frost/s5,0.0,18.36935806274414,0.0001983660040423274,0.29780783582089554,8.993050996936969,0.6221172603434942,0.515625,2.4849562644958496,2.491023302078247,0.46361940298507465,2.9515513804421496,4.3967731497181,0.515625,2.9166831970214844,0.9555898308753967,0.488222947761194,3.7721677146740813,0.8637001612293187,4.540172449196689e-05
462,frost/s5,0.0,18.336057662963867,0.0001959535584319383,0.29342830882352944,9.130448153790306,0.6129713587731257,0.4921875,2.559359550476074,2.8035130500793457,0.46403952205882354,2.945783853530884,4.373342854135177,0.4921875,2.8823039531707764,1.1958346366882324,0.48828125,3.759081482887268,0.8685844917507732,5.227643850957975e-05
463,frost/s5,0.0,18.371044158935547,0.0001920327340485528,0.28917572463768115,9.264369835024295,0.6040904989754579,0.4140625,3.0425431728363037,2.7257676124572754,0.4633152173913043,2.9471861625063247,4.349464952081874,0.4140625,3.616805076599121,1.2254524230957031,0.487205615942029,3.7570195059845415,0.8737564907557722,5.835867705172859e-05
464,frost/s5,0.0,18.374256134033203,0.00018439535051584244,0.28504464285714287,9.39451106786728,0.595463268923673,0.4453125,2.79599928855896,2.790759801864624,0.4630580357142857,2.9450263500213625,4.3271977356501985,0.4453125,3.2178597450256348,1.2530796527862549,0.48660714285714285,3.749317223685128,0.8791753930704934,6.195530295372009e-05
465,frost/s5,0.0,18.371501922607422,0.00017893844051286578,0.2810299295774648,9.520947558779111,0.5870789825788397,0.4296875,2.965639352798462,3.4998836517333984,0.46258802816901406,2.9453166740041383,4.315545424609117,0.4296875,3.2028677463531494,1.6129608154296875,0.4858054577464789,3.7416207521734104,0.8895103990192145,0.0001392451667925343
466,frost/s5,0.0,18.36787986755371,0.00017862442473415285,0.2771267361111111,9.643821618623203,0.5789275887155882,0.4765625,2.4212937355041504,2.34283447265625,0.4627821180555556,2.938038577636083,4.288146661387549,0.4765625,2.856750011444092,0.9480952024459839,0.4856770833333333,3.729330880774392,0.8903240768445863,6.0874546761624515e-05
467,frost/s5,0.0,18.390249252319336,0.00016822201723698527,0.2733304794520548,9.763635695797124,0.5709993782128712,0.578125,2.177617073059082,2.3444628715515137,0.4643621575342466,2.927621844696672,4.26152085604733,0.578125,2.4492087364196777,1.0620174407958984,0.4869434931506849,3.711794960988711,0.8926760407343303,4.2764553654706106e-05
468,frost/s5,0.0078125,18.144811630249023,0.00017027113062795252,0.26974239864864863,9.876894830046473,0.5632854713604084,0.5,2.4269838333129883,2.312208652496338,0.46484375,2.92085646616446,4.235178799242587,0.5,2.8629112243652344,0.9790464639663696,0.48711993243243246,3.700323559142448,0.8938432086158443,3.2360425393562764e-05
469,frost/s5,0.0078125,18.27239418029785,0.00016451140982098877,0.26625,9.988834821383158,0.5557771918944006,0.4296875,2.9480860233306885,2.7687888145446777,0.464375,2.9212195269266763,4.215626932779948,0.4296875,3.438612937927246,1.312730073928833,0.48635416666666664,3.6968340841929117,0.8994283668200175,4.610993346432224e-05
470,frost/s5,0.0,18.39677619934082,0.00016638720990158617,0.26274671052631576,10.099465628987865,0.5484665234117098,0.4296875,2.837042808532715,2.611306667327881,0.46391858552631576,2.9201119385267558,4.194517455602947,0.4296875,3.3552191257476807,1.1685078144073486,0.4856085526315789,3.692339150529159,0.9029688858672192,4.9811966164270416e-05
471,frost/s5,0.0,18.40066909790039,0.00015878936392255127,0.2593344155844156,10.207273466246468,0.5413456437487515,0.4921875,2.514273166656494,2.4639906883239746,0.4642857142857143,2.9148413051258433,4.172043082001921,0.4921875,2.926293134689331,1.073075294494629,0.4856939935064935,3.6823905009727973,0.9051780600052375,3.9067490433808416e-05
472,frost/s5,0.0,18.407819747924805,0.00015814739163033664,0.25600961538461536,10.312408674985935,0.5344073425134038,0.4609375,2.3303980827331543,2.7214012145996094,0.46424278846153844,2.9073484433002963,4.153445109342917,0.4609375,2.5703697204589844,1.142622709274292,0.4853766025641026,3.6681338242995434,0.9082222221753536,4.557210922939703e-05
473,frost/s5,0.0,18.407670974731445,0.00015428946062456816,0.25276898734177217,10.414880349666257,0.527644645639318,0.3125,3.3712639808654785,4.000543594360352,0.46232199367088606,2.9132207918770705,4.1515096471279485,0.3125,3.520071268081665,2.092471122741699,0.4831882911392405,3.6662596147271653,0.9232127145875858,0.002144299913197756
474,gaussian_noise/s5,0.328125,3.733431577682495,4.421759605407715,0.328125,3.733431577682495,4.421759605407715,0.1640625,5.464189052581787,6.558229923248291,0.1640625,5.464189052581787,6.558229923248291,0.328125,4.151115417480469,1.8269511461257935,0.328125,4.151115417480469,1.8269511461257935,0.9860760569572449
475,gaussian_noise/s5,0.34375,3.052852153778076,3.0469985008239746,0.3359375,3.3931418657302856,3.7343790531158447,0.15625,5.437376976013184,6.5754313468933105,0.16015625,5.450783014297485,6.566830635070801,0.34375,3.833636999130249,1.0526049137115479,0.3359375,3.992376208305359,1.4397780299186707,0.9996792078018188
476,gaussian_noise/s5,0.3359375,3.9205455780029297,2.7485451698303223,0.3359375,3.5689431031545005,3.4057677586873374,0.1015625,5.671841621398926,6.580448150634766,0.140625,5.524469216664632,6.571369806925456,0.3359375,5.409186363220215,0.9754525423049927,0.3359375,4.4646462599436445,1.285002867380778,0.9999710321426392
477,gaussian_noise/s5,0.3125,3.595782518386841,2.428757429122925,0.330078125,3.5756529569625854,3.161515176296234,0.1640625,5.501897811889648,6.521867752075195,0.146484375,5.518826365470886,6.558994293212891,0.3125,5.02211856842041,0.8318028450012207,0.330078125,4.604014337062836,1.1717028617858887,0.9999908208847046
478,gaussian_noise/s5,0.328125,3.7013401985168457,2.2169179916381836,0.3296875,3.6007904052734374,2.972595739364624,0.1484375,5.4008097648620605,6.563597202301025,0.146875,5.495223045349121,6.559914875030517,0.328125,5.277519226074219,0.7921609878540039,0.3296875,4.738715314865113,1.0957944869995118,0.9999963045120239
479,gaussian_noise/s5,0.296875,3.803586483001709,2.1458797454833984,0.32421875,3.634589751561483,2.83480974038442,0.1328125,5.617684364318848,6.548070907592773,0.14453125,5.515633265177409,6.5579408804575605,0.296875,5.491073131561279,0.7388280034065247,0.32421875,4.864108284314473,1.0363000730673473,0.9999977350234985
480,gaussian_noise/s5,0.3046875,3.829643964767456,1.7355775833129883,0.32142857142857145,3.6624546391623363,2.677776575088501,0.1328125,5.585907936096191,6.593979835510254,0.14285714285714285,5.5256725038800925,6.563089302607945,0.3046875,5.723569393157959,0.5906934142112732,0.32142857142857145,4.986888442720685,0.9726419789450509,0.999998927116394
481,gaussian_noise/s5,0.3125,4.3615498542785645,1.7920539379119873,0.3203125,3.7498415410518646,2.5670612454414368,0.1171875,5.452032089233398,6.521322727203369,0.1396484375,5.516467452049255,6.557868480682373,0.3125,6.557178020477295,0.6383329033851624,0.3203125,5.183174639940262,0.9308533445000648,0.9999990463256836
482,gaussian_noise/s5,0.3515625,3.864392042160034,1.658621907234192,0.3237847222222222,3.762569374508328,2.4661235411961875,0.1796875,5.315949440002441,6.532417297363281,0.1440972222222222,5.494187672932942,6.555040571424696,0.3515625,5.7906060218811035,0.57578045129776,0.3237847222222222,5.250667015711467,0.8914008008109199,0.9999990463256836
483,gaussian_noise/s5,0.3359375,4.195399284362793,1.6324957609176636,0.325,3.8058523654937746,2.382760763168335,0.1171875,5.353780746459961,6.495182991027832,0.14140625,5.480146980285644,6.54905481338501,0.3359375,6.296340465545654,0.6236311793327332,0.325,5.355234360694885,0.8646238386631012,0.9999990463256836
484,gaussian_noise/s5,0.3203125,4.711690902709961,1.565666675567627,0.32457386363636365,3.8882013234225186,2.3084794824773613,0.109375,5.573082447052002,6.48479700088501,0.13849431818181818,5.488595659082586,6.543213194066828,0.3203125,7.169271945953369,0.5470519065856934,0.32457386363636365,5.520146868445656,0.8357536630197004,0.9999990463256836
485,gaussian_noise/s5,0.328125,4.740883827209473,1.4357801675796509,0.3248697916666667,3.959258198738098,2.235754539569219,0.1640625,5.344901084899902,6.528127670288086,0.140625,5.476621111234029,6.541956067085266,0.328125,7.200512409210205,0.5276992321014404,0.3248697916666667,5.660177330176036,0.8100824604431788,0.9999991655349731
486,gaussian_noise/s5,0.28125,5.157557487487793,1.5798062086105347,0.3215144230769231,4.051435067103459,2.18529697564932,0.09375,5.592609882354736,6.473552227020264,0.13701923076923078,5.4855433243971605,6.536694233234112,0.28125,7.914318561553955,0.6110334396362305,0.3215144230769231,5.833572809512798,0.7947709973041828,0.9999988079071045
487,gaussian_noise/s5,0.296875,4.665293216705322,1.499223232269287,0.3197544642857143,4.095282077789307,2.136291708265032,0.1640625,5.364098072052002,6.437324523925781,0.13895089285714285,5.476868663515363,6.529596396854946,0.296875,7.066067218780518,0.5800124406814575,0.3197544642857143,5.921608124460493,0.7794311004025596,0.9999983310699463
488,gaussian_noise/s5,0.2421875,5.891103267669678,1.0759363174438477,0.3145833333333333,4.215003490447998,2.065601348876953,0.1640625,5.342767238616943,6.43020486831665,0.140625,5.467928568522136,6.522970294952392,0.2421875,9.110719680786133,0.4049644470214844,0.3145833333333333,6.134215561548869,0.7544666568438212,0.9999985694885254
489,gaussian_noise/s5,0.234375,6.132667064666748,1.1563355922698975,0.3095703125,4.33485746383667,2.008772239089012,0.1171875,5.569006443023682,6.511255741119385,0.13916015625,5.474245935678482,6.52223813533783,0.234375,9.297683715820312,0.43289080262184143,0.3095703125,6.331932321190834,0.7343681659549475,0.9999983310699463
490,gaussian_noise/s5,0.2578125,5.7700629234313965,1.0150352716445923,0.30652573529411764,4.419281314401066,1.9503171233569874,0.2265625,4.905946731567383,6.29452657699585,0.14430147058823528,5.44081657073077,6.508843337788301,0.2578125,8.71547794342041,0.43787217140197754,0.30652573529411764,6.472140887204339,0.7169272250988904,0.9999947547912598
491,gaussian_noise/s5,0.171875,6.951709270477295,0.8213202953338623,0.2990451388888889,4.5599717564053,1.8875950773557026,0.1484375,5.462327480316162,6.439275741577148,0.14453125,5.442011621263292,6.504978471332127,0.171875,10.350025177001953,0.28938406705856323,0.2990451388888889,6.687578903304206,0.6931748274299834,0.9999874830245972
492,gaussian_noise/s5,0.1640625,8.292887687683105,0.6127723455429077,0.29194078947368424,4.756441015946238,1.8204991441023977,0.21875,5.030605316162109,6.343066215515137,0.1484375,5.420358657836914,6.496456773657548,0.1640625,11.900157928466797,0.2396620213985443,0.29194078947368424,6.961925167786448,0.6693057323756971,0.9999475479125977
493,gaussian_noise/s5,0.046875,11.735501289367676,0.1748136729001999,0.2796875,5.10539402961731,1.7382148705422877,0.203125,5.094298839569092,6.326139450073242,0.151171875,5.404055666923523,6.4879409074783325,0.046875,15.912948608398438,0.05693473666906357,0.2796875,7.409476339817047,0.6386871825903654,0.9993224143981934
494,gaussian_noise/s5,0.0,13.870972633361816,0.04562842845916748,0.2663690476190476,5.522802534557524,1.6576155161573773,0.140625,5.3067216873168945,6.4017653465271,0.15066964285714285,5.399420715513683,6.4838373093377974,0.0,17.63920021057129,0.013431024737656116,0.2663690476190476,7.896606047948201,0.6089130798354745,0.9938821792602539
495,gaussian_noise/s5,0.0,14.89632511138916,0.00932597927749157,0.25426136363636365,5.948871742595326,1.582693264481019,0.25,4.8422627449035645,6.278317451477051,0.1551846590909091,5.374095353213224,6.4744954976168545,0.0,18.360979080200195,0.002717232098802924,0.25426136363636365,8.372259367596019,0.5813587231201712,0.9409485459327698
496,gaussian_noise/s5,0.0,15.289945602416992,0.0035827266983687878,0.24320652173913043,6.355005388674528,1.5140362845774253,0.203125,4.9573140144348145,6.272581100463867,0.15726902173913043,5.355974425440249,6.465716610784116,0.0,18.325664520263672,1.2290352060517762e-05,0.24320652173913043,8.805016113364179,0.5560827912606882,0.839504599571228
497,gaussian_noise/s5,0.0,15.952044486999512,0.0024679871276021004,0.23307291666666666,6.754882017771403,1.4510542721836828,0.203125,5.0801191329956055,6.234739303588867,0.1591796875,5.344480454921722,6.456092556317647,0.0,17.842334747314453,0.0003892416716553271,0.23307291666666666,9.18157105644544,0.5329288933611451,0.7191445827484131
498,gaussian_noise/s5,0.0,16.498432159423828,0.0013792667305096984,0.22375,7.1446240234375,1.393067271965556,0.171875,5.261027812957764,6.471773624420166,0.1596875,5.341142349243164,6.456719799041748,0.0,18.397668838500977,6.113820745667908e-06,0.22375,9.550214967727662,0.5116119821795292,0.8117914795875549
499,gaussian_noise/s5,0.0,17.190147399902344,0.0008156617404893041,0.21514423076923078,7.530990307147686,1.3395191331107457,0.234375,4.838057041168213,6.044305801391602,0.16256009615384615,5.3217929143172045,6.44085772220905,0.0,14.784485816955566,0.0019619979429990053,0.21514423076923078,9.75153307731335,0.4920100597088934,0.568885326385498
500,gaussian_noise/s5,0.0,17.558664321899414,0.0005534556112252176,0.20717592592592593,7.90238564102738,1.2899278117218744,0.234375,4.810252666473389,6.139134407043457,0.1652199074074074,5.3028469792118775,6.429682784610325,0.0,12.021879196166992,0.018099963665008545,0.20717592592592593,9.835619970604226,0.47445783392949026,0.47543954849243164
501,gaussian_noise/s5,0.0,17.685060501098633,0.0005496949888765812,0.19977678571428573,8.251766886029925,1.2438785932671246,0.140625,5.250487804412842,6.190872669219971,0.16434151785714285,5.300977008683341,6.421153851917812,0.0,12.985212326049805,0.01189239602535963,0.19977678571428573,9.94810541187014,0.45793763971862844,0.4899102747440338
502,gaussian_noise/s5,0.0,17.238534927368164,0.0010535893961787224,0.19288793103448276,8.56165543917952,1.2010225586508851,0.15625,4.968550682067871,6.149633884429932,0.1640625,5.289514031903497,6.41179109441823,0.0,11.625389099121094,0.035228051245212555,0.19288793103448276,10.005942780396033,0.44336144701264857,0.4674704670906067
503,gaussian_noise/s5,0.0,16.595815658569336,0.003138350322842598,0.18645833333333334,8.829460779825846,1.1610930850399503,0.2421875,4.618150234222412,6.012739181518555,0.16666666666666666,5.267135238647461,6.398489363988241,0.0,7.110670566558838,1.1053755283355713,0.18645833333333334,9.90943370660146,0.465428583056746,0.3491384983062744
504,gaussian_noise/s5,0.0,16.494457244873047,0.004260789602994919,0.18044354838709678,9.07671873031124,1.1237759142194033,0.21875,4.892997741699219,6.082298278808594,0.16834677419354838,5.255066287133001,6.388289651563091,0.0,6.465527534484863,2.103728771209717,0.18044354838709678,9.798339959113829,0.5182769762229709,0.3138553202152252
505,gaussian_noise/s5,0.0,16.687271118164062,0.0030483140144497156,0.1748046875,9.31454849243164,1.0887531767129985,0.1640625,4.977774143218994,6.090115547180176,0.168212890625,5.246400907635689,6.378971710801125,0.0,7.998950958251953,0.7381766438484192,0.1748046875,9.742109052836895,0.5251488408362661,0.36686092615127563
506,gaussian_noise/s5,0.0,17.343807220458984,0.0012420953717082739,0.16950757575757575,9.557859362977924,1.055798295460232,0.203125,4.5206122398376465,6.080900192260742,0.16927083333333334,5.224407311641809,6.369939240542325,0.0,7.886150360107422,0.530526876449585,0.16950757575757575,9.68586788032994,0.5253118116124273,0.3644709885120392
507,gaussian_noise/s5,0.0,17.564870834350586,0.0008297761087305844,0.1645220588235294,9.793359700371237,1.0247698095969526,0.2265625,4.694216728210449,6.079117774963379,0.17095588235294118,5.208813470952651,6.361385668025298,0.0,7.961014270782471,0.5207022428512573,0.1645220588235294,9.63513689181384,0.5251762360606281,0.3565594255924225
508,gaussian_noise/s5,0.0,17.796716690063477,0.0005118316621519625,0.15982142857142856,10.022027042933873,0.9955052959416727,0.1796875,5.027407169342041,6.11801290512085,0.17120535714285715,5.203630433763776,6.354432160513742,0.0,9.377799987792969,0.19713062047958374,0.15982142857142856,9.627784408841814,0.515803504186884,0.3840038776397705
509,gaussian_noise/s5,0.0,18.0789737701416,0.00033764983527362347,0.15538194444444445,10.245831118689644,0.9678617502164949,0.1953125,4.909723281860352,6.162093162536621,0.171875,5.195466346210903,6.349089410569933,0.0,11.21843147277832,0.0389634370803833,0.15538194444444445,9.671969049506718,0.5025579467672591,0.4351564347743988
510,gaussian_noise/s5,0.0,18.197235107421875,0.0002887287409976125,0.15118243243243243,10.46073392919592,0.9417111280144544,0.2265625,4.811585903167725,6.0892333984375,0.17335304054054054,5.185091199101628,6.342066275106894,0.0,9.384271621704102,0.1692177653312683,0.15118243243243243,9.66419344334989,0.4935487526743944,0.37987884879112244
511,gaussian_noise/s5,0.0,18.183801651000977,0.00025679200189188123,0.14720394736842105,10.663972553453947,0.9169360139088607,0.1640625,4.805612564086914,5.901674747467041,0.17310855263157895,5.17510491923282,6.33047702437953,0.0078125,5.9188761711120605,2.4982855319976807,0.1474095394736842,9.565632462501526,0.5463049837092178,0.2696171700954437
512,gaussian_noise/s5,0.0,18.21999740600586,0.0002386684063822031,0.14342948717948717,10.857716780442457,0.8934309537677715,0.1640625,4.97376823425293,5.963861465454102,0.17287660256410256,5.169942440130772,6.321076625432724,0.0078125,5.883142471313477,2.8989405632019043,0.1438301282051282,9.471209642214653,0.6066289729269789,0.26007771492004395
513,gaussian_noise/s5,0.0,18.303314208984375,0.00021209631813690066,0.13984375,11.043856716156006,0.8711004823315307,0.1953125,4.813384532928467,6.008232593536377,0.1734375,5.161028492450714,6.313255524635315,0.0,6.676750659942627,1.4649765491485596,0.140234375,9.401348167657853,0.6280876623325184,0.2967022955417633
514,gaussian_noise/s5,0.0,18.269031524658203,0.0002100736164720729,0.1364329268292683,11.220080491973132,0.8498592528506755,0.1796875,4.795297145843506,5.877176284790039,0.17358993902439024,5.152108215704197,6.302619445614699,0.0390625,5.280048847198486,3.6689767837524414,0.13776676829268292,9.300828672036893,0.7022556896842239,0.23341314494609833
515,gaussian_noise/s5,0.0078125,18.15264129638672,0.00020568976469803602,0.13337053571428573,11.38514146350679,0.8296294061105333,0.1796875,4.82865571975708,5.852872371673584,0.17373511904761904,5.144406965800694,6.291911181949434,0.171875,4.84744119644165,4.5714216232299805,0.13857886904761904,9.194795636903672,0.79437868810198,0.18700793385505676
516,gaussian_noise/s5,0.0,18.305971145629883,0.00019050795526709408,0.1302688953488372,11.546090990998024,0.8103401294092479,0.1171875,4.888260841369629,5.67377233505249,0.17242005813953487,5.138450079186018,6.277535859928575,0.125,4.871181011199951,4.3207573890686035,0.13826308139534885,9.094246459561726,0.8763874951012038,0.12880875170230865
517,gaussian_noise/s5,0.0,18.324377059936523,0.00018672095029614866,0.12730823863636365,11.700142947110264,0.7919275519442718,0.2578125,4.226280212402344,5.483799934387207,0.17436079545454544,5.117718945850026,6.259496407075361,0.2578125,4.036891460418701,3.76847505569458,0.14098011363636365,8.979306573217565,0.9421167578419624,0.07334929704666138
518,gaussian_noise/s5,0.0078125,18.15065574645996,0.00018955481937155128,0.12465277777777778,11.8434876759847,0.7743333742303852,0.2265625,4.464195251464844,5.521712303161621,0.17552083333333332,5.103196197085911,6.243101204766168,0.2421875,4.3547234535217285,3.653273105621338,0.14322916666666666,8.876538059446547,1.002364676681504,0.06300842016935349
519,gaussian_noise/s5,0.0,18.266660690307617,0.00018080667359754443,0.12194293478260869,11.983121871948242,0.7575039705878462,0.15625,4.845636367797852,5.679269790649414,0.17510190217391305,5.097597070362257,6.230844000111455,0.15625,4.797084331512451,4.030510902404785,0.14351222826086957,8.787854282752328,1.068193942458097,0.07241460680961609
520,gaussian_noise/s5,0.0,18.3226318359375,0.00017977945390157402,0.11934840425531915,12.118005062671418,0.7413906899254219,0.21875,4.572361946105957,5.859607696533203,0.17603058510638298,5.086421854952548,6.222945355354471,0.21875,4.356728553771973,4.505247592926025,0.1451130319148936,8.693575011922958,1.141322743531883,0.10992492735385895
521,gaussian_noise/s5,0.0,18.31036949157715,0.00017206772463396192,0.11686197916666667,12.247012654940287,0.7259486352962389,0.2578125,4.3124213218688965,5.552923679351807,0.177734375,5.070296843846639,6.208986570437749,0.2578125,4.108363151550293,3.9637136459350586,0.1474609375,8.598049764831861,1.2001225539986156,0.08345112949609756
522,gaussian_noise/s5,0.0,18.31441307067871,0.00016718055121600628,0.11447704081632654,12.370837153220663,0.711136768872871,0.2265625,4.486628532409668,5.487864017486572,0.17873086734693877,5.058385245654048,6.194269783642827,0.2109375,4.401883602142334,3.7333290576934814,0.14875637755102042,8.51241372069534,1.2518206459107557,0.06445451825857162
523,gaussian_noise/s5,0.0,18.305381774902344,0.00016253135981969535,0.1121875,12.489528045654296,0.69691728412261,0.21875,4.530146598815918,5.42416524887085,0.17953125,5.0478204727172855,6.178867692947388,0.21875,4.5007710456848145,3.565535545349121,0.15015625,8.432180867195129,1.298094943899523,0.05162718519568443
524,gaussian_noise/s5,0.0,18.34891128540039,0.00016863363271113485,0.10998774509803921,12.6044179131003,0.68325554587771,0.15625,4.94371223449707,5.596269130706787,0.1790747549019608,5.0457791347129675,6.167444191726983,0.15625,5.009066104888916,3.772948741912842,0.15027573529411764,8.365060969895007,1.3466214889586077,0.060756709426641464
525,gaussian_noise/s5,0.0,18.29452896118164,0.00016248390602413565,0.10787259615384616,12.713843125563402,0.670119140839793,0.265625,4.362934112548828,5.66309928894043,0.18073918269230768,5.0326474996713495,6.157745251288781,0.265625,4.143734931945801,3.9195261001586914,0.1524939903846154,8.28388162301137,1.3961004237893786,0.06711128354072571
526,gaussian_noise/s5,0.0,18.338098526000977,0.00016235477232839912,0.1058372641509434,12.819961151986751,0.6574784467630483,0.15625,4.688322067260742,5.370660781860352,0.18027712264150944,5.0261507933994505,6.142894600922206,0.15625,4.762922286987305,3.5071182250976562,0.15256485849056603,8.217448427992046,1.435930948342365,0.04517308250069618
527,gaussian_noise/s5,0.0,18.351940155029297,0.00015525253547821194,0.10387731481481481,12.92240520759865,0.6453057950180934,0.1953125,4.758701324462891,5.2692718505859375,0.18055555555555555,5.021198025456181,6.126716401841906,0.1875,4.955020427703857,3.2344717979431152,0.15321180555555555,8.157033094653377,1.4692372603720085,0.03387673199176788
528,gaussian_noise/s5,0.0,18.319475173950195,0.00015345762949436903,0.10198863636363636,13.020533752441406,0.6335757525201189,0.2109375,4.481508731842041,5.204799652099609,0.18110795454545456,5.011385492845015,6.109954279119318,0.2109375,4.571220874786377,3.2343807220458984,0.15426136363636364,8.091836508837613,1.5013307778569882,0.025318341329693794
529,gaussian_noise/s5,0.0,18.337383270263672,0.00015729336882941425,0.10016741071428571,13.11547749383109,0.6222647086067029,0.1953125,4.513450622558594,5.129631996154785,0.18136160714285715,5.002493798732758,6.09244852406638,0.1953125,4.690515041351318,3.000363826751709,0.15499441964285715,8.031098625489644,1.5280992251586798,0.020690202713012695
530,gaussian_noise/s5,0.0078125,18.23392105102539,0.00015051825903356075,0.09854714912280702,13.205274749220463,0.6113504245655158,0.2265625,4.52919340133667,5.107422828674316,0.18215460526315788,4.994190282988966,6.075167371515642,0.234375,4.7143731117248535,3.0412964820861816,0.15638706140350878,7.97291045858149,1.5546465454556535,0.017784595489501953
531,gaussian_noise/s5,0.0,18.32917594909668,0.0001509537105448544,0.09684806034482758,13.29361787335626,0.6008125026542231,0.21875,4.141478061676025,5.03225040435791,0.1827855603448276,4.9794883481387435,6.0571860444956815,0.21875,4.180753231048584,2.968812942504883,0.15746228448275862,7.907528437417129,1.579028724715123,0.01701117306947708
532,gaussian_noise/s5,0.0,18.354595184326172,0.00014574035594705492,0.09520656779661017,13.379397149813377,0.5906317100728965,0.2578125,4.124639511108398,5.005585670471191,0.1840572033898305,4.964999384799246,6.039362309342724,0.2578125,4.176199436187744,2.903825283050537,0.15916313559322035,7.844285572989512,1.6014829036699605,0.013279658742249012
533,gaussian_noise/s5,0.0,18.355623245239258,0.00014493826893158257,0.09361979166666666,13.462334251403808,0.5807902638761637,0.2421875,4.073001861572266,4.750258445739746,0.18502604166666667,4.95013275941213,6.017877244949341,0.2421875,4.242563724517822,2.6509642601013184,0.160546875,7.784256875514984,1.618974259610483,0.00868525542318821
534,gaussian_noise/s5,0.0,18.327320098876953,0.0001476653851568699,0.09208504098360656,13.542088117755828,0.5712715327533603,0.28125,4.169919013977051,4.8847808837890625,0.18660348360655737,4.937342370142702,5.999301894766385,0.28125,4.312219142913818,2.7948379516601562,0.16252561475409835,7.727338224160866,1.6382507135785105,0.008359912782907486
535,gaussian_noise/s5,0.0,18.36297607421875,0.00014359326451085508,0.09059979838709678,13.619844375118133,0.5620597917938628,0.234375,4.380800247192383,4.64530086517334,0.18737399193548387,4.928365884288665,5.977463168482626,0.234375,4.768162727355957,2.5037550926208496,0.16368447580645162,7.6796095871156265,1.6522104616275806,0.006600971799343824
536,gaussian_noise/s5,0.0,18.341053009033203,0.0001468282425776124,0.08916170634920635,13.694784194704086,0.5531405384041598,0.25,4.1763014793396,4.7368245124816895,0.18836805555555555,4.916428354051378,5.957770491403247,0.25,4.4054765701293945,2.623298168182373,0.1650545634920635,7.627639221766638,1.6676245522078152,0.0068168616853654385
537,gaussian_noise/s5,0.0,18.371551513671875,0.00014064113202039152,0.0877685546875,13.767858684062958,0.5444999150092826,0.21875,4.426367282867432,4.830200672149658,0.1888427734375,4.908771149814129,5.940152212977409,0.21875,4.740647315979004,2.6617140769958496,0.1658935546875,7.582529973238707,1.6831572010326283,0.007286804262548685
538,gaussian_noise/s5,0.0,18.318435668945312,0.00013497730833478272,0.08641826923076923,13.837867560753455,0.5361250698138834,0.1640625,4.662363052368164,4.946043014526367,0.18846153846153846,4.904980256007268,5.924858225308932,0.1640625,5.020863056182861,2.798121690750122,0.1658653846153846,7.543119712976309,1.700310500874436,0.009699770249426365
539,gaussian_noise/s5,0.0,18.379358291625977,0.00014134441153146327,0.08510890151515152,13.906678026372736,0.5280041042774841,0.1953125,4.58123254776001,4.603504657745361,0.1885653409090909,4.900074987700491,5.904837716709483,0.1953125,5.106320381164551,2.4074673652648926,0.16631155303030304,7.506198510979161,1.711024998819746,0.006364025641232729
540,gaussian_noise/s5,0.0,18.359403610229492,0.00013527352712117136,0.08383861940298508,13.973136617176568,0.5201254650125534,0.2890625,4.112782955169678,4.510959625244141,0.19006529850746268,4.888324360349285,5.884033566090598,0.2890625,4.4651031494140625,2.2739834785461426,0.1681436567164179,7.460809027970726,1.7194273641887965,0.004939379636198282
541,gaussian_noise/s5,0.0,18.342618942260742,0.00013692170614376664,0.08260569852941177,14.037393710192513,0.5124785746698121,0.2890625,3.986640691757202,4.073917388916016,0.19152113970588236,4.875064306399402,5.857414210543913,0.2890625,4.470105171203613,2.001587390899658,0.169921875,7.416828088900623,1.7235767763463092,0.00264734891243279
542,gaussian_noise/s5,0.0,18.33395004272461,0.00013939704513177276,0.08140851449275362,14.099662642548049,0.5050533691969906,0.1640625,4.625798225402832,4.625492095947266,0.1911231884057971,4.8714517545009,5.8395602668541065,0.1640625,5.167566776275635,2.434009075164795,0.16983695652173914,7.384230098862579,1.7338728966190409,0.003423873567953706
543,gaussian_noise/s5,0.0,18.402462005615234,0.00013362200115807354,0.08024553571428572,14.16113120487758,0.49784022995133587,0.203125,4.152288913726807,4.431692600250244,0.19129464285714284,4.861177999632699,5.819447871616909,0.203125,4.518665790557861,2.399627208709717,0.1703125,7.343293465886798,1.7433836725060505,0.0035518421791493893
544,gaussian_noise/s5,0.0,18.343852996826172,0.00013464134826790541,0.07911531690140845,14.220042779412069,0.490830292083687,0.25,4.365482330322266,4.179121017456055,0.19212147887323944,4.8541963704874815,5.796344676487882,0.25,4.95826530456543,2.205841302871704,0.17143485915492956,7.309701519952694,1.7498971602576796,0.0024408113677054644
545,gaussian_noise/s5,0.0078125,18.176435470581055,0.0001341478491667658,0.078125,14.274992677900526,0.4840150678582076,0.2734375,3.8925275802612305,4.70965576171875,0.19325086805555555,4.840839859512117,5.7812517748938665,0.2734375,4.001236438751221,2.5623703002929688,0.1728515625,7.263750616047117,1.7611815094248362,0.0038486008998006582
546,gaussian_noise/s5,0.0,18.316173553466797,0.00012824493751395494,0.07705479452054795,14.330351320031571,0.4773864812428556,0.2265625,4.214781761169434,4.184806823730469,0.1937071917808219,4.832263721178656,5.7593826659738205,0.2265625,4.725461006164551,2.2201695442199707,0.1735873287671233,7.2289795255007805,1.7674690167507972,0.0030505992472171783
547,gaussian_noise/s5,0.0,18.351953506469727,0.00013071284047327936,0.07601351351351351,14.384697295523978,0.4709370789671477,0.2109375,4.216153621673584,4.184863567352295,0.19394003378378377,4.823937909023182,5.738105380857313,0.2109375,4.727444648742676,2.224637508392334,0.1740920608108108,7.1951750001391845,1.7736469693405474,0.0024993466213345528
548,gaussian_noise/s5,0.0,18.39488983154297,0.00012391128984745592,0.075,14.438166529337565,0.4646595700647837,0.2109375,4.332196235656738,4.208799362182617,0.19416666666666665,4.817381353378296,5.71771463394165,0.2109375,4.879257678985596,2.2926340103149414,0.17458333333333334,7.164296102523804,1.7805667965535394,0.0025332525838166475
549,gaussian_noise/s5,0.0,18.359277725219727,0.00013076301547698677,0.07401315789473684,14.489760097704435,0.4585473489193981,0.140625,4.917294979095459,3.987924575805664,0.19346217105263158,4.818696006348259,5.694954238439861,0.140625,5.901625156402588,1.978649616241455,0.17413651315789475,7.147682011127472,1.7831731494441698,0.0018401456763967872
550,gaussian_noise/s5,0.0,18.37957763671875,0.00012488708307500929,0.07305194805194805,14.540277208600726,0.45259381045399133,0.28125,4.04115104675293,3.819973945617676,0.19460227272727273,4.808598019860008,5.670603845026586,0.28125,4.638790130615234,1.9533578157424927,0.1755275974025974,7.115098999692248,1.7853833399155767,0.0012678782222792506
551,gaussian_noise/s5,0.0,18.325090408325195,0.0001263819431187585,0.07211538461538461,14.58880045475104,0.4467929459859032,0.2421875,4.0909199714660645,3.9870455265045166,0.19521233974358973,4.7993970192395725,5.649019764019893,0.2421875,4.650751113891602,2.014486789703369,0.17638221153846154,7.083504796028137,1.7883205636308048,0.0012895622057840228
552,gaussian_noise/s5,0.0,18.407995223999023,0.00012937519932165742,0.07120253164556962,14.637144692336456,0.44113897673544017,0.25,4.85055685043335,4.557756423950195,0.19590585443037975,4.8000446120394935,5.63520630401901,0.25,5.401037216186523,2.709803581237793,0.177314082278481,7.062207738055458,1.79998490562583,0.026440821588039398
553,glass_blur/s5,0.2421875,4.578930377960205,3.630469799041748,0.2421875,4.578930377960205,3.630469799041748,0.1953125,5.226781845092773,6.369293212890625,0.1953125,5.226781845092773,6.369293212890625,0.2421875,6.004052639007568,1.3769137859344482,0.2421875,6.004052639007568,1.3769137859344482,0.9882893562316895
554,glass_blur/s5,0.2578125,4.148496627807617,3.045015811920166,0.25,4.363713502883911,3.337742805480957,0.1640625,5.263017177581787,6.369541168212891,0.1796875,5.24489951133728,6.369417190551758,0.2578125,5.731934070587158,0.9145486354827881,0.25,5.867993354797363,1.1457312107086182,0.9992984533309937
555,glass_blur/s5,0.1875,4.811257839202881,2.816452741622925,0.22916666666666666,4.512894948323567,3.163979450861613,0.09375,5.56703519821167,6.389869689941406,0.15104166666666666,5.352278073628743,6.376234690348308,0.1875,6.907983303070068,0.9224497079849243,0.22916666666666666,6.214656670888265,1.0713040431340535,0.9998636245727539
556,glass_blur/s5,0.3203125,4.216527462005615,2.354966640472412,0.251953125,4.43880307674408,2.9617262482643127,0.1796875,5.235654354095459,6.327936172485352,0.158203125,5.323122143745422,6.364160060882568,0.3203125,6.118152141571045,0.7568786144256592,0.251953125,6.19053053855896,0.992697685956955,0.9999550580978394
557,glass_blur/s5,0.2890625,4.244100570678711,1.7449477910995483,0.259375,4.399862575531006,2.71837055683136,0.1328125,5.381443023681641,6.361191749572754,0.153125,5.334786319732666,6.3635663986206055,0.2890625,6.440237045288086,0.5370635986328125,0.259375,6.240471839904785,0.9015708684921264,0.9999879598617554
558,glass_blur/s5,0.1796875,4.9010515213012695,1.9788204431533813,0.24609375,4.483394066492717,2.5951122045516968,0.0625,5.549653053283691,6.331538200378418,0.13802083333333334,5.37059744199117,6.358228365580241,0.1796875,7.444570064544678,0.608636736869812,0.24609375,6.4411548773447675,0.8527485132217407,0.9999880790710449
559,glass_blur/s5,0.3125,3.9547841548919678,1.6638425588607788,0.25558035714285715,4.407878364835467,2.4620736837387085,0.15625,5.19596529006958,6.300522327423096,0.140625,5.345649991716657,6.349984645843506,0.3125,5.969303131103516,0.5457752346992493,0.25558035714285715,6.373747485024588,0.8088951877185276,0.999991774559021
560,glass_blur/s5,0.296875,5.05319356918335,1.616067886352539,0.2607421875,4.488542765378952,2.3563229590654373,0.1796875,5.327972888946533,6.313384056091309,0.1455078125,5.343440353870392,6.345409572124481,0.296875,7.742679595947266,0.5721127986907959,0.2607421875,6.544863998889923,0.7792973890900612,0.9999884366989136
561,glass_blur/s5,0.21875,5.773428440093994,1.252411127090454,0.2560763888888889,4.63130784034729,2.233666088845995,0.1640625,5.10929012298584,6.218299865722656,0.14756944444444445,5.317423661549886,6.331286271413167,0.21875,8.916675567626953,0.4355676770210266,0.2560763888888889,6.808398617638482,0.7411051988601685,0.9999595880508423
562,glass_blur/s5,0.1484375,7.2032880783081055,0.6739387512207031,0.2453125,4.888505864143371,2.0776933550834658,0.1875,4.9779791831970215,6.216232776641846,0.1515625,5.2834792137146,6.319780921936035,0.1484375,11.34756851196289,0.225669264793396,0.2453125,7.2623156070709225,0.6895616054534912,0.9998600482940674
563,glass_blur/s5,0.09375,8.70547103881836,0.43251579999923706,0.2315340909090909,5.235502698204734,1.9281317591667175,0.1328125,5.2457427978515625,6.250049591064453,0.14985795454545456,5.280048630454323,6.313441710038618,0.09375,13.441162109375,0.12340407073497772,0.2315340909090909,7.824028925462202,0.6380927386608991,0.999138355255127
564,glass_blur/s5,0.03125,11.034810066223145,0.06960496306419373,0.21484375,5.718778312206268,1.7732545261581738,0.234375,4.945407390594482,6.175624370574951,0.15690104166666666,5.252161860466003,6.30195693174998,0.03125,16.506181716918945,0.00786628294736147,0.21484375,8.547541658083597,0.5855738673514376,0.987562894821167
565,glass_blur/s5,0.0,12.456157684326172,0.03709004074335098,0.19831730769230768,6.2370382639078,1.6397034118954952,0.1171875,5.301689624786377,6.2989091873168945,0.15384615384615385,5.255971688490647,6.301722489870512,0.0,17.563411712646484,0.004028934054076672,0.19831730769230768,9.241070123819204,0.5408396417131791,0.944373369216919
566,glass_blur/s5,0.0078125,13.41261100769043,0.01889656111598015,0.18470982142857142,6.749579174177987,1.5239314939826727,0.1875,5.044460296630859,6.1917314529418945,0.15625,5.240863731929234,6.293865987232754,0.0078125,17.641830444335938,0.0028853199910372496,0.18470982142857142,9.841124432427543,0.5024143330187404,0.8400311470031738
567,glass_blur/s5,0.0,14.304754257202148,0.008787157014012337,0.17239583333333333,7.253257513046265,1.4229218715180953,0.125,5.500786781311035,6.237354755401611,0.15416666666666667,5.258191935221354,6.290098571777344,0.0,17.441024780273438,0.000281475018709898,0.17239583333333333,10.34778445561727,0.4689388091520717,0.7601103782653809
568,glass_blur/s5,0.0,14.871716499328613,0.007248811889439821,0.16162109375,7.729411199688911,1.3344423052913044,0.171875,5.080773830413818,6.2004594802856445,0.1552734375,5.247103303670883,6.2844961285591125,0.0,16.226228713989258,0.0011823520762845874,0.16162109375,10.715187221765518,0.439704030584835,0.6884754300117493
569,glass_blur/s5,0.0078125,15.263855934143066,0.02104116603732109,0.15257352941176472,8.172613831127391,1.2571834147469525,0.1875,4.951083660125732,6.0707244873046875,0.15716911764705882,5.229690383462345,6.271921326132381,0.0078125,14.010787963867188,0.00513660442084074,0.15257352941176472,10.909046088947969,0.41414124081048237,0.5987040996551514
570,glass_blur/s5,0.0078125,15.606982231140137,0.003023352939635515,0.14453125,8.585634297794766,1.187507855757657,0.1328125,5.045142650604248,6.128089904785156,0.1558159722222222,5.219437731636895,6.2639306916130915,0.0078125,13.203581809997559,0.008400109596550465,0.14453125,11.036520295672947,0.39160006685415283,0.5574818849563599
571,glass_blur/s5,0.0,16.075284957885742,0.002393951639533043,0.13692434210526316,8.979826437799554,1.1251334397514399,0.15625,5.011964321136475,6.183681011199951,0.15583881578947367,5.208518078452663,6.2597070242229265,0.0,13.474090576171875,0.007556500844657421,0.13692434210526316,11.164813468330784,0.3713872475904952,0.5527941584587097
572,glass_blur/s5,0.0,16.074216842651367,0.022111419588327408,0.130078125,9.334545958042145,1.0699823387432843,0.1328125,5.31025505065918,6.111719131469727,0.1546875,5.213604927062988,6.252307629585266,0.0,12.655946731567383,0.044612105935811996,0.130078125,11.239370131492615,0.355048490507761,0.5180256962776184
573,glass_blur/s5,0.0,16.180679321289062,0.002142556942999363,0.12388392857142858,9.660552308672951,1.0191328253242231,0.1796875,4.811074256896973,6.029873847961426,0.1558779761904762,5.194436799912226,6.241715544746036,0.0,10.247725486755371,0.08795422315597534,0.12388392857142858,11.192148957933698,0.3423297158719617,0.45045435428619385
574,glass_blur/s5,0.0,16.369726181030273,0.0021682558581233025,0.11825284090909091,9.965514757416464,0.9729071630757641,0.25,4.628828525543213,5.975400924682617,0.16015625,5.168727332895452,6.229610334743153,0.0,7.756736755371094,0.6146759390830994,0.11825284090909091,11.035993857817216,0.35470908965428616,0.37050217390060425
575,glass_blur/s5,0.0078125,16.286237716674805,0.0023716273717582226,0.11345108695652174,10.240328799123349,0.9307099658712421,0.1953125,4.79679536819458,6.010865211486816,0.16168478260869565,5.152556377908458,6.220099677210269,0.0078125,7.68859338760376,0.7385586500167847,0.11345108695652174,10.890454706938371,0.37139820097439474,0.36353322863578796
576,glass_blur/s5,0.0,16.258806228637695,0.00258825346827507,0.10872395833333333,10.491098692019781,0.8920382278544517,0.1640625,4.927021026611328,5.9476423263549805,0.16178385416666666,5.143159071604411,6.208747287591298,0.0078125,6.633434772491455,1.862351417541504,0.10904947916666667,10.713078876336416,0.43352125166469097,0.32069259881973267
577,glass_blur/s5,0.0078125,16.13641929626465,0.0026900956872850657,0.1046875,10.716911516189576,0.8564643025677651,0.15625,4.989879608154297,6.0673136711120605,0.1615625,5.137027893066406,6.203089942932129,0.0078125,8.178489685058594,0.580406129360199,0.105,10.611695308685302,0.4393966467725113,0.37643963098526
578,glass_blur/s5,0.0,16.194684982299805,0.0027485210448503494,0.1006610576923077,10.927595111039969,0.8236290802014992,0.1640625,4.838186264038086,5.862372875213623,0.16165865384615385,5.125533984257625,6.189985440327571,0.0625,5.445063591003418,3.650329113006592,0.10336538461538461,10.412978704159077,0.5628940493199759,0.26439085602760315
579,glass_blur/s5,0.0,16.471750259399414,0.00232631154358387,0.09693287037037036,11.132934190608838,0.7932104591400949,0.1953125,4.87341833114624,5.854701042175293,0.1629050925925926,5.116196367475721,6.1775674996552645,0.109375,5.043496131896973,4.563333034515381,0.10358796296296297,10.21410897926048,0.711058456179065,0.22078198194503784
580,glass_blur/s5,0.0,16.342744827270508,0.0024887477047741413,0.09347098214285714,11.318998856203896,0.7649703980174049,0.1796875,4.947929382324219,5.881232261657715,0.16350446428571427,5.110186832291739,6.166984098298209,0.09375,5.111889839172363,4.523723125457764,0.10323660714285714,10.031886867114476,0.8472250515104471,0.2184928059577942
581,glass_blur/s5,0.0,16.495073318481445,0.002156350528821349,0.0902478448275862,11.497484182489329,0.7386664653453847,0.203125,4.838168621063232,5.869785785675049,0.1648706896551724,5.100806893973515,6.156735880621548,0.0859375,5.069887161254883,4.430305004119873,0.10264008620689655,9.860783428981387,0.97077953263491,0.22441506385803223
582,glass_blur/s5,0.0,16.608190536499023,0.0016714641824364662,0.08723958333333333,11.667841060956318,0.7140999653066198,0.1328125,4.942343235015869,5.953896999359131,0.16380208333333332,5.09552477200826,6.149974584579468,0.03125,5.48785924911499,3.703751802444458,0.10026041666666667,9.715019289652506,1.0618786082952283,0.2564743757247925
583,glass_blur/s5,0.015625,16.601804733276367,0.0013252253411337733,0.08492943548387097,11.827001179418255,0.6911072317593461,0.2265625,4.706618785858154,5.852335453033447,0.1658266129032258,5.082979417616321,6.1403733222715315,0.1328125,4.7791852951049805,4.372511386871338,0.10131048387096774,9.55579883821549,1.168673214055748,0.2195449024438858
584,glass_blur/s5,0.0,17.038230895996094,0.0013109499122947454,0.082275390625,11.989852108061314,0.6695510979516257,0.15625,4.768090724945068,5.674739837646484,0.16552734375,5.0731391459703445,6.125822275876999,0.1171875,4.745404243469238,4.493917942047119,0.101806640625,9.40547400712967,1.2725871118054783,0.1587195098400116
585,glass_blur/s5,0.0078125,17.11891746520996,0.0009516263380646706,0.08001893939393939,12.145278331005212,0.6492905079027299,0.234375,4.535289287567139,5.693489074707031,0.16761363636363635,5.056840665412672,6.112721269780939,0.2265625,4.376806735992432,4.3799567222595215,0.10558712121212122,9.253090150428541,1.3667498272737826,0.13378305733203888
586,glass_blur/s5,0.0,17.360719680786133,0.0008800019277259707,0.07766544117647059,12.298673664822298,0.630219610668171,0.2109375,4.95758056640625,5.914750099182129,0.16888786764705882,5.053921250736012,6.106898588292739,0.1171875,5.049302101135254,4.710845947265625,0.10592830882352941,9.129449325449327,1.4651055955088368,0.19644834101200104
587,glass_blur/s5,0.0,17.43665313720703,0.0006844863528385758,0.07544642857142857,12.445473078319004,0.61223289283059,0.171875,4.941142559051514,5.682971477508545,0.1689732142857143,5.050699002402169,6.094786385127477,0.15625,4.931542873382568,4.431868076324463,0.10736607142857142,9.009509141104562,1.5498702378178548,0.15517939627170563
588,glass_blur/s5,0.0,17.672090530395508,0.00047766591887921095,0.07335069444444445,12.590656896432241,0.5952396920830425,0.265625,4.577308654785156,5.820415496826172,0.1716579861111111,5.037549270523919,6.087164971563551,0.265625,4.445590972900391,4.6849493980407715,0.11176215277777778,8.882733636432224,1.6369557700462691,0.16506046056747437
589,glass_blur/s5,0.0,17.811010360717773,0.00046871384256519377,0.07136824324324324,12.73174753060212,0.5791648007792458,0.171875,4.939881324768066,5.717754364013672,0.17166385135135134,5.034909596314302,6.07718090108923,0.1484375,4.938251495361328,4.504822731018066,0.11275337837837837,8.776126010997876,1.7144656879103717,0.15362221002578735
590,glass_blur/s5,0.0,17.838754653930664,0.00044288593926467,0.06949013157894737,12.86614245490024,0.5639352767045095,0.1484375,5.043004035949707,5.775690078735352,0.17105263157894737,5.035122607883654,6.069246932079918,0.125,5.090520858764648,4.562067985534668,0.11307565789473684,8.679136401728579,1.7894025904794322,0.1651308834552765
591,glass_blur/s5,0.0078125,17.862897872924805,0.0003559355391189456,0.06790865384615384,12.994264388695742,0.5494845243669354,0.1875,4.769087314605713,5.766399383544922,0.17147435897435898,5.028301190107297,6.06148161032261,0.1015625,4.8356523513793945,4.441693305969238,0.11278044871794872,8.580585528642704,1.8574100447227606,0.18967702984809875
592,glass_blur/s5,0.0,17.89917755126953,0.00034092873102054,0.0662109375,13.116887217760086,0.5357559344760375,0.1796875,4.915838241577148,5.677611351013184,0.1716796875,5.025489616394043,6.051884853839875,0.171875,4.892512798309326,4.448258399963379,0.1142578125,8.488383710384369,1.922181253603776,0.15044212341308594
593,glass_blur/s5,0.0,18.045936584472656,0.00027804920682683587,0.06459603658536585,13.237107934021369,0.5226954982499592,0.125,5.149087429046631,5.627493858337402,0.17054115853658536,5.028504197190448,6.04153385394957,0.1171875,5.217923641204834,4.225724220275879,0.11432926829268293,8.408616391623893,1.9783652284006565,0.11544804275035858
594,glass_blur/s5,0.0078125,17.975475311279297,0.0002827598073054105,0.06324404761904762,13.349926204908462,0.5102570997156103,0.2421875,4.553645133972168,5.504371643066406,0.1722470238095238,5.017198029018584,6.028744277499971,0.25,4.464920997619629,3.8662211894989014,0.11755952380952381,8.314718882242838,2.023314179855377,0.0791354775428772
595,glass_blur/s5,0.0,18.06989860534668,0.0002608838549349457,0.06177325581395349,13.459693004918654,0.49839672260257134,0.15625,4.775505542755127,5.595425605773926,0.171875,5.011577273524085,6.018667099087737,0.15625,4.718123435974121,4.113979339599609,0.1184593023255814,8.23107712767845,2.0719342998494286,0.08607549220323563
596,glass_blur/s5,0.0078125,18.02793312072754,0.00024559261510148644,0.060546875,13.56351664391431,0.48707510601194703,0.2265625,4.659905433654785,5.338353633880615,0.17311789772727273,5.003584731708873,6.003205429423939,0.2265625,4.717319488525391,3.4678359031677246,0.12091619318181818,8.15121899951588,2.1036593362884806,0.0549771748483181
597,glass_blur/s5,0.0,18.220157623291016,0.0002156674163416028,0.05920138888888889,13.666997554567125,0.4762560073764891,0.2265625,4.484331130981445,5.238040924072266,0.17430555555555555,4.992045762803819,5.986201773749458,0.2265625,4.5494866371154785,3.278355598449707,0.1232638888888889,8.071180502573648,2.1297636976698415,0.03766334056854248
598,glass_blur/s5,0.0,18.223793029785156,0.00020368726109154522,0.05791440217391304,13.766058325767517,0.46590704389571963,0.140625,4.871701717376709,5.547605514526367,0.17357336956521738,4.98942958790323,5.976667072461999,0.140625,4.8987884521484375,3.9030327796936035,0.12364130434782608,8.002215457999188,2.168313025539923,0.05715839937329292
599,glass_blur/s5,0.0,18.218870162963867,0.0002043728600256145,0.05668218085106383,13.860799003154673,0.4559984764268751,0.1484375,4.878135681152344,5.3668317794799805,0.17303856382978725,4.9870616324404455,5.9636918534623815,0.1484375,5.020820140838623,3.5659775733947754,0.1241688829787234,7.938781515080878,2.198050569111303,0.046625033020973206
600,glass_blur/s5,0.0,18.249975204467773,0.00018936899141408503,0.055501302083333336,13.952240174015364,0.446502453355303,0.2265625,4.518092155456543,5.356823444366455,0.17415364583333334,4.977291435003281,5.951048761606216,0.2265625,4.511641502380371,3.5263900756835938,0.12630208333333334,7.867382764816284,2.225724308831559,0.04280749708414078
601,glass_blur/s5,0.0,18.215734481811523,0.00020072035840712488,0.054368622448979595,14.03925026192957,0.43739425472271326,0.203125,4.491544723510742,5.3795695304870605,0.1747448979591837,4.967378236809555,5.939385920154805,0.203125,4.4876322746276855,3.428102493286133,0.1278698979591837,7.7984082650165165,2.25026263912655,0.043361466377973557
602,glass_blur/s5,0.0,18.25667381286621,0.000175662396941334,0.05328125,14.123598732948302,0.4286498828761978,0.21875,4.544260025024414,5.294994831085205,0.175625,4.9589158725738525,5.926498098373413,0.21875,4.5849833488464355,3.4259495735168457,0.1296875,7.734139766693115,2.273776377814356,0.035877496004104614
603,glass_blur/s5,0.0,18.314674377441406,0.0001702140289125964,0.05223651960784314,14.205776686761894,0.4202483207419373,0.15625,5.0002641677856445,5.248337745666504,0.17524509803921567,4.959726623460358,5.913200836555631,0.15625,5.288477897644043,3.3392481803894043,0.13020833333333334,7.686185612398035,2.294667981786416,0.032915037125349045
604,glass_blur/s5,0.0,18.313175201416016,0.00015707673446740955,0.05123197115384615,14.284765119736011,0.41216964297256287,0.2421875,4.20600700378418,5.07375955581665,0.17653245192307693,4.945232015389663,5.897057735002958,0.2421875,4.232290744781494,3.1055874824523926,0.13236177884615385,7.619764557251563,2.310262587568454,0.024089103564620018
605,glass_blur/s5,0.0,18.32944107055664,0.00015237445768434554,0.05026533018867924,14.361079760317532,0.40439573224586706,0.1640625,4.8087334632873535,5.301431179046631,0.17629716981132076,4.942656571010374,5.8858194980981215,0.1640625,4.991343975067139,3.3641908168792725,0.13295990566037735,7.570171716078272,2.3301480258573375,0.02944912388920784
606,glass_blur/s5,0.0078125,18.096763610839844,0.00016076923930086195,0.049479166666666664,14.43025909088276,0.3969098995975973,0.171875,4.926650047302246,5.204771041870117,0.1762152777777778,4.9423601539046675,5.873207489649455,0.171875,5.197134017944336,3.268768310546875,0.13368055555555555,7.526226573520237,2.3475298829812177,0.028195243328809738
607,glass_blur/s5,0.0,18.282529830932617,0.00014832228771410882,0.04857954545454545,14.500300377065486,0.38969605273741764,0.1875,4.649262428283691,5.129134654998779,0.17642045454545455,4.9370311043479225,5.859678892655806,0.1875,4.853877544403076,3.149627208709717,0.13465909090909092,7.47763840935447,2.3621134707217357,0.02492542192339897
608,glass_blur/s5,0.0,18.360754013061523,0.00014294261927716434,0.04771205357142857,14.569237049136843,0.3827397471995937,0.234375,4.458698272705078,5.135847568511963,0.17745535714285715,4.928489446640015,5.846753333296094,0.234375,4.58006477355957,3.1484062671661377,0.13643973214285715,7.425896023000989,2.376154413515386,0.022685185074806213
609,glass_blur/s5,0.0,18.305511474609375,0.00014550417836289853,0.046875,14.63478572326794,0.37602756749746685,0.15625,4.734305381774902,5.095721244812012,0.17708333333333334,4.925082708659925,5.833577331743743,0.15625,4.970210552215576,3.254272937774658,0.1367872807017544,7.38281382175914,2.3915600016602854,0.023287760093808174
610,glass_blur/s5,0.0,18.2876033782959,0.0001495874603278935,0.04606681034482758,14.697765338009802,0.3695469126692403,0.21875,4.302316188812256,4.993357181549072,0.17780172413793102,4.914345354869448,5.819090777430041,0.2265625,4.453075408935547,2.841064691543579,0.13833512931034483,7.332301090503561,2.3993100825203424,0.019253578037023544
611,glass_blur/s5,0.0078125,18.203514099121094,0.0001359710586257279,0.04541843220338983,14.757184808537112,0.36328571026906037,0.2890625,4.132601261138916,4.824684143066406,0.1796875,4.90109545497571,5.802236427695064,0.2890625,4.2854695320129395,2.700439214706421,0.1408898305084746,7.280659877647788,2.4044139661167163,0.011489558964967728
612,glass_blur/s5,0.0,18.333324432373047,0.00014312562416307628,0.044661458333333334,14.816787135601043,0.35723333385831213,0.25,4.259062767028809,4.822983264923096,0.180859375,4.890394910176595,5.785915541648865,0.25,4.4585771560668945,2.781278610229492,0.14270833333333333,7.233625165621439,2.410695043518596,0.010644206777215004
613,glass_blur/s5,0.0,18.287649154663086,0.00013967098493594676,0.043929303278688527,14.873686512962717,0.35137933938497806,0.21875,4.446985244750977,4.843111038208008,0.18148053278688525,4.883125899267978,5.7704597301170475,0.21875,4.7430291175842285,2.750962734222412,0.14395491803278687,7.1927957222109935,2.416273202382593,0.009646499529480934
614,glass_blur/s5,0.0,18.33844757080078,0.000136009999550879,0.04322076612903226,14.929569755831073,0.3457141243948905,0.1953125,4.339425086975098,4.6361083984375,0.18170362903225806,4.874356531327771,5.7521637408964095,0.1953125,4.650774955749512,2.7143523693084717,0.14478326612903225,7.151795387268066,2.4210809308813976,0.008152742870151997
615,glass_blur/s5,0.0,18.356136322021484,0.00013180967653170228,0.042534722222222224,14.983959701326159,0.34022869082793245,0.1953125,4.4611735343933105,4.742349147796631,0.18191964285714285,4.86779807105897,5.736134937831333,0.1953125,4.8081955909729,2.690737009048462,0.14558531746031747,7.114595390501476,2.4253611860903983,0.0078968470916152
616,glass_blur/s5,0.0,18.326894760131836,0.0001305124897044152,0.0418701171875,15.036193061619997,0.33491465679139765,0.28125,4.09023380279541,4.846629619598389,0.1834716796875,4.8556486293673515,5.722236417233944,0.28125,4.179808139801025,2.8756887912750244,0.147705078125,7.068739339709282,2.4323975549214083,0.009244422428309917
617,glass_blur/s5,0.0,18.313913345336914,0.00012531370157375932,0.04122596153846154,15.086619527523334,0.3297640515130927,0.21875,4.462011814117432,4.621854305267334,0.1840144230769231,4.849592678363507,5.705307461665227,0.21875,4.874411106109619,2.5633678436279297,0.14879807692307692,7.034980443807749,2.43441248243997,0.006862776819616556
618,glass_blur/s5,0.0,18.335262298583984,0.00013290793867781758,0.04060132575757576,15.13584138769092,0.32476964024681365,0.1796875,4.367556095123291,4.549959182739258,0.18394886363636365,4.842289093768958,5.687802184711803,0.1796875,4.7833943367004395,2.4384512901306152,0.14926609848484848,7.000865502790972,2.434473676495889,0.006196571514010429
619,glass_blur/s5,0.0,18.365459442138672,0.00012145416985731572,0.039995335820895525,15.184044642234916,0.3199241449322322,0.1953125,4.47141695022583,4.58847188949585,0.18411847014925373,4.836753688641449,5.671394269857833,0.1953125,4.944625377655029,2.3902478218078613,0.14995335820895522,6.970175351669539,2.4338135891124857,0.006344723980873823
620,glass_blur/s5,0.0,18.335832595825195,0.00012820748088415712,0.03940716911764706,15.230394465081831,0.31522126349912416,0.265625,4.185420989990234,4.351637840270996,0.18531709558823528,4.82717526660246,5.651986087069792,0.265625,4.606740474700928,2.3183388710021973,0.15165441176470587,6.935418956420001,2.4321154314932167,0.0044051664881408215
621,glass_blur/s5,0.0,18.313552856445312,0.00012128006346756592,0.03883605072463768,15.275077920029128,0.3106545970725204,0.15625,4.847972869873047,4.768442630767822,0.18489583333333334,4.827476681142613,5.6391811094422275,0.15625,5.370591640472412,2.727844715118408,0.15172101449275363,6.912740299667138,2.4364013631399586,0.006253689993172884
622,glass_blur/s5,0.0078125,18.1771240234375,0.00012489389337133616,0.038392857142857145,15.31653572150639,0.30621845845567547,0.203125,4.521753787994385,4.530526638031006,0.18515625,4.823109211240496,5.623343188422067,0.203125,5.010549545288086,2.4885001182556152,0.15245535714285716,6.885566146033151,2.4371456310701824,0.005207092501223087
623,glass_blur/s5,0.0,18.394411087036133,0.00012247046106494963,0.037852112676056336,15.359886078767374,0.3019072473571598,0.2265625,4.408901214599609,4.52992057800293,0.1857394366197183,4.8172752957948495,5.607942869965459,0.2265625,4.841550350189209,2.497169017791748,0.15349911971830985,6.856777191162109,2.437991030883162,0.004749865736812353
624,glass_blur/s5,0.0,18.3415584564209,0.00011844877735711634,0.03732638888888889,15.401298195123672,0.29771573626577363,0.2734375,4.154026031494141,4.2028584480285645,0.1869574652777778,4.80806350045734,5.588427808549669,0.2734375,4.648116588592529,2.1461331844329834,0.15516493055555555,6.826101349459754,2.4339374496824653,0.003249462926760316
625,glass_blur/s5,0.0,18.378570556640625,0.00011761441419366747,0.036815068493150686,15.442082748021164,0.2936390496650671,0.2109375,4.391931056976318,4.080434799194336,0.1872859589041096,4.802363056026093,5.567770370065349,0.2109375,5.062644004821777,2.051778793334961,0.1559289383561644,6.801944399533206,2.428702399595513,0.0024163969792425632
626,glass_blur/s5,0.0,18.33228302001953,0.00012503174366429448,0.036317567567567564,15.481139508453575,0.28967264401748055,0.2734375,4.168774604797363,4.235401153564453,0.18845016891891891,4.793801049928407,5.5497653806531755,0.2734375,4.627190589904785,2.2653913497924805,0.15751689189189189,6.7725558345382275,2.4264954935170935,0.0021552632097154856
627,glass_blur/s5,0.0,18.34286880493164,0.00011190226359758526,0.035833333333333335,15.519295899073283,0.2858118341274288,0.2109375,4.462224960327148,4.14129638671875,0.18875,4.789380035400391,5.530985794067383,0.2109375,5.139647483825684,2.0933709144592285,0.15822916666666667,6.7507837231953935,2.4220538324629888,0.0020300738979130983
628,glass_blur/s5,0.0,18.389259338378906,0.00011795884347520769,0.03536184210526316,15.557058575906252,0.28205270418948203,0.1484375,4.8028130531311035,4.1582770347595215,0.18821957236842105,4.78955678563369,5.512923836708069,0.1484375,5.622230052947998,2.1719157695770264,0.15810032894736842,6.7359343327974015,2.4187625421618577,0.001892692525871098
629,glass_blur/s5,0.0,18.316625595092773,0.00011875671771122143,0.0349025974025974,15.59289710862296,0.27839122435218633,0.140625,4.738623142242432,4.179812908172607,0.18760146103896103,4.788895309745492,5.495610707766049,0.140625,5.511029243469238,2.238050937652588,0.1578733766233766,6.720026474494438,2.4164156382071917,0.0023348070681095123
630,glass_blur/s5,0.0,18.370254516601562,0.0001136689679697156,0.03445512820512821,15.628504254879095,0.274823563385722,0.1875,4.281315326690674,4.1723785400390625,0.18760016025641027,4.782387874065301,5.478646192795191,0.1875,4.815732955932617,2.2493958473205566,0.15825320512820512,6.695612455025698,2.4142743588368503,0.002502589486539364
631,glass_blur/s5,0.0,18.363243103027344,0.00011875369818881154,0.03401898734177215,15.66312120232401,0.2713462873137279,0.125,4.549412250518799,4.486974716186523,0.18680775316455697,4.779438815539396,5.466093389293816,0.125,4.983033180236816,2.59269118309021,0.15783227848101267,6.673934236357484,2.416532799650184,0.040408264845609665
632,impulse_noise/s5,0.3515625,3.6804940700531006,4.546974182128906,0.3515625,3.6804940700531006,4.546974182128906,0.1328125,5.498827934265137,6.54270601272583,0.1328125,5.498827934265137,6.54270601272583,0.3515625,3.9910805225372314,1.851841688156128,0.3515625,3.9910805225372314,1.851841688156128,0.981830894947052
633,impulse_noise/s5,0.421875,2.991795778274536,2.9843783378601074,0.38671875,3.3361449241638184,3.765676259994507,0.15625,5.504477024078369,6.5893988609313965,0.14453125,5.501652479171753,6.566052436828613,0.421875,3.7569057941436768,1.0255136489868164,0.38671875,3.873993158340454,1.4386776685714722,0.9996883869171143
634,impulse_noise/s5,0.28125,3.7734479904174805,2.8662357330322266,0.3515625,3.481912612915039,3.46586275100708,0.0859375,5.700329303741455,6.633655548095703,0.125,5.567878087361653,6.588586807250977,0.28125,5.13538122177124,0.9547910690307617,0.3515625,4.294455846150716,1.2773821353912354,0.9999771118164062
635,impulse_noise/s5,0.390625,3.3795368671417236,2.2830214500427246,0.361328125,3.45631867647171,3.170152425765991,0.15625,5.554241180419922,6.583096981048584,0.1328125,5.564468860626221,6.587214350700378,0.390625,4.73897123336792,0.739275336265564,0.361328125,4.405584692955017,1.1428554356098175,0.999994158744812
636,impulse_noise/s5,0.3671875,3.40344500541687,2.2144668102264404,0.3625,3.445743942260742,2.9790153026580812,0.21875,5.266739368438721,6.539801597595215,0.15,5.50492296218872,6.577731800079346,0.3671875,4.774875640869141,0.7768583297729492,0.3625,4.479442882537842,1.0696560144424438,0.9999972581863403
637,impulse_noise/s5,0.3828125,3.3603641986846924,2.0852792263031006,0.3658854166666667,3.4315139849980674,2.830059289932251,0.09375,5.692156791687012,6.563763618469238,0.140625,5.536128600438436,6.575403769810994,0.3828125,4.771488189697266,0.7324454188346863,0.3658854166666667,4.528117100397746,1.0134542485078175,0.9999983310699463
638,impulse_noise/s5,0.4375,2.832246780395508,1.617334008216858,0.37611607142857145,3.345904384340559,2.6568128211157664,0.15625,5.5609450340271,6.592311382293701,0.14285714285714285,5.539673805236816,6.5778191430228095,0.4375,4.0955281257629395,0.5514823198318481,0.37611607142857145,4.466318675449917,0.9474582586969648,0.9999994039535522
639,impulse_noise/s5,0.4296875,3.4593052864074707,1.8492937088012695,0.3828125,3.3600794970989227,2.555872932076454,0.1875,5.538537979125977,6.573694229125977,0.1484375,5.539531826972961,6.577303528785706,0.4296875,5.032900333404541,0.6580545902252197,0.3828125,4.537141382694244,0.9112828001379967,0.9999994039535522
640,impulse_noise/s5,0.4375,3.1491148471832275,1.6063257455825806,0.3888888888888889,3.336638980441623,2.4503676891326904,0.1953125,5.258788108825684,6.4811110496521,0.15364583333333334,5.508338080512153,6.566615475548638,0.4375,4.592187881469727,0.5759826898574829,0.3888888888888889,4.543257660335964,0.8740272323290507,0.9999992847442627
641,impulse_noise/s5,0.4140625,3.700671434402466,1.3855020999908447,0.39140625,3.3730422258377075,2.343881130218506,0.15625,5.431336402893066,6.544233798980713,0.15390625,5.5006379127502445,6.564377307891846,0.4140625,5.624411106109619,0.45457398891448975,0.39140625,4.65137300491333,0.8320819079875946,0.9999996423721313
642,impulse_noise/s5,0.421875,3.4352476596832275,1.6056830883026123,0.39417613636363635,3.3786972652782095,2.276772217317061,0.1640625,5.709502696990967,6.6048736572265625,0.15482954545454544,5.519625620408491,6.568058794195002,0.421875,5.090016841888428,0.564464271068573,0.39417613636363635,4.691249717365611,0.8077530319040472,0.9999997615814209
643,impulse_noise/s5,0.3671875,4.096138000488281,1.5244499444961548,0.3919270833333333,3.438483993212382,2.2140786945819855,0.15625,5.275777816772461,6.514842987060547,0.15494791666666666,5.499304970105489,6.563624143600464,0.3671875,6.139745235443115,0.5920589566230774,0.3919270833333333,4.811957677205403,0.789778525630633,0.9999996423721313
644,impulse_noise/s5,0.3125,4.274641513824463,1.5127849578857422,0.3858173076923077,3.5028038024902344,2.160133022528428,0.1171875,5.634191036224365,6.480817794799805,0.15204326923076922,5.509680821345403,6.557254424461951,0.3125,6.453258991241455,0.6149274706840515,0.3858173076923077,4.938211624438946,0.776328444480896,0.9999995231628418
645,impulse_noise/s5,0.4453125,3.8533432483673096,1.1866343021392822,0.3900669642857143,3.527842334338597,2.0905973996434892,0.203125,5.252859592437744,6.498893737792969,0.15569196428571427,5.491336447851999,6.553085803985596,0.4453125,5.883143901824951,0.39865314960479736,0.3900669642857143,5.005706787109375,0.7493516377040318,0.9999996423721313
646,impulse_noise/s5,0.3828125,3.784449338912964,1.313136100769043,0.38958333333333334,3.544949467976888,2.038766646385193,0.125,5.479396820068359,6.478830814361572,0.15364583333333334,5.490540472666423,6.548135471343994,0.3828125,5.738570213317871,0.46779361367225647,0.38958333333333334,5.054564348856608,0.7305811027685801,0.9999996423721313
647,impulse_noise/s5,0.2578125,5.185978889465332,1.2852308750152588,0.38134765625,3.6475138068199158,1.991670660674572,0.171875,5.253190040588379,6.458454132080078,0.15478515625,5.475706070661545,6.542530387639999,0.2578125,7.998204231262207,0.5206239223480225,0.38134765625,5.238541841506958,0.7174587789922953,0.9999995231628418
648,impulse_noise/s5,0.3046875,4.623449802398682,1.433542251586914,0.37683823529411764,3.704921806559843,1.9588395777870626,0.171875,5.04620885848999,6.314685821533203,0.1557904411764706,5.4504415287691,6.529127766104305,0.3046875,7.035960674285889,0.6256367564201355,0.37683823529411764,5.344272361082189,0.7120574835468741,0.9999985694885254
649,impulse_noise/s5,0.2734375,4.996130466461182,1.3243156671524048,0.37109375,3.7766556209988065,1.9235882494184706,0.1796875,5.171072483062744,6.401886463165283,0.15711805555555555,5.434921026229858,6.522058804829915,0.2734375,7.5995097160339355,0.5643900632858276,0.37109375,5.469563325246175,0.7038537379768159,0.9999985694885254
650,impulse_noise/s5,0.234375,5.2572736740112305,1.2066152095794678,0.3638980263157895,3.8545828869468286,1.8858528262690495,0.1796875,5.25719690322876,6.416973114013672,0.15830592105263158,5.425567125019274,6.516527978997481,0.234375,8.045849800109863,0.4770088791847229,0.3638980263157895,5.605157350239001,0.6919145348824953,0.9999988079071045
651,impulse_noise/s5,0.3046875,4.890354633331299,1.1131603717803955,0.3609375,3.9063714742660522,1.8472182035446167,0.1328125,5.189295291900635,6.415365219116211,0.15703125,5.413753533363343,6.511469841003418,0.3046875,7.5706939697265625,0.46246960759162903,0.3609375,5.703434181213379,0.680442288517952,0.9999990463256836
652,impulse_noise/s5,0.3125,5.273344993591309,1.1321148872375488,0.3586309523809524,3.971465451376779,1.8131656646728516,0.1875,5.125391960144043,6.334366798400879,0.15848214285714285,5.400022029876709,6.50303636278425,0.3125,7.921170711517334,0.4720499515533447,0.3586309523809524,5.809040682656424,0.6705188439005897,0.9999984502792358
653,impulse_noise/s5,0.296875,5.114371299743652,1.1380294561386108,0.35582386363636365,4.023415717211637,1.7824776551940225,0.1875,4.990196704864502,6.370551109313965,0.15980113636363635,5.381393606012518,6.497014305808327,0.296875,7.904730319976807,0.467887282371521,0.35582386363636365,5.904299302534624,0.6613083183765411,0.9999982118606567
654,impulse_noise/s5,0.28125,5.640873908996582,1.043229341506958,0.35258152173913043,4.093739986419678,1.7503364241641501,0.2109375,4.978504657745361,6.241827011108398,0.16202445652173914,5.363876695218294,6.485919206038766,0.28125,8.646147727966309,0.42507439851760864,0.35258152173913043,6.023510103640349,0.6510372783826746,0.9999958276748657
655,impulse_noise/s5,0.203125,6.820529937744141,1.059324026107788,0.3463541666666667,4.20735623439153,1.7215442409118016,0.171875,5.147790908813477,6.226259231567383,0.16243489583333334,5.3548731207847595,6.475100040435791,0.203125,10.250173568725586,0.4164336919784546,0.3463541666666667,6.199621081352234,0.6412621289491653,0.9999914169311523
656,impulse_noise/s5,0.15625,7.335760593414307,0.8750736117362976,0.33875,4.332492408752441,1.6876854157447816,0.140625,5.319509506225586,6.413961887359619,0.1615625,5.353458576202392,6.472654514312744,0.15625,11.003975868225098,0.3734285235404968,0.33875,6.3917952728271485,0.6305487847328186,0.9999922513961792
657,impulse_noise/s5,0.1484375,7.609988212585449,0.7584387063980103,0.33143028846153844,4.458549939669096,1.6519451576929827,0.1953125,4.668605327606201,6.085217475891113,0.16286057692307693,5.327118066641001,6.457753089758066,0.1484375,11.28005313873291,0.3230607807636261,0.33143028846153844,6.579805190746601,0.6187223230416958,0.9999680519104004
658,impulse_noise/s5,0.0859375,9.960289001464844,0.4307160973548889,0.32233796296296297,4.662318053068938,1.6067144517545346,0.234375,4.849761486053467,6.212101936340332,0.16550925925925927,5.3094381932859065,6.448654898890743,0.0859375,14.097020149230957,0.20147281885147095,0.32233796296296297,6.858220559579355,0.6032686377013171,0.9997510313987732
659,impulse_noise/s5,0.0234375,12.309499740600586,0.422511488199234,0.31166294642857145,4.935431684766497,1.5644214887704169,0.15625,5.278863430023193,6.253756523132324,0.16517857142857142,5.308346237455096,6.441694242613656,0.0234375,16.646066665649414,0.2322365641593933,0.31166294642857145,7.207786491938999,0.590017492217677,0.9963458180427551
660,impulse_noise/s5,0.0,13.839984893798828,0.2505134642124176,0.30091594827586204,5.242485243698646,1.5191143155097961,0.171875,5.0981245040893555,6.287811279296875,0.1654094827586207,5.3010972121666216,6.4363879335337675,0.0,17.96346664428711,0.14513200521469116,0.30091594827586204,7.578672014433762,0.574676613355505,0.980560302734375
661,impulse_noise/s5,0.0,14.295839309692383,0.236293226480484,0.2908854166666667,5.544263712565104,1.4763536125421524,0.2109375,4.719571590423584,6.100438117980957,0.16692708333333334,5.281713024775187,6.425189606348673,0.0,18.36531639099121,0.13812783360481262,0.2908854166666667,7.9382268269856775,0.5601249873638153,0.8984091281890869
662,impulse_noise/s5,0.0,14.420242309570312,0.09898804873228073,0.28150201612903225,5.8305856027910785,1.4319224653224791,0.2265625,4.909313201904297,6.061022758483887,0.1688508064516129,5.269700127263223,6.413442288675616,0.0,16.158946990966797,0.058354999870061874,0.28150201612903225,8.203411348404423,0.5439388587349846,0.7159958481788635
663,impulse_noise/s5,0.0,15.602435111999512,0.02027931436896324,0.272705078125,6.135955899953842,1.3878086168551818,0.1640625,4.874212265014648,5.969481945037842,0.168701171875,5.257341131567955,6.399568527936935,0.0,10.819862365722656,0.11617705225944519,0.272705078125,8.285175442695618,0.530571302282624,0.4868698716163635
664,impulse_noise/s5,0.0,16.126060485839844,0.005717053078114986,0.2644412878787879,6.438686341950388,1.3459270543164827,0.2109375,4.616682052612305,6.099730491638184,0.1699810606060606,5.23792722008445,6.390482526836974,0.0,9.142635345458984,0.27211740612983704,0.2644412878787879,8.31115907611269,0.5227393660355698,0.42407265305519104
665,impulse_noise/s5,0.0,17.262441635131836,0.0008338387124240398,0.25666360294117646,6.757032085867489,1.3063654891516574,0.234375,4.944871425628662,6.203241348266602,0.171875,5.2293079320122215,6.384975433349609,0.0,11.725438117980957,0.026830047369003296,0.25666360294117646,8.411579047932344,0.5081537978394943,0.4696197509765625
666,impulse_noise/s5,0.0,17.533329010009766,0.0005097794346511364,0.24933035714285715,7.064926283700125,1.269055326016886,0.1953125,5.204273700714111,6.172039985656738,0.17254464285714285,5.228592668260847,6.378891563415527,0.0,12.697453498840332,0.012551307678222656,0.24933035714285715,8.534032603672573,0.4939937266920294,0.4841203987598419
667,impulse_noise/s5,0.0,17.81759262084961,0.00041095330379903316,0.2424045138888889,7.363611459732056,1.2338152045526334,0.1953125,5.010644912719727,6.168510913848877,0.17317708333333334,5.22253856394026,6.37304765648312,0.0,13.104108810424805,0.007944202050566673,0.2424045138888889,8.660979164971245,0.48049235100754434,0.4949586093425751
668,impulse_noise/s5,0.0,17.928743362426758,0.000367405591532588,0.23585304054054054,7.6491555652102905,1.2004787775536847,0.2421875,4.601010322570801,6.065502166748047,0.17504222972972974,5.2057405033627075,6.364735616220011,0.0,9.123028755187988,0.16915105283260345,0.23585304054054054,8.67346699173386,0.47207772132714054,0.3832552433013916
669,impulse_noise/s5,0.0,18.05746841430664,0.0003253778559155762,0.22964638157894737,7.923058534923353,1.168895793351112,0.2109375,4.817762851715088,5.962919235229492,0.17598684210526316,5.195530565161454,6.354161500930786,0.0,6.813551425933838,1.3091810941696167,0.22964638157894737,8.62452184526544,0.4941067574545741,0.30613264441490173
670,impulse_noise/s5,0.0,18.07183074951172,0.00028425941127352417,0.22375801282051283,8.183283463502542,1.1389313950449622,0.1875,4.885213851928711,6.064597129821777,0.1762820512820513,5.187573726360615,6.346736773466453,0.0,7.8277363777160645,0.5840779542922974,0.22375801282051283,8.604091448661608,0.49641371121964395,0.3361685574054718
671,impulse_noise/s5,0.0,18.18340492248535,0.000247262156335637,0.2181640625,8.433286499977111,1.1104642917227465,0.203125,4.908845901489258,5.8743577003479,0.176953125,5.180605530738831,6.334927296638488,0.015625,5.573061943054199,3.3379828929901123,0.2185546875,8.528315711021424,0.5674529407639056,0.248390793800354
672,impulse_noise/s5,0.0,18.23155975341797,0.00022391782840713859,0.21284298780487804,8.672268774451279,1.0833852582131285,0.140625,5.018688201904297,5.9535980224609375,0.1760670731707317,5.1766563275965245,6.3256265826341584,0.0390625,5.559475898742676,3.6192359924316406,0.21417682926829268,8.455904983892673,0.6418866737314114,0.23760902881622314
673,impulse_noise/s5,0.0,18.303510665893555,0.0002049676259048283,0.20777529761904762,8.901584057580857,1.0575952512943851,0.1796875,4.716612339019775,5.810834884643555,0.1761532738095238,5.165702899297078,6.3133696374439054,0.15625,4.702842712402344,4.658481597900391,0.21279761904761904,8.366546358381,0.7375198862116251,0.17967043817043304
674,impulse_noise/s5,0.0,18.279207229614258,0.0001986036222660914,0.20294331395348839,9.119668317395588,1.03300463158108,0.1953125,4.682320594787598,5.566232681274414,0.17659883720930233,5.154461450354997,6.295994359393452,0.203125,4.637264728546143,4.069640159606934,0.21257267441860464,8.279818878617398,0.8150110553603532,0.09992823749780655
675,impulse_noise/s5,0.0,18.238433837890625,0.00019118905765935779,0.1983309659090909,9.326912988315929,1.0095315987964568,0.21875,4.57044792175293,5.596392631530762,0.17755681818181818,5.1411884156140415,6.280094320123846,0.2265625,4.446465015411377,3.9490578174591064,0.212890625,8.192697199908169,0.8862393908625976,0.0768539309501648
676,impulse_noise/s5,0.0,18.329421997070312,0.0001851993438322097,0.19392361111111112,9.526968744066027,0.9871016788086208,0.234375,4.3397603034973145,5.629946708679199,0.17881944444444445,5.1233789020114475,6.265646595425076,0.2421875,4.149714946746826,3.871018409729004,0.21354166666666666,8.102853149837918,0.9525678135040734,0.07600176334381104
677,impulse_noise/s5,0.0,18.234426498413086,0.00018587216618470848,0.18970788043478262,9.716261303943137,0.9656469873598721,0.1875,5.011025428771973,5.84619140625,0.17900815217391305,5.120936435201894,6.256528004356053,0.203125,4.920612335205078,4.549312591552734,0.21331521739130435,8.033674001693726,1.0307579173746964,0.11173504590988159
678,impulse_noise/s5,0.0,18.271543502807617,0.00019142920791637152,0.1856715425531915,9.89828858477004,0.9451053797396177,0.25,4.5102386474609375,5.659717082977295,0.18051861702127658,5.107942865249958,6.243829899645866,0.25,4.332087993621826,4.195729732513428,0.21409574468085107,7.9549168525858125,1.098097743228712,0.1028314083814621
679,impulse_noise/s5,0.0,18.275341033935547,0.0001800034660845995,0.18180338541666666,10.072810510794321,0.9254194344005858,0.2421875,4.411710739135742,5.566394805908203,0.18180338541666666,5.093438029289246,6.229716668526332,0.2578125,4.23258638381958,3.9980416297912598,0.21500651041666666,7.877368301153183,1.1585132408654317,0.07880793511867523
680,impulse_noise/s5,0.0078125,18.131290435791016,0.00018477151752449572,0.17825255102040816,10.237269284773847,0.9065370943417478,0.2265625,4.40709924697876,5.661667823791504,0.18271683673469388,5.0794311153645415,6.2181238349603145,0.234375,4.171767234802246,4.0630903244018555,0.21540178571428573,7.801743789595001,1.2177903242029098,0.0781242623925209
681,impulse_noise/s5,0.0,18.290435791015625,0.00017977652896661311,0.1746875,10.398332614898681,0.8884099479854922,0.2109375,4.551130771636963,5.560216903686523,0.18328125,5.06886510848999,6.204965696334839,0.2109375,4.446415901184082,3.8558883666992188,0.2153125,7.734637231826782,1.270552285052836,0.07074704766273499
682,impulse_noise/s5,0.0,18.320770263671875,0.00017761363415047526,0.1712622549019608,10.553674529580508,0.8709936277040933,0.1484375,5.062536239624023,5.945880889892578,0.18259803921568626,5.06874101302203,6.199885602090873,0.140625,4.967867374420166,4.677175521850586,0.21384803921568626,7.680386842465868,1.3373488191076939,0.12204338610172272
683,impulse_noise/s5,0.0,18.365924835205078,0.00017103139543905854,0.16796875,10.703910112380981,0.8542470393135423,0.21875,4.364500999450684,5.278904914855957,0.18329326923076922,5.055197935837966,6.182174435028663,0.21875,4.345668315887451,3.4358863830566406,0.21394230769230768,7.616257640031668,1.3777053107220967,0.05506196245551109
684,impulse_noise/s5,0.0078125,18.119857788085938,0.00017638826102484018,0.16494693396226415,10.843833653432018,0.8381324987276457,0.1953125,4.682953357696533,5.576677322387695,0.18352004716981132,5.048174453231524,6.1707499612052485,0.1953125,4.6267547607421875,3.772465229034424,0.21359080188679244,7.5598519253280925,1.422889460124216,0.058489296585321426
685,impulse_noise/s5,0.0,18.333614349365234,0.00017457139620091766,0.1618923611111111,10.9825332959493,0.822614759332619,0.21875,4.637477874755859,5.356585502624512,0.1841724537037037,5.04056896103753,6.155672841601902,0.21875,4.692441463470459,3.524721384048462,0.2136863425925926,7.506751731589988,1.4618122735302206,0.04640943929553032
686,impulse_noise/s5,0.0,18.295612335205078,0.00016894609143491834,0.15894886363636362,11.115498369390314,0.8076611990918702,0.1875,4.652219295501709,5.265774726867676,0.18423295454545455,5.033508058027787,6.139492875879461,0.1875,4.798489093780518,3.205047130584717,0.21321022727272726,7.457510592720725,1.4935074527493932,0.03273135796189308
687,impulse_noise/s5,0.0078125,18.186098098754883,0.00016484520165249705,0.15625,11.241759078843254,0.7932416213438306,0.1875,4.572634220123291,5.290129661560059,0.18429129464285715,5.025278168065207,6.124325675623758,0.1875,4.662110805511475,3.2738757133483887,0.21275111607142858,7.407592739377703,1.5252997431172324,0.028920413926243782
688,impulse_noise/s5,0.0,18.28684425354004,0.0001682000729488209,0.15350877192982457,11.365357064364249,0.7793280525496046,0.15625,4.6101531982421875,5.12357234954834,0.18379934210526316,5.017995273857786,6.1067685997276975,0.15625,4.822049140930176,3.055896520614624,0.21175986842105263,7.362232325369852,1.5521523181610464,0.021601112559437752
689,impulse_noise/s5,0.0,18.321144104003906,0.0001669191406108439,0.15086206896551724,11.485284427116657,0.7658942399046219,0.2578125,4.222254753112793,5.016759872436523,0.18507543103448276,5.00427560970701,6.087975345808884,0.2578125,4.297921657562256,2.9845151901245117,0.21255387931034483,7.309399382821445,1.5768482297466233,0.016581688076257706
690,impulse_noise/s5,0.0,18.31352996826172,0.00016050267731770873,0.1483050847457627,11.601017402390303,0.752915701985515,0.2109375,4.282471179962158,5.390697479248047,0.1855137711864407,4.992041636321504,6.076157076884124,0.2109375,4.186347484588623,3.397413730621338,0.21252648305084745,7.256466299800549,1.6077052721343303,0.024623731151223183
691,impulse_noise/s5,0.0,18.284154891967773,0.00015739355876576155,0.14583333333333334,11.712403027216594,0.7403697301784026,0.1953125,4.431802749633789,5.151317596435547,0.18567708333333333,4.982704321543376,6.060743085543314,0.1953125,4.541287899017334,3.0998616218566895,0.21223958333333334,7.211213326454162,1.6325745446297029,0.022419936954975128
692,impulse_noise/s5,0.0,18.324440002441406,0.00016292641521431506,0.14344262295081966,11.82079707599077,0.7282351924117929,0.28125,4.25889253616333,4.952510833740234,0.1872438524590164,4.970838554569932,6.042575343710477,0.2734375,4.39434814453125,2.8980352878570557,0.21324282786885246,7.165035208717722,1.6533198027153972,0.013584718108177185
693,impulse_noise/s5,0.0,18.31857681274414,0.0001633140054764226,0.14112903225806453,11.925599974970664,0.7164920975987878,0.265625,4.206851482391357,5.018027305603027,0.18850806451612903,4.95851618243802,6.026050375353906,0.265625,4.294981479644775,2.931476354598999,0.21408770161290322,7.118744019539125,1.6739352309715845,0.013114573433995247
694,impulse_noise/s5,0.0078125,18.146244049072266,0.00016262990538962185,0.13901289682539683,12.02434035709926,0.7051217885877815,0.2578125,4.388308048248291,5.397907257080078,0.1896081349206349,4.9494652596731035,6.016079849667019,0.2578125,4.318955421447754,3.466193199157715,0.21478174603174602,7.074302930680532,1.702383770149142,0.022552844136953354
695,impulse_noise/s5,0.0,18.29853057861328,0.00016190618043765426,0.1368408203125,12.122374579310417,0.6941067904251668,0.265625,4.142477989196777,4.786726951599121,0.1907958984375,4.936856083571911,5.996871210634708,0.265625,4.3197550773620605,2.67596697807312,0.215576171875,7.031263120472431,1.7175960077729542,0.012297027744352818
696,impulse_noise/s5,0.0,18.252843856811523,0.00016900678747333586,0.13473557692307692,12.216689491271973,0.6834308245230484,0.2109375,4.570509910583496,4.936428070068359,0.19110576923076922,4.931219988602859,5.980556700779841,0.2109375,4.890085220336914,2.7784790992736816,0.2155048076923077,6.998321922008808,1.7339172861037346,0.011044188402593136
697,impulse_noise/s5,0.0,18.30402946472168,0.00015642060316167772,0.13269412878787878,12.30892191511212,0.6730781820394137,0.2421875,4.297506809234619,4.823307514190674,0.19187973484848486,4.921618273763945,5.963022622195157,0.2421875,4.554195880889893,2.6506247520446777,0.2159090909090909,6.961289709264582,1.7478067931634458,0.008773487992584705
698,impulse_noise/s5,0.0,18.315275192260742,0.00016340801084879786,0.13071361940298507,12.39856897895016,0.6630346779494352,0.203125,4.30258846282959,4.602917671203613,0.19204757462686567,4.912379022854478,5.942722548299761,0.203125,4.68795919418335,2.3872084617614746,0.21571828358208955,6.92735940306934,1.7573501016499835,0.006736590061336756
699,impulse_noise/s5,0.0,18.317848205566406,0.00015620914928149432,0.12879136029411764,12.485617202870985,0.6532864651729623,0.3125,3.8982954025268555,4.1339111328125,0.1938189338235294,4.897466028437895,5.916122380424948,0.3125,4.2830491065979,2.147014617919922,0.21714154411764705,6.888472486944759,1.7630804621833651,0.0028601721860468388
700,impulse_noise/s5,0.0,18.284561157226562,0.00015197947504930198,0.1269248188405797,12.569659868876139,0.6438207479889346,0.1875,4.470283508300781,4.7332048416137695,0.19372735507246377,4.891274977421415,5.898978647978409,0.1875,4.83499002456665,2.676466464996338,0.21671195652173914,6.858711871547976,1.7763179404850022,0.004294964950531721
701,impulse_noise/s5,0.0,18.362651824951172,0.00015086907660588622,0.12511160714285716,12.652416896820068,0.6346254640044727,0.2421875,4.276346206665039,4.4907426834106445,0.19441964285714286,4.882490280696324,5.878860991341727,0.2421875,4.701786041259766,2.3393797874450684,0.21707589285714285,6.827898645401001,1.7843616811558605,0.00385223887860775
702,impulse_noise/s5,0.0,18.2941837310791,0.00016340971342287958,0.12334947183098592,12.731878401527942,0.6256893787327679,0.1328125,4.720462799072266,4.690197944641113,0.1935519366197183,4.880208203490351,5.862119258289606,0.1328125,5.208764553070068,2.720515489578247,0.21588908450704225,6.8050939398752135,1.797546946063218,0.004805572796612978
703,impulse_noise/s5,0.0,18.29884910583496,0.00015438083210028708,0.12163628472222222,12.809197439087761,0.6170013926508141,0.1953125,4.41810417175293,4.479830741882324,0.1935763888888889,4.873790091938442,5.842920806672838,0.1953125,4.9207658767700195,2.3252153396606445,0.2156032986111111,6.77892271677653,1.804875673752071,0.003959741909056902
704,impulse_noise/s5,0.0,18.335838317871094,0.00015420091222040355,0.11997003424657535,12.884904848386164,0.6085514311201484,0.2265625,4.178121566772461,4.303291320800781,0.19402825342465754,4.8642603861142515,5.821829991797879,0.2265625,4.596006870269775,2.3697094917297363,0.21575342465753425,6.749019759975067,1.812613123313409,0.003279880853369832
705,impulse_noise/s5,0.0,18.247316360473633,0.00015930717927403748,0.11834881756756757,12.957369868819779,0.6003299159317582,0.2265625,4.189208984375,4.317563056945801,0.1944679054054054,4.855138069874531,5.801502060245824,0.2265625,4.64700174331665,2.242530345916748,0.21589949324324326,6.720614111101305,1.8184228155107514,0.0025819563306868076
706,impulse_noise/s5,0.0,18.300081253051758,0.00014662957983091474,0.11677083333333334,13.028606020609537,0.5923274721137326,0.203125,4.272456169128418,4.285125732421875,0.19458333333333333,4.847368977864583,5.781283709208171,0.203125,4.767029285430908,2.261270761489868,0.21572916666666667,6.6945663134257,1.824327454790473,0.0023504369892179966
707,impulse_noise/s5,0.0078125,18.202943801879883,0.00015777995577082038,0.11533717105263158,13.096689412468358,0.5845357656379699,0.1640625,4.5289106369018555,4.19970703125,0.19418174342105263,4.843178736536126,5.7604734897613525,0.1640625,5.208195686340332,2.156373977661133,0.21504934210526316,6.675008805174577,1.8286964879861396,0.0022060878109186888
708,impulse_noise/s5,0.0,18.372358322143555,0.00015460469876416028,0.11383928571428571,13.16520459311349,0.5769463999114867,0.2890625,3.9186763763427734,3.7943618297576904,0.19541396103896103,4.831172212377771,5.734939572098967,0.2890625,4.492898464202881,1.839672565460205,0.21601055194805194,6.646669709837282,1.8288390344468417,0.0012343733105808496
709,impulse_noise/s5,0.0,18.312498092651367,0.0001479104976169765,0.1123798076923077,13.231195535415258,0.5695515474831038,0.2734375,3.9105584621429443,4.391447067260742,0.19641426282051283,4.819369471990145,5.717715309216426,0.2734375,4.151989936828613,2.449862003326416,0.21674679487179488,6.61468663582435,1.8368008673811953,0.0021378889214247465
710,impulse_noise/s5,0.0,18.38256072998047,0.000156105772475712,0.11095727848101265,13.296402689776842,0.5623440102462604,0.25,3.9877665042877197,4.992593765258789,0.19709256329113925,4.808842852145811,5.708536555495443,0.25,3.897645950317383,3.3755269050598145,0.21716772151898733,6.5802937157546415,1.8562784121619373,0.05784899741411209
711,jpeg_compression/s5,0.46875,2.442896842956543,2.6777701377868652,0.46875,2.442896842956543,2.6777701377868652,0.40625,3.8844921588897705,5.932952880859375,0.40625,3.8844921588897705,5.932952880859375,0.46875,3.023480176925659,0.7720396518707275,0.46875,3.023480176925659,0.7720396518707275,0.9845789670944214
712,jpeg_compression/s5,0.59375,1.8689992427825928,2.0160953998565674,0.53125,2.155948042869568,2.3469327688217163,0.4140625,3.6829447746276855,5.9600443840026855,0.41015625,3.783718466758728,5.94649863243103,0.59375,2.405360221862793,0.5067762732505798,0.53125,2.714420199394226,0.6394079625606537,0.9992349147796631
713,jpeg_compression/s5,0.5625,2.012683629989624,1.9032056331634521,0.5416666666666666,2.1081932385762534,2.199023723602295,0.3515625,3.9416513442993164,5.9774699211120605,0.390625,3.8363627592722573,5.956822395324707,0.5625,2.6169798374176025,0.6104821562767029,0.5416666666666666,2.6819400787353516,0.62976602713267,0.9998657703399658
714,jpeg_compression/s5,0.546875,2.189265489578247,1.6368951797485352,0.54296875,2.1284613013267517,2.058491587638855,0.375,3.869981527328491,5.853658199310303,0.38671875,3.844767451286316,5.931031346321106,0.546875,3.0433404445648193,0.4853717088699341,0.54296875,2.7722901701927185,0.5936674475669861,0.9999229907989502
715,jpeg_compression/s5,0.578125,2.020245313644409,1.3483809232711792,0.55,2.106818103790283,1.9164694547653198,0.4453125,3.5071797370910645,5.724121570587158,0.3984375,3.7772499084472657,5.889649391174316,0.578125,2.8715078830718994,0.4129568636417389,0.55,2.7921337127685546,0.5575253307819367,0.9999532699584961
716,jpeg_compression/s5,0.578125,1.9615979194641113,1.4227697849273682,0.5546875,2.0826147397359214,1.8341861764589946,0.375,3.7695047855377197,5.817302703857422,0.39453125,3.775959054629008,5.877591609954834,0.578125,2.704697847366333,0.4984854459762573,0.5546875,2.777561068534851,0.54768534998099,0.9999699592590332
717,jpeg_compression/s5,0.5859375,1.762743592262268,1.2126916646957397,0.5591517857142857,2.0369188615253995,1.745401246207101,0.4609375,3.4451749324798584,5.693798542022705,0.40401785714285715,3.728704180036272,5.851335457393101,0.5859375,2.446993350982666,0.4439830183982849,0.5591517857142857,2.7303371088845387,0.5328707311834607,0.9999725818634033
718,jpeg_compression/s5,0.59375,1.9995942115783691,1.3051323890686035,0.5634765625,2.0322532802820206,1.6903676390647888,0.375,3.7956292629241943,5.874109268188477,0.400390625,3.7370698153972626,5.854182183742523,0.59375,2.790065288543701,0.47244805097579956,0.5634765625,2.737803131341934,0.5253178961575031,0.9999831914901733
719,jpeg_compression/s5,0.5859375,1.8739114999771118,1.0626370906829834,0.5659722222222222,2.0146597491370306,1.6206198003556993,0.390625,3.5425751209259033,5.712017059326172,0.3993055555555556,3.715459293789334,5.838386058807373,0.5859375,2.706801652908325,0.38081178069114685,0.5659722222222222,2.7343585226270886,0.5092616611056857,0.999984622001648
720,jpeg_compression/s5,0.6328125,1.5659695863723755,1.064445972442627,0.57265625,1.9697907328605653,1.5650024175643922,0.390625,3.5630271434783936,5.668950080871582,0.3984375,3.7002160787582397,5.821442461013794,0.6328125,2.1762750148773193,0.39475589990615845,0.57265625,2.6785501718521116,0.497811084985733,0.9999809265136719
721,jpeg_compression/s5,0.671875,1.4356814622879028,0.9647651314735413,0.5816761363636364,1.9212353446266868,1.5104353915561328,0.4140625,3.5878560543060303,5.76865816116333,0.39985795454545453,3.690001531080766,5.816643888300115,0.671875,2.0062096118927,0.34923362731933594,0.5816761363636364,2.6174283027648926,0.48430404337969696,0.9999862909317017
722,jpeg_compression/s5,0.625,1.9839826822280884,0.9261757731437683,0.5852864583333334,1.9264642894268036,1.4617470900217693,0.515625,3.322878837585449,5.577519416809082,0.4095052083333333,3.6594079732894897,5.796716849009196,0.625,2.937502384185791,0.3516162037849426,0.5852864583333334,2.644101142883301,0.4732467234134674,0.9999853372573853
723,jpeg_compression/s5,0.5390625,2.3375468254089355,1.2029473781585693,0.5817307692307693,1.9580860229638906,1.441839419878446,0.296875,3.9661808013916016,5.697731018066406,0.40084134615384615,3.6830058831434984,5.789102554321289,0.5390625,3.3806679248809814,0.47063663601875305,0.5817307692307693,2.7007601261138916,0.4730459474600278,0.9999772310256958
724,jpeg_compression/s5,0.6640625,1.7782906293869019,0.6798841953277588,0.5876116071428571,1.9452434948512487,1.3874140466962541,0.453125,3.448544979095459,5.39304256439209,0.40457589285714285,3.6662586757114957,5.760812555040632,0.6640625,2.7059755325317383,0.2422199547290802,0.5876116071428571,2.701132655143738,0.45655837655067444,0.999984860420227
725,jpeg_compression/s5,0.6484375,1.620569109916687,0.9468099474906921,0.5916666666666667,1.9235985358556111,1.35804044008255,0.390625,3.4702935218811035,5.41728401184082,0.4036458333333333,3.6531943321228026,5.737910652160645,0.6484375,2.2873048782348633,0.381966769695282,0.5916666666666667,2.6735441366831463,0.45158560276031495,0.9999785423278809
726,jpeg_compression/s5,0.5625,2.5703001022338867,0.8910514116287231,0.58984375,1.9640173837542534,1.3288536258041859,0.359375,3.8060719966888428,5.679132461547852,0.40087890625,3.6627491861581802,5.734237015247345,0.5625,3.9107558727264404,0.3002152442932129,0.58984375,2.750869870185852,0.44212495535612106,0.9999849796295166
727,jpeg_compression/s5,0.6484375,1.9337232112884521,0.7260032296180725,0.5932904411764706,1.9622353736092062,1.293391837793238,0.4921875,3.179908275604248,5.2746381759643555,0.40625,3.634346779655008,5.707201789407169,0.6484375,2.9091248512268066,0.29288890957832336,0.5932904411764706,2.7601789867176727,0.43334636442801533,0.9999797344207764
728,jpeg_compression/s5,0.5703125,2.2740938663482666,0.787771463394165,0.5920138888888888,1.979560845428043,1.2653018169932895,0.3828125,3.429879665374756,5.49480676651001,0.4049479166666667,3.622987495528327,5.695402065912883,0.5703125,3.4858126640319824,0.3067891597747803,0.5920138888888888,2.80049196879069,0.4263154086139467,0.999984622001648
729,jpeg_compression/s5,0.59375,1.7234843969345093,0.6732867360115051,0.5921052631578947,1.9660831376125938,1.234143128520564,0.40625,3.2552809715270996,5.319436073303223,0.4050164473684211,3.603634520580894,5.675614382091322,0.59375,2.5778818130493164,0.2848433554172516,0.5921052631578947,2.788775644804302,0.41886951107727854,0.9999825954437256
730,jpeg_compression/s5,0.6015625,2.0636487007141113,0.673335075378418,0.592578125,1.9709614157676696,1.2061027258634567,0.453125,3.4216525554656982,5.441588401794434,0.407421875,3.5945354223251345,5.663913083076477,0.6015625,3.1162972450256348,0.2767329216003418,0.592578125,2.8051517248153686,0.4117626816034317,0.9999872446060181
731,jpeg_compression/s5,0.640625,1.89686119556427,0.8885295391082764,0.5948660714285714,1.967432833853222,1.190980193160829,0.4375,3.3144383430480957,5.328452110290527,0.4088541666666667,3.5811974661690846,5.647938751039051,0.640625,2.724815845489502,0.3715749979019165,0.5948660714285714,2.801326206752232,0.40984898237955003,0.999980092048645
732,jpeg_compression/s5,0.6796875,1.5369192361831665,0.5461069345474243,0.5987215909090909,1.9478640339591287,1.1616677723147653,0.4453125,3.074378252029419,5.142362594604492,0.41051136363636365,3.5581602291627363,5.624958016655662,0.6796875,2.304997682571411,0.21597245335578918,0.5987215909090909,2.7787658192894678,0.40103641287846997,0.9999839067459106
733,jpeg_compression/s5,0.6328125,1.4921420812606812,0.6451127529144287,0.600203804347826,1.9280500360157178,1.1392088584277942,0.484375,2.957075357437134,4.984926700592041,0.41372282608695654,3.5320261043051016,5.597130568131156,0.6328125,2.1905016899108887,0.2827942371368408,0.600203804347826,2.753189118012138,0.39589544871579047,0.9999675750732422
734,jpeg_compression/s5,0.6953125,1.8705523014068604,0.7365437746047974,0.6041666666666666,1.925654297073682,1.122431146601836,0.453125,3.079659938812256,5.087472915649414,0.4153645833333333,3.513177514076233,5.575894832611084,0.6953125,2.772871494293213,0.35532915592193604,0.6041666666666666,2.7540092170238495,0.3942051865160465,0.9999639987945557
735,jpeg_compression/s5,0.5234375,2.4642796516418457,0.7456795573234558,0.6009375,1.9471993112564088,1.1073610830307006,0.4296875,3.3387508392333984,5.151141166687012,0.4159375,3.5062004470825197,5.558904685974121,0.5234375,3.7641634941101074,0.3168042302131653,0.6009375,2.7944153881073,0.3911091482639313,0.9999687671661377
736,jpeg_compression/s5,0.609375,1.949062466621399,0.6692302227020264,0.6012620192307693,1.947270971078139,1.0905098960949824,0.546875,2.802142381668091,4.772688388824463,0.4209735576923077,3.479121290720426,5.528665597622211,0.609375,2.973055839538574,0.2878332734107971,0.6012620192307693,2.8012861747008104,0.38713699923111844,0.9999516010284424
737,jpeg_compression/s5,0.6015625,2.2609829902648926,0.6663655042648315,0.6012731481481481,1.9588899347517226,1.0748008445457176,0.46875,2.827810287475586,4.553511619567871,0.4227430555555556,3.454998660970617,5.492548783620198,0.6015625,3.450718402862549,0.2870538830757141,0.6012731481481481,2.8253392201882823,0.3834302171512886,0.999907374382019
738,jpeg_compression/s5,0.59375,2.3946855068206787,0.6152083873748779,0.6010044642857143,1.974454062325614,1.0583868282181876,0.3984375,3.266493797302246,4.925051689147949,0.421875,3.4482663444110324,5.472281030246189,0.59375,3.683062791824341,0.26066046953201294,0.6010044642857143,2.85597220488957,0.3790455833077431,0.9999418258666992
739,jpeg_compression/s5,0.6328125,1.9582421779632568,0.5962963104248047,0.6021012931034483,1.97389503183036,1.042452672432209,0.4296875,3.110215187072754,4.89125394821167,0.42214439655172414,3.436609407951092,5.45224561362431,0.6328125,3.017868757247925,0.2408890426158905,0.6021012931034483,2.861554844626065,0.37428156466319645,0.9999493360519409
740,jpeg_compression/s5,0.6796875,1.6348720788955688,0.6746020317077637,0.6046875,1.9625942667325338,1.0301909844080608,0.453125,2.756049394607544,4.557307243347168,0.4231770833333333,3.4139240741729737,5.4224143346150715,0.6796875,2.4326534271240234,0.3145516514778137,0.6046875,2.84725813070933,0.372290567557017,0.9999281167984009
741,jpeg_compression/s5,0.6640625,1.9087024927139282,0.5215228796005249,0.6066028225806451,1.9608558224093529,1.0137823358658822,0.5546875,2.658141851425171,4.58251428604126,0.4274193548387097,3.3895440024714314,5.395320784661077,0.6640625,2.915579080581665,0.20955367386341095,0.6066028225806451,2.8494620323181152,0.3670409903410942,0.9999489784240723
742,jpeg_compression/s5,0.6328125,1.9791181087493896,0.5884052515029907,0.607421875,1.961426518857479,1.0004893019795418,0.4375,2.9994428157806396,4.441919326782227,0.427734375,3.3773533403873444,5.365526989102364,0.6328125,3.0610151290893555,0.2551266551017761,0.607421875,2.8560730665922165,0.36354366736486554,0.9999383687973022
743,jpeg_compression/s5,0.6875,1.457289457321167,0.528950572013855,0.6098484848484849,1.9461496382048635,0.9862002495563391,0.4609375,2.7433955669403076,4.512230396270752,0.4287405303030303,3.3581424987677373,5.3396695165923145,0.6875,2.1866722106933594,0.22598090767860413,0.6098484848484849,2.835788192171039,0.3593750988895243,0.9999350309371948
744,jpeg_compression/s5,0.546875,2.3615362644195557,0.7693216800689697,0.6079963235294118,1.9583668919170605,0.9798214681008283,0.3828125,3.073385000228882,4.340721607208252,0.4273897058823529,3.3497672782224766,5.310288695728078,0.546875,3.5303075313568115,0.34726613759994507,0.6079963235294118,2.856215231558856,0.3590189529692425,0.9998483657836914
745,jpeg_compression/s5,0.4921875,3.181716203689575,0.6556769609451294,0.6046875,1.9933197293962752,0.9705601964678083,0.40625,3.168886184692383,4.589184284210205,0.42678571428571427,3.3445992469787598,5.289685712541853,0.4921875,4.911284923553467,0.28417378664016724,0.6046875,2.9149315084729874,0.3568805196455547,0.9998819828033447
746,jpeg_compression/s5,0.6328125,2.212456703186035,0.6340240240097046,0.60546875,1.9994068675571017,0.9612119694550832,0.4765625,2.879307985305786,4.577495098114014,0.4281684027777778,3.331674489710066,5.2699026399188575,0.6328125,3.378899097442627,0.27013424038887024,0.60546875,2.9278194970554776,0.35447090077731347,0.9998952150344849
747,jpeg_compression/s5,0.6328125,2.2369604110717773,0.556214451789856,0.6062077702702703,2.005827233598039,0.9502660905992663,0.4609375,2.7721173763275146,4.394438743591309,0.42905405405405406,3.3165513244835108,5.246241453531626,0.6328125,3.4751334190368652,0.2296207845211029,0.6062077702702703,2.9426117652171366,0.35109657331092936,0.9999123811721802
748,jpeg_compression/s5,0.5859375,2.4167187213897705,0.682738184928894,0.6056743421052632,2.016640167487295,0.9432258825553091,0.3984375,3.0388593673706055,4.424398422241211,0.4282483552631579,3.309243641401592,5.224614005339773,0.5859375,3.641991138458252,0.305691123008728,0.6056743421052632,2.961016485565587,0.34990169303981883,0.9999008178710938
749,jpeg_compression/s5,0.6015625,2.139188289642334,0.607535719871521,0.6055689102564102,2.0197824270297318,0.9346184424864941,0.3828125,3.0636727809906006,4.442559719085693,0.4270833333333333,3.3029469526731052,5.204561331333259,0.6015625,3.2770440578460693,0.28262361884117126,0.6055689102564102,2.969119756649702,0.3481766142142125,0.9998887777328491
750,jpeg_compression/s5,0.6015625,2.30643367767334,0.637869656085968,0.60546875,2.026948708295822,0.9271997228264809,0.40625,3.01259446144104,4.50893497467041,0.4265625,3.2956881403923033,5.187170672416687,0.6015625,3.4434542655944824,0.2797197997570038,0.60546875,2.9809781193733214,0.34646519385278224,0.9999088048934937
751,jpeg_compression/s5,0.46875,3.3335070610046387,0.6164911985397339,0.6021341463414634,2.058815985191159,0.9196214661365603,0.3515625,3.395902395248413,4.354684829711914,0.4247332317073171,3.2981323905107454,5.16686613966779,0.46875,5.095965385437012,0.27090221643447876,0.6021341463414634,3.0325631746431676,0.34462219440355535,0.99991774559021
752,jpeg_compression/s5,0.6640625,2.2105517387390137,0.4773049056529999,0.6036086309523809,2.062428741228013,0.9090901194583803,0.5,2.6003451347351074,3.903064012527466,0.4265252976190476,3.2815184082303728,5.136775612831116,0.6640625,3.3238329887390137,0.20832784473896027,0.6036086309523809,3.0394981702168784,0.3413770908401126,0.999907374382019
753,jpeg_compression/s5,0.546875,2.7279720306396484,0.5301380753517151,0.6022892441860465,2.0779064921445625,0.9002772812233415,0.3671875,3.1043808460235596,4.274683952331543,0.4251453488372093,3.2773989300395168,5.1167269695636834,0.546875,4.168723106384277,0.25163567066192627,0.6022892441860465,3.065759215244027,0.33929008106852687,0.9998716115951538
754,jpeg_compression/s5,0.6171875,2.222090005874634,0.5382858514785767,0.6026278409090909,2.0811833901838823,0.8920502032745968,0.5078125,2.490159034729004,3.688704013824463,0.4270241477272727,3.259507114237005,5.084271902387792,0.6171875,3.445648193359375,0.2173503041267395,0.6026278409090909,3.0743930556557397,0.3365187225016681,0.9998119473457336
755,jpeg_compression/s5,0.6328125,2.1223948001861572,0.6117779016494751,0.6032986111111112,2.082099199295044,0.8858219299051496,0.4921875,2.396244764328003,3.473815679550171,0.4284722222222222,3.2403235064612494,5.048483986324734,0.6328125,3.2005295753479004,0.3036573529243469,0.6032986111111112,3.0771960894266766,0.33578846984439426,0.9995508790016174
756,jpeg_compression/s5,0.5703125,2.773007869720459,0.7148927450180054,0.6025815217391305,2.0971189529999443,0.8821060780597769,0.484375,2.73302960395813,4.0142059326171875,0.4296875,3.2292953781459643,5.0259996808093526,0.5703125,4.16058874130249,0.3351731300354004,0.6025815217391305,3.1007481035978897,0.33577509289202484,0.999524712562561
757,jpeg_compression/s5,0.5078125,2.7110049724578857,0.6532084941864014,0.6005651595744681,2.1101803576692624,0.877235916700769,0.46875,2.5444960594177246,3.7334892749786377,0.4305186170212766,3.214725179875151,4.998499459408699,0.5078125,4.114722728729248,0.298938512802124,0.6005651595744681,3.122322031792174,0.33499133586883545,0.9994655251502991
758,jpeg_compression/s5,0.609375,2.566833019256592,0.5423945784568787,0.6007486979166666,2.119693954785665,0.8702600554873546,0.546875,2.228114604949951,3.525744676589966,0.4329427083333333,3.1941707928975425,4.967817068099976,0.609375,3.9608216285705566,0.24073024094104767,0.6007486979166666,3.1397907733917236,0.33302756305783987,0.9994744658470154
759,jpeg_compression/s5,0.5859375,2.7729294300079346,0.6218392252922058,0.6004464285714286,2.133025291014691,0.8651902426262291,0.5234375,2.4771976470947266,3.6289420127868652,0.43478954081632654,3.1795386878811582,4.9404930873793,0.5859375,4.153830051422119,0.30090388655662537,0.6004464285714286,3.1604854525352013,0.3323719778231212,0.9993756413459778
760,jpeg_compression/s5,0.609375,2.4698612689971924,0.5771157145500183,0.600625,2.1397620105743407,0.8594287520647049,0.453125,2.493192672729492,3.4758965969085693,0.43515625,3.165811767578125,4.911201157569885,0.609375,3.7344250679016113,0.28337907791137695,0.600625,3.1719642448425294,0.3313921198248863,0.9990142583847046
761,jpeg_compression/s5,0.5,3.36653995513916,0.6584089994430542,0.5986519607843137,2.163816480075612,0.8554871882878098,0.4140625,3.0909242630004883,3.8089828491210938,0.43474264705882354,3.1643433851354263,4.8895890338748105,0.5,5.097141742706299,0.32172733545303345,0.5986519607843137,3.209712823232015,0.33120261424896763,0.9991323351860046
762,jpeg_compression/s5,0.6171875,2.702404737472534,0.42929473519325256,0.5990084134615384,2.174173946564014,0.8472911795744529,0.5,2.4706506729125977,3.3011720180511475,0.43599759615384615,3.1510031406696024,4.859042552801279,0.6171875,4.13246488571167,0.18096351623535156,0.5990084134615384,3.2274580552027774,0.3283134008256289,0.999312162399292
763,jpeg_compression/s5,0.5234375,2.9537651538848877,0.5704578161239624,0.5975825471698113,2.188883214626672,0.842067908565953,0.4765625,2.781259298324585,3.3839924335479736,0.43676297169811323,3.1440268417574324,4.831211418475744,0.5234375,4.485282897949219,0.25365111231803894,0.5975825471698113,3.2511905994055406,0.3269046784009574,0.9993091821670532
764,jpeg_compression/s5,0.546875,3.101069450378418,0.5191091299057007,0.5966435185185185,2.2057755523257785,0.836087190442615,0.4765625,2.668301820755005,3.4106240272521973,0.4375,3.1352171191462763,4.804904244564198,0.546875,4.7721147537231445,0.23247215151786804,0.5966435185185185,3.279355861522533,0.32515592790312237,0.9993921518325806
765,jpeg_compression/s5,0.546875,2.5557031631469727,0.478654682636261,0.5957386363636363,2.2121378725225274,0.8295884175734086,0.5,2.677257776260376,3.377023696899414,0.43863636363636366,3.12689058563926,4.778942780061201,0.546875,3.8651607036590576,0.20923550426959991,0.5957386363636363,3.2900068586522884,0.3230482838370583,0.9994644522666931
766,jpeg_compression/s5,0.5546875,2.518160820007324,0.5272605419158936,0.5950055803571429,2.2176025680133273,0.8241897055080959,0.4296875,2.502899646759033,3.3058876991271973,0.4384765625,3.115747890302113,4.752638225044523,0.5546875,3.8915555477142334,0.2451583445072174,0.5950055803571429,3.3007487995283946,0.3216573920633112,0.9993884563446045
767,jpeg_compression/s5,0.5,3.0994224548339844,0.5970245599746704,0.5933388157894737,2.2330730923435143,0.8202043520776849,0.3828125,2.9539072513580322,3.3458783626556396,0.4375,3.1129085808469537,4.727958227458753,0.5,4.627326011657715,0.29805704951286316,0.5933388157894737,3.324022083951716,0.32124335096593487,0.999139666557312
768,jpeg_compression/s5,0.6796875,1.9309583902359009,0.5166217088699341,0.5948275862068966,2.227864218169245,0.814970168574103,0.46875,2.177475929260254,2.8133277893066406,0.4380387931034483,3.096780431681666,4.69494735783544,0.6796875,2.9426426887512207,0.22177818417549133,0.5948275862068966,3.3174465771379142,0.3195284342971341,0.9990668892860413
769,jpeg_compression/s5,0.609375,2.2015702724456787,0.4546924829483032,0.5950741525423728,2.2274185580722357,0.8088637671228183,0.5625,2.1286706924438477,2.90016770362854,0.4401483050847458,3.080371792033567,4.664527363696341,0.609375,3.3583946228027344,0.20956231653690338,0.5950741525423728,3.3181406118101995,0.31766460179272343,0.9989107847213745
770,jpeg_compression/s5,0.5703125,2.5755419731140137,0.5227032899856567,0.5946614583333333,2.2332206149895986,0.8040944258371989,0.4921875,2.263213634490967,3.1439476013183594,0.441015625,3.066752489407857,4.639184367656708,0.5703125,3.960782289505005,0.2646976709365845,0.5946614583333333,3.328851306438446,0.3167818196117878,0.9990799427032471
771,jpeg_compression/s5,0.59375,2.80526065826416,0.5068934559822083,0.5946465163934426,2.2425983206170503,0.7992222787903958,0.5,2.4014642238616943,3.279730796813965,0.44198258196721313,3.055846124398904,4.616898243544532,0.59375,4.321342468261719,0.24609820544719696,0.5946465163934426,3.3451216533535817,0.3156230718385978,0.9992450475692749
772,jpeg_compression/s5,0.5859375,2.993393898010254,0.481224000453949,0.5945060483870968,2.2547079267040377,0.7940932743010982,0.4765625,2.3848071098327637,2.6929197311401367,0.4425403225806452,3.045022914486547,4.585866332054138,0.5859375,4.558462142944336,0.22823143005371094,0.5945060483870968,3.3646916612502067,0.3142135292291641,0.9988614320755005
773,jpeg_compression/s5,0.5546875,2.914212465286255,0.5004316568374634,0.5938740079365079,2.265176252713279,0.7894319787858024,0.453125,2.495243549346924,2.8787295818328857,0.4427083333333333,3.0362962578970287,4.558768923320468,0.5546875,4.44511079788208,0.2108203023672104,0.5938740079365079,3.3818411713554744,0.312572366898022,0.9988357424736023
774,jpeg_compression/s5,0.5859375,2.998772144317627,0.5013965964317322,0.59375,2.276638688519597,0.7849314259365201,0.46875,2.5801634788513184,3.2665443420410156,0.443115234375,3.0291691832244396,4.538577914237976,0.5859375,4.535942077636719,0.20575399696826935,0.59375,3.399873998016119,0.3109033298678696,0.9992227554321289
775,jpeg_compression/s5,0.46875,3.747459650039673,0.4505566358566284,0.5918269230769231,2.2992667033122136,0.7797871983968294,0.46875,2.681118965148926,3.107480525970459,0.44350961538461536,3.0238145644848164,4.516561031341553,0.46875,5.667391300201416,0.1734338253736496,0.5918269230769231,3.4347588795882005,0.30878841441411237,0.9992133378982544
776,jpeg_compression/s5,0.53125,3.954690933227539,0.4595542848110199,0.5909090909090909,2.324348888613961,0.7749351845546202,0.453125,2.4518537521362305,2.91731595993042,0.44365530303030304,3.015148491570444,4.492330045411081,0.53125,5.854656219482422,0.19909393787384033,0.5909090909090909,3.471423990798719,0.30712637689077493,0.9987930059432983
777,jpeg_compression/s5,0.5703125,2.9765212535858154,0.4929726719856262,0.5906016791044776,2.3340828045090634,0.7707267888446352,0.5078125,2.276766777038574,2.547578811645508,0.44461287313432835,3.0041278689654907,4.4633039075936844,0.5703125,4.539713382720947,0.21630726754665375,0.5906016791044776,3.487368608588603,0.30577086779608653,0.9977139234542847
778,jpeg_compression/s5,0.5234375,3.2886757850646973,0.4718489944934845,0.5896139705882353,2.348120936576058,0.7663315271630007,0.546875,2.4139318466186523,2.4463984966278076,0.44611672794117646,2.995448515695684,4.43364353390301,0.5234375,5.056532382965088,0.21838417649269104,0.5896139705882353,3.5104445464470806,0.304485769394566,0.9967746138572693
779,jpeg_compression/s5,0.53125,3.832505226135254,0.4804597496986389,0.5887681159420289,2.369633752366771,0.7621884579243867,0.4609375,2.5132672786712646,2.9212844371795654,0.44633152173913043,2.988460381825765,4.411725286124409,0.53125,5.70914363861084,0.23068496584892273,0.5887681159420289,3.542309750681338,0.3034161925315857,0.9975034594535828
780,jpeg_compression/s5,0.4453125,3.847407817840576,0.5749878883361816,0.58671875,2.3907448104449682,0.7595141640731267,0.4375,2.654348850250244,2.5483806133270264,0.44620535714285714,2.983687359946115,4.385106076513018,0.4453125,5.8495025634765625,0.278572678565979,0.58671875,3.575269648006984,0.3030612851892199,0.9949571490287781
781,jpeg_compression/s5,0.421875,4.565218448638916,0.5614868402481079,0.5843970070422535,2.4213711997153053,0.7567250468361546,0.4140625,2.474057197570801,2.8435232639312744,0.44575264084507044,2.976509470335195,4.363393642532993,0.421875,6.808376312255859,0.2637486457824707,0.5843970070422535,3.620806361587954,0.30250758604264594,0.9947091341018677
782,jpeg_compression/s5,0.4609375,4.133045196533203,0.41776421666145325,0.5826822916666666,2.4451444496711097,0.7520172575281726,0.5078125,2.2414042949676514,2.3595454692840576,0.4466145833333333,2.9662996762328677,4.335562417904536,0.46875,5.8927154541015625,0.1837371289730072,0.5827907986111112,3.652360654539532,0.3008579963611232,0.9877488017082214
783,jpeg_compression/s5,0.453125,4.396325588226318,0.47660017013549805,0.5809075342465754,2.4718729584184413,0.7482444207145743,0.515625,2.2392866611480713,2.4335525035858154,0.4475599315068493,2.956340593834446,4.309507487571403,0.453125,6.297158718109131,0.22146163880825043,0.5810145547945206,3.6885907649993896,0.2997703750247825,0.9714685678482056
784,jpeg_compression/s5,0.46875,4.476919174194336,0.32329294085502625,0.5793918918918919,2.4989681775505477,0.7425018331489047,0.5546875,1.9362514019012451,2.467560291290283,0.44900760135135137,2.9425556047542676,4.28461630924328,0.46875,6.151551723480225,0.16063719987869263,0.5794974662162162,3.7218740211950765,0.29789019698226776,0.9404339790344238
785,jpeg_compression/s5,0.3046875,6.633328914642334,0.3532369136810303,0.5757291666666666,2.5540929873784384,0.7373116342226664,0.5,2.575512647628784,2.399416208267212,0.4496875,2.937661698659261,4.259480307896932,0.3671875,7.1155290603637695,0.2553650438785553,0.5766666666666667,3.767122755050659,0.2973231949408849,0.7329793572425842
786,jpeg_compression/s5,0.15625,8.905313491821289,0.24254144728183746,0.5702097039473685,2.6376616782263707,0.7308015001839713,0.4296875,2.715952157974243,2.518629312515259,0.44942434210526316,2.934744467860774,4.236574373747173,0.4375,3.0177559852600098,1.1806211471557617,0.5748355263157895,3.7572626659744666,0.30894553641739647,0.3098154664039612
787,jpeg_compression/s5,0.1015625,11.377618789672852,0.06924298405647278,0.5641233766233766,2.7511676147386623,0.7222098311433545,0.4765625,2.211841106414795,2.378467082977295,0.4497767857142857,2.9253561125173198,4.212443110230681,0.4765625,2.4422574043273926,1.0746365785598755,0.5735592532467533,3.7401846755634653,0.31888957592574035,0.02592618204653263
788,jpeg_compression/s5,0.0078125,14.326695442199707,0.03670018911361694,0.5569911858974359,2.89957181765483,0.713421245989127,0.4609375,2.3021152019500732,2.399702787399292,0.4499198717948718,2.917365844433124,4.1892028496815605,0.4609375,2.604900360107422,1.1207542419433594,0.5721153846153846,3.725629748442234,0.3291698921567354,0.0016010848339647055
789,jpeg_compression/s5,0.0,15.247316360473633,0.0025716498494148254,0.549940664556962,3.0558723814879794,0.7044231498354598,0.375,3.490997552871704,4.726297378540039,0.4489715189873418,2.924627005299435,4.19600151460382,0.375,3.325535774230957,2.800037384033203,0.569620253164557,3.7205652677560153,0.3604466958513743,0.03562020882964134
790,motion_blur/s5,0.328125,3.597304344177246,3.511429786682129,0.328125,3.597304344177246,3.511429786682129,0.28125,4.530285835266113,6.08659029006958,0.28125,4.530285835266113,6.08659029006958,0.328125,4.357100486755371,1.3828891515731812,0.328125,4.357100486755371,1.3828891515731812,0.972740650177002
791,motion_blur/s5,0.3828125,3.0968806743621826,2.6258485317230225,0.35546875,3.3470925092697144,3.0686391592025757,0.3125,4.203213214874268,6.00368595123291,0.296875,4.36674952507019,6.045138120651245,0.3828125,4.134934902191162,0.8072887659072876,0.35546875,4.246017694473267,1.0950889587402344,0.9981402158737183
792,motion_blur/s5,0.4140625,3.181506872177124,2.33367919921875,0.375,3.2918972969055176,2.823652505874634,0.2578125,4.619952201843262,6.121086120605469,0.2838541666666667,4.451150417327881,6.070454120635986,0.4140625,4.388576030731201,0.7593491673469543,0.375,4.293537139892578,0.9831756949424744,0.9997398257255554
793,motion_blur/s5,0.5078125,2.800865411758423,1.9591835737228394,0.408203125,3.169139325618744,2.607535272836685,0.3515625,4.2792158126831055,5.955932140350342,0.30078125,4.408166766166687,6.041823625564575,0.5078125,3.919222354888916,0.6087256669998169,0.408203125,4.199958443641663,0.88956318795681,0.9998911619186401
794,motion_blur/s5,0.4453125,2.70672345161438,1.6955111026763916,0.415625,3.076656150817871,2.4251304388046266,0.3046875,4.172482490539551,5.965660572052002,0.3015625,4.36102991104126,6.026591014862061,0.4453125,3.859360456466675,0.5619729161262512,0.415625,4.131838846206665,0.8240451335906982,0.9999594688415527
795,motion_blur/s5,0.4375,2.7681803703308105,1.8222920894622803,0.4192708333333333,3.0252435207366943,2.324657380580902,0.3359375,4.300561428070068,6.001698970794678,0.3072916666666667,4.3509518305460615,6.02244234085083,0.4375,3.865814447402954,0.6858503818511963,0.4192708333333333,4.087501446406047,0.8010126749674479,0.9999686479568481
796,motion_blur/s5,0.515625,1.9883655309677124,1.4248883724212646,0.4330357142857143,2.87711809362684,2.196118950843811,0.296875,4.2259345054626465,5.96394681930542,0.30580357142857145,4.333092212677002,6.014085837772915,0.515625,2.755075454711914,0.49671995639801025,0.4330357142857143,3.8971548761640276,0.7575422866003854,0.9999840259552002
797,motion_blur/s5,0.5390625,2.330988645553589,1.4208184480667114,0.4462890625,2.8088519126176834,2.0992063879966736,0.34375,4.1039581298828125,6.000308036804199,0.310546875,4.304450452327728,6.012363612651825,0.5390625,3.3142518997192383,0.5122424364089966,0.4462890625,3.824292004108429,0.7268798053264618,0.9999915361404419
798,motion_blur/s5,0.5,2.542485475540161,1.3371806144714355,0.4522569444444444,2.779255641831292,2.0145368576049805,0.34375,4.067956447601318,5.803712844848633,0.3142361111111111,4.278173340691461,5.989180194007026,0.5,3.7254908084869385,0.44447579979896545,0.4522569444444444,3.813314093483819,0.6955015824900733,0.9999886751174927
799,motion_blur/s5,0.5625,2.259127616882324,1.182192087173462,0.46328125,2.7272428393363954,1.9313023805618286,0.3359375,3.976080894470215,5.796286582946777,0.31640625,4.247964096069336,5.969890832901001,0.5625,3.2800183296203613,0.4310513734817505,0.46328125,3.759984517097473,0.669056561589241,0.9999887943267822
800,motion_blur/s5,0.4921875,2.4563381671905518,1.265231728553772,0.4659090909090909,2.7026151418685913,1.8707505031065508,0.3125,4.038210391998291,5.828856468200684,0.31605113636363635,4.228895577517423,5.957069527019154,0.4921875,3.588684320449829,0.465556800365448,0.4659090909090909,3.7444117719476875,0.6505565832961689,0.9999881982803345
801,motion_blur/s5,0.53125,2.365363359451294,1.0708820819854736,0.4713541666666667,2.67451082666715,1.804094801346461,0.3125,4.089860439300537,5.862909317016602,0.3157552083333333,4.217309315999349,5.949222842852275,0.53125,3.5020978450775146,0.4060578942298889,0.4713541666666667,3.724218944708506,0.6301816925406456,0.9999924898147583
802,motion_blur/s5,0.3984375,3.3986682891845703,1.352362036705017,0.4657451923076923,2.7302152468607974,1.7693461271432729,0.25,4.495610237121582,5.88831090927124,0.31069711538461536,4.238717079162598,5.9445373094998875,0.3984375,5.097175598144531,0.5214556455612183,0.4657451923076923,3.829830994972816,0.6218181504653051,0.9999884366989136
803,motion_blur/s5,0.4921875,2.8128504753112793,0.9978392720222473,0.46763392857142855,2.7361177631786893,1.7142384946346283,0.3125,4.062682151794434,5.75349235534668,0.31082589285714285,4.226143155779157,5.930891241346087,0.4921875,4.288881301879883,0.3661313056945801,0.46763392857142855,3.862620302609035,0.6035548044102532,0.9999902248382568
804,motion_blur/s5,0.4609375,2.940591335296631,1.045680284500122,0.4671875,2.7497493346532185,1.669667947292328,0.2734375,4.325031757354736,5.817335605621338,0.30833333333333335,4.232735729217529,5.923320865631103,0.4609375,4.501669406890869,0.3833346366882324,0.4671875,3.905223576227824,0.5888734598954518,0.9999924898147583
805,motion_blur/s5,0.4453125,3.182831048965454,1.1719937324523926,0.4658203125,2.7768169417977333,1.638563308864832,0.3125,4.268077373504639,5.811230659484863,0.30859375,4.234944581985474,5.9163152277469635,0.4453125,4.780420303344727,0.4607219696044922,0.4658203125,3.9599233716726303,0.5808639917522669,0.9999903440475464
806,motion_blur/s5,0.5625,2.5200958251953125,1.1463817358016968,0.47150735294117646,2.76171569964465,1.609611451625824,0.3125,3.790292978286743,5.425195217132568,0.3088235294117647,4.208788605297313,5.887425815357881,0.5625,3.6972382068634033,0.48864537477493286,0.47150735294117646,3.9444713031544403,0.5754393672241884,0.9999734163284302
807,motion_blur/s5,0.4375,3.1780288219451904,1.1519861221313477,0.4696180555555556,2.784844206439124,1.584187822209464,0.2734375,4.1878814697265625,5.605759620666504,0.3068576388888889,4.207627097765605,5.871777693430583,0.4375,4.811944484710693,0.4325050711631775,0.4696180555555556,3.9926642576853433,0.5674985729985766,0.9999746084213257
808,motion_blur/s5,0.4765625,2.815364122390747,1.146370530128479,0.4699835526315789,2.786450517804999,1.5611448068367808,0.28125,4.202982425689697,5.712371826171875,0.30550986842105265,4.207382641340557,5.863387910943282,0.4765625,4.177944660186768,0.495559424161911,0.4699835526315789,4.002415857816997,0.5637123020071733,0.9999805688858032
809,motion_blur/s5,0.484375,3.3305001258850098,0.8963073492050171,0.470703125,2.8136529982089997,1.5279029339551926,0.28125,4.232349395751953,5.841462135314941,0.304296875,4.208630979061127,5.862291622161865,0.484375,5.093836784362793,0.3375799059867859,0.470703125,4.056986904144287,0.5524056822061538,0.9999924898147583
810,motion_blur/s5,0.484375,3.0434396266937256,0.9576683044433594,0.4713541666666667,2.8245952186130343,1.5007489039784385,0.34375,3.815033197402954,5.568035125732422,0.30617559523809523,4.1898882275535945,5.848279408046177,0.484375,4.6721720695495605,0.37946897745132446,0.4713541666666667,4.086281435830252,0.5441706010273525,0.9999896287918091
811,motion_blur/s5,0.5390625,2.581089496612549,0.8688869476318359,0.4744318181818182,2.813526776703921,1.472027905962684,0.390625,3.5060198307037354,5.374723434448242,0.31001420454545453,4.158803300424055,5.826754136518999,0.5390625,3.894019365310669,0.35068291425704956,0.4744318181818182,4.077542250806635,0.5353757061741569,0.9999842643737793
812,motion_blur/s5,0.5078125,2.799912929534912,0.8913238644599915,0.475883152173913,2.8129348703052686,1.446779904158219,0.328125,3.7956080436706543,5.531825065612793,0.3108016304347826,4.143012202304343,5.81393113343612,0.5078125,4.246899127960205,0.3975929021835327,0.475883152173913,4.084905593291573,0.5293851494789124,0.9999833106994629
813,motion_blur/s5,0.4609375,3.1417300701141357,0.8652356863021851,0.4752604166666667,2.8266346702973046,1.4225488950808842,0.328125,3.8660318851470947,5.410886764526367,0.3115234375,4.131471355756124,5.79713761806488,0.4609375,4.752121925354004,0.38478463888168335,0.4752604166666667,4.112706273794174,0.5233601282040278,0.9999815225601196
814,motion_blur/s5,0.4609375,3.2477402687072754,0.9425826072692871,0.4746875,2.8434788942337037,1.4033502435684204,0.2890625,4.020319938659668,5.5495100021362305,0.310625,4.127025299072265,5.7872325134277345,0.4609375,4.930634021759033,0.4430905282497406,0.4746875,4.145423383712768,0.5201493442058563,0.9999765157699585
815,motion_blur/s5,0.5,3.1059160232543945,0.8358104825019836,0.4756610576923077,2.8535726299652686,1.3815217912197113,0.3828125,3.373823642730713,5.090407371520996,0.3134014423076923,4.0980560045975905,5.760431546431321,0.5,4.805148601531982,0.36876368522644043,0.4756610576923077,4.1707974305519695,0.5143268188604941,0.9999562501907349
816,motion_blur/s5,0.4375,3.513233184814453,0.9339667558670044,0.4742476851851852,2.8780045023670904,1.3649456787992407,0.3203125,3.630044460296631,5.218710422515869,0.3136574074074074,4.080722243697555,5.74036780110112,0.4375,5.318227767944336,0.39920371770858765,0.4742476851851852,4.21329485045539,0.5100630002993124,0.9999411106109619
817,motion_blur/s5,0.3984375,3.673675060272217,0.9027434587478638,0.47154017857142855,2.9064213080065593,1.3484384566545486,0.265625,3.873239278793335,5.317296028137207,0.3119419642857143,4.073312137808118,5.725258094923837,0.3984375,5.649669170379639,0.40631288290023804,0.47154017857142855,4.264593933309827,0.5063576389636312,0.9999501705169678
818,motion_blur/s5,0.453125,3.399432420730591,0.7995839715003967,0.4709051724137931,2.9234216912039397,1.329512439925095,0.3046875,3.833761692047119,5.314550399780273,0.31169181034482757,4.0650517776094635,5.711095760608542,0.453125,5.140542984008789,0.38798290491104126,0.4709051724137931,4.294799072989102,0.5022757515825075,0.9999607801437378
819,motion_blur/s5,0.4765625,3.4911253452301025,0.6694668531417847,0.47109375,2.942345146338145,1.3075109203656514,0.34375,3.5245981216430664,5.190011978149414,0.31276041666666665,4.047036655743917,5.693726301193237,0.4765625,5.298727989196777,0.2747802138328552,0.47109375,4.328263370196025,0.49469256699085234,0.9999759197235107
820,motion_blur/s5,0.46875,3.508899211883545,0.6792956590652466,0.4710181451612903,2.960621083936384,1.2872459119366062,0.3984375,3.6181139945983887,5.194141387939453,0.3155241935483871,4.033200440868255,5.677610658830212,0.46875,5.3180108070373535,0.3187654912471771,0.4710181451612903,4.360190706868326,0.48901750003137895,0.9999785423278809
821,motion_blur/s5,0.4609375,3.2513086795806885,0.7577891945838928,0.470703125,2.969705071300268,1.2707003895193338,0.3515625,3.487008810043335,5.033740043640137,0.316650390625,4.016131952404976,5.657489702105522,0.4609375,4.985954284667969,0.3424679934978485,0.470703125,4.379745818674564,0.48443782795220613,0.9999696016311646
822,motion_blur/s5,0.5234375,3.0215587615966797,0.62116539478302,0.47230113636363635,2.971276395248644,1.2510175108909607,0.3671875,3.4334628582000732,4.990433216094971,0.3181818181818182,3.9984753131866455,5.637275869196111,0.5234375,4.638335704803467,0.2731805741786957,0.47230113636363635,4.387581875829985,0.4780360929893725,0.9999709129333496
823,motion_blur/s5,0.453125,3.864218235015869,0.7775068879127502,0.4717371323529412,2.997539390535916,1.2370907278621899,0.296875,3.9486031532287598,5.357755184173584,0.31755514705882354,3.99700848495259,5.6290546725778015,0.453125,5.885480880737305,0.35593700408935547,0.4717371323529412,4.431637728915495,0.4744449433158426,0.9999721050262451
824,motion_blur/s5,0.4296875,4.059408664703369,0.7917894124984741,0.4705357142857143,3.027878512654986,1.2243678331375123,0.328125,3.713650703430176,5.013735771179199,0.31785714285714284,3.9889125483376637,5.611474132537841,0.4296875,6.234438419342041,0.3391708731651306,0.4705357142857143,4.4831463200705395,0.4705799698829651,0.9999535083770752
825,motion_blur/s5,0.4765625,3.7627601623535156,0.6306616067886353,0.470703125,3.048291891813278,1.20787599351671,0.3828125,3.486567974090576,5.070290565490723,0.3196614583333333,3.974958532386356,5.596441255675422,0.4765625,5.786577224731445,0.28367701172828674,0.470703125,4.519352734088898,0.4653882210453351,0.9999581575393677
826,motion_blur/s5,0.484375,3.7624034881591797,0.7452349662780762,0.47107263513513514,3.067592205228032,1.19537218196972,0.359375,3.6034247875213623,5.19996452331543,0.3207347972972973,3.9649170798224374,5.585725668314341,0.484375,5.6770195960998535,0.3506614565849304,0.47107263513513514,4.550641027656761,0.4622874976815404,0.9999613761901855
827,motion_blur/s5,0.453125,3.79394793510437,0.8590298891067505,0.4706003289473684,3.0867068296984623,1.1865210689996417,0.34375,3.716053009033203,5.263106346130371,0.32134046052631576,3.958368025327984,5.577235686151605,0.453125,5.822575092315674,0.40387672185897827,0.4706003289473684,4.584112976726733,0.4607503720019993,0.999968409538269
828,motion_blur/s5,0.421875,3.9143552780151367,0.7203857898712158,0.46935096153846156,3.107928584783505,1.1745688823553233,0.296875,3.6793019771575928,4.853883743286133,0.320713141025641,3.951212485631307,5.558688200437105,0.421875,5.862029075622559,0.3419373333454132,0.46935096153846156,4.6168800561856,0.4577038838313176,0.9999486207962036
829,motion_blur/s5,0.390625,4.403444766998291,0.7052332162857056,0.4673828125,3.1403164893388746,1.1628354907035827,0.3359375,3.6226096153259277,4.797469139099121,0.32109375,3.9429974138736723,5.539657723903656,0.390625,6.564655780792236,0.314929723739624,0.4673828125,4.665574449300766,0.45413452982902525,0.9999183416366577
830,motion_blur/s5,0.359375,4.6599812507629395,0.6379891633987427,0.4647484756097561,3.1773814835199494,1.1500343607693184,0.296875,3.878293991088867,4.9505462646484375,0.3205030487804878,3.9414192816106284,5.5252891517266995,0.359375,7.023430824279785,0.3179609477519989,0.4647484756097561,4.723083141373425,0.4508132229490978,0.9999126195907593
831,motion_blur/s5,0.4765625,3.723273992538452,0.5425428152084351,0.4650297619047619,3.1903789242108664,1.1355702763512021,0.3828125,3.2014570236206055,4.4937334060668945,0.32198660714285715,3.923801132610866,5.500728300639561,0.4765625,5.594918727874756,0.25609803199768066,0.4650297619047619,4.743841131528218,0.4461771469740641,0.9999027252197266
832,motion_blur/s5,0.40625,4.502163410186768,0.6920333504676819,0.4636627906976744,3.220885540163794,1.1252554641213528,0.2734375,4.014190673828125,4.821151256561279,0.32085755813953487,3.9259032149647557,5.484924183335415,0.40625,6.740314483642578,0.30232876539230347,0.4636627906976744,4.790270744368088,0.4428318357744882,0.9998973608016968
833,motion_blur/s5,0.4765625,3.525996208190918,0.7073554992675781,0.4639559659090909,3.227819873528047,1.1157577376474033,0.359375,3.3507871627807617,4.467296123504639,0.32173295454545453,3.9128323955969377,5.461796272884715,0.4765625,5.305266857147217,0.3031734228134155,0.4639559659090909,4.801975201476704,0.43965778093446384,0.9998230338096619
834,motion_blur/s5,0.4921875,3.402026653289795,0.6783021688461304,0.46458333333333335,3.2316911353005304,1.1060365027851529,0.40625,3.3142216205596924,4.2564520835876465,0.3236111111111111,3.8995299339294434,5.435010846455892,0.4921875,5.126095771789551,0.3177952766418457,0.46458333333333335,4.809177880816989,0.4369497252835168,0.9998021721839905
835,motion_blur/s5,0.3515625,5.097486972808838,0.7171535491943359,0.46212635869565216,3.272251914376798,1.0975825255331786,0.390625,3.657750368118286,4.542054176330566,0.3250679347826087,3.8942738564118096,5.415598744931429,0.3515625,7.49603271484375,0.33524245023727417,0.46212635869565216,4.867587768513223,0.4347386975651202,0.9996987581253052
836,motion_blur/s5,0.4453125,4.403317451477051,0.6097967028617859,0.4617686170212766,3.29631713857042,1.0872041037742128,0.3359375,3.5845048427581787,4.752964496612549,0.32529920212765956,3.8876830263340727,5.401500143903367,0.4453125,6.591145038604736,0.2880137860774994,0.4617686170212766,4.904259199791766,0.431616890937724,0.9998040795326233
837,motion_blur/s5,0.421875,4.376920223236084,0.4539397358894348,0.4609375,3.318829702834288,1.0740110961099465,0.390625,3.2130167484283447,4.219857215881348,0.32666015625,3.873627478877703,5.376882582902908,0.421875,6.793056488037109,0.18166466057300568,0.4609375,4.943609143296878,0.4264095528051257,0.9997988343238831
838,motion_blur/s5,0.390625,4.758330345153809,0.5769710540771484,0.45950255102040816,3.348207266963258,1.0638674217827466,0.4140625,3.3230409622192383,4.43400764465332,0.3284438775510204,3.862391019354061,5.357640237224345,0.390625,7.193178653717041,0.2685577869415283,0.45950255102040816,4.989518725142187,0.42318808819566456,0.9995111227035522
839,motion_blur/s5,0.3984375,5.265769958496094,0.6420164108276367,0.45828125,3.3865585207939146,1.0554304015636444,0.421875,3.2485532760620117,4.360359191894531,0.3303125,3.8501142644882203,5.337694616317749,0.3984375,7.398664474487305,0.309331476688385,0.45828125,5.0377016401290895,0.420910955965519,0.9992501139640808
840,motion_blur/s5,0.3203125,6.070400238037109,0.535389244556427,0.45557598039215685,3.4391828681908403,1.0452335161321304,0.25,3.9852256774902344,4.479671955108643,0.3287377450980392,3.8527635078804168,5.320870642568551,0.3203125,8.942614555358887,0.24620439112186432,0.45557598039215685,5.114268560035556,0.4174853370470159,0.998997151851654
841,motion_blur/s5,0.4765625,4.563008785247803,0.5398861169815063,0.4559795673076923,3.46079490505732,1.0355152969176953,0.4140625,3.08518385887146,4.2651166915893555,0.3303786057692308,3.8380023607840905,5.300567681972797,0.4765625,6.419044494628906,0.2650282382965088,0.4559795673076923,5.1393604049315815,0.41455346976335233,0.9987661838531494
842,motion_blur/s5,0.3359375,6.717512130737305,0.4623687267303467,0.4537146226415094,3.522242399881471,1.0247012106877453,0.34375,3.4755985736846924,4.260820388793945,0.3306308962264151,3.8311645534803285,5.280949808516592,0.3359375,9.225215911865234,0.23370790481567383,0.4537146226415094,5.216452018269953,0.41114128929264143,0.9966446161270142
843,motion_blur/s5,0.2578125,7.188529968261719,0.3817934989929199,0.4500868055555556,3.590136614110735,1.0127955123230263,0.265625,3.6780247688293457,4.134256839752197,0.3294270833333333,3.8283286315423473,5.259714753539474,0.2578125,10.120540618896484,0.17332282662391663,0.4500868055555556,5.3072684738371105,0.406737243687665,0.9914312362670898
844,motion_blur/s5,0.265625,7.2155375480651855,0.4174899756908417,0.44673295454545453,3.656052994728088,1.0019717752933501,0.328125,3.3589582443237305,4.197999000549316,0.3294034090909091,3.8197946245020087,5.240410830757835,0.265625,9.793349266052246,0.1927584856748581,0.44673295454545453,5.388833579150114,0.4028467208147049,0.9857708215713501
845,motion_blur/s5,0.2578125,8.74578857421875,0.25684255361557007,0.443359375,3.7469411300761357,0.9886658963348184,0.359375,3.380861520767212,3.965372085571289,0.32993861607142855,3.811956533363887,5.217642281736646,0.2578125,11.31900691986084,0.12666335701942444,0.443359375,5.494729531662805,0.39791487503264633,0.957915186882019
846,motion_blur/s5,0.2109375,9.550800323486328,0.28038108348846436,0.43928179824561403,3.8487632211885954,0.9762398469866368,0.2734375,3.825514793395996,4.291715621948242,0.32894736842105265,3.812194397574977,5.201397954371938,0.21875,11.624897956848145,0.14594370126724243,0.4394188596491228,5.602276346139741,0.3934943281244813,0.9029063582420349
847,motion_blur/s5,0.1953125,10.07439136505127,0.16220895946025848,0.43507543103448276,3.9561016374620896,0.9622048316844578,0.4140625,3.160810947418213,3.993332862854004,0.3304148706896552,3.800963648434343,5.18056924589749,0.2109375,10.827241897583008,0.13212177157402039,0.43547952586206895,5.692361959095659,0.3889879047356803,0.7468398213386536
848,motion_blur/s5,0.1796875,10.694867134094238,0.15702101588249207,0.4307468220338983,4.0703180018117875,0.9485576483657805,0.4296875,3.0544652938842773,3.862955331802368,0.3320974576271186,3.7883111339504434,5.158236806675539,0.2890625,5.315484523773193,0.3218455910682678,0.4329978813559322,5.6859742059546,0.38784989941928344,0.4303007423877716
849,motion_blur/s5,0.0546875,12.661728858947754,0.0821378156542778,0.4244791666666667,4.213508182764054,0.9341173178205887,0.3359375,3.344467878341675,3.6632041931152344,0.3321614583333333,3.780913746356964,5.133319596449534,0.3515625,3.365851402282715,1.8884016275405884,0.431640625,5.6473054925600685,0.4128590948879719,0.07498212903738022
850,motion_blur/s5,0.0234375,14.786765098571777,0.047933779656887054,0.4179047131147541,4.386840263351065,0.9195897188342985,0.3828125,3.450193405151367,3.956986427307129,0.33299180327868855,3.7754921014191676,5.114035446135724,0.3828125,3.678800344467163,1.9312140941619873,0.43084016393442626,5.615034916361824,0.437750160449841,0.01716519333422184
851,motion_blur/s5,0.0390625,15.271462440490723,0.022205285727977753,0.4117943548387097,4.562398685562995,0.9051157763648418,0.3671875,3.295099973678589,3.4680087566375732,0.33354334677419356,3.7677438412943194,5.087486628563173,0.3671875,3.69167160987854,1.6155588626861572,0.4298135080645161,5.584012927547578,0.45674707500203965,0.004178008064627647
852,motion_blur/s5,0.0078125,16.15359878540039,0.02718854695558548,0.4053819444444444,4.7463859887350175,0.8911804235170758,0.390625,3.1294431686401367,3.497894763946533,0.33444940476190477,3.757612084585523,5.062255011664496,0.390625,3.45212984085083,1.578755259513855,0.42919146825396826,5.550173513473026,0.4745567287244494,0.001752314972691238
853,motion_blur/s5,0.0078125,16.78983497619629,0.01191595196723938,0.399169921875,4.9345648791641,0.8774419161491096,0.328125,3.5797693729400635,3.76593017578125,0.3343505859375,3.7548332922160625,5.041999936103821,0.328125,3.982192277908325,1.8552751541137695,0.4276123046875,5.525673806667328,0.4961304541211575,0.0012933735270053148
854,motion_blur/s5,0.0,17.429174423217773,0.0006969301030039787,0.39302884615384615,5.12678964138031,0.8639535317484003,0.3359375,3.2199838161468506,3.4911880493164062,0.334375,3.7466048387380746,5.018141291691706,0.3359375,3.5784506797790527,1.6240880489349365,0.42620192307692306,5.495716527792124,0.5134836478875233,0.0006346112350001931
855,motion_blur/s5,0.0078125,17.45235824584961,0.003098148386925459,0.38719223484848486,5.3135406808419665,0.8509102683641355,0.3671875,3.2416346073150635,3.406161069869995,0.3348721590909091,3.738953774625605,4.9937173489368325,0.3671875,3.643601655960083,1.5857421159744263,0.42530776515151514,5.467654181249214,0.5297299883130825,0.0004808143712580204
856,motion_blur/s5,0.0,17.64309310913086,0.0014463167171925306,0.3814132462686567,5.497563851413442,0.8382317019216439,0.34375,2.9903275966644287,3.5262789726257324,0.33500466417910446,3.727780249581408,4.971815283618756,0.34375,3.214857816696167,1.6500520706176758,0.4240904850746269,5.4340303549126014,0.5464512134221062,0.00043725414434447885
857,motion_blur/s5,0.0,17.623321533203125,0.0013211255427449942,0.37580422794117646,5.675883817322114,0.8259241934454835,0.4375,3.0909721851348877,3.567638874053955,0.33651194852941174,3.7184154251042534,4.951165630536921,0.4375,3.372805118560791,1.6021925210952759,0.42428768382352944,5.403718219083898,0.5619768208878881,0.0004008383839391172
858,motion_blur/s5,0.0,17.89389991760254,0.0007412974955514073,0.37035778985507245,5.852956514427627,0.813965021040412,0.3046875,3.563194751739502,3.647193670272827,0.33605072463768115,3.7161658501279526,4.932267486185268,0.3046875,4.011739730834961,1.7871668338775635,0.422554347826087,5.383544617804928,0.5797331978877386,0.00047764324699528515
859,motion_blur/s5,0.0,17.903249740600586,0.0011234516277909279,0.3650669642857143,6.025103560515812,0.8023529986202318,0.34375,3.3165018558502197,3.576387882232666,0.3361607142857143,3.7104563644954136,4.912897777557373,0.34375,3.686660051345825,1.6763681173324585,0.42142857142857143,5.3593034097126555,0.5953994110226631,0.0004466928949113935
860,motion_blur/s5,0.0,17.897249221801758,0.004454274661839008,0.359925176056338,6.192316879688854,0.7911149884236347,0.390625,3.300015926361084,3.716421127319336,0.33692781690140844,3.704675513254085,4.896045993751203,0.390625,3.581418991088867,1.8290436267852783,0.42099471830985913,5.334262784098236,0.6127746816672069,0.0005392220919020474
861,motion_blur/s5,0.0,17.62986946105957,0.004680547397583723,0.3549262152777778,6.351171776652336,0.7801922878538284,0.421875,2.836695671081543,2.9933462142944336,0.3381076388888889,3.6926202376683555,4.869619607925415,0.421875,3.221749782562256,1.290987491607666,0.4210069444444444,5.304922325743569,0.6221943040274911,0.0002695554867386818
862,motion_blur/s5,0.0,18.011777877807617,0.0005803846870549023,0.3500642123287671,6.510906106805148,0.7695126727419548,0.375,3.358177900314331,3.2566046714782715,0.3386130136986301,3.6880388357867933,4.847523512905592,0.375,3.8703255653381348,1.5247392654418945,0.4203767123287671,5.285270315327057,0.6345579336359076,0.00024662382202222943
863,motion_blur/s5,0.0078125,17.93709945678711,0.0003870587097480893,0.3454391891891892,6.665314125048147,0.7591190833631412,0.3828125,2.8298895359039307,3.2989492416381836,0.33921030405405406,3.676442223626214,4.82659683356414,0.3828125,3.08056378364563,1.4694476127624512,0.41986908783783783,5.255476983817848,0.6458402265970772,0.00023804140801075846
864,motion_blur/s5,0.0,17.962961196899414,0.0006390268681570888,0.3408333333333333,6.815949419339498,0.749006015943208,0.375,3.058161735534668,3.0640029907226562,0.3396875,3.6681984837849937,4.803095582326253,0.375,3.493924379348755,1.4413440227508545,0.4192708333333333,5.23198961575826,0.6564469438791275,0.00017545255832374096
865,motion_blur/s5,0.0,18.222570419311523,0.0003583442303352058,0.3363486842105263,6.966036537760182,0.7391553886838281,0.3359375,3.360502004623413,3.258695602416992,0.33963815789473684,3.6641498459012887,4.782774529959026,0.3359375,3.8693740367889404,1.552842378616333,0.41817434210526316,5.214060463403401,0.6682416206519854,0.00021574650600086898
866,motion_blur/s5,0.0,18.14800262451172,0.0003934536944143474,0.3319805194805195,7.111256876549163,0.7295610778398098,0.390625,3.048311471939087,3.024101495742798,0.3403003246753247,3.6561519449407403,4.75993462042375,0.390625,3.515319585800171,1.35129976272583,0.41781655844155846,5.1919988935643975,0.6771125056139835,0.00017702055629342794
867,motion_blur/s5,0.0,18.317466735839844,0.0003141393535770476,0.327724358974359,7.254926233719557,0.7202117581156273,0.40625,2.909053325653076,3.0258049964904785,0.3411458333333333,3.6465737575139756,4.737702189347683,0.40625,3.281487464904785,1.4387266635894775,0.4176682692307692,5.167505157299531,0.6868767896905924,0.0001749141956679523
868,motion_blur/s5,0.0,18.420682907104492,0.00014841786469332874,0.3235759493670886,7.396264925787721,0.7110970322896661,0.5,3.045353412628174,4.0777692794799805,0.3431566455696203,3.638963373401497,4.729348608210117,0.5,2.982506275177002,2.2699050903320312,0.41871044303797467,5.1398469436017775,0.7069151226101043,0.00751562649384141
869,pixelate/s5,0.4453125,2.6705312728881836,2.9433889389038086,0.4453125,2.6705312728881836,2.9433889389038086,0.5,3.422006845474243,5.794839859008789,0.5,3.422006845474243,5.794839859008789,0.4375,3.200855255126953,0.9044814109802246,0.4375,3.200855255126953,0.9044814109802246,0.9688656330108643
870,pixelate/s5,0.46875,2.4211950302124023,2.372185468673706,0.45703125,2.545863151550293,2.6577872037887573,0.4609375,3.294750928878784,5.648122310638428,0.48046875,3.3583788871765137,5.721481084823608,0.46875,3.1265993118286133,0.6807873249053955,0.453125,3.163727283477783,0.7926343679428101,0.9960117340087891
871,pixelate/s5,0.5078125,2.658522367477417,1.8381394147872925,0.4739583333333333,2.583416223526001,2.3845712741216025,0.3359375,3.905510187149048,5.842860221862793,0.4322916666666667,3.5407559871673584,5.761940797170003,0.5078125,3.779052972793579,0.4952414631843567,0.4713541666666667,3.3688358465830484,0.6935033996899923,0.9994877576828003
872,pixelate/s5,0.5703125,2.2572953701019287,1.5831992626190186,0.498046875,2.501886010169983,2.1842282712459564,0.4375,3.6577396392822266,5.777073860168457,0.43359375,3.5700019001960754,5.765724062919617,0.5703125,3.1864888668060303,0.46296030282974243,0.49609375,3.323249101638794,0.6358676254749298,0.9998456239700317
873,pixelate/s5,0.515625,2.2512288093566895,1.5033154487609863,0.5015625,2.451754570007324,2.0480457067489626,0.4296875,3.4936749935150146,5.735994338989258,0.4328125,3.554736518859863,5.759778118133545,0.515625,3.1830084323883057,0.4978529214859009,0.5,3.295200967788696,0.608264684677124,0.999885082244873
874,pixelate/s5,0.546875,2.0755739212036133,1.3287482261657715,0.5091145833333334,2.3890577952067056,1.9281627933184307,0.4296875,3.4251673221588135,5.649038314819336,0.4322916666666667,3.5331416527430215,5.741321484247844,0.546875,2.944192886352539,0.4426381289958954,0.5078125,3.23669962088267,0.5806602587302526,0.9999195337295532
875,pixelate/s5,0.71875,1.2270314693450928,1.1199976205825806,0.5390625,2.2230540343693326,1.8127106257847376,0.5,3.1336843967437744,5.577441692352295,0.4419642857142857,3.4760763304574147,5.717910085405622,0.71875,1.6127872467041016,0.35737302899360657,0.5379464285714286,3.0047121388571605,0.5487620830535889,0.9999630451202393
876,pixelate/s5,0.6484375,1.7308238744735718,1.1889832019805908,0.552734375,2.1615252643823624,1.7347446978092194,0.4453125,3.348743438720703,5.6830949783325195,0.4423828125,3.460159718990326,5.713558197021484,0.6484375,2.3932430744171143,0.46072858572006226,0.5517578125,2.9282785058021545,0.537757895886898,0.9999746084213257
877,pixelate/s5,0.59375,1.7682081460952759,1.0076905488967896,0.5572916666666666,2.117823362350464,1.653960903485616,0.4296875,3.3406782150268555,5.557422161102295,0.4409722222222222,3.4468839963277182,5.696209748586019,0.59375,2.56032133102417,0.3364444971084595,0.5564236111111112,2.8873943752712674,0.5153897404670715,0.9999727010726929
878,pixelate/s5,0.6640625,1.6481300592422485,0.8538182973861694,0.56796875,2.0708540320396422,1.5739466428756714,0.4921875,3.119291305541992,5.378042221069336,0.44609375,3.4141247272491455,5.66439299583435,0.6640625,2.374070405960083,0.3309398591518402,0.5671875,2.836061978340149,0.4969447523355484,0.9999700784683228
879,pixelate/s5,0.671875,1.694434404373169,0.7933087348937988,0.5774147727272727,2.0366340658881446,1.5029795603318648,0.4609375,3.243926763534546,5.538242816925049,0.4474431818181818,3.398652185093273,5.6529247977516865,0.671875,2.5203375816345215,0.27759432792663574,0.5767045454545454,2.8073597604578193,0.47700380466201087,0.999983549118042
880,pixelate/s5,0.6796875,1.608632206916809,0.8409056663513184,0.5859375,2.0009672443072,1.4478067358334858,0.53125,2.9222750663757324,5.134172439575195,0.4544270833333333,3.3589540918668113,5.6096954345703125,0.6796875,2.349834680557251,0.306623250246048,0.5852864583333334,2.769232670466105,0.4628054251273473,0.9999721050262451
881,pixelate/s5,0.5390625,2.291701555252075,1.1087236404418945,0.5823317307692307,2.0233314220721903,1.4217234208033636,0.390625,3.4217493534088135,5.5725531578063965,0.4495192307692308,3.3637844966008115,5.606838336357703,0.5390625,3.3798935413360596,0.39999330043792725,0.5817307692307693,2.8162065836099477,0.45797372322816116,0.9999674558639526
882,pixelate/s5,0.6328125,1.8523609638214111,0.8337110280990601,0.5859375,2.011119246482849,1.379722535610199,0.4609375,3.252293825149536,5.304698944091797,0.45033482142857145,3.3558208772114346,5.585256951195853,0.6328125,2.7403643131256104,0.3090375065803528,0.5853794642857143,2.8107892785753523,0.447335422039032,0.9999736547470093
883,pixelate/s5,0.625,1.8790388107299805,0.791593074798584,0.5885416666666666,2.0023138840993244,1.3405139048894246,0.4375,3.2029201984405518,5.463449954986572,0.44947916666666665,3.345627498626709,5.577136484781901,0.625,2.8139288425445557,0.3003818988800049,0.5880208333333333,2.8109985828399657,0.43753852049509684,0.9999821186065674
884,pixelate/s5,0.6328125,2.1410715579986572,0.8066434264183044,0.59130859375,2.010986238718033,1.3071469999849796,0.3984375,3.4410974979400635,5.482587814331055,0.4462890625,3.3515943735837936,5.571227192878723,0.6328125,3.1910698413848877,0.30574145913124084,0.5908203125,2.8347530364990234,0.42930120415985584,0.999985933303833
885,pixelate/s5,0.640625,1.862106442451477,0.767074704170227,0.5942095588235294,2.0022286036435295,1.2753780414076412,0.4921875,2.910914897918701,4.994354724884033,0.4489889705882353,3.325672051485847,5.5372935182908005,0.640625,2.7986676692962646,0.27936848998069763,0.59375,2.8326303678400375,0.4204816327375524,0.9999667406082153
886,pixelate/s5,0.6171875,1.9495240449905396,0.8059302568435669,0.5954861111111112,1.9993005726072524,1.2492976089318593,0.421875,3.1167681217193604,5.121891021728516,0.4474826388888889,3.314066277609931,5.514215601815118,0.6171875,2.9206314086914062,0.3306545913219452,0.5950520833333334,2.8375193145540027,0.4154912415477965,0.9999614953994751
887,pixelate/s5,0.6171875,1.8007783889770508,0.7326818704605103,0.5966282894736842,1.9888520366267155,1.2221073069070514,0.4296875,3.109867811203003,5.2939910888671875,0.4465460526315789,3.3033189899043034,5.502624837975753,0.6171875,2.692742109298706,0.32631605863571167,0.5962171052631579,2.829899461645829,0.41079781086821304,0.9999700784683228
888,pixelate/s5,0.59375,1.9757652282714844,0.6900337934494019,0.596484375,1.9881976962089538,1.195503631234169,0.5,3.067598581314087,5.226710319519043,0.44921875,3.2915329694747926,5.488829112052917,0.59375,2.975395679473877,0.2960377335548401,0.59609375,2.8371742725372315,0.4050598070025444,0.9999678134918213
889,pixelate/s5,0.6328125,1.6281108856201172,0.8480720520019531,0.5982142857142857,1.971050705228533,1.1789592703183491,0.453125,3.1102144718170166,5.123085975646973,0.4494047619047619,3.2828987553006126,5.471412772224063,0.6328125,2.3609490394592285,0.34382104873657227,0.5978422619047619,2.814496880485898,0.40214367565654574,0.9999639987945557
890,pixelate/s5,0.6875,1.4451277256011963,0.6211038827896118,0.6022727272727273,1.9471451152454724,1.1536022072488612,0.5703125,2.4911956787109375,4.7450714111328125,0.4549005681818182,3.2469122518192637,5.438397255810824,0.6875,2.1541988849639893,0.25361183285713196,0.6019176136363636,2.7844833352349023,0.3953922282565724,0.9999480247497559
891,pixelate/s5,0.65625,1.4861434698104858,0.5614942312240601,0.6046195652173914,1.9271015654439512,1.1278583822043047,0.5234375,2.671198844909668,5.001310348510742,0.4578804347826087,3.2218812341275425,5.41939347723256,0.65625,2.2427022457122803,0.21765165030956268,0.6042798913043478,2.7609276356904404,0.387664377041485,0.9999452829360962
892,pixelate/s5,0.609375,2.0313668251037598,0.6680705547332764,0.6048177083333334,1.93144595126311,1.1087005560596783,0.4609375,2.819032669067383,4.691583633422852,0.4580078125,3.2050958772500358,5.389068067073822,0.609375,3.0338597297668457,0.2957926392555237,0.6044921875,2.772299806276957,0.3838363879670699,0.9999343156814575
893,pixelate/s5,0.6484375,1.8941078186035156,0.5952169299125671,0.6065625,1.929952425956726,1.088161211013794,0.40625,3.0849955081939697,4.945308685302734,0.4559375,3.200291862487793,5.371317691802979,0.6484375,2.8654463291168213,0.24104583263397217,0.60625,2.776025667190552,0.37812476575374604,0.9999513626098633
894,pixelate/s5,0.59375,1.9931410551071167,0.6392258405685425,0.6060697115384616,1.9323827578471258,1.0708944659966688,0.5,2.7194440364837646,4.612972259521484,0.45763221153846156,3.1817977153337917,5.3421505597921515,0.59375,3.0430519580841064,0.28971800208091736,0.6057692307692307,2.786295909147996,0.3747245056124834,0.9999251365661621
895,pixelate/s5,0.5546875,2.112112283706665,0.7028884887695312,0.6041666666666666,1.9390394069530346,1.0572646149882563,0.484375,2.8977534770965576,4.6362199783325195,0.4586226851851852,3.1712775583620423,5.316004982701054,0.5546875,3.2029857635498047,0.32737159729003906,0.6038773148148148,2.8017288667184337,0.3729706941931336,0.9998338222503662
896,pixelate/s5,0.6171875,1.931836485862732,0.6498299241065979,0.6046316964285714,1.938782159771238,1.0427133760281972,0.4375,2.746246814727783,4.419410228729248,0.45786830357142855,3.156097888946533,5.283983741487775,0.6171875,2.895486831665039,0.29461851716041565,0.6043526785714286,2.8050773654665266,0.3701724021562508,0.9998136162757874
897,pixelate/s5,0.6640625,1.8080865144729614,0.6103794574737549,0.6066810344827587,1.9342754133816422,1.0278053098711475,0.5,2.5746712684631348,4.5501298904418945,0.4593211206896552,3.1360486951367608,5.258678436279297,0.6640625,2.7426161766052246,0.2540464699268341,0.6064116379310345,2.802923531367861,0.3661680596655813,0.9998212456703186
898,pixelate/s5,0.59375,2.090803861618042,0.5900468230247498,0.60625,1.9394930283228555,1.0132133603096007,0.5078125,2.558241128921509,4.393193244934082,0.4609375,3.1167884429295856,5.229828929901123,0.59375,3.1876277923583984,0.24659523367881775,0.6059895833333333,2.8157470067342123,0.3621822987993558,0.9998030066490173
899,pixelate/s5,0.6171875,2.296157121658325,0.5840546488761902,0.6066028225806451,1.9509983216562579,0.9993695309085231,0.53125,2.71325421333313,4.405444145202637,0.4632056451612903,3.103771209716797,5.203235872330204,0.6171875,3.5616095066070557,0.25179195404052734,0.6063508064516129,2.839807087375272,0.3586213199361678,0.9997749924659729
900,pixelate/s5,0.6328125,1.994676947593689,0.5419222116470337,0.607421875,1.9523632787168026,0.9850743021816015,0.515625,2.372241735458374,4.216712474822998,0.46484375,3.080910913646221,5.172407016158104,0.6328125,3.0424935817718506,0.2491205781698227,0.607177734375,2.846141040325165,0.3551994217559695,0.9997891783714294
901,pixelate/s5,0.6640625,1.7581716775894165,0.440544068813324,0.6091382575757576,1.9464786847432454,0.9685733860189264,0.5546875,2.3155665397644043,4.060802459716797,0.4675662878787879,3.0577186598922266,5.138722029599276,0.6640625,2.6122353076934814,0.16832223534584045,0.6089015151515151,2.8390529878211743,0.34953647671323834,0.9997847676277161
902,pixelate/s5,0.5859375,3.057962417602539,0.47548797726631165,0.6084558823529411,1.9791693827685188,0.9540708739967907,0.4609375,2.6680662631988525,4.628488063812256,0.46737132352941174,3.046258295283598,5.123715148252599,0.5859375,4.529786109924316,0.22537580132484436,0.6082261029411765,2.8887804325889137,0.34588469214299145,0.9998137354850769
903,pixelate/s5,0.5625,3.108381986618042,0.5616360902786255,0.6071428571428571,2.0114326000213625,0.9428584516048432,0.4765625,2.821286678314209,4.365757942199707,0.46763392857142855,3.0398305347987584,5.10205922807966,0.5625,4.560528755187988,0.22593925893306732,0.6069196428571428,2.936544670377459,0.34245767976556507,0.9997532963752747
904,pixelate/s5,0.578125,2.7947864532470703,0.5661227703094482,0.6063368055555556,2.0331924292776318,0.9323935715688599,0.421875,2.876347541809082,4.571445941925049,0.4663628472222222,3.035289340549045,5.08731997013092,0.578125,4.28494119644165,0.2489069104194641,0.6061197916666666,2.9740001294347973,0.3398590472837289,0.9997674822807312
905,pixelate/s5,0.5703125,2.8908088207244873,0.49551036953926086,0.6053631756756757,2.0563712506680876,0.9205859174599519,0.515625,2.499717950820923,4.215864181518555,0.46769425675675674,3.0208144381239608,5.063767110979235,0.5703125,4.3128180503845215,0.20006096363067627,0.605152027027027,3.010184397568574,0.3360807206985113,0.9995434880256653
906,pixelate/s5,0.640625,2.727689027786255,0.4398597478866577,0.6062911184210527,2.074037507960671,0.9079352287869704,0.4765625,2.7599117755889893,4.426069736480713,0.46792763157894735,3.013948578583567,5.04698560112401,0.640625,3.9794843196868896,0.19864237308502197,0.6060855263157895,3.035692290255898,0.3324639220771037,0.9995166063308716
907,pixelate/s5,0.5,3.5296850204467773,0.5005719661712646,0.6035657051282052,2.1113618031526222,0.8974900169250293,0.421875,2.6462314128875732,4.050755500793457,0.4667467948717949,3.0045199333093104,5.021441239577073,0.5,5.339004993438721,0.23462414741516113,0.6033653846153846,3.0947515903375087,0.32995520990628463,0.9987744688987732
908,pixelate/s5,0.46875,4.178217887878418,0.4678996801376343,0.6001953125,2.163033205270767,0.8867502585053444,0.4453125,2.5609114170074463,3.713488817214966,0.4662109375,2.993429720401764,4.9887424290180205,0.46875,6.066765308380127,0.20044606924057007,0.6,3.169051933288574,0.32671748138964174,0.9970537424087524
909,pixelate/s5,0.4375,4.3431878089904785,0.5831323862075806,0.5962271341463414,2.2162077078005162,0.8793449445468623,0.484375,2.7689149379730225,3.9890713691711426,0.46665396341463417,2.9879537500986237,4.964360208046146,0.4375,6.225546360015869,0.22894135117530823,0.5960365853658537,3.2436005778428987,0.32433269772587753,0.9957708716392517
910,pixelate/s5,0.5234375,3.7029621601104736,0.2929791212081909,0.5944940476190477,2.2516066233317056,0.8653838535149893,0.5546875,2.29486083984375,3.7858400344848633,0.46875,2.971451537949698,4.936300203913734,0.5234375,5.38784122467041,0.1369331181049347,0.5943080357142857,3.294653926576887,0.3198708029729979,0.9943630695343018
911,pixelate/s5,0.390625,5.4954304695129395,0.4250115156173706,0.5897529069767442,2.3270443871963855,0.8551426363545794,0.375,2.9483132362365723,4.122146129608154,0.46656976744186046,2.970913437909858,4.917366388232209,0.390625,7.667912483215332,0.20471888780593872,0.5895712209302325,3.396357613940572,0.31719285145748494,0.9895761013031006
912,pixelate/s5,0.46875,4.812693119049072,0.3387621343135834,0.5870028409090909,2.3835364038294014,0.8434067158536478,0.4453125,2.4750208854675293,3.587981700897217,0.4660866477272727,2.959643152627078,4.887153099883687,0.484375,6.497619152069092,0.1677037924528122,0.5871803977272727,3.4668408307162197,0.31379537284374237,0.9727059006690979
913,pixelate/s5,0.5078125,5.206701755523682,0.2702578902244568,0.5852430555555556,2.4462734116448295,0.8306700752841102,0.6015625,2.0845460891723633,3.0328357219696045,0.4690972222222222,2.940196551216973,4.845946047041151,0.5234375,6.520092487335205,0.14121083915233612,0.5857638888888889,3.534690867529975,0.30996016098393336,0.9308996796607971
914,pixelate/s5,0.3046875,7.482542991638184,0.2718861401081085,0.5791440217391305,2.555757532949033,0.818522598432458,0.4765625,2.5758702754974365,4.021872520446777,0.46925951086956524,2.9322764147882876,4.828031405158665,0.328125,9.159281730651855,0.1554069072008133,0.5801630434782609,3.656964581945668,0.306600307640822,0.8776717185974121
915,pixelate/s5,0.2734375,8.517833709716797,0.21964804828166962,0.5726396276595744,2.682610217561113,0.805780586727122,0.515625,2.482966899871826,3.6238980293273926,0.47024601063829785,2.922716637875171,4.802411546098425,0.3359375,8.116222381591797,0.15676990151405334,0.574966755319149,3.7518424074700536,0.30341242665940144,0.6813334822654724
916,pixelate/s5,0.28125,8.698785781860352,0.13011589646339417,0.5665690104166666,2.807947208484014,0.7917042390132943,0.59375,1.8730813264846802,2.974879741668701,0.4728190104166667,2.9008492355545363,4.764337966839473,0.4609375,2.5654847621917725,0.6055066585540771,0.5725911458333334,3.727126623193423,0.3097060564905405,0.3852177560329437
917,pixelate/s5,0.1640625,10.86571216583252,0.14638476073741913,0.5583545918367347,2.9723913912870445,0.7785344537423582,0.5390625,2.1532142162323,3.1461591720581055,0.4741709183673469,2.885591378017348,4.731313909803118,0.5703125,1.9630770683288574,1.410149335861206,0.5725446428571429,3.6911256118696563,0.3321640826001459,0.11425068229436874
918,pixelate/s5,0.0859375,12.98818302154541,0.06094534322619438,0.54890625,3.172707223892212,0.7641826715320349,0.5234375,2.3225998878479004,3.2924633026123047,0.47515625,2.874331548213959,4.702536897659302,0.5234375,2.3430731296539307,1.3470408916473389,0.5715625,3.664164562225342,0.3524616187810898,0.017855634912848473
919,pixelate/s5,0.03125,14.405344009399414,0.04894170165061951,0.5387561274509803,3.3929550040001963,0.750158338789262,0.4296875,2.7335238456726074,3.5100133419036865,0.4742647058823529,2.8715706128700105,4.679154082840564,0.4296875,2.9073376655578613,1.38069486618042,0.5687806372549019,3.6493248191534304,0.3726230550046061,0.005639536306262016
920,pixelate/s5,0.0078125,13.915306091308594,0.034709323197603226,0.5285456730769231,3.5953079095253577,0.7363997038740379,0.5625,1.7504914999008179,2.8926258087158203,0.47596153846153844,2.8500113991590648,4.644797769876627,0.5625,1.661202311515808,1.1579816341400146,0.5686598557692307,3.611091694006553,0.38772610460336393,0.0012365274596959352
921,pixelate/s5,0.0078125,15.220991134643555,0.014914501458406448,0.5187205188679245,3.814660423206833,0.7227867755265731,0.53125,2.2468481063842773,3.0646800994873047,0.47700471698113206,2.8386309596727477,4.614984228925885,0.53125,2.3234200477600098,1.2930742502212524,0.5679540094339622,3.586796002567939,0.4048081450867203,0.0004471794527489692
922,pixelate/s5,0.0,16.533803939819336,0.005367831792682409,0.5091145833333334,4.050200117958917,0.709501239531501,0.4296875,2.7273106575012207,3.2082595825195312,0.4761284722222222,2.8365694725954973,4.588933772510952,0.4296875,3.009129762649536,1.2735230922698975,0.5653935185185185,3.576098479606487,0.4208954589234458,0.00025879949680529535
923,pixelate/s5,0.0,16.86438751220703,0.0006975659052841365,0.49985795454545456,4.283185343308882,0.6966139000110243,0.5390625,2.2282004356384277,3.245919704437256,0.4772727272727273,2.825508217378096,4.564515334909612,0.5390625,2.1944141387939453,1.4571247100830078,0.5649147727272728,3.550976946137168,0.4397359907627106,0.00020843525999225676
924,pixelate/s5,0.0,17.41098976135254,0.0004835209110751748,0.49093191964285715,4.517610422202519,0.6841830003842395,0.4921875,2.2747232913970947,3.151109457015991,0.4775390625,2.8156727722712924,4.539275944232941,0.4921875,2.3249270915985107,1.3276454210281372,0.5636160714285714,3.5290831987346922,0.45559151630316463,0.00016847562801558524
925,pixelate/s5,0.0,17.573505401611328,0.0004490096471272409,0.4823190789473684,4.746661211314954,0.672187667213413,0.40625,2.824371576309204,2.8894665241241455,0.47628837719298245,2.8158253828684487,4.510331919318752,0.40625,3.250983715057373,1.228727102279663,0.5608552631578947,3.524204260424564,0.46915529851327864,0.0001172163974842988
926,pixelate/s5,0.0,17.691741943359375,0.0003910957311745733,0.47400323275862066,4.969852258419168,0.6606049677050986,0.5390625,2.0488483905792236,2.537101984024048,0.47737068965517243,2.802601641622083,4.476310713537808,0.5390625,2.246490001678467,0.9759117364883423,0.560479525862069,3.502174704239286,0.4778924784783659,6.90423185005784e-05
927,pixelate/s5,0.0,17.75490379333496,0.0003566395025700331,0.4659692796610169,5.186548047146554,0.6494143180745472,0.6484375,1.858722448348999,2.5690817832946777,0.4802701271186441,2.7866036891937256,4.44398479946589,0.6484375,1.9379520416259766,1.018659234046936,0.5619703389830508,3.4756624557204168,0.4870580167083417,5.046604564995505e-05
928,pixelate/s5,0.0,17.883106231689453,0.00033186591463163495,0.458203125,5.398157350222269,0.6385962772052153,0.5859375,1.97463858127594,2.640509605407715,0.48203125,2.773070937395096,4.413926879564921,0.5859375,2.0775399208068848,1.0718095302581787,0.5623697916666667,3.4523604134718577,0.49680387526750563,4.608874587574974e-05
929,pixelate/s5,0.0,18.002765655517578,0.000298836559522897,0.45069159836065575,5.604790273259898,0.6281323847356138,0.5625,2.0394630432128906,2.716648578643799,0.4833504098360656,2.7610445784740762,4.386102645123591,0.5625,2.139315366744995,1.1308335065841675,0.5623719262295082,3.4308350848369913,0.507197803649746,4.6603232476627454e-05
930,pixelate/s5,0.0,17.95552635192871,0.0002887215232476592,0.44342237903225806,5.803995693883588,0.6180058740386402,0.546875,2.1140480041503906,2.498251438140869,0.484375,2.750609149855952,4.355653432107741,0.546875,2.353334426879883,0.9580448865890503,0.5621219758064516,3.413456041966715,0.5144695307939283,3.964142524637282e-05
931,pixelate/s5,0.0,18.104677200317383,0.0002638010191731155,0.43638392857142855,5.999244606684124,0.6082004443081724,0.578125,1.841935634613037,2.50416898727417,0.48586309523809523,2.736185760725112,4.326264790126255,0.578125,1.945075273513794,0.9510419368743896,0.5623759920634921,3.3901484107214306,0.5213992515253643,3.5153621865902096e-05
932,pixelate/s5,0.0,18.143436431884766,0.00024518027203157544,0.4295654296875,6.188997603952885,0.5987011433076077,0.5859375,2.186387062072754,2.700479030609131,0.4874267578125,2.727595156058669,4.3008618876338005,0.5859375,2.359011650085449,1.132533311843872,0.562744140625,3.3740368988364935,0.5309482212178409,4.232274295645766e-05
933,pixelate/s5,0.0078125,18.062530517578125,0.00023604588932357728,0.4230769230769231,6.371667341085581,0.589493987962711,0.5703125,2.2354116439819336,2.4440736770629883,0.48870192307692306,2.7200231020267194,4.272295915163481,0.5703125,2.5248935222625732,1.03385329246521,0.5628605769230769,3.3609731545815102,0.5386852223139543,3.3994750992860645e-05
934,pixelate/s5,0.0,18.205284118652344,0.0002307003305759281,0.4166666666666667,6.550964564988107,0.5805657563319211,0.53125,2.2531542778015137,2.483058452606201,0.4893465909090909,2.712949331962701,4.245186256639885,0.53125,2.5443289279937744,1.0292141437530518,0.5623816287878788,3.3485997572089685,0.5461174786993952,3.27357483911328e-05
935,pixelate/s5,0.0,18.2225341796875,0.00021198077592998743,0.41044776119402987,6.725167096550785,0.5719037596818317,0.515625,2.0075936317443848,2.1453003883361816,0.48973880597014924,2.702421634944517,4.213844676515949,0.515625,2.323951244354248,0.8009812831878662,0.5616837686567164,3.333306495823077,0.5499214160798201,2.3095561118680052e-05
936,pixelate/s5,0.0,18.171871185302734,0.0002117038966389373,0.40441176470588236,6.893500980208902,0.5634965235673436,0.546875,2.1884984970092773,2.3335723876953125,0.4905790441176471,2.6948639417395874,4.186193613445058,0.546875,2.4994568824768066,0.970538854598999,0.5614659926470589,3.3210440015091613,0.5561069666462786,2.4750790544203483e-05
937,pixelate/s5,0.0078125,18.153554916381836,0.00019645129214040935,0.3986639492753623,7.056690167689669,0.5553327544039348,0.5,2.279362440109253,2.4724106788635254,0.4907155797101449,2.688842180846394,4.161356179610543,0.5,2.5741283893585205,1.083794116973877,0.5605751811594203,3.3102191375649492,0.5637546065060989,2.9537846785387956e-05
938,pixelate/s5,0.0,18.297306060791016,0.00019549322314560413,0.39296875,7.217270394733974,0.5474022221013521,0.53125,2.15730619430542,2.4545090198516846,0.49129464285714286,2.681248809610094,4.136972648756845,0.53125,2.388288736343384,1.0790042877197266,0.56015625,3.297048703261784,0.5711153162377222,3.341577757964842e-05
939,pixelate/s5,0.0,18.338674545288086,0.00018211433780379593,0.38743397887323944,7.373909889812201,0.5396948966398937,0.46875,2.299684524536133,2.380964756011963,0.4909771126760563,2.6758746647498977,4.112240143225226,0.46875,2.61509108543396,1.0996136665344238,0.558868838028169,3.2874436663909696,0.5785589549742954,3.7584512028843164e-05
940,pixelate/s5,0.0,18.265104293823242,0.0001805030187824741,0.3820529513888889,7.525176478756799,0.5322016411729338,0.5234375,2.089860439300537,1.996755599975586,0.4914279513888889,2.667735578285323,4.0828584134578705,0.5234375,2.4701778888702393,0.82869553565979,0.5583767361111112,3.276092752814293,0.5820330741504828,2.2507034373120405e-05
941,pixelate/s5,0.0,18.320302963256836,0.00017073348863050342,0.3768193493150685,7.67305492374995,0.5249135465471214,0.484375,2.1065618991851807,2.258437156677246,0.4913313356164384,2.6600482676127184,4.057866341447177,0.484375,2.396723985671997,0.9647607803344727,0.5573630136986302,3.264046605319193,0.5872759194406745,2.1817930246470496e-05
942,pixelate/s5,0.0,18.32081413269043,0.0001704655005596578,0.37172719594594594,7.816943561708605,0.517822423830276,0.5703125,1.8060513734817505,2.0180163383483887,0.49239864864864863,2.6485077690433814,4.030300800864761,0.5703125,2.0307912826538086,0.8543950915336609,0.5575380067567568,3.2473809928507418,0.5908856379824716,1.6772706658230163e-05
943,pixelate/s5,0.0,18.350658416748047,0.00016722916916478425,0.3667708333333333,7.957393093109131,0.5109203545681279,0.59375,2.143225908279419,2.178114891052246,0.49375,2.6417706775665284,4.005604988733928,0.59375,2.478337287902832,0.9216073751449585,0.5580208333333333,3.2371270767847697,0.595295261144638,1.6977017367025837e-05
944,pixelate/s5,0.0,18.300264358520508,0.00016505835810676217,0.3619449013157895,8.093483504496122,0.5041998901443118,0.421875,2.4801275730133057,2.217466354370117,0.4928042763157895,2.6396437946118807,3.982076848808088,0.421875,2.953308343887329,1.0146300792694092,0.5562294407894737,3.233392619772961,0.6008128245410166,2.1832396669196896e-05
945,pixelate/s5,0.0,18.300020217895508,0.00015973603876773268,0.3572443181818182,8.226035929345466,0.4976539141169671,0.5625,1.907772421836853,2.037562847137451,0.4937094155844156,2.630138971588828,3.956823420214963,0.5625,2.1568849086761475,0.9277193546295166,0.5563108766233766,3.2194120001483273,0.6050583638928153,1.8676415493246168e-05
946,pixelate/s5,0.0,18.375818252563477,0.00015242493827827275,0.35266426282051283,8.356161343745697,0.4912756898967275,0.6015625,1.7559459209442139,1.9885507822036743,0.4950921474358974,2.618931368375436,3.9315891556250744,0.6015625,1.9709515571594238,0.8197383880615234,0.5568910256410257,3.203406097033085,0.6078106718949783,1.4575566638086457e-05
947,pixelate/s5,0.0,18.062103271484375,0.00015700445510447025,0.3482001582278481,8.479021368147452,0.4850589976759474,0.6875,1.019218921661377,1.9081227779388428,0.4975276898734177,2.5986818437334858,3.9059756571733497,0.6875,0.9026005268096924,0.7536150813102722,0.5585443037974683,3.1742819758910166,0.6096562973306149,0.00013137572386767715
948,shot_noise/s5,0.3125,3.6837873458862305,4.323380947113037,0.3125,3.6837873458862305,4.323380947113037,0.171875,5.331693649291992,6.531535625457764,0.171875,5.331693649291992,6.531535625457764,0.3203125,4.1022796630859375,1.8143582344055176,0.3203125,4.1022796630859375,1.8143582344055176,0.9867168664932251
949,shot_noise/s5,0.34375,3.2264389991760254,3.000674247741699,0.328125,3.455113172531128,3.662027597427368,0.1640625,5.449117183685303,6.553657531738281,0.16796875,5.3904054164886475,6.5425965785980225,0.34375,4.162878036499023,0.9733726382255554,0.33203125,4.1325788497924805,1.3938654363155365,0.9997373223304749
950,shot_noise/s5,0.3828125,3.6662886142730713,2.8245182037353516,0.3463541666666667,3.525504986445109,3.3828577995300293,0.1328125,5.703207969665527,6.613958358764648,0.15625,5.494672934214274,6.5663838386535645,0.3828125,4.969064235687256,0.9421631097793579,0.3489583333333333,4.411407311757405,1.2432979941368103,0.999981164932251
951,shot_noise/s5,0.3828125,3.4411613941192627,2.34112548828125,0.35546875,3.5044190883636475,3.1224247217178345,0.1484375,5.496592998504639,6.505516052246094,0.154296875,5.495152950286865,6.551166892051697,0.3828125,4.801817893981934,0.7677179574966431,0.357421875,4.509009957313538,1.1244029849767685,0.9999923706054688
952,shot_noise/s5,0.3515625,3.5769870281219482,2.4293017387390137,0.3546875,3.5189326763153077,2.9838001251220705,0.1640625,5.374525547027588,6.554983615875244,0.15625,5.471027469635009,6.551930236816406,0.3515625,4.950656890869141,0.9088647365570068,0.35625,4.597339344024658,1.081295335292816,0.9999960660934448
953,shot_noise/s5,0.3125,4.010134696960449,2.2320728302001953,0.34765625,3.6007996797561646,2.8585122426350913,0.1015625,5.6066365242004395,6.515523433685303,0.14713541666666666,5.493628978729248,6.545862436294556,0.3125,5.787550926208496,0.7848413586616516,0.3489583333333333,4.795707941055298,1.031886339187622,0.9999967813491821
954,shot_noise/s5,0.3125,3.8364052772521973,1.7392563819885254,0.34263392857142855,3.634457622255598,2.69861854825701,0.2265625,5.17744255065918,6.501979351043701,0.15848214285714285,5.448459489004953,6.539593424115862,0.3125,5.7218017578125,0.6033046245574951,0.34375,4.928007057734898,0.9706603799547467,0.9999984502792358
955,shot_noise/s5,0.3671875,4.037303447723389,1.9609062671661377,0.345703125,3.6848133504390717,2.6064045131206512,0.1484375,5.4197869300842285,6.474573612213135,0.1572265625,5.444875419139862,6.531465947628021,0.3671875,5.920578479766846,0.7471840977668762,0.3466796875,5.052078485488892,0.942725844681263,0.9999982118606567
956,shot_noise/s5,0.421875,3.5305798053741455,1.6716899871826172,0.3541666666666667,3.6676762898763022,2.502547343571981,0.1953125,5.267223834991455,6.461665153503418,0.16145833333333334,5.425136354234484,6.523710303836399,0.421875,5.214949131011963,0.6230462789535522,0.3550347222222222,5.070175223880344,0.9072058929337395,0.9999988079071045
957,shot_noise/s5,0.3828125,3.805093288421631,1.7636547088623047,0.35703125,3.681417989730835,2.4286580801010134,0.1953125,5.289127826690674,6.488877296447754,0.16484375,5.4115355014801025,6.520227003097534,0.3828125,5.597360134124756,0.6778479218482971,0.3578125,5.1228937149047855,0.8842700958251953,0.999998927116394
958,shot_noise/s5,0.359375,3.8576760292053223,1.4532957077026367,0.3572443181818182,3.6974414478648794,2.3399887735193428,0.125,5.4975996017456055,6.4784722328186035,0.1612215909090909,5.419359510595148,6.516431114890358,0.359375,5.853130340576172,0.5020623207092285,0.35795454545454547,5.189278862693093,0.8495239344510165,0.9999994039535522
959,shot_noise/s5,0.359375,4.526059150695801,1.50315523147583,0.357421875,3.7664929231007895,2.2702526450157166,0.203125,5.168243885040283,6.489653587341309,0.16471354166666666,5.398433208465576,6.5141996542612715,0.359375,6.923544883728027,0.5563618540763855,0.3580729166666667,5.333801031112671,0.8250937610864639,0.9999994039535522
960,shot_noise/s5,0.28125,4.586860656738281,1.4664044380187988,0.3515625,3.8295981333805966,2.2084181675544152,0.140625,5.400908470153809,6.46811580657959,0.16286057692307693,5.398623613210825,6.510654742901142,0.28125,7.042217254638672,0.5449930429458618,0.35216346153846156,5.465217663691594,0.8035475519987253,0.9999992847442627
961,shot_noise/s5,0.375,3.82879376411438,1.4093126058578491,0.35323660714285715,3.8295406784330095,2.151339198861803,0.2109375,5.084756374359131,6.410783767700195,0.16629464285714285,5.376204524721418,6.50352110181536,0.375,5.704524040222168,0.5611684918403625,0.35379464285714285,5.482310976300921,0.7862347619874137,0.9999990463256836
962,shot_noise/s5,0.375,4.113840579986572,1.325453758239746,0.3546875,3.8484940052032472,2.0962801694869997,0.171875,5.318775177001953,6.394846439361572,0.16666666666666666,5.372375901540121,6.496276124318441,0.375,6.274720191955566,0.4962175190448761,0.35520833333333335,5.535138257344564,0.7669002791245778,0.9999991655349731
963,shot_noise/s5,0.3515625,4.514970779418945,1.3695316314697266,0.3544921875,3.890148803591728,2.05085838586092,0.140625,5.51568078994751,6.480639934539795,0.1650390625,5.381332457065582,6.495298862457275,0.3515625,6.925990581512451,0.5418640375137329,0.35498046875,5.622066527605057,0.7528355140239,0.9999991655349731
964,shot_noise/s5,0.375,4.0995869636535645,1.1457024812698364,0.3556985294117647,3.9024686953600716,1.997613920884974,0.203125,4.949981212615967,6.328767776489258,0.16727941176470587,5.355958854450899,6.485502916223862,0.375,6.242334842681885,0.4592342674732208,0.3561580882352941,5.658552899080164,0.7355648524620954,0.9999990463256836
965,shot_noise/s5,0.265625,5.228984355926514,1.2307045459747314,0.3506944444444444,3.976164009835985,1.9550078445010715,0.203125,5.155089855194092,6.324541091918945,0.16927083333333334,5.344799465603298,6.476560592651367,0.265625,7.985306739807129,0.5212697386741638,0.3511284722222222,5.787817001342773,0.7236595683627658,0.999998927116394
966,shot_noise/s5,0.265625,4.771290302276611,1.1617579460144043,0.3462171052631579,4.018012762069702,1.9132578498438786,0.171875,5.238104820251465,6.37054443359375,0.16940789473684212,5.339183957953202,6.47098079480623,0.265625,7.406894683837891,0.4564741849899292,0.34662828947368424,5.8730316162109375,0.7095971797641955,0.9999985694885254
967,shot_noise/s5,0.3515625,4.441919803619385,1.1854894161224365,0.346484375,4.039208114147186,1.8768694281578064,0.2109375,5.038011074066162,6.32737398147583,0.171484375,5.3241253137588505,6.46380045413971,0.3515625,6.701282501220703,0.5002890229225159,0.346875,5.914444160461426,0.6991317719221115,0.9999978542327881
968,shot_noise/s5,0.3359375,4.61777400970459,1.260353684425354,0.34598214285714285,4.066758871078491,1.8475115355991183,0.1875,5.070540904998779,6.339058876037598,0.1722470238095238,5.312049865722656,6.45786037899199,0.3359375,7.097228050231934,0.5245492458343506,0.3463541666666667,5.97076720283145,0.6908183182988848,0.9999985694885254
969,shot_noise/s5,0.3515625,4.647626876831055,0.9156290292739868,0.34623579545454547,4.093161962249062,1.8051532398570667,0.203125,4.870077610015869,6.277242660522461,0.17365056818181818,5.291960217735984,6.44965048269792,0.3515625,7.1097002029418945,0.3719307780265808,0.3465909090909091,6.022536884654652,0.6763234301046892,0.9999988079071045
970,shot_noise/s5,0.3359375,4.809561729431152,0.8286281228065491,0.34578804347826086,4.124309778213501,1.7626956260722617,0.21875,4.893547058105469,6.3052167892456055,0.17561141304347827,5.274637906447701,6.4433707568956455,0.3359375,7.427942276000977,0.36213624477386475,0.3461277173913043,6.083641466887101,0.6626631176990011,0.9999988079071045
971,shot_noise/s5,0.234375,5.774116039276123,1.0447499752044678,0.3411458333333333,4.193051705757777,1.7327812239527702,0.1640625,5.045227527618408,6.278547286987305,0.17513020833333334,5.265079140663147,6.436503112316132,0.234375,8.66836166381836,0.45495253801345825,0.3414713541666667,6.191338141759236,0.6540085102121035,0.999997615814209
972,shot_noise/s5,0.3046875,5.405755996704102,0.8312116861343384,0.3396875,4.24155987739563,1.696718442440033,0.1796875,5.010965347290039,6.291988372802734,0.1753125,5.254914588928223,6.4307225227355955,0.3046875,8.192255020141602,0.3273939788341522,0.34,6.271374816894531,0.6409439289569855,0.9999973773956299
973,shot_noise/s5,0.328125,5.886063098907471,0.7358558177947998,0.33924278846153844,4.3048100012999315,1.6597621876459856,0.21875,4.614920139312744,6.09781551361084,0.17698317307692307,5.2302994177891655,6.417918407000029,0.328125,8.892796516418457,0.31550925970077515,0.3395432692307692,6.372198728414682,0.6284272109086697,0.999995231628418
974,shot_noise/s5,0.3046875,5.891007900238037,0.7132030725479126,0.33796296296296297,4.3635580716309725,1.6247044426423531,0.234375,4.757774353027344,6.100119590759277,0.1791087962962963,5.212798489464654,6.406148080472593,0.3046875,8.8831787109375,0.2818226218223572,0.3382523148148148,6.465197987026638,0.6155900039054729,0.9999926090240479
975,shot_noise/s5,0.21875,7.15933895111084,0.7415205240249634,0.33370535714285715,4.463407388755253,1.5931621598345893,0.171875,5.1978912353515625,6.210163593292236,0.17885044642857142,5.2122660875320435,6.3991486345018656,0.21875,10.418797492980957,0.31584885716438293,0.333984375,6.60639796938215,0.604884962950434,0.9999867677688599
976,shot_noise/s5,0.25,6.589023113250732,0.7621147632598877,0.3308189655172414,4.536704482703374,1.5645053530561512,0.1796875,5.1421217918396,6.127615928649902,0.1788793103448276,5.209847318715062,6.38978543774835,0.25,9.575072288513184,0.3233563005924225,0.3310883620689655,6.708766049352185,0.5951770780415371,0.9999784231185913
977,shot_noise/s5,0.2578125,7.762051105499268,0.5251482725143433,0.32838541666666665,4.6442160367965695,1.529860117038091,0.2109375,4.700673580169678,6.168716907501221,0.17994791666666668,5.19287486076355,6.382416486740112,0.2578125,10.914924621582031,0.224610835313797,0.32864583333333336,6.8489713350931805,0.5828248699506123,0.9999750852584839
978,shot_noise/s5,0.15625,10.040570259094238,0.40848100185394287,0.32283266129032256,4.818291979451334,1.493686597193441,0.2734375,4.694772720336914,6.142521858215332,0.18296370967741934,5.176807049782045,6.374677950336087,0.15625,13.10078239440918,0.17505879700183868,0.3230846774193548,7.050642659587245,0.5696711256619422,0.999835729598999
979,shot_noise/s5,0.1015625,11.558602333068848,0.2770805060863495,0.31591796875,5.028926678001881,1.4556676568463445,0.203125,4.721593856811523,6.050871849060059,0.18359375,5.162581637501717,6.364559009671211,0.1015625,15.002182006835938,0.10957328975200653,0.316162109375,7.2991282641887665,0.5552930682897568,0.9993159770965576
980,shot_noise/s5,0.03125,13.753192901611328,0.1464468091726303,0.3072916666666667,5.293298381747621,1.4159942978259288,0.2578125,4.514404773712158,5.97239875793457,0.18584280303030304,5.142939914356578,6.352675365679191,0.03125,16.715694427490234,0.07003089785575867,0.3075284090909091,7.58447875398578,0.540588154034181,0.9940358400344849
981,shot_noise/s5,0.03125,14.988511085510254,0.03738847374916077,0.2991727941176471,5.578451696564169,1.375447067706024,0.2265625,4.886439323425293,6.104531288146973,0.1870404411764706,5.135395779329188,6.345377010457656,0.03125,17.243703842163086,0.017507849261164665,0.29940257352941174,7.868573609520407,0.5252034391879159,0.948038637638092
982,shot_noise/s5,0.0,15.631712913513184,0.01317120622843504,0.290625,5.865687731334141,1.3365249002352357,0.171875,5.057714939117432,6.0214056968688965,0.18660714285714286,5.133176326751709,6.336120687212262,0.0078125,17.662826538085938,0.007375432178378105,0.2910714285714286,8.148409407479422,0.5104083532733577,0.7635191679000854
983,shot_noise/s5,0.0,16.32167625427246,0.0019045271910727024,0.2825520833333333,6.156131856971317,1.2994521120951201,0.2109375,5.008674621582031,6.160757064819336,0.1872829861111111,5.129717946052551,6.331249475479126,0.0,15.92983627319336,0.0016846002545207739,0.2829861111111111,8.364560153749254,0.4962771379117233,0.6269989013671875
984,shot_noise/s5,0.0,16.518095016479492,0.0014709969982504845,0.2749155405405405,6.436184915336403,1.2643715414168262,0.21875,4.897116661071777,6.077373504638672,0.18813344594594594,5.123431424836855,6.3243879627537085,0.0,12.117121696472168,0.024605194106698036,0.27533783783783783,8.465980735985008,0.48352924753861454,0.5016272068023682
985,shot_noise/s5,0.0,16.851882934570312,0.006900236010551453,0.2676809210526316,6.710282231632032,1.231280191274556,0.1640625,4.634622573852539,6.000387191772461,0.1875,5.110568034021478,6.315861626675255,0.0,9.88042163848877,0.11603866517543793,0.2680921052631579,8.503202864998265,0.47385844273958355,0.4310426414012909
986,shot_noise/s5,0.0,17.086666107177734,0.0009406283497810364,0.2608173076923077,6.976343356646025,1.1997330229944334,0.171875,4.8348212242126465,5.9393181800842285,0.18709935897435898,5.103497603000739,6.306206666506254,0.0,7.379242420196533,0.9206829071044922,0.26121794871794873,8.474383366413605,0.48531548028740173,0.34039178490638733
987,shot_noise/s5,0.0,17.18135643005371,0.007351138163357973,0.254296875,7.231468683481216,1.1699234758736565,0.1953125,4.71567440032959,5.890642166137695,0.1873046875,5.09380202293396,6.29581755399704,0.0234375,5.944145202636719,2.288059711456299,0.2552734375,8.411127412319184,0.5303840860666241,0.2889605760574341
988,shot_noise/s5,0.0,17.4708309173584,0.0008812079904600978,0.24809451219512196,7.481209225770904,1.141410249827725,0.203125,4.617178440093994,5.80094051361084,0.1876905487804878,5.082177057498839,6.283747382280303,0.1484375,4.674194812774658,4.518914699554443,0.2526676829268293,8.319982714769317,0.6276653205419368,0.2008257657289505
989,shot_noise/s5,0.0,16.96405792236328,0.014752632938325405,0.2421875,7.706991337594532,1.1145850684732155,0.296875,4.2600555419921875,5.702380180358887,0.19029017857142858,5.062602735701061,6.269905306044079,0.3046875,4.019603252410889,4.354862213134766,0.25390625,8.217592727570306,0.716408103698909,0.1286361962556839
990,shot_noise/s5,0.0,17.455387115478516,0.0007660270784981549,0.23655523255813954,7.933698216149973,1.0886823000686872,0.1796875,4.8012495040893555,5.923574447631836,0.1900436046511628,5.056524753570557,6.261851100034492,0.1796875,4.731606960296631,4.815179347991943,0.25218023255813954,8.136523291122082,0.8117283651940957,0.17513953149318695
991,shot_noise/s5,0.0,17.446561813354492,0.0008075220393948257,0.23117897727272727,8.149899661540985,1.0639578732952941,0.2890625,4.30539608001709,5.709749221801758,0.1922940340909091,5.039453647353432,6.249303330074657,0.2890625,4.058090686798096,4.3172502517700195,0.2530184659090909,8.043831641023809,0.8913993171617304,0.12444093078374863
992,shot_noise/s5,0.0,17.604900360107422,0.0005314166191965342,0.22604166666666667,8.360010788175796,1.0403261742580474,0.2734375,4.395444393157959,5.700502395629883,0.19409722222222223,5.025142330593533,6.237107753753662,0.2734375,4.179927349090576,4.19980001449585,0.2534722222222222,7.957967101203071,0.9649193326580442,0.1071145236492157
993,shot_noise/s5,0.0,17.72525405883789,0.0004716640105471015,0.22112771739130435,8.563603033190189,1.01772064142658,0.21875,4.631983757019043,5.725610733032227,0.19463315217391305,5.016595405081044,6.225988253303196,0.203125,4.472621440887451,4.390125274658203,0.2523777173913043,7.882198717283166,1.0393803313971781,0.10239007323980331
994,shot_noise/s5,0.0,17.750568389892578,0.0004311127704568207,0.21642287234042554,8.759070381205133,0.9960761833700669,0.203125,4.604623317718506,5.745499134063721,0.19481382978723405,5.007830041520139,6.21576508055342,0.21875,4.4554548263549805,4.353981018066406,0.25166223404255317,7.809289272795332,1.109903750262481,0.1058804914355278
995,shot_noise/s5,0.0,17.794187545776367,0.0004015894664917141,0.2119140625,8.947301988800367,0.9753329626637424,0.21875,4.343441963195801,5.625949859619141,0.1953125,4.993988623221715,6.203477263450623,0.2109375,4.131005764007568,4.078965187072754,0.2508138020833333,7.732658366362254,1.1717591968626948,0.09392058849334717
996,shot_noise/s5,0.0,17.871801376342773,0.00037518597673624754,0.20758928571428573,9.129434629362457,0.9554358651803341,0.2421875,4.354578495025635,5.68796443939209,0.19626913265306123,4.980939436931999,6.192956593571877,0.234375,4.124696731567383,4.169048309326172,0.2504783163265306,7.659026496264399,1.232928362423174,0.09974301606416702
997,shot_noise/s5,0.0,17.893808364868164,0.0003362295392435044,0.2034375,9.304722104072571,0.9363338724675123,0.2265625,4.459048271179199,5.592495918273926,0.196875,4.9705016136169435,6.180947380065918,0.2265625,4.297098159790039,4.016318321228027,0.25,7.591787929534912,1.288596161599271,0.08415406942367554
998,shot_noise/s5,0.0,18.013458251953125,0.00032597678364254534,0.19944852941176472,9.475481636383954,0.9179807764737109,0.1875,4.823968887329102,5.633793830871582,0.19669117647058823,4.967628422905417,6.1702188791013235,0.1875,4.791762351989746,4.090236186981201,0.24877450980392157,7.536885467230105,1.3435302797440147,0.08443517982959747
999,shot_noise/s5,0.0,18.025243759155273,0.0003001922741532326,0.19561298076923078,9.639900138744942,0.9003330729314117,0.3125,4.2212233543396,5.448300361633301,0.19891826923076922,4.953274479279151,6.156335830688477,0.3203125,4.076172828674316,3.4800827503204346,0.25015024038461536,7.4703333011040325,1.3846178272550997,0.052129555493593216
1000,shot_noise/s5,0.0,18.154632568359375,0.0002771040890365839,0.19192216981132076,9.80055546760559,0.8833508848400461,0.2421875,4.605947494506836,5.695184707641602,0.19973466981132076,4.946721139943825,6.1476348661026865,0.234375,4.470036029815674,4.0939226150512695,0.24985259433962265,7.413723918626893,1.4357367855154048,0.076884925365448
1001,shot_noise/s5,0.0,18.164915084838867,0.0002631192037370056,0.18836805555555555,9.955451016072873,0.866997407698633,0.2265625,4.227010726928711,5.371159076690674,0.20023148148148148,4.933393169332434,6.133255684817279,0.2265625,4.1204447746276855,3.418325424194336,0.2494212962962963,7.352737267812093,1.472451389935385,0.049542296677827835
1002,shot_noise/s5,0.0,18.02438735961914,0.0002564640890341252,0.1849431818181818,10.102158949591896,0.8512384814511857,0.203125,4.506869792938232,5.486788749694824,0.2002840909090909,4.925638198852539,6.1215017405423255,0.203125,4.400535583496094,3.7868261337280273,0.24857954545454544,7.299060873551802,1.5145309307316148,0.052019983530044556
1003,shot_noise/s5,0.0,18.217723846435547,0.00023063481785356998,0.181640625,10.247079751321248,0.8360419127613048,0.2578125,4.321165561676025,5.426346778869629,0.20131138392857142,4.914844044617245,6.109088259083884,0.2578125,4.213016986846924,3.539994478225708,0.24874441964285715,7.243952947003501,1.5506999226511522,0.046977460384368896
1004,shot_noise/s5,0.0,18.20433235168457,0.0002319629129488021,0.17845394736842105,10.38668067413464,0.8213785803078248,0.2109375,4.405264377593994,5.214416027069092,0.20148026315789475,4.9059040504589415,6.093392255013449,0.2109375,4.458399295806885,3.2183265686035156,0.2480811403508772,7.1950835847018055,1.579956530474878,0.0329083651304245
1005,shot_noise/s5,0.0,18.21464729309082,0.0002241434995085001,0.17537715517241378,10.52164561584078,0.8072207451904402,0.2421875,4.091495990753174,5.299468040466309,0.20218211206896552,4.891862532188153,6.079703906486774,0.2421875,3.9516093730926514,3.3202314376831055,0.24797952586206898,7.139161615536131,1.6099612702543302,0.03259044140577316
1006,shot_noise/s5,0.0,18.231487274169922,0.0002122253063134849,0.17240466101694915,10.652320898185343,0.7935426346839295,0.28125,4.172313690185547,5.333024978637695,0.20352224576271186,4.8796667891033625,6.067048331438484,0.2890625,4.061668395996094,3.306318521499634,0.2486758474576271,7.087000713510029,1.638713088072047,0.030437171459197998
1007,shot_noise/s5,0.0,18.293933868408203,0.0002008798037422821,0.16953125,10.779681114355723,0.780320272102593,0.25,4.1309990882873535,5.265596389770508,0.204296875,4.867188994089762,6.053690799077352,0.25,4.052812576293945,3.1595511436462402,0.24869791666666666,7.036430911223094,1.6640603889982837,0.02957434393465519
1008,shot_noise/s5,0.0,18.26140594482422,0.00020322759519331157,0.16675204918032788,10.902332341084715,0.7675314680942751,0.2890625,4.100594520568848,5.076129913330078,0.20568647540983606,4.854621871573026,6.037665210786413,0.2890625,4.100467205047607,3.001086950302124,0.24935963114754098,6.98830035866284,1.6859788572163794,0.02080679126083851
1009,shot_noise/s5,0.0,18.274106979370117,0.00019388322834856808,0.1640625,11.021231932024802,0.7551550554351472,0.2578125,3.9278998374938965,4.837896347045898,0.20652721774193547,4.839674741991105,6.018314100080921,0.2578125,3.999959945678711,2.650582790374756,0.24949596774193547,6.940101319743741,1.7015369851705469,0.012404855340719223
1010,shot_noise/s5,0.0,18.230676651000977,0.00018565531354397535,0.16145833333333334,11.135667562484741,0.7431714141633757,0.3046875,3.9043993949890137,4.799752712249756,0.20808531746031747,4.8248291015625,5.998971855829632,0.3046875,3.947072744369507,2.7532246112823486,0.25037202380952384,6.892592929658436,1.7182304395532737,0.00908610224723816
1011,shot_noise/s5,0.0,18.2528018951416,0.00018426304450258613,0.158935546875,11.246872786432505,0.7315622399271433,0.28125,4.2662353515625,5.153464317321777,0.209228515625,4.81610107421875,5.985760800540447,0.28125,4.302208423614502,3.071606397628784,0.2508544921875,6.852118171751499,1.7393769388982037,0.01405835896730423
1012,shot_noise/s5,0.0,18.30342674255371,0.00018175190780311823,0.15649038461538461,11.355435154988216,0.7203102324191535,0.2421875,4.342975616455078,4.880889892578125,0.20973557692307693,4.808822221022385,5.968762786571796,0.2421875,4.555251121520996,2.8587937355041504,0.25072115384615384,6.816781755594107,1.7565987357690644,0.011605028063058853
1013,shot_noise/s5,0.0,18.289173126220703,0.00017115184164140373,0.15411931818181818,11.460491790915981,0.7093990342285851,0.25,4.52960729598999,4.818401336669922,0.21034564393939395,4.8045916918552285,5.951333067633889,0.25,4.907727241516113,2.6658692359924316,0.2507102272727273,6.787856687198985,1.7703755615300245,0.0084371417760849
1014,shot_noise/s5,0.0,18.27576446533203,0.00016787915956228971,0.15181902985074627,11.562212278593831,0.6988134946006892,0.1875,4.333392143249512,4.955922603607178,0.2100046641791045,4.797558862771561,5.936476195036476,0.1796875,4.55387020111084,2.7005813121795654,0.24965018656716417,6.754513605317073,1.784259229450167,0.01045652199536562
1015,shot_noise/s5,0.0078125,18.140605926513672,0.0001628785685170442,0.14970128676470587,11.658953361651477,0.6885392208355102,0.296875,3.669781446456909,4.322664260864258,0.21128216911764705,4.780973900766933,5.912743666592767,0.296875,3.863121509552002,2.2349963188171387,0.2503446691176471,6.711993133320528,1.7908877160585046,0.00454034935683012
1016,shot_noise/s5,0.0078125,18.11508560180664,0.00016447188681922853,0.14764492753623187,11.752520495566769,0.6785627751985727,0.2421875,4.197900295257568,4.833972930908203,0.21173007246376813,4.7725235586581025,5.897109308104584,0.2421875,4.389145374298096,2.6993260383605957,0.2502264492753623,6.678328673044841,1.8040534888454915,0.006178553216159344
1017,shot_noise/s5,0.0,18.39959716796875,0.000156047084601596,0.1455357142857143,11.847478733743941,0.6688712505112302,0.2578125,3.956075668334961,4.326891899108887,0.21238839285714287,4.760860017367771,5.874677630833217,0.2578125,4.303042888641357,2.186905860900879,0.25033482142857144,6.644396018981934,1.8095228084462829,0.0040708743035793304
1018,shot_noise/s5,0.0,18.370393753051758,0.00015746949065942317,0.14348591549295775,11.939350776269402,0.6594527465531941,0.234375,4.258162498474121,4.752870559692383,0.2126980633802817,4.753779770622791,5.858877531239684,0.234375,4.542378902435303,2.54227614402771,0.2501100352112676,6.614790144100995,1.8198432779615141,0.005242826882749796
1019,shot_noise/s5,0.0,18.245620727539062,0.0001590313040651381,0.14149305555555555,12.026937858925926,0.6502958893969562,0.28125,3.8149421215057373,4.689200401306152,0.2136501736111111,4.740740358829498,5.842632015546163,0.28125,3.903872013092041,2.5066380500793457,0.2505425347222222,6.577138503392537,1.8293820942409285,0.005392341874539852
1020,shot_noise/s5,0.0,18.384395599365234,0.0001493055751780048,0.13955479452054795,12.114026321123724,0.6413897718103564,0.2109375,4.107595920562744,4.415001392364502,0.21361301369863014,4.732067147346392,5.823075431666962,0.2109375,4.444755554199219,2.423231601715088,0.25,6.547927778061122,1.8375170190008485,0.004137021955102682
1021,shot_noise/s5,0.0,18.30390167236328,0.00015026303299237043,0.13766891891891891,12.197673285329664,0.6327243730430947,0.28125,3.937793254852295,4.4104509353637695,0.21452702702702703,4.721333716366742,5.803985911446649,0.28125,4.2175726890563965,2.314168691635132,0.2504222972972973,6.516436493074572,1.8439582578202307,0.003521689446642995
1022,shot_noise/s5,0.0,18.356225967407227,0.00014675485726911575,0.13583333333333333,12.279787321090698,0.624290004800617,0.25,4.027649879455566,4.318957328796387,0.215,4.71208459854126,5.784185530344645,0.25,4.401308059692383,2.248913526535034,0.2504166666666667,6.488234780629476,1.8493576614030947,0.00302787683904171
1023,shot_noise/s5,0.0,18.3438720703125,0.00014400738291442394,0.13404605263157895,12.359577909896249,0.6160775574661737,0.171875,4.353068828582764,4.448179721832275,0.21443256578947367,4.707360706831279,5.76660650654843,0.171875,4.812916278839111,2.3832006454467773,0.24938322368421054,6.466191116132234,1.8563819111931432,0.003259921446442604
1024,shot_noise/s5,0.0,18.363157272338867,0.0001434904697816819,0.13230519480519481,12.437546473044854,0.6080784137389478,0.296875,3.7263662815093994,4.06174373626709,0.21550324675324675,4.694620519489437,5.7444654316097115,0.296875,4.071721076965332,2.0366592407226562,0.25,6.43509410263656,1.858723175213007,0.0018978239968419075
1025,shot_noise/s5,0.0078125,18.19046401977539,0.00014069682219997048,0.1307091346153846,12.511301826208065,0.6002843404451433,0.203125,4.2024078369140625,4.346606731414795,0.2153445512820513,4.68831010048206,5.726544166222597,0.203125,4.650341510772705,2.2735564708709717,0.24939903846153846,6.412212659151126,1.8640415507983654,0.0022879394236952066
1026,shot_noise/s5,0.0,18.383214950561523,0.00014448014553636312,0.12905458860759494,12.585629840440388,0.5926876333527432,0.1875,4.73508358001709,3.928441047668457,0.21499208860759494,4.688902169843264,5.703783367253557,0.1875,5.527268409729004,2.278432846069336,0.24861550632911392,6.401010833209074,1.8692870102321753,0.015713073313236237
1027,snow/s5,0.375,3.312255859375,3.304664373397827,0.375,3.312255859375,3.304664373397827,0.4296875,3.3565561771392822,5.476672172546387,0.4296875,3.3565561771392822,5.476672172546387,0.375,3.7961337566375732,1.160123586654663,0.375,3.7961337566375732,1.160123586654663,0.9121527075767517
1028,snow/s5,0.3984375,2.850228786468506,2.671276569366455,0.38671875,3.081242322921753,2.987970471382141,0.4375,3.356309175491333,5.549716472625732,0.43359375,3.3564326763153076,5.51319432258606,0.3984375,3.695380926132202,0.749549388885498,0.38671875,3.7457573413848877,0.9548364877700806,0.9883816838264465
1029,snow/s5,0.4375,2.9722344875335693,2.169818639755249,0.4036458333333333,3.0449063777923584,2.7152531941731772,0.4375,3.292492389678955,5.508670806884766,0.4348958333333333,3.3351192474365234,5.511686484018962,0.4375,4.125811576843262,0.6473405361175537,0.4036458333333333,3.872442086537679,0.8523378372192383,0.997281551361084
1030,snow/s5,0.4765625,2.6519970893859863,1.9238879680633545,0.421875,2.9466790556907654,2.5174118876457214,0.4609375,3.1383581161499023,5.318161964416504,0.44140625,3.285928964614868,5.463305354118347,0.4765625,3.6641955375671387,0.6381051540374756,0.421875,3.820380449295044,0.7987796664237976,0.9985388517379761
1031,snow/s5,0.515625,2.3434693813323975,1.565208077430725,0.440625,2.826037120819092,2.3269711256027223,0.4921875,2.971590995788574,5.404898643493652,0.4515625,3.223061370849609,5.451624011993408,0.515625,3.304114818572998,0.5058971643447876,0.440625,3.7171273231506348,0.7402031660079956,0.9994279742240906
1032,snow/s5,0.4453125,2.876458168029785,1.430755615234375,0.44140625,2.8344406286875405,2.1776018738746643,0.4296875,3.300614833831787,5.542601585388184,0.4479166666666667,3.2359869480133057,5.466786940892537,0.4453125,4.276553153991699,0.43698883056640625,0.44140625,3.8103649616241455,0.6896674434343973,0.9996819496154785
1033,snow/s5,0.5078125,3.039609670639038,1.28647780418396,0.45089285714285715,2.863750491823469,2.050298435347421,0.5,2.8410160541534424,5.09906005859375,0.45535714285714285,3.1795625346047536,5.414254529135568,0.5078125,4.587792873382568,0.4189288020133972,0.45089285714285715,3.921426091875349,0.6509904946599688,0.9996001124382019
1034,snow/s5,0.4609375,3.1326260566711426,1.2592923641204834,0.4521484375,2.897359937429428,1.9514226764440536,0.4609375,3.1657214164733887,5.4257307052612305,0.4560546875,3.177832394838333,5.415689051151276,0.4609375,4.693029880523682,0.4323095679283142,0.4521484375,4.01787656545639,0.623655378818512,0.9997089505195618
1035,snow/s5,0.5078125,3.092663049697876,0.9394921064376831,0.4583333333333333,2.9190602832370334,1.8389859464433458,0.4140625,3.0478663444519043,5.134219646453857,0.4513888888888889,3.1633917225731745,5.3844146728515625,0.5078125,4.769886493682861,0.2815309762954712,0.4583333333333333,4.10143322414822,0.5856415563159518,0.9997183680534363
1036,snow/s5,0.421875,3.160705089569092,1.173011302947998,0.4546875,2.9432247638702393,1.772388482093811,0.4921875,3.100620746612549,5.229361534118652,0.45546875,3.157114624977112,5.3689093589782715,0.421875,4.770007610321045,0.4539557099342346,0.4546875,4.168290662765503,0.5724729716777801,0.9994342923164368
1037,snow/s5,0.453125,3.4440231323242188,0.8539872169494629,0.45454545454545453,2.9887518882751465,1.6888974579897793,0.484375,2.7862560749053955,5.122718811035156,0.4580965909090909,3.1234002113342285,5.346528400074352,0.453125,5.285965442657471,0.26607561111450195,0.45454545454545453,4.2698974609375,0.5446186661720276,0.9987602233886719
1038,snow/s5,0.3125,5.004059314727783,0.6326146721839905,0.4427083333333333,3.156694173812866,1.6008738925059636,0.5234375,2.95756196975708,4.92329740524292,0.4635416666666667,3.1095803578694663,5.311259150505066,0.3125,7.713576316833496,0.230252206325531,0.4427083333333333,4.556870698928833,0.5184214611848196,0.9937695860862732
1039,snow/s5,0.1875,6.908425807952881,0.4785293936729431,0.4230769230769231,3.4452889149005594,1.514539700288039,0.453125,3.1853034496307373,5.024790287017822,0.46274038461538464,3.1154052110818715,5.289223084082971,0.1875,10.365541458129883,0.20282220840454102,0.4230769230769231,5.003691526559683,0.49414459558633655,0.9698022603988647
1040,snow/s5,0.1640625,8.016983985900879,0.20905378460884094,0.40457589285714285,3.7718385628291538,1.4212907063109534,0.5078125,2.808107614517212,4.79047966003418,0.46595982142857145,3.0934553827558244,5.253598553793771,0.1796875,9.367140769958496,0.11932872980833054,0.4056919642857143,5.315366472516741,0.46737203374505043,0.7814906239509583
1041,snow/s5,0.046875,10.212653160095215,0.10362308472394943,0.3807291666666667,4.201226202646891,1.333446198205153,0.453125,3.0407536029815674,4.75584602355957,0.46510416666666665,3.089941930770874,5.220415051778158,0.4140625,2.6461527347564697,2.645062208175659,0.40625,5.13741888999939,0.612551378707091,0.2624834477901459
1042,snow/s5,0.0078125,11.985236167907715,0.03979531303048134,0.357421875,4.687726825475693,1.2525930178817362,0.5234375,3.0365076065063477,5.140419006347656,0.46875,3.086602285504341,5.215415298938751,0.546875,2.5550549030303955,2.6870079040527344,0.4150390625,4.9760211408138275,0.7422049115411937,0.06831492483615875
1043,snow/s5,0.0625,12.2444486618042,0.07837292551994324,0.3400735294117647,5.1322398746714875,1.1835212477428072,0.5078125,2.6083977222442627,4.454792022705078,0.4710477941176471,3.0584726053125717,5.170672753277947,0.5234375,2.2952628135681152,2.015246868133545,0.42141544117647056,4.818329474505256,0.8170897325172144,0.029866645112633705
1044,snow/s5,0.0078125,13.614373207092285,0.1378578394651413,0.3216145833333333,5.603469504250421,1.1254288361718257,0.4765625,2.856027603149414,4.6222357749938965,0.4713541666666667,3.047225660747952,5.140204032262166,0.46875,2.6329076290130615,1.999643087387085,0.4240451388888889,4.69691714975569,0.8827871411210961,0.009825090877711773
1045,snow/s5,0.0,14.500242233276367,0.006185748148709536,0.3046875,6.071720700514944,1.0665213052232407,0.5078125,2.679821252822876,4.57990837097168,0.4732730263157895,3.027888586646632,5.110714786931088,0.5078125,2.348496198654175,2.0968055725097656,0.4284539473684211,4.573316047066136,0.9466828480362892,0.004394701682031155
1046,snow/s5,0.0,15.300485610961914,0.0027047593612223864,0.289453125,6.533158946037292,1.0133304779301398,0.515625,2.7721028327941895,4.297634124755859,0.475390625,3.01509929895401,5.070060753822327,0.515625,2.636047124862671,1.8558471202850342,0.4328125,4.476452600955963,0.9921410616487265,0.002031678333878517
1047,snow/s5,0.0,16.12412452697754,0.0013603251427412033,0.27566964285714285,6.989871592748733,0.9651414230355018,0.484375,2.96509051322937,4.793525695800781,0.4758184523809524,3.0127179282052174,5.056892417726063,0.484375,2.6580193042755127,2.2928640842437744,0.43526785714285715,4.389860539209275,1.0540802532008715,0.002528458135202527
1048,snow/s5,0.0,16.140913009643555,0.0010222508572041988,0.26313920454545453,7.405828020789406,0.9213178243001245,0.5234375,2.536194324493408,4.3199462890625,0.47798295454545453,2.9910577644001353,5.023394866423174,0.5234375,2.2776265144348145,1.8511680364608765,0.4392755681818182,4.293849901719526,1.0903115160763264,0.0014619623543694615
1049,snow/s5,0.0,16.799423217773438,0.0007000903133302927,0.2516983695652174,7.814245203266973,0.8812909663006987,0.5078125,2.3785881996154785,4.070014953613281,0.47927989130434784,2.964428652887759,4.981943565866222,0.5078125,2.1551761627197266,1.6718168258666992,0.4422554347826087,4.200864086980405,1.1155943556324295,0.0010184869170188904
1050,snow/s5,0.0,17.34429168701172,0.0005171165685169399,0.2412109375,8.211330473423004,0.8445920558951912,0.484375,2.6708292961120605,4.297731876373291,0.4794921875,2.9521953463554382,4.953434745470683,0.484375,2.4692041873931885,1.8879797458648682,0.4440104166666667,4.128711591164271,1.1477770802254479,0.0010600044624879956
1051,snow/s5,0.0,17.593883514404297,0.0004120859084650874,0.2315625,8.586632595062255,0.8108248570957222,0.421875,2.9062891006469727,4.3615827560424805,0.4771875,2.9503590965271,4.929760665893554,0.421875,2.7926321029663086,1.9394443035125732,0.443125,4.075268411636353,1.1794437691569328,0.0012125144712626934
1052,snow/s5,0.0,17.89882469177246,0.00033868406899273396,0.22265625,8.94479382955111,0.7796523119793094,0.5546875,2.249178171157837,3.6420063972473145,0.4801682692307692,2.9233905993975124,4.880231655561007,0.5546875,2.1626222133636475,1.3814247846603394,0.44741586538461536,4.0017050963181715,1.1872122697532177,0.0005465366411954165
1053,snow/s5,0.0078125,17.724260330200195,0.0002909005561377853,0.21469907407407407,9.269959255501076,0.750787074519192,0.4609375,2.6951398849487305,3.9874444007873535,0.47945601851851855,2.914936869232743,4.8471654609397605,0.4609375,2.6363208293914795,1.7195879220962524,0.4479166666666667,3.95113530865422,1.2069298865066633,0.0005470927571877837
1054,snow/s5,0.0,18.192567825317383,0.000251221441430971,0.20703125,9.58862384728023,0.7239822226235576,0.4296875,2.748436450958252,4.014725208282471,0.47767857142857145,2.9089904257229398,4.817435451916286,0.4296875,2.698805809020996,1.7601664066314697,0.447265625,3.9064092550958907,1.226688333653978,0.0005792110459879041
1055,snow/s5,0.0078125,18.05696678161621,0.00019529646669980139,0.20016163793103448,9.88063567260216,0.6990240527560798,0.4609375,2.678884267807007,3.972501754760742,0.4771012931034483,2.90105573062239,4.788299807186784,0.4609375,2.620664596557617,1.6873161792755127,0.44773706896551724,3.862073232387674,1.2425720524685135,0.0005923936842009425
1056,snow/s5,0.0234375,17.759733200073242,0.00018269501742906868,0.19427083333333334,10.143272256851196,0.6757293408314581,0.5078125,2.4613115787506104,3.765721082687378,0.478125,2.8863975922266643,4.754213849703471,0.5078125,2.384622812271118,1.6025795936584473,0.44973958333333336,3.8128248850504556,1.2545723038415113,0.00043707870645448565
1057,snow/s5,0.0078125,18.145721435546875,0.00014883662515785545,0.18825604838709678,10.401415778744605,0.6539364213409323,0.5390625,2.4626686573028564,3.4687893390655518,0.4800907258064516,2.8727289169065413,4.7127485429087,0.5390625,2.5452427864074707,1.3166810274124146,0.4526209677419355,3.77193513993294,1.256575811053476,0.0002612578100524843
1058,snow/s5,0.0,18.32749366760254,0.0001382814662065357,0.182373046875,10.649105712771416,0.6335052294698471,0.453125,2.598912239074707,3.5121374130249023,0.479248046875,2.8641721457242966,4.675229445099831,0.453125,2.727449893951416,1.3468066453933716,0.45263671875,3.7392949759960175,1.2593955246265978,0.00021902921434957534
1059,snow/s5,0.0,18.360883712768555,0.00012119144957978278,0.1768465909090909,10.882795955195572,0.6143117737722632,0.53125,2.191941022872925,3.566389322280884,0.48082386363636365,2.8438015056378916,4.641628229256832,0.53125,2.088834524154663,1.3977596759796143,0.4550189393939394,3.689281022909916,1.2635883776979013,0.0002418493095319718
1060,snow/s5,0.0,18.356067657470703,0.00010837388981599361,0.17164522058823528,11.102598064086017,0.5962469678933677,0.5,2.5847740173339844,3.9800593852996826,0.4813878676470588,2.836183050099541,4.622170322081622,0.5,2.478654623031616,1.6955938339233398,0.4563419117647059,3.653674364089966,1.2762944205280613,0.00041647462057881057
1061,snow/s5,0.0,18.37560272216797,9.919277363223955e-05,0.16674107142857142,11.310398197174072,0.5792141743185182,0.5078125,2.6630733013153076,3.756319284439087,0.48214285714285715,2.8312370572771344,4.597431721006121,0.5078125,2.661151647567749,1.6757466793060303,0.4578125,3.6253165721893312,1.2877073422074319,0.00039917335379868746
1062,snow/s5,0.0,18.35541343688965,9.405662422068417e-05,0.162109375,11.506093064943949,0.5631275043825654,0.4609375,2.725466251373291,3.5368494987487793,0.4815538194444444,2.828298979335361,4.567971103721195,0.4609375,2.8538658618927,1.5245561599731445,0.4578993055555556,3.6038873857922025,1.2942864760342572,0.00031108170514926314
1063,snow/s5,0.0,18.35022735595703,8.665808127261698e-05,0.15772804054054054,11.691069667403763,0.5479101842122602,0.4921875,2.513751745223999,3.4865150451660156,0.48184121621621623,2.8197977027377568,4.538742561598082,0.4921875,2.54453706741333,1.5515269041061401,0.4588260135135135,3.575256296106287,1.3012389200362,0.00030676001915708184
1064,snow/s5,0.0,18.39213752746582,8.238952432293445e-05,0.15357730263157895,11.867413558458027,0.5334936632994198,0.46875,2.6440675258636475,3.640646457672119,0.48149671052631576,2.8151732243989644,4.51510845360003,0.46875,2.7094125747680664,1.506690502166748,0.4590871710526316,3.552470935018439,1.3066455406185828,0.0003152258868794888
1065,snow/s5,0.0,18.417037963867188,7.596229261253029e-05,0.14963942307692307,12.03535264577621,0.5198162863505272,0.4140625,2.7360522747039795,3.4718308448791504,0.4797676282051282,2.813144482099093,4.488357745684111,0.4140625,2.927161693572998,1.4001127481460571,0.4579326923076923,3.536437364724966,1.30904213568339,0.0002773878222797066
1066,snow/s5,0.0078125,18.273317337036133,7.147935684770346e-05,0.14609375,12.191301763057709,0.5068226661756853,0.4609375,2.747131109237671,3.4196290969848633,0.479296875,2.8114941477775575,4.461639529466629,0.4609375,2.919952392578125,1.5251014232635498,0.4580078125,3.521025240421295,1.3144436178728938,0.00024445413146167994
1067,snow/s5,0.0,18.39171600341797,6.887981726322323e-05,0.14253048780487804,12.342531378676252,0.4944628177279189,0.3984375,3.154670476913452,3.3578028678894043,0.4773246951219512,2.8198643021467253,4.434716684062306,0.3984375,3.5806655883789062,1.410834789276123,0.4565548780487805,3.5224798830544075,1.3167946220534603,0.00019839520973619074
1068,snow/s5,0.0,18.41655921936035,6.714376650052145e-05,0.13913690476190477,12.48715108916873,0.4826914921574089,0.5390625,2.281151056289673,3.2898926734924316,0.47879464285714285,2.807037796292986,4.407458969524929,0.5390625,2.318521022796631,1.273318886756897,0.45851934523809523,3.4938141959054128,1.3157594854987802,0.00016276836686301976
1069,snow/s5,0.0,18.302824020385742,6.528614176204428e-05,0.13590116279069767,12.622399296871452,0.4714676269012311,0.46875,2.679818630218506,3.716712713241577,0.4785610465116279,2.80407921103544,4.391395103099734,0.46875,2.681173086166382,1.7361353635787964,0.45875726744186046,3.474915565446366,1.3255356687099435,0.00027268967824056745
1070,snow/s5,0.0,18.40410614013672,6.013279198668897e-05,0.1328125,12.753801725127481,0.4607538202169301,0.5078125,2.4202098846435547,3.10390567779541,0.4792258522727273,2.7953549081628974,4.362133979797363,0.5078125,2.5467183589935303,1.3710272312164307,0.4598721590909091,3.4538201743906196,1.3265695678578182,0.0001718628336675465
1071,snow/s5,0.0,18.386308670043945,6.053640754544176e-05,0.12986111111111112,12.878968546125623,0.4505161916878327,0.5390625,2.144014596939087,2.8904852867126465,0.48055555555555557,2.7808806790245906,4.329430675506591,0.5390625,2.2603390216827393,1.1384596824645996,0.46163194444444444,3.427298370997111,1.3223893481824134,0.00010619842942105606
1072,snow/s5,0.0078125,18.276771545410156,5.757839244324714e-05,0.12720788043478262,12.996312089588331,0.4407236131379329,0.4140625,2.8743715286254883,3.2771286964416504,0.4791100543478261,2.782913088798523,4.306554545526919,0.4140625,3.183993339538574,1.3908605575561523,0.46059782608695654,3.422009131182795,1.3238778527340163,0.00012180421617813408
1073,snow/s5,0.0078125,18.234962463378906,5.508764661499299e-05,0.12466755319148937,13.107772735839195,0.4313476870636495,0.5625,2.2433383464813232,3.070061683654785,0.4808843085106383,2.7714327751321997,4.280246186763682,0.5625,2.3066036701202393,1.3004169464111328,0.4627659574468085,3.3982771000963576,1.3233786845143805,0.00010560856753727421
1074,snow/s5,0.0,18.36258316040039,5.4943673603702337e-05,0.1220703125,13.217247953017553,0.4223624215763569,0.5,2.3319592475891113,2.774869680404663,0.4812825520833333,2.7622770766417184,4.248884176214536,0.5,2.5512423515319824,1.175088882446289,0.4635416666666667,3.3806305428346,1.3202893136379619,7.89960686233826e-05
1075,snow/s5,0.0,18.377260208129883,5.194765981286764e-05,0.11957908163265306,13.322554325570865,0.41374384047601925,0.53125,2.340567111968994,2.913033962249756,0.4823022959183674,2.7536707508320712,4.221621926949949,0.53125,2.5248618125915527,1.2161037921905518,0.4649234693877551,3.363165874870456,1.318163078506382,7.450605335179716e-05
1076,snow/s5,0.0,18.38614845275879,5.2000970754306763e-05,0.1171875,13.423826208114624,0.40547000368591396,0.5234375,2.218987464904785,3.0389909744262695,0.483125,2.7429770851135253,4.197969307899475,0.5234375,2.2777481079101562,1.3001898527145386,0.46609375,3.34145751953125,1.3178036139905454,8.502547279931605e-05
1077,snow/s5,0.0,18.398340225219727,5.197224527364597e-05,0.11488970588235294,13.521365698646097,0.39752063052041126,0.4140625,2.959040403366089,2.864434003829956,0.4817708333333333,2.7472136207655367,4.171821556839288,0.4140625,3.459376335144043,1.2327079772949219,0.4650735294117647,3.3437696531707166,1.3161350720945526,8.562994480598718e-05
1078,snow/s5,0.0,18.3729305267334,4.871055352850817e-05,0.11268028846153846,13.61466502226316,0.3898769397518173,0.546875,2.0968093872070312,2.689253330230713,0.48302283653846156,2.7347058470432577,4.143310629404509,0.546875,2.263230323791504,1.0383033752441406,0.46664663461538464,3.322990050682655,1.3107921548474293,7.086732512107119e-05
1079,snow/s5,0.0,18.40976905822754,4.944068496115506e-05,0.11055424528301887,13.705138683319092,0.3825217039203672,0.46875,2.6377453804016113,2.78226637840271,0.48275353773584906,2.732876404276434,4.117630549196927,0.46875,2.9977006912231445,1.2227227687835693,0.466686320754717,3.316852515598513,1.3091304683179226,6.212705193320289e-05
1080,snow/s5,0.0,18.416606903076172,4.986622661817819e-05,0.10850694444444445,13.792388094796074,0.3754388921112237,0.390625,3.054234743118286,2.826766014099121,0.4810474537037037,2.7388274846253573,4.093725650398819,0.390625,3.612076759338379,1.246238350868225,0.4652777777777778,3.3223196312233254,1.3079657994762615,6.649365241173655e-05
1081,snow/s5,0.0,18.382509231567383,4.844333670916967e-05,0.10653409090909091,13.87584484273737,0.3686136112244144,0.46875,2.539196014404297,2.466093063354492,0.48082386363636365,2.735197821530429,4.0641323306343775,0.46875,2.9973678588867188,0.9835269451141357,0.4653409090909091,3.3164114171808414,1.302066911215132,4.202736818115227e-05
1082,snow/s5,0.0,18.378589630126953,4.737573181046173e-05,0.10463169642857142,13.956250999655042,0.36203207130490356,0.4765625,2.7119340896606445,2.746985673904419,0.48074776785714285,2.73478239774704,4.040611854621342,0.4765625,3.154348850250244,1.1074082851409912,0.46554129464285715,3.3135174427713667,1.298590864320951,4.626276859198697e-05
1083,snow/s5,0.0,18.380205154418945,4.728997009806335e-05,0.10279605263157894,14.033864230440374,0.3556814611060473,0.4765625,2.6988394260406494,2.795337677001953,0.48067434210526316,2.7341518192960503,4.018764939224511,0.4765625,3.095062017440796,1.177013874053955,0.46573464912280704,3.309684891449778,1.2964579346671439,5.769840208813548e-05
1084,snow/s5,0.0,18.410018920898438,4.701887519331649e-05,0.10102370689655173,14.109315173379306,0.34954983279172225,0.5234375,2.1982016563415527,2.6552209854125977,0.4814116379310345,2.724911299245111,3.9952555607105125,0.5234375,2.404994010925293,1.0874286890029907,0.46672952586206895,3.2940867728200454,1.292853982155693,5.3827883675694466e-05
1085,snow/s5,0.0,18.417409896850586,4.610246105585247e-05,0.0993114406779661,14.182333728014413,0.3436260407522194,0.53125,2.191256284713745,2.516294002532959,0.4822563559322034,2.7158662989988165,3.9701884156566556,0.53125,2.4309911727905273,1.0653929710388184,0.467823093220339,3.279458033836494,1.2889987107808307,4.123331018490717e-05
1086,snow/s5,0.0,18.41323471069336,4.663975414587185e-05,0.09765625,14.252848744392395,0.33789971740225155,0.484375,2.368464708328247,2.533757448196411,0.4822916666666667,2.7100762724876404,3.946247899532318,0.484375,2.688004493713379,1.0888335704803467,0.4680989583333333,3.269600474834442,1.285662625109156,4.151669054408558e-05
1087,snow/s5,0.0,18.402088165283203,4.486490797717124e-05,0.09605532786885246,14.320869062767654,0.33236111326300116,0.5390625,2.253262758255005,2.540332078933716,0.48322233606557374,2.702587526352679,3.923200099194636,0.5390625,2.5196595191955566,1.0767807960510254,0.4692622950819672,3.257306360807575,1.2822383328295144,3.711064709932543e-05
1088,snow/s5,0.0,18.416723251342773,4.5410604798235e-05,0.09450604838709678,14.386931227099511,0.32700118257496563,0.4921875,2.2488479614257812,2.3563718795776367,0.48336693548387094,2.6952691462732132,3.8979286762975875,0.4921875,2.5639922618865967,1.0428977012634277,0.4696320564516129,3.246123875341108,1.2783780000623195,3.0147713914630003e-05
1089,snow/s5,0.0,18.319316864013672,4.644248838303611e-05,0.09300595238095238,14.44935004673307,0.32181142479581354,0.53125,2.085993766784668,2.256932497024536,0.48412698412698413,2.6855981085035534,3.8718811178964283,0.53125,2.3742220401763916,0.9392991065979004,0.47061011904761907,3.2322841636718267,1.2729957954041542,2.5409128284081817e-05
1090,snow/s5,0.0,18.377016067504883,4.4215012167114764e-05,0.091552734375,14.510719828307629,0.31678381214294404,0.5859375,2.230445623397827,2.244936466217041,0.4857177734375,2.6784863509237766,3.8464601077139378,0.5859375,2.5919318199157715,0.9446490406990051,0.472412109375,3.222278658300638,1.2678653773618862,2.2391042875824496e-05
1091,snow/s5,0.0,18.417390823364258,4.377404911792837e-05,0.09014423076923077,14.570822459000807,0.3119108884799621,0.4453125,2.8065025806427,2.2272019386291504,0.48509615384615384,2.680455831380991,3.821548443574172,0.4453125,3.4638772010803223,0.9436315298080444,0.4719951923076923,3.225995558958787,1.2628771643225962,2.0875098925898783e-05
1092,snow/s5,0.0,18.38495445251465,4.458750117919408e-05,0.08877840909090909,14.628612337690411,0.3071856414954351,0.421875,2.5364603996276855,2.147395133972168,0.48413825757575757,2.6782740824150317,3.796182484337778,0.421875,3.0979464054107666,0.8690640926361084,0.47123579545454547,3.2240554202686655,1.2569102996000738,1.8177253878093325e-05
1093,snow/s5,0.0,18.415830612182617,4.324310430092737e-05,0.08745335820895522,14.685137983578354,0.30260142659407485,0.4765625,2.2227141857147217,2.199191093444824,0.4840251865671642,2.6714746809717433,3.7723467919363904,0.4765625,2.5775692462921143,0.9835767149925232,0.4713152985074627,3.214406372895881,1.2528306938596625,1.871626591309905e-05
1094,snow/s5,0.0,18.41063117980957,4.424366488819942e-05,0.0861672794117647,14.739924648228813,0.29815205625688096,0.4921875,2.405076265335083,2.243739604949951,0.4841452205882353,2.667557057212381,3.7498672744807076,0.4921875,2.8399980068206787,0.9860895276069641,0.4716222426470588,3.2089003675124226,1.248908029650064,1.9659142708405852e-05
1095,snow/s5,0.0078125,18.227365493774414,4.2950276110786945e-05,0.08503170289855072,14.79046726917875,0.2938316344310727,0.4609375,2.443173885345459,2.3981242179870605,0.4838088768115942,2.6643051271853238,3.7302767954010894,0.4609375,2.8250885009765625,1.117103099822998,0.47146739130434784,3.203337876693062,1.2469978132757589,2.536247848183848e-05
1096,snow/s5,0.0,18.37782096862793,4.2931125790346414e-05,0.08381696428571428,14.841715179170881,0.28963465295528296,0.4765625,2.4260966777801514,2.456998586654663,0.4837053571428571,2.6609021493366787,3.712087106704712,0.4765625,2.804002285003662,1.030151128768921,0.47154017857142855,3.1976330825260706,1.2439000034970897,2.9750097382930107e-05
1097,snow/s5,0.0,18.39434814453125,4.231812636135146e-05,0.08263644366197183,14.89175226319004,0.2855558876760024,0.421875,2.817746162414551,2.439728260040283,0.4828345070422535,2.663111219943409,3.6941665595685933,0.421875,3.3908376693725586,1.068356990814209,0.4708406690140845,3.2003542738901056,1.2414275666987393,3.457577622612007e-05
1098,snow/s5,0.0,18.388370513916016,4.525068652583286e-05,0.08148871527777778,14.940316405561235,0.28159046216225964,0.5546875,2.1628811359405518,2.199793815612793,0.4838324652777778,2.656163579887814,3.673411382569207,0.5546875,2.5092933177948,0.9314789175987244,0.4720052083333333,3.1907562050554485,1.237122724350128,2.8728860343107954e-05
1099,snow/s5,0.0,18.399789810180664,4.314556281315163e-05,0.08037243150684932,14.987706452199857,0.2777336496061028,0.53125,2.420780658721924,2.03299617767334,0.4844820205479452,2.652939156310199,3.65093994140625,0.53125,2.9280035495758057,0.9288831949234009,0.4728167808219178,3.187156853610522,1.2329002650429124,2.055842378467787e-05
1100,snow/s5,0.0,18.39767837524414,4.28407802246511e-05,0.07928631756756757,15.033787153862619,0.2739810711084558,0.53125,2.082247018814087,1.9551849365234375,0.4851140202702703,2.6452271003980896,3.628024333232158,0.53125,2.453141450881958,0.8676344156265259,0.4736064189189189,3.1772377265466227,1.227964240050799,1.4934193131921347e-05
1101,snow/s5,0.0,18.39299964904785,4.326151974964887e-05,0.07822916666666667,15.078576653798422,0.2703285669806064,0.4609375,2.706143856048584,2.3784217834472656,0.4847916666666667,2.6460393238067628,3.6113629659016926,0.4609375,3.21689772605896,1.1446157693862915,0.4734375,3.1777665265401205,1.2268529271086057,2.645053064043168e-05
1102,snow/s5,0.0078125,18.253767013549805,4.2830914026126266e-05,0.07730263157894737,15.120355474321466,0.26677217571657247,0.4453125,2.8160979747772217,2.222139358520508,0.4842722039473684,2.6482769376353215,3.5930837079098352,0.4453125,3.464503765106201,0.9814184904098511,0.4730674342105263,3.181539384942306,1.2236235266257274,2.4391067199758254e-05
1103,snow/s5,0.0,18.391542434692383,4.2790648876689374e-05,0.0762987012987013,15.16283842185875,0.2633081577286803,0.5234375,2.3916120529174805,1.8659870624542236,0.48478084415584416,2.6449436274441807,3.5706538813454762,0.5234375,2.9635024070739746,0.8020725250244141,0.4737215909090909,3.1787077358790805,1.2181488382932428,1.4918152373866178e-05
1104,snow/s5,0.0,18.420475006103516,4.2258001485606655e-05,0.07532051282051282,15.204602993451632,0.25993295388602394,0.578125,1.8404967784881592,1.804681420326233,0.4859775641025641,2.6346302063037186,3.5480132087683067,0.578125,2.171886682510376,0.722990870475769,0.47506009615384615,3.165799773656405,1.2118006592186599,1.0780967386381235e-05
1105,snow/s5,0.0,18.420682907104492,4.17623232351616e-05,0.07436708860759493,15.245312865776352,0.2566431919675077,0.3125,3.263432264328003,3.5940093994140625,0.4837816455696203,2.642589726025545,3.5485954390296452,0.3125,3.580538511276245,1.7193048000335693,0.4730023734177215,3.171049631094631,1.2182247622669498,0.0008579272544011474
1106,zoom_blur/s5,0.3515625,3.484675407409668,3.3461947441101074,0.3515625,3.484675407409668,3.3461947441101074,0.453125,3.695124626159668,5.640783309936523,0.453125,3.695124626159668,5.640783309936523,0.3671875,4.194520950317383,1.1659743785858154,0.3671875,4.194520950317383,1.1659743785858154,0.9433677196502686
1107,zoom_blur/s5,0.3984375,3.0692074298858643,2.8694629669189453,0.375,3.276941418647766,3.1078288555145264,0.3984375,3.589414596557617,5.7544145584106445,0.42578125,3.6422696113586426,5.697598934173584,0.3984375,3.9897172451019287,0.8254765272140503,0.3828125,4.092119097709656,0.9957254528999329,0.993541955947876
1108,zoom_blur/s5,0.390625,3.2876384258270264,2.4808595180511475,0.3802083333333333,3.2805070877075195,2.898839076360067,0.3671875,3.9243171215057373,5.923099517822266,0.40625,3.736285448074341,5.7727657953898115,0.390625,4.500361442565918,0.7940815687179565,0.3854166666666667,4.22819987932841,0.928510824839274,0.9990224838256836
1109,zoom_blur/s5,0.4296875,2.87276291847229,2.157439708709717,0.392578125,3.178571045398712,2.7134892344474792,0.40625,3.6873831748962402,5.609522819519043,0.40625,3.7240598797798157,5.731955051422119,0.4296875,3.933393716812134,0.7005587816238403,0.396484375,4.154498338699341,0.8715228140354156,0.9994319081306458
1110,zoom_blur/s5,0.46875,2.6538503170013428,1.8008112907409668,0.4078125,3.073626899719238,2.5309536457061768,0.4375,3.5395166873931885,5.6418375968933105,0.4125,3.68715124130249,5.713931560516357,0.46875,3.7496535778045654,0.5342548489570618,0.4109375,4.073529386520386,0.8040692210197449,0.9997636675834656
1111,zoom_blur/s5,0.4609375,2.7609150409698486,1.604820966720581,0.4166666666666667,3.02150825659434,2.3765981992085776,0.4375,3.3689236640930176,5.509918212890625,0.4166666666666667,3.634113311767578,5.679929335912068,0.4609375,4.0075507164001465,0.5124001502990723,0.4192708333333333,4.062532941500346,0.7554577092329661,0.9998155236244202
1112,zoom_blur/s5,0.5390625,2.2936878204345703,1.5150078535079956,0.4341517857142857,2.917533908571516,2.2535138641084944,0.3828125,3.5356717109680176,5.639749526977539,0.41183035714285715,3.6200502259390697,5.674189363207136,0.5390625,3.2272939682006836,0.5175817012786865,0.43638392857142855,3.943213088171823,0.7214754223823547,0.9998912811279297
1113,zoom_blur/s5,0.4609375,2.8124585151672363,1.3771841526031494,0.4375,2.904399484395981,2.1439726501703262,0.390625,3.4878337383270264,5.722684383392334,0.4091796875,3.603523164987564,5.680251240730286,0.4609375,4.14871883392334,0.5014806985855103,0.439453125,3.9689013063907623,0.6939760819077492,0.999936580657959
1114,zoom_blur/s5,0.515625,2.584561824798584,1.4123932123184204,0.4461805555555556,2.8688619666629367,2.062686045964559,0.4765625,3.262843608856201,5.516350269317627,0.4166666666666667,3.565669880972968,5.662040021684435,0.515625,3.691484212875366,0.5360161066055298,0.4479166666666667,3.9380771848890515,0.6764249735408359,0.9999262094497681
1115,zoom_blur/s5,0.5546875,2.498227834701538,1.1823599338531494,0.45703125,2.831798553466797,1.974653434753418,0.40625,3.3173255920410156,5.48747444152832,0.415625,3.540835452079773,5.644583463668823,0.5546875,3.682473659515381,0.4278338849544525,0.45859375,3.9125168323516846,0.6515658646821976,0.9999347925186157
1116,zoom_blur/s5,0.5859375,2.347994804382324,1.1258480548858643,0.46875,2.7878163944591177,1.897489309310913,0.421875,3.394538402557373,5.578486442565918,0.4161931818181818,3.5275357203050093,5.6385746435685595,0.5859375,3.4700632095336914,0.41888922452926636,0.47017045454545453,3.872293775731867,0.6304134428501129,0.9999470710754395
1117,zoom_blur/s5,0.5546875,2.343214988708496,1.134202480316162,0.4759114583333333,2.7507662773132324,1.8338820735613506,0.46875,3.3751513957977295,5.552552223205566,0.4205729166666667,3.5148370265960693,5.63140610853831,0.5546875,3.4500021934509277,0.42096951603889465,0.4772135416666667,3.8371028105417886,0.6129597822825114,0.9999581575393677
1118,zoom_blur/s5,0.359375,3.7520527839660645,1.3481794595718384,0.46694711538461536,2.827788316286527,1.7965203340236957,0.3515625,3.7900588512420654,5.587423324584961,0.4152644230769231,3.5360079361842227,5.628022817464975,0.359375,5.72321081161499,0.5141758918762207,0.46814903846153844,3.9821880413935733,0.6053610214820275,0.999923825263977
1119,zoom_blur/s5,0.5234375,2.6730873584747314,1.1149698495864868,0.47098214285714285,2.816738247871399,1.7478381565638952,0.4765625,3.163231134414673,5.324765205383301,0.41964285714285715,3.509381021772112,5.606361559459141,0.5234375,3.9551455974578857,0.40160810947418213,0.4720982142857143,3.98025643825531,0.5908072420528957,0.9999223947525024
1120,zoom_blur/s5,0.484375,2.898550510406494,1.0651650428771973,0.471875,2.822192398707072,1.7023266156514485,0.359375,3.6002776622772217,5.492861747741699,0.415625,3.515440797805786,5.598794905344645,0.484375,4.320717811584473,0.41553035378456116,0.47291666666666665,4.0029538631439205,0.5791221161683401,0.9999319314956665
1121,zoom_blur/s5,0.484375,3.2289934158325195,1.130875587463379,0.47265625,2.8476174622774124,1.6666109263896942,0.3671875,3.6474227905273438,5.568382740020752,0.41259765625,3.5236896723508835,5.596894145011902,0.484375,4.8068437576293945,0.4345095753669739,0.4736328125,4.053196981549263,0.5700838323682547,0.9999467134475708
1122,zoom_blur/s5,0.5546875,2.6560988426208496,0.8061772584915161,0.4774816176470588,2.836351661121144,1.615997181219213,0.4921875,3.114607810974121,5.190423965454102,0.4172794117647059,3.499626033446368,5.572984134449678,0.5546875,4.064920425415039,0.3097045123577118,0.47840073529411764,4.053886595894308,0.5547674017793992,0.9999456405639648
1123,zoom_blur/s5,0.46875,3.40142822265625,0.9020100831985474,0.4769965277777778,2.86774480342865,1.5763312313291762,0.375,3.4553639888763428,5.340137481689453,0.4149305555555556,3.4971670309702554,5.560048209296332,0.46875,5.150523662567139,0.3523652255535126,0.4778645833333333,4.114810877376133,0.5435228364335166,0.9999313354492188
1124,zoom_blur/s5,0.515625,2.814810037612915,0.873247504234314,0.4790296052631579,2.8649587631225586,1.539326824639973,0.4296875,3.218656063079834,5.263738632202148,0.41570723684210525,3.482508558976023,5.544452968396638,0.515625,4.307873249053955,0.3228065073490143,0.4798519736842105,4.12497205483286,0.5319061875343323,0.9999428987503052
1125,zoom_blur/s5,0.5,3.061384677886963,0.7611255049705505,0.480078125,2.874780058860779,1.5004167586565018,0.4296875,3.311769962310791,5.361683368682861,0.41640625,3.473971629142761,5.5353144884109495,0.5,4.672603130340576,0.31046611070632935,0.480859375,4.152353608608246,0.5208341836929321,0.9999502897262573
1126,zoom_blur/s5,0.5078125,2.9452602863311768,0.892963171005249,0.48139880952380953,2.878136260168893,1.4714903973397755,0.390625,3.139078140258789,5.104523658752441,0.41517857142857145,3.4580243201482865,5.514800639379592,0.5078125,4.361914157867432,0.3692348003387451,0.48214285714285715,4.162332682382493,0.5136151654379708,0.9999034404754639
1127,zoom_blur/s5,0.59375,2.4007842540740967,0.7629953622817993,0.4865056818181818,2.8564384417100386,1.439286077564413,0.53125,2.9469878673553467,5.121307373046875,0.42045454545454547,3.43479539047588,5.496914581819014,0.59375,3.512200117111206,0.3223991096019745,0.4872159090909091,4.132781202142889,0.5049235265363347,0.9999085664749146
1128,zoom_blur/s5,0.4765625,2.6546621322631836,0.7804878354072571,0.4860733695652174,2.8476655586906103,1.4106426757314932,0.4453125,2.869666576385498,4.994824409484863,0.42153532608695654,3.41022457247195,5.475084574326225,0.4765625,4.026516437530518,0.3362070322036743,0.4867527173913043,4.128160994985829,0.4975880267827407,0.9997791647911072
1129,zoom_blur/s5,0.5234375,2.98459529876709,0.7113937139511108,0.4876302083333333,2.85337096452713,1.3815073023239772,0.4375,3.09403920173645,5.077289581298828,0.4222005208333333,3.3970501820246377,5.458509782950084,0.5234375,4.521864891052246,0.2845296859741211,0.48828125,4.144565323988597,0.4887105959157149,0.9998728036880493
1130,zoom_blur/s5,0.4765625,3.4087226390838623,0.7377521991729736,0.4871875,2.8755850315093996,1.355757098197937,0.3359375,3.4397857189178467,5.193531513214111,0.41875,3.398759603500366,5.447910652160645,0.4765625,5.120128631591797,0.30055612325668335,0.4878125,4.183587856292725,0.48118441700935366,0.9998444318771362
1131,zoom_blur/s5,0.4375,4.225097179412842,0.6702040433883667,0.4852764423076923,2.927489344890301,1.3293896730129535,0.453125,2.922299861907959,4.70771598815918,0.42007211538461536,3.3804342288237352,5.419441626622127,0.4375,5.97119665145874,0.3142598569393158,0.48587740384615385,4.252342040722187,0.4747642416220445,0.9994906187057495
1132,zoom_blur/s5,0.4140625,4.660362720489502,0.6297896504402161,0.4826388888888889,2.991669840282864,1.303478561065815,0.4453125,2.94452166557312,4.686240196228027,0.4210069444444444,3.364289319073712,5.3922860180890115,0.4140625,6.87969446182251,0.2347152680158615,0.4832175925925926,4.349651389651829,0.46587353889588956,0.9990390539169312
1133,zoom_blur/s5,0.375,4.673912048339844,0.7349039316177368,0.47879464285714285,3.051749919142042,1.2831723242998123,0.4375,3.1511459350585938,4.919030666351318,0.42159598214285715,3.3566770553588867,5.3753840412412375,0.375,6.55952262878418,0.3158532381057739,0.47935267857142855,4.428575362477984,0.4605156710105283,0.9986072182655334
1134,zoom_blur/s5,0.46875,4.047153949737549,0.5573474168777466,0.47844827586206895,3.0860741960591285,1.258143879216293,0.4921875,2.6569156646728516,4.640909194946289,0.4240301724137931,3.332547352231782,5.35005732240348,0.46875,5.7609381675720215,0.22898046672344208,0.47898706896551724,4.474518907481227,0.4525316984489046,0.9981732368469238
1135,zoom_blur/s5,0.40625,4.769896507263184,0.670779287815094,0.47604166666666664,3.142201606432597,1.2385650595029196,0.4453125,2.7047722339630127,4.5821404457092285,0.42473958333333334,3.3116215149561565,5.324460093180338,0.40625,6.860586643218994,0.28818002343177795,0.4765625,4.554054498672485,0.4470533092816671,0.9965204000473022
1136,zoom_blur/s5,0.3515625,5.362385272979736,0.4970119297504425,0.4720262096774194,3.21382043438573,1.2146439908012268,0.5859375,2.748641014099121,4.662247657775879,0.42993951612903225,3.2934608536381877,5.303098401715679,0.3515625,7.622249603271484,0.2357788234949112,0.4725302419354839,4.6530285343047115,0.4402380032885459,0.9957208037376404
1137,zoom_blur/s5,0.375,6.5748186111450195,0.3994736671447754,0.468994140625,3.318851627409458,1.1891699181869626,0.4609375,2.8111588954925537,4.462848663330078,0.430908203125,3.2783889174461365,5.2768405973911285,0.375,8.858379364013672,0.18953153491020203,0.469482421875,4.784445747733116,0.43240342615172267,0.9869133830070496
1138,zoom_blur/s5,0.3203125,6.159738540649414,0.4157410264015198,0.46448863636363635,3.4049391096288506,1.165732679041949,0.46875,2.664147138595581,4.570207595825195,0.43205492424242425,3.2597755302082407,5.255427476131555,0.3203125,8.541160583496094,0.19567441940307617,0.4649621212121212,4.898285591241085,0.4252298198866122,0.975821316242218
1139,zoom_blur/s5,0.1796875,8.175667762756348,0.30817726254463196,0.4561121323529412,3.5452546582502475,1.1405104609096752,0.4140625,3.0772573947906494,4.559374809265137,0.43152573529411764,3.254407349754782,5.234955338870778,0.1953125,10.201918601989746,0.16189177334308624,0.45703125,5.054274797439575,0.4174845832235673,0.9046783447265625
1140,zoom_blur/s5,0.109375,11.263873100280762,0.17372027039527893,0.44620535714285714,3.7657866137368337,1.1128878840378353,0.3125,3.2162957191467285,4.650767803192139,0.428125,3.2533184460231235,5.218264266422817,0.1640625,9.480509757995605,0.17637917399406433,0.4486607142857143,5.180738653455462,0.4105958572455815,0.6098411679267883
1141,zoom_blur/s5,0.09375,11.407673835754395,0.12266398966312408,0.4364149305555556,3.978061258792877,1.0853816647496488,0.4609375,2.833658218383789,4.439785957336426,0.4290364583333333,3.2416612174775867,5.1966398689481945,0.4453125,2.6485490798950195,2.1997592449188232,0.4485677083333333,5.110400054189894,0.46029484023650485,0.24452441930770874
1142,zoom_blur/s5,0.03125,13.605061531066895,0.03253146633505821,0.42546452702702703,4.238250455340824,1.0569262539816868,0.484375,2.6708970069885254,4.250729560852051,0.43053209459459457,3.226235157734639,5.171074725486137,0.46875,2.4589343070983887,1.9421507120132446,0.44911317567567566,5.038738817782016,0.5003449989331735,0.037130143493413925
1143,zoom_blur/s5,0.0,14.72297477722168,0.024811776354908943,0.41426809210526316,4.514164253285057,1.029765346675719,0.375,3.1116549968719482,4.519221305847168,0.4290707236842105,3.2232198903435156,5.153920688127217,0.375,2.9779746532440186,2.154728889465332,0.4471628289473684,4.984508181873121,0.5438814171050724,0.010917387902736664
1144,zoom_blur/s5,0.0,15.912497520446777,0.005574734881520271,0.4036458333333333,4.806429208853306,1.0035040489374063,0.390625,2.889126777648926,4.35656213760376,0.4280849358974359,3.2146534002744236,5.133475597088154,0.390625,2.7456607818603516,1.9945008754730225,0.445713141025641,4.92710183828305,0.5810767878324558,0.004680156242102385
1145,zoom_blur/s5,0.0,16.463560104370117,0.0023004047106951475,0.3935546875,5.097857481241226,0.9784739578317385,0.4453125,2.7806777954101562,4.223473072052002,0.428515625,3.2038040101528167,5.11072553396225,0.4453125,2.6423087120056152,1.9130741357803345,0.445703125,4.8699820101261135,0.6143767215311527,0.002470561070367694
1146,zoom_blur/s5,0.0078125,16.61612892150879,0.00601221714168787,0.38414634146341464,5.3787909310038495,0.9547553787905178,0.3671875,3.1509287357330322,4.354852676391602,0.4270198170731707,3.20251436931331,5.092289610606868,0.3671875,3.106468677520752,2.129547357559204,0.44378810975609756,4.826969489818666,0.6513321028976906,0.0022203761618584394
1147,zoom_blur/s5,0.0,17.02254295349121,0.0007965150871314108,0.375,5.656023122015453,0.9320420725118657,0.453125,2.5504231452941895,3.780251979827881,0.42764136904761907,3.1869883877890453,5.061050619397845,0.453125,2.493875026702881,1.6417598724365234,0.4440104166666667,4.771419621649242,0.6749137164581389,0.0009550100658088923
1148,zoom_blur/s5,0.0,17.49230194091797,0.00075890141306445,0.36627906976744184,5.931285420129465,0.9103843243467773,0.4609375,2.88409161567688,4.184759140014648,0.4284156976744186,3.1799442768096924,5.040671747784282,0.4609375,2.8080105781555176,1.916917085647583,0.44440406976744184,4.725758946219156,0.7037975157416144,0.00112998578697443
1149,zoom_blur/s5,0.0,17.5094051361084,0.0005639395676553249,0.35795454545454547,6.194424504583532,0.88970658832907,0.4921875,2.5928406715393066,3.7746143341064453,0.4298650568181818,3.166601013053547,5.01189771565524,0.4921875,2.5946006774902344,1.5290366411209106,0.4454900568181818,4.677323531020772,0.7225529504093257,0.0006429351633414626
1150,zoom_blur/s5,0.0078125,17.71904945373535,0.0004750360094476491,0.3501736111111111,6.45052728123135,0.8699458871664117,0.4765625,2.4469218254089355,3.6651082038879395,0.4309027777777778,3.1506081422170005,4.981969059838189,0.4765625,2.3961257934570312,1.5509835481643677,0.4461805555555556,4.626630247963799,0.7409625192483266,0.0004914297023788095
1151,zoom_blur/s5,0.0,17.820890426635742,0.0005022287368774414,0.34256114130434784,6.697709088740141,0.8510449380701175,0.4140625,2.9450924396514893,4.0763373374938965,0.4305366847826087,3.1461404095525327,4.9622814137002695,0.4140625,2.921102523803711,1.9377155303955078,0.44548233695652173,4.589553558308145,0.7669788890558741,0.0006585335941053927
1152,zoom_blur/s5,0.0,17.99711036682129,0.00040209689177572727,0.33527260638297873,6.938121881890805,0.8329461542152592,0.46875,2.5935490131378174,3.8800225257873535,0.43134973404255317,3.134383145799028,4.939254628851058,0.46875,2.509655475616455,1.7200486660003662,0.44597739361702127,4.545300407612578,0.7872569694163951,0.0006018654676154256
1153,zoom_blur/s5,0.0078125,17.734777450561523,0.00044211558997631073,0.3284505208333333,7.163052206238111,0.8156023200772324,0.4609375,2.5218989849090576,3.867213249206543,0.4319661458333333,3.1216230591138205,4.916920433441798,0.4609375,2.4263193607330322,1.6326760053634644,0.4462890625,4.5011549691359205,0.8048698659986258,0.0006065299385227263
1154,zoom_blur/s5,0.0,18.00123405456543,0.0003198739141225815,0.32174744897959184,7.384239590897852,0.7989639028085975,0.5078125,2.6165060997009277,3.8502511978149414,0.4335140306122449,3.111314549738047,4.895151673531045,0.5078125,2.555691719055176,1.6964490413665771,0.44754464285714285,4.461451637501619,0.8230653593734819,0.0005863510887138546
1155,zoom_blur/s5,0.0,17.94196128845215,0.000311900774249807,0.3153125,7.595394024848938,0.7829908627679106,0.453125,2.818582534790039,3.9758119583129883,0.43390625,3.105459909439087,4.876764879226685,0.453125,2.781994581222534,1.8394134044647217,0.44765625,4.427862496376037,0.8433923202753068,0.0006281135138124228
1156,zoom_blur/s5,0.0,18.032733917236328,0.0002967490872833878,0.3091299019607843,7.800047748229083,0.7676439193624081,0.3125,3.4641213417053223,3.8315043449401855,0.43152573529411764,3.1124924865423464,4.856269574632831,0.3125,3.871670722961426,1.5918755531311035,0.4450061274509804,4.416956775328693,0.8580684620960086,0.000576080521568656
1157,zoom_blur/s5,0.0,18.074678421020508,0.0003048428916372359,0.30318509615384615,7.997636799628918,0.7528873986610471,0.4921875,2.286391258239746,3.4212894439697266,0.4326923076923077,3.0966059244596043,4.828673802889311,0.4921875,2.265911340713501,1.3959269523620605,0.44591346153846156,4.375590516970708,0.868411894601125,0.00036797364009544253
1158,zoom_blur/s5,0.0,18.11480712890625,0.0002625518827699125,0.2974646226415094,8.188526805841699,0.7386869298539098,0.4453125,2.673786163330078,3.4270472526550293,0.4329304245283019,3.0886281931175374,4.802228018922626,0.4453125,2.8614397048950195,1.3472530841827393,0.4459021226415094,4.347021633723997,0.8774466340271931,0.0002650174719747156
1159,zoom_blur/s5,0.0,18.132055282592773,0.0002680424368008971,0.29195601851851855,8.372666222077829,0.7250125060128523,0.4765625,2.8876585960388184,3.6769161224365234,0.43373842592592593,3.0849065339123762,4.781388909728439,0.4765625,3.0434324741363525,1.5883456468582153,0.4464699074074074,4.322881093731633,0.890611430561101,0.0003330570471007377
1160,zoom_blur/s5,0.0,18.17982292175293,0.00026420503854751587,0.28664772727272725,8.550978162071921,0.7118352641769558,0.5,2.4406700134277344,3.620798349380493,0.4349431818181818,3.073193142630837,4.760287263176658,0.5,2.377964496612549,1.6008219718933105,0.4474431818181818,4.287518973784013,0.9035243494944138,0.0003481138846836984
1161,zoom_blur/s5,0.0,18.090574264526367,0.0003295177884865552,0.28152901785714285,8.721328092472893,0.6991298044200188,0.4296875,2.638587713241577,3.354764223098755,0.43484933035714285,3.0654323313917433,4.735188637460981,0.4296875,2.7987208366394043,1.4353628158569336,0.44712611607142855,4.260933292763574,0.9130214649651732,0.0002703020581975579
1162,zoom_blur/s5,0.0,18.150402069091797,0.00027891137870028615,0.27658991228070173,8.886750442939892,0.6868692624368378,0.3515625,3.136378765106201,3.6342616081237793,0.43338815789473684,3.0666770056674353,4.715874128174364,0.3515625,3.4172732830047607,1.6346030235290527,0.4454495614035088,4.2461322399607875,0.9256807905540132,0.0003376969543751329
1163,zoom_blur/s5,0.0,18.093835830688477,0.0002919979742728174,0.2718211206896552,9.045493294452799,0.6750317233943798,0.5078125,2.23553729057312,3.4210989475250244,0.4346713362068966,3.0523470105796027,4.693550418163168,0.5078125,2.158085346221924,1.4664877653121948,0.4465247844827586,4.2101314314480485,0.9350050487394991,0.00029354883008636534
1164,zoom_blur/s5,0.0,18.03577995300293,0.0003366532037034631,0.2672139830508475,9.197871034428225,0.663596213730131,0.515625,2.3702001571655273,3.2212514877319336,0.4360434322033898,3.0407851995047874,4.668596199003317,0.515625,2.44073224067688,1.3654810190200806,0.4476959745762712,4.180141614655317,0.9423012516256106,0.00020603943266905844
1165,zoom_blur/s5,0.0,18.07836151123047,0.00034907617373391986,0.26276041666666666,9.345879209041595,0.6525420947708578,0.4921875,2.2554373741149902,3.194610118865967,0.43697916666666664,3.027696069081624,4.644029764334361,0.4921875,2.2565958499908447,1.4418386220932007,0.4484375,4.148082518577576,0.9506268744667371,0.0001799624296836555
1166,zoom_blur/s5,0.0,17.973608016967773,0.0007323460886254907,0.258452868852459,9.487317386220713,0.6418566890547556,0.4921875,2.623627185821533,3.3508543968200684,0.4378842213114754,3.0210719890281803,4.622830168145602,0.4921875,2.758370876312256,1.4658726453781128,0.4491547131147541,4.125300360507652,0.9590735264488908,0.0001979547378141433
1167,zoom_blur/s5,0.0,17.969871520996094,0.00032213469967246056,0.2542842741935484,9.624132775491283,0.6315093575328994,0.4375,2.6145670413970947,2.9473390579223633,0.4378780241935484,3.0145154576147757,4.595806117980711,0.4375,2.9112210273742676,1.2647068500518799,0.44896673387096775,4.1057184357796945,0.9640030961844229,0.00013214160571806133
1168,zoom_blur/s5,0.0,18.026010513305664,0.0003338624956086278,0.25024801587301587,9.75749591418675,0.6214906988815139,0.5390625,2.1849875450134277,2.9467432498931885,0.439484126984127,3.0013483478909446,4.569630516899957,0.5390625,2.2737209796905518,1.228647232055664,0.4503968253968254,4.076639111079867,0.9682037967538076,0.00011315493611618876
1169,zoom_blur/s5,0.0,17.935636520385742,0.0003721873799804598,0.246337890625,9.88527936115861,0.6117857221393024,0.4609375,2.505004644393921,3.2513279914855957,0.4398193359375,2.9935929775238037,4.549032039940357,0.4609375,2.599595069885254,1.492302417755127,0.4505615234375,4.053560297936201,0.9763928377069533,0.00013983514509163797
1170,zoom_blur/s5,0.0,18.015241622924805,0.0003365608863532543,0.24254807692307692,10.01035570364732,0.60237881196618,0.46875,2.626049280166626,3.1315572261810303,0.4402644230769231,2.987938459102924,4.527224735113291,0.46875,2.8405752182006836,1.4093708992004395,0.45084134615384613,4.034898989017194,0.9830540386530069,0.00013422213669400662
1171,zoom_blur/s5,0.0,17.9268856048584,0.0002867286093533039,0.23887310606060605,10.130303126392942,0.5932562046425918,0.4609375,2.4888811111450195,2.815586566925049,0.4405776515151515,2.9803769841338648,4.501290823474075,0.4609375,2.7794833183288574,1.1808217763900757,0.4509943181818182,4.015877539461309,0.986050519527811,9.318777301814407e-05
1172,zoom_blur/s5,0.0,18.013349533081055,0.0003300755633972585,0.2353078358208955,10.247960535447989,0.5844065609249919,0.5,2.2461977005004883,3.0153682231903076,0.441464552238806,2.969419084378143,4.479112874216108,0.5,2.3145267963409424,1.3474665880203247,0.4517257462686567,3.990484244787871,0.9914447892068038,0.0001083086826838553
1173,zoom_blur/s5,0.0,18.01136589050293,0.00027785729616880417,0.23184742647058823,10.36212826125762,0.5758164329304504,0.515625,2.491107225418091,2.955395221710205,0.44255514705882354,2.96238508645226,4.456705261679256,0.515625,2.7074947357177734,1.3209788799285889,0.45266544117647056,3.9716167520074284,0.9962908787762418,9.970871906261891e-05
1174,zoom_blur/s5,0.0,18.177553176879883,0.0002901448169723153,0.2284873188405797,10.475395289020263,0.5674754722331535,0.453125,2.560072183609009,2.9596188068389893,0.4427083333333333,2.956554464671923,4.4350083565366445,0.453125,2.798220634460449,1.3405710458755493,0.4526721014492754,3.954611011173414,1.0012804464153622,0.00010871627455344424
1175,zoom_blur/s5,0.0,18.080310821533203,0.0002596638514660299,0.2252232142857143,10.584036939484733,0.5593723892562723,0.4296875,2.6485209465026855,2.8108386993408203,0.44252232142857145,2.952153985840934,4.411805932862418,0.4296875,3.0151336193084717,1.1824145317077637,0.45234375,3.9411899055753437,1.0038680762052536,9.101261093746871e-05
1176,zoom_blur/s5,0.0,18.226713180541992,0.00022272116621024907,0.22205105633802816,10.691680266823568,0.5514970418183841,0.484375,2.4508602619171143,2.9646663665771484,0.4431117957746479,2.945093510856091,4.39142368544995,0.484375,2.6469619274139404,1.3129838705062866,0.4527948943661972,3.922961342502648,1.0082218197869584,0.00010466037929290906
1177,zoom_blur/s5,0.0,18.21341896057129,0.00022356913541443646,0.2189670138888889,10.796148859792286,0.5438404658088984,0.5625,2.2231926918029785,2.5097496509552,0.4447699652777778,2.9350671105914645,4.365289323859745,0.5625,2.4825336933135986,1.0574331283569336,0.4543185763888889,3.9029554029305777,1.0089053101837635,6.459793803514913e-05
1178,zoom_blur/s5,0.0,18.259798049926758,0.0001973855250980705,0.21596746575342465,10.898390629520154,0.5363933003255588,0.4609375,2.631535768508911,2.6971325874328613,0.4449914383561644,2.9309091470012927,4.342437861716911,0.4609375,2.998357057571411,1.242915153503418,0.4544092465753425,3.8905636447749727,1.0121109244758135,6.792002386646345e-05
1179,zoom_blur/s5,0.0,18.127527236938477,0.00023262375907506794,0.21304898648648649,10.996081664755538,0.5291478857773629,0.5234375,2.1691815853118896,2.8144683837890625,0.4460515202702703,2.9206155313027873,4.321789625528696,0.5234375,2.2647433280944824,1.2803484201431274,0.4553420608108108,3.868593099954966,1.0157357554983448,7.429370452882722e-05
1180,zoom_blur/s5,0.0,18.218564987182617,0.00026582495775073767,0.21020833333333333,11.092381442387898,0.5220961249664349,0.484375,2.591075897216797,2.5410590171813965,0.4465625,2.916221669514974,4.298046550750732,0.484375,3.016629934310913,1.0977139472961426,0.4557291666666667,3.8572335910797118,1.0168287980556487,5.182351378607564e-05
1181,zoom_blur/s5,0.0,18.23378562927246,0.00019412579422350973,0.20744243421052633,11.18634728695217,0.5152289933983795,0.40625,2.724231004714966,2.5130910873413086,0.4460320723684211,2.9136954765570793,4.27456029465324,0.40625,3.2303900718688965,1.0932711362838745,0.455078125,3.848985650037464,1.0178346182954938,4.975432966602966e-05
1182,zoom_blur/s5,0.0,18.109622955322266,0.0004529563884716481,0.2047483766233766,11.276259957969962,0.5085435903203287,0.46875,2.3965468406677246,2.3862144947052,0.44632711038961037,2.906979260506568,4.250036323225343,0.46875,2.7999796867370605,0.9647103548049927,0.4552556818181818,3.835362195968628,1.0171446927956171,4.055549652548507e-05
1183,zoom_blur/s5,0.0,18.272382736206055,0.00019294157391414046,0.20212339743589744,11.36595383974222,0.5020262743107592,0.4609375,2.1626691818237305,2.37882661819458,0.4465144230769231,2.8974368236003776,4.226046455212129,0.4609375,2.4268271923065186,1.0474079847335815,0.45532852564102566,3.8173040548960366,1.0175326837178988,3.524818384903483e-05
1184,zoom_blur/s5,0.0,18.07245635986328,0.00015093109686858952,0.19956487341772153,11.450846276705779,0.4956734218650138,0.5,2.1015641689300537,2.976201057434082,0.44719145569620256,2.8873624861994878,4.210225627392153,0.5,2.1216394901275635,1.2864339351654053,0.45589398734177217,3.795839946481246,1.020936497027361,0.0006790862535126507
