global_idx,corruption,large_acc,large_nll,large_ent,large_acc_run,large_nll_run,large_ent_run,small_acc,small_nll,small_ent,small_acc_run,small_nll_run,small_ent_run,duo_acc,duo_nll,duo_ent,duo_acc_run,duo_nll_run,duo_ent_run,w_l
0,brightness/s5,0.65625,1.6973531246185303,3.484299659729004,0.65625,1.6973531246185303,3.484299659729004,0.7421875,1.4331542253494263,2.3207292556762695,0.7421875,1.4331542253494263,2.3207292556762695,0.71875,1.3450721502304077,0.662546694278717,0.71875,1.3450721502304077,0.662546694278717,0.430909663438797
1,brightness/s5,0.6796875,1.4277228116989136,2.881023406982422,0.66796875,1.562537968158722,3.182661533355713,0.6640625,1.365592360496521,2.3653059005737305,0.703125,1.3993732929229736,2.343017578125,0.71875,1.1913470029830933,0.5854851007461548,0.71875,1.2682095766067505,0.6240158975124359,0.615607500076294
2,brightness/s5,0.6484375,1.5449272394180298,2.7685141563415527,0.6614583333333334,1.556667725245158,3.044612407684326,0.7109375,1.4507262706756592,2.5581517219543457,0.7057291666666666,1.416490952173869,2.4147289594014487,0.6640625,1.3189929723739624,0.7741698026657104,0.7005208333333334,1.285137375195821,0.6740671992301941,0.7865787744522095
3,brightness/s5,0.734375,1.3118243217468262,2.207329750061035,0.6796875,1.495456874370575,2.8352917432785034,0.734375,1.4492970705032349,2.401869297027588,0.712890625,1.4246924817562103,2.4115140438079834,0.7421875,1.374345064163208,0.5246302485466003,0.7109375,1.3074392974376678,0.6367079615592957,0.9421791434288025
4,brightness/s5,0.7578125,1.1665163040161133,2.0754446983337402,0.6953125,1.4296687602996827,2.6833223342895507,0.7109375,1.425481915473938,2.410022258758545,0.7125,1.4248503684997558,2.4112156867980956,0.7578125,1.2051893472671509,0.5121281147003174,0.7203125,1.2869893074035645,0.6117919921875,0.9839702248573303
5,brightness/s5,0.6328125,1.4925553798675537,2.1901066303253174,0.6848958333333334,1.4401498635609944,2.6011197169621787,0.6328125,1.4526145458221436,2.402009963989258,0.69921875,1.4294777313868205,2.4096813996632895,0.6328125,1.653848648071289,0.5984581112861633,0.7057291666666666,1.3481325308481853,0.6095696787039439,0.9847158193588257
6,brightness/s5,0.7109375,1.3520678281784058,1.9983021020889282,0.6886160714285714,1.427566715649196,2.5150029148374284,0.7421875,1.224275827407837,2.335695743560791,0.7053571428571429,1.400163173675537,2.3991120202200755,0.7109375,1.5189342498779297,0.5015648603439331,0.7064732142857143,1.372532776423863,0.5941404189382281,0.9908877611160278
7,brightness/s5,0.6875,1.245184063911438,1.8348063230514526,0.6884765625,1.4047688841819763,2.4299783408641815,0.703125,1.446626901626587,2.461754560470581,0.705078125,1.4059711396694183,2.4069423377513885,0.6875,1.404045581817627,0.502772867679596,0.7041015625,1.3764718770980835,0.582719475030899,0.9972149133682251
8,brightness/s5,0.6796875,1.3090687990188599,1.8617792129516602,0.6875,1.3941355413860745,2.3668451044294567,0.6484375,1.5366806983947754,2.5270798206329346,0.6987847222222222,1.4204944239722357,2.420290946960449,0.6796875,1.4884474277496338,0.5258156061172485,0.7013888888888888,1.3889136049482558,0.5763968229293823,0.9980437755584717
9,brightness/s5,0.703125,1.1034667491912842,1.7773780822753906,0.6890625,1.3650686621665955,2.3078984022140503,0.6875,1.3247953653335571,2.3543572425842285,0.69765625,1.4109245181083678,2.4136975765228272,0.703125,1.1563260555267334,0.527604341506958,0.7015625,1.3656548500061034,0.5715175747871399,0.9980682730674744
10,brightness/s5,0.7734375,0.9712347388267517,1.5435028076171875,0.6967329545454546,1.3292655782266096,2.2384078936143355,0.7734375,0.995307981967926,2.1905181407928467,0.7045454545454546,1.373141196641055,2.3934085369110107,0.7734375,1.0790601968765259,0.37607330083847046,0.7080965909090909,1.3396007906306873,0.553749913519079,0.9992011189460754
11,brightness/s5,0.7734375,1.0788826942443848,1.4835515022277832,0.703125,1.3084003378947575,2.175503194332123,0.703125,1.344340205192566,2.254741668701172,0.7044270833333334,1.3707411140203476,2.3818529645601907,0.7734375,1.2386066913604736,0.4538904130458832,0.7135416666666666,1.3311846156915028,0.5454282884796461,0.9997124075889587
12,brightness/s5,0.6953125,1.4102891683578491,1.8094933032989502,0.7025240384615384,1.3162379402380724,2.1473485873295712,0.640625,1.703636884689331,2.4011826515197754,0.6995192307692307,1.3963484809948847,2.383339863557082,0.6953125,1.6446657180786133,0.5630296468734741,0.7121394230769231,1.3552985466443574,0.5467822391253251,0.9989247918128967
13,brightness/s5,0.734375,1.1861755847930908,1.4327669143676758,0.7047991071428571,1.3069477719920022,2.0963070392608643,0.7265625,1.3864787817001343,2.341763973236084,0.7014508928571429,1.3956435024738312,2.380370157105582,0.734375,1.4520035982131958,0.3866257071495056,0.7137276785714286,1.362206050327846,0.535342486841338,0.999996542930603
14,brightness/s5,0.75,1.0884251594543457,1.4549131393432617,0.7078125,1.2923795978228252,2.0535474459330243,0.703125,1.302596092224121,2.456195592880249,0.7015625,1.3894403417905172,2.3854251861572267,0.75,1.2622244358062744,0.4342944920063019,0.7161458333333334,1.3555406093597413,0.5286059538523357,0.9999805688858032
15,brightness/s5,0.7109375,1.3808594942092896,1.4785006046295166,0.7080078125,1.2979095913469791,2.017607018351555,0.6796875,1.5591250658035278,2.4933764934539795,0.7001953125,1.4000456370413303,2.3921721428632736,0.7109375,1.7544746398925781,0.41617733240127563,0.7158203125,1.3804739862680435,0.5215791650116444,0.9999896287918091
16,brightness/s5,0.75,1.0787487030029297,1.2785922288894653,0.7104779411764706,1.2850177743855644,1.9741355601479025,0.703125,1.4049590826034546,2.3326287269592285,0.7003676470588235,1.400334663250867,2.388669588986565,0.75,1.3141276836395264,0.40160173177719116,0.7178308823529411,1.3765712625840132,0.5145216689390295,0.9999951124191284
17,brightness/s5,0.7109375,1.2187495231628418,1.5142171382904053,0.7105034722222222,1.2813362048731909,1.948584536711375,0.609375,1.5998963117599487,2.4550464153289795,0.6953125,1.4114214215013716,2.3923571904500327,0.7109375,1.4552489519119263,0.44877389073371887,0.7174479166666666,1.3809422453244526,0.51086901459429,0.9999793767929077
18,brightness/s5,0.6953125,1.0933674573898315,1.4741802215576172,0.709703947368421,1.2714431129003827,1.9236158885453876,0.625,1.347387671470642,2.393610954284668,0.6916118421052632,1.4080512241313332,2.3924231780202767,0.6953125,1.2480186223983765,0.46402493119239807,0.7162828947368421,1.3739462651704486,0.5084035365205062,0.9999454021453857
19,brightness/s5,0.7265625,1.0690374374389648,1.279567837715149,0.710546875,1.2613228291273118,1.8914134860038758,0.671875,1.410444736480713,2.535750389099121,0.690625,1.4081708997488023,2.3995895385742188,0.7265625,1.2923262119293213,0.3920105993747711,0.716796875,1.3698652625083922,0.5025838896632194,1.0
20,brightness/s5,0.734375,0.9784253239631653,1.3697649240493774,0.7116815476190477,1.2478515193575905,1.8665730782917567,0.6796875,1.4108238220214844,2.525010824203491,0.6901041666666666,1.4082972293808347,2.4055619807470414,0.734375,1.092032551765442,0.44212499260902405,0.7176339285714286,1.3566351334253948,0.4997048945654006,0.9999997615814209
21,brightness/s5,0.8125,0.7404893040657043,1.087148904800415,0.7162642045454546,1.2247896004806866,1.831144706769423,0.7265625,1.2032341957092285,2.2635338306427,0.6917613636363636,1.3989761823957616,2.3991061557422984,0.8125,0.8276886343955994,0.31926512718200684,0.7219460227272727,1.3325921107422223,0.4915030869570645,1.0
22,brightness/s5,0.703125,0.9619349837303162,1.200270414352417,0.7156929347826086,1.2133611388828442,1.8037153897078142,0.71875,1.1453226804733276,2.3803772926330566,0.6929347826086957,1.3879477692686992,2.3982918573462446,0.703125,1.1191295385360718,0.4304673671722412,0.7211277173913043,1.3233111293419548,0.4888493600098983,0.9999998807907104
23,brightness/s5,0.703125,1.1531864404678345,1.3241721391677856,0.7151692708333334,1.210853859782219,1.783734420935313,0.703125,1.531919002532959,2.4518074989318848,0.693359375,1.39394657065471,2.400521675745646,0.703125,1.387434720993042,0.46701779961586,0.7203776041666666,1.3259829456607501,0.4879397116601467,0.9999995231628418
24,brightness/s5,0.7421875,0.9855248928070068,1.1209527254104614,0.71625,1.2018407011032104,1.7572231531143188,0.6640625,1.3650590181350708,2.324005603790283,0.6921875,1.3927910685539246,2.3974610328674317,0.7421875,1.2127583026885986,0.3601275682449341,0.72125,1.321453959941864,0.4828272259235382,1.0
25,brightness/s5,0.7734375,0.9257803559303284,0.9909249544143677,0.7184495192307693,1.191222995519638,1.727750145472013,0.671875,1.4005564451217651,2.2167816162109375,0.69140625,1.393089736883457,2.3905118245344896,0.7734375,1.169973611831665,0.3050915598869324,0.7232572115384616,1.3156277927068563,0.47599123876828414,1.0
26,brightness/s5,0.703125,1.1170966625213623,1.2059123516082764,0.7178819444444444,1.1884775757789612,1.7084228197733562,0.71875,1.2072713375091553,2.3426055908203125,0.6924189814814815,1.386207573943668,2.388737519582113,0.703125,1.4036449193954468,0.3651721477508545,0.7225115740740741,1.3188876862879153,0.4718868279898608,1.0
27,brightness/s5,0.671875,1.1704351902008057,1.1827521324157715,0.7162388392857143,1.1878332048654556,1.6896488666534424,0.6484375,1.481791615486145,2.4403324127197266,0.6908482142857143,1.3896212897130422,2.3905801943370273,0.671875,1.4787311553955078,0.4131549298763275,0.720703125,1.3245963816131865,0.46978926020009176,1.0
28,brightness/s5,0.78125,0.9522135853767395,1.2433350086212158,0.7184806034482759,1.1797083904003274,1.6742587336178483,0.7890625,1.058464527130127,2.2005107402801514,0.6942349137931034,1.3782020910032864,2.384026075231618,0.78125,1.0988845825195312,0.3976568281650543,0.7227909482758621,1.3168132161271984,0.4673019349575043,1.0
29,brightness/s5,0.6953125,0.9806846976280212,1.242706537246704,0.7177083333333333,1.1730742673079173,1.659873660405477,0.71875,1.2421027421951294,2.2883856296539307,0.6950520833333333,1.3736654460430144,2.3808380603790282,0.6953125,1.1140996217727661,0.4810842275619507,0.721875,1.310056096315384,0.4677613447109858,1.0
30,brightness/s5,0.796875,0.89059978723526,0.9606270790100098,0.7202620967741935,1.1639621873055734,1.6373173190701393,0.7890625,1.224822759628296,2.220506429672241,0.6980846774193549,1.3688640690618945,2.3756660722917124,0.796875,1.1020394563674927,0.31060537695884705,0.7242943548387096,1.3033458821235164,0.4626917973641426,1.0
31,brightness/s5,0.7421875,1.1145750284194946,1.0834561586380005,0.720947265625,1.1624188385903835,1.620009157806635,0.671875,1.3761794567108154,2.3553709983825684,0.697265625,1.3690926749259233,2.375031851232052,0.7421875,1.4484796524047852,0.3200257122516632,0.724853515625,1.307881312444806,0.45823348220437765,1.0
32,brightness/s5,0.765625,0.9134013056755066,1.031386375427246,0.7223011363636364,1.1548728527444783,1.6021721037951382,0.71875,1.2579131126403809,2.1720666885375977,0.6979166666666666,1.365723597280907,2.3688813917564624,0.765625,1.1075143814086914,0.37220707535743713,0.7260890151515151,1.3018095872618936,0.455626621390834,1.0
33,brightness/s5,0.78125,1.0007154941558838,1.219348669052124,0.7240349264705882,1.1503388127859902,1.590912591008579,0.65625,1.435699224472046,2.5544018745422363,0.6966911764705882,1.3677817039629991,2.374337876544279,0.78125,1.173804521560669,0.4275979697704315,0.7277113970588235,1.2980447323883282,0.4548022492843516,1.0
34,brightness/s5,0.75,1.0341724157333374,1.3898770809173584,0.7247767857142857,1.1470197728702,1.585168719291687,0.6640625,1.6008373498916626,2.4934937953948975,0.6957589285714286,1.374440436703818,2.3777423313685824,0.75,1.161109209060669,0.4652142822742462,0.7283482142857143,1.2941322888646807,0.45509973594120573,0.9999998807907104
35,brightness/s5,0.71875,1.1785651445388794,1.2616994380950928,0.724609375,1.14789603319433,1.5761834614806705,0.671875,1.4623020887374878,2.304442882537842,0.6950954861111112,1.3768810381491978,2.3757062355677285,0.71875,1.4452910423278809,0.45991891622543335,0.7280815972222222,1.2983311431275473,0.455233602060212,0.9999986886978149
36,brightness/s5,0.734375,1.0702570676803589,1.2190814018249512,0.7248733108108109,1.1457976827750336,1.5665320544629484,0.734375,1.2714420557022095,2.3345260620117188,0.6961570945945946,1.3740313359209009,2.3745932579040527,0.734375,1.2851544618606567,0.4371953010559082,0.7282516891891891,1.2979750166068207,0.45474608041144704,1.0
37,brightness/s5,0.765625,0.9511967897415161,1.0815550088882446,0.7259457236842105,1.1406766066425724,1.5537695006320351,0.6640625,1.4469358921051025,2.346782922744751,0.6953125,1.3759498768731167,2.3738614069788078,0.765625,1.1721270084381104,0.3323478698730469,0.729235197368421,1.2946632269181704,0.45152507487096283,1.0
38,brightness/s5,0.75,1.0332825183868408,1.1263513565063477,0.7265625,1.1379229120719128,1.5428100610390687,0.6640625,1.4613133668899536,2.366206169128418,0.694511217948718,1.3781386843094459,2.373665118828798,0.75,1.277480959892273,0.37665629386901855,0.7297676282051282,1.2942226559687884,0.44960536253757966,1.0
39,brightness/s5,0.6953125,1.1005663871765137,1.2218823432922363,0.72578125,1.1369889989495277,1.534786868095398,0.65625,1.5567536354064941,2.4017224311828613,0.6935546875,1.3826040580868721,2.3743665516376495,0.6953125,1.3334239721298218,0.44158515334129333,0.72890625,1.295202688872814,0.4494048573076725,0.9999998807907104
40,brightness/s5,0.6484375,1.500049114227295,1.3130452632904053,0.7238948170731707,1.1458441237124002,1.5293785362708858,0.6015625,1.8384941816329956,2.49112606048584,0.6913109756097561,1.393723329392875,2.377214344536386,0.6484375,1.9550246000289917,0.49470406770706177,0.7269435975609756,1.311295906218087,0.4505097160979015,0.9999998807907104
41,brightness/s5,0.75,1.0283808708190918,1.0032727718353271,0.7245163690476191,1.1430473795958929,1.5168522085462297,0.7109375,1.3586207628250122,2.2717525959014893,0.6917782738095238,1.3928875539984023,2.374703350521269,0.75,1.3123271465301514,0.3500119149684906,0.7274925595238095,1.3113204595588503,0.448116911309106,1.0
42,brightness/s5,0.6953125,1.1949949264526367,1.049048662185669,0.7238372093023255,1.1442554620809333,1.5059730563052864,0.6875,1.6192221641540527,2.3164894580841064,0.6916787790697675,1.3981511495834174,2.3733495390692423,0.6953125,1.5681935548782349,0.38176706433296204,0.7267441860465116,1.3172942524732545,0.4465738916119864,1.0
43,brightness/s5,0.7890625,0.9183750748634338,0.9678051471710205,0.7253196022727273,1.1391218169168993,1.493741967461326,0.734375,1.2250410318374634,2.276148557662964,0.6926491477272727,1.3942168287255547,2.3711404258554634,0.7890625,1.1309032440185547,0.36622166633605957,0.7281605113636364,1.3130580931901932,0.4447477046738971,1.0
44,brightness/s5,0.7734375,0.8966735601425171,1.049023151397705,0.7263888888888889,1.1337340778774685,1.4838593271043565,0.734375,1.17111074924469,2.214043617248535,0.6935763888888888,1.3892589158482023,2.367649385664198,0.7734375,1.0580123662948608,0.3939470648765564,0.7291666666666666,1.307390410370297,0.44361880156728956,1.0
45,brightness/s5,0.6640625,1.3465149402618408,1.206315040588379,0.7250339673913043,1.138359748798868,1.477825755658357,0.6328125,1.5751241445541382,2.407341241836548,0.6922554347826086,1.3932994642983312,2.3685122521027275,0.6640625,1.7652174234390259,0.40177106857299805,0.7277513586956522,1.317343171523965,0.4427090682413267,1.0
46,brightness/s5,0.75,1.194490909576416,1.0980554819107056,0.7255651595744681,1.1395540288154116,1.4697455370679815,0.6875,1.5273140668869019,2.476078510284424,0.692154255319149,1.3961508388214923,2.3708008958938276,0.75,1.5727219581604004,0.32698699831962585,0.7282247340425532,1.3227767627289955,0.44024689654086496,1.0
47,brightness/s5,0.7890625,0.9776901006698608,1.0717811584472656,0.7268880208333334,1.1361818636457126,1.4614546125133832,0.6953125,1.4713813066482544,2.3523688316345215,0.6922200520833334,1.3977181402345498,2.370416894555092,0.7890625,1.203290343284607,0.34927141666412354,0.7294921875,1.320287462323904,0.4383515740434329,1.0
48,brightness/s5,0.8046875,0.820780873298645,0.9646700620651245,0.7284757653061225,1.1297451087406702,1.4513161523001534,0.7265625,1.267741084098816,2.268001079559326,0.6929209183673469,1.395065547252188,2.368326775881709,0.8046875,0.9931533336639404,0.31160417199134827,0.7310267857142857,1.3136112556165578,0.43576489236890054,1.0
49,brightness/s5,0.7265625,0.9164905548095703,1.0816476345062256,0.7284375,1.1254800176620483,1.4439227819442748,0.6640625,1.460038661956787,2.3057518005371094,0.69234375,1.3963650095462798,2.367075276374817,0.7265625,1.0858445167541504,0.39073020219802856,0.7309375,1.3090559208393098,0.4348641985654831,1.0
50,brightness/s5,0.671875,1.2841013669967651,1.1811801195144653,0.727328431372549,1.1285902401980232,1.4387709650338865,0.609375,1.6129066944122314,2.4077024459838867,0.6907169117647058,1.4006109249358083,2.367871887543622,0.671875,1.6673959493637085,0.40494757890701294,0.7297794117647058,1.3160821959084155,0.4342775981800229,1.0
51,brightness/s5,0.765625,0.8282632231712341,1.0165002346038818,0.7280649038461539,1.1228147206398158,1.4306503740640788,0.7265625,1.1283085346221924,2.1776628494262695,0.69140625,1.3953743405067003,2.3642140214259806,0.765625,0.9767693877220154,0.34088706970214844,0.73046875,1.3095569495971386,0.4324816264785253,1.0
52,brightness/s5,0.6953125,1.1225566864013672,1.0480859279632568,0.7274469339622641,1.1228098520692789,1.4234321769678369,0.65625,1.4345864057540894,2.3356971740722656,0.6907429245283019,1.396114190794387,2.3636759677023256,0.6953125,1.4420452117919922,0.3871002197265625,0.7298054245283019,1.312056728129117,0.4316253735209411,1.0
53,brightness/s5,0.7890625,0.9828036427497864,0.9149473905563354,0.7285879629629629,1.1202171444892883,1.4140157920342904,0.6875,1.4280623197555542,2.260303497314453,0.6906828703703703,1.3967058228121862,2.3617616626951428,0.7890625,1.2862403392791748,0.2946716845035553,0.7309027777777778,1.311578646854118,0.4290891940946932,1.0
54,brightness/s5,0.78125,0.9918707609176636,0.9343471527099609,0.7295454545454545,1.1178835738788953,1.4052945440465754,0.71875,1.3811681270599365,2.2891016006469727,0.6911931818181818,1.3964233192530546,2.3604405706579037,0.78125,1.2905510663986206,0.31541112065315247,0.7318181818181818,1.3111963272094727,0.42702232003211976,1.0
55,brightness/s5,0.71875,1.0877474546432495,0.9356557130813599,0.7293526785714286,1.1173454288925444,1.396908136350768,0.6953125,1.39716374874115,2.3369688987731934,0.6912667410714286,1.3964365412081992,2.3600214336599623,0.71875,1.4586832523345947,0.29347723722457886,0.7315848214285714,1.3138300223009927,0.42463758641055654,1.0
56,brightness/s5,0.6484375,1.459245204925537,1.255937099456787,0.7279331140350878,1.1233436705773336,1.3944349602649087,0.6015625,1.6683214902877808,2.339420795440674,0.6896929824561403,1.40120645259556,2.3596600189543606,0.6484375,1.9079285860061646,0.48732948303222656,0.7301260964912281,1.3242528041203816,0.42573744424602444,1.0
57,brightness/s5,0.78125,0.8361855745315552,0.9245172142982483,0.7288523706896551,1.118392668921372,1.3863329301620353,0.6875,1.2133479118347168,2.299407958984375,0.6896551724137931,1.3979675122376145,2.3586211903341887,0.78125,1.0238518714904785,0.32102712988853455,0.7310075431034483,1.3190734776957282,0.4239320939984815,1.0
58,brightness/s5,0.8125,0.731382429599762,0.834479033946991,0.730270127118644,1.1118331733396498,1.3769794742939836,0.78125,1.0486476421356201,2.11318039894104,0.691207627118644,1.392046836473174,2.3544611769207453,0.8125,0.8870148062705994,0.2903544008731842,0.7323887711864406,1.3117504493664887,0.4216680653014426,1.0
59,brightness/s5,0.734375,0.9703259468078613,0.9570496082305908,0.7303385416666667,1.10947471956412,1.3699806431929271,0.71875,1.2796547412872314,2.2345035076141357,0.6916666666666667,1.3901736348867417,2.352461882432302,0.734375,1.243255376815796,0.3118497133255005,0.732421875,1.310608864823977,0.41983775943517687,1.0
60,brightness/s5,0.734375,0.9584381580352783,1.0680925846099854,0.7304047131147541,1.106998710358729,1.3650316586259936,0.7109375,1.331373929977417,2.323699474334717,0.6919825819672131,1.389209705298064,2.351990367545456,0.734375,1.155172348022461,0.3963923454284668,0.7324538934426229,1.3080607252042802,0.4194534083858865,1.0
61,brightness/s5,0.75,0.9336302876472473,0.9651219844818115,0.7307207661290323,1.1042024454762858,1.35858150259141,0.6953125,1.3460599184036255,2.321847438812256,0.6920362903225806,1.3885137409933153,2.351504191275566,0.75,1.1823792457580566,0.3088388442993164,0.7327368951612904,1.3060336045680507,0.41766930251352247,1.0
62,brightness/s5,0.7890625,0.9263827204704285,0.886446475982666,0.7316468253968254,1.1013799101587325,1.3510872958198425,0.6953125,1.3958821296691895,2.245696544647217,0.6920882936507936,1.3886306995437259,2.3498247048211476,0.7890625,1.1860672235488892,0.32290974259376526,0.7336309523809523,1.3041293762979054,0.4161651825147962,1.0
63,brightness/s5,0.7578125,0.9188402891159058,1.1139377355575562,0.7320556640625,1.0985277285799384,1.3473818339407444,0.6640625,1.5597788095474243,2.3703017234802246,0.691650390625,1.3913048887625337,2.3501446582376957,0.7578125,1.0801897048950195,0.38539057970046997,0.7340087890625,1.3006303189322352,0.41568432934582233,1.0
64,brightness/s5,0.75,0.9832562208175659,1.0613090991973877,0.7323317307692307,1.0967543207682096,1.3429807149446928,0.6796875,1.5126121044158936,2.4594979286193848,0.6914663461538462,1.3931711536187392,2.351827016243568,0.75,1.2200359106063843,0.34572428464889526,0.7342548076923077,1.2993904049579914,0.41460802096586963,1.0
65,brightness/s5,0.7890625,0.920021653175354,1.0428169965744019,0.7331912878787878,1.0940765530774088,1.3384327798178701,0.7109375,1.328286051750183,2.2684459686279297,0.6917613636363636,1.3921880460146703,2.3505636670372705,0.7890625,1.1029765605926514,0.3804444968700409,0.7350852272727273,1.2964144376191227,0.4140903918129025,1.0
66,brightness/s5,0.7890625,0.729159951210022,0.7985562682151794,0.7340251865671642,1.0886300366316268,1.3303749214357405,0.7421875,1.0687775611877441,2.200209617614746,0.6925139925373134,1.3873610238530742,2.348319576747382,0.7890625,0.8990252017974854,0.27072858810424805,0.7358908582089553,1.290483254994919,0.4119506633993405,1.0
67,brightness/s5,0.7734375,0.8996434807777405,0.8818880319595337,0.7346047794117647,1.0858508225749521,1.323779526002267,0.6953125,1.428130030632019,2.1931939125061035,0.6925551470588235,1.3879605680704117,2.346038316979128,0.7734375,1.1394211053848267,0.3231746256351471,0.7364430147058824,1.2882617527947706,0.41064513343222003,1.0
68,brightness/s5,0.703125,1.1323134899139404,1.074880599975586,0.7341485507246377,1.086524194565372,1.320172295190286,0.640625,1.4772121906280518,2.3610877990722656,0.691802536231884,1.3892540698466094,2.3462564254152602,0.703125,1.444151759147644,0.4092685580253601,0.7359601449275363,1.2905210282491602,0.41062518306400464,1.0
69,brightness/s5,0.7421875,0.9959781765937805,1.0102951526641846,0.7342633928571428,1.0852306800229208,1.3157454788684846,0.6484375,1.540966510772705,2.3098840713500977,0.6911830357142857,1.3914213904312678,2.3457368203571867,0.7421875,1.256633996963501,0.34375208616256714,0.7360491071428571,1.2900369278022221,0.4096698531082698,1.0
70,brightness/s5,0.6640625,1.4790383577346802,1.1399857997894287,0.733274647887324,1.0907772670329456,1.3132699904307512,0.6328125,1.6932555437088013,2.4126720428466797,0.6903609154929577,1.3956725756886978,2.3466795699697145,0.6640625,1.9955295324325562,0.4284769296646118,0.7350352112676056,1.2999734433603958,0.4099347415104718,1.0
71,brightness/s5,0.75,0.8396767377853394,0.8555362224578857,0.7335069444444444,1.0872897596822844,1.3069125769866838,0.7421875,1.2390497922897339,2.2195076942443848,0.6910807291666666,1.3934972592526012,2.344913293917974,0.75,1.0369713306427002,0.3506351411342621,0.7352430555555556,1.2963206362393167,0.4091111359496911,1.0
72,brightness/s5,0.734375,1.113950490951538,1.015508770942688,0.7335188356164384,1.0876549751791236,1.302920744027177,0.65625,1.3205446004867554,2.323573350906372,0.690603595890411,1.392497907762658,2.3446209659315134,0.734375,1.447069525718689,0.3547251224517822,0.7352311643835616,1.298385689519856,0.40836612206615813,1.0
73,brightness/s5,0.765625,0.9229063987731934,0.8542898893356323,0.7339527027027027,1.08542864306553,1.2968581649097237,0.6640625,1.4127449989318848,2.2760682106018066,0.6902449324324325,1.3927715171027828,2.343694577345977,0.765625,1.1974642276763916,0.30229875445365906,0.7356418918918919,1.2970218859814309,0.4069327792605838,1.0
74,brightness/s5,0.75,1.0651094913482666,1.1074466705322266,0.7341666666666666,1.085157721042633,1.2943326783180238,0.6640625,1.5001027584075928,2.433332920074463,0.6898958333333334,1.3942026003201802,2.3448897552490235,0.75,1.3132396936416626,0.41644740104675293,0.7358333333333333,1.2972381234169006,0.4070596408843994,1.0
75,brightness/s5,0.765625,0.9696240425109863,0.9487281441688538,0.7345805921052632,1.0836375410619534,1.2897852502371137,0.6875,1.4424909353256226,2.3489255905151367,0.6898643092105263,1.3948379731491993,2.34494285834463,0.765625,1.2380175590515137,0.3319125473499298,0.7362253289473685,1.2964589054647244,0.4060708633378932,1.0
76,brightness/s5,0.78125,0.8768305778503418,0.8417041897773743,0.7351866883116883,1.0809517363449195,1.2839660156856885,0.703125,1.330522894859314,2.2021617889404297,0.690036525974026,1.3940027123921876,2.3430885587419783,0.78125,1.1352659463882446,0.2775075137615204,0.736810064935065,1.2943654904117832,0.40440120944729097,1.0
77,brightness/s5,0.7578125,1.0196776390075684,0.7416267991065979,0.7354767628205128,1.0801661709944408,1.2770129488064692,0.6875,1.2110564708709717,2.1224207878112793,0.6900040064102564,1.3916572477573004,2.3402594847556872,0.7578125,1.4218807220458984,0.23675820231437683,0.7370793269230769,1.296000301073759,0.40225194012507415,1.0
78,brightness/s5,0.6875,0.7546582221984863,1.2784247398376465,0.7348694620253164,1.0760458172122134,1.2770308195790159,0.5625,1.3756213188171387,2.7154970169067383,0.6883900316455697,1.3914542613150198,2.3450093269348145,0.6875,0.7245126366615295,0.42002350091934204,0.7364517405063291,1.2887662800052497,0.40247689659082436,1.0
79,contrast/s5,0.25,4.313150882720947,5.3050408363342285,0.25,4.313150882720947,5.3050408363342285,0.3515625,3.870166063308716,5.492335319519043,0.3515625,3.870166063308716,5.492335319519043,0.25,4.262815475463867,3.041384696960449,0.25,4.262815475463867,3.041384696960449,0.9567790031433105
80,contrast/s5,0.3828125,3.406829833984375,4.257416725158691,0.31640625,3.859990358352661,4.78122878074646,0.390625,3.433297872543335,5.505556106567383,0.37109375,3.6517319679260254,5.498945713043213,0.3828125,3.7462728023529053,1.6765892505645752,0.31640625,4.004544138908386,2.358986973762512,0.9984784722328186
81,contrast/s5,0.3515625,3.325704574584961,3.760885238647461,0.328125,3.681895097096761,4.44111426671346,0.3828125,3.755955219268799,5.5265398025512695,0.375,3.6864730517069497,5.5081437428792315,0.3515625,3.8798956871032715,1.4666697978973389,0.328125,3.962994654973348,2.0615479151407876,0.9998594522476196
82,contrast/s5,0.4765625,2.874805450439453,3.3703765869140625,0.365234375,3.480122685432434,4.173429846763611,0.4140625,3.554262161254883,5.4155073165893555,0.384765625,3.653420329093933,5.484984636306763,0.4765625,3.4014782905578613,1.1148306131362915,0.365234375,3.8226155638694763,1.8248685896396637,0.9999438524246216
83,contrast/s5,0.4375,2.653587579727173,3.206566572189331,0.3796875,3.3148156642913817,3.980057191848755,0.390625,3.5629422664642334,5.458970069885254,0.3859375,3.635324716567993,5.479781723022461,0.4375,3.1193370819091797,1.0371882915496826,0.3796875,3.681959867477417,1.6673325300216675,0.9999750852584839
84,contrast/s5,0.40625,3.0613832473754883,3.2252707481384277,0.3841145833333333,3.272576928138733,3.854259451230367,0.34375,3.83465838432312,5.504413604736328,0.37890625,3.668546994527181,5.4838870366414385,0.40625,3.757315158843994,1.1077531576156616,0.3841145833333333,3.6945190827051797,1.5740693012873332,0.9999887943267822
85,contrast/s5,0.4375,2.612462282180786,2.866511344909668,0.39174107142857145,3.178274835859026,3.7131525788988387,0.453125,3.372004747390747,5.4576096534729,0.38950892857142855,3.6261838163648332,5.480133124760219,0.4375,3.1977198123931885,0.9316074848175049,0.39174107142857145,3.623547758374895,1.4822890417916434,0.9999936819076538
86,contrast/s5,0.4296875,2.7989914417266846,2.9353013038635254,0.396484375,3.1308644115924835,3.6159211695194244,0.453125,3.6494863033294678,5.465005874633789,0.3974609375,3.6290966272354126,5.478242218494415,0.4296875,3.4483864307403564,0.9844402074813843,0.396484375,3.601652592420578,1.420057937502861,0.9999949932098389
87,contrast/s5,0.453125,2.846173048019409,2.924588441848755,0.4027777777777778,3.099232037862142,3.539106422000461,0.421875,3.64326548576355,5.482112884521484,0.4001736111111111,3.63067094484965,5.478672292497423,0.453125,3.5293209552764893,0.9951162338256836,0.4027777777777778,3.5936157438490124,1.3728421926498413,0.9999955892562866
88,contrast/s5,0.421875,2.628840684890747,2.848231077194214,0.4046875,3.0521929025650025,3.4700188875198363,0.3828125,3.71452260017395,5.512655258178711,0.3984375,3.63905611038208,5.482070589065552,0.421875,3.172518014907837,1.0493206977844238,0.4046875,3.551505970954895,1.3404900431632996,0.9999980926513672
89,contrast/s5,0.4609375,2.614586591720581,2.7288122177124023,0.40980113636363635,3.012410510670055,3.4026364629918877,0.3828125,3.6565399169921875,5.515934467315674,0.39701704545454547,3.6406455473466353,5.485149123451927,0.4609375,3.2320709228515625,0.9355025291442871,0.40980113636363635,3.5224664211273193,1.3036729964342983,0.9999986886978149
90,contrast/s5,0.4453125,2.6690807342529297,2.4579920768737793,0.4127604166666667,2.983799695968628,3.3239160974820456,0.390625,3.586731433868408,5.429283142089844,0.396484375,3.636152704556783,5.480493625005086,0.4453125,3.434969186782837,0.8478970527648926,0.4127604166666667,3.515174984931946,1.2656916677951813,0.9999988079071045
91,contrast/s5,0.421875,2.9074597358703613,2.7854034900665283,0.41346153846153844,2.9779273913456845,3.282492050757775,0.375,3.7892885208129883,5.4523420333862305,0.3948317307692308,3.647932382730337,5.478328117957482,0.421875,3.6518218517303467,1.0279779434204102,0.41346153846153844,3.5256862823779764,1.2474059966894298,0.999997615814209
92,contrast/s5,0.515625,2.315477132797241,2.3672924041748047,0.42075892857142855,2.9306095157350813,3.21712064743042,0.4453125,3.429802894592285,5.449553966522217,0.3984375,3.6323517050061906,5.476272821426392,0.515625,2.892486810684204,0.8038733601570129,0.42075892857142855,3.480457748685564,1.2157250940799713,0.9999986886978149
93,contrast/s5,0.4140625,2.5919747352600098,2.4039058685302734,0.4203125,2.9080338637034098,3.1629063288370767,0.3671875,3.605922222137451,5.410881996154785,0.3963541666666667,3.630589739481608,5.471913433074951,0.4140625,3.3363609313964844,0.8321305513381958,0.4203125,3.4708512941996257,1.1901521245638529,0.9999988079071045
94,contrast/s5,0.4296875,2.8061859607696533,2.5149683952331543,0.4208984375,2.90166836977005,3.1224102079868317,0.3828125,3.7186203002929688,5.3639421463012695,0.3955078125,3.636091649532318,5.465165227651596,0.4296875,3.6161701679229736,0.9292498826980591,0.4208984375,3.479933723807335,1.1738457344472408,0.9999980926513672
95,contrast/s5,0.484375,2.202820301055908,2.0973236560821533,0.42463235294117646,2.8605596598456886,3.0621109990512623,0.4453125,3.295185089111328,5.318707466125488,0.3984375,3.6160383224487305,5.456550065208884,0.484375,2.8076722621917725,0.7634504437446594,0.42463235294117646,3.440388931947596,1.1497048349941479,0.9999986886978149
96,contrast/s5,0.5078125,2.4730565547943115,2.259765148162842,0.4292534722222222,2.839031709565057,3.0175362295574613,0.421875,3.635223150253296,5.4214396476745605,0.3997395833333333,3.6171041462156506,5.454599486456977,0.5078125,3.1959269046783447,0.7852500677108765,0.4292534722222222,3.4268077082104154,1.129457347922855,0.9999991655349731
97,contrast/s5,0.40625,2.442176103591919,2.4533276557922363,0.42804276315789475,2.818144572408576,2.9878410414645544,0.328125,3.8302903175354004,5.567901134490967,0.3959703947368421,3.6283244710219535,5.460562731090345,0.40625,3.0269086360931396,0.9220612049102783,0.42804276315789475,3.4057603886252954,1.118541761448509,0.9999996423721313
98,contrast/s5,0.515625,2.353508949279785,2.303405284881592,0.432421875,2.7949127912521363,2.9536192536354067,0.40625,3.564897060394287,5.4535040855407715,0.396484375,3.62515310049057,5.460209798812866,0.515625,2.9451823234558105,0.8566392660140991,0.432421875,3.382731485366821,1.1054466366767883,0.9999996423721313
99,contrast/s5,0.5234375,2.2967798709869385,2.330162286758423,0.4367559523809524,2.7711921760014127,2.9239308266412642,0.3828125,3.5142710208892822,5.521218776702881,0.3958333333333333,3.6198730014619374,5.4631149882362005,0.5234375,2.8566629886627197,0.8161888718605042,0.4367559523809524,3.357680604571388,1.0916724573998224,0.9999997615814209
100,contrast/s5,0.5390625,1.9935213327407837,2.1049726009368896,0.44140625,2.735843501307748,2.886705452745611,0.4921875,3.1681971549987793,5.3966546058654785,0.4002130681818182,3.5993422811681572,5.460094061764804,0.5390625,2.4693291187286377,0.7115126848220825,0.44140625,3.3173009915785356,1.0743924677371979,0.9999996423721313
101,contrast/s5,0.59375,1.7376161813735962,1.8829072713851929,0.44802989130434784,2.6924423134845235,2.843062053556028,0.5078125,3.2453582286834717,5.427533149719238,0.4048913043478261,3.5839516701905625,5.458678369936735,0.59375,2.1241250038146973,0.6565855145454407,0.44802989130434784,3.2654237747192383,1.0562269480332085,0.9999997615814209
102,contrast/s5,0.5234375,2.214812755584717,2.081429958343506,0.451171875,2.672541081905365,2.8113273829221725,0.40625,3.5219359397888184,5.467559814453125,0.4049479166666667,3.581367681423823,5.459048430124919,0.5234375,2.8039867877960205,0.7873725891113281,0.451171875,3.2461972335974374,1.04502468307813,0.9999997615814209
103,contrast/s5,0.4921875,2.416473388671875,2.2604918479919434,0.4528125,2.6622983741760256,2.7892939615249634,0.296875,3.94102144241333,5.4722137451171875,0.400625,3.5957538318634032,5.45957504272461,0.4921875,3.0502355098724365,0.8823866248130798,0.4528125,3.2383587646484373,1.0385191607475281,0.9999997615814209
104,contrast/s5,0.546875,1.9842181205749512,1.9238779544830322,0.45643028846153844,2.6362183644221377,2.756008730484889,0.453125,3.3580570220947266,5.429702281951904,0.4026442307692308,3.5866116468723,5.4584260903871975,0.546875,2.5162127017974854,0.6800991296768188,0.45643028846153844,3.210583916077247,1.0247337749371161,0.9999997615814209
105,contrast/s5,0.53125,2.3207201957702637,1.9754736423492432,0.4592013888888889,2.624533247064661,2.7271000235169023,0.4140625,3.6245944499969482,5.408124923706055,0.40306712962962965,3.5880184173583984,5.456563084213822,0.53125,3.0661396980285645,0.6865416169166565,0.4592013888888889,3.2052341302235923,1.012208139454877,0.9999998807907104
106,contrast/s5,0.453125,2.538297176361084,1.8845030069351196,0.458984375,2.6214533873966763,2.697007272924696,0.3125,3.7624220848083496,5.430663585662842,0.3998325892857143,3.594247119767325,5.455638102122715,0.453125,3.456110715866089,0.7028584480285645,0.458984375,3.2141940082822527,1.0011599361896515,0.9999997615814209
107,contrast/s5,0.5234375,2.156278133392334,1.9242663383483887,0.46120689655172414,2.6054128613965264,2.670361033801375,0.4296875,3.3286240100860596,5.104748249053955,0.40086206896551724,3.585087702192109,5.443538452016896,0.5234375,2.800879955291748,0.6839113235473633,0.46120689655172414,3.199941799558442,0.9902203288571588,0.9999994039535522
108,contrast/s5,0.5546875,1.7753759622573853,1.8159120082855225,0.46432291666666664,2.5777449647585553,2.641879399617513,0.4296875,3.278392791748047,5.375807762145996,0.40182291666666664,3.5748645385106403,5.441280762354533,0.5546875,2.2095675468444824,0.652157723903656,0.46432291666666664,3.166929324467977,0.9789515753587087,0.9999997615814209
109,contrast/s5,0.5859375,1.784216046333313,1.944126009941101,0.4682459677419355,2.5521472577125794,2.6193712257569834,0.4921875,3.176543951034546,5.318230628967285,0.40473790322580644,3.5620154873017342,5.437311403213009,0.5859375,2.1275672912597656,0.7762231230735779,0.4682459677419355,3.1334015169451312,0.97241194786564,0.9999997615814209
110,contrast/s5,0.53125,2.251338481903076,1.9633567333221436,0.47021484375,2.5427469834685326,2.598870772868395,0.421875,3.335744619369507,5.142645835876465,0.4052734375,3.554944522678852,5.428103104233742,0.53125,2.9233033657073975,0.750586748123169,0.47021484375,3.126835949718952,0.9654799103736877,0.9999994039535522
111,contrast/s5,0.5625,1.7498151063919067,1.705488681793213,0.47301136363636365,2.5187187447692407,2.571798588290359,0.4296875,3.223369836807251,5.432114601135254,0.40601325757575757,3.544896804925167,5.428224664745909,0.5625,2.216026782989502,0.6088783144950867,0.47301136363636365,3.099235671939272,0.9546738014076696,0.9999997615814209
112,contrast/s5,0.5078125,2.2208096981048584,2.08541202545166,0.47403492647058826,2.5099567139849945,2.557493101148044,0.390625,3.519979953765869,5.290696144104004,0.4055606617647059,3.5441639563616585,5.424179708256441,0.5078125,2.801037073135376,0.7986530065536499,0.47403492647058826,3.090465124915628,0.9500849545001984,0.9999995231628418
113,contrast/s5,0.515625,2.325376272201538,2.0273053646087646,0.4752232142857143,2.5046829870768956,2.542344880104065,0.3828125,3.824733257293701,5.321311950683594,0.4049107142857143,3.552180222102574,5.421240629468645,0.515625,3.029705286026001,0.7409952878952026,0.4752232142857143,3.0887291295187813,0.9441109640257699,0.9999995231628418
114,contrast/s5,0.53125,2.279691219329834,1.9237195253372192,0.4767795138888889,2.4984332157505884,2.5251608424716525,0.4140625,3.634096145629883,5.413066864013672,0.4051649305555556,3.554455664422777,5.421013580428229,0.53125,2.9838032722473145,0.7448832392692566,0.4767795138888889,3.0858145223723517,0.9385768605603112,0.9999997615814209
115,contrast/s5,0.5390625,1.9738168716430664,1.8484480381011963,0.47846283783783783,2.4842543956395744,2.506871307218397,0.390625,3.4637155532836914,5.432311058044434,0.4047719594594595,3.5520032289865853,5.421318917661099,0.5390625,2.517244338989258,0.6755591630935669,0.47846283783783783,3.0704477606592953,0.931468274142291,0.9999998807907104
116,contrast/s5,0.5234375,2.119677782058716,1.9324105978012085,0.47964638157894735,2.4746602742295516,2.491753920128471,0.375,3.7452399730682373,5.427756309509277,0.40398848684210525,3.557088406462418,5.421488322709736,0.5234375,2.7173333168029785,0.6959697604179382,0.47964638157894735,3.0611552752946554,0.9252709448337555,0.9999997615814209
117,contrast/s5,0.53125,1.9992908239364624,1.8910057544708252,0.48096955128205127,2.4624713139656262,2.476350121009044,0.453125,3.4262256622314453,5.414220809936523,0.4052483974358974,3.553732951482137,5.421301976228372,0.53125,2.5398473739624023,0.6948456764221191,0.48096955128205127,3.0477884060297256,0.9193626046180725,0.9999998807907104
118,contrast/s5,0.515625,2.1355464458465576,1.894965410232544,0.4818359375,2.4542981922626494,2.461815503239632,0.375,3.6811363697052,5.518980979919434,0.4044921875,3.556918036937714,5.423743951320648,0.515625,2.758654832839966,0.7226352691650391,0.4818359375,3.0405600666999817,0.9144444212317466,0.9999998807907104
119,contrast/s5,0.5078125,2.4391276836395264,2.067828893661499,0.48246951219512196,2.4539281798572077,2.452206073737726,0.3828125,3.78566312789917,5.413132667541504,0.40396341463414637,3.562497185497749,5.423485139521157,0.5078125,3.189708948135376,0.7729640007019043,0.48246951219512196,3.044197844295967,0.9109936792676042,0.9999997615814209
120,contrast/s5,0.5546875,1.9728715419769287,1.5633835792541504,0.4841889880952381,2.4424744503838673,2.431043633392879,0.4296875,3.31693696975708,5.233503818511963,0.40457589285714285,3.5566505136943998,5.418961774735224,0.5546875,2.6670546531677246,0.5368391275405884,0.4841889880952381,3.0352182445071993,0.9020852375598181,0.9999998807907104
121,contrast/s5,0.5390625,2.207955837249756,1.664091944694519,0.48546511627906974,2.4370205291481906,2.413207547609196,0.3515625,3.6157925128936768,5.286930084228516,0.40334302325581395,3.558025909024616,5.415891270304835,0.5390625,3.0026137828826904,0.6047015190124512,0.48546511627906974,3.034460001213606,0.895169337128484,0.9999998807907104
122,contrast/s5,0.609375,1.6916613578796387,1.629495620727539,0.48828125,2.4200805479829963,2.39539591290734,0.5,3.0489816665649414,5.299818992614746,0.4055397727272727,3.5464567216959866,5.413253263993696,0.609375,2.1083359718322754,0.6014903783798218,0.48828125,3.0134117278185757,0.8884948153387416,0.9999998807907104
123,contrast/s5,0.4921875,2.146495819091797,1.665082573890686,0.48836805555555557,2.4140008873409693,2.3791667275958592,0.46875,3.2983052730560303,5.347428798675537,0.40694444444444444,3.540942245059543,5.411790498097738,0.4921875,2.8772566318511963,0.6598542928695679,0.48836805555555557,3.0103860590193006,0.8834139148394267,0.9999998807907104
124,contrast/s5,0.5,2.4676477909088135,1.8248651027679443,0.48862092391304346,2.415167124375053,2.367116692273513,0.34375,3.6368422508239746,5.386170864105225,0.405570652173913,3.5430270277935527,5.411233549532683,0.5,3.3512728214263916,0.6792844533920288,0.48862092391304346,3.0177966408107593,0.8789763178514398,0.9999997615814209
125,contrast/s5,0.5234375,2.1918435096740723,1.710808277130127,0.48936170212765956,2.4104155581048192,2.3531526834406753,0.3984375,3.550537347793579,5.420210838317871,0.4054188829787234,3.5431868218361062,5.411424555677049,0.5234375,2.9434828758239746,0.6297370195388794,0.48936170212765956,3.01621549687487,0.8736733540575555,0.9999998807907104
126,contrast/s5,0.515625,1.9508044719696045,1.7630330324172974,0.4899088541666667,2.400840327143669,2.340858524044355,0.4140625,3.275578022003174,5.303677082061768,0.4055989583333333,3.5376116385062537,5.409179816643397,0.515625,2.5074081420898438,0.6658243536949158,0.4899088541666667,3.0056153436501822,0.8693431665500005,0.9999996423721313
127,contrast/s5,0.515625,2.430509090423584,1.4513187408447266,0.49043367346938777,2.4014458121085656,2.3227046509178315,0.4609375,3.397444009780884,5.291445732116699,0.4067283163265306,3.5347510746547153,5.406777080224485,0.515625,3.4467339515686035,0.5499275922775269,0.49043367346938777,3.014617764219946,0.8628244813607664,0.9999997615814209
128,contrast/s5,0.5078125,2.70631742477417,1.296112298965454,0.49078125,2.4075432443618774,2.302172803878784,0.4375,3.332892417907715,5.231693267822266,0.40734375,3.5307139015197753,5.403275403976441,0.5078125,4.018979549407959,0.4133147597312927,0.49078125,3.034704999923706,0.8538342869281769,0.9999991655349731
129,contrast/s5,0.34375,3.5575854778289795,1.326054573059082,0.4878982843137255,2.430093092076919,2.2830332307254566,0.296875,3.8136279582977295,5.375231742858887,0.40517769607843135,3.536261235966402,5.402725528268253,0.34375,5.325114727020264,0.4244402348995209,0.4878982843137255,3.0796149945726583,0.8454147957119287,0.9999979734420776
130,contrast/s5,0.3984375,3.218944549560547,1.1532888412475586,0.48617788461538464,2.445263312413142,2.2613073770816507,0.421875,3.417656183242798,5.321808338165283,0.4054987980769231,3.533980369567871,5.401169428458581,0.3984375,4.898253917694092,0.38170281052589417,0.48617788461538464,3.114588820017301,0.8364972575352743,0.9999946355819702
131,contrast/s5,0.2734375,4.672765731811523,0.747214674949646,0.48216391509433965,2.4872916599489607,2.2327395902489715,0.4140625,3.510603427886963,5.263336181640625,0.4056603773584906,3.533539295196533,5.3985688011601285,0.2734375,7.389883518218994,0.22896280884742737,0.48216391509433965,3.19525475771922,0.8250343434090884,0.9999715089797974
132,contrast/s5,0.125,6.160805702209473,0.6141142249107361,0.47554976851851855,2.5553196977685997,2.202765046446412,0.375,3.5851316452026367,5.244245529174805,0.4050925925925926,3.534494709085535,5.39571096279003,0.125,9.641439437866211,0.2078075259923935,0.47554976851851855,3.3146285480923123,0.8136042171606311,0.9997345805168152
133,contrast/s5,0.140625,6.815181732177734,0.3793845772743225,0.4694602272727273,2.6327717347578568,2.1696126742796467,0.3984375,3.4009318351745605,5.239513397216797,0.4049715909090909,3.5320662931962445,5.392871007052335,0.140625,10.586893081665039,0.12736639380455017,0.4694602272727273,3.4468515396118162,0.8011271658268841,0.9982808828353882
134,contrast/s5,0.03125,8.775464057922363,0.14715707302093506,0.46163504464285715,2.7424626691000804,2.133497395685741,0.4375,3.344273567199707,5.375504493713379,0.40555245535714285,3.5287128516605923,5.39256089074271,0.03125,13.638412475585938,0.047635164111852646,0.46163504464285715,3.628843699182783,0.7876719515105444,0.9899629950523376
135,contrast/s5,0.0,10.922030448913574,0.04578431695699692,0.4535361842105263,2.885963858219615,2.0968708504448856,0.3515625,3.5669727325439453,5.335599422454834,0.40460526315789475,3.529384077641002,5.391561566737661,0.0,15.75318717956543,0.012389039620757103,0.4535361842105263,3.841551479540373,0.7740704969159866,0.9220624566078186
136,contrast/s5,0.0,11.069570541381836,0.03151412308216095,0.4457165948275862,3.027060525170688,2.0612612516972524,0.3984375,3.5224759578704834,5.386615753173828,0.4044989224137931,3.529264972127717,5.391476294090008,0.0,14.487685203552246,0.01209942251443863,0.4457165948275862,4.025105509264716,0.7609330645987186,0.8298123478889465
137,contrast/s5,0.0,12.1079683303833,0.01589011214673519,0.4381620762711864,3.180974216784461,2.0265939442472436,0.4140625,3.47876238822937,5.283117294311523,0.4046610169491525,3.52840899612944,5.389639700873423,0.0,9.00523853302002,0.07075212895870209,0.4381620762711864,4.109514543565653,0.7492350826387183,0.5383007526397705
138,contrast/s5,0.0,12.642358779907227,0.01218685694038868,0.430859375,3.3386639595031737,1.9930204927921296,0.4921875,3.170661449432373,5.2512617111206055,0.4061197916666667,3.522446537017822,5.38733340104421,0.0390625,5.2520976066589355,0.9300727844238281,0.4315104166666667,4.128557594617208,0.7522490443351368,0.3739863336086273
139,contrast/s5,0.0,12.8909912109375,0.011954878456890583,0.42379610655737704,3.495259488215212,1.960544007311224,0.453125,3.3999624252319336,5.242713928222656,0.406890368852459,3.520438600759037,5.384962590014348,0.234375,3.7774856090545654,2.5520334243774414,0.42827868852459017,4.1228023161653615,0.7817537063030434,0.2722954750061035
140,contrast/s5,0.0,13.407343864440918,0.01012491062283516,0.41696068548387094,3.6551318168640137,1.929085634783992,0.4453125,3.407402276992798,5.182880401611328,0.4075100806451613,3.5186154342466787,5.381703199878816,0.3515625,3.3487205505371094,3.1837165355682373,0.4270413306451613,4.110317126397164,0.8204950422589337,0.20169903337955475
141,contrast/s5,0.0,13.487525939941406,0.009971113875508308,0.4103422619047619,3.811201564849369,1.8986234995314764,0.3984375,3.5333445072174072,5.355258941650391,0.40736607142857145,3.518849229055738,5.381283449748206,0.0390625,5.044924736022949,1.5212624073028564,0.4208829365079365,4.125152167819795,0.8316183337675673,0.32146716117858887
142,contrast/s5,0.0,13.891916275024414,0.008089575916528702,0.4039306640625,3.968712732195854,1.8690839069749927,0.4140625,3.5990488529205322,5.410783767700195,0.407470703125,3.520102348178625,5.381744392216206,0.0,7.785560607910156,0.24833784997463226,0.414306640625,4.182346049696207,0.8225045762083028,0.4338782727718353
143,contrast/s5,0.0078125,13.934277534484863,0.00805927999317646,0.39783653846153844,4.122029113769531,1.84045275886758,0.40625,3.647146463394165,5.185189723968506,0.4074519230769231,3.522056873028095,5.378720474243164,0.203125,4.175427436828613,2.636922836303711,0.4110576923076923,4.182239609498244,0.8504187032866937,0.25366708636283875
144,contrast/s5,0.0,14.201865196228027,0.007004200480878353,0.3918087121212121,4.27475390289769,1.8126732352556605,0.40625,3.434217691421509,5.169613838195801,0.4074337121212121,3.520725976337086,5.3755521918788105,0.328125,3.458054542541504,3.1976423263549805,0.40980113636363635,4.171267108483748,0.8859826975756071,0.1976127028465271
145,contrast/s5,0.0,14.43216323852539,0.006102485582232475,0.38596082089552236,4.426357027310044,1.785709492723221,0.46875,3.2258124351501465,5.153652191162109,0.4083488805970149,3.516324281692505,5.372240251569606,0.4140625,3.0549936294555664,3.2474820613861084,0.40986473880597013,4.154606310289298,0.9212289567369578,0.17191465198993683
146,contrast/s5,0.0,14.29794692993164,0.006041873246431351,0.38028492647058826,4.571527467054479,1.7595379100838566,0.4296875,3.2490131855010986,5.104101181030273,0.40866268382352944,3.5123932361602783,5.368297029944027,0.390625,2.9282755851745605,3.159637928009033,0.40958180147058826,4.136572034919963,0.9541467357262531,0.11925596743822098
147,contrast/s5,0.0,14.536088943481445,0.005855177994817495,0.3747735507246377,4.71594140149545,1.7341222183144502,0.4140625,3.5286498069763184,5.2652506828308105,0.40874094202898553,3.512628838635873,5.366803604623546,0.34375,3.441526412963867,3.486560821533203,0.4086277173913043,4.126498909964078,0.9908483891437451,0.17678262293338776
148,contrast/s5,0.0,14.742082595825195,0.005171840079128742,0.36941964285714285,4.8591719899858745,1.7094229271968029,0.4140625,3.3606057167053223,5.1505351066589355,0.4088169642857143,3.5104570797511507,5.363714054652623,0.3203125,3.2345268726348877,3.3055529594421387,0.40736607142857145,4.113756452287946,1.0239155972908651,0.16071824729442596
149,contrast/s5,0.0,14.936059951782227,0.0048817796632647514,0.3642165492957746,5.001099989447795,1.6854153054005558,0.3359375,3.6227688789367676,5.250802040100098,0.4077904929577465,3.512038936077709,5.362123744588502,0.21875,3.841287851333618,3.2236976623535156,0.4047095070422535,4.1099188663590125,1.054898443277663,0.20024876296520233
150,contrast/s5,0.0,14.911515235900879,0.004519088193774223,0.3591579861111111,5.138744645648533,1.662069524606017,0.3515625,3.446424961090088,5.221322059631348,0.4070095486111111,3.5111276308695474,5.360168165630764,0.1796875,3.890394687652588,3.005566120147705,0.4015842013888889,4.106869919432534,1.081991049900858,0.23366786539554596
151,contrast/s5,0.0,15.05985164642334,0.004063488449901342,0.3542380136986301,5.274650221001612,1.6393571131518239,0.4375,3.3203728199005127,5.228706359863281,0.4074272260273973,3.5085145512672318,5.358367318976415,0.2890625,3.4751670360565186,3.1476075649261475,0.4000428082191781,4.098216455276698,1.11028716654504,0.20511384308338165
152,contrast/s5,0.0,15.157988548278809,0.003910630010068417,0.3494510135135135,5.408208847045898,1.6172564850012596,0.4609375,3.2455039024353027,5.155361652374268,0.40815033783783783,3.504960353310044,5.3556239991574675,0.3046875,3.2097325325012207,3.278843879699707,0.39875422297297297,4.086209915779732,1.139591986993076,0.17729541659355164
153,contrast/s5,0.0,15.226306915283203,0.004086262546479702,0.34479166666666666,5.5391168212890625,1.5957475487018624,0.375,3.3888673782348633,5.1726789474487305,0.40770833333333334,3.503412446975708,5.353184731801351,0.3125,3.330030918121338,3.2942519187927246,0.39760416666666665,4.076127529144287,1.168320786083738,0.16353380680084229
154,contrast/s5,0.0,15.168412208557129,0.0038440916687250137,0.3402549342105263,5.665818076384695,1.5748014505830055,0.3828125,3.662320852279663,5.3017120361328125,0.40738075657894735,3.505503347045497,5.352507459489923,0.2109375,3.909104108810425,3.2499334812164307,0.3951480263157895,4.073929852560947,1.1957104268091683,0.22291360795497894
155,contrast/s5,0.0,15.377827644348145,0.0035266787745058537,0.335836038961039,5.791948070773831,1.5543952847153626,0.46875,3.1983323097229004,5.0578813552856445,0.4081777597402597,3.501514112794554,5.348681146448309,0.4296875,2.9414429664611816,3.220616579055786,0.3955965909090909,4.059222230663547,1.2220079093058775,0.13423870503902435
156,contrast/s5,0.0,15.153450012207031,0.003875285154208541,0.33153044871794873,5.91196732643323,1.5345168231825272,0.40625,3.287893772125244,5.126014709472656,0.4081530448717949,3.498775390478281,5.345826448538364,0.3984375,3.0343592166900635,3.3638064861297607,0.39563301282051283,4.046082961253631,1.2494668654190042,0.13220146298408508
157,contrast/s5,0.0,15.292055130004883,0.003554424736648798,0.32733386075949367,6.030702615086036,1.5151375523161237,0.4375,3.2396788597106934,5.490447044372559,0.4085245253164557,3.495495687557172,5.347657088991962,0.0,18.420682907104492,5.527326720766723e-06,0.390625,4.228039922593515,1.2336508991140387,0.8665942549705505
158,defocus_blur/s5,0.2421875,4.376569747924805,5.055643081665039,0.2421875,4.376569747924805,5.055643081665039,0.296875,3.9560649394989014,4.028019428253174,0.296875,3.9560649394989014,4.028019428253174,0.3203125,4.043501377105713,2.460695743560791,0.3203125,4.043501377105713,2.460695743560791,0.33165088295936584
159,defocus_blur/s5,0.21875,4.344939708709717,4.341779708862305,0.23046875,4.360754728317261,4.698711395263672,0.3203125,3.6574244499206543,4.05255126953125,0.30859375,3.806744694709778,4.040285348892212,0.2578125,3.934443712234497,2.3039803504943848,0.2890625,3.988972544670105,2.382338047027588,0.5647369027137756
160,defocus_blur/s5,0.0703125,4.995068073272705,4.244314193725586,0.17708333333333334,4.572192509969075,4.5472456614176435,0.1796875,4.27488374710083,4.218286514282227,0.265625,3.9627910455067954,4.099619070688884,0.1640625,5.146231174468994,2.2825803756713867,0.24739583333333334,4.374725421269734,2.349085489908854,0.7277324795722961
161,defocus_blur/s5,0.203125,4.642495155334473,4.14054012298584,0.18359375,4.589768171310425,4.445569276809692,0.3125,3.83821964263916,4.090720176696777,0.27734375,3.9316481947898865,4.097394347190857,0.28125,4.628600597381592,2.1240670680999756,0.255859375,4.438194215297699,2.2928308844566345,0.7488805055618286
162,defocus_blur/s5,0.15625,4.988081932067871,3.877835988998413,0.178125,4.669430923461914,4.332022619247437,0.234375,3.9823994636535645,4.1797895431518555,0.26875,3.941798448562622,4.113873386383057,0.1796875,5.869683265686035,1.6467978954315186,0.240625,4.724492025375366,2.1636242866516113,0.8682401180267334
163,defocus_blur/s5,0.109375,5.412675857543945,3.7790582180023193,0.16666666666666666,4.793305079142253,4.239861885706584,0.1953125,4.322684288024902,4.20436429977417,0.2565104166666667,4.0052794218063354,4.128955205281575,0.125,6.753001689910889,1.5760581493377686,0.22135416666666666,5.06257696946462,2.065696597099304,0.9040780067443848
164,defocus_blur/s5,0.21875,4.587987422943115,3.622105121612549,0.17410714285714285,4.763973985399518,4.151610919407436,0.3125,3.675499200820923,3.8402814865112305,0.26450892857142855,3.9581679616655623,4.087716102600098,0.21875,5.488489151000977,1.5222526788711548,0.22098214285714285,5.1234215668269565,1.98806175163814,0.8969658017158508
165,defocus_blur/s5,0.2421875,4.780539035797119,3.4786131381988525,0.1826171875,4.766044616699219,4.067486196756363,0.2578125,4.160522937774658,4.19096565246582,0.263671875,3.983462333679199,4.100622296333313,0.2421875,6.186352252960205,1.3902928829193115,0.2236328125,5.256287902593613,1.9133406430482864,0.9491371512413025
166,defocus_blur/s5,0.1640625,4.9723005294799805,3.5666937828063965,0.18055555555555555,4.788961940341526,4.0118425952063665,0.2890625,3.8252804279327393,4.1374311447143555,0.2664930555555556,3.965886566374037,4.104712168375651,0.1640625,6.419887542724609,1.4396017789840698,0.2170138888888889,5.385576751497057,1.8607029914855957,0.9520893692970276
167,defocus_blur/s5,0.1640625,4.92655611038208,3.544686794281006,0.17890625,4.802721357345581,3.9651270151138305,0.2578125,3.9319956302642822,4.073266506195068,0.265625,3.9624974727630615,4.101567602157592,0.1640625,6.329226970672607,1.4153697490692139,0.21171875,5.479941773414612,1.8161696672439576,0.9478620886802673
168,defocus_blur/s5,0.2109375,4.55336856842041,3.419830799102783,0.18181818181818182,4.780052921988747,3.915554631840099,0.2578125,3.8739442825317383,4.133387565612793,0.2649147727272727,3.954447182742032,4.104460326108065,0.2109375,5.837955951690674,1.4818257093429565,0.21164772727272727,5.512488516894254,1.7857747619802302,0.9625008702278137
169,defocus_blur/s5,0.3046875,4.204405307769775,2.9871666431427,0.19205729166666666,4.7320822874705,3.838188966115316,0.328125,3.475313186645508,3.8471288681030273,0.2701822916666667,3.9145193497339883,4.083016037940979,0.3046875,5.559152126312256,1.0901808738708496,0.21940104166666666,5.516377151012421,1.7278086046377819,0.9646915793418884
170,defocus_blur/s5,0.1640625,5.053011417388916,3.1909327507019043,0.18990384615384615,4.756769143618071,3.78840002646813,0.203125,4.6345343589782715,4.359995365142822,0.26502403846153844,3.9699051196758566,4.104322140033428,0.1640625,6.926135063171387,1.2772512435913086,0.21514423076923078,5.624820067332341,1.6931503460957453,0.9803573489189148
171,defocus_blur/s5,0.2578125,4.325233459472656,3.0650999546051025,0.19475446428571427,4.725945166179112,3.7367357356207713,0.3359375,3.423764228820801,3.917206048965454,0.2700892857142857,3.930895056043352,4.0909567049571445,0.2578125,5.7493896484375,1.200117826461792,0.21819196428571427,5.633717894554138,1.657933737550463,0.976923406124115
172,defocus_blur/s5,0.2109375,4.804957389831543,3.1548397541046143,0.19583333333333333,4.731212647755941,3.6979426701863605,0.2734375,3.8747313022613525,4.2044677734375,0.2703125,3.9271508057912192,4.098524109522502,0.2109375,6.505584239959717,1.2646737098693848,0.21770833333333334,5.691842317581177,1.6317164023717246,0.9796851277351379
173,defocus_blur/s5,0.1640625,5.015565872192383,3.196014642715454,0.19384765625,4.748984724283218,3.666572168469429,0.2578125,3.9883134365081787,4.233144760131836,0.26953125,3.930973470211029,4.106937900185585,0.171875,6.832829475402832,1.2181172370910645,0.21484375,5.76315401494503,1.6058664545416832,0.975770115852356
174,defocus_blur/s5,0.1640625,5.044438362121582,2.8418047428131104,0.19209558823529413,4.766364350038416,3.618056437548469,0.234375,3.967000961303711,4.185178756713867,0.26746323529411764,3.9330927343929516,4.111540303510778,0.1640625,7.009668350219727,1.1343848705291748,0.21185661764705882,5.836478387608247,1.578132243717418,0.9738302826881409
175,defocus_blur/s5,0.140625,5.195857524871826,2.7341971397399902,0.1892361111111111,4.790225081973606,3.5689531432257757,0.2578125,4.0638108253479,4.068869590759277,0.2669270833333333,3.9403548505571155,4.109169708357917,0.1484375,7.217169761657715,1.0514687299728394,0.20833333333333334,5.913183463944329,1.548873159620497,0.964238166809082
176,defocus_blur/s5,0.1796875,5.014399528503418,2.6079940795898438,0.18873355263157895,4.802023737054122,3.518376350402832,0.25,3.8320064544677734,4.1846160888671875,0.2660361842105263,3.934652303394518,4.113140570489984,0.1875,7.033302307128906,0.9002441763877869,0.20723684210526316,5.972137087269833,1.5147347920819332,0.9650284051895142
177,defocus_blur/s5,0.09375,6.345633506774902,2.018385410308838,0.183984375,4.879204225540161,3.4433768033981322,0.1796875,4.396291255950928,4.402385234832764,0.26171875,3.957734251022339,4.127602803707123,0.1015625,9.224470138549805,0.660611629486084,0.201953125,6.134753739833831,1.472028633952141,0.9489904642105103
178,defocus_blur/s5,0.0625,6.959648609161377,1.3439478874206543,0.17819940476190477,4.9782730057126,3.343403997875395,0.3203125,3.854942798614502,4.097517967224121,0.26450892857142855,3.952839419955299,4.126170192446027,0.078125,8.73846435546875,0.5449205040931702,0.19605654761904762,6.258739959625971,1.4278806277683802,0.8320218920707703
179,defocus_blur/s5,0.0234375,7.6655473709106445,0.7678127884864807,0.17116477272727273,5.100421840494329,3.2263316701758993,0.3203125,3.494720935821533,3.823025941848755,0.26704545454545453,3.9320158524946733,4.11239090832797,0.296875,3.5131845474243164,2.3038687705993652,0.20063920454545456,6.133941986344078,1.4676982706243342,0.3259785771369934
180,defocus_blur/s5,0.0078125,8.747605323791504,0.4035440683364868,0.1640625,5.258995035420293,3.1036017744437507,0.3046875,3.700502395629883,3.980131149291992,0.2686820652173913,3.921950050022291,4.106640484022058,0.3203125,3.9267499446868896,2.127436876296997,0.20584239130434784,6.037977114967678,1.4963825578274934,0.06420692056417465
181,defocus_blur/s5,0.0,9.667195320129395,0.3075515627861023,0.1572265625,5.442670047283173,2.987099682291349,0.2265625,4.120826244354248,4.097916603088379,0.2669270833333333,3.930236558119456,4.106276988983154,0.234375,4.595251560211182,2.1928300857543945,0.20703125,5.977863550186157,1.5254012048244476,0.0175546333193779
182,defocus_blur/s5,0.0,9.910602569580078,0.24910253286361694,0.1509375,5.621387348175049,2.8775797963142393,0.2890625,4.054953098297119,4.118379592895508,0.2678125,3.9352252197265627,4.1067610931396485,0.2890625,4.528018474578857,2.103806972503662,0.2103125,5.919869747161865,1.5485374355316162,0.007871927693486214
183,defocus_blur/s5,0.0,10.129426956176758,0.23934470117092133,0.14513221153846154,5.7947734869443455,2.7761092157318044,0.25,3.8362367153167725,3.9112956523895264,0.26712740384615385,3.9314179695569553,4.099243191572336,0.25,4.306173324584961,1.9750524759292603,0.21183894230769232,5.857804500139677,1.5649418601622949,0.0037020768504589796
184,defocus_blur/s5,0.0,10.409616470336914,0.22105953097343445,0.13975694444444445,5.965693597440366,2.6814777459259385,0.28125,3.655094861984253,3.9436094760894775,0.26765046296296297,3.921183780387596,4.093478979887785,0.28125,4.041599750518799,1.8999545574188232,0.2144097222222222,5.790537657561125,1.5773497378384624,0.0028259486425668
185,defocus_blur/s5,0.0,10.711251258850098,0.18620771169662476,0.134765625,6.1351777996335715,2.5923609589891776,0.28125,3.7423877716064453,3.985499858856201,0.2681361607142857,3.914798208645412,4.0896225827080865,0.28125,4.134035110473633,2.0116138458251953,0.216796875,5.731376852308001,1.5928591702665602,0.0024420854169875383
186,defocus_blur/s5,0.0,10.916552543640137,0.15427011251449585,0.13011853448275862,6.300052790806212,2.508288860834878,0.2890625,3.931530714035034,4.112952709197998,0.26885775862068967,3.915375191589882,4.090427069828428,0.2890625,4.3578643798828125,2.1041312217712402,0.2192887931034483,5.684014353258856,1.6104892410081009,0.002762558637186885
187,defocus_blur/s5,0.0,11.047507286071777,0.13656732439994812,0.12578125,6.45830127398173,2.4292314762870473,0.3359375,3.5085959434509277,3.827993154525757,0.27109375,3.901815883318583,4.081679272651672,0.3359375,3.8726000785827637,1.8453549146652222,0.22317708333333333,5.62363387743632,1.6183180967966715,0.0019615073688328266
188,defocus_blur/s5,0.0,11.242142677307129,0.11502599716186523,0.12172379032258064,6.61261873860513,2.3545796866378477,0.34375,3.3811702728271484,4.097719192504883,0.2734375,3.885020863625311,4.082196689421131,0.34375,3.5257296562194824,2.142108917236328,0.22706653225806453,5.555959547719648,1.6352145748753701,0.0025173272006213665
189,defocus_blur/s5,0.0,11.675708770751953,0.08936958760023117,0.117919921875,6.770840302109718,2.283791871042922,0.3359375,3.637150526046753,3.926213264465332,0.275390625,3.877274915575981,4.077322207391262,0.3359375,4.018088340759277,1.914391040802002,0.23046875,5.507901072502136,1.6439388394355774,0.0020244333427399397
190,defocus_blur/s5,0.0078125,11.66433334350586,0.0814690813422203,0.11458333333333333,6.9191279700308135,2.2170548168095676,0.3828125,3.4781746864318848,3.592478036880493,0.2786458333333333,3.8651809692382812,4.062629959800026,0.3828125,3.9484808444976807,1.645264983177185,0.23508522727272727,5.460645914077759,1.6439790256095654,0.0009041369776241481
191,defocus_blur/s5,0.0,12.109175682067871,0.06903010606765747,0.11121323529411764,7.071776432149551,2.1538776194348053,0.328125,3.807494878768921,4.132204055786133,0.28010110294117646,3.8634843195185944,4.064676256740794,0.328125,4.1703338623046875,2.1002612113952637,0.2378216911764706,5.422695559613845,1.65739908989738,0.001978062093257904
192,defocus_blur/s5,0.0,12.276153564453125,0.06535236537456512,0.10803571428571429,7.220472921643938,2.0942054693187986,0.2265625,4.2138543128967285,4.249569416046143,0.2785714285714286,3.8734948907579696,4.069958918435233,0.2265625,4.708682060241699,2.223846912384033,0.2375,5.402295173917498,1.6735833133969988,0.0034946566447615623
193,defocus_blur/s5,0.0,12.37525749206543,0.0509025976061821,0.10503472222222222,7.363661381933424,2.0374470562156706,0.3203125,3.6798555850982666,3.865057945251465,0.2797309027777778,3.868116021156311,4.0642672247356835,0.3203125,4.103893280029297,1.8946967124938965,0.2398003472222222,5.366228454642826,1.6797253522608016,0.002436336362734437
194,defocus_blur/s5,0.0,12.612649917602539,0.04453140124678612,0.10219594594594594,7.505525936951509,1.9835844709462411,0.2734375,3.8188743591308594,3.9591174125671387,0.2795608108108108,3.8667851654258936,4.061425337920317,0.2734375,4.28452205657959,1.906628131866455,0.24070945945945946,5.336993146587062,1.6858578598177112,0.0020908196456730366
195,defocus_blur/s5,0.0,12.63269329071045,0.04335960000753403,0.09950657894736842,7.640451393629375,1.932525921711012,0.1953125,4.275280952453613,4.196746826171875,0.27734375,3.877535054558202,4.064986429716411,0.1953125,4.827883720397949,2.173593282699585,0.23951480263157895,5.323595530108402,1.6986930025251288,0.0036227332893759012
196,defocus_blur/s5,0.0,13.002864837646484,0.03516540676355362,0.09695512820512821,7.777949174245198,1.8838756520969746,0.28125,3.8459861278533936,4.0859856605529785,0.27744391025641024,3.876726107719617,4.065524871532734,0.28125,4.234459400177002,2.0992636680603027,0.2405849358974359,5.295668962674263,1.708964045231159,0.0038710732478648424
197,defocus_blur/s5,0.0,13.07943344116211,0.029055576771497726,0.09453125,7.910486280918121,1.8375051502138375,0.21875,4.134291172027588,4.253042221069336,0.2759765625,3.883165234327316,4.070212805271149,0.21875,4.58344030380249,2.2324328422546387,0.2400390625,5.277863246202469,1.7220507651567458,0.005029518622905016
198,defocus_blur/s5,0.0,13.232372283935547,0.024196363985538483,0.09222560975609756,8.040288378552694,1.7932781066472938,0.25,4.173760414123535,4.165922164916992,0.27534298780487804,3.8902529216394193,4.072547179896657,0.25,4.687414169311523,2.1614649295806885,0.24028201219512196,5.2634620492051285,1.7327681838012323,0.004610845353454351
199,defocus_blur/s5,0.0,13.306557655334473,0.02249554544687271,0.0900297619047619,8.165675742285591,1.7511166170949028,0.3125,3.684394598007202,3.9743309020996094,0.27622767857142855,3.885351532981509,4.0702086970919655,0.3125,4.05910062789917,1.9757153987884521,0.24200148809523808,5.234786777269273,1.738552641300928,0.0032150123734027147
200,defocus_blur/s5,0.0,13.536983489990234,0.018574807792901993,0.08793604651162791,8.290589875953142,1.7108249471111352,0.2578125,4.048158645629883,4.059194564819336,0.2757994186046512,3.8891377449035645,4.069952554480974,0.2578125,4.546586990356445,2.0953941345214844,0.24236918604651161,5.218782131061998,1.7468512806781502,0.003106358228251338
201,defocus_blur/s5,0.0,13.622894287109375,0.01856456696987152,0.0859375,8.411778612570329,1.6723644839261065,0.3203125,3.8165507316589355,3.574415683746338,0.27681107954545453,3.8874880400570957,4.058690352873369,0.3203125,4.470544338226318,1.6039154529571533,0.244140625,5.201776726679369,1.7436027391390367,0.0013656170340254903
202,defocus_blur/s5,0.0,13.706418991088867,0.015089832246303558,0.08402777777777778,8.529437287648518,1.635536158333222,0.359375,3.646003007888794,3.668760061264038,0.2786458333333333,3.882121706008911,4.0500252352820505,0.359375,4.157145023345947,1.713675618171692,0.2467013888888889,5.1785626888275145,1.742937692006429,0.0010204064892604947
203,defocus_blur/s5,0.0,13.734109878540039,0.014850787818431854,0.08220108695652174,8.642582343972247,1.600303867669857,0.2578125,4.223136901855469,4.064991474151611,0.2781929347826087,3.8895350798316626,4.050350588300954,0.2578125,4.812908172607422,2.085728406906128,0.2469429347826087,5.170613677605338,1.750389664069466,0.001750674215145409
204,defocus_blur/s5,0.0,13.994281768798828,0.011706004850566387,0.08045212765957446,8.756448289181323,1.566503913141787,0.21875,4.095058917999268,4.129186630249023,0.2769281914893617,3.8939079274522497,4.052027950895593,0.21875,4.598338603973389,2.1132493019104004,0.24634308510638298,5.158437612208914,1.7581100818958688,0.0026811999268829823
205,defocus_blur/s5,0.015625,13.763729095458984,0.012308573350310326,0.0791015625,8.860766639312109,1.5341248435627979,0.3125,3.5432472229003906,3.910590648651123,0.2776692708333333,3.8866024961074195,4.049081340432167,0.3125,3.885500431060791,1.8839774131774902,0.24772135416666666,5.131918087601662,1.760732317964236,0.002150795655325055
206,defocus_blur/s5,0.0,13.943998336791992,0.011692271567881107,0.07748724489795919,8.964506061709656,1.5030547910731058,0.234375,4.228415489196777,4.261066436767578,0.2767857142857143,3.89357827147659,4.053407566887992,0.234375,4.734616756439209,2.1840310096740723,0.24744897959183673,5.1238098971697745,1.7693710667746407,0.003673114348202944
207,defocus_blur/s5,0.0,13.996132850646973,0.011770958080887794,0.0759375,9.065138597488403,1.4732291144132614,0.2421875,4.190036296844482,3.867995500564575,0.27609375,3.8995074319839476,4.049699325561523,0.2421875,4.896598815917969,1.7976235151290894,0.24734375,5.119265675544739,1.7699361157417297,0.0021214887965470552
208,defocus_blur/s5,0.0,14.449446678161621,0.009261352010071278,0.0744485294117647,9.170713265736898,1.4445238641700615,0.234375,4.254679203033447,4.1515398025512695,0.27527573529411764,3.9064715843574676,4.0516961976593615,0.234375,4.814476013183594,2.1887760162353516,0.24708946078431374,5.113289407655304,1.778148662810232,0.003071228042244911
209,defocus_blur/s5,0.0,14.386224746704102,0.009095842018723488,0.07301682692307693,9.271011563447805,1.4169194791286897,0.2734375,3.5509350299835205,3.963118553161621,0.27524038461538464,3.8996343429271993,4.049992781419021,0.2734375,3.8536055088043213,1.993713140487671,0.24759615384615385,5.089064717292786,1.7822941335347982,0.0025720042176544666
210,defocus_blur/s5,0.0078125,14.52750301361084,0.007682363968342543,0.07178655660377359,9.370190647413146,1.3903300995973624,0.2109375,4.262226104736328,4.037546157836914,0.2740271226415094,3.906475696923598,4.049757939464641,0.2109375,4.89296817779541,2.036930561065674,0.24690448113207547,5.085364782585288,1.7870985944316071,0.002744887489825487
211,defocus_blur/s5,0.0,14.438849449157715,0.0090025020763278,0.07045717592592593,9.464054699297305,1.3647499589025285,0.2421875,4.134201526641846,3.9687275886535645,0.2734375,3.91069284191838,4.048257377412584,0.2421875,4.721277713775635,2.0347867012023926,0.24681712962962962,5.078622429459183,1.7916854112236589,0.0025777085684239864
212,defocus_blur/s5,0.0,14.506366729736328,0.007515910547226667,0.06917613636363637,9.555733099850741,1.3400729762051593,0.2265625,4.205254077911377,4.074801445007324,0.27258522727272727,3.9160485007546164,4.0487399968233975,0.2265625,4.776113510131836,2.1214113235473633,0.24644886363636365,5.0731222672895955,1.7976804278113625,0.0029232732485979795
213,defocus_blur/s5,0.0,14.805134773254395,0.006038879044353962,0.06794084821428571,9.649472415447235,1.3162509387558592,0.296875,3.9286587238311768,4.071506977081299,0.2730189732142857,3.916273683309555,4.0491465500422885,0.296875,4.382018566131592,2.0226988792419434,0.24734933035714285,5.060781129768917,1.8016986144440514,0.0027852857019752264
214,defocus_blur/s5,0.0,14.855159759521484,0.006136731244623661,0.06674890350877193,9.740800263588888,1.2932664789749604,0.1953125,4.259960174560547,4.276156425476074,0.27165570175438597,3.922303270875362,4.053129179435864,0.1953125,4.73661994934082,2.344839334487915,0.24643640350877194,5.055094091515792,1.8112273990062244,0.004398805554956198
215,defocus_blur/s5,0.0,14.661164283752441,0.005888218060135841,0.06559806034482758,9.825634126005502,1.2710703020626357,0.2734375,3.7211291790008545,4.145812511444092,0.2716864224137931,3.9188347520499396,4.054727167918764,0.2734375,4.000470161437988,2.1957688331604004,0.2469019396551724,5.036910920307554,1.8178574237330207,0.005106187891215086
216,defocus_blur/s5,0.0,14.93248176574707,0.00585629977285862,0.06448622881355932,9.912190865662138,1.2496259969390802,0.28125,3.723055362701416,4.0146918296813965,0.2718485169491525,3.915516457315219,4.054048602863894,0.28125,4.091803550720215,2.0196104049682617,0.24748411016949154,5.0208921513314975,1.8212769657878551,0.003754047676920891
217,defocus_blur/s5,0.0,14.965559005737305,0.004846853204071522,0.06341145833333334,9.996413667996725,1.22887967787683,0.2890625,3.7475478649139404,4.10275936126709,0.2721354166666667,3.912716980775197,4.05486044883728,0.2890625,4.076784610748291,2.1165449619293213,0.24817708333333333,5.005157025655111,1.8261980990568796,0.0036232653073966503
218,defocus_blur/s5,0.0,14.791837692260742,0.005514956079423428,0.0623719262295082,10.075027176591217,1.2088245185031021,0.25,3.9419355392456055,4.101689338684082,0.27177254098360654,3.9131959735370074,4.055628135556081,0.25,4.355236053466797,2.160703659057617,0.24820696721311475,4.994502583488089,1.8316817967618098,0.0038650392089039087
219,defocus_blur/s5,0.0,14.829131126403809,0.005791752599179745,0.061365927419354836,10.151706272555936,1.189420764214329,0.2890625,3.752357244491577,3.970099925994873,0.27205141129032256,3.9106018004878873,4.0542486483050935,0.2890625,4.160133361816406,1.9910008907318115,0.24886592741935484,4.98104501539661,1.8342514595677775,0.002797632711008191
220,defocus_blur/s5,0.0,14.876214027404785,0.00524680782109499,0.06039186507936508,10.226698459140838,1.1706243522080875,0.2890625,3.8773510456085205,3.9357805252075195,0.27232142857142855,3.9100740107278975,4.052368201906719,0.2890625,4.3678297996521,1.9386708736419678,0.24950396825396826,4.971311440543523,1.8359089105848283,0.002485408913344145
221,defocus_blur/s5,0.0,15.104793548583984,0.004879421554505825,0.0594482421875,10.302918694913387,1.1524095876666252,0.21875,4.2165374755859375,4.182478904724121,0.271484375,3.9148625023663044,4.054401181638241,0.21875,4.726674556732178,2.2546491622924805,0.2490234375,4.967488989233971,1.8424517270177603,0.0032831248827278614
222,defocus_blur/s5,0.0,15.007478713989258,0.006257182918488979,0.058533653846153846,10.375296541360708,1.134776473747423,0.28125,3.864459753036499,3.999613046646118,0.27163461538461536,3.914087075453538,4.053558287253747,0.28125,4.320218563079834,1.9845386743545532,0.24951923076923077,4.957530982677753,1.844637680053711,0.0026124599389731884
223,defocus_blur/s5,0.0,15.055437088012695,0.004888422321528196,0.057646780303030304,10.446207761764526,1.1176569578167277,0.28125,4.0751051902771,3.8422746658325195,0.27178030303030304,3.9165267438599556,4.050357020262516,0.28125,4.711925506591797,1.8651820421218872,0.25,4.953809687585542,1.8449489582668652,0.0017892145551741123
224,defocus_blur/s5,0.0,14.892733573913574,0.0046602049842476845,0.05678638059701493,10.512573818662274,1.101045065983407,0.2578125,3.534916639328003,3.995985269546509,0.271571828358209,3.9108310706579865,4.049545501595113,0.2578125,3.825284719467163,1.9864754676818848,0.2501166044776119,4.936966031344969,1.8470612942282834,0.002257242565974593
225,defocus_blur/s5,0.0,15.195164680480957,0.003919461276382208,0.055951286764705885,10.581435448983136,1.0849108659141862,0.2734375,3.7705185413360596,4.032138824462891,0.27159926470588236,3.9087676511091343,4.049289521049051,0.2734375,4.1725616455078125,1.9577536582946777,0.25045955882352944,4.925724790376775,1.8486891231116127,0.0024548103101551533
226,defocus_blur/s5,0.0,15.105957984924316,0.004243344068527222,0.05514039855072464,10.647008239359096,1.0692490177714955,0.234375,4.088217735290527,4.257042407989502,0.2710597826086957,3.911368376966836,4.052300432453984,0.234375,4.504384517669678,2.263744354248047,0.2502264492753623,4.919618409612904,1.8547044163164885,0.004184556193649769
227,defocus_blur/s5,0.0,15.05363941192627,0.00426821131259203,0.05435267857142857,10.709960113252912,1.054035006250654,0.3203125,3.910139322280884,3.8072750568389893,0.27176339285714285,3.9113508190427506,4.048800069945199,0.3203125,4.48684024810791,1.817795991897583,0.2512276785714286,4.913435864448547,1.8541771531105042,0.0020649945363402367
228,defocus_blur/s5,0.0,15.162211418151855,0.004149682819843292,0.053587147887323945,10.772667878110644,1.039247889019234,0.28125,3.9131710529327393,3.9623618125915527,0.2718970070422535,3.911376456139793,4.0475826297007815,0.28125,4.410160541534424,1.9627608060836792,0.25165052816901406,4.906347479618771,1.8557065003354785,0.0021022651344537735
229,defocus_blur/s5,0.0,15.307352066040039,0.006009514909237623,0.05284288194444445,10.835649602942997,1.0248973560454842,0.3125,3.615849494934082,3.8362209796905518,0.2724609375,3.9072719150119357,4.044647051228417,0.3125,4.024689197540283,1.859663486480713,0.2524956597222222,4.8941022257010145,1.8557614584763844,0.001689669443294406
230,defocus_blur/s5,0.0078125,15.265669822692871,0.004240892827510834,0.052226027397260275,10.896334811432721,1.0109157606589365,0.2734375,3.9711973667144775,3.866243839263916,0.2724743150684932,3.908147606131149,4.042203171612465,0.2734375,4.5281758308410645,1.9582821130752563,0.2527825342465753,4.889089535360467,1.857165851005136,0.001545801991596818
231,defocus_blur/s5,0.0078125,15.161773681640625,0.0036079916171729565,0.05162584459459459,10.953975877246341,0.9973034935097236,0.3203125,3.7105824947357178,3.9584405422210693,0.27312077702702703,3.905477807328508,4.041071244188257,0.3203125,4.096438884735107,1.997812271118164,0.25369510135135137,4.878378040081746,1.8590664783039608,0.0017026171553879976
232,defocus_blur/s5,0.0,15.340712547302246,0.003200839040800929,0.0509375,11.012465699513752,0.9840487914501379,0.28125,3.7560906410217285,3.9457433223724365,0.2732291666666667,3.9034859784444174,4.039800205230713,0.28125,4.185290336608887,1.9145174026489258,0.2540625,4.869136870702108,1.8598058239618938,0.0019830376841127872
233,defocus_blur/s5,0.0,15.281538963317871,0.0042119561694562435,0.050267269736842105,11.068637716142755,0.9711562015122341,0.2578125,4.128323078155518,4.009678840637207,0.2730263157894737,3.9064443613353528,4.039403871486061,0.2578125,4.726212024688721,1.9297124147415161,0.25411184210526316,4.867256280622985,1.8607256475247835,0.0022127218544483185
234,defocus_blur/s5,0.0,15.259517669677734,0.0034153470769524574,0.04961444805194805,11.123064728526327,0.9585881384676201,0.265625,3.8187003135681152,3.91691255569458,0.2729301948051948,3.9053048282474667,4.037813075177081,0.265625,4.290424823760986,1.908573031425476,0.25426136363636365,4.8597649630014,1.8613470421208964,0.0021263568196445704
235,defocus_blur/s5,0.0,15.387991905212402,0.003728915471583605,0.048978365384615384,11.177743282073584,0.9463463535574146,0.2109375,3.956206798553467,3.9855756759643555,0.2721354166666667,3.905957417610364,4.037143364930764,0.2109375,4.469867706298828,1.9293828010559082,0.25370592948717946,4.854766280223162,1.862219295440576,0.0022363150492310524
236,defocus_blur/s5,0.0,15.222085952758789,0.0038838121108710766,0.04835838607594937,11.228937493094914,0.9344164479694836,0.25,4.153182029724121,4.497392654418945,0.27185522151898733,3.9090868430801584,4.042969305304032,0.25,4.2801408767700195,3.0760467052459717,0.2536590189873418,4.847492540938945,1.8775841993621634,0.12955205142498016
237,elastic_transform/s5,0.25,4.027056694030762,4.141536712646484,0.25,4.027056694030762,4.141536712646484,0.3359375,3.5522942543029785,3.108851432800293,0.3359375,3.5522942543029785,3.108851432800293,0.3203125,3.946075439453125,1.4279758930206299,0.3203125,3.946075439453125,1.4279758930206299,0.42937472462654114
238,elastic_transform/s5,0.1640625,4.632714748382568,3.7989542484283447,0.20703125,4.329885721206665,3.9702454805374146,0.296875,3.7522284984588623,3.223665237426758,0.31640625,3.6522613763809204,3.1662583351135254,0.328125,4.421472072601318,1.567521333694458,0.32421875,4.183773756027222,1.497748613357544,0.4034269452095032
239,elastic_transform/s5,0.15625,5.044656753540039,3.4281742572784424,0.19010416666666666,4.568142731984456,3.789555072784424,0.265625,3.9084932804107666,3.355879545211792,0.2994791666666667,3.7376720110575357,3.2294654051462808,0.265625,4.902956962585449,1.4151530265808105,0.3046875,4.423501491546631,1.4702167510986328,0.4401816129684448
240,elastic_transform/s5,0.1796875,5.269265174865723,2.9788691997528076,0.1875,4.743423342704773,3.5868836045265198,0.34375,3.8835601806640625,3.2309863567352295,0.310546875,3.7741440534591675,3.229845643043518,0.3046875,4.8251190185546875,1.3223659992218018,0.3046875,4.523905873298645,1.433254063129425,0.41334080696105957
241,elastic_transform/s5,0.1328125,5.781666278839111,2.3329811096191406,0.1765625,4.951071929931641,3.336103105545044,0.34375,3.4120073318481445,3.147496223449707,0.3171875,3.7017167091369627,3.213375759124756,0.3125,3.95393443107605,1.386933445930481,0.30625,4.409911584854126,1.4239899396896363,0.18660256266593933
242,elastic_transform/s5,0.046875,6.948573112487793,1.7499507665634155,0.15494791666666666,5.283988793690999,3.071744382381439,0.265625,4.180668354034424,3.3861305713653564,0.30859375,3.7815419832865396,3.2421682278315225,0.265625,5.002882480621338,1.444557547569275,0.2994791666666667,4.508740067481995,1.4274178743362427,0.10338875651359558
243,elastic_transform/s5,0.0078125,7.693840026855469,1.0061029195785522,0.13392857142857142,5.628253255571638,2.7766527448381697,0.390625,3.4876983165740967,3.2193222045898438,0.3203125,3.7395643166133334,3.2389045102255687,0.3828125,4.1618804931640625,1.2620058059692383,0.31138392857142855,4.45918869972229,1.403787578855242,0.01954733394086361
244,elastic_transform/s5,0.0078125,8.565817832946777,0.6645407676696777,0.1181640625,5.99544882774353,2.512638747692108,0.328125,3.5851967334747314,3.2752792835235596,0.3212890625,3.7202683687210083,3.2434513568878174,0.328125,4.2963128089904785,1.2720284461975098,0.3134765625,4.438829213380814,1.3873176872730255,0.005603528581559658
245,elastic_transform/s5,0.0390625,8.79924201965332,0.5128309726715088,0.109375,6.3069814046223955,2.2904378838009305,0.3359375,3.540121555328369,3.14493989944458,0.3229166666666667,3.700252056121826,3.2325056393941245,0.3359375,4.28218412399292,1.211971640586853,0.3159722222222222,4.421424203448826,1.367834793196784,0.002409408101812005
246,elastic_transform/s5,0.0,9.799890518188477,0.31629854440689087,0.0984375,6.656272315979004,2.0930239498615264,0.375,3.2667288780212402,3.114598512649536,0.328125,3.6568997383117674,3.2207149267196655,0.375,3.887700080871582,1.1968579292297363,0.321875,4.368051791191101,1.3507371068000793,0.0007705791504122317
247,elastic_transform/s5,0.0078125,9.886107444763184,0.3174061179161072,0.09019886363636363,6.9498936913230205,1.9316041469573975,0.3515625,3.3310434818267822,3.3020129203796387,0.3302556818181818,3.627276442267678,3.228105653416027,0.3515625,3.9027230739593506,1.3022973537445068,0.32457386363636365,4.325749180533669,1.3463334928859363,0.0007332097738981247
248,elastic_transform/s5,0.0,10.348183631896973,0.2326602041721344,0.08268229166666667,7.233084519704183,1.7900254850586255,0.328125,3.324885368347168,3.197112560272217,0.330078125,3.6020771861076355,3.2255228956540427,0.328125,3.9413931369781494,1.2348628044128418,0.3248697916666667,4.293719510237376,1.3370442688465118,0.0004791581304743886
249,elastic_transform/s5,0.0,10.643799781799316,0.18605688214302063,0.07632211538461539,7.495447232173039,1.6666432848343482,0.296875,3.983567714691162,3.2610886096954346,0.32752403846153844,3.6314226113832913,3.228258719811073,0.296875,4.8951849937438965,1.307201862335205,0.32271634615384615,4.339986085891724,1.334748699114873,0.000528440868947655
250,elastic_transform/s5,0.0,10.713964462280273,0.18071508407592773,0.07087053571428571,7.725341320037842,1.5605055562087469,0.4140625,3.332318067550659,2.889835834503174,0.33370535714285715,3.610058001109532,3.204085656574794,0.4140625,4.118694305419922,0.9409439563751221,0.32924107142857145,4.324179530143738,1.3066197889191764,0.00020818260964006186
251,elastic_transform/s5,0.0,11.072876930236816,0.14866741001605988,0.06614583333333333,7.948510360717774,1.4663830131292344,0.2890625,3.9275527000427246,3.1793978214263916,0.3307291666666667,3.6312243143717446,3.202439800898234,0.2890625,4.85765266418457,1.2240469455718994,0.3265625,4.35974440574646,1.3011149326960245,0.00028234266210347414
252,elastic_transform/s5,0.0,11.382622718811035,0.12964975833892822,0.06201171875,8.163142383098602,1.3828371847048402,0.265625,4.033459186553955,3.2892730236053467,0.32666015625,3.656363993883133,3.2078668773174286,0.265625,4.966009616851807,1.2883756160736084,0.32275390625,4.397635981440544,1.3003187254071236,0.00038794943247921765
253,elastic_transform/s5,0.0078125,11.28908634185791,0.1139281839132309,0.058823529411764705,8.347021439496208,1.308195478775922,0.390625,3.262636184692383,3.0854921340942383,0.3304227941176471,3.6332035345189713,3.200668363010182,0.390625,3.9084959030151367,1.123636245727539,0.32674632352941174,4.368863035650814,1.289925638367148,0.0002714264555834234
254,elastic_transform/s5,0.0,11.650355339050293,0.09100261330604553,0.05555555555555555,8.530539989471436,1.2405736529164844,0.328125,3.74050235748291,3.195960521697998,0.3302951388888889,3.63916458023919,3.2004068162706165,0.328125,4.5726494789123535,1.2039127349853516,0.3268229166666667,4.3801845047209,1.285147143734826,0.00027591947582550347
255,elastic_transform/s5,0.0,11.830413818359375,0.08313028514385223,0.05263157894736842,8.704217559412905,1.1796555809284512,0.3125,3.496807336807251,3.2920827865600586,0.3293585526315789,3.6316720937427722,3.205231867338482,0.3125,4.152785778045654,1.3145564794540405,0.3260690789473684,4.3682161506853605,1.2866950035095215,0.00039045195444487035
256,elastic_transform/s5,0.0,11.94366455078125,0.07246710360050201,0.05,8.866189908981323,1.1242961570620538,0.3515625,3.588305711746216,3.061319351196289,0.33046875,3.629503774642944,3.198036241531372,0.3515625,4.407572269439697,1.1182469129562378,0.32734375,4.370183956623078,1.2782725989818573,0.0003165352682117373
257,elastic_transform/s5,0.0,12.181604385375977,0.06181267276406288,0.047619047619047616,9.02406678880964,1.073701705428816,0.328125,3.604633092880249,3.0982556343078613,0.33035714285714285,3.6283194564637684,3.1932847840445384,0.328125,4.413816928863525,1.1459213495254517,0.3273809523809524,4.372261717205956,1.2719701585315524,0.0002565929025877267
258,elastic_transform/s5,0.0,12.338302612304688,0.05641469359397888,0.045454545454545456,9.17471387169578,1.0274613867090507,0.3203125,3.7304794788360596,3.0771431922912598,0.3299005681818182,3.632963093844327,3.1880056207830254,0.3203125,4.617890357971191,1.1197640895843506,0.3270596590909091,4.383426655422557,1.265051700852134,0.0002512787759769708
259,elastic_transform/s5,0.0,12.357892036437988,0.051447223871946335,0.043478260869565216,9.313112922336744,0.9850259883248288,0.3515625,3.427342414855957,3.2458434104919434,0.33084239130434784,3.6240230643230937,3.190520307292109,0.3515625,4.078364849090576,1.25325345993042,0.328125,4.370163098625515,1.2645387338555378,0.0002993899106513709
260,elastic_transform/s5,0.0,12.631741523742676,0.04319088160991669,0.041666666666666664,9.45138911406199,0.9457828588783741,0.390625,3.514585494995117,3.2582249641418457,0.3333333333333333,3.6194631656010947,3.193341334660848,0.390625,4.216864109039307,1.209852933883667,0.3307291666666667,4.3637756407260895,1.2622601588567097,0.00030343563412316144
261,elastic_transform/s5,0.0,12.636098861694336,0.04183293133974075,0.04,9.578777503967284,0.9096248617768288,0.2890625,3.4526424407958984,3.1452455520629883,0.3315625,3.612790336608887,3.1914175033569334,0.2890625,4.172560691833496,1.1509851217269897,0.3290625,4.356127042770385,1.257809157371521,0.0003151480632368475
262,elastic_transform/s5,0.0,12.764965057373047,0.03710590675473213,0.038461538461538464,9.701323179098276,0.8760664404298251,0.328125,3.402764081954956,3.128509044647217,0.33143028846153844,3.6047124037375817,3.1889979472527137,0.328125,4.116429328918457,1.0987045764923096,0.3290264423076923,4.346907899929927,1.2516897504146283,0.00031001822208054364
263,elastic_transform/s5,0.0,12.870545387268066,0.03422700613737106,0.037037037037037035,9.818701779400861,0.8448872021226971,0.3671875,3.6999082565307617,3.1708219051361084,0.33275462962962965,3.608238176063255,3.1883247605076543,0.3671875,4.5218706130981445,1.1995195150375366,0.3304398148148148,4.353388000417639,1.249757519474736,0.00029672219534404576
264,elastic_transform/s5,0.0,13.052155494689941,0.030023938044905663,0.03571428571428571,9.934182269232613,0.8157849426913474,0.359375,3.569017171859741,3.207808256149292,0.33370535714285715,3.6068374259131297,3.1890205996377126,0.359375,4.315593719482422,1.1922004222869873,0.3314732142857143,4.352038204669952,1.2477019088608878,0.00029679518775083125
265,elastic_transform/s5,0.0,13.138400077819824,0.028629017993807793,0.034482758620689655,10.044672538494241,0.7886416349431564,0.3828125,3.5267159938812256,2.9860925674438477,0.3353987068965517,3.6040746179120293,3.1820230812862,0.3828125,4.331048488616943,1.1260862350463867,0.3332435344827586,4.351314421357779,1.2435082649362499,0.0002505773154553026
266,elastic_transform/s5,0.0,13.213974952697754,0.02422342635691166,0.03333333333333333,10.150315952301025,0.7631610279902816,0.34375,3.527268648147583,3.1047675609588623,0.33567708333333335,3.6015144189198813,3.179447897275289,0.34375,4.294336795806885,1.1546597480773926,0.33359375,4.34941516717275,1.2405466477076212,0.00023663954925723374
267,elastic_transform/s5,0.0,13.345847129821777,0.02323141321539879,0.03225806451612903,10.253397603188791,0.7392923307394789,0.34375,3.348649024963379,3.2258663177490234,0.3359375,3.593357470727736,3.1809452656776673,0.34375,3.962747812271118,1.2575922012329102,0.33392137096774194,4.336942026692052,1.2410965042729531,0.0002545963507145643
268,elastic_transform/s5,0.0078125,13.230328559875488,0.02273126319050789,0.031494140625,10.34642669558525,0.7168997973785736,0.296875,3.9981162548065186,3.098076343536377,0.334716796875,3.606006182730198,3.178355611860752,0.296875,4.992888450622559,1.1944561004638672,0.332763671875,4.35744035243988,1.2396389916539192,0.00027077304548583925
269,elastic_transform/s5,0.0,13.39140510559082,0.021657776087522507,0.030539772727272728,10.438698768615723,0.6958318573394509,0.3671875,3.662277936935425,3.097313404083252,0.33570075757575757,3.6077113874030835,3.175899787382646,0.3671875,4.491815567016602,1.186692714691162,0.3338068181818182,4.361512328639175,1.238034559018684,0.00024388585006818175
270,elastic_transform/s5,0.0,13.479098320007324,0.02061866782605648,0.029641544117647058,10.528122284833122,0.6759726458831745,0.3125,3.8194515705108643,3.096766471862793,0.3350183823529412,3.61393903984743,3.17357233692618,0.3125,4.743274211883545,1.1416537761688232,0.33318014705882354,4.372740619322833,1.2351998301113354,0.0002925446897279471
271,elastic_transform/s5,0.0,13.528152465820312,0.019873300567269325,0.028794642857142855,10.613837432861327,0.65722695030272,0.34375,3.7751080989837646,3.1066856384277344,0.3352678571428571,3.6185438701084682,3.1716612883976527,0.34375,4.658846855163574,1.1764111518859863,0.33348214285714284,4.380915083203997,1.233520153590611,0.00028296030359342694
272,elastic_transform/s5,0.0078125,13.563044548034668,0.018810804933309555,0.028211805555555556,10.695759852727255,0.6394931684869031,0.390625,3.5302867889404297,3.0302367210388184,0.3368055555555556,3.6160922845204673,3.1677328281932406,0.390625,4.34099817276001,1.0720617771148682,0.3350694444444444,4.379806280136108,1.229035198688507,0.0002479970862623304
273,elastic_transform/s5,0.0078125,13.569988250732422,0.017818555235862732,0.02766047297297297,10.773441701321989,0.6226911519125506,0.328125,3.5543906688690186,3.1048378944396973,0.33657094594594594,3.6144246732866443,3.166032965118821,0.328125,4.324415683746338,1.1955044269561768,0.33488175675675674,4.378309236990439,1.2281289616146602,0.00027883396251127124
274,elastic_transform/s5,0.0,13.737191200256348,0.017003856599330902,0.026932565789473683,10.851435109188682,0.6067520125622028,0.2265625,4.208327293395996,3.300778388977051,0.33367598684210525,3.6300536896053113,3.169578897325616,0.2265625,5.230508804321289,1.2868726253509521,0.33203125,4.400735541393883,1.2296748475024575,0.00048486661398783326
275,elastic_transform/s5,0.0,13.902583122253418,0.015263997949659824,0.02624198717948718,10.92966967362624,0.5915856532131633,0.3203125,3.8363139629364014,2.9693989753723145,0.3333333333333333,3.6353424145625186,3.164446078813993,0.3203125,4.805746078491211,1.115677833557129,0.3317307692307692,4.411120426960481,1.2267518471448848,0.0003534085990395397
276,elastic_transform/s5,0.0,13.793954849243164,0.014676090329885483,0.0255859375,11.001276803016662,0.5771629141410812,0.3515625,3.7266929149627686,3.13789701461792,0.3337890625,3.637626177072525,3.163782352209091,0.3515625,4.568267822265625,1.2113003730773926,0.3322265625,4.415049111843109,1.2263655602931975,0.0003169725532643497
277,elastic_transform/s5,0.0,13.966320991516113,0.013905977830290794,0.02496189024390244,11.073594953955674,0.5634249400847205,0.3125,4.28757381439209,3.239896774291992,0.3332698170731707,3.6534785584705634,3.1656388015281864,0.3125,5.374489784240723,1.2549494504928589,0.3317454268292683,4.438450103852807,1.2270627283468478,0.0003842230362351984
278,elastic_transform/s5,0.0,13.918465614318848,0.01403655856847763,0.024367559523809524,11.141329969678607,0.5503442643343338,0.3828125,3.2945501804351807,3.031170129776001,0.33444940476190477,3.644932644707816,3.1624371664864674,0.3828125,3.976389169692993,1.098658800125122,0.33296130952380953,4.4274486530394785,1.2240054919606163,0.00024176882288884372
279,elastic_transform/s5,0.0,13.906539916992188,0.013608365319669247,0.023800872093023256,11.205637177755666,0.5378620341246905,0.2578125,4.25718355178833,3.334026575088501,0.3326671511627907,3.6591710378957347,3.1664276178493056,0.2578125,5.295678615570068,1.285898208618164,0.3312136627906977,4.447640047516933,1.2254448574642802,0.00042016044608317316
280,elastic_transform/s5,0.0,13.942665100097656,0.013194026425480843,0.02325994318181818,11.267842357808894,0.5259377612224356,0.3515625,3.6089842319488525,3.008857250213623,0.3330965909090909,3.658030428669669,3.1628464731303128,0.3515625,4.449520587921143,1.1196837425231934,0.33167613636363635,4.4476827870715745,1.2230411957610736,0.00032857456244528294
281,elastic_transform/s5,0.0,14.10883903503418,0.013674866408109665,0.022743055555555555,11.330975617302789,0.5145541413376729,0.375,3.37707781791687,3.1680808067321777,0.33402777777777776,3.651787037319607,3.162962791654799,0.375,4.037468433380127,1.202483892440796,0.3326388888888889,4.438566912545098,1.2225843667984009,0.0002954637457150966
282,elastic_transform/s5,0.0,14.128922462463379,0.011997517198324203,0.022248641304347828,11.391800548719322,0.5036289973346435,0.3125,3.795445203781128,3.2570085525512695,0.3335597826086957,3.654910040938336,3.1650072647177656,0.3125,4.613034725189209,1.3076767921447754,0.33220108695652173,4.442359691080839,1.2244342021320178,0.0003708176373038441
283,elastic_transform/s5,0.0078125,14.106860160827637,0.01144835539162159,0.021941489361702128,11.449567774508862,0.49315706878266435,0.3203125,4.000717639923096,3.168605327606201,0.3332779255319149,3.662267649427373,3.1650838192473065,0.3203125,4.956855773925781,1.263056755065918,0.33194813829787234,4.453306416247753,1.2252559585774199,0.0003086922224611044
284,elastic_transform/s5,0.0078125,13.93787956237793,0.011072524823248386,0.021647135416666668,11.5014076034228,0.4831136407835099,0.34375,3.5882132053375244,3.1073102951049805,0.33349609375,3.660724848508835,3.1638802041610083,0.34375,4.373211860656738,1.1893503665924072,0.3321940104166667,4.45163777967294,1.2245079254110653,0.0002705655642785132
285,elastic_transform/s5,0.0,14.1369047164917,0.011992497369647026,0.021205357142857144,11.555193258791554,0.47349892357098206,0.3359375,3.834501266479492,3.204155683517456,0.3335459183673469,3.66427130601844,3.164702152719303,0.3359375,4.713196754455566,1.2141070365905762,0.3322704081632653,4.45697571793381,1.2242956623739125,0.000287911418126896
286,elastic_transform/s5,0.0078125,14.091607093811035,0.011122464202344418,0.0209375,11.605921535491943,0.4642513943836093,0.296875,4.0158586502075195,3.051565408706665,0.3328125,3.6713030529022217,3.1624394178390505,0.296875,5.047481536865234,1.1434903144836426,0.3315625,4.468785834312439,1.2226795554161072,0.00027421588310971856
287,elastic_transform/s5,0.0,14.333270072937012,0.009821878746151924,0.020526960784313725,11.659398957794787,0.4553410117240513,0.2890625,3.8276658058166504,3.193441390991211,0.3319546568627451,3.6743689892338773,3.163047299665563,0.2890625,4.6979875564575195,1.2392001152038574,0.3307291666666667,4.473279985727048,1.223003487960965,0.0002986188046634197
288,elastic_transform/s5,0.0,14.234284400939941,0.010962896049022675,0.02013221153846154,11.708915985547579,0.4467952787303008,0.375,3.5759410858154297,3.159237861633301,0.3327824519230769,3.6724761449373684,3.162974041241866,0.375,4.3346848487854,1.2118217945098877,0.33158052884615385,4.470614694632017,1.2227884553945982,0.00029922439716756344
289,elastic_transform/s5,0.0,14.260372161865234,0.011442024260759354,0.019752358490566037,11.75705666811961,0.4385810663818188,0.2890625,3.824120044708252,3.2602672576904297,0.3319575471698113,3.675337350593423,3.164809762306933,0.2890625,4.669368743896484,1.2562756538391113,0.33077830188679247,4.474364771033233,1.2234202893275135,0.00028633628971874714
290,elastic_transform/s5,0.0,14.2533540725708,0.010934417136013508,0.019386574074074073,11.80328439783167,0.430661683988378,0.3203125,4.157819747924805,3.330864906311035,0.33174189814814814,3.684272209803263,3.167884857566268,0.3203125,5.134353160858154,1.3291620016098022,0.33058449074074076,4.486586778252213,1.2253784691845928,0.00041110769961960614
291,elastic_transform/s5,0.0,14.411842346191406,0.009936390444636345,0.01903409090909091,11.850712724165483,0.42301213319667363,0.328125,3.7074434757232666,3.0499329566955566,0.33167613636363635,3.6846935055472634,3.1657402775504373,0.328125,4.574751853942871,1.1762655973434448,0.33053977272727275,4.4881897796284065,1.2244855078783903,0.0003162749344483018
292,elastic_transform/s5,0.0,14.320269584655762,0.010121619328856468,0.018694196428571428,11.894811953817095,0.41563908830617685,0.3203125,3.5671803951263428,3.2415828704833984,0.3314732142857143,3.68259505714689,3.1670946095670973,0.3203125,4.270839214324951,1.3169257640838623,0.33035714285714285,4.484308519533703,1.2261362267392022,0.00036689930129796267
293,elastic_transform/s5,0.0,14.442703247070312,0.009662561118602753,0.01836622807017544,11.939511801067152,0.4085166930923598,0.2578125,4.333328723907471,3.222352981567383,0.3301809210526316,3.6940114372654964,3.1680640546899093,0.2578125,5.457857608795166,1.2317171096801758,0.32908442982456143,4.501388328117237,1.2262341369662368,0.0004246612952556461
294,elastic_transform/s5,0.0,14.614059448242188,0.008932050317525864,0.01804956896551724,11.985624691535687,0.4016273026996902,0.3828125,3.5013427734375,3.1400504112243652,0.3310883620689655,3.6906895637512207,3.167581060837055,0.3828125,4.2350687980651855,1.1960959434509277,0.33001077586206895,4.496796612081857,1.2257145129401108,0.0003530757094267756
295,elastic_transform/s5,0.0,14.424178123474121,0.009099878370761871,0.01774364406779661,12.026956105636337,0.3949742955076745,0.40625,3.3821797370910645,2.912113904953003,0.3323622881355932,3.6854605836383367,3.16325110904241,0.40625,4.165771007537842,1.0053341388702393,0.3313029661016949,4.491186008615009,1.2219792523626554,0.00018265304970555007
296,elastic_transform/s5,0.0,14.456595420837402,0.009338409639894962,0.017447916666666667,12.067450094223023,0.3885470307432115,0.3671875,3.400508403778076,3.026829481124878,0.33294270833333334,3.6807113806406657,3.1609774152437846,0.3671875,4.133136749267578,1.1171444654464722,0.3319010416666667,4.485218520959219,1.2202320059140523,0.00019694263755809516
297,elastic_transform/s5,0.0,14.394695281982422,0.008800623007118702,0.01716188524590164,12.105601654678095,0.38232167979671816,0.3046875,3.9965434074401855,3.120826482772827,0.3324795081967213,3.685888954850494,3.160319203236064,0.3046875,4.992310523986816,1.1748816967010498,0.33145491803278687,4.493531504615408,1.2194885582220358,0.00027735900948755443
298,elastic_transform/s5,0.0,14.362127304077148,0.00954503659158945,0.01688508064516129,12.141997229668402,0.37630915329340964,0.3203125,3.711423873901367,3.1078083515167236,0.33228326612903225,3.6863008083835727,3.1594722540147844,0.3203125,4.5569257736206055,1.2059502601623535,0.33127520161290325,4.494553992825169,1.219270198575912,0.00032241037115454674
299,elastic_transform/s5,0.0,14.558066368103027,0.008727788925170898,0.016617063492063492,12.180347533453078,0.3704745284621678,0.28125,3.9287145137786865,2.9591803550720215,0.3314732142857143,3.6901486449771457,3.1562930175236295,0.28125,4.962553977966309,1.0599623918533325,0.3304811507936508,4.5019825640178865,1.216741503231109,0.00021522073075175285
300,elastic_transform/s5,0.0,14.485467910766602,0.008884355425834656,0.016357421875,12.216365039348602,0.36482468200847507,0.3515625,3.5832080841064453,3.0753610134124756,0.331787109375,3.688477698713541,3.1550284549593925,0.3515625,4.388359546661377,1.148863673210144,0.330810546875,4.500207204371691,1.2156809121370316,0.00020963467250112444
301,elastic_transform/s5,0.0,14.47802734375,0.008889124728739262,0.01610576923076923,12.2511598440317,0.3593487503580176,0.328125,3.985090494155884,3.246633291244507,0.3317307692307692,3.693040972489577,3.15643776013301,0.328125,4.911835670471191,1.2722899913787842,0.33076923076923076,4.506539950003991,1.2165518210484432,0.00028102268697693944
302,elastic_transform/s5,0.0,14.478342056274414,0.00835847482085228,0.015861742424242424,12.284905029065682,0.35403071588018176,0.3359375,3.8463339805603027,3.235851287841797,0.33179450757575757,3.695363593823982,3.1576409954013247,0.3359375,4.7007622718811035,1.2843098640441895,0.3308475378787879,4.509482712456674,1.2175784580635303,0.0003142428759019822
303,elastic_transform/s5,0.0,14.501590728759766,0.008748196065425873,0.015625,12.317989890255145,0.3488772454351854,0.40625,3.2465128898620605,2.959998607635498,0.33290578358208955,3.688664329585744,3.15469110901676,0.40625,3.928731918334961,1.0953073501586914,0.331972947761194,4.50081479015635,1.2157535161545028,0.0002254475257359445
304,elastic_transform/s5,0.0,14.493471145629883,0.008142968639731407,0.015395220588235295,12.349982261657715,0.343866447247017,0.2734375,3.9841787815093994,3.210566997528076,0.33203125,3.6930101303493275,3.1555128132595733,0.2734375,4.9186692237854,1.2781412601470947,0.3311121323529412,4.506959708297954,1.2166709829779232,0.0003197567129973322
305,elastic_transform/s5,0.0,14.557914733886719,0.007714681793004274,0.015172101449275362,12.381981282994367,0.33899468253029214,0.3359375,3.9332005977630615,2.9936776161193848,0.3320878623188406,3.6964911516161933,3.153167375619861,0.3359375,4.950348854064941,1.0968796014785767,0.3311820652173913,4.513385637946751,1.2149348759996719,0.0002595516561996192
306,elastic_transform/s5,0.0,14.632508277893066,0.007873503491282463,0.014955357142857144,12.414131668635777,0.334264379972592,0.3125,4.044325828552246,3.074611186981201,0.3318080357142857,3.7014602184295655,3.152045144353594,0.3125,5.057393550872803,1.2285373210906982,0.33091517857142855,4.52115717955998,1.2151291966438293,0.00026246646302752197
307,elastic_transform/s5,0.0,14.733381271362305,0.007328004110604525,0.014744718309859154,12.446797155998123,0.329659642284395,0.3046875,3.8869454860687256,3.1981148719787598,0.3314260563380282,3.7040726869878635,3.1526940137567654,0.3046875,4.790730953216553,1.2318098545074463,0.3305457746478873,4.524953993273453,1.2153641354869789,0.000346687767887488
308,elastic_transform/s5,0.0,14.552712440490723,0.0074843475595116615,0.014539930555555556,12.476045979393852,0.32518498541321605,0.3671875,3.6581714153289795,2.991008758544922,0.3319227430555556,3.7034351693259344,3.1504483852121563,0.3671875,4.5565104484558105,1.0338094234466553,0.3310546875,4.525392277373208,1.2128425422641966,0.00028162082890048623
309,elastic_transform/s5,0.0,14.631122589111328,0.008086012676358223,0.014340753424657534,12.505567576787243,0.3208411638688755,0.34375,3.5677475929260254,3.100442409515381,0.3320847602739726,3.701576435402648,3.149763371846447,0.34375,4.355798721313477,1.1535332202911377,0.331228595890411,4.523069077975129,1.2120300857988122,0.00024841169943101704
310,elastic_transform/s5,0.0,14.539602279663086,0.007702436298131943,0.014146959459459459,12.533054532231512,0.3166095594422439,0.2890625,3.6357669830322266,3.1893415451049805,0.3315033783783784,3.7006871184787236,3.1502982120256164,0.2890625,4.404160022735596,1.2662098407745361,0.33065878378378377,4.521462198850271,1.2127622446498356,0.00031537647009827197
311,elastic_transform/s5,0.0,14.57820987701416,0.007782347034662962,0.013958333333333333,12.560323270161946,0.31249186327680945,0.3125,3.740320920944214,3.2995522022247314,0.33125,3.7012155691782636,3.1522882652282713,0.3125,4.5224080085754395,1.302580714225769,0.3304166666666667,4.521474809646606,1.2139598242441814,0.0003754985227715224
312,elastic_transform/s5,0.0,14.731112480163574,0.007250020280480385,0.013774671052631578,12.58888628608302,0.3084755232373841,0.3125,3.815328359603882,3.2317376136779785,0.33100328947368424,3.702717053262811,3.1533336513920833,0.3125,4.641408920288086,1.3169647455215454,0.3301809210526316,4.523052890049784,1.2153151521557255,0.0003451232041697949
313,elastic_transform/s5,0.0,14.590596199035645,0.008145761676132679,0.01359577922077922,12.614882518718769,0.3045751367236016,0.265625,3.892728090286255,2.914383888244629,0.3301542207792208,3.70518472906831,3.1502304077148438,0.265625,4.92483377456665,1.0516904592514038,0.3293425324675325,4.528270823614938,1.213190156143981,0.0002082677819998935
314,elastic_transform/s5,0.0,14.636977195739746,0.0069076791405677795,0.013421474358974358,12.640806809449808,0.30075888726740885,0.28125,3.7455828189849854,3.208390235900879,0.3295272435897436,3.7057026532980113,3.1509760465377417,0.28125,4.589789390563965,1.1788270473480225,0.32872596153846156,4.529059523191208,1.21274960346711,0.0002794719475787133
315,elastic_transform/s5,0.0,14.518869400024414,0.008210278116166592,0.013251582278481012,12.664579753634296,0.2970557403161273,0.375,3.667640209197998,3.404445171356201,0.33010284810126583,3.7052208502081374,3.1541845164721525,0.375,4.353160858154297,1.396794319152832,0.3293117088607595,4.526832957810994,1.2150792834124988,0.005277314689010382
316,fog/s5,0.296875,3.951322555541992,5.455500602722168,0.296875,3.951322555541992,5.455500602722168,0.4765625,3.084959030151367,5.317890167236328,0.4765625,3.084959030151367,5.317890167236328,0.4140625,3.2202303409576416,2.830307960510254,0.4140625,3.2202303409576416,2.830307960510254,0.8121492862701416
317,fog/s5,0.34375,3.619321584701538,4.459563732147217,0.3203125,3.785322070121765,4.957532167434692,0.5,2.9809279441833496,5.372793197631836,0.48828125,3.0329434871673584,5.345341682434082,0.34375,4.033682823181152,1.455244541168213,0.37890625,3.626956582069397,2.1427762508392334,0.9793527722358704
318,fog/s5,0.296875,3.6724672317504883,3.5158023834228516,0.3125,3.747703790664673,4.476955572764079,0.4921875,3.1417317390441895,5.2684431076049805,0.4895833333333333,3.0692062377929688,5.319708824157715,0.3046875,4.764565467834473,0.9235895872116089,0.3541666666666667,4.006159543991089,1.736380696296692,0.9963072538375854
319,fog/s5,0.2421875,4.397675037384033,2.729567527770996,0.294921875,3.910196602344513,4.040108561515808,0.4765625,3.1226866245269775,5.305660724639893,0.486328125,3.082576334476471,5.316196799278259,0.2421875,6.394069194793701,0.6221939325332642,0.326171875,4.603136956691742,1.457834005355835,0.99822598695755
320,fog/s5,0.1640625,4.825829029083252,1.8912291526794434,0.26875,4.09332308769226,3.6103326797485353,0.546875,3.0314834117889404,5.2946319580078125,0.4984375,3.072357749938965,5.31188383102417,0.1640625,7.484329700469971,0.36159223318099976,0.29375,5.179375505447387,1.238585650920868,0.9976916313171387
321,fog/s5,0.1171875,5.6331257820129395,1.4923009872436523,0.24348958333333334,4.3499568700790405,3.257327397664388,0.4453125,3.161299467086792,5.296323776245117,0.4895833333333333,3.0871813694636026,5.309290488560994,0.1171875,8.98328685760498,0.23844563961029053,0.2643229166666667,5.813360730806987,1.0718956490357716,0.995335042476654
322,fog/s5,0.03125,6.997529029846191,0.8311554193496704,0.21316964285714285,4.728181464331491,2.9107314007622853,0.5234375,2.968750476837158,5.355010986328125,0.49441964285714285,3.0702626705169678,5.315821988242013,0.03125,11.204655647277832,0.06644195318222046,0.23102678571428573,6.58354571887425,0.9282594067709786,0.9724830985069275
323,fog/s5,0.0,8.225641250610352,0.6020063161849976,0.1865234375,5.165363937616348,2.6221407651901245,0.46875,3.0383336544036865,5.192957878112793,0.4912109375,3.0662715435028076,5.300463974475861,0.0,10.474991798400879,0.03433534875512123,0.2021484375,7.069976478815079,0.8165188995189965,0.792660117149353
324,fog/s5,0.0,8.590497016906738,0.5162827968597412,0.1657986111111111,5.545934279759725,2.3881565464867487,0.5,3.0379042625427246,5.274125099182129,0.4921875,3.0631196233961315,5.297537432776557,0.0234375,9.173545837402344,0.09088452160358429,0.18229166666666666,7.303706407546997,0.7358928575283952,0.6749275326728821
325,fog/s5,0.0,9.255833625793457,0.41213691234588623,0.14921875,5.916924214363098,2.1905545830726623,0.546875,3.0194661617279053,5.359614849090576,0.49765625,3.0587542772293093,5.303745174407959,0.0,8.785552024841309,0.11038191616535187,0.1640625,7.451890969276429,0.6733417633920908,0.6210179328918457
326,fog/s5,0.0,9.441781997680664,0.3488525152206421,0.1356534090909091,6.237365831028331,2.0231271223588423,0.546875,2.8604791164398193,5.262691497802734,0.5021306818181818,3.0407292626120825,5.300013021989302,0.0,7.9373321533203125,0.18000829219818115,0.14914772727272727,7.49602198600769,0.6284932660108263,0.5538848638534546
327,fog/s5,0.0078125,10.007192611694336,0.279291570186615,0.125,6.551518062750499,1.8778074930111568,0.5546875,2.9448812007904053,5.370232582092285,0.5065104166666666,3.032741924126943,5.305864651997884,0.0078125,8.565299987792969,0.1261185258626938,0.13736979166666666,7.585128486156464,0.5866287043318152,0.5683801770210266
328,fog/s5,0.0,10.233504295349121,0.22246778011322021,0.11538461538461539,6.834747772950393,1.7504736689420848,0.4453125,3.2628016471862793,5.29069709777832,0.5018028846153846,3.0504388259007382,5.304697917057918,0.0,9.805797576904297,0.061458077281713486,0.1268028846153846,7.755949185444758,0.5462309637894998,0.6014484763145447
329,fog/s5,0.0,10.59263801574707,0.1866176724433899,0.10714285714285714,7.1031685045787265,1.6387696691921778,0.5546875,2.743586301803589,5.259772300720215,0.5055803571428571,3.028520788465227,5.301488944462368,0.0,6.804325580596924,0.45756596326828003,0.11774553571428571,7.687976070812771,0.5398977494665554,0.46429914236068726
330,fog/s5,0.0,10.871742248535156,0.1562882512807846,0.1,7.354406754175822,1.5399375746647517,0.5234375,2.8010153770446777,5.266141891479492,0.5067708333333333,3.0133537610371905,5.2991324742635095,0.0078125,6.1643829345703125,0.7222701907157898,0.11041666666666666,7.586403195063273,0.5520559122165044,0.41443079710006714
331,fog/s5,0.0,11.298779487609863,0.13092967867851257,0.09375,7.6009300500154495,1.4518745811656117,0.4609375,3.1937313079833984,5.309223175048828,0.50390625,3.0246273577213287,5.2997631430625916,0.0,9.474453926086426,0.09545083343982697,0.103515625,7.70440636575222,0.5235180947929621,0.5376331806182861
332,fog/s5,0.0,11.36064338684082,0.11264541745185852,0.08823529411764706,7.822089658064001,1.3730963950648027,0.5390625,2.7222211360931396,5.214260101318359,0.5059742647058824,3.006838756449082,5.2947335523717545,0.0,6.784373760223389,0.4551663398742676,0.0974264705882353,7.650286800721112,0.5194974033271565,0.42200106382369995
333,fog/s5,0.0,11.60999584197998,0.0948481559753418,0.08333333333333333,8.032528890503777,1.3020826040042772,0.4453125,3.1400725841522217,5.255858421325684,0.5026041666666666,3.0142406357659235,5.292573822869195,0.0,8.007052421569824,0.24912101030349731,0.0920138888888889,7.670107112990485,0.5044764926036199,0.44982653856277466
334,fog/s5,0.0,11.731915473937988,0.08751769363880157,0.07894736842105263,8.22723344752663,1.2381581350376731,0.4921875,3.023723602294922,5.251399040222168,0.5020559210526315,3.0147397392674495,5.290406729045667,0.0,7.875796318054199,0.26883798837661743,0.08717105263157894,7.6809328606254175,0.4920744660653566,0.4529303014278412
335,fog/s5,0.0,11.923009872436523,0.07520253956317902,0.075,8.412022268772125,1.1800103552639485,0.5546875,2.960705280303955,5.301323413848877,0.5046875,3.012038016319275,5.290952563285828,0.0,8.726171493530273,0.15212295949459076,0.0828125,7.733194792270661,0.4750768907368183,0.4823741912841797
336,fog/s5,0.0,12.110319137573242,0.06503763049840927,0.07142857142857142,8.58813164347694,1.126916415989399,0.515625,3.1023685932159424,5.35303258895874,0.5052083333333334,3.0163394723619734,5.293908754984538,0.0,11.7028226852417,0.014784492552280426,0.07886904761904762,7.922224691935948,0.4531582051089832,0.61231929063797
337,fog/s5,0.0,12.182827949523926,0.061148498207330704,0.06818181818181818,8.751526930115439,1.0784724197265776,0.5625,2.691593647003174,5.215587139129639,0.5078125,3.001578298482028,5.290348681536588,0.0,8.622549057006836,0.11350172013044357,0.07528409090909091,7.954057617620989,0.437719273973595,0.47934627532958984
338,fog/s5,0.0,12.42822551727295,0.04839560389518738,0.06521739130434782,8.911383390426636,1.0336864712121694,0.5546875,2.746114492416382,5.288930416107178,0.5098505434782609,2.990471176479174,5.290287017822266,0.0,8.97989559173584,0.08611733466386795,0.07201086956521739,7.99865926866946,0.42243223313404166,0.4888891875743866
339,fog/s5,0.0,12.553374290466309,0.04829557612538338,0.0625,9.063133011261622,0.9926285172502199,0.4296875,3.2168877124786377,5.2921319007873535,0.5065104166666666,2.9999051988124847,5.290363887945811,0.0,11.653568267822266,0.015365201979875565,0.06901041666666667,8.150947143634161,0.4054711068359514,0.5780386328697205
340,fog/s5,0.0,12.745386123657227,0.03877090662717819,0.06,9.210423135757447,0.9544742128252983,0.4296875,3.217329740524292,5.370595455169678,0.5034375,3.008602180480957,5.293573150634765,0.0,14.918734550476074,0.0012428180780261755,0.06625,8.421658639907838,0.38930197528563437,0.7147499322891235
341,fog/s5,0.0,12.712292671203613,0.04102242738008499,0.057692307692307696,9.345110425582298,0.9193414518466363,0.5390625,2.9833240509033203,5.16495943069458,0.5048076923076923,3.007629944727971,5.288626469098604,0.0,11.138313293457031,0.022122997790575027,0.06370192307692307,8.526145357352037,0.3751797069204398,0.5560556054115295
342,fog/s5,0.0,12.899423599243164,0.03551742434501648,0.05555555555555555,9.476751654236406,0.8866072286058355,0.421875,3.272526979446411,5.247985363006592,0.5017361111111112,3.017440946013839,5.287121242947048,0.0,10.88602352142334,0.031521573662757874,0.061342592592592594,8.61354825231764,0.362451627910896,0.5330159068107605
343,fog/s5,0.0,13.0170316696167,0.03283805400133133,0.05357142857142857,9.603190226214272,0.8561154723699603,0.4375,3.1144728660583496,5.210957050323486,0.4994419642857143,3.0209063717297147,5.284401093210493,0.0,10.048311233520508,0.051015131175518036,0.05915178571428571,8.6647897873606,0.3513288958846325,0.4920284152030945
344,fog/s5,0.0,13.170806884765625,0.028687842190265656,0.05172413793103448,9.72621149030225,0.8275834851223847,0.59375,2.8651223182678223,5.242354869842529,0.5026939655172413,3.0155345078172355,5.282951223439183,0.0,8.790064811706543,0.11910265684127808,0.057112068965517244,8.669109615786322,0.34332109453830995,0.45198214054107666
345,fog/s5,0.0,13.1610689163208,0.025550898164510727,0.05,9.840706737836202,0.8008490655571222,0.5078125,2.7201240062713623,5.158336162567139,0.5028645833333333,3.0056874910990397,5.278797388076782,0.0,6.534299373626709,0.5763663053512573,0.05520833333333333,8.597949274381001,0.35108926823207487,0.35419026017189026
346,fog/s5,0.0,13.12027645111084,0.026108283549547195,0.04838709677419355,9.946499309232157,0.7758574274278456,0.515625,2.864394187927246,5.165154933929443,0.5032762096774194,3.001129642609627,5.275131502459126,0.0,5.899133682250977,0.8051165342330933,0.05342741935483871,8.510890706892937,0.3657353090708174,0.31367531418800354
347,fog/s5,0.0,13.356877326965332,0.023844100534915924,0.046875,10.05307362228632,0.7523570109624416,0.5390625,2.931870460510254,5.159483909606934,0.50439453125,2.9989652931690216,5.271517515182495,0.0,5.983354568481445,0.8779385089874268,0.0517578125,8.431905202567577,0.38174165906821145,0.3130556046962738
348,fog/s5,0.0,13.525696754455566,0.024672385305166245,0.045454545454545456,10.158304626291448,0.7303059617000999,0.6015625,2.692634105682373,5.186226844787598,0.5073390151515151,2.9896825299118506,5.268932949412953,0.03125,5.07469367980957,1.2732388973236084,0.05113636363636364,8.330171520059759,0.40875672689413256,0.2854788899421692
349,fog/s5,0.0,13.51817798614502,0.024051304906606674,0.04411764705882353,10.257124430993024,0.709533765912056,0.453125,3.0080368518829346,5.210078239440918,0.5057444852941176,2.990222362911,5.267201928531422,0.0,6.82364559173584,0.627912163734436,0.04963235294117647,8.285861933932585,0.41520247503649443,0.35307225584983826
350,fog/s5,0.0,13.58096694946289,0.02393602579832077,0.04285714285714286,10.352091360092164,0.6899452590516635,0.4609375,3.1771693229675293,5.107695579528809,0.5044642857142857,2.995563704626901,5.262644604274205,0.0,8.195205688476562,0.2653124928474426,0.048214285714285716,8.283271755490984,0.41091990411680723,0.3827088475227356
351,fog/s5,0.0,13.55587387084961,0.02446090057492256,0.041666666666666664,10.441085318724314,0.6714595824273096,0.5078125,3.0960853099823,5.212335109710693,0.5045572916666666,2.9983559714423285,5.261247118314107,0.0,9.21696949005127,0.0959874838590622,0.046875,8.309207803673214,0.40217178133186987,0.4390798509120941
352,fog/s5,0.0,13.660359382629395,0.020022720098495483,0.04054054054054054,10.528092725856885,0.6538531807427471,0.5234375,3.073899269104004,5.220648288726807,0.5050675675675675,3.0003976821899414,5.260149852649586,0.0,9.132153511047363,0.11522012203931808,0.04560810810810811,8.331449579548192,0.39441633108071983,0.43541428446769714
353,fog/s5,0.0078125,13.625737190246582,0.020221395418047905,0.03967927631578947,10.609609685446086,0.6371786600763076,0.4375,3.2382094860076904,5.299385070800781,0.5032894736842105,3.0066558875535665,5.261182358390407,0.0078125,12.205662727355957,0.008954373188316822,0.04461348684210526,8.43340255712208,0.3842725953467092,0.5659692883491516
354,fog/s5,0.0,13.712564468383789,0.02483288384974003,0.038661858974358976,10.689172628598335,0.6214774863269085,0.484375,2.9994189739227295,5.287226676940918,0.5028044871794872,3.006470325665596,5.261850161430163,0.0,13.495118141174316,0.0047577498480677605,0.04346955128205128,8.563190136200342,0.3745414454621287,0.6133487224578857
355,fog/s5,0.0,13.750720977783203,0.021937640383839607,0.0376953125,10.765711337327957,0.6064889901783317,0.484375,3.143577814102173,5.177285671234131,0.50234375,3.0098980128765107,5.259736049175262,0.0,12.707076072692871,0.008846607059240341,0.0423828125,8.666787284612656,0.36539907450205644,0.5720157623291016
356,fog/s5,0.0,13.88920783996582,0.016239646822214127,0.03677591463414634,10.84189417885571,0.5920926647306215,0.4296875,3.3806605339050293,5.334712028503418,0.5005716463414634,3.018941001194279,5.2615647315979,0.0,13.497966766357422,0.004065412096679211,0.04134908536585366,8.78462093050887,0.35658605834582774,0.5990466475486755
357,fog/s5,0.0,13.922332763671875,0.015615066513419151,0.035900297619047616,10.915237954684667,0.578367007630212,0.5390625,2.8024322986602783,5.141008377075195,0.5014880952380952,3.013786032086327,5.258694342204502,0.0,8.6934232711792,0.11735743284225464,0.040364583333333336,8.782449557667686,0.3508901386909808,0.4162156283855438
358,fog/s5,0.0,13.950247764587402,0.0163645651191473,0.035065406976744186,10.985819578170776,0.5652971833857686,0.4453125,3.296699047088623,5.31831169128418,0.5001816860465116,3.0203654045282406,5.2600807921831,0.0,12.276755332946777,0.011338579468429089,0.039425872093023256,8.863712482674178,0.34299359080208425,0.5470148921012878
359,fog/s5,0.0,13.994709968566895,0.016294892877340317,0.03426846590909091,11.054203450679779,0.5528198586014862,0.546875,2.8145639896392822,5.164056301116943,0.5012428977272727,3.0156880996444007,5.257898417386142,0.0,9.137269020080566,0.09608814120292664,0.038529829545454544,8.86992967670614,0.3373821033111943,0.43188056349754333
360,fog/s5,0.0,14.1074857711792,0.01266860868781805,0.03350694444444444,11.122054168913099,0.5408164974922935,0.515625,3.026477098464966,5.236233711242676,0.5015625,3.015927855173747,5.257416979471842,0.0,8.538768768310547,0.1610182523727417,0.03767361111111111,8.862570545408461,0.3334629066236731,0.4091993570327759
361,fog/s5,0.0,14.144558906555176,0.015613104216754436,0.032778532608695655,11.187760793644449,0.5293990324210861,0.4296875,3.3524558544158936,5.121833324432373,0.5,3.023243681244228,5.254469508710115,0.0,9.886402130126953,0.09052374958992004,0.03685461956521739,8.884827753771907,0.3281816206012002,0.4307420253753662
362,fog/s5,0.0078125,13.955761909484863,0.015677062794566154,0.032247340425531915,11.246654434407011,0.5184687777481815,0.484375,3.2882044315338135,5.273431777954102,0.49966755319148937,3.028881144016347,5.254872961247221,0.0078125,11.913097381591797,0.015231376513838768,0.03623670212765957,8.949259022448926,0.3215231047695542,0.5325266122817993
363,fog/s5,0.0078125,13.826934814453125,0.016495639458298683,0.03173828125,11.300410275657972,0.5080110040338089,0.5,2.8344836235046387,5.242133140563965,0.4996744791666667,3.0248311956723533,5.2546075483163195,0.0078125,11.169926643371582,0.016977159306406975,0.03564453125,8.995522931218147,0.31517839757240534,0.5188772678375244
364,fog/s5,0.0,13.923264503479004,0.015922462567687035,0.031090561224489797,11.353937912960442,0.4979683807385819,0.46875,3.114713430404663,5.267327785491943,0.49904336734693877,3.026665526993421,5.254867144993374,0.0,13.033273696899414,0.005346596706658602,0.03491709183673469,9.077926008068786,0.30885529959555336,0.5872588157653809
365,fog/s5,0.0078125,14.012763977050781,0.01739909127354622,0.030625,11.40711443424225,0.4883569949492812,0.5390625,2.8803882598876953,5.220431327819824,0.49984375,3.023739981651306,5.254178428649903,0.0078125,11.802530288696289,0.011337320320308208,0.034375,9.132418093681336,0.3029049400100485,0.5297382473945618
366,fog/s5,0.0,14.018488883972168,0.014135386794805527,0.03002450980392157,11.458317854825188,0.4790585320442915,0.421875,3.357309103012085,5.236459255218506,0.49831495098039214,3.0302805526583803,5.253830993876738,0.0,13.134140014648438,0.007373512722551823,0.03370098039215686,9.210883229386573,0.29711020614166617,0.5792809724807739
367,fog/s5,0.0,14.050326347351074,0.014572842977941036,0.029447115384615384,11.508164171989147,0.4701261149468617,0.5859375,2.792322874069214,5.238531112670898,0.5,3.0257044434547424,5.25353676539201,0.0,12.419632911682129,0.0071883597411215305,0.033052884615384616,9.272589954046103,0.29153478601857874,0.5585060715675354
368,fog/s5,0.0,14.170499801635742,0.013344716280698776,0.028891509433962265,11.558396919718328,0.46150759799089636,0.515625,3.040531635284424,5.259854793548584,0.5002948113207547,3.0259842017911516,5.253655973470436,0.0,11.065815925598145,0.024844873696565628,0.03242924528301887,9.306424406339538,0.28650290088042757,0.4996395409107208
369,fog/s5,0.0,14.292242050170898,0.012056219391524792,0.028356481481481483,11.609023681393376,0.4531844243131302,0.421875,3.1790642738342285,5.238827228546143,0.4988425925925926,3.0288190179400973,5.253381367082949,0.0,11.600991249084473,0.017820432782173157,0.031828703703703706,9.348916384908888,0.2815272996193488,0.5052557587623596
370,fog/s5,0.0,14.108535766601562,0.013022846542298794,0.02784090909090909,11.654469355669889,0.44518148653547873,0.453125,2.9609930515289307,5.044406414031982,0.4980113636363636,3.0275858185508033,5.249581822482022,0.0,8.70263671875,0.1274566352367401,0.03125,9.337165845524181,0.2787260148123923,0.39004915952682495
371,fog/s5,0.0,14.089723587036133,0.01723029837012291,0.02734375,11.697956038372856,0.4375395010325259,0.4453125,3.0299313068389893,5.151661396026611,0.4970703125,3.027627702270235,5.247833243438175,0.0,10.478533744812012,0.0385461300611496,0.030691964285714284,9.35754741515432,0.2744370882989772,0.4685668647289276
372,fog/s5,0.0,14.128622055053711,0.013180705718696117,0.0268640350877193,11.740599301823398,0.43009460988666925,0.4375,3.2350471019744873,5.264188766479492,0.4960252192982456,3.031266639107152,5.2481201824389005,0.0,12.290626525878906,0.009595077484846115,0.030153508771929825,9.409004943412647,0.26979073723206265,0.5409306287765503
373,fog/s5,0.0,14.293373107910156,0.011959867551922798,0.026400862068965518,11.784612643307653,0.4228853901912426,0.4921875,2.8838438987731934,5.237365245819092,0.49595905172413796,3.028724867722084,5.24793475249718,0.0,12.945992469787598,0.0048703355714678764,0.029633620689655173,9.469987486970835,0.26522314409998343,0.5666145086288452
374,fog/s5,0.0,14.28929328918457,0.010384118184447289,0.025953389830508475,11.82706485764455,0.4158938432080766,0.5078125,2.8451809883117676,5.101927757263184,0.4961599576271186,3.0256139545117393,5.245460057662705,0.0,9.100854873657227,0.08435648679733276,0.02913135593220339,9.463731001999419,0.2621576075355317,0.4188690781593323
375,fog/s5,0.0,14.265631675720215,0.012294648215174675,0.025520833333333333,11.867707637945811,0.4091671899581949,0.5390625,2.9666695594787598,5.175742149353027,0.496875,3.0246315479278563,5.24429809252421,0.0,8.168009757995605,0.22297072410583496,0.028645833333333332,9.44213564793269,0.26150449281170346,0.3850770592689514
376,fog/s5,0.0,14.166525840759277,0.011189131066203117,0.025102459016393443,11.905393182254228,0.4026429594845557,0.46875,3.019163131713867,5.147772789001465,0.4964139344262295,3.024541901760414,5.2427157104992475,0.0,8.744054794311523,0.12992976605892181,0.02817622950819672,9.43069169951267,0.2593475300780513,0.39673975110054016
377,fog/s5,0.0,14.198315620422363,0.01288420706987381,0.02469758064516129,11.942375802224682,0.3963565279939963,0.4375,3.1103127002716064,5.051481246948242,0.4954637096774194,3.025925301736401,5.23963128366778,0.0,8.024979591369629,0.2572284936904907,0.027721774193548387,9.408018923574879,0.2593133520718003,0.36008116602897644
378,fog/s5,0.0,14.16192626953125,0.01387733593583107,0.024305555555555556,11.9776067620232,0.39028542970735874,0.4140625,3.0214784145355225,5.026820659637451,0.494171626984127,3.025854716225276,5.2362533372546,0.0,7.3336639404296875,0.3866986930370331,0.027281746031746032,9.375092654001145,0.26133534161093097,0.3366466760635376
379,fog/s5,0.0,14.196690559387207,0.014626197516918182,0.02392578125,12.012279946357012,0.3844157542043831,0.453125,3.058610439300537,5.19518518447876,0.4935302734375,3.026366524398327,5.235611647367477,0.0,10.21466064453125,0.04695272073149681,0.02685546875,9.388210903853178,0.2579856131596898,0.4522634744644165
380,fog/s5,0.0,14.24600601196289,0.011822175234556198,0.023557692307692307,12.046644962750948,0.37868354529715503,0.484375,3.136547327041626,5.236151695251465,0.4933894230769231,3.0280616136697622,5.235619955796462,0.0,9.967569351196289,0.062041498720645905,0.026442307692307692,9.39712411073538,0.2549710883221661,0.4477294087409973
381,fog/s5,0.0,14.251168251037598,0.011621043086051941,0.023200757575757576,12.080046830755292,0.3731219922333504,0.4765625,3.100951910018921,5.1989264488220215,0.4931344696969697,3.029166012099295,5.235063993569576,0.0,9.351556777954102,0.0796830952167511,0.026041666666666668,9.39643369660233,0.2523152096387507,0.41759049892425537
382,fog/s5,0.0,14.387927055358887,0.010121920146048069,0.0228544776119403,12.114492804256837,0.3677040807096593,0.484375,2.813924789428711,5.069873332977295,0.49300373134328357,3.0259534565370476,5.23259846132193,0.0,8.88697338104248,0.11544454097747803,0.025652985074626867,9.388829811295466,0.2502723638378362,0.40242093801498413
383,fog/s5,0.0,14.305731773376465,0.01234213076531887,0.022518382352941176,12.14671690674389,0.3624781696810661,0.4609375,3.064196825027466,5.153659820556641,0.4925321691176471,3.0265158590148475,5.231437598957735,0.0,8.394830703735352,0.1649497151374817,0.025275735294117647,9.374212177360759,0.24901761900400743,0.37194743752479553
384,fog/s5,0.0,14.217585563659668,0.01175101101398468,0.022192028985507248,12.176729495974554,0.3573951673815432,0.4375,3.233363628387451,5.203777313232422,0.4917346014492754,3.029513652773871,5.231036725251571,0.0,9.5870361328125,0.07528380304574966,0.024909420289855072,9.377296582512233,0.24649973761330804,0.42585960030555725
385,fog/s5,0.0078125,14.126967430114746,0.011201929301023483,0.021986607142857145,12.204590037890844,0.3524495496946786,0.3984375,3.219169855117798,5.154818534851074,0.4904017857142857,3.0322230270930697,5.229947893960135,0.0078125,11.412995338439941,0.01925160363316536,0.02466517857142857,9.406377993311201,0.243253335699306,0.4983508884906769
386,fog/s5,0.0078125,14.272364616394043,0.0119283776730299,0.021786971830985914,12.233713623503563,0.34765347684930326,0.484375,3.17075777053833,5.246668815612793,0.4903169014084507,3.0341742206627216,5.230183399898905,0.0078125,11.876959800720215,0.01196819543838501,0.02442781690140845,9.441174920176117,0.23999579851253247,0.5208377838134766
387,fog/s5,0.0,14.304734230041504,0.011578809469938278,0.021484375,12.262477798594368,0.342985773135701,0.5390625,2.7813613414764404,5.087759494781494,0.4909939236111111,3.030662930674023,5.228205290105608,0.0,7.873903274536133,0.2097412347793579,0.024088541666666668,9.419407258431116,0.2395755962384606,0.37449270486831665
388,fog/s5,0.0,14.219035148620605,0.012194412760436535,0.021190068493150686,12.28927995407418,0.3384543846374097,0.4921875,2.8133041858673096,5.1191606521606445,0.4910102739726027,3.0276854136218763,5.226711527941978,0.0,7.754940032958984,0.23799395561218262,0.023758561643835618,9.396606337534239,0.23955392992851157,0.36371010541915894
389,fog/s5,0.0,14.298897743225098,0.012125004082918167,0.020903716216216218,12.316436951224869,0.33404452814343005,0.453125,3.0690085887908936,5.104798316955566,0.4904983108108108,3.0282438349079444,5.225064052117838,0.0,8.175925254821777,0.2340993881225586,0.0234375,9.380110647227314,0.2394802199041068,0.3706207573413849
390,fog/s5,0.0078125,14.350021362304688,0.011316446587443352,0.020729166666666667,12.343551410039266,0.3297414870560169,0.46875,3.111875057220459,5.133172035217285,0.49020833333333336,3.029358917872111,5.22383882522583,0.0078125,8.601278305053711,0.1584315001964569,0.023229166666666665,9.369726215998332,0.23839957030800482,0.38312453031539917
391,fog/s5,0.0,14.3258638381958,0.011005004867911339,0.02045641447368421,12.369634468304483,0.3255475859745945,0.4296875,3.2973132133483887,5.220427989959717,0.48941200657894735,3.0328846322862724,5.223793945814434,0.0,12.350775718688965,0.008202837780117989,0.022923519736842105,9.40895055156005,0.2353706659326379,0.5307931303977966
392,fog/s5,0.0,14.290746688842773,0.012372875586152077,0.020190746753246752,12.394583977662124,0.32148038194357575,0.46875,2.993889808654785,5.0873541831970215,0.48914366883116883,3.0323782060053444,5.222022000845376,0.0,10.271431922912598,0.03655701130628586,0.022625811688311688,9.420151608330864,0.23278867041800994,0.4515652358531952
393,fog/s5,0.0,14.42065143585205,0.010205693542957306,0.019931891025641024,12.420559201485071,0.3174896808102345,0.5234375,2.809201717376709,5.184292793273926,0.4895833333333333,3.029516968971644,5.221538293055999,0.0,10.831911087036133,0.025740986689925194,0.02233573717948718,9.438251088827084,0.23013421293431655,0.4772876501083374
394,fog/s5,0.0,14.264202117919922,0.00871023628860712,0.019679588607594937,12.443896453591842,0.3135810802466696,0.25,3.8192553520202637,5.138816833496094,0.4865506329113924,3.0395136573646644,5.220491185972962,0.0,18.420682907104492,2.8191482215333963e-06,0.022053006329113924,9.551952757412874,0.22722115731677103,0.9446228742599487
