corruption,n_samples,r_l,r_s,r_l_ema,r_s_ema,large_acc_ema,small_acc_ema,large_ent_ema,small_ent_ema,fixed_ts_duo_acc_ema,"PW NN - β=0.5, pbs=256_duo_acc_ema","PW NN - β=0.01, pbs=256_duo_acc_ema","PW NN - β=0.1, pbs=256_duo_acc_ema","PW NN - β=1, pbs=256_duo_acc_ema","PW NN - β=2, pbs=256_duo_acc_ema","PW NN - β=4, pbs=256_duo_acc_ema"
gaussian_noise/s5,128.0,0.3517858386039734,0.04130800440907478,0.3517858386039734,0.04130800440907478,0.44626524390243905,0.08269817073170732,3.9261964937535727,6.59214971123672,0.4477896341463415,0.4477896341463415,0.4477896341463415,0.4477896341463415,0.4477896341463415,0.4477896341463415,0.4477896341463415
gaussian_noise/s5,256.0,0.3146798014640808,0.04004400968551636,0.34997578801178353,0.041246346129876814,0.4275844354405769,0.0866873394901409,3.9652511542548523,6.593102535076717,0.43266316688672535,0.4319009717647741,0.43266316688672535,0.43342536200867654,0.4319009717647741,0.4311387766428229,0.4311387766428229
gaussian_noise/s5,384.0,0.3423081934452057,0.055724237114191055,0.34960175900853585,0.041952584714477506,0.421854358301676,0.09559499902706978,3.981637269704109,6.584510454028728,0.4280112592710941,0.42652223560631847,0.4280112592710941,0.4294259224361671,0.4280094456003697,0.4250703921913942,0.4250703921913942
gaussian_noise/s5,512.0,0.35185933113098145,0.04951943829655647,0.3497118844779234,0.0423216995233594,0.4151081076602315,0.10575549882223267,3.9907964786368106,6.578837200164884,0.42517779616379187,0.4208560799269544,0.42517779616379187,0.4264949899020882,0.4206773448888532,0.4180180348144619,0.4180180348144619
gaussian_noise/s5,640.0,0.37252873182296753,0.047217193990945816,0.35082490142158407,0.042560504131534345,0.40523017950696727,0.11346169762558947,3.981992263811335,6.575127400629236,0.41590299105599493,0.41195544174235427,0.41590299105599493,0.4178198272701226,0.41175653871263873,0.4085881504775708,0.40786313560547083
gaussian_noise/s5,768.0,0.3630101680755615,0.045364052057266235,0.3514193046729976,0.0426972625669359,0.40101433850689894,0.1196722142108992,3.9783964485856815,6.573070636999677,0.4173451513362096,0.40927452521720453,0.4173451513362096,0.419042360070111,0.40764452432000203,0.4040526929663207,0.40339668605349255
gaussian_noise/s5,896.0,0.38634783029556274,0.049910835921764374,0.3531231351911715,0.0430491441940007,0.40448709629327384,0.12170371077619135,3.9621858372323415,6.5678117780642165,0.42002571396928895,0.41199824679081976,0.42002571396928895,0.42232357505451446,0.4104862114757425,0.4072362558011742,0.4066426885707092
gaussian_noise/s5,1024.0,0.3666555881500244,0.05231504887342453,0.3537832548477009,0.0435011395442165,0.3987432322796368,0.12651626656191972,3.9550359263004857,6.5625793554362195,0.41432725219945765,0.40553946065962926,0.41432725219945765,0.4149191895644952,0.4041713430425962,0.4012307228278321,0.4006936521808736
gaussian_noise/s5,1152.0,0.3876889944076538,0.04675734043121338,0.35543719336282054,0.04365997861187488,0.39811924824350237,0.1257956522550148,3.936901887332746,6.561137824437594,0.41370716870635044,0.40503079694425703,0.41370716870635044,0.4142799448706705,0.40303070360963045,0.4003699758602811,0.3998840243706774
gaussian_noise/s5,1280.0,0.37745583057403564,0.05097741633653641,0.3565112732267822,0.04401692679356568,0.3863076303262148,0.12560838017839232,3.9190333305800156,6.557326509077195,0.4047991395611892,0.39477355273778403,0.40552415443328915,0.40604241293770954,0.39075160629996897,0.3883441304482377,0.38790443252099954
gaussian_noise/s5,1408.0,0.41702237725257874,0.04972085356712341,0.3594630343987723,0.04429516712398313,0.385956368665183,0.13004928390918186,3.8867439728055393,6.555317885875088,0.4071866396624442,0.3943786875158652,0.4071176317031724,0.4053371565010447,0.38997736060812177,0.3877990317738069,0.38740118492828096
gaussian_noise/s5,1536.0,0.4313684105873108,0.04393341764807701,0.36297061372504247,0.04427752080808527,0.38266412060662897,0.1347925109017642,3.8467315603204093,6.555308941306432,0.40339805409076596,0.3910469861461219,0.4026105995363029,0.40099959252712014,0.3870645838696925,0.3843313963878407,0.38397141717781996
gaussian_noise/s5,1664.0,0.40879207849502563,0.05622004717588425,0.36520580712845624,0.04486008306992913,0.3819346385738743,0.14350872045305374,3.821416135566869,6.548474846735077,0.40218229641407194,0.39024462577528335,0.40146979291773743,0.3999749436250742,0.3859162594085677,0.3834432206459879,0.38311750477541
gaussian_noise/s5,1792.0,0.43465012311935425,0.05409417301416397,0.36859333473776834,0.04531052648184302,0.37963865869771724,0.1461343032772723,3.78545531728075,6.5424430536919225,0.4009335353038687,0.3879198844760297,0.4002888489160491,0.3982112666589755,0.38324130312934646,0.38100365175642326,0.38070893799131383
gaussian_noise/s5,1920.0,0.4729882478713989,0.04954295605421066,0.37368576952477467,0.0455169864609829,0.3755720701244663,0.1486958805976985,3.7234214239498895,6.540283594760588,0.4014395640673315,0.38676451177158905,0.40085623985800756,0.3982142097491384,0.37955682454475664,0.37680714117877434,0.3765404786941037
gaussian_noise/s5,2048.0,0.4521176815032959,0.045007847249507904,0.3775117164505562,0.045492150401886554,0.37464388379495134,0.15090210255151662,3.67226515988569,6.541947515496391,0.40109805291279665,0.38629540297714865,0.40057025034148097,0.39741749733994014,0.37901155867494035,0.3757613990082782,0.375520117842791
gaussian_noise/s5,2176.0,0.4743131101131439,0.05403786152601242,0.38223373565360924,0.045909014359160984,0.3738412238263658,0.15583557286190172,3.6240387452473226,6.537254270711252,0.4044513018919474,0.3859081248829524,0.4039737363292043,0.4003960520250142,0.37779317712348853,0.3748523723328918,0.3746340566560887
gaussian_noise/s5,2304.0,0.4696209132671356,0.05464897304773331,0.3864965248054886,0.046335353807384023,0.37620092292677115,0.1581244237495256,3.5826884419957774,6.531037105890175,0.4053475194394122,0.38936868408505093,0.4056776043763948,0.40247762946463217,0.38053891874171686,0.37711582886277717,0.37691829278638356
gaussian_noise/s5,2432.0,0.47745734453201294,0.053289446979761124,0.39093363796288,0.04667457786457315,0.3798232324637828,0.15867102827068913,3.535404905153602,6.527915400068854,0.40554495958795117,0.39177484740830604,0.4058436265654351,0.4036732447446196,0.38374833159199956,0.3806510563356836,0.3804723220274178
gaussian_noise/s5,2560.0,0.43546032905578613,0.044804736971855164,0.39310567167472904,0.046583366113708856,0.37642691051601046,0.15836623081482343,3.5092178245727497,6.5312051765147405,0.40561206634935976,0.38872816353838996,0.40588230577396006,0.4047178793911757,0.3799784130585552,0.3771759409200325,0.3770142188005368
gaussian_noise/s5,2688.0,0.49863409996032715,0.05007658898830414,0.3982533998837826,0.04675376722954277,0.3810129868500011,0.15896418029110437,3.4544417078396004,6.528518774755498,0.4095953021519192,0.39138119377863834,0.40983981979904416,0.40809839057345515,0.38422645226773494,0.38169072346184973,0.38154439428650594
gaussian_noise/s5,2816.0,0.4702475070953369,0.05083388090133667,0.4017653075526389,0.04695279716475222,0.37071802676909676,0.157869285081957,3.4193825377898617,6.526817831970381,0.3973048510250262,0.38082438770809574,0.39828829025243667,0.39671261276753433,0.37362562992220394,0.3713312554345469,0.37119885408077063
gaussian_noise/s5,2944.0,0.4600400924682617,0.05580487847328186,0.40460797998754733,0.04738460600907074,0.36822553165722555,0.1609126606839123,3.389757996389041,6.521723702263796,0.3959068580660707,0.37881998435693853,0.39679669213203816,0.3953709898985245,0.3723064147005783,0.3687803923354824,0.36866059313316607
gaussian_noise/s5,3072.0,0.4625430405139923,0.049563661217689514,0.4074340805010324,0.047490901385100925,0.3694838094292921,0.15597005169555656,3.3621006526695734,6.520408097225037,0.39380537246787234,0.3775826568750169,0.3946105108464188,0.3933205090039593,0.37317626814966065,0.36998585766940434,0.3698774611276297
gaussian_noise/s5,3200.0,0.5332419872283936,0.048271700739860535,0.4135710515609037,0.04752898915850383,0.36920947301722384,0.1605326880600485,3.3078296084372347,6.520404538077917,0.39495268978205456,0.37729965562575885,0.3956811939306382,0.3937517811987044,0.37255047820085296,0.36966373558308385,0.36956565638020505
gaussian_noise/s5,3328.0,0.5180374383926392,0.0585847944021225,0.41866697286976884,0.04806829673136327,0.3771594934320033,0.1615750853892527,3.2571459603831303,6.513993025119185,0.40048961401457756,0.3867662261789287,0.4011487780895304,0.39940300963904185,0.38018249693247913,0.37757051863287955,0.3774817747497275
gaussian_noise/s5,3456.0,0.5183441638946533,0.07418859004974365,0.4235292748709827,0.04934245738104036,0.3779020461095044,0.16774209094411263,3.2194252596041624,6.500240711832538,0.3982121968567356,0.38735659132549105,0.3988086207460891,0.3994784221659623,0.3806373157848309,0.3782739493400415,0.3781936522274453
gaussian_noise/s5,3584.0,0.5678667426109314,0.06824985146522522,0.43057012695585817,0.050264769287585956,0.3821989959146676,0.16741045230576757,3.1496947288532184,6.489746829272554,0.39981380215294154,0.39147865877815097,0.4003534575578831,0.40095950631435373,0.3846739186845496,0.38253550086032306,0.382462846542501
gaussian_noise/s5,3712.0,0.4908693730831146,0.05709771439433098,0.43351155359621213,0.050598083683036935,0.38078877024759633,0.17222266386500446,3.1279950659892193,6.487247192496971,0.3981770036136966,0.390672391434603,0.3979402789681976,0.3992508382534991,0.38379032142724556,0.38109324616808526,0.3810275071928281
gaussian_noise/s5,3840.0,0.4996783137321472,0.05483568087220192,0.4367392004321114,0.050804795741044975,0.3818365375054099,0.17008888860123247,3.106708125859723,6.486693784573088,0.4012691686474911,0.39154161652113684,0.4010549757945441,0.4030029892823153,0.38455239672268915,0.3821120329694573,0.38205255112450415
gaussian_noise/s5,3968.0,0.525048553943634,0.06641465425491333,0.4410469737741369,0.0515662522539166,0.3843461472609925,0.1746089824880872,3.0664426500907265,6.478581048781452,0.4048292120837798,0.39533970775053484,0.40463540641493245,0.40788521516859105,0.3868035070881678,0.3845954206701633,0.38454160039284396
gaussian_noise/s5,4096.0,0.5433779954910278,0.05726687237620354,0.4460387309310584,0.05184433128427206,0.39455487209040424,0.17873602758142812,3.0247013303232464,6.475491092205636,0.4174755987979947,0.40602643990991283,0.41730023983171455,0.42249013222571496,0.39677833687156644,0.39478041929763136,0.394731721711788
gaussian_noise/s5,4224.0,0.508480429649353,0.05497299134731293,0.449084667453902,0.05199694884832283,0.39048138634711765,0.17583357998295784,3.007575373721981,6.476969664894456,0.4148827398999107,0.40013605895477533,0.41472407185249127,0.4186949679448616,0.39249321854946606,0.3906854656464588,0.390641403166942
gaussian_noise/s5,4352.0,0.5218948721885681,0.07392366230487823,0.4526363847580321,0.053066544626691386,0.3926701003176478,0.1725939174027834,2.9803711847889893,6.463651217321988,0.4156226337821321,0.4036924126533095,0.41547906798788764,0.41907200847360765,0.39376542856260427,0.3928547550554811,0.39281488650619795
gaussian_noise/s5,4480.0,0.5281791687011719,0.066778764128685,0.45632139860891696,0.053735433382886194,0.3909882347311971,0.1754255492978189,2.9474644180405845,6.4557915145753055,0.4174818714947192,0.40534869699326814,0.417351970499451,0.4214023051090763,0.39270432292904284,0.39115531376525087,0.391119239961884
gaussian_noise/s5,4608.0,0.4768573045730591,0.0718277245759964,0.4573231501193629,0.054617984172794,0.38366633255571136,0.17657481289826446,2.9524628872725724,6.448379317860548,0.41206271656363347,0.39738496021818015,0.4119451797321029,0.41412278766859306,0.3852190810083725,0.3838175087667737,0.38378486851994387
gaussian_noise/s5,4736.0,0.538939356803894,0.061287038028240204,0.4613044284942181,0.054943303873059665,0.38440302904059304,0.17609029769081513,2.9171462214702317,6.448081802304122,0.41154663408285924,0.39750373259479593,0.41144028457616205,0.4134106246543307,0.3865329995322633,0.38453981608225024,0.38451028258110326
gaussian_noise/s5,4864.0,0.5506652593612671,0.06785164028406143,0.4656634934145619,0.05557297881993779,0.3829317413270327,0.18174946031393804,2.886162834649348,6.442676006479314,0.4089418087091189,0.3962727110509724,0.4088455817015719,0.410628381974561,0.3856211732829104,0.3830555087811437,0.3830287863211529
gaussian_noise/s5,4992.0,0.5228352546691895,0.07016585022211075,0.46845235981722666,0.056284826205409644,0.3755401121703847,0.17932238497174288,2.8722103250223974,6.435921723704846,0.39758729390039843,0.3883734643120339,0.39750022591796,0.3991505169442637,0.37797356012094385,0.3756520992600354,0.3756279202822567
gaussian_noise/s5,5120.0,0.5600783824920654,0.051164839416742325,0.47292192189892607,0.05603507075230392,0.3747636886443516,0.18078857676503327,2.8425390978473413,6.441282325802362,0.39547458299970606,0.38786275384806873,0.39539580227318094,0.3976140310959102,0.37620332239378673,0.3748650166415906,0.3748431390537254
gaussian_noise/s5,5248.0,0.5499897003173828,0.05991459637880325,0.4766813257242166,0.05622431590481608,0.3777234208376316,0.17925233507413182,2.8145867565087586,6.4402880655977865,0.3964258422025895,0.39030071302969216,0.3963545599390293,0.39836165454900624,0.379026028174271,0.37781510429021964,0.3777953090426629
gaussian_noise/s5,5376.0,0.5120387077331543,0.0775875598192215,0.478406076066116,0.057266425364055365,0.37212883586795814,0.17622638408551727,2.812923550686926,6.427670849557018,0.39271338845338405,0.3857212281488172,0.3926488909382888,0.3944649473938361,0.3740696542849888,0.3722117927575396,0.3721938816501429
gaussian_noise/s5,5504.0,0.5386505126953125,0.06847485899925232,0.48134482907241827,0.05781317822430887,0.3731643125253803,0.17356280796791895,2.7963031058815973,6.42198865703359,0.38946583214610175,0.38470076621912613,0.3894074735973451,0.392575065428926,0.3741582059294872,0.373239373458785,0.37322316715637555
gaussian_noise/s5,5632.0,0.5588352084159851,0.07644818723201752,0.4851248475769825,0.05872220305395319,0.372651201279657,0.17699005408638,2.769163106278371,6.413175740486108,0.39033835853314736,0.3838146135748309,0.3902855546350755,0.39318883076585154,0.37355049447873284,0.37271911780536104,0.37270445404214586
gaussian_noise/s5,5760.0,0.5237590670585632,0.08533444255590439,0.4870094436492547,0.06002036107843861,0.3757004623119324,0.1801654504850589,2.759340552292761,6.3986696413224635,0.39174131072511426,0.38583850520363927,0.3916935327780784,0.39432047090711486,0.37803854973358275,0.37576191444494594,0.37574864639982386
gaussian_noise/s5,5888.0,0.5679131746292114,0.06732580065727234,0.49095596711169154,0.06037672398472318,0.3749459566784349,0.17945071397250123,2.7283714030624817,6.39601468245844,0.39315944890713783,0.3841190460527872,0.39311621853388284,0.39179368604980463,0.3770615015733369,0.37500155970896054,0.37498955453547417
gaussian_noise/s5,6016.0,0.549798846244812,0.07095726579427719,0.4938263514596486,0.06089284797543312,0.38013774545383666,0.18471566683651064,2.7047424249606826,6.390755886458814,0.4003170861319194,0.39141214696388416,0.40027797048782615,0.39984351367147697,0.3827769446121626,0.38018805610786965,0.38017719360407864
gaussian_noise/s5,6144.0,0.5219941139221191,0.07072867453098297,0.49520038865293986,0.061372644392777016,0.3759492925849408,0.18051905369323776,2.7079664112605433,6.385906767933965,0.40023113504262303,0.38916218056636986,0.40019574248184625,0.39904044276877837,0.38058669408393775,0.37599481459849476,0.3759849860034525
gaussian_noise/s5,6272.0,0.48481667041778564,0.07033568620681763,0.49469386581220065,0.061809865944681436,0.3721223224400327,0.17450965536431565,2.733389376358152,6.382140919662468,0.39478081879823296,0.3840775887218611,0.3947487949523427,0.3937034583291564,0.3770805245102138,0.3721635116028022,0.37215461850758547
gaussian_noise/s5,6400.0,0.5628443956375122,0.06762728095054626,0.49801828190124026,0.06209364228643093,0.3731584190549016,0.172734494829937,2.7056972613320327,6.381429186156919,0.3944224422320716,0.38550015612489635,0.39439346646193535,0.3942098216053818,0.3776446923141197,0.3731956877738621,0.3731876411362507
gaussian_noise/s5,6528.0,0.5896406173706055,0.07664935290813446,0.502487664119258,0.06280367695090427,0.3785203482346849,0.17417707711858071,2.6699907816224915,6.376193726652449,0.400660490562154,0.3904123958750549,0.4006342727475334,0.4012303025947565,0.38257961154656517,0.37855406966332195,0.3785467889162625
gaussian_noise/s5,6656.0,0.5851446390151978,0.07609827816486359,0.5065197116751575,0.06345219408329253,0.3810481556602948,0.17464579672656827,2.64061592567049,6.370351215349479,0.4026053576115623,0.3910832862141335,0.40258163524628093,0.40239591924248935,0.3847210524463566,0.3810786674348082,0.3810720796797354
gaussian_noise/s5,6784.0,0.5507545471191406,0.07561956346035004,0.5086775085260835,0.06404572429680754,0.3781858981316528,0.17376859418269502,2.620851096616868,6.3624132306685866,0.39994065968303755,0.38726587051260974,0.3999191952466349,0.39822676571554205,0.38150920331404425,0.37821350575154267,0.37820754502848153
gaussian_noise/s5,6912.0,0.5844309329986572,0.08380789309740067,0.5123727975247456,0.06500973253098281,0.37197100003464834,0.1721011491682803,2.5896455442974364,6.352863714440138,0.39317950230690063,0.38171111781658495,0.39316008088645543,0.3916287392345862,0.37497798824548556,0.3719959799215326,0.37199058654867356
gaussian_noise/s5,7040.0,0.5357987880706787,0.07618610560894012,0.5135155287708887,0.06555492146161487,0.37229648486180844,0.1720424437150234,2.587485683525832,6.348072780570588,0.3974723515816751,0.38335892932720145,0.39817979359208727,0.39530699724914076,0.37574227847792,0.37231908712709755,0.3723142071032316
gaussian_noise/s5,7168.0,0.5494787693023682,0.06436452269554138,0.5152698331870584,0.06549685322912348,0.3711037795804941,0.16905208619306994,2.578821693004582,6.349331215820747,0.3997950307886542,0.38183829952806264,0.3997101225779683,0.3963113877548739,0.37494661247169325,0.3718492454017343,0.37111981499346536
gaussian_noise/s5,7296.0,0.5470590591430664,0.07437640428543091,0.516820527136132,0.06593000206113847,0.37517406230929895,0.16333475496707875,2.5673105667590828,6.3419084641701415,0.40106007842328556,0.3848868551946361,0.40098325189832823,0.39790801354858013,0.37865112883369745,0.3758485736204865,0.3751885714485787
gaussian_noise/s5,7424.0,0.5438336133956909,0.06927783787250519,0.5181382386609885,0.06609331112510758,0.37305681069151914,0.1589609829297601,2.575069244764197,6.341494704792143,0.39872836364177117,0.3833323359613572,0.39865884957606024,0.39587631683961355,0.37620292501847336,0.3736671210450684,0.3730699388300346
gaussian_noise/s5,7552.0,0.5531579256057739,0.07454756647348404,0.5198465160729293,0.06650571382502839,0.3769040208577041,0.15641636230586858,2.563732388088009,6.337836694769149,0.40089431356283994,0.3862015068395147,0.4015564308180771,0.39831372868117326,0.37975068349381197,0.377456240993188,0.3769158994410961
gaussian_noise/s5,7680.0,0.5901219844818115,0.10631507635116577,0.5232745877026308,0.06844763394825461,0.3790465590271076,0.15944930818990252,2.539418891757909,6.313173222319145,0.40075342113568085,0.38818411178042944,0.4013525171173678,0.3991434749102109,0.3823472870875003,0.37954621805510935,0.37905730698983175
gaussian_noise/s5,7808.0,0.6039414405822754,0.0755215436220169,0.5272095561357841,0.06879270271282836,0.383048671195854,0.15762040318669943,2.5167463874173737,6.310544059686404,0.4041766529133674,0.3920786936454689,0.40471872607704723,0.4027199436873473,0.3860352312076668,0.3835007719582518,0.3830583961520131
gaussian_noise/s5,7936.0,0.5544601678848267,0.10778706520795822,0.5285388542698838,0.07069486673698104,0.38010754246811057,0.16576257183044013,2.5093656581657537,6.284050366710366,0.40437399707390353,0.3897652843752279,0.4048644749334853,0.40381813465107386,0.3835348522705897,0.38051661162909034,0.3801163417889422
gaussian_noise/s5,8064.0,0.5845879316329956,0.07846248149871826,0.5312729556046697,0.07107377477413895,0.38354391558238915,0.17244192251879803,2.4955029613880275,6.2839855817749015,0.41293670407460276,0.39525683969941794,0.41261830242345693,0.4116715543154571,0.38737002397594705,0.38391404895172304,0.38355187737119634
gaussian_noise/s5,8192.0,0.5635481476783752,0.0980013981461525,0.5328473552180212,0.0723873173776518,0.3850172787631254,0.1746745473831599,2.4847875771183072,6.270743140213321,0.41313680957612775,0.3963775450224954,0.41284871385251515,0.4112670637202916,0.3899664226456963,0.385352182305515,0.385024482737412
gaussian_noise/s5,8320.0,0.5446426272392273,0.10544706881046295,0.5334227343410068,0.07399998817925234,0.38265097025503486,0.17215867731694598,2.4904943381566285,6.250852933419211,0.41549291336424166,0.394417160011431,0.41447004388439945,0.41303893748873494,0.3893412723641309,0.38367901206822624,0.3826574885446779
gaussian_noise/s5,8448.0,0.5497615337371826,0.09720668196678162,0.5342197489456982,0.07513202202254644,0.3804355298976252,0.17213167650153174,2.4834987237035357,6.2381052814561055,0.4131259495699057,0.3925690067682252,0.4122004382796975,0.4101433515290695,0.38648903942048957,0.38136572121104817,0.3804414277670762
gaussian_noise/s5,8576.0,0.5978642702102661,0.11495162546634674,0.5373243597390918,0.07707444170273182,0.3804944622095704,0.17203288516289697,2.4537897704945753,6.216333375421296,0.4138471560355899,0.393722462400042,0.41300973624236753,0.4111484459700861,0.3859346097314483,0.38133611657466043,0.3804997987113164
gaussian_noise/s5,8704.0,0.5461043119430542,0.09930984675884247,0.5377526500905045,0.07815909560790794,0.3768855306488736,0.16911779793739815,2.4596214412943866,6.203965762847763,0.40935025242720535,0.3896166658598833,0.4085925394554676,0.4069084094708512,0.3818450573477292,0.3776470751398325,0.3768903592147009
gaussian_noise/s5,8832.0,0.5552015900611877,0.0914987102150917,0.5386038178939524,0.07880980851557545,0.3771708162504085,0.16621991116167908,2.459319202564368,6.200783137999654,0.4087577239391905,0.39017739367809784,0.408072131178921,0.4065482991107464,0.38242048318018806,0.3778598758403838,0.37717518522638904
gaussian_noise/s5,8960.0,0.6154202222824097,0.11724750697612762,0.5423509595714381,0.080684818196578,0.3791020592009942,0.1674831855305853,2.428238666267391,6.182057259007975,0.4099318846588392,0.3923578618586477,0.4093115476044847,0.4071705609443458,0.3846142503968269,0.3797255331072122,0.3791060123315513
gaussian_noise/s5,9088.0,0.5784810781478882,0.10264237970113754,0.5441134043800453,0.08175591875777602,0.3824482344108936,0.1710243457418324,2.4179628632152954,6.175540877525001,0.41255585756460106,0.39592954068233377,0.4119945650841292,0.4108195557384592,0.38743576731325025,0.3830123651731527,0.38245181127679323
gaussian_noise/s5,9216.0,0.6155354976654053,0.11403453350067139,0.5475974089305506,0.08333048533060018,0.38608938996964254,0.17038029736664312,2.395370212081043,6.1597754529868505,0.4148928967018192,0.3982875261022187,0.41438502884768613,0.4132846783332519,0.3913643974321556,0.3865998259538163,0.38609262638429653
gaussian_noise/s5,9344.0,0.6000866889953613,0.10247793793678284,0.5501578616166389,0.08426450740895056,0.38590762173933746,0.17273479018123986,2.3764740873448,6.154160715099701,0.4156690040948644,0.3984691119580455,0.415209475834224,0.4134888433937395,0.3906805463975661,0.3863694736917041,0.38591055010738545
gaussian_noise/s5,9472.0,0.5995922684669495,0.11120682954788208,0.5525692960971419,0.0855787670254838,0.38936822883136957,0.17200229974162154,2.3600877109770035,6.1402565479792,0.4192341197074888,0.40149629344924875,0.4188183300082419,0.4165364549683984,0.3936868596494337,0.389786121050019,0.38937087847313107
gaussian_noise/s5,9600.0,0.5921205282211304,0.09818703681230545,0.554498624493434,0.08619380457606046,0.3888371957480744,0.17637745265140176,2.345390859579071,6.136861134387785,0.4166226032570437,0.39981089371582823,0.41624638901995,0.4134566912593301,0.392744773067691,0.38921531238374707,0.38883959319311856
gaussian_noise/s5,9728.0,0.5805467367172241,0.07080058008432388,0.5557692641141067,0.08544291557646355,0.38447137104867407,0.17217510736631889,2.3359876120658827,6.15355045073269,0.4126609039583364,0.3959621471396637,0.4123204983339345,0.40830911802822184,0.3895314097774884,0.3848134979986194,0.38447354030144754
gaussian_noise/s5,9856.0,0.599956750869751,0.11956451088190079,0.5579247512729185,0.08710738364014341,0.39176811740929995,0.17816974319105952,2.3228410780603688,6.134300298201307,0.42021176973267677,0.40361521463380634,0.41990376440565996,0.4169992079244053,0.3977965641115763,0.39207768022361694,0.39177008018947157
gaussian_noise/s5,9984.0,0.595496654510498,0.11321116983890533,0.5597575270406053,0.08838073906447326,0.39543310920853375,0.18805543093016153,2.3059128818216816,6.12284465161727,0.42345603912159513,0.40691477778585333,0.4231773501850142,0.4205492535711008,0.40088775967501933,0.39571320738853144,0.395434885168463
gaussian_noise/s5,10112.0,0.6066126227378845,0.1112547218799591,0.5620431414648629,0.08949654310425305,0.39040229572051144,0.19250137444662443,2.2888863831195723,6.111081374758441,0.4210561484259049,0.4030405276694128,0.4208039855035137,0.4184260349087711,0.39533776470297693,0.39065573375250223,0.3904039026420179
gaussian_noise/s5,10240.0,0.586044192314148,0.11220850050449371,0.5632139244331207,0.0906044434652404,0.38824844841814266,0.19503693666467325,2.2798492333994633,6.098404963743566,0.42193346326936426,0.4018959801220564,0.4217053015769449,0.4195536877431534,0.39267697210780955,0.38847776385339433,0.38824990239054685
gaussian_noise/s5,10368.0,0.6080774068832397,0.1241353452205658,0.5654023869916631,0.0922400972094026,0.391374711507433,0.19946902478701253,2.257860138685257,6.082938347817073,0.42334074814556993,0.40372325149651855,0.42313430321150103,0.4204252879579633,0.39538172193692933,0.3915822003694305,0.3913760270886506
gaussian_noise/s5,10496.0,0.6413044929504395,0.14947694540023804,0.5691049287457498,0.0950321385845653,0.396378456991556,0.2027542455092481,2.229993273817008,6.051161890796912,0.4267891302376037,0.40907603541118664,0.4266023350295616,0.4248761826199061,0.4022534795158057,0.39729121163706344,0.39637964735385933
gaussian_noise/s5,10624.0,0.630800724029541,0.13397932052612305,0.572114479735203,0.09693200111829982,0.3988052546604144,0.20503893957142555,2.2026868920877782,6.031312185098717,0.42933299648506557,0.4117814692804372,0.4291639807138389,0.42683993085358546,0.40412108408301034,0.39963113200474326,0.39880633172232
gaussian_noise/s5,10752.0,0.5837949514389038,0.14213210344314575,0.5726842588427006,0.0991368841585362,0.39653943625133276,0.20626961754202155,2.209834225419426,6.0037799775210114,0.42568589390469047,0.40904275120496425,0.4255329652978875,0.4226679267271288,0.40058710225476424,0.39652451027912816,0.3965404107969356
gaussian_noise/s5,10880.0,0.603469967842102,0.10799262672662735,0.5741860007451104,0.09956887160088211,0.39292771120658954,0.1999471078414127,2.2127643402627912,6.003687289004521,0.42383595754255454,0.4049659575150211,0.4236975849007061,0.4188558397096745,0.3973151294048164,0.3929142059099071,0.39292859299353894
gaussian_noise/s5,11008.0,0.6290136575698853,0.13954028487205505,0.5768605205902213,0.1015186966385003,0.3964451509489724,0.20166243368637043,2.191486099789531,5.982611680351739,0.4250993405248218,0.408062594515376,0.42497413839022835,0.4205560572268976,0.40041496836688023,0.3964329311058707,0.3964459488061705
gaussian_noise/s5,11136.0,0.6435998678207397,0.14147159457206726,0.5801160985039051,0.1034676184889182,0.40172847982949855,0.20343757384709663,2.160036719978256,5.961231186607959,0.4284175175123462,0.4122401583925562,0.42754203717521555,0.42278228021541414,0.40532044431054426,0.40171742308865516,0.4017292017454999
gaussian_noise/s5,11264.0,0.5475165843963623,0.11250467598438263,0.5785258783035372,0.10390845056186768,0.3967862985250846,0.1952095775261356,2.1762840139202537,5.963938875953044,0.4201356598074233,0.4077474901338953,0.41934350894913913,0.4165240025030606,0.40076138952786305,0.3967762941807522,0.39678695172808165
gaussian_noise/s5,11392.0,0.6078229546546936,0.11116650700569153,0.5799550039792034,0.10426250209571274,0.4006614872436965,0.19958805319289247,2.1713859458712608,5.966146666417088,0.4203012127109404,0.4098915422329891,0.41958445991174337,0.41703331814821837,0.4035332084901128,0.3999274202551601,0.40066207827389183
gaussian_noise/s5,11520.0,0.6301859617233276,0.15254546701908112,0.582405294600868,0.10661776867734046,0.3975683355726724,0.20057535925424713,2.1495513761975324,5.939232831152775,0.4220125785445213,0.40740707063437026,0.42136404730860305,0.41905572689080317,0.4008917371287696,0.3976291530089819,0.3975688703477629
gaussian_noise/s5,11648.0,0.604280948638916,0.1441347748041153,0.5834723996758947,0.10844786653718314,0.3939330389090034,0.20081803773093984,2.154062107122693,5.922438707667466,0.41971289825473934,0.40428533874769607,0.41912609515549387,0.41707466424801404,0.39766512919265823,0.39398806765417094,0.39393352278343086
gaussian_noise/s5,11776.0,0.5870939493179321,0.11861685663461685,0.5836490606340429,0.10894391483461893,0.40036639035133503,0.19955040772680516,2.1648860190164223,5.919193566458844,0.42438032019361005,0.4089711482660593,0.4238493698581238,0.4219931970976974,0.4029810597870513,0.400416181381317,0.4003668281698978
gaussian_noise/s5,11904.0,0.5795906782150269,0.15404877066612244,0.5834510907599445,0.11114415170444836,0.3986398154219991,0.19542901258326628,2.1713342254645736,5.8963432829927385,0.4218552748450213,0.4071505749629245,0.42137486112683303,0.41897034668982613,0.4010056168566954,0.3986848672700673,0.3986402115683608
gaussian_noise/s5,12032.0,0.5947211980819702,0.14450226724147797,0.5840008520927262,0.11277137685259614,0.38739212329378975,0.1925364533843831,2.172441048706621,5.874827423868143,0.4099222921114083,0.39737940185521003,0.40948760486253005,0.408074150693174,0.39105713458598074,0.3874328870421013,0.3873924817343705
gaussian_noise/s5,12160.0,0.6391615271568298,0.16122087836265564,0.5866916167299996,0.11513476717016001,0.3944480485008056,0.1957936916107357,2.1487731680168003,5.849550852002282,0.4148709436653492,0.4027597086387712,0.41447763057460335,0.41319871100792244,0.3977642187419849,0.3944849322968686,0.39444837282449585
gaussian_noise/s5,12288.0,0.6255621314048767,0.16767683625221252,0.5885877393970668,0.11769779493026013,0.39259695524671345,0.1948555651040625,2.13302283785247,5.822853765539688,0.41473822445865327,0.4016418898510238,0.4143823474741057,0.41326233756279,0.39635968275226596,0.39263032838996853,0.392597248700808
gaussian_noise/s5,12416.0,0.5891619920730591,0.13628005981445312,0.588615751722725,0.11860424687583052,0.387947631725313,0.19125539233984476,2.140079541121653,5.817335387480655,0.41026804842451614,0.39689385155467405,0.40994604432368514,0.40893263856811635,0.391352217409992,0.3879778283647484,0.38794789724802436
gaussian_noise/s5,12544.0,0.5906131863594055,0.12633809447288513,0.5887131875586605,0.11898150773422342,0.38606460312564006,0.19173450431225691,2.1468763690757307,5.822538565109143,0.4085471157963646,0.39572087936624584,0.40825576050941403,0.40882602216662994,0.3906695256874466,0.3868541207274136,0.38606484337551755
gaussian_noise/s5,12672.0,0.5808318853378296,0.13573692739009857,0.5883287337917906,0.11979884527841245,0.38871089313152796,0.18763202323554,2.1493439068003446,5.818122086442266,0.4135894783618504,0.398247446469994,0.41332585469055244,0.4146040331442261,0.3928775125345665,0.3894252633113599,0.3887111105140762
gaussian_noise/s5,12800.0,0.5473862886428833,0.14931489527225494,0.5863315413455024,0.12123865259518524,0.3785197908703474,0.18754509657421556,2.173609657157326,5.801464602326359,0.4091914613851127,0.39237246643715695,0.40819073467241535,0.40865941963852936,0.38301484031235905,0.37916616626804184,0.3785199875621117
gaussian_noise/s5,12928.0,0.6204093098640442,0.1819249987602234,0.5879938715171384,0.12419896216421149,0.3812335525959538,0.18990175008291604,2.155566641356663,5.763594089985332,0.4111980742217468,0.39601711567573805,0.41029259811822943,0.4099544778525896,0.38678796675496613,0.3818184050527612,0.3812337305663129
gaussian_noise/s5,13056.0,0.6164005994796753,0.15045705437660217,0.5893795655640914,0.12547984471115736,0.38071459458563106,0.18513715757056234,2.1448900806941444,5.753077575618464,0.4100764550215805,0.39630326171493013,0.40925716343713675,0.408951225945145,0.3857403316087469,0.3812437799436346,0.3807147556165151
gaussian_noise/s5,13184.0,0.600733757019043,0.1433447301387787,0.589933428561894,0.126351302536895,0.37925975512477383,0.1866633650593845,2.1358004469404883,5.748267698207474,0.4132629613847852,0.3956140755909629,0.41252165115281675,0.41006978861544646,0.3845693303848328,0.38050076698052837,0.37925990082850647
gaussian_noise/s5,13312.0,0.6041095852851868,0.16143372654914856,0.5906249484020546,0.1280626402935903,0.38179154523782327,0.18750519229941928,2.1262425887336915,5.7301861324580505,0.41335765274613817,0.39738861330984804,0.41268690148925297,0.4111934256300381,0.3873579426028142,0.3829144357985625,0.3817916770732649
gaussian_noise/s5,13440.0,0.6328930854797363,0.1614166796207428,0.5926868087473074,0.12968966660223188,0.38705677591120113,0.1904047575772854,2.1039360149692357,5.712449196207372,0.4207678404681,0.4041065323285419,0.4201609322814716,0.41953462247667334,0.39354338530569916,0.3880727881318343,0.3870568951983556
gaussian_noise/s5,13568.0,0.6305938959121704,0.19328612089157104,0.5945359349504714,0.13279193266512646,0.3867457502444598,0.189477624196937,2.0911423848122386,5.670601228807666,0.417285327395586,0.4014476714287401,0.4167361856038776,0.41689450374004766,0.39261495481854153,0.38766505695926234,0.38674585817769114
gaussian_noise/s5,13696.0,0.6076057553291321,0.1609809845685959,0.5951734871640646,0.1341670083677347,0.38798871869233986,0.1915759764447003,2.0874460295272406,5.660408770354939,0.4163836900468092,0.40201630472523114,0.41588681636139074,0.4167922606713935,0.39402429879774037,0.3888205244705758,0.38798881635233085
gaussian_noise/s5,13824.0,0.6291549205780029,0.1824224293231964,0.5968311180623055,0.13652093134117188,0.39415130346879773,0.19176431301153432,2.078782301017937,5.636425421507714,0.41908140544984934,0.4075687385407951,0.4186318249171179,0.4194510877341996,0.4010624381150286,0.3949039367755775,0.39415139183337017
gaussian_noise/s5,13952.0,0.610200047492981,0.1508251428604126,0.5974832609613628,0.13721869775674458,0.39152907946224946,0.18842118982185824,2.079273301850064,5.634389928408565,0.4148856738186918,0.4044316188700472,0.4144788850082905,0.41518298896116446,0.3985445974854006,0.3922100760473845,0.3915291594161546
gaussian_noise/s5,14080.0,0.6313382387161255,0.18668775260448456,0.5991347232908634,0.13963182238346358,0.38843142763954874,0.18314686479419773,2.0638740544135192,5.605952121320129,0.4147887328246461,0.4045675147539213,0.41365846763688857,0.4142955539618864,0.3969914234237325,0.3890476059893348,0.3884314999833261
gaussian_noise/s5,14208.0,0.6054879426956177,0.16483134031295776,0.5994446364325586,0.14086106716051208,0.3871901852705256,0.18573624708624314,2.056471020763313,5.594569152472878,0.4109644037039183,0.4017532361336789,0.4099417187838831,0.4112803614372571,0.39562326295508454,0.38774771487791676,0.3871902507285181
gaussian_noise/s5,14336.0,0.6184343695640564,0.20072880387306213,0.6003709648779975,0.14378144456112427,0.38759147638100494,0.18586694337785592,2.0456214685231817,5.559202936418245,0.41055286022228415,0.40073121484790336,0.4096275159252148,0.41312533000955864,0.39598407671307767,0.38809593951773425,0.3875915356086115
gaussian_noise/s5,14464.0,0.6425695419311523,0.18527621030807495,0.602429432051322,0.14580557947560968,0.38856804614842855,0.18213704394867272,2.022755343928945,5.535252280482053,0.4114817967864926,0.4018699748861755,0.41064452809176183,0.4138094151960372,0.3968868415708454,0.38902449375756915,0.3885680997386663
gaussian_noise/s5,14592.0,0.6469966173171997,0.17652678489685059,0.6046034410886819,0.14730417486201167,0.3851759358666031,0.185584737564504,2.009411601708963,5.5261306498824,0.4058343622321566,0.397174587627527,0.4050767859771384,0.4079404345705964,0.3926657561149648,0.3863139530072949,0.38517598435604483
gaussian_noise/s5,14720.0,0.6114598512649536,0.1840616911649704,0.6049379001216707,0.14909722443776577,0.38638242025764624,0.18351762988436082,2.013439598788972,5.507278430988408,0.4118599434593159,0.40025062330842864,0.41117447440287175,0.41224116655673826,0.3954459339981329,0.38741211928857555,0.38638246413179306
gaussian_noise/s5,14848.0,0.633242130279541,0.1807025521993637,0.6063185942757131,0.15063894774320957,0.3816739507506721,0.18480759372642047,1.9975109977513124,5.491642306250802,0.40632523735967846,0.3950215336419512,0.4057050122348411,0.4074323702158232,0.3906369813272814,0.382605641545463,0.3816739904488145
gaussian_noise/s5,14976.0,0.6675119400024414,0.22096048295497894,0.6093036355306755,0.1540692665340276,0.39221137959058433,0.19028768593568446,1.973480707771453,5.447546408141058,0.41455350150152936,0.40356350545473396,0.41399231029696215,0.41551807560872517,0.3981462513972606,0.3916043609700471,0.39221141551020033
gaussian_noise/s5,15104.0,0.6166114807128906,0.21128828823566437,0.6096601157834663,0.15686043832435134,0.39220910669677495,0.19756994069492922,1.9773110030521537,5.421704142844569,0.4160869278904379,0.4039307506226355,0.41557915167262305,0.4161974973235401,0.39757908886093596,0.3916598649824162,0.39220913919751016
gaussian_noise/s5,15232.0,0.6203485727310181,0.20685133337974548,0.6101815039272493,0.1592990185709559,0.39347117863521397,0.1958864543706052,1.9649249082594167,5.394624730869882,0.41583846955464365,0.40556434961155774,0.41537902420824485,0.41742572482397644,0.39909223328821153,0.3929742145379268,0.3934712080424824
gaussian_noise/s5,15360.0,0.6604094505310059,0.1967759132385254,0.6126316476640179,0.161127159774252,0.3962490557431055,0.19527412081956605,1.9478183135993148,5.37888115443914,0.41877398107829444,0.40947776666221253,0.41835826640139223,0.42021015910604886,0.4028223003161034,0.39579939340403725,0.3962490823513478
gaussian_noise/s5,15488.0,0.6411659717559814,0.19109497964382172,0.6140235659124064,0.16258900464593828,0.40036128125238746,0.19602137880223675,1.930929857804951,5.369719807972079,0.4251667014991587,0.41679249440406024,0.42479055514367486,0.42570398691273065,0.4070710700659091,0.39995441842209434,0.400361305328019
gaussian_noise/s5,15616.0,0.6048722863197327,0.21685342490673065,0.6135771620298369,0.16523604953670865,0.3987839136138497,0.19509876095074483,1.935962410333202,5.342179614237187,0.4242399184891257,0.41586340510920616,0.42389957428526437,0.42396386918159623,0.40561725019051026,0.39765358145152024,0.39878393539792795
gaussian_noise/s5,15744.0,0.6546706557273865,0.20596696436405182,0.61558172269801,0.16722292343072537,0.3965944869760056,0.19528641606548655,1.9222928769636691,5.325206386537968,0.42423790364185604,0.41429773299887124,0.4231677587673332,0.4239509488549719,0.40350243161199645,0.3962967563282345,0.3965945066866439
gaussian_noise/s5,15872.0,0.6420035362243652,0.2128421515226364,0.6168705916505152,0.16944825163033078,0.39903790284979446,0.19458247402475018,1.9185132498536577,5.304882738184338,0.42778679443144735,0.41654333842432073,0.4268185074866828,0.4282893475362357,0.4060505344924727,0.39953070575564825,0.39903792068434585
gaussian_noise/s5,16000.0,0.6327663064002991,0.22552800178527832,0.6176459923700168,0.17218384919886479,0.39671276040127146,0.19546992444476205,1.913207751470331,5.27074583524193,0.423561846716378,0.41407639366055426,0.4226857227169807,0.42474158096526743,0.4038572950404824,0.3971586576170975,0.3967127765383045
gaussian_noise/s5,16128.0,0.6543093919754028,0.2507992386817932,0.6194344508873527,0.1760187462468125,0.3960589581025186,0.19471133556245274,1.8941363082275022,5.221750394811858,0.42557633483379587,0.4162687059831665,0.4247836015779462,0.42664378027850786,0.4047728707653621,0.3964624141794201,0.3960589727036056
gaussian_noise/s5,16256.0,0.6321136355400085,0.231668621301651,0.6200529476996773,0.17873337429826802,0.39641548201899507,0.1970737307498457,1.887163342015902,5.189881816053392,0.42964848618810436,0.42202614622272233,0.4289312064247805,0.4313393455107736,0.4065122167960237,0.3967805365656739,0.3964154952303296
gaussian_noise/s5,16384.0,0.6298007369041443,0.2195139229297638,0.6205284496120903,0.18072266935346293,0.3898411351284304,0.19307652853689192,1.8874191901630593,5.179618309279215,0.4199109741178505,0.41377633456559226,0.41926196607500954,0.4222030901379456,0.39897684815392737,0.3901714432578168,0.389841147082291
gaussian_noise/s5,16512.0,0.6188043355941772,0.2260752022266388,0.6204443464892653,0.18293498803020322,0.3906407593874733,0.1941073170164263,1.8932384899306556,5.164145384464472,0.42234731804476533,0.41607156744453644,0.4217600835217665,0.4251834622842447,0.4011935074611086,0.39093962831358675,0.39064077020354826
gaussian_noise/s5,16640.0,0.6545761227607727,0.2514169216156006,0.6221093111854363,0.18627557015632015,0.39452459549574465,0.19805159380248927,1.8812764883894972,5.123622876197475,0.4268755328650137,0.4212714777413087,0.426344192169308,0.4287167139407116,0.4055601278098431,0.3955572127691644,0.3945246052823301
gaussian_noise/s5,16768.0,0.6591737270355225,0.23593226075172424,0.6239173314708064,0.18869784774633985,0.3887437000291657,0.1954857074203368,1.8580740377556277,5.093504485397026,0.4218264042163508,0.4152313608831234,0.42058344217103955,0.42269296365486153,0.4002532447345457,0.38967803130392564,0.38874370888424986
gaussian_noise/s5,16896.0,0.6339473724365234,0.2153422087430954,0.6244066017618171,0.18999757267301087,0.3873983746248429,0.19411214216914474,1.8551661487462217,5.093681564458351,0.4196559850166981,0.4114020820364252,0.4185313298882517,0.42044006408033574,0.3978496045456538,0.38824377490378986,0.3873983826370874
gaussian_noise/s5,17024.0,0.6166222095489502,0.2668130099773407,0.6240268753124089,0.1937446671756611,0.39586655431551815,0.20236886867297393,1.8705811639957772,5.051118823046926,0.4264666884059475,0.41831056917156617,0.42544907957170186,0.4271761376955328,0.4053230211266743,0.3966314881788604,0.3958665615651457
gaussian_noise/s5,17152.0,0.6378064155578613,0.21797987818717957,0.6246990480073089,0.19492687259085711,0.39761706074592684,0.20472742370707517,1.8681032493008283,5.04565594659188,0.42751685488723745,0.41872419732894234,0.42587108865470463,0.42670874802790326,0.40693564255423653,0.39830918710294266,0.39761706730552443
gaussian_noise/s5,17280.0,0.6383441090583801,0.2682470679283142,0.6253646607415074,0.1985034674853672,0.3977509217100266,0.20083828760170216,1.8673481348344154,5.005883993587468,0.42259258553449625,0.41536184065277887,0.42034127057930143,0.4210992003274484,0.4054575326145114,0.3983771704839832,0.3977509276452722
gaussian_noise/s5,17408.0,0.6293172836303711,0.23243942856788635,0.6255574716141349,0.20015888022109984,0.40092082208265933,0.20250596992396727,1.8698643189637723,4.991457634377022,0.42339802058177795,0.41609331328547094,0.421360989025055,0.42200959767879176,0.40713171154471856,0.4007252684747998,0.40092082745297974
gaussian_noise/s5,17536.0,0.6272360682487488,0.24249231815338135,0.625639354376799,0.20222392597389405,0.4065403452633699,0.20249052959806915,1.8754657795531016,4.97116764717947,0.42607875627893166,0.4224809217770382,0.4242356123183275,0.4263468757105545,0.4136472833191653,0.40636340472942917,0.4065403501225355
gaussian_noise/s5,17664.0,0.6170651912689209,0.22919496893882751,0.6252211025178781,0.20353958660632981,0.40426330466721333,0.20258809965417204,1.8890911356465203,4.967310744356655,0.4301774469364991,0.4208988590261006,0.42850973607149084,0.429657851252679,0.41218100412162423,0.40410320558802004,0.4042633090638765
gaussian_noise/s5,17792.0,0.6573009490966797,0.25183698534965515,0.6267859730826977,0.20589555727673592,0.41356156240263614,0.20804892895538113,1.8793248416197228,4.943040147167724,0.43842200879858134,0.42861372074877985,0.43691303305457324,0.4379890492298184,0.4207628240743548,0.41269168691218233,0.4135615663808186
gaussian_noise/s5,17920.0,0.6232160329818726,0.28846004605293274,0.6266118296631452,0.20992309331459916,0.41275409661773316,0.21196753179127586,1.8821866925691804,4.894644216783298,0.440434934790388,0.42934798885121594,0.43906958553004516,0.4400431849366768,0.420794322080365,0.4127292122507015,0.4127541002172665
gaussian_noise/s5,18048.0,0.623908519744873,0.2705878019332886,0.626479960886644,0.2128823473935596,0.4076362171062297,0.2140259463739028,1.8919186377547608,4.857170883309229,0.43779463760629395,0.42558791852629346,0.4365592442541336,0.4381651899397296,0.41563617720656465,0.40685150614712495,0.4076362203631543
gaussian_noise/s5,18176.0,0.5933533310890198,0.21309639513492584,0.6248640277257843,0.21289278874679696,0.40083042011812925,0.21508906272141948,1.9132525926717348,4.868677290953411,0.4331934228430536,0.4192856776195671,0.43207561600864797,0.4335658857217898,0.4088311276211688,0.4001203990777971,0.40083042306505506
gaussian_noise/s5,18304.0,0.6390752196311951,0.24560540914535522,0.6255572565992189,0.21448852632721443,0.40268475252806335,0.20876366115364606,1.9061833075767414,4.857706204344563,0.4348302773017755,0.4193090515522674,0.4330938500589848,0.4329550637613576,0.4120989857892907,0.40276732718461,0.40268475519449654
gaussian_noise/s5,18432.0,0.6382757425308228,0.282493531703949,0.6261776705471019,0.2178058436626649,0.4039721942862488,0.2075019503954168,1.9011523677165678,4.818740149951091,0.4366831360951817,0.42122639346281887,0.435111984497154,0.4349864080791344,0.41317820189500953,0.4048091044900605,0.40397219669888706
gaussian_noise/s5,18560.0,0.6461161375045776,0.2752397656440735,0.627150278691369,0.2206074983934653,0.4065127647289616,0.20639751133339024,1.8905643252906015,4.785625775984339,0.43389800713906684,0.42136248926647674,0.43320141488409947,0.4330877910103292,0.41411751640827454,0.40727001661474244,0.4065127669119614
gaussian_noise/s5,18688.0,0.6377577185630798,0.3094690442085266,0.6276677147826719,0.22494220794541953,0.40786342364827516,0.2053610141214078,1.891707908034084,4.729400232829673,0.43779156386586593,0.42274975977055984,0.437161274264554,0.43705846527466424,0.41394496874300146,0.408548599209413,0.407863425623494
gaussian_noise/s5,18816.0,0.6405254602432251,0.29909586906433105,0.6282949218783087,0.22855945970731764,0.4032110454307118,0.20286160171246953,1.881534748770092,4.691388099529,0.43395283678761576,0.41965489863832334,0.43338253905793367,0.4325645007036075,0.4094759354301637,0.4038681852453998,0.40321104721792644
gaussian_noise/s5,18944.0,0.6292691826820374,0.2690056264400482,0.6283424467955637,0.23053244345037766,0.3892788519334399,0.2021244772187187,1.8817372222146838,4.676521836315694,0.4222812401867719,0.40636978038601407,0.4217652242160125,0.4210250479299149,0.39636029017803626,0.3898362639846836,0.3892788535505449
gaussian_noise/s5,19072.0,0.6290782690048218,0.2893469035625458,0.628378340561869,0.23340144150462977,0.38555882438474837,0.20301908378921543,1.8858839170973427,4.639721412214257,0.42140601803930994,0.4055218238947813,0.42093911721151395,0.42026939196989915,0.39497784138060266,0.38755039114854467,0.385558825847935
gaussian_noise/s5,19200.0,0.6222587823867798,0.3106585741043091,0.6280798255289378,0.23717008211924828,0.3859294895236182,0.20672859990683917,1.887510047240166,4.603705932219594,0.4221013107898812,0.40700398223912093,0.4216788502550343,0.4217978852981657,0.3944519909220087,0.38773149609573854,0.38592949084753664
gaussian_noise/s5,19328.0,0.660896897315979,0.3381938338279724,0.6296806582990374,0.2420980700074787,0.3916374203244636,0.212334444056099,1.8691599837850343,4.55282792299458,0.42654140018525244,0.41291823735020994,0.42615915005229454,0.42550466004670434,0.40079876751479787,0.3932679093168461,0.3916374215223695
gaussian_noise/s5,19456.0,0.621588408946991,0.27121543884277344,0.6292859144282059,0.24351842946285893,0.384904382102028,0.20840909542494143,1.8650019048401283,4.559353431420702,0.4185868350278221,0.406297524693438,0.4182409680128138,0.41764877330817207,0.39315655882808304,0.3871046936769321,0.3849043831859155
gaussian_noise/s5,19584.0,0.669864296913147,0.29441532492637634,0.6312653477201542,0.24600120485132318,0.3905611631036196,0.21298125172000948,1.8399839929080453,4.543483954148745,0.42553648190203297,0.4144540660670548,0.42522353500743,0.42323767650311106,0.4002772908848985,0.3925520458552134,0.3905611640843411
gaussian_noise/s5,19712.0,0.6552491784095764,0.347076416015625,0.6324352906806138,0.25093170295689887,0.39655325941737385,0.21745284584541014,1.8300348049731245,4.494500455738902,0.4310996365098109,0.4196592114741168,0.4308164763511606,0.428294619846063,0.4068318021629569,0.3983546470825578,0.39655326030474886
gaussian_noise/s5,19840.0,0.6223233342170715,0.3301786482334137,0.6319420245116605,0.25479740760453373,0.3935908730361842,0.21830132571735206,1.8372880981781725,4.452617977899558,0.43014726182713997,0.41758352805004856,0.4298910532600328,0.42688421581550373,0.4044154795299568,0.39522080203008353,0.3935908738390975
gaussian_noise/s5,19968.0,0.6491089463233948,0.3162400722503662,0.632779435331745,0.257794610757989,0.39334575722072346,0.22146717216900208,1.8395782440660138,4.425700004729499,0.42798422679302783,0.41509193703993086,0.42775240452618074,0.42426956707637187,0.40390225720705786,0.3948205472265062,0.3933457579472144
gaussian_noise/s5,20096.0,0.6181892156600952,0.27332162857055664,0.6320677172989816,0.25855202626104107,0.3932726928808568,0.21602190295600962,1.8391263587405275,4.426399895981876,0.4296893271577605,0.4172619489814008,0.4287545551959077,0.4256032192285316,0.40492509411774835,0.39529494487300176,0.39399770841029924
gaussian_noise/s5,20224.0,0.6366678476333618,0.30246275663375854,0.6322921139006586,0.26069401310849066,0.3878340368065337,0.2139206212945215,1.8440066853793062,4.414610574324906,0.42673332338307773,0.4140387712080372,0.42588752436226984,0.4230361370889926,0.39986455571272767,0.38966380794279337,0.3884900443141375
gaussian_noise/s5,20352.0,0.6553691625595093,0.29145699739456177,0.6334178235913343,0.262194646488299,0.3954613741717655,0.20926800415762473,1.8429662403666816,4.409792337879528,0.43069535090164257,0.41993409935004433,0.4299300562492637,0.4281122632435204,0.406346810969101,0.3971169850571022,0.3960549419403945
gaussian_noise/s5,20480.0,0.6462775468826294,0.321713924407959,0.6340451271665194,0.2650980258990141,0.40087552059206144,0.216770008520968,1.8303623507099354,4.384610432430632,0.43340653106567417,0.42443174605081346,0.43271407826004166,0.4310693054095149,0.4106876855942907,0.40161135292793126,0.4014125917259607
gaussian_noise/s5,20608.0,0.6313636302947998,0.2812320590019226,0.6339143224410697,0.265885051904034,0.39841265129121084,0.21554561746602757,1.8318598619687139,4.3863813653518715,0.42857232822777536,0.42121397129285376,0.42870797919900255,0.4272197581962356,0.40805307542469726,0.39907844604603415,0.39889860322140763
gaussian_noise/s5,20736.0,0.6532050967216492,0.30076003074645996,0.6348553358206102,0.26758627038415234,0.3969092163081092,0.21280183472089706,1.8222536456107847,4.3724005700805595,0.4256854617694505,0.4175030935969248,0.42580820128595054,0.4244988115505498,0.4048698558720788,0.3975116397596775,0.3973489146340041
gaussian_noise/s5,20864.0,0.6608666181564331,0.3509376049041748,0.636124178861382,0.2716521891412266,0.4053830565167365,0.2163424096433578,1.8138387539428789,4.331972960451579,0.434394757496332,0.4270283791558136,0.43450581448895337,0.43553327921974194,0.41407320094076855,0.4052031255648242,0.40578090372297454
gaussian_noise/s5,20992.0,0.6447046995162964,0.31020450592041016,0.6365427408445485,0.2735327899597233,0.4009667632135373,0.21359714757141415,1.8087735708646044,4.32297234925325,0.4287042987221421,0.4228012579988057,0.428804785150326,0.4319466791750312,0.41184136741874416,0.4015661534706113,0.4013267427499371
gaussian_noise/s5,21120.0,0.6166704893112183,0.3108752965927124,0.6355733627209714,0.27535437564913734,0.39990805880296854,0.21923706808811477,1.8238171467035524,4.302832193999693,0.4250054957503736,0.4211515249352668,0.42509641773566076,0.4286642766360633,0.409747602524634,0.4019376082265317,0.40095878984096034
gaussian_noise/s5,21248.0,0.670608401298523,0.3541563153266907,0.6372823889930471,0.27919837270657893,0.4004001531465289,0.22513954822250004,1.8089370475303805,4.258342696380443,0.42760759014653077,0.4210716653340516,0.4276898580463652,0.4324053329943202,0.4099909895538181,0.4022365271341788,0.40135087409167197
gaussian_noise/s5,21376.0,0.6278531551361084,0.31920963525772095,0.6368224263658794,0.2811501416115127,0.4024441599856457,0.22304417183011455,1.8148140517372662,4.242945155254891,0.42923699857993647,0.42111094763420137,0.4285864212305303,0.4328530704844503,0.4110477662768336,0.40410574525347165,0.4033043899425538
gaussian_noise/s5,21504.0,0.6832811832427979,0.3421897292137146,0.6390887071891437,0.2841276824701567,0.4110790109090821,0.2212225968790031,1.7833991797111273,4.215070330942778,0.4374967131707813,0.430906306574432,0.4369080587100753,0.44149361701775663,0.4195887284396573,0.411820248977115,0.4118573629402881
gaussian_noise/s5,21632.0,0.623656153678894,0.344036340713501,0.6383358997008388,0.2870500560430027,0.40749623771131105,0.22399885178641507,1.7952743931319999,4.184283172760652,0.432961035534062,0.4269235528255271,0.4324284100523643,0.4380647183129136,0.4159581831985239,0.407441908800828,0.4074754902035563
gaussian_noise/s5,21760.0,0.6468682885169983,0.3560445308685303,0.6387521137894319,0.2904156401808333,0.4035294631522332,0.22052483852893356,1.7911342023241759,4.144105473788068,0.4318686704624083,0.4248442735559944,0.4306245459188852,0.434199992001155,0.4141604084740957,0.4057297104616653,0.40351069042213505
gaussian_noise/s5,21888.0,0.6559904217720032,0.3537410497665405,0.6395930068617524,0.2935046845508678,0.4010370692769463,0.21665647198245563,1.7878170467790144,4.110404819220257,0.42961614977592083,0.4225353302074167,0.42849044279751597,0.4324877678963454,0.4121433559126112,0.4030278938799482,0.4010200833623245
gaussian_noise/s5,22016.0,0.6526647806167603,0.3161059021949768,0.6402306543619966,0.2946071829725317,0.39764790741834344,0.21536852699899764,1.7764663389737732,4.102618131970107,0.4250683603861842,0.41862432316804327,0.4240497998185733,0.42690445863791865,0.40922147194710384,0.3994492424696021,0.39763253824752853
gaussian_noise/s5,22144.0,0.6598161458969116,0.34448063373565674,0.641186044192968,0.2970400342292695,0.3998051559686498,0.21859043995566652,1.7691362662140153,4.091502524437954,0.4291145009800036,0.4240460116231968,0.42819288847355735,0.43077583675685555,0.4125637173298899,0.4007100224843931,0.3997912496576388
gaussian_noise/s5,22272.0,0.6693441867828369,0.34005680680274963,0.6425596121241811,0.29913841337919533,0.40110642012392406,0.22100375322579935,1.757157541550492,4.0808224141746345,0.4299126448486529,0.42456438648357064,0.4290787527473413,0.4306536571726218,0.4134127983692817,0.4019251601420356,0.4010938374356149
gaussian_noise/s5,22400.0,0.6893550157546997,0.341066837310791,0.644842314740304,0.3011837023514683,0.39648370910677483,0.21415256315076786,1.7388290408310552,4.05541083783919,0.4254853556304587,0.4199211373239209,0.42473083457983707,0.42543082246255665,0.4098681536702423,0.3979867153932398,0.3964723240568532
gaussian_noise/s5,22528.0,0.6747487187385559,0.3749818801879883,0.6463011637158285,0.3047836134654449,0.39668826386163264,0.2153523489305877,1.7178737465555989,4.014381054121853,0.425141716784014,0.4200699285363972,0.42445901213321363,0.4273417792775423,0.4102859677170961,0.39881040696794623,0.39667796245715264
gaussian_noise/s5,22656.0,0.6650313138961792,0.38266098499298096,0.6472148295782846,0.3085825096375198,0.4013349787825956,0.21807386836610582,1.7095905655512331,3.9770354047423853,0.4330662113197414,0.4262277580629745,0.432448487480439,0.43280746358188094,0.4166128535976818,0.4040173283749234,0.40132565788062413
gaussian_noise/s5,22784.0,0.6558215618133545,0.3382547199726105,0.6476346701751173,0.31002993453191446,0.40397784219412725,0.21821258404809454,1.7061102378485002,3.976890540847774,0.4326516700876422,0.42718912552872346,0.4320927420926518,0.4324175503319696,0.4177271863902879,0.40640488189069507,0.40396940846902396
gaussian_noise/s5,22912.0,0.6977453231811523,0.42127153277397156,0.6500790922729727,0.31545635395835625,0.4100314086717831,0.22486323042067327,1.689630508063933,3.925026063409015,0.4367753957188006,0.4302712135212304,0.4355074721730657,0.435801364696565,0.4217098753715811,0.4107402292419674,0.4100237776807766
gaussian_noise/s5,23040.0,0.7064230442047119,0.38180506229400635,0.6528275777330574,0.3186928763161928,0.416995997971316,0.2295795499523165,1.6661419426962656,3.8894357893547933,0.44420605406799263,0.43752157392373076,0.44305881331066793,0.44332473272068723,0.4290501013921325,0.41836236685129824,0.4169890933090191
gaussian_noise/s5,23168.0,0.7209793925285339,0.3300805687904358,0.6561520565035684,0.3192483735100583,0.41902195890206523,0.2300731680413286,1.6383926894449563,3.8930069805142797,0.4465421821757387,0.4397689256026142,0.4455041374452861,0.44574474626303706,0.43210378002226857,0.42102046994695097,0.41901571143546584
gaussian_noise/s5,23296.0,0.6219308972358704,0.3091709613800049,0.6544827316612417,0.3187567924305435,0.41269402111245757,0.22750820261205282,1.6567552369941083,3.9189481870475404,0.4375204694165964,0.43215409627696383,0.43658122727797744,0.4360739197299698,0.4244935154157468,0.41522732587109595,0.4126883682887231
gaussian_noise/s5,23424.0,0.6478696465492249,0.2941887676715851,0.6541601421435823,0.3175583521983992,0.40925497091733964,0.23048555988871644,1.6641804024247677,3.950886275111688,0.4339678072472594,0.42613779324048895,0.43311796352754534,0.4333839571143867,0.4184441623720112,0.4100599420880052,0.40924985613750614
gaussian_noise/s5,23552.0,0.6893762350082397,0.3591408133506775,0.6558780003321022,0.3195867649375347,0.41343058344156663,0.2294057326536215,1.652276592664328,3.933960854350669,0.43789190054912647,0.42790709905935964,0.4363979313060061,0.4359135923682226,0.4224701492967454,0.41488395116945626,0.413425955493841
gaussian_noise/s5,23680.0,0.6730864644050598,0.3722571134567261,0.6567174376039537,0.3221560502311538,0.41575872541024556,0.2298043541738003,1.6508517472866853,3.9080261182191913,0.44231622887282646,0.43251960004121714,0.44096445777301324,0.4405262189125916,0.42694949261174886,0.41707375950549846,0.41575453795724693
gaussian_noise/s5,23808.0,0.7025516629219055,0.4075891375541687,0.6589532534731222,0.3263235179054472,0.42171342733431494,0.23180096531728153,1.6256514718042367,3.8628300969195912,0.44643098400688225,0.43607960241682997,0.445207876426385,0.44481134977159537,0.4310396658313325,0.4236283094633332,0.42170963844912107
gaussian_noise/s5,23936.0,0.6356519460678101,0.34033769369125366,0.6578166043313995,0.32700713623646216,0.4126940053393771,0.23059593589981273,1.6439547062314852,3.865942168775983,0.4425693198539368,0.4287043874336694,0.4414626294137606,0.44034164961487,0.4234191443958696,0.41446380648050546,0.4119655622136307
gaussian_noise/s5,24064.0,0.645149827003479,0.33666181564331055,0.6571987127544278,0.32747809620752794,0.4083440405242073,0.22736773855063364,1.6473008002150973,3.8662793978343117,0.43838737983214626,0.4235927265238615,0.4373860257812789,0.43560954733147955,0.41877336027728584,0.4099453894448833,0.40768493166385017
gaussian_noise/s5,24192.0,0.6840738654136658,0.3449576497077942,0.658509695810976,0.32833075735388234,0.4052074869942411,0.21987363494081721,1.6353865132687173,3.8579363651595613,0.4346406631318825,0.4205291713520483,0.4337346194011452,0.43288942384960166,0.4168935341949742,0.4081436272133655,0.40461111306407854
gaussian_noise/s5,24320.0,0.6261477470397949,0.3285183608531952,0.6569310641636013,0.3283399087440927,0.39878158103405154,0.21762882138309517,1.6594231086569666,3.866341582185967,0.429874895076498,0.4156193454053929,0.42905508989241037,0.42829034127022253,0.41305476829896237,0.40288828494439555,0.39824197083311325
gaussian_noise/s5,24448.0,0.6500577926635742,0.36996904015541077,0.6565957826270146,0.33037059808123015,0.3928557613044571,0.22002212214377617,1.6632539207814072,3.8467770795078233,0.4246518235641603,0.41396536249946614,0.4239100486177015,0.4239802849922715,0.4079826309236893,0.3973337783464757,0.39236751197927733
gaussian_noise/s5,24576.0,0.6622705459594727,0.36863836646080017,0.6568726003505492,0.33223731848998966,0.39401910347654917,0.22523640558041852,1.6597191930676187,3.826713807927139,0.4258375512439546,0.41388165756197975,0.42516637950477326,0.42595494555219804,0.4077433561183411,0.39959528665377125,0.3935773264250332
gaussian_noise/s5,24704.0,0.6544865369796753,0.34433427453041077,0.6567562070153846,0.3328274139065956,0.400369902669739,0.22552993628067614,1.6619092024483177,3.827582144698435,0.42992201989414336,0.41681752001890016,0.42931473124732905,0.42926604532117385,0.41275068093753525,0.4046531415826211,0.39997017459397705
gaussian_noise/s5,24832.0,0.6748359203338623,0.35914820432662964,0.6576381442504323,0.33411135490269483,0.39871735393258356,0.22469871093569804,1.6592769651060462,3.8106833064297163,0.42541947784592027,0.4143244782562445,0.4248699918067742,0.42555095474925964,0.41064472677334385,0.40259290799950426,0.3983556725505289
gaussian_noise/s5,24960.0,0.6855688691139221,0.3560624420642853,0.6590006186340172,0.3351821396422846,0.3966086230407255,0.2263447289311105,1.6485349411523489,3.801895370697535,0.42816807007950314,0.41667907877914806,0.4276708849126137,0.42832421307175716,0.41110016622382867,0.40160250628628547,0.3962813670132983
gaussian_noise/s5,25088.0,0.6770272850990295,0.4163662791252136,0.6598799682176762,0.33914234156828116,0.3967269278078188,0.2271090616919804,1.6443943708410593,3.7618388567314183,0.427569086609711,0.4149242289250947,0.4271192242427634,0.4254237823213222,0.40911413017634946,0.4005204711846759,0.3964308204802062
gaussian_noise/s5,25216.0,0.6372459530830383,0.3794361352920532,0.6587758699184256,0.34110789248163587,0.39534676216281517,0.22638779466597395,1.6501605064546012,3.7375867602603967,0.42477771013287946,0.41253703283466325,0.42437066631364845,0.4228365989950809,0.40655493277705385,0.39877923061980486,0.3950788387569266
gaussian_noise/s5,25344.0,0.6745030879974365,0.43492937088012695,0.6595430512881334,0.34568454996448905,0.3955108121651647,0.23443535733905196,1.6456971256974047,3.685732269831442,0.42583991499828056,0.41407648836497485,0.42547161419575213,0.4233213664910875,0.4079387583306953,0.400903158698824,0.3952683900947563
gaussian_noise/s5,25472.0,0.653568685054779,0.37074965238571167,0.6592516187889453,0.3469072378874755,0.39428357840762374,0.230841718329981,1.6471905432352791,3.667451693013562,0.42622472380272736,0.4140937470571842,0.42589147840079655,0.4231836992462486,0.4077780198816107,0.3991626736352833,0.39406423041887223
gaussian_noise/s5,25600.0,0.67409348487854,0.3726677894592285,0.6599756122567304,0.3481638501592683,0.3933962360249826,0.23049018654366515,1.6492842063458726,3.6638329595192514,0.42516005645684013,0.41490873841402565,0.4248585298320116,0.4224084809955646,0.40926851174296836,0.39998597656113377,0.39319776589357797
gaussian_noise/s5,25728.0,0.6450213193893433,0.35244959592819214,0.6592461345558822,0.3483729109284841,0.3894702111802489,0.2271233335710379,1.659663875487368,3.679449074350811,0.4196979154496453,0.409697317744041,0.4194250885630515,0.4172082389019951,0.4038317408453628,0.39543273072545176,0.38929063172167283
gaussian_noise/s5,25856.0,0.6826533079147339,0.3458678126335144,0.6603879478904603,0.3482507110116563,0.3849697746610104,0.22403976226148045,1.6433597519995002,3.685426198733572,0.4204814273640157,0.4084582809569817,0.42023456853325475,0.4182287218143573,0.4016637881176661,0.39036477301214284,0.38480728783382767
gaussian_noise/s5,25984.0,0.6554020643234253,0.37567979097366333,0.660144734057922,0.34958871491224197,0.3796335676736447,0.22582286044004268,1.6431383832563364,3.6635277240589263,0.4177511903751742,0.40393518461366396,0.41752782792330784,0.4164750957047218,0.39851241625637723,0.385277257436924,0.37948654657659237
gaussian_noise/s5,26112.0,0.6664453148841858,0.3828743100166321,0.6604520794640811,0.35121240247830976,0.37926689853159645,0.22446182077888455,1.645468330600407,3.652849139722826,0.41371925077967875,0.40049325746423725,0.41351714828753783,0.4125646166370504,0.3955866360059189,0.3844105940282934,0.3791338711142159
gaussian_noise/s5,26240.0,0.6682263016700745,0.4255022704601288,0.660831309815593,0.3548362984774229,0.3758863489985474,0.22704130244181048,1.6374295166012556,3.6160619691643476,0.4160199169755451,0.39955398251225743,0.41583705088955675,0.41421298745089447,0.3943521852260575,0.38126547502500546,0.375765983322262
gaussian_noise/s5,26368.0,0.6911216974258423,0.40023574233055115,0.6623088896990198,0.35705090549464863,0.3825502003728677,0.22861307020463636,1.6229756887427462,3.601213981548232,0.4210760224389078,0.4046901293284613,0.4209105618102414,0.419441079067704,0.39849623660251837,0.387417333440234,0.3824412912749319
gaussian_noise/s5,26496.0,0.6995288133621216,0.38241976499557495,0.6641244957313662,0.3582884108361572,0.38720410753547396,0.22691209386154187,1.6018365915415627,3.599826617563778,0.42122643077309857,0.4079617410521057,0.4218389140472201,0.4220336890315156,0.40239457220251656,0.39160797987066975,0.38783057943436733
gaussian_noise/s5,26624.0,0.6804311275482178,0.4025479853153229,0.6649199411858467,0.3604474144692872,0.3905041329931325,0.22773396476109767,1.5958114517028588,3.5748276513137363,0.4213253427756591,0.41004822019051324,0.421879529010007,0.4220557650308954,0.4035609127424317,0.393038808675365,0.39034596152270834
gaussian_noise/s5,26752.0,0.6636608839035034,0.37772250175476074,0.6648585237574397,0.36129010165394443,0.39109193116154345,0.22528010731804254,1.6024308108407277,3.565419562168627,0.4197789091979639,0.4096123396250866,0.42028034718870944,0.419714793939317,0.40290594781751254,0.39338535276337305,0.3909488146793809
gaussian_noise/s5,26880.0,0.6816779971122742,0.42154714465141296,0.6656789858723097,0.36422946960504043,0.39035965335913597,0.22774452304029907,1.600938579796616,3.5290341446869298,0.42066625276032305,0.4115417124150843,0.4211199631612296,0.4214076154560983,0.405473644634406,0.39464700865740054,0.3902301589097789
gaussian_noise/s5,27008.0,0.6595261096954346,0.4059833288192749,0.6653788455709987,0.366266243225247,0.391184284806214,0.22696277188833722,1.6046717897845473,3.5042889690354615,0.4223056933066337,0.4118002347313166,0.42271621889841177,0.423701506905845,0.40630973437771056,0.39506356345503046,0.3910671158249695
gaussian_noise/s5,27136.0,0.6763112545013428,0.37402600049972534,0.6659121338115033,0.36664476797034345,0.39120541177290385,0.22309510769908442,1.5943096098637335,3.501538066763537,0.42375190929172507,0.41428355563731856,0.42412336046667715,0.4257770624650745,0.4100778441335501,0.3977270553331953,0.39186159022592415
gaussian_noise/s5,27264.0,0.6952979564666748,0.395902156829834,0.6673455885751701,0.36807195767080636,0.3919495427165894,0.22351808971463855,1.5875132195211368,3.4905624575275955,0.4243354574852551,0.4165305104844506,0.4246715534026269,0.4261678536641156,0.41276228490608546,0.39857546172622843,0.39254326515980403
gaussian_noise/s5,27392.0,0.670751690864563,0.3909890055656433,0.6675117399063599,0.36918986244616425,0.3926228462057897,0.2194020014610144,1.5921080930847233,3.4916797215312734,0.4218146822338328,0.41703920669057065,0.422118788057939,0.4234726683064365,0.4114174213814134,0.3986181007052905,0.3931600572921249
gaussian_noise/s5,27520.0,0.6992413997650146,0.428126722574234,0.6690595281921479,0.37206483123289935,0.3983815283039893,0.23036388710422537,1.573180609710276,3.4681886640613016,0.4285314584638071,0.4242848800573218,0.4288066190577782,0.4307938301571028,0.41767379412321815,0.404568340971295,0.3988676068657477
gaussian_noise/s5,27648.0,0.6854731440544128,0.4047761857509613,0.669860192380551,0.3736605070630487,0.39680669515191413,0.23520730058627412,1.5668335817953731,3.453182724379617,0.4299242107813507,0.42314458808279976,0.4294481663217612,0.4312462318078247,0.4164377399532509,0.4031296529549909,0.3972465080563963
gaussian_noise/s5,27776.0,0.6958393454551697,0.4022185206413269,0.6711274681402883,0.37505358089613544,0.3970548681297212,0.23577873539067395,1.547916037455777,3.4388966606856113,0.4344190806653387,0.426035347099309,0.43326333193063576,0.434890254955206,0.41851683668583856,0.4042260274506491,0.3974528190087916
gaussian_noise/s5,27904.0,0.6539369821548462,0.38484349846839905,0.6702889078483155,0.37553113785088,0.3942306391584211,0.23484575046354259,1.5528626231089488,3.4343289125766954,0.4280012919048067,0.42121490954077867,0.42695554899851096,0.42842761914745287,0.41364982665030364,0.4007192372114439,0.39459071249992383
gaussian_noise/s5,28032.0,0.6870262026786804,0.4048062562942505,0.6711053612546748,0.37695919240909315,0.39232587873882124,0.23182652376861884,1.5444874257827526,3.4176225969163356,0.4221943575176746,0.4175039425410615,0.4212481499266717,0.42258010631961673,0.40917170513688983,0.39892189756014645,0.3926516797813112
gaussian_noise/s5,28160.0,0.7037883996963501,0.43590492010116577,0.6726996558128053,0.37983459375992595,0.3980384661283445,0.23435567677101088,1.5328817447563028,3.385570951590054,0.42655123009184,0.42299509018736137,0.42569508390152744,0.4276252776395818,0.4161809420066683,0.4040066663825001,0.3983332569585808
gaussian_noise/s5,28288.0,0.7111132740974426,0.4131459593772888,0.6745734908510803,0.38145953842418756,0.39816939737133367,0.23816849159352022,1.518481531438515,3.372113233557526,0.4284299053954126,0.4237622142623299,0.4276552484320186,0.43016391867329207,0.41534724139925183,0.4043317308553138,0.3991983247079127
gaussian_noise/s5,28416.0,0.7186915874481201,0.3976300060749054,0.6767255931241066,0.38224834172422256,0.40419952611647736,0.2407446613407164,1.4966390269408327,3.3715561380063153,0.4360786056552186,0.4303308018399784,0.43537768165681157,0.4376475730529906,0.42119238796446284,0.4097753198280383,0.4051305186678972
gaussian_noise/s5,28544.0,0.6782432794570923,0.44556933641433716,0.6767996266037645,0.38533717073349644,0.40073243856226176,0.2446743782862758,1.5044474474215632,3.335915287091264,0.43472668602117037,0.42883813182546526,0.4340924769779954,0.4361091365934555,0.41828293997260435,0.4079897450674873,0.4015748179023626
gaussian_noise/s5,28672.0,0.7091459035873413,0.42447781562805176,0.6783774937736949,0.3872464704844503,0.4004954128811422,0.24521845887770702,1.491145854992187,3.3172194635691525,0.43644068378239154,0.42969976115796105,0.43586683966896556,0.4370037160967554,0.41866201766706196,0.40934854387129577,0.402019808464898
gaussian_noise/s5,28800.0,0.7250447273254395,0.4387929141521454,0.6806539441908531,0.38976093115116717,0.40173097738977825,0.24483701722367185,1.4707525154827246,3.290434538297234,0.4350171207810931,0.43040501887046917,0.43449789597650007,0.4355265628692237,0.4203806834453309,0.4119536794933021,0.4038724739292741
gaussian_noise/s5,28928.0,0.6869370937347412,0.45265692472457886,0.6809604392905549,0.39282902839865064,0.4058977195775447,0.24151746174729616,1.4717155371417983,3.2677732036253366,0.43452842992744944,0.4325675393825006,0.4340586256872436,0.43575157770618034,0.42353451488420485,0.4173596350442073,0.4078353853934717
gaussian_noise/s5,29056.0,0.708513617515564,0.4121851325035095,0.6823044967649456,0.39377322859888764,0.4021946350252501,0.24225048145011152,1.4662513343007424,3.268661398491652,0.4274123985244798,0.42632598298678365,0.42698731092819603,0.4292441402088639,0.4173905396424007,0.41256558887700134,0.4039478710193161
gaussian_noise/s5,29184.0,0.699165940284729,0.4499179422855377,0.683127006204935,0.39651199512018764,0.39945748951422094,0.24302527203189747,1.4592592054233364,3.249978473774216,0.42757317558342284,0.4228163712807245,0.42718854843651766,0.42846837433532536,0.41320702605359394,0.4088413210481374,0.40104384998237946
gaussian_noise/s5,29312.0,0.701711893081665,0.4306354224681854,0.6840335860525804,0.3981765525517973,0.40517911454558597,0.24075189694260324,1.460982044800501,3.2378864686393225,0.42993087451658896,0.4263518445675086,0.4295828567352429,0.43074086696254,0.4168949355309437,0.41366977948495953,0.4066144829406301
gaussian_noise/s5,29440.0,0.7085955142974854,0.4179145395755768,0.6852317288937951,0.39913938118710357,0.4046675688422583,0.2446437449433073,1.4492136372866784,3.2334237058904227,0.43373727551441504,0.4290860532939801,0.4334223825665106,0.435232366835231,0.41976707135191277,0.41311227519132865,0.40672851192902937
gaussian_noise/s5,29568.0,0.6949505805969238,0.4598774313926697,0.685705819220777,0.40210221290444825,0.4094285378995091,0.25052610711408113,1.4491725789528163,3.2099302540665176,0.44160582751780203,0.4351850904581462,0.44132090653400513,0.44219641877238924,0.42751529775506203,0.4170694649411129,0.4112933174563079
gaussian_noise/s5,29696.0,0.6985900402069092,0.43204736709594727,0.6863343178054664,0.40356295213330184,0.4128997954462542,0.2520004217254713,1.4468104778514177,3.1986408593780453,0.44582537992538773,0.43921640249068433,0.4455675781310064,0.4455975627321856,0.4322766316986611,0.4198506283018636,0.41458708260026433
gaussian_noise/s5,29824.0,0.6992815136909485,0.41196301579475403,0.6869658883364655,0.4039727113362995,0.4084930629826012,0.2487612382179904,1.4469368507726705,3.2047937005352316,0.4412219826689558,0.4353164177206013,0.4409887188205001,0.44101584944417266,0.42827498918123946,0.4155445006824119,0.4100197517162415
gaussian_noise/s5,29952.0,0.6766727566719055,0.42685115337371826,0.6864637843528284,0.4050887328991004,0.4037435745369044,0.24296748562139406,1.4531258427415454,3.190584784640294,0.43419386415198197,0.4310254439934768,0.43398280269243344,0.434732365856387,0.42389203363751643,0.41088604136701273,0.40584996571112625
gaussian_noise/s5,30080.0,0.6805371642112732,0.38381803035736084,0.6861746809312891,0.40405113765316186,0.40314558409912643,0.235438605371886,1.459792138181415,3.2081463244540798,0.43138540593406577,0.4277935456954659,0.43119443360808524,0.43190983252085935,0.42286349385048333,0.40960822065391217,0.40505148592898454
gaussian_noise/s5,30208.0,0.7120994329452515,0.4616820812225342,0.6874393029807506,0.4068624031931312,0.4088507932271096,0.24517154596706636,1.4502650025776624,3.1653785521257456,0.4336776932931077,0.43111554610517766,0.43350489798804137,0.4341522042023956,0.4266547436921982,0.41466112648102343,0.41057528857702885
gaussian_noise/s5,30336.0,0.6913638114929199,0.4474858045578003,0.6876307424203686,0.4088440325279931,0.40334224062964524,0.24490611030095655,1.4389266161300327,3.1487308621363197,0.42878050059418005,0.42501219251991385,0.4286241521950095,0.42848483199990695,0.4202137805805077,0.40936173312173507,0.4049025960295424
gaussian_noise/s5,30464.0,0.6935932636260986,0.42939823865890503,0.687921597113331,0.409846676729501,0.4051433955964845,0.24771471967147823,1.4318353983006464,3.1514395865313767,0.43265921558819026,0.4277251902574592,0.4325177486547349,0.4323916891563703,0.42185910783042957,0.4105899441273998,0.40655523412310174
gaussian_noise/s5,30592.0,0.6844585537910461,0.43519479036331177,0.6877526681707805,0.41108317007749173,0.40158646918634916,0.250795115181629,1.4365459608021984,3.1464387314231437,0.4264832938189395,0.42053168612825426,0.42635529191186894,0.42624123093803634,0.41522394587155464,0.4072768025090869,0.402863926889493
gaussian_noise/s5,30720.0,0.6827314496040344,0.4303152561187744,0.6875077306797197,0.41202132061609087,0.4043169361287549,0.24702000011377614,1.4428100075664814,3.1451316255874606,0.43199350975526885,0.42588336978053226,0.43187769125398723,0.4317744867678484,0.41886860301643936,0.4079784453398698,0.40474778869656086
gaussian_noise/s5,30848.0,0.7152150869369507,0.466518759727478,0.6888593090337309,0.414679732280061,0.41052412840680325,0.2532524807692168,1.4310047434270818,3.106142742715269,0.43926584077201897,0.4337372727163531,0.4391610460424239,0.438342649835751,0.4266651666793601,0.4160865350160273,0.4109139718069417
gaussian_noise/s5,30976.0,0.6947797536849976,0.4584948718547821,0.6891481112118415,0.4168170561617547,0.4108795058338773,0.25298008521712,1.436619687884518,3.0811303938448686,0.4405849754992509,0.4385570444982587,0.4404901552828832,0.44047467007744034,0.4291836517069046,0.41884971431253865,0.4112322433779645
gaussian_noise/s5,31104.0,0.6601014733314514,0.4829336106777191,0.6877312020469444,0.42004225394302125,0.40872857131072415,0.2504098510501127,1.4515356970471622,3.0488336293888243,0.43956632821794206,0.4376570581093703,0.4394805331262732,0.44091655156917714,0.4321130780762652,0.4197511394820769,0.4098099299095086
gaussian_noise/s5,31232.0,0.7294848561286926,0.4534685015678406,0.6897679656606881,0.42167280260764656,0.4086041980747242,0.24960864571518226,1.4276566608950856,3.040785207902835,0.4378824421293812,0.43767928934226774,0.43780481313804964,0.43837913440613824,0.43125014381558563,0.4193398174611772,0.40958263140533163
gaussian_noise/s5,31360.0,0.6943916082382202,0.461734801530838,0.6899935092010555,0.42362704645755833,0.4091423172347742,0.2465971148916075,1.4225469373139292,3.0269621778350215,0.43994672485353287,0.4390750738189108,0.43987648470135243,0.4403961412443404,0.43253284874688025,0.4217561644012198,0.4114776516166028
gaussian_noise/s5,31488.0,0.6679486036300659,0.4120618402957916,0.6889181479536901,0.4230628900594233,0.4029553625901793,0.23730991180852765,1.4372947307574726,3.0339133605427144,0.4360515874492703,0.4330878567986694,0.4359880328558935,0.43645822774101234,0.42640613500535685,0.41665519099003884,0.4050684164835531
gaussian_noise/s5,31616.0,0.6876567602157593,0.3948858380317688,0.6888566168445228,0.4216883997166109,0.39888168143941855,0.2319182783228855,1.4436150959314977,3.05542558796642,0.4370631853125164,0.43361935168993226,0.43700567993683165,0.4374311209958832,0.4268485909239427,0.4142519604377448,0.4007936118212279
gaussian_noise/s5,31744.0,0.7278026938438416,0.4551687240600586,0.6907564254786359,0.4233215862699498,0.4046581127122877,0.23813813285491303,1.4243715166813895,3.048038113484046,0.4406554758241151,0.43982601660939136,0.4406034438928738,0.4409883908594517,0.43000027174022415,0.4170782164341522,0.4056630479358047
gaussian_noise/s5,31872.0,0.7016793489456177,0.4838026165962219,0.6912892510136106,0.426271880432207,0.4062968408300949,0.24075437244040615,1.4228753775520862,3.010405756445769,0.4411545084642945,0.4381174130058799,0.4411074290071749,0.4406935410453456,0.43071410667274296,0.41753478119949167,0.40720612487231345
gaussian_noise/s5,32000.0,0.6893996000289917,0.47554174065589905,0.6911970729167999,0.42867528824799683,0.406366742952156,0.24395815019741685,1.4256671961386767,2.9787732784481187,0.44236823758131577,0.4373336318750406,0.44232563921470136,0.44115177033311753,0.42990996802453424,0.4157728448568868,0.40718948003021344
gaussian_noise/s5,32128.0,0.6765301823616028,0.3979870080947876,0.6904816148409366,0.42717829897223053,0.40418058657360456,0.23709717218933432,1.4320548921368863,3.0041994333049833,0.4404176617258662,0.4358622570386298,0.44037911793311163,0.4393169795816012,0.425445753340462,0.41269140215783745,0.4049250143521443
gaussian_noise/s5,32256.0,0.7091195583343506,0.4524945616722107,0.6913907828162251,0.42841323861613195,0.40223969195624776,0.2390874770374643,1.4230833773060487,2.9948576796645314,0.44162716447652733,0.43678033489337054,0.4415922893374555,0.4413934419652679,0.42369303440264283,0.41211548047713903,0.4029132640271335
gaussian_noise/s5,32384.0,0.6994866132736206,0.45716220140457153,0.6917857013751224,0.4298156270448363,0.4018963839770689,0.24153899617726543,1.4256329844197282,2.984856222063313,0.43898492990410354,0.43539880391006336,0.43895337423097547,0.4380484385658373,0.4235571715207732,0.41235657097306866,0.4032680396105116
gaussian_noise/s5,32512.0,0.6732156872749329,0.4707106053829193,0.6908798470287717,0.4318105040369379,0.4031101427894835,0.2409314772073889,1.4436333181368972,2.9714668572426532,0.44036798238199965,0.43716036927257956,0.4411016253452193,0.4402828227594518,0.42568364537959313,0.41406192412256837,0.40435124226507324
gaussian_noise/s5,32640.0,0.6893114447593689,0.4229482412338257,0.6908033396009958,0.43137819853434706,0.40039739868102575,0.2410324371400586,1.4417989953522992,2.981263623590719,0.4378455985740758,0.4319688707100497,0.4385094123438896,0.4377685445669995,0.4208223227973593,0.4103067737004321,0.40152036852181816
gaussian_noise/s5,32768.0,0.6703405380249023,0.44857466220855713,0.6898051541582595,0.43221705042089387,0.4032038628160857,0.24032441218919043,1.4542807158743944,2.9829782547506345,0.4370876891321649,0.4332203464306874,0.43768832015172876,0.43701796923641056,0.42237254787316086,0.4114078541334665,0.40498214189273374
gaussian_noise/s5,32896.0,0.6514458060264587,0.45226120948791504,0.6879339664445131,0.4331948142778217,0.4006680995498313,0.24288127955964223,1.4662342260835945,2.9768113047310023,0.4403616152111973,0.43453860613984263,0.4416300921777391,0.441023546227591,0.42178607692747033,0.40961561340690217,0.4022771194639191
gaussian_noise/s5,33024.0,0.6460133790969849,0.456023246049881,0.6858890597446337,0.43430839631548307,0.3914023970346778,0.2390228591375466,1.4753768094824682,2.9659196229627685,0.43021788622024454,0.4249862997850688,0.431365627722987,0.42936678394536937,0.41196036466786573,0.4009483033860191,0.3928582681169666
gaussian_noise/s5,33152.0,0.6909926533699036,0.45129698514938354,0.6861380155312322,0.4351371079659172,0.3905290278939588,0.23625670359798237,1.4705961450096883,2.9560452546781955,0.42789940805531934,0.4231657715485363,0.42893790586952,0.42712931492023004,0.41214185881012716,0.40221512162411366,0.3933707173146378
gaussian_noise/s5,33280.0,0.6999708414077759,0.4169701933860779,0.6868127875252099,0.43425091701080304,0.38905095266312395,0.23009158011453373,1.4495699003236975,2.9658063479181975,0.42072650187515803,0.41713125432797366,0.4216661539723616,0.42002970731330747,0.4071566134742436,0.3989369125462682,0.39162216599379185
gaussian_noise/s5,33408.0,0.7209985852241516,0.4278995990753174,0.6884803874129631,0.43394109662370617,0.39903494884033996,0.2305736426854288,1.4304450691868593,2.965688757701023,0.43291939878174623,0.4296291718220392,0.43376961343959664,0.43152673100746025,0.41766669190620137,0.40874214395173936,0.4013614303846266
gaussian_noise/s5,33536.0,0.7117120623588562,0.5120373368263245,0.6896136398493481,0.4377506693165168,0.3966357270589869,0.23166047621923685,1.420527986398127,2.921821523517379,0.43183099675611897,0.42736672834105977,0.4326002867588498,0.42984587023340093,0.4158178396129282,0.4077055627308718,0.39874077074064074
gaussian_noise/s5,33664.0,0.6949106454849243,0.4254711866378784,0.6898720303681566,0.4371516701614612,0.39732774589929754,0.2326438633726706,1.4245567721340655,2.936600566666787,0.4351962796347751,0.43043191184220814,0.4358923475075613,0.4334001003123158,0.4146840773654157,0.4066189238034836,0.39923242849287005
gaussian_noise/s5,33792.0,0.7031201124191284,0.4587705731391907,0.690518278273082,0.4382062507945212,0.40035202350555116,0.2329201761985913,1.4164485233448245,2.9189116142571625,0.43465335593366616,0.43106748239857134,0.43528317106424785,0.43302813954493297,0.4167813692283148,0.408758853721058,0.4020754156678497
gaussian_noise/s5,33920.0,0.6644447445869446,0.46598201990127563,0.6892463985810753,0.4395611663607043,0.40167559652108464,0.23766899940396036,1.4375054441615107,2.9007560284677734,0.43797308410178837,0.4324419338062028,0.43854295252154724,0.4357403630266764,0.4202406083261551,0.4077950425399936,0.40323495373634705
gaussian_noise/s5,34048.0,0.6955758929252625,0.4695131778717041,0.689555154402743,0.44102224009294816,0.39837437971955364,0.2358682618045352,1.4281398644731609,2.8892617459268104,0.43872743064772163,0.43227271345582063,0.43924305817089426,0.4352571934346072,0.4189461423343735,0.4054357583006129,0.4005475101921379
gaussian_noise/s5,34176.0,0.6657401323318481,0.4763121008872986,0.6883934460090407,0.4427436967170628,0.40072274333934627,0.234852395124746,1.434483228851309,2.863174451105152,0.44753386199594564,0.43879345459030533,0.4480004113491554,0.4429438972123959,0.423798085955135,0.4100492494796146,0.40268903212506946
gaussian_noise/s5,34304.0,0.6996124982833862,0.43803533911705017,0.6889407168516917,0.4425140207365744,0.4012116553356012,0.2325575508535031,1.420693841836443,2.8719050061007105,0.4487910494323815,0.43718313172626666,0.44921319194649934,0.4439129492326318,0.4236150438654136,0.40965045119482074,0.40299078992399195
gaussian_noise/s5,34432.0,0.7293550968170166,0.5055117607116699,0.6909121500207319,0.4455870812231644,0.4016168517343542,0.23124332828565033,1.4075220446045278,2.837444663659258,0.4476791708427437,0.4379383065768302,0.4480611332246433,0.4432653752426133,0.4234494239853028,0.4100518062268425,0.40398884085329667
gaussian_noise/s5,34560.0,0.700980007648468,0.5076624155044556,0.6914032650269629,0.44861514631005667,0.40651947143840134,0.23901463552794416,1.4002384275480446,2.8161309083682275,0.4519341278119055,0.44235821790800633,0.45151753934246425,0.44569103851517833,0.4270733634037153,0.4149509501909741,0.40866569121824164
gaussian_noise/s5,34688.0,0.7258156538009644,0.5060854554176331,0.6930819181378898,0.4514185760226213,0.41465488760131375,0.24586035730993638,1.3950315172537102,2.786466506042639,0.45647192647347307,0.4514697200702425,0.45609498949428195,0.4522730931478799,0.43618967027784117,0.4237710560621485,0.4165968270927695
gaussian_noise/s5,34816.0,0.7058424353599548,0.44177156686782837,0.6937043823926247,0.4509479902101924,0.4049688185851268,0.23889268499013278,1.3935365973515665,2.7991839150310724,0.44719292097926977,0.4411796217887203,0.4468518614044038,0.4426315435323767,0.4266289342609139,0.4139423118801474,0.40672592148013226
gaussian_noise/s5,34944.0,0.6726272702217102,0.4883842468261719,0.6926762305794093,0.4527741490695084,0.39990411842235446,0.23922488035097678,1.401417152891533,2.7749490629340676,0.43955929970819113,0.4326683252472597,0.4392507026746568,0.4354692609831915,0.41874039798384893,0.4080235017071411,0.40149397773425405
gaussian_noise/s5,35072.0,0.7033243179321289,0.5003764629364014,0.6931956494746638,0.45509621316057636,0.39974593344461695,0.23883762225689215,1.391992221629346,2.752025156732344,0.43570103798700693,0.42950313664549783,0.4354218136633866,0.43123809991400014,0.41762590442203107,0.40716686263923946,0.40118446765841786
gaussian_noise/s5,35200.0,0.6836921572685242,0.4898832440376282,0.6927320644889985,0.4567931414960423,0.39296613014233334,0.23978853269050146,1.3996160749633713,2.739263877927837,0.4321356506711704,0.4265648547518157,0.431883003320649,0.4280975014688841,0.4142937243461685,0.4048673694671524,0.3950299377206743
gaussian_noise/s5,35328.0,0.6678828597068787,0.4421513080596924,0.6915199081581633,0.45607890571865933,0.3890066828949964,0.2347000941238862,1.409789236986105,2.7489082781517626,0.4266973971867044,0.4201324473988767,0.42646879717472164,0.42304360483888914,0.41055369109489726,0.40050015999972566,0.3915990691690337
gaussian_noise/s5,35456.0,0.6956081390380859,0.4586891531944275,0.691719334054745,0.4562062348638187,0.3921723168847647,0.24007887755052404,1.411625397641407,2.7461281462056037,0.4329866098280651,0.42780871653402225,0.4327797682943198,0.42968059069598474,0.41609289955701295,0.4047840531585858,0.39600516609524106
gaussian_noise/s5,35584.0,0.7063122987747192,0.4866259694099426,0.6924311859923047,0.4576901243538735,0.3942744461521279,0.24102318426790426,1.398422344440342,2.734240598843839,0.43414121567429326,0.4294561617181724,0.4339540616155029,0.43114986820261314,0.4174054433231509,0.40793518432731046,0.39774247925690753
gaussian_noise/s5,35712.0,0.7290477752685547,0.48174887895584106,0.6942173610789509,0.4588637221393353,0.4033894602007059,0.24630206024478427,1.3880520237911522,2.7292847921186256,0.44236171269518143,0.4373975740471982,0.4421923722291373,0.43965508598225733,0.4265682208771639,0.41727433989401497,0.40652740092192524
gaussian_noise/s5,35840.0,0.649560809135437,0.4607299566268921,0.6920389926914625,0.45895475796799656,0.39622568052663504,0.2459290206022111,1.412035889835529,2.734708660294036,0.43152567817333193,0.42783340876013587,0.43137245577663164,0.4290766720874559,0.4172354336431685,0.40882615763164587,0.3990649475325688
gaussian_noise/s5,35968.0,0.7363415956497192,0.4826053977012634,0.6942000952747921,0.4601084477110827,0.39561823919155964,0.2440299169160994,1.4009082375105435,2.727658905206543,0.43267061659823786,0.4279169332089034,0.4325319781298374,0.43045471043725186,0.4160782835046158,0.4077443996179258,0.39818726067640514
gaussian_noise/s5,36096.0,0.6995885968208313,0.47693002223968506,0.6944629490087452,0.46092901232223404,0.40025525985149446,0.24078718240891564,1.4051936882360325,2.7145267824849717,0.4383541093669957,0.4340528884061523,0.4382286667076042,0.4355869212225223,0.42257886330191585,0.411989429993376,0.4025797581729995
gaussian_noise/s5,36224.0,0.717414140701294,0.510750949382782,0.695582519335211,0.4633593507154315,0.39876234398222665,0.24699943750384334,1.395732683155229,2.70538831540126,0.4368971447633554,0.43228030533358575,0.43678364191687447,0.4343933415701704,0.4211733795848983,0.4101418340392177,0.4008655932070983
gaussian_noise/s5,36352.0,0.6944330930709839,0.48304617404937744,0.6955264497613463,0.46431968356098985,0.39044022914751136,0.24267468438033651,1.3906247687476974,2.6958443953905555,0.4315819792891514,0.4251923524166471,0.4314792798069994,0.43007868681036826,0.41514259985046414,0.40218663270294475,0.3930683029553816
gaussian_noise/s5,36480.0,0.689529299736023,0.4526671767234802,0.6952339058576719,0.46375126859330645,0.39499380638510695,0.24108533310082797,1.3970791850633981,2.6955551423176254,0.430732415525758,0.42422594766550875,0.43063949112816535,0.4293722085892743,0.41658277476059247,0.4071093803338363,0.3973717363445184
gaussian_noise/s5,36608.0,0.68421471118927,0.4877428710460663,0.6946963841665302,0.46492159066417277,0.39606518709800576,0.2426216785522661,1.3970793072828456,2.691012716306609,0.42836496372080773,0.42327716621013606,0.4282808840011537,0.42789641836066994,0.4155992863836176,0.40626538815453006,0.39745458713861537
gaussian_noise/s5,36736.0,0.6972767114639282,0.5026315450668335,0.6948222537907935,0.46676110063503423,0.39924681711842164,0.2448483480535376,1.397942743741697,2.6747973380075587,0.4344582747289402,0.42833035086592325,0.43438219783804566,0.43403432619070725,0.4206582478224166,0.40923834347593113,0.4005039720629589
gaussian_noise/s5,36864.0,0.7316161394119263,0.5547931790351868,0.6966170774796292,0.4710553483618709,0.4028506298852583,0.25498696453862624,1.3783098861972527,2.6353197312859344,0.4354728053912659,0.43065316101550816,0.43612898448046844,0.4358142237573265,0.42226127004039005,0.4126533435020174,0.40398812701235004
gaussian_noise/s5,36992.0,0.6753625869750977,0.4678049087524414,0.6955802730647739,0.4708967903321426,0.39954911246607844,0.25382446345226084,1.3859005328124328,2.6508746460903434,0.43269133670441134,0.42833043301879115,0.4332850597232555,0.43296307812902646,0.4208116548075153,0.4098688194328188,0.40057834097905076
gaussian_noise/s5,37120.0,0.7278763055801392,0.4974220395088196,0.6971556892850356,0.4721907049261268,0.4014882213330787,0.2555611296317006,1.3674283878186144,2.64638411440734,0.4359003706885245,0.43122952922164265,0.43643758229569996,0.4361462473731405,0.4244263991446941,0.413075088850278,0.4024194863944891
gaussian_noise/s5,37248.0,0.708778977394104,0.5363898873329163,0.6977226789488925,0.4753223723606043,0.405529348392393,0.26170566815575047,1.367145636279311,2.617584800649476,0.4404027149418476,0.4361764508900169,0.4408887939748719,0.440625188729653,0.4270464325396072,0.4167755563005787,0.40637197430459127
gaussian_noise/s5,37376.0,0.7025650143623352,0.5164046287536621,0.697958890432475,0.4773263848675827,0.40327417543416405,0.25609269557697584,1.3677641518368024,2.599883311841364,0.437914205488727,0.43477803795580944,0.43835401881961933,0.4388033385233802,0.4257548327737909,0.4149371630774421,0.4055238089930299
gaussian_noise/s5,37504.0,0.6901131868362427,0.5104745626449585,0.6975761731838783,0.4789433691494059,0.3989470677188361,0.253876853047341,1.3736876630660797,2.586897379162962,0.43848825493655785,0.4341633823502594,0.4388862062014521,0.4392927590089597,0.4267240336995455,0.4124743753960674,0.4017075927890532
gaussian_noise/s5,37632.0,0.6863796710968018,0.49094831943511963,0.6970300023503624,0.47952897648041626,0.38545790600853636,0.24672245299524423,1.3763644312028,2.5940066229289176,0.42420992609072244,0.42105889622530907,0.4245699997813257,0.4249378563073335,0.41356544036704856,0.39922205531077837,0.38871787545041636
gaussian_noise/s5,37760.0,0.6689033508300781,0.4464946985244751,0.695657970568885,0.4779175482874435,0.38968633256334545,0.2404349202889747,1.38579022742562,2.6179234928083446,0.42703646495180775,0.4263975795114188,0.4273622663101703,0.42769510972245933,0.420342376441571,0.4073642154239702,0.3948854185366349
gaussian_noise/s5,37888.0,0.7197450399398804,0.5111773014068604,0.6968329495625921,0.4795399752688784,0.3950738618850972,0.23982094810204074,1.3811923024277653,2.6064421463834178,0.42799521903135007,0.4312281192366853,0.429052205269345,0.42935336816648456,0.4257492591122127,0.41396919789402653,0.4005031062428445
gaussian_noise/s5,38016.0,0.704534649848938,0.49069488048553467,0.697208642259487,0.48008411698676406,0.3938882176842551,0.23690446880618915,1.3717296042148248,2.5905138911049352,0.4244382677850585,0.42663844102260456,0.42539464855126335,0.42566714633029323,0.42095605182015194,0.4110222486596159,0.3988006987479872
gaussian_noise/s5,38144.0,0.7119989395141602,0.5213726162910461,0.6979301201743491,0.48209819012355826,0.3981136104091326,0.24185035517799747,1.3676089521532884,2.5798338487219694,0.4286187419994491,0.43140887495263625,0.4294840930675024,0.4312178641096824,0.4255051486129989,0.4165540393880284,0.4033207095750675
gaussian_noise/s5,38272.0,0.7148381471633911,0.49952811002731323,0.6987549019786926,0.48294843011886335,0.39968741905549715,0.24636266521459496,1.351097791886488,2.566044339191418,0.4295384334212743,0.433550207497299,0.43032141912889416,0.4318901673473093,0.42672119633573546,0.4185848863231357,0.404398899026578
gaussian_noise/s5,38400.0,0.7261504530906677,0.4714718163013458,0.7000912703256182,0.4823885952984966,0.40408585031731775,0.2482704424696008,1.3391819233814792,2.5738068859225276,0.433345007277667,0.4362499200496084,0.4348156624003855,0.43547289978302045,0.42930870887962735,0.42118462944526436,0.40834888484201376
gaussian_noise/s5,38528.0,0.6894027590751648,0.5155306458473206,0.6995698795329132,0.4840052806911221,0.40287898770531844,0.25007099523870485,1.3449953124336296,2.5587401724985708,0.43240199647194016,0.43423104009247726,0.4337326725228948,0.4335651579833278,0.4294377133884076,0.418350280420135,0.40673626046680716
gaussian_noise/s5,38656.0,0.716609001159668,0.5143783688545227,0.7004010561976328,0.4854868947478733,0.39870103527649575,0.2523136429256812,1.3431800885373233,2.5471034480668853,0.4306750069207739,0.4308427495423307,0.4318790273095318,0.42951523217884685,0.42646847832466855,0.4142241383218473,0.40219116726354176
gaussian_noise/s5,38784.0,0.7089875936508179,0.507683277130127,0.700819911683154,0.48656964510798323,0.4008324061008625,0.2558672224211547,1.3422355338533167,2.5332210350085616,0.43277464933164606,0.4306398406031439,0.43310187420451984,0.4316880833694384,0.4273697534395127,0.4163280275951991,0.4054403720451201
gaussian_noise/s5,38912.0,0.6958227753639221,0.48729991912841797,0.7005761489358744,0.4866052682309312,0.4043224804755573,0.2522599912567378,1.3454612905698184,2.536981463723244,0.43097500989496346,0.429043395334552,0.43127108903335787,0.42999186484528007,0.4283339648908381,0.41834320640826755,0.40849185358752393
gaussian_noise/s5,39040.0,0.69261634349823,0.4871067404747009,0.7001878657437941,0.48662973029160284,0.40236808019233944,0.24838262742504355,1.3492717988931804,2.5553134645550557,0.42797099348616263,0.4262975932801032,0.4282388913859234,0.427118605847514,0.42489349232538054,0.415054293246267,0.40614060636919924
gaussian_noise/s5,39168.0,0.7079527974128723,0.4965641498565674,0.7005666428983832,0.4871143361240401,0.4027375669081191,0.24571087228643143,1.3369908354020237,2.5520522666295284,0.4273907680502399,0.42667601985665493,0.4276331670422305,0.42738170701610273,0.4254427435020248,0.41494130281235697,0.406151018612464
gaussian_noise/s5,39296.0,0.6909282207489014,0.5593609809875488,0.7000964759642622,0.49063856270274786,0.4060834855843243,0.24756914738111968,1.3352165930646667,2.514202983776881,0.43063956466651687,0.4299556669851113,0.4315839066455874,0.4321185760687045,0.42735256565531216,0.417813486958712,0.40840984491942756
gaussian_noise/s5,39424.0,0.7249087691307068,0.5155211687088013,0.701306831728479,0.4918523483615797,0.4134982043865302,0.25538529040254787,1.3399221579389673,2.499280738627176,0.4394536156203285,0.4380354369329888,0.44030807377033815,0.44079185258804254,0.4364051174073348,0.4270489670816186,0.4170903474850977
gaussian_noise/s5,39552.0,0.7512319684028625,0.5340669751167297,0.7037422042491807,0.49391159844719673,0.4172327595906677,0.25864650606917033,1.3154555751764565,2.4812347480333767,0.4445286730270789,0.4432082983789863,0.4453018026202762,0.4457395346736542,0.43948374989682104,0.43025593630644965,0.42048299733779515
gaussian_noise/s5,39680.0,0.6975862383842468,0.4931912422180176,0.703441913231379,0.49387645911894407,0.41691241959393543,0.2599985637901297,1.3111034261370258,2.486710181103512,0.4461090789257507,0.4434271694434492,0.44680862093125523,0.44571747902357406,0.44001994859789695,0.4301832415955443,0.4198532950331864
gaussian_noise/s5,39808.0,0.7063944339752197,0.5184677839279175,0.7035859386335175,0.495076035938894,0.42264577049516705,0.2605712763383624,1.3029233344502158,2.468936747814357,0.44982564488165777,0.4489233936487127,0.4504586034720042,0.45095852801597625,0.4443532669942899,0.436177846797634,0.42530672917636914
gaussian_noise/s5,39936.0,0.731928825378418,0.5471054315567017,0.7049685184747321,0.4976140552373236,0.41963516771156995,0.25963944753756646,1.2903776891720504,2.437263130287316,0.44350300765318346,0.44196161911938847,0.44407572033368137,0.4445280613398571,0.43855149857127596,0.4334036317544327,0.4235300625087789
gaussian_noise/s5,40064.0,0.6765686869621277,0.5125019550323486,0.7035831608399709,0.49834029425171505,0.41534954794128365,0.2534981259397017,1.307730012841332,2.4354442737486393,0.43770780763860323,0.4378375209283699,0.4382260087016831,0.43939749036164344,0.434751980563302,0.43085629024300537,0.4203981112884311
gaussian_noise/s5,40192.0,0.714634895324707,0.5340418815612793,0.7041222698392262,0.5000818350960841,0.40766086402063795,0.2537042828996349,1.3021840134906688,2.4230598866668505,0.4344905267211871,0.4338828788411961,0.43495940466107075,0.43601938301014853,0.42884161953407635,0.42317886226032786,0.4144783029563972
gaussian_noise/s5,40320.0,0.698888897895813,0.520675539970398,0.703866983402962,0.5010864060655628,0.4092368674452054,0.2571254992803954,1.297025814533924,2.4159950687518066,0.4387738495793727,0.4366996482554784,0.4391980990419325,0.4401571871257798,0.4313760281447532,0.42552724538843467,0.41540541272854253
gaussian_noise/s5,40448.0,0.7079830169677734,0.5142542719841003,0.7040677655280748,0.5017287409884182,0.40582943211431133,0.2563357432513274,1.2916393944943971,2.4128590005507475,0.433317236888891,0.433615505649365,0.43446330079879797,0.43533110149810295,0.43028580535881594,0.423506508171213,0.41213586124932367
gaussian_noise/s5,40576.0,0.7228339910507202,0.5324363708496094,0.7049831911633258,0.5032266741523788,0.4074682131147338,0.25950649344751275,1.288407837214849,2.4040546294517235,0.4375263339131488,0.43634618327940755,0.43780111868826393,0.4393485159896577,0.4310840035400113,0.42494996961833126,0.41317438724581873
gaussian_noise/s5,40704.0,0.7273054122924805,0.4940381944179535,0.7060720799988942,0.5027784556287482,0.4112004176963177,0.2572259824709499,1.2804999832228885,2.412319320034074,0.43767254841278963,0.43587971134323544,0.4379211787774238,0.43932129257600794,0.4318434083190703,0.42553102545477794,0.41556409458708526
gaussian_noise/s5,40832.0,0.740310788154602,0.5364147424697876,0.7077422608845385,0.5044192501087988,0.410338837189827,0.2588247884225549,1.2723169602902151,2.3904505465278185,0.43650353726106667,0.43560635987689533,0.43672850262966184,0.4387203664533659,0.4304670279912587,0.4254804816875177,0.41501218790419786
gaussian_noise/s5,40960.0,0.6813758611679077,0.5041635632514954,0.7064560950447029,0.5044067775791743,0.4055623862972795,0.25936050160065793,1.286272420569974,2.3942021540311744,0.43507399177518286,0.43582377951978446,0.43527754461613066,0.43635480510146907,0.4296864066476529,0.4207500372675279,0.40979092076281076
gaussian_noise/s5,41088.0,0.7437219619750977,0.5174034237861633,0.7082739422120392,0.5050407603209786,0.40711504435345747,0.25919457045484867,1.2698243783049183,2.399284285678252,0.43530490273054917,0.4359833245982107,0.43548908111905693,0.4364638064005559,0.4311551305836288,0.42455654770012485,0.41166611569317973
gaussian_noise/s5,41216.0,0.6970425844192505,0.5213261246681213,0.7077260711001958,0.5058351683379123,0.40344481407591243,0.2591931538737804,1.2825711520474707,2.3988754220329187,0.4319259411381114,0.43402699982979087,0.43209258916245424,0.4322123435664756,0.4296955405221293,0.4206762397691195,0.4075627078937099
gaussian_noise/s5,41344.0,0.7085534334182739,0.5286974906921387,0.7077664302376631,0.5069504035747038,0.40363745521086425,0.258392496753135,1.281747257270625,2.3826012219285424,0.4354309080732109,0.4380941800958429,0.43558169429868704,0.4356900503061329,0.43417499532073683,0.42448977435385526,0.4088877922107869
gaussian_noise/s5,41472.0,0.7107877135276794,0.5170048475265503,0.7079138099103467,0.5074408642552816,0.4046483161069152,0.2582071609527176,1.281716619177585,2.372704100829514,0.4386766277093122,0.43883700055072994,0.4388130618847727,0.43738671416753605,0.4360158642967524,0.4250402717383782,0.4093989184726989
gaussian_noise/s5,41600.0,0.7233421206474304,0.5061227083206177,0.7086664104341068,0.5073765639657857,0.4013244133245794,0.2575003520577534,1.2821897188190157,2.3806398344221305,0.43661267147285177,0.43450837468034514,0.43673611964707865,0.4354455337589662,0.4304313679924809,0.42050044813448734,0.4056228465181291
gaussian_noise/s5,41728.0,0.6847103834152222,0.49312904477119446,0.7074978237502587,0.5066815630294641,0.3949706619076057,0.2559870823794425,1.2903464158749507,2.3908101459822744,0.4329233333195761,0.4324321760195151,0.4337600463909617,0.4340795103196833,0.42649381958153676,0.4145708992341197,0.4003471740357372
gaussian_noise/s5,41856.0,0.7020766735076904,0.4888533055782318,0.7072333773969627,0.505811891934282,0.3922332699354362,0.25030493890489713,1.296411364939189,2.403454168651342,0.43408396191497634,0.4306279534358611,0.4348410354316792,0.43513009232375865,0.4237304280687194,0.41141795820053306,0.39709803789908166
gaussian_noise/s5,41984.0,0.7011656761169434,0.5454248785972595,0.706937391968669,0.5077442327471101,0.39509179272563866,0.24955089950883316,1.2996806973946737,2.379695953631771,0.43375845096530574,0.4313564052206691,0.4344434651347912,0.43470500917575067,0.42431602087597986,0.41092606449911406,0.3987313299491393
gaussian_noise/s5,42112.0,0.7117483615875244,0.5092376470565796,0.7071720734134912,0.5078170822256208,0.39386726159172897,0.24673076630156765,1.2934094602350839,2.3831375204121845,0.43186517187283163,0.43114178604440073,0.4332100002796059,0.4326844550602717,0.4225221105011097,0.4089565997044334,0.3979225775447001
gaussian_noise/s5,42240.0,0.7236179113388062,0.5184215307235718,0.707974309409848,0.5083343723962526,0.3987824835699106,0.24642846254889017,1.2846144703694735,2.373569344076505,0.43613811803603625,0.4362085999842555,0.4373549437390128,0.43760443554233974,0.4276471624462747,0.414647821624297,0.4032140038343182
gaussian_noise/s5,42368.0,0.7412923574447632,0.5355072021484375,0.7095995800456975,0.509659876286603,0.39716948691840215,0.24821843636934082,1.265507859198689,2.365613447560798,0.4354683685501553,0.4354949616752246,0.43656937503095683,0.4367951198452699,0.424773994099217,0.41152473925672556,0.40117920870434143
gaussian_noise/s5,42496.0,0.7082438468933105,0.5094902515411377,0.7095334467211907,0.5096516019087755,0.3973459486037416,0.2522361640200877,1.2630952831389697,2.369299479454743,0.43562456190647597,0.4356486238596172,0.43662077300540464,0.4361000162312049,0.4223230190511059,0.41109704248035667,0.40097401929762244
gaussian_noise/s5,42624.0,0.6859419345855713,0.5176819562911987,0.7083826412511603,0.510043326512796,0.3966318785403277,0.24828670759937738,1.270957625847475,2.3656473292790716,0.4311555375727245,0.4334267143905281,0.4320569278650925,0.4315857374703526,0.41988224983743727,0.4083119283834756,0.3999146242425245
gaussian_noise/s5,42752.0,0.7268069982528687,0.5462867021560669,0.7092813903731948,0.5118112960563702,0.40715843977384797,0.25214921609675967,1.2641740257460934,2.3515066491853,0.43397163750631407,0.4367516553170691,0.4347872321729956,0.43512308548031314,0.4259835823930649,0.4162023754141977,0.41012872901420566
gaussian_noise/s5,42880.0,0.7071982026100159,0.5403531193733215,0.7091797714579178,0.5132035801206117,0.4063097780464145,0.24527079576631258,1.2654476178472422,2.334561863617205,0.4351812079994668,0.4376966197128269,0.43591917319162776,0.43622305949765394,0.4309278874597571,0.4198282647263502,0.4112467559967916
gaussian_noise/s5,43008.0,0.7323384284973145,0.5167049169540405,0.7103094620452054,0.5133743770393155,0.40760539703069393,0.2449587331115773,1.252671412397978,2.332152595220018,0.43376598296679886,0.436004793922195,0.43443370756958105,0.4347086695395191,0.4306425144713209,0.4198743549368105,0.41134745144028556
gaussian_noise/s5,43136.0,0.7141327857971191,0.5336428284645081,0.7104959656428598,0.5143630819868859,0.40610071914555945,0.2483758078897734,1.2568409235245652,2.3210675902548363,0.43495794770523555,0.4361842900390592,0.43556211731905575,0.43504871289090336,0.4313324000659602,0.4193769445918434,0.4094865994293125
gaussian_noise/s5,43264.0,0.732805609703064,0.5545428991317749,0.7115842409628698,0.5163230730671243,0.40879190590148484,0.25066826519949154,1.2515872728285833,2.2996209412020963,0.43566465702537965,0.4360492594583039,0.43621132090558223,0.4350217681779084,0.43238419422981883,0.4200422859751301,0.41185551322545166
gaussian_noise/s5,43392.0,0.6888918280601501,0.5067171454429626,0.7104772939920053,0.5158544912317994,0.410910909503961,0.2492661697611104,1.2569897002880637,2.308870468134982,0.43442649811755046,0.4370238986532303,0.4349211297426475,0.43460699547804793,0.4344698747314423,0.42181547707803263,0.41368291827240444
gaussian_noise/s5,43520.0,0.7105989456176758,0.5318976640701294,0.7104832282176478,0.516637085028791,0.4105416379271414,0.25074886627403264,1.2632127293656734,2.3082026881323805,0.43551841382319706,0.4379057702864743,0.4359659656981361,0.4356817311850749,0.43555766178853283,0.42265769817708954,0.41377481778246705
gaussian_noise/s5,43648.0,0.7065556049346924,0.5099307894706726,0.7102916368379913,0.5163099486601023,0.402622743180953,0.2543770229641901,1.26634780595024,2.3182759816255296,0.43185886818862745,0.43180676776069443,0.4322638214318055,0.4320066407688869,0.42968215560996925,0.4173221944838508,0.40707257456700313
gaussian_noise/s5,43776.0,0.6906090974807739,0.5594726204872131,0.7093315129669076,0.5184154448467906,0.4051058550733072,0.2516738262513582,1.2759241537077843,2.296622486632666,0.43602087359601566,0.4345237024176182,0.4363872828065295,0.4354295660972498,0.4303890890438805,0.4169933419452332,0.40840713022987013
gaussian_noise/s5,43904.0,0.7474082708358765,0.5336080193519592,0.711188915789784,0.5191565460421647,0.40887701104491386,0.2515888695587839,1.2613675325989393,2.2920638253737944,0.4421104989527304,0.43995645531064675,0.4424420328070978,0.44081327783100355,0.432478765280037,0.4210830595471146,0.41335127607354694
gaussian_noise/s5,44032.0,0.7084222435951233,0.5366199016571045,0.7110539561705322,0.5200084170477715,0.409928277096558,0.25593644889881634,1.2606828365648224,2.2835371842379155,0.44678394937959726,0.4432733602186161,0.44708392736442343,0.4463352145038407,0.43719524211239513,0.4224597463243077,0.4139766751385276
gaussian_noise/s5,44160.0,0.719279408454895,0.5270460844039917,0.7114551977453792,0.5203517178944164,0.4085557165162788,0.2566355376413442,1.2563695999144386,2.285596944413916,0.4397283682369824,0.4388013271222576,0.43999979388535876,0.44004735946480766,0.4325767181754628,0.419206587840138,0.411493767332362
gaussian_noise/s5,44288.0,0.7352949380874634,0.5949305295944214,0.7126181119084077,0.5239897087090507,0.4136344407027127,0.2635143680859515,1.2415170671549363,2.249346930387515,0.44561382991579435,0.44473784565910396,0.4458594208802086,0.4458652788494779,0.4375813137090296,0.42475875675481845,0.4155678287403466
gaussian_noise/s5,44416.0,0.714475691318512,0.5346924066543579,0.7127087255381689,0.5245117915356511,0.4113328282622403,0.2614286757041834,1.2423098514608917,2.2504364365762455,0.44610567239852655,0.4468374558283742,0.4463278876613903,0.4470953831826626,0.4396370780198893,0.42433555563597786,0.41529441850926063
gaussian_noise/s5,44544.0,0.7319583892822266,0.5703526735305786,0.7136477335256838,0.5267479321207694,0.41092339785060533,0.2648025078798708,1.2294762952346725,2.2224191046438304,0.448372532848399,0.45052187407195543,0.448573597342638,0.4492680415352943,0.4425196285950337,0.4272616776456409,0.4167945036005862
gaussian_noise/s5,44672.0,0.7162454128265381,0.5334939956665039,0.71377444958914,0.527077008391293,0.40750415712716875,0.26194355412568915,1.2278840497467816,2.2214485914734157,0.446538294147778,0.4463080133631435,0.44672022103399905,0.44734856702866305,0.4383052380089507,0.42304953105236154,0.41281644257970945
gaussian_noise/s5,44800.0,0.7645680904388428,0.5639235973358154,0.7162521881671743,0.5288744029739526,0.414709293866998,0.2658818535545349,1.2023074195319536,2.2053492315307968,0.45296534526994064,0.45199478781995317,0.45312995609322576,0.4536984952115386,0.4447909083947733,0.43026224671662217,0.4195159483424974
gaussian_noise/s5,44928.0,0.7091423273086548,0.5500495433807373,0.715905365686271,0.5299073366523324,0.4125656371039285,0.26223233150294323,1.208980538270255,2.1932672294071436,0.44863045220439,0.44851446893167685,0.44877939513253795,0.4492938198790899,0.4427212799931292,0.428125447505046,0.41618977241459754
gaussian_noise/s5,45056.0,0.6993061304092407,0.5063429474830627,0.7150956468922695,0.5287578542538314,0.4081163498126563,0.25801926009278797,1.2158402278185025,2.215210734462929,0.4421984936364528,0.4420935498186082,0.4423332599622785,0.44279872102087786,0.43685176494321803,0.42215797480974115,0.4113955347070808
gaussian_noise/s5,45184.0,0.6917464733123779,0.5697975158691406,0.7139566628152015,0.5307597889667733,0.40583802383405726,0.263390716597936,1.2330790424827711,2.201776522491407,0.4441494103635007,0.44096849451166154,0.4442713494364221,0.443930312119426,0.43622563026688554,0.42296759648162774,0.4117423309277036
gaussian_noise/s5,45312.0,0.7292847633361816,0.48067212104797363,0.714704375035737,0.5283164880926855,0.40725290556311783,0.26291554428641317,1.2187609867375526,2.2358318263999233,0.442605593791127,0.4389652469674225,0.4427159265275419,0.44240734963334144,0.4347109956192343,0.4249642856921807,0.4125952322076366
gaussian_noise/s5,45440.0,0.7251647710800171,0.5807676315307617,0.7152146382574092,0.5308750804555185,0.4042945683292696,0.2640099898034708,1.2144380470022793,2.2058328067488335,0.4429933718954814,0.438175128279268,0.4430932030032071,0.44281399690202994,0.4336007878268027,0.42256955891600645,0.40912840463284667
gaussian_noise/s5,45568.0,0.7189366221427917,0.5539524555206299,0.71539619844694,0.5320008060684507,0.4059678991248179,0.272324773641332,1.2203136647711963,2.193876637180673,0.44983219432065863,0.4439853480742217,0.4499225233598322,0.446658292259362,0.4368719799432284,0.4254406895367316,0.41186603417403905
gaussian_noise/s5,45696.0,0.7352359890937805,0.5566232204437256,0.7163639931126395,0.5332018994526104,0.40538127576968946,0.27462431927927783,1.2142182059262816,2.1913720869155204,0.44804492418900754,0.44199239406358787,0.44812665558019316,0.44589813356721564,0.43555608655184436,0.4245250082006953,0.4114802129558081
gaussian_noise/s5,45824.0,0.7250018119812012,0.5307691097259521,0.7167853501306182,0.5330832267830173,0.4031773768267089,0.2766678106030824,1.2102633875401962,2.1970074911984954,0.44406682313591933,0.4393153964132761,0.44414077521562983,0.442886562258022,0.4334917059163326,0.423510581483199,0.4086958083913052
gaussian_noise/s5,45952.0,0.7274174690246582,0.5359161496162415,0.7173039900766689,0.5332214181407355,0.4072064486338038,0.2733301546265843,1.2073767741241,2.197835098487484,0.45080347292667056,0.44432924922343425,0.4508703861409714,0.4497355509782578,0.4383348510997869,0.42709151959306696,0.41292464280974134
gaussian_noise/s5,46080.0,0.7340946197509766,0.5237784385681152,0.7181230451827326,0.5327607849908517,0.40650193835337034,0.2799584563872901,1.2000836027897155,2.200990497439497,0.4517494540877251,0.4474158465608825,0.45180999840595926,0.45227038848181444,0.43981695926399517,0.42815657424215037,0.4124008814477195
gaussian_noise/s5,46208.0,0.7298413515090942,0.5798549652099609,0.7186946698815796,0.5350580620747106,0.4117389638521572,0.28076922198992754,1.1990941708090466,2.178015378350311,0.4593907909978762,0.45619467734628333,0.45944557262074004,0.46058715697848884,0.4471068382156672,0.43430690031071423,0.417076437050554
gaussian_noise/s5,46336.0,0.709954023361206,0.5757070779800415,0.7182682968805858,0.5370409408993608,0.4156409661029929,0.2815771782550147,1.198073157310858,2.157739392083906,0.4594822386125935,0.4551031256654949,0.45953180604172844,0.45980253763490864,0.44916686551221285,0.4375480638742393,0.4211954257905369
gaussian_noise/s5,46464.0,0.7153931856155396,0.5386029481887817,0.7181280475505836,0.5371171363768935,0.41779590091769914,0.28074666158588774,1.1990650743701181,2.1669990131344874,0.45895150798914613,0.45720143018275883,0.45972137239111777,0.45996633536150866,0.45110517694472085,0.4413544646952516,0.4257960991239778
gaussian_noise/s5,46592.0,0.7291170954704285,0.5260325074195862,0.7186640986686248,0.5365764227692199,0.41509819470304604,0.28137086393345345,1.201415911340321,2.1777575460498007,0.4537865815892274,0.45300245407970025,0.45448316918910775,0.45622920647522586,0.44821146587324234,0.43858946508118835,0.4230619373989115
gaussian_noise/s5,46720.0,0.699876606464386,0.5227034091949463,0.7177476356342716,0.5358996903997432,0.41802980615308327,0.2866203652842253,1.2034442542085892,2.18889186363221,0.45521082129519025,0.4522891033047139,0.45584110668449307,0.45742095362808954,0.4464669182588944,0.43852294847619716,0.42523554835439875
gaussian_noise/s5,46848.0,0.7070642113685608,0.5380162596702576,0.7172264929871637,0.5360029376812318,0.42122149622774513,0.28672268030773745,1.2089852387304378,2.1861879850672437,0.4593623790541251,0.4559565592661926,0.4606948680946543,0.4613621478098299,0.4499263430528128,0.44125128175627354,0.42774138551281404
gaussian_noise/s5,46976.0,0.7150530815124512,0.583768904209137,0.7171204729152264,0.5383329848289344,0.4197221271638312,0.2861646024676196,1.2108864822818513,2.1591911995290545,0.45575709609834875,0.4533632817631641,0.4569627569137235,0.45756652398497993,0.4464198202161382,0.43933265886454015,0.42562144400058904
gaussian_noise/s5,47104.0,0.6910302639007568,0.5252256989479065,0.7158477797925693,0.5376936050298599,0.4133275463510929,0.2864590186515463,1.2161476329294634,2.1656344680695647,0.4511192999200407,0.44822831740736024,0.45221020420331554,0.45275650385553506,0.44198292477617257,0.4340831196507826,0.4194275528405092
gaussian_noise/s5,47232.0,0.7527357339859009,0.5746817588806152,0.7176471921922439,0.5394979052177016,0.41109232480667,0.2852010216353372,1.2081093397527682,2.1507248018263456,0.44601201973728843,0.44114679998607664,0.4469990901803943,0.4474933922452521,0.43625804793846423,0.42838514276552075,0.41588670902463676
gaussian_noise/s5,47360.0,0.7682490944862366,0.5434197187423706,0.7201155776699997,0.5396892131945147,0.4143308602206693,0.28123706359747047,1.184300183158202,2.152816699449305,0.44810189293302544,0.4452241420457005,0.44899501259035085,0.4494422662730687,0.43927631821201907,0.4321899477372736,0.41939392291878197
gaussian_noise/s5,47488.0,0.7288044095039368,0.5353784561157227,0.7205394231253136,0.5394789323614029,0.4092116230789042,0.27837541566433815,1.1756580040520976,2.155493047564975,0.4464421351285733,0.44082669247561596,0.4472502463711622,0.446929914932384,0.43250775133877506,0.42689524717929395,0.4145549713024791
gaussian_noise/s5,47616.0,0.7115554809570312,0.5125367641448975,0.7201011820439339,0.5381646802532807,0.4029065310547372,0.27243992101454984,1.1872683385510838,2.169220476814256,0.44098065885220694,0.4336874772489065,0.44171185290335374,0.44142201107207374,0.42471031516137825,0.4203942123496169,0.4084663065741051
gaussian_noise/s5,47744.0,0.7067046761512756,0.5188938975334167,0.7194476939516091,0.5372246420718239,0.4010869028758211,0.26508023192333746,1.1912097947017224,2.188661079581811,0.4362992754992307,0.4311874794143883,0.43696087344794826,0.4374236340515313,0.4208153714220442,0.41839729148350224,0.40611749095729555
gaussian_noise/s5,47872.0,0.6935948729515076,0.5365104675292969,0.718186580732092,0.5371898042892616,0.3993661090268435,0.2703559088372375,1.1982725007383412,2.190506638895803,0.4335135026974003,0.42961326959505325,0.43411212880090977,0.4352558580561446,0.4187411837792559,0.4142666748045252,0.4039178784925916
gaussian_noise/s5,48000.0,0.7452594041824341,0.5733328461647034,0.719507206266255,0.5389528795026978,0.40223355254600174,0.2668940138854481,1.1871613295154744,2.175366333767649,0.43762955835975365,0.4333755401868387,0.43817120636893736,0.43920607382712423,0.4242261097729019,0.41792808588797314,0.40707709291328475
gaussian_noise/s5,48128.0,0.7056577801704407,0.5539518594741821,0.7188316245054835,0.5396845370622824,0.40051515968023116,0.2691713534323418,1.1991169122656467,2.16247308925096,0.43185428808160925,0.42648078323865646,0.432344381253512,0.4332807485372135,0.41896440390516587,0.414715864744561,0.40489768490250216
gaussian_noise/s5,48256.0,0.7078448534011841,0.5057352781295776,0.7182956844516153,0.5380284756509309,0.39507498981179745,0.26509719129719916,1.2047916540098826,2.182730550825188,0.42720501021542395,0.4215807681772733,0.4276484556136774,0.42998290810535494,0.4140176135275177,0.410173456440498,0.3997653948463449
gaussian_noise/s5,48384.0,0.700088620185852,0.5315515995025635,0.7174075349752365,0.5377125304729617,0.3887397736488661,0.26293520402322423,1.2073093121418546,2.187919327995402,0.4222732424376322,0.41714714360358873,0.4226744800644873,0.42551175087938414,0.4095788460293602,0.4045761911041032,0.393745934301779
gaussian_noise/s5,48512.0,0.7047394514083862,0.5479087233543396,0.7167895796792925,0.538209905735468,0.3873576417132215,0.2572423827003712,1.2077187555097204,2.1827470270816507,0.42067376665534717,0.41748560703215853,0.4210368139072488,0.42360402920139395,0.4113998660384633,0.40534898076700826,0.39333733853242464
gaussian_noise/s5,48640.0,0.7443749904632568,0.5717861652374268,0.7181352094736322,0.5398477720526367,0.39053151281725756,0.25647868178897354,1.1976984327869797,2.176239707274954,0.4236509810129584,0.4215284701343921,0.4239794729047742,0.42630233695141,0.41525978360767557,0.4083348005631288,0.39666706835682203
gaussian_noise/s5,48768.0,0.7358139157295227,0.5644964575767517,0.7189975853885536,0.5410501469562521,0.39500204104405046,0.26047238251102245,1.193830344738571,2.161383763566048,0.4287057656875132,0.42682245869982766,0.4290029912481627,0.43110476175079987,0.4196632247871948,0.4126351764762159,0.40204081556854626
gaussian_noise/s5,48896.0,0.7253660559654236,0.5144369602203369,0.7193082424898644,0.5397519427252317,0.3944367069767999,0.2579512158234772,1.1911854639829127,2.1739223838003467,0.42653121333177124,0.42555217708651866,0.4268001485356665,0.43015189924031316,0.41907436936426135,0.4119158854374326,0.40080552080889875
gaussian_noise/s5,49024.0,0.7343653440475464,0.5503094792366028,0.7200427352487756,0.5402669445062742,0.39483609834129246,0.2547962815392676,1.188161391090157,2.1681483615155765,0.4231136082555764,0.4229527729616864,0.42335694581960065,0.42638967206693407,0.4178537274259616,0.41061440318282866,0.400598719304185
gaussian_noise/s5,49152.0,0.7299706339836121,0.528407633304596,0.7205270229919384,0.5396884415208264,0.398246255548546,0.25723982404594053,1.184348343884315,2.175077975356331,0.4275317062205424,0.4258989694674151,0.42698968744295807,0.4290087395679992,0.4183108384383626,0.41031053375436183,0.40346038195221023
gaussian_noise/s5,49280.0,0.7018434405326843,0.5338268876075745,0.7196156287256332,0.5394025120616434,0.395197087858024,0.2571642012932037,1.1940966322108766,2.1710738497249533,0.42314513691936045,0.4216678064009151,0.4226547082693273,0.4244815841064406,0.4148019246072275,0.40680090531849156,0.39991492620423064
gaussian_noise/s5,49408.0,0.7451364398002625,0.5274685621261597,0.7208605463390297,0.5388203681623515,0.3963606606972364,0.25369378356154837,1.1848355666717632,2.1802240976290626,0.42248512983601855,0.4203862186411611,0.4220413808909261,0.4236943720558573,0.41337446598905,0.40762220522868864,0.40062944839776005
gaussian_noise/s5,49536.0,0.7103393077850342,0.5531365275382996,0.7203473151900543,0.5395187174002025,0.39280313201695216,0.2533050236746669,1.190184040148973,2.176862269068838,0.42387708654407147,0.4197657278722225,0.4234755742624024,0.42497123134857756,0.4126591688098423,0.40520501139371523,0.3966656103587109
gaussian_noise/s5,49664.0,0.7254018187522888,0.556026816368103,0.7205938763394316,0.5403239905205879,0.3927073550254516,0.25371546163543623,1.1797944108460487,2.161562313781254,0.42894753041852035,0.42453966216160044,0.4285842346538453,0.42993753294538156,0.4158229302556634,0.4083904356513033,0.3969643922400947
gaussian_noise/s5,49792.0,0.7049992084503174,0.49413952231407166,0.7198331608326455,0.5380710896324651,0.3879359827446233,0.24730143792236672,1.1862122324138809,2.1801353903700003,0.4214517809438248,0.4181884748053505,0.4211230641930391,0.4223475536049526,0.4095763991188959,0.4036135351728925,0.3917878290286639
gaussian_noise/s5,49920.0,0.6896349191665649,0.5380957126617432,0.7183600758733244,0.5380722907558445,0.39055287314370735,0.24988205656152274,1.197745135939627,2.177119135489492,0.4215664240425684,0.4208259489464236,0.42126899502534937,0.42313913089418964,0.4123085681498159,0.4076754533003982,0.3932759000312895
gaussian_noise/s5,50000.0,0.7634851336479187,0.5443936586380005,0.7205612982037924,0.5383806501647301,0.39559766213657277,0.2459707662284807,1.2174364536147364,2.219194412395663,0.42743309397307944,0.42821312810678785,0.4271639746779039,0.4295811231945642,0.41600763364418203,0.4118155053360534,0.39806150740487284
