corruption,n_samples,r_l,r_s,r_l_ema,r_s_ema,large_acc_ema,small_acc_ema,large_ent_ema,small_ent_ema,fixed_ts_duo_acc_ema,"PW NN - β=0.5, pbs=256_duo_acc_ema","PW NN - β=0.01, pbs=256_duo_acc_ema","PW NN - β=0.1, pbs=256_duo_acc_ema","PW NN - β=1, pbs=256_duo_acc_ema","PW NN - β=2, pbs=256_duo_acc_ema","PW NN - β=4, pbs=256_duo_acc_ema"
jpeg_compression/s5,128.0,0.5833410024642944,0.141324982047081,0.5833410024642944,0.141324982047081,0.5133384146341463,0.3475609756097561,2.3106254368293575,5.979069616736434,0.5445884146341463,0.5445884146341463,0.5445884146341463,0.5445884146341463,0.5445884146341463,0.5445884146341463,0.5445884146341463
jpeg_compression/s5,256.0,0.5275440216064453,0.11811996251344681,0.5806191985200091,0.1401930298747086,0.506008464401271,0.3456738512209631,2.355547463312208,5.981894501391515,0.5357712544072197,0.5357712544072197,0.5357712544072197,0.5350090592852685,0.5350090592852685,0.5350090592852685,0.5350090592852685
jpeg_compression/s5,384.0,0.5786985158920288,0.12695354223251343,0.5805255066844978,0.13954720120923567,0.5091360049698591,0.3537261616341968,2.373517955000401,5.9825922441336035,0.5399140856355629,0.5398397251358603,0.5399140856355629,0.5406744670867897,0.5376628668488361,0.5353762814829824,0.5353762814829824
jpeg_compression/s5,512.0,0.5978837609291077,0.1466417759656906,0.5813722507939909,0.1398932780266237,0.5194390919447683,0.3587626364340353,2.377794955898981,5.966993764790878,0.5524743154382457,0.5509198226839044,0.553236510560197,0.5516751126942337,0.5475001311582864,0.5439067960354648,0.5431817811633649
jpeg_compression/s5,640.0,0.5917017459869385,0.1329101026058197,0.581876128608281,0.13955263532316986,0.5204517304271223,0.3698076859108671,2.3807059586507977,5.966288517456767,0.5577786637606017,0.5541599049983453,0.559193326925675,0.5570555302843125,0.5465668944031848,0.5433527583402391,0.5419345563054598
jpeg_compression/s5,768.0,0.6158077120780945,0.15874657034873962,0.5835313278019304,0.14048892483661227,0.5304399654846241,0.3836496075374354,2.3608206291156697,5.946700876565701,0.5664634726828526,0.5616647623453201,0.5677434861712978,0.5665341829639734,0.5555566605516026,0.5511612405922092,0.5498780250687713
jpeg_compression/s5,896.0,0.6129022836685181,0.13402950763702393,0.584964057356398,0.1401738313146811,0.5356665303403411,0.3970105907581435,2.351030631910852,5.946246174219402,0.5728344389950141,0.5684181163160213,0.573992618956897,0.5714112089757308,0.5590804168346148,0.554415524652439,0.5532544474298638
jpeg_compression/s5,1024.0,0.6157459020614624,0.13172531127929688,0.586465610756645,0.13976170838612578,0.5373840229908737,0.3956777861648639,2.342041825790591,5.947022654860375,0.5733751824577135,0.5678176412353768,0.5744231251834863,0.574299642386726,0.5586437025612428,0.5551106561548838,0.5532978968119112
jpeg_compression/s5,1152.0,0.5661507844924927,0.12482565641403198,0.5854746436218083,0.139033120485048,0.5375251927240445,0.3930589903371552,2.362951308822981,5.951553030308202,0.5746266523011198,0.5650992756210637,0.5755748503296149,0.5724887008151162,0.5560363305149615,0.5535645794239012,0.5519243611248762
jpeg_compression/s5,1280.0,0.596515953540802,0.14671456813812256,0.5860132441056616,0.13940782524861262,0.536128535474879,0.3942773493770452,2.36349242677533,5.938693664693268,0.5770974944378365,0.5640524974536809,0.5772304267408354,0.5729508113859558,0.5544021467657683,0.5506412702580332,0.5491571702979993
jpeg_compression/s5,1408.0,0.6203997135162354,0.1686857044696808,0.5876906328573969,0.14083601447890862,0.5394379848050512,0.40064074860350135,2.3475843616104455,5.91671795072632,0.5779946692682626,0.5647412841326881,0.5781149488832901,0.5742426734789048,0.5559722874662305,0.552569376598732,0.551226535409433
jpeg_compression/s5,1536.0,0.5866630673408508,0.11290930956602097,0.5876405077102482,0.13947373619047507,0.5334719957694722,0.4004868106043578,2.3578510022607677,5.928484289866622,0.5698460094925804,0.5556418757678873,0.5699548407206926,0.566451134063899,0.5477075248281598,0.5453535227880256,0.5441384951563044
jpeg_compression/s5,1664.0,0.5940088033676147,0.16995880007743835,0.5879511562789002,0.140960812477644,0.5355842686290108,0.40553416949983834,2.360606632223225,5.901990920738053,0.5744449913374269,0.5594177828928949,0.5745434638525718,0.5713732450393755,0.5492270346601017,0.546334894801063,0.5452355152485061
jpeg_compression/s5,1792.0,0.624918520450592,0.16892042756080627,0.5897544423360558,0.14232469614023727,0.5329223215852025,0.40251634253971086,2.346576915700654,5.8826849358321605,0.5718208398716397,0.557461747638366,0.5719099396310302,0.5690414668083821,0.5467537594991163,0.5426496876813902,0.5416549486573337
jpeg_compression/s5,1920.0,0.61357182264328,0.13360777497291565,0.5909162657656765,0.14189948047353865,0.535012552725219,0.40432174717602626,2.3407112716092193,5.887322803078341,0.5746702840242498,0.5587034908732628,0.5747509031402718,0.5713932605684408,0.548289689588433,0.544576249234619,0.5429139957809664
jpeg_compression/s5,2048.0,0.5993491411209106,0.14251373708248138,0.5913276255391025,0.14192944421056022,0.534505706540784,0.4022186956899083,2.326943551220392,5.881106944341044,0.5748503878648923,0.5596783222000193,0.5749233335373904,0.5711602613471733,0.5487685115193378,0.5431591166483375,0.5416550788714157
jpeg_compression/s5,2176.0,0.6333650350570679,0.15324068069458008,0.5933782308814423,0.14248121184392704,0.5407581378040051,0.40553964077593724,2.3128616948165557,5.872336522887357,0.578749964272755,0.5657470125319628,0.5788159668711308,0.576898279303421,0.5544255835936424,0.5485879038799056,0.547227022583833
jpeg_compression/s5,2304.0,0.6142117977142334,0.13568851351737976,0.5943945024342613,0.14214986070604668,0.5479398439023746,0.40473351791802525,2.3063428098771235,5.873600694673951,0.5845649587500656,0.572074631803162,0.5846246791261094,0.5828895198218341,0.5618307927697382,0.5550243615712886,0.5537930109161272
jpeg_compression/s5,2432.0,0.6384897232055664,0.14741742610931396,0.5965454888133493,0.14240681511596215,0.5530623156308815,0.4078522788538468,2.2855329305891483,5.865692787800162,0.5936002690415525,0.5778371594126172,0.5936543051462297,0.591322105680553,0.5656311039873717,0.5594725187090601,0.5583583697819331
jpeg_compression/s5,2560.0,0.6117238998413086,0.17160233855247498,0.597285899107396,0.14383098699091398,0.5508746472781504,0.4128864165001195,2.2746012010188017,5.846997324749166,0.5905657401619281,0.573328566012249,0.5906146330323707,0.5877422205473652,0.5630093153865511,0.5559125228771448,0.5556666153708032
jpeg_compression/s5,2688.0,0.6236082911491394,0.15760505199432373,0.5985699182313835,0.1445028926008364,0.5497689402201468,0.41389068381718125,2.2614432738537227,5.837407708719465,0.588730958230989,0.5701600231437423,0.5887751974076358,0.5854139901561822,0.5600235982765879,0.554327303567006,0.5541048018911313
jpeg_compression/s5,2816.0,0.6321501731872559,0.17613893747329712,0.6002079794487432,0.14604611430193204,0.550218505695921,0.4138140869041836,2.2483911292886107,5.818591194166717,0.5906587075962725,0.5724053511015061,0.5906987360243986,0.5884196484399484,0.5609843206297979,0.5543429974571185,0.5541416738110713
jpeg_compression/s5,2944.0,0.6173977255821228,0.1556762009859085,0.6010465036503715,0.14651587462797966,0.5434123124113598,0.40881839749034105,2.2432470246143583,5.813676704019904,0.5829405974145928,0.5649002314249797,0.5829768158793041,0.5793902648882578,0.5538784364532554,0.5471442291090286,0.5469620677374416
jpeg_compression/s5,3072.0,0.5760869979858398,0.16832076013088226,0.599828966788687,0.14757952757934076,0.5303570060545378,0.4033501086155911,2.259847789038659,5.798803815397483,0.5758083870717404,0.5528484544898239,0.5758411582108397,0.570383755440238,0.5398641295927433,0.5337337135483833,0.533568890558387
jpeg_compression/s5,3200.0,0.6581529974937439,0.179838627576828,0.6026740414572264,0.14915314221336454,0.5342901583634455,0.4060986110674087,2.240131718778253,5.778610445076799,0.5769026214967977,0.5546036581076872,0.5769322734316996,0.5705071041193349,0.5428923801966464,0.5373454659768536,0.5371963310763276
jpeg_compression/s5,3328.0,0.6613991260528564,0.18287892639636993,0.6055386797301838,0.1507983024174136,0.5399124514400956,0.4142369050764596,2.2166270026698722,5.762393539442592,0.5821684338468943,0.5597425127791744,0.5821952634679448,0.574857260776626,0.549908126281439,0.5441641604704308,0.5425420104503833
jpeg_compression/s5,3456.0,0.657941460609436,0.2108159214258194,0.6080949129438058,0.15372599114953095,0.5434752163238462,0.42388716991153774,2.1930381650784714,5.729367544337663,0.583159243236839,0.5629422141208354,0.5831835191759334,0.5765811383945557,0.5532445033159243,0.5473222415678319,0.545854490121971
jpeg_compression/s5,3584.0,0.6872817277908325,0.2036624252796173,0.6119576843997583,0.1561619147656327,0.549859193354295,0.4273950835428012,2.1581551718922762,5.699515464462013,0.5894654723160214,0.5689605042699528,0.5902496327582359,0.5850006909566444,0.5586986255464134,0.5533400531973065,0.5520120044470659
jpeg_compression/s5,3712.0,0.6165151596069336,0.19029439985752106,0.6121800002635229,0.15782691403840776,0.5466750940463312,0.4268324937945274,2.1513097998791757,5.6846220186543945,0.5877725957124739,0.5662077198064236,0.5884821186349058,0.5829705835485164,0.5546731763569868,0.5498246406383719,0.5486229974800638
jpeg_compression/s5,3840.0,0.6757912635803223,0.17446787655353546,0.6152829887180009,0.1586386683074384,0.5519923069865971,0.43024596850771935,2.1198777442720176,5.677437893666833,0.5936397192615543,0.5703908041793994,0.5942817087707863,0.5878075595343804,0.559229120308731,0.5548420751998594,0.5537548061672677
jpeg_compression/s5,3968.0,0.6503247618675232,0.19675445556640625,0.6169923435057825,0.16049797500299778,0.5531411653340953,0.434710213028103,2.10480483328781,5.65653301697241,0.5983349274222629,0.5728372475650604,0.5981536163238346,0.5908084759380086,0.5612135585898749,0.555719688506238,0.5547359073054218
jpeg_compression/s5,4096.0,0.6742972135543823,0.19660592079162598,0.6197877030203482,0.16225933821219915,0.562843671905508,0.44081304819496997,2.072423454011591,5.636963925011703,0.6045352020281153,0.5813900675469701,0.6043711483810543,0.5976879487815057,0.5708727380221295,0.5659017824021344,0.5642866240401824
jpeg_compression/s5,4224.0,0.6877987384796143,0.18197181820869446,0.623105314506166,0.16322092260227208,0.5629225014683389,0.43828548263209355,2.0461920074905824,5.629971460939745,0.6028951768499484,0.5819158493390492,0.6027467380651894,0.5974246698968888,0.5709123643852819,0.5656895366053816,0.5642281113415333
jpeg_compression/s5,4352.0,0.695620059967041,0.18824553489685059,0.6266426191627941,0.16444163539712955,0.5688311271465457,0.4360356746480751,2.015578102801141,5.6172510064189645,0.6064863557339509,0.5867788559456834,0.6063520455664205,0.6015365395081308,0.5768226985306447,0.5720969870177188,0.5700124671924284
jpeg_compression/s5,4480.0,0.6186110973358154,0.1943170130252838,0.6262508376102585,0.16589897089118585,0.5635809901189149,0.4277909049016788,2.022389665040506,5.604502699122749,0.6014259352000829,0.5827948482411567,0.6013044088676536,0.5969100693586359,0.5737863322219575,0.5665360007459549,0.5646498885185506
jpeg_compression/s5,4608.0,0.6377577185630798,0.17149284482002258,0.6268121488762497,0.16617184279015348,0.5592023711902853,0.4213533410799842,2.0263574860553355,5.608100863779503,0.5942073750382666,0.5765874266358115,0.5940974157571095,0.5886341258146848,0.5691985492621043,0.5618761196517533,0.5601695303014368
jpeg_compression/s5,4736.0,0.7063144445419312,0.17349597811698914,0.6306903096404293,0.16652911768414547,0.5640522347295799,0.42162607482608916,1.9868753946771773,5.60774291683891,0.6009120567716856,0.5812697655639912,0.6008125635732086,0.5951442625604614,0.5730969621818326,0.5664714919633056,0.5649273382441911
jpeg_compression/s5,4864.0,0.6452537775039673,0.21463251113891602,0.6314007227069433,0.16887562468193915,0.5603165966827429,0.42244914325430194,1.9934625121849923,5.5848017683619355,0.5974046629088243,0.5766203530177457,0.5973146396162107,0.5906986456600011,0.5692254488272263,0.5625055855301533,0.5611084065850175
jpeg_compression/s5,4992.0,0.6547333002090454,0.18300586938858032,0.632538897219241,0.1695649049115314,0.5592231074089542,0.4201079101069561,1.9845360414141067,5.583200131718209,0.5956811375873419,0.5754250784889894,0.5955996828413184,0.5888883938422734,0.567971836803219,0.5619287600186574,0.5599395517048253
jpeg_compression/s5,5120.0,0.6458228826522827,0.1878935545682907,0.6331868965086576,0.17045898538259283,0.5616728711296963,0.42016456351735887,1.99010646542655,5.578181950333984,0.5976351934981242,0.5777827450218637,0.597561491732091,0.5914889928816762,0.5703138987374754,0.5641209958288983,0.5623211232260794
jpeg_compression/s5,5248.0,0.6739898920059204,0.23037700355052948,0.6351772865329143,0.17338181553712634,0.5601900279525687,0.42170303456865127,1.9715093813535804,5.543412165543599,0.593454419578017,0.577015945971597,0.5933877328521775,0.5886182380565316,0.5680085901128495,0.5624051366185332,0.5607765784811819
jpeg_compression/s5,5376.0,0.6665569543838501,0.20438432693481445,0.636708002037838,0.17489413316628183,0.555074528563865,0.4187449824978694,1.9573620264537976,5.5285321736596185,0.5896715777383486,0.5725855168487799,0.5896112383510779,0.5845706960642383,0.5621489087219774,0.5570787999980898,0.5556052503687553
jpeg_compression/s5,5504.0,0.7152944207191467,0.20440170168876648,0.6405414858759505,0.1763335267527445,0.554294085630957,0.4206044725635094,1.9244811590794326,5.515086510999247,0.5885725578465366,0.5723877579577598,0.5885179616490122,0.5846822003055957,0.5622195063451088,0.5568697827466357,0.5547742925704204
jpeg_compression/s5,5632.0,0.6656968593597412,0.19160185754299164,0.6417685772654037,0.177078323376659,0.5484384617755416,0.4147393829679345,1.919633323371833,5.511780349337055,0.583841529140144,0.5677100118106796,0.5837921294872978,0.5803214614305836,0.5570595592807319,0.5507690003317268,0.5488729619271918
jpeg_compression/s5,5760.0,0.6819344758987427,0.22831213474273682,0.6437278893938593,0.17957753368719936,0.5474159133614508,0.4175936058859181,1.9059147022636278,5.480555471277885,0.5831858809174056,0.5670653943867006,0.583141183194634,0.5800008583199986,0.555941457267099,0.54952462790277,0.5478090571631521
jpeg_compression/s5,5888.0,0.6908582448959351,0.2808483839035034,0.6460269311256679,0.1845175751611654,0.5547632981694032,0.4210127153792275,1.8870716175660485,5.413294357823379,0.5877792830906448,0.5733047084248492,0.5870138248893744,0.5834102055352277,0.5624773685325745,0.5566713022249336,0.555119021978081
jpeg_compression/s5,6016.0,0.6746716499328613,0.20574074983596802,0.6474242344821163,0.1855528519745704,0.5591619431978955,0.4210204283710916,1.8679407769730711,5.405767391018207,0.5912848242598874,0.5751763602107052,0.5905922234721823,0.5865694066740519,0.5661417772385757,0.560888340680621,0.5594838087023565
jpeg_compression/s5,6144.0,0.6127616763114929,0.1995471864938736,0.6457333779859883,0.18623550243892664,0.5588290098774532,0.42033957260703764,1.8961704277775158,5.40653455894826,0.5907944483636458,0.57621921111272,0.590167770315996,0.585765655890085,0.5658695081379378,0.5603910863624179,0.5591202397598358
jpeg_compression/s5,6272.0,0.6138773560523987,0.23584416508674622,0.6441794256965448,0.1886554372022349,0.5509058144102358,0.4143509755712696,1.9164422144528876,5.3812776548197,0.5849782010476533,0.5703402261168632,0.5844111711187565,0.5804280562812725,0.5587633979047015,0.552319210206566,0.5511693246131529
jpeg_compression/s5,6400.0,0.6580526232719421,0.2454870343208313,0.6448561670416862,0.19142771023241031,0.5504477951921288,0.4112933276882219,1.9068340897681706,5.3528151593455755,0.5821508588896375,0.5689061474858708,0.5816377996856803,0.5787588183246969,0.5598812481933676,0.5524888570637637,0.5506862241145779
jpeg_compression/s5,6528.0,0.6792728900909424,0.23693150281906128,0.6465350315806743,0.19364740743175912,0.5494570770298798,0.4138620769861901,1.8885592089498655,5.3353099905078505,0.5810426569727177,0.5676457467733548,0.5805784314824032,0.5779734757119952,0.55726762552178,0.5505788528221205,0.5496728119442432
jpeg_compression/s5,6656.0,0.7015501260757446,0.23551857471466064,0.6492186947267752,0.1956899033967787,0.5581717514351262,0.416836983400354,1.868941994217437,5.3194463839300505,0.5904504052679974,0.5761164074017089,0.590030365428159,0.587673353098123,0.565963895549451,0.5591867549925313,0.5583669523897643
jpeg_compression/s5,6784.0,0.7122581005096436,0.2389608472585678,0.6522937876917931,0.19780068114613425,0.5615581403526632,0.42707632465909484,1.8382139411156486,5.302842245864837,0.5930138705607519,0.5778319783807253,0.5926338107175668,0.590501142214304,0.5686086169724657,0.5624765344102558,0.5617347617994237
jpeg_compression/s5,6912.0,0.6572567224502563,0.23460641503334045,0.6525358820702547,0.19959608279916868,0.5564611430555626,0.42448057097351766,1.8315453037094196,5.287912816693142,0.5916710869261771,0.5756476437341363,0.591327201726008,0.5893975236811163,0.5635655600327901,0.5572921230446157,0.5566209534187527
jpeg_compression/s5,7040.0,0.653881311416626,0.27342113852500916,0.6526015127700777,0.2031973050296975,0.5556230806588404,0.4281179050866867,1.830990682104749,5.245643674939225,0.5905304718707407,0.5759949828195249,0.5902193181589875,0.5884733096484104,0.562813484122471,0.5570999816483405,0.555767680041596
jpeg_compression/s5,7168.0,0.6581865549087524,0.21412433683872223,0.652873953850013,0.20373033097160112,0.5510538106377728,0.4282487112652293,1.834187765798311,5.251103504121658,0.5841630563446737,0.5694866858230204,0.583881518691148,0.5823016977841952,0.5567976260263405,0.5523901380649172,0.5511846468431097
jpeg_compression/s5,7296.0,0.6547608375549316,0.22479239106178284,0.6529659969575701,0.20475774853697581,0.5513810802974731,0.4297427363678844,1.8370051962641425,5.244688136274656,0.5865627654373877,0.5710339078743688,0.5863080249430317,0.5833541834204407,0.5573403861904009,0.5525902141562993,0.5514994633244319
jpeg_compression/s5,7424.0,0.6802871227264404,0.2176453173160553,0.6542987347999539,0.20538641042863823,0.5569010250639244,0.4312432790098466,1.8331449942620228,5.248603858258072,0.5901840965081896,0.5754454633414128,0.5907157977027668,0.5880802873185546,0.5622931156428316,0.557995071821375,0.5570081402239506
jpeg_compression/s5,7552.0,0.6576251983642578,0.24921846389770508,0.6544610013152858,0.2075245593783488,0.55300949382643,0.4318016224711342,1.8301110256352282,5.22403951955794,0.5890362943420323,0.5704766803939849,0.5895173874514624,0.5863705336177998,0.5571261623395282,0.5539994076384956,0.55310641361132
jpeg_compression/s5,7680.0,0.7144014835357666,0.2767006456851959,0.6573849272772605,0.21089900261282912,0.5525743248721001,0.43379403199202565,1.8027002289207963,5.192450675203252,0.5925709123701552,0.5699033497199589,0.5930062143448389,0.5894338677172359,0.5570613580716374,0.5534700172624343,0.5526620196923366
jpeg_compression/s5,7808.0,0.6713850498199463,0.23892897367477417,0.6580678600842208,0.2122663182743874,0.5529055907974207,0.43621027522895356,1.799068742511153,5.181881513797621,0.5926831396282011,0.5744225133397131,0.5930770089342652,0.5898446834014965,0.5606277963277575,0.5544410447686868,0.55298493869842
jpeg_compression/s5,7936.0,0.6631941795349121,0.26736271381378174,0.6583179244476691,0.21495394732508954,0.549468711245019,0.42977071899062363,1.7992924691050804,5.148238798587527,0.5899218056957132,0.5719120421116618,0.5902781859542042,0.5880785326910626,0.5586681310020934,0.551620213618782,0.5495405066985704
jpeg_compression/s5,8064.0,0.7009480595588684,0.32056936621665955,0.6603974432335813,0.22010591897833687,0.5514712431907637,0.4356558676887201,1.7776631429765644,5.088551544151665,0.5902489984908862,0.5739162498821164,0.5905714579633222,0.5885811708644296,0.5619700935479978,0.5541801575931989,0.5515362050496879
jpeg_compression/s5,8192.0,0.6590821146965027,0.2366674840450287,0.6603332808659188,0.2209138002011023,0.5511453068965803,0.43815516047266106,1.7744045705918376,5.086255005720033,0.5929431747201892,0.5744655657767395,0.5932349420358198,0.5907090784561555,0.5607564023120194,0.5529085483041377,0.5512040855922518
jpeg_compression/s5,8320.0,0.6812952160835266,0.2784854471683502,0.661355814291168,0.22372217322389487,0.5574127077868523,0.4388549964776427,1.7689318339256674,5.060153650754279,0.5959943894999452,0.5784761306046524,0.5962583859824402,0.5939729377345703,0.5675962152983828,0.5597703164607932,0.5574658918416507
jpeg_compression/s5,8448.0,0.662708044052124,0.2614358067512512,0.6614217767185316,0.2255618626642537,0.5528589997286152,0.4314386969913709,1.7649056584326785,5.042026137910997,0.5870434065612236,0.5719175756393078,0.58655726060636,0.5852143594849979,0.5613110312128734,0.5542300126929605,0.5529071216485132
jpeg_compression/s5,8576.0,0.7107840776443481,0.31251198053359985,0.6638296938368642,0.22980333182861204,0.5604876791119713,0.44017668538005655,1.7449420609407165,4.9939134462587775,0.5936677700057233,0.5814316671905932,0.5932278961227089,0.5920128142633443,0.5703474589380013,0.5617281970886334,0.5605312207182561
jpeg_compression/s5,8704.0,0.6265338659286499,0.22521020472049713,0.6620103851584147,0.2295792768477284,0.5517931349966141,0.43382435363656513,1.769799765165223,5.014497522787945,0.5877639370486052,0.5729930492545462,0.5873659309950269,0.5855414875041919,0.5614766419064248,0.5536777738083352,0.5518325322501294
jpeg_compression/s5,8832.0,0.6847051978111267,0.3126980662345886,0.6631174491902543,0.23363385193977032,0.5496519085840869,0.43250109570566064,1.7633097980599963,4.970568313987756,0.5882221583884167,0.5733699749649998,0.5878620351239953,0.5854490496691706,0.5599381156095611,0.551357164760546,0.5496875559502956
jpeg_compression/s5,8960.0,0.7236796617507935,0.3060449957847595,0.6660717034615,0.23716610285903808,0.5544998827819132,0.4329397183630635,1.738849367149019,4.934633872856833,0.5915740052996917,0.5803476989421562,0.5912481590860184,0.5890648450605642,0.565294243808532,0.5560428302205772,0.5545321371804875
jpeg_compression/s5,9088.0,0.6864960193634033,0.2642684578895569,0.6670680115542759,0.23848816895808778,0.5568229159496074,0.43188656254028523,1.728575083561633,4.9290182801258835,0.5910932849856223,0.5794483046347528,0.5907984532836609,0.5888229502302904,0.5658648392818424,0.5574939885577025,0.5568521003280914
jpeg_compression/s5,9216.0,0.7131364941596985,0.30677539110183716,0.6693152546081989,0.24181925296509996,0.5587761184767122,0.4376446827030183,1.713185821674081,4.8991717514240305,0.5913461549453488,0.5815345754607133,0.5910793857492255,0.5892919139204471,0.5684446285233089,0.5593833174278795,0.5588025250440376
jpeg_compression/s5,9344.0,0.6853997707366943,0.32870161533355713,0.6700998651510522,0.24605741698307348,0.5582940072594165,0.4405309710834568,1.706914190154319,4.859436207577077,0.5936756404948693,0.5818607015322694,0.5934342627748792,0.5918169250880428,0.5678044497227559,0.5596056072622275,0.5583179004116485
jpeg_compression/s5,9472.0,0.703113853931427,0.29143744707107544,0.6717103036281438,0.24827107698736625,0.5602559101972473,0.4387552688982378,1.6884231705605128,4.84000690319011,0.5945192737612708,0.5830667025761938,0.5943008707201614,0.5928374735627087,0.5695861499276096,0.561442670223586,0.5602775291648527
jpeg_compression/s5,9600.0,0.6910955309867859,0.28408747911453247,0.6726559244749067,0.2500182185545451,0.5650426766270155,0.444733351573004,1.6813743933093086,4.82774712338928,0.6013058092747725,0.5894189200585309,0.6011081941495331,0.5997469049904104,0.5757342558238514,0.5668414939976646,0.5650622378701612
jpeg_compression/s5,9728.0,0.6818431615829468,0.2846812307834625,0.673104082382616,0.2517090971998581,0.5633878115108212,0.4403454358968108,1.679415917019651,4.8120632804785,0.602185387214116,0.5869310989940661,0.6020065813809873,0.5999754863119656,0.57454896080195,0.5650154148545198,0.5634055108866836
jpeg_compression/s5,9856.0,0.7002670764923096,0.3281935751438141,0.6744291064855278,0.2554400473434657,0.5662777283212128,0.4415618132058591,1.6726102380076862,4.766508471735028,0.6043197346535814,0.5905173715466833,0.6041579478170622,0.6023201753007137,0.5785887682211576,0.5677504140355291,0.5662937430450004
jpeg_compression/s5,9984.0,0.7288120985031128,0.37232619524002075,0.6770819353644344,0.26114181065549275,0.5667918945726143,0.4434617893433145,1.6403940045388141,4.697268133724799,0.6004879931041626,0.5879621785380756,0.6003416053716548,0.598678754689105,0.5771689568497208,0.5681244079405352,0.5668063849919366
jpeg_compression/s5,10112.0,0.6735911965370178,0.30822449922561646,0.6769116554216336,0.2634385271711085,0.5625724102587426,0.43774487304650883,1.6415109845800282,4.683242080255767,0.59683506098241,0.5847020961073247,0.596702606645025,0.5944730136122123,0.5734117985534951,0.5645031079580929,0.5625855214590931
jpeg_compression/s5,10240.0,0.7017014026641846,0.30292457342147827,0.6781209113846849,0.2653646757686875,0.5700387483661793,0.4383722200498155,1.6311379806352828,4.671996191818967,0.6032896357847981,0.5915864891012736,0.6031697886419292,0.6019146066056958,0.579846428078445,0.5717856794790358,0.5700506116236054
jpeg_compression/s5,10368.0,0.7090201377868652,0.3121936619281769,0.6796281907213766,0.2676490165569552,0.5697859525668999,0.4397020503841578,1.61467312898288,4.654216380521918,0.6057836323787495,0.5937071980505874,0.605675192459473,0.6045394804564327,0.5801473331988785,0.571366608261519,0.5697966866624056
jpeg_compression/s5,10496.0,0.7330496311187744,0.3445732295513153,0.6822341146432008,0.27140141719082644,0.579540115320794,0.44761634065098393,1.5942604267495657,4.61412082528988,0.6127621385175955,0.5996601119779554,0.6126640200659478,0.6109113918942499,0.5896402996998775,0.5816953368029568,0.5795498277296365
jpeg_compression/s5,10624.0,0.7462111711502075,0.3489217758178711,0.6853549466679328,0.2751828980994627,0.5808926326013846,0.44669063303399553,1.5667232416160073,4.574059071264104,0.6110268963029524,0.5998225938836824,0.6109381169067856,0.6100773212796872,0.5907564817629468,0.5828427170001768,0.5809014205691713
jpeg_compression/s5,10752.0,0.6580372452735901,0.33441975712776184,0.6840223758682088,0.27807250097889197,0.5753310197422403,0.44486775897959974,1.581372868163431,4.538562306003951,0.6092709156911306,0.5961586349179542,0.6091905864456995,0.6076867077135063,0.58795544840062,0.5778205071726763,0.5753389712586018
jpeg_compression/s5,10880.0,0.7075986266136169,0.27701008319854736,0.6851724368801798,0.27802067572131417,0.5756713153051444,0.4376041709744028,1.5736663452319546,4.559006706041944,0.6071429582190421,0.5952415429566974,0.6070702748268345,0.6056723571875331,0.5878191475415485,0.5779238497380373,0.5756785099847314
jpeg_compression/s5,11008.0,0.7321463823318481,0.34436559677124023,0.6874638488534318,0.28125701333350567,0.578767739785321,0.4427437204354947,1.5577905086849158,4.52866478523629,0.6102554666574439,0.5972374401172734,0.6101897013751431,0.6081998246771195,0.5905215189831619,0.580043679626148,0.5787742496649473
jpeg_compression/s5,11136.0,0.7314226627349854,0.37243983149528503,0.6896081812378979,0.28570495568286075,0.5883548377236605,0.4497550260454416,1.5388494536119708,4.486190597384754,0.6198571176597096,0.6065909556325835,0.6197976120116552,0.6179971346424145,0.5990270555463351,0.5887843169014699,0.5883607279835721
jpeg_compression/s5,11264.0,0.6747070550918579,0.3198190927505493,0.688881297035652,0.28736905993006506,0.5836445319319974,0.4447775994141086,1.5482765525974578,4.475711522617875,0.6143606043785951,0.6008699247573821,0.6143067625637879,0.6134398523445046,0.5933009526983792,0.5840331326633764,0.5836498615484909
jpeg_compression/s5,11392.0,0.7229858636856079,0.32845744490623474,0.6905449344332109,0.2893733713923172,0.5823569798147341,0.4493830926287086,1.5337972026562807,4.471744068576461,0.6123988573824171,0.5987050300749424,0.6123501403090548,0.6115657438524635,0.5925814985450534,0.5834707880910146,0.5823618021506571
jpeg_compression/s5,11520.0,0.7093844413757324,0.4025595188140869,0.6914639347718704,0.29489464687630595,0.5834042036277278,0.45053862813103257,1.5287310189286227,4.41407533197155,0.6122225830331091,0.5997949736728062,0.6121785029209234,0.6114687664483027,0.5934549133176836,0.5844119980288122,0.5834085669667755
jpeg_compression/s5,11648.0,0.742065966129303,0.37318044900894165,0.6939323265454036,0.2987134664925321,0.5792022865661951,0.4463231727467582,1.513042973962097,4.378333270163904,0.6120630867301361,0.597044559759868,0.6120232022264868,0.6106188243711292,0.5897835652327168,0.580114157645344,0.5792062345963507
jpeg_compression/s5,11776.0,0.6799275875091553,0.3464546799659729,0.6932491685436353,0.30104230617416333,0.5761625091416911,0.44773277557871455,1.5279236896412152,4.365035998018256,0.6111193961430915,0.5990175641848656,0.6110833079039181,0.609812600754603,0.5902354567037253,0.5762625721466795,0.5761660813926528
jpeg_compression/s5,11904.0,0.6851422190666199,0.40172043442726135,0.692853707593537,0.30595343438163153,0.5689132518765687,0.44577352864677267,1.5355971260969523,4.312716950812447,0.6064173715250696,0.5939801993606071,0.606384718216454,0.6052721390527965,0.5830967457741618,0.5697288056127897,0.5689164841155413
jpeg_compression/s5,12032.0,0.7091556787490845,0.3711477220058441,0.6936489256986856,0.3091336435340321,0.5667784390864133,0.4450232225292928,1.538206964940608,4.282619082537886,0.6029622677511188,0.5902588537938628,0.6029327224314256,0.6012010252821556,0.5796491078658538,0.5675535474937854,0.5660563488041275
jpeg_compression/s5,12160.0,0.7328822612762451,0.3972991406917572,0.6955627469463714,0.3134343994929455,0.572468772070455,0.4555541769583904,1.519123227586471,4.2445426784141995,0.6066586015761164,0.5952014970972428,0.6066318684224855,0.6043399818287678,0.5848765871885566,0.5731701045437523,0.5718154113807721
jpeg_compression/s5,12288.0,0.72931969165802,0.39194363355636597,0.6972094271762079,0.31726411822774647,0.5751821846039036,0.45444922852689573,1.5053082811864205,4.213793259924214,0.6053927620447787,0.5965133712581239,0.605368573391196,0.6032948318629124,0.5864090060165346,0.576578958364692,0.5745910117252554
jpeg_compression/s5,12416.0,0.6895158886909485,0.33673280477523804,0.6968341326159514,0.3182138102544534,0.569624986783187,0.4454742870847164,1.5109101225357224,4.209282014476407,0.5977594533433125,0.5904502306267735,0.5977375670006002,0.5965862220484769,0.581344793665169,0.5716510087285523,0.5690900825901924
jpeg_compression/s5,12544.0,0.7179765701293945,0.3655669093132019,0.6978654710312413,0.3205237175256119,0.5734828107657509,0.4471505893253145,1.5103565280272289,4.199523981076922,0.5989765785456146,0.592400238419585,0.5989567753765097,0.597915017094428,0.5841614700563487,0.5753159930256562,0.5729988195239041
jpeg_compression/s5,12672.0,0.7075138092041016,0.3873673379421234,0.6983361216738199,0.32378438193617337,0.5790369453746027,0.44478200259595674,1.5051751023827558,4.165222169778625,0.6028663747578107,0.5968787999025512,0.6028484564828502,0.601868674003941,0.5894242093728176,0.5814578378298769,0.578599021115918
jpeg_compression/s5,12800.0,0.7040644288063049,0.3609582781791687,0.6986155512900387,0.3255977427285146,0.5715512753805894,0.4358906460133552,1.507741055829225,4.156461457217068,0.5930382248700952,0.590632156247341,0.593022012082341,0.5936598769541904,0.5831249092540485,0.5744667586789071,0.5711550333832905
jpeg_compression/s5,12928.0,0.7399731874465942,0.37433621287345886,0.7006329969562122,0.32797522907704846,0.5752257524413303,0.4367316612649097,1.4774730258457602,4.136091160109034,0.6006535633714544,0.5947398927139831,0.6006388937401788,0.599728835721192,0.5887093914190408,0.5793881260860307,0.574867225327772
jpeg_compression/s5,13056.0,0.7259978652000427,0.3568904995918274,0.7018703076022527,0.3293857300777694,0.5741632180031312,0.43615413847943346,1.4699596819406178,4.129384127556228,0.6009073883926128,0.5955565894217538,0.6008941150379605,0.600070677651358,0.5871256599335878,0.5786916060540468,0.5738388160163838
jpeg_compression/s5,13184.0,0.7291971445083618,0.3993997573852539,0.7032033240366969,0.3328010484830125,0.5803404250938504,0.43700725438858906,1.4629367478546589,4.1049747803546,0.6053012419661891,0.5989353495005875,0.6052892319885412,0.6045441705578319,0.5913068880184337,0.5844377946509252,0.580046900155217
jpeg_compression/s5,13312.0,0.6925033330917358,0.3845556080341339,0.7026813732588939,0.3353256611440428,0.5831783382318539,0.43716569537480304,1.46790437063377,4.080248632816042,0.6080127537362126,0.6015277612078485,0.608001886885527,0.6066027266022975,0.5938631925496952,0.5876479093777852,0.5829127514194438
jpeg_compression/s5,13440.0,0.7393668293952942,0.40094590187072754,0.704470907704572,0.338526648496564,0.5855602334626114,0.4401347547085517,1.4576161901544853,4.051166657649243,0.6153925630177153,0.6072754162981187,0.6153827304895221,0.6141167442963085,0.5988903425747092,0.5910544141365921,0.5853199255853503
jpeg_compression/s5,13568.0,0.7613004446029663,0.38447606563568115,0.707243080236201,0.3407680834789599,0.5869904016041831,0.44072053058400185,1.4324498492855886,4.03371108849385,0.6170692078226918,0.6081259120698622,0.6170603111686871,0.6158776431140304,0.5990517317407095,0.591961638252086,0.5867729665766317
jpeg_compression/s5,13696.0,0.7024881839752197,0.422036349773407,0.7070111340771288,0.3447323891518598,0.5826330463057481,0.43903832660218134,1.4432410427635767,3.9906854929618722,0.6119867728127985,0.6046940881964666,0.6119787229551298,0.6116708180704582,0.5942713765482565,0.5878561283649153,0.5824363070571427
jpeg_compression/s5,13824.0,0.7009168863296509,0.45367228984832764,0.706713853699203,0.3500465306492484,0.5835424529631426,0.4476292651766316,1.4514049770564477,3.9294157954997266,0.6100650692732101,0.6042287079993013,0.6100577856125832,0.6105042024302004,0.5955602401724558,0.58903058967462,0.5833644396394491
jpeg_compression/s5,13952.0,0.727877676486969,0.41432952880859375,0.7077462352986063,0.3531822866570213,0.5875628024728969,0.44590295201288316,1.4449473689738932,3.9001706330503625,0.6145725582180562,0.6092917102123362,0.6145659678267336,0.6149698940489797,0.600686124510592,0.5918035555592486,0.5866767178415241
jpeg_compression/s5,14080.0,0.7254823446273804,0.3798665404319763,0.7086114113634244,0.3544839575728727,0.5844150937306819,0.44495442594384016,1.4358446743194753,3.893712531854126,0.6139291261449517,0.6091880971046778,0.6139231630365627,0.6142886429794754,0.6014016034387926,0.5904272504495046,0.5836133479101476
jpeg_compression/s5,14208.0,0.7150827646255493,0.40955138206481934,0.7089270871323086,0.35717017340174817,0.5846901294255604,0.4486693526832724,1.42611902879062,3.8725046722609755,0.6143322134839211,0.610005262163126,0.6143268179527732,0.6124081058725652,0.6022348833018462,0.5915800701568689,0.5839646949264333
jpeg_compression/s5,14336.0,0.7242124676704407,0.41642168164253235,0.7096727154512418,0.36006049087690833,0.5788414258514439,0.4529787837187729,1.4273579313646538,3.8470032446160176,0.6101237636579678,0.6069336726651484,0.6101188816812421,0.6091078102511431,0.5984528599060726,0.5865627820991062,0.5789472343742444
jpeg_compression/s5,14464.0,0.7342339158058167,0.3839309513568878,0.7108708227856112,0.3612249035832488,0.5794238897799205,0.45360617491746197,1.4200678722879396,3.8456101837921164,0.6113166237500113,0.6077423355881564,0.6120744015688097,0.6103973702510341,0.5985815288025796,0.5886597213401192,0.5795196272951968
jpeg_compression/s5,14592.0,0.7082661390304565,0.39311501383781433,0.7107437650414573,0.36278051871761785,0.5778502298365611,0.4505487757581556,1.417620851057527,3.8389559359699024,0.6096074269623838,0.604123939577386,0.6102930783974774,0.6079762939630119,0.5965972666916857,0.5876570113969788,0.5779368549173078
jpeg_compression/s5,14720.0,0.7273803949356079,0.4600517749786377,0.7115553079631232,0.36752545804742365,0.5808136225945326,0.45296902910657627,1.4133886316627549,3.7863823580490505,0.6117231685959462,0.606798787684238,0.6123435587403707,0.6095222743115651,0.5992263192373907,0.5896869805679981,0.5808920025753868
jpeg_compression/s5,14848.0,0.7056238651275635,0.4111921489238739,0.7112659692882177,0.3696555405292017,0.5820449256194431,0.45374606976270226,1.4113529802750886,3.776138285653018,0.6114996665285154,0.6070068150313658,0.6120610070458679,0.6102332714026714,0.598705075288561,0.5908358997286883,0.5821158452808822
jpeg_compression/s5,14976.0,0.7398691177368164,0.4571346044540405,0.7126612448222956,0.37392281194016946,0.58373532532253,0.46036081029688886,1.397774231473831,3.724785596020772,0.6156103466923687,0.6092957261527111,0.6161182580111628,0.6144644888777293,0.6003341282057711,0.5924517569823526,0.5845616898704473
jpeg_compression/s5,15104.0,0.6948554515838623,0.4007246494293213,0.7117926695423721,0.3752302186469574,0.5832756869813017,0.4566604952180654,1.4078085347777733,3.7241059720287346,0.615779052539615,0.610139827173274,0.6162386201278874,0.6155044542433232,0.6012690118982617,0.5933747009935504,0.5847855920838492
jpeg_compression/s5,15232.0,0.7268360257148743,0.42404475808143616,0.7125264917946892,0.3776114156925417,0.5873214276612491,0.4548367716993917,1.407283676630898,3.7051294736999756,0.6211555258255528,0.6138408251817666,0.6215713511091712,0.619419854196368,0.6072643766194263,0.5964592029810768,0.5886876178224476
jpeg_compression/s5,15360.0,0.7312812805175781,0.44732505083084106,0.7134413595372691,0.3810120808212392,0.5903314345465555,0.45558475892610034,1.4062067152808642,3.6720486979197724,0.6217445299111634,0.6151260530050368,0.6221207763456569,0.6201740620063508,0.6084133651624909,0.5986366435063757,0.5908425738893175
jpeg_compression/s5,15488.0,0.7543628215789795,0.44932031631469727,0.7154375284173524,0.3843441898697006,0.6004909946135103,0.45412368728530544,1.384330297716227,3.639960757640628,0.6334129565704221,0.6258628653305537,0.6329911962056777,0.6326798026839141,0.6197891007805763,0.6101807464444957,0.6016784978498821
jpeg_compression/s5,15616.0,0.7509713768959045,0.447773814201355,0.7171708868797207,0.38743831788587885,0.6049616613962816,0.46150186101186763,1.3677723611633983,3.619639524840598,0.6369994687350458,0.629442991176545,0.636617852128992,0.636336097490918,0.6246723511524428,0.6144913238203914,0.6060361363650629
jpeg_compression/s5,15744.0,0.7249880433082581,0.4220206141471863,0.7175522115835519,0.3891252591669182,0.5972950249754576,0.4615782751927725,1.3683844002808632,3.613046724931753,0.6292206674277242,0.6216955916594438,0.6288753736396173,0.6286576170634659,0.6173790280207408,0.6066798355329062,0.5982672298698756
jpeg_compression/s5,15872.0,0.7289061546325684,0.46968474984169006,0.7181060624639917,0.3930549904193461,0.5947081992788048,0.46672252026663114,1.3702032096452312,3.5818706927157886,0.6325927335857041,0.6242966953682414,0.6322803053574407,0.6328082900377939,0.617379388232925,0.6046869600508924,0.5955878683117672
jpeg_compression/s5,16000.0,0.7209122180938721,0.43509191274642944,0.7182429481044735,0.39510557199627694,0.597405515230852,0.46390389846849844,1.3734215017027873,3.559089512709229,0.634045090888671,0.6279887112760827,0.6337624000289513,0.6342401303673316,0.6217298033921945,0.6064716634368872,0.5974764412267686
jpeg_compression/s5,16128.0,0.6979920268058777,0.4511861503124237,0.7172550982850298,0.3978412099629182,0.5993441633944828,0.46668892300451287,1.3802332601088911,3.530482436593887,0.6325706919938541,0.6264029326894239,0.6323149080571298,0.6327471673341531,0.6221526061627174,0.6075845628123172,0.5994083385520017
jpeg_compression/s5,16256.0,0.7382060289382935,0.4917917847633362,0.7182770949022621,0.4024241648312313,0.599611078240933,0.47000824026761695,1.364924869428371,3.477400589857787,0.63199882363037,0.6263437600360581,0.6317673855769746,0.6314334869216223,0.6232601808289666,0.6070671445791401,0.5996691451145714
jpeg_compression/s5,16384.0,0.7193996906280518,0.4626827836036682,0.7183318556693737,0.40536360964939894,0.5915428019062815,0.46142997230639227,1.3717952256745547,3.454124678569888,0.6222606845578778,0.6171810583074624,0.6220512751115873,0.6217491574109383,0.6136659637363822,0.5982891891165212,0.5915953418912927
jpeg_compression/s5,16512.0,0.7155337929725647,0.48775041103363037,0.7181953648061147,0.40938247800960537,0.5932400961924178,0.46426456744677136,1.3771611830917747,3.4146949318473507,0.6225214165452302,0.6186502913061572,0.6223319389915076,0.621333562416441,0.6147447536246503,0.5993443525557578,0.593287635346018
jpeg_compression/s5,16640.0,0.727049708366394,0.4393889904022217,0.7186272840041771,0.4108462103214403,0.5954264939373393,0.465453692496454,1.3704437523305821,3.410179138748164,0.6249323763029714,0.6199796805929001,0.6247609334955877,0.6231325689681182,0.6164458776104064,0.6016747532643114,0.5954695082458616
jpeg_compression/s5,16768.0,0.789482057094574,0.45981866121292114,0.7220836143988306,0.41323511036492716,0.5981298020694188,0.4663065534129129,1.332514065169839,3.3912064414449414,0.6255522869463531,0.6217960108160625,0.6253971623121884,0.6239237878646685,0.6171485305445734,0.6037833430785351,0.5981687222141318
jpeg_compression/s5,16896.0,0.7550065517425537,0.432124525308609,0.7236896113424268,0.4141565452402287,0.6021001956856549,0.46581410930460465,1.3223440873974261,3.3976380629107137,0.6305004630847133,0.6257260454796139,0.6303601034365488,0.6290641471398933,0.6230081290650185,0.6094278493887281,0.602135411354964
jpeg_compression/s5,17024.0,0.7451949119567871,0.4483685791492462,0.7247386503967859,0.4158254249431076,0.6050420271492452,0.470592361839562,1.3162865956036915,3.3920470180435136,0.6336763559499398,0.6271441494196863,0.633549355935152,0.631651735752396,0.6254099430742968,0.6123972390959282,0.6050738909404523
jpeg_compression/s5,17152.0,0.720332145690918,0.46774035692214966,0.7245236989477192,0.41835786064940234,0.6062538211148136,0.4727407688030778,1.3248569936181085,3.3690695671645603,0.634300557644175,0.627702261313113,0.6341856456736266,0.6324686437117157,0.6261331192242745,0.6136711485216577,0.606282652064502
jpeg_compression/s5,17280.0,0.7413790225982666,0.4706078767776489,0.7253459098575019,0.42090664192395094,0.6050265091705125,0.47373659092771053,1.3192934079915661,3.3528581632812475,0.6349025271723915,0.6274078759412521,0.6347985526886294,0.6324827823233311,0.6245008770613454,0.6117378446766457,0.6050525959489039
jpeg_compression/s5,17408.0,0.7439414262771606,0.47981980443000793,0.7262530082194365,0.42378045472912446,0.6010159550555322,0.4724625846526161,1.3146013578800628,3.328394444629045,0.6296099011476546,0.6250408264762906,0.6295158231049407,0.6274204710968391,0.6223733396848936,0.6070884959864236,0.6010395588568013
jpeg_compression/s5,17536.0,0.7686033248901367,0.5010913610458374,0.7283188773253243,0.4275517184518909,0.6076488802138396,0.47577147011102267,1.29466501139682,3.277268305314781,0.6313089884863669,0.6286991951638536,0.6312238649271951,0.6293651317895848,0.6284978284715782,0.613905623078733,0.6076702373713234
jpeg_compression/s5,17664.0,0.7200722098350525,0.45189473032951355,0.7279166008623842,0.42873918244592124,0.6079247155295954,0.4796019667096166,1.29963357093968,3.286075579543636,0.6344451049897466,0.6298714906866278,0.6343680836134822,0.6319612524996778,0.6290014557437658,0.6143481277232319,0.6079440398820838
jpeg_compression/s5,17792.0,0.7532245516777039,0.519924521446228,0.7291511350484973,0.4331872477630093,0.6164469020348093,0.4816178413832997,1.2931799578961034,3.243617909110991,0.6411680575189794,0.6370297664094948,0.6410983671481894,0.6389206216847174,0.6369675575171133,0.6237089543527874,0.6164643870676082
jpeg_compression/s5,17920.0,0.7399141192436218,0.4995408356189728,0.7296761586677716,0.436424008146227,0.6133756621028821,0.4787199504723372,1.291753923156555,3.2140794187507726,0.6379932275350195,0.6349738398029992,0.6379301703940486,0.6366847207510145,0.6327053271764005,0.6213965315708445,0.6133914828850874
jpeg_compression/s5,18048.0,0.7708376049995422,0.46667954325675964,0.7316840340985896,0.4378998879077164,0.613794248696302,0.4718965167569452,1.2761678010564956,3.201848886040848,0.6353808441884382,0.632611665877669,0.6353237889169232,0.6334346878419351,0.6305218932988133,0.6210516802613054,0.6138085636336811
jpeg_compression/s5,18176.0,0.727224588394165,0.46967291831970215,0.7314665001617884,0.43944979183025223,0.6119235884991525,0.47224768113463034,1.2837112654722262,3.194703860706613,0.6329427507499193,0.6304371468173317,0.6328911260812851,0.6311818323662006,0.6270218915571057,0.6184530670300091,0.6111743457982324
jpeg_compression/s5,18304.0,0.7400931119918823,0.47701960802078247,0.7318873104949637,0.4412824657907659,0.6071450196949498,0.4734391570528095,1.2825416955021363,3.1787400417967686,0.6313873729272024,0.6276330459899829,0.6313406619688485,0.6290318661683469,0.6223306347759415,0.6130530130592764,0.6064670909929275
jpeg_compression/s5,18432.0,0.7394499778747559,0.5069962739944458,0.732256221098856,0.4444880174104576,0.6074316329304097,0.47066907071821723,1.278256141232129,3.142061857000008,0.6286043689603062,0.628181804253875,0.6285621040182146,0.6271980775978915,0.6233840841726395,0.6135394901030097,0.606818230458205
jpeg_compression/s5,18560.0,0.7315135598182678,0.500808596611023,0.732219993719315,0.44723536273731446,0.6039171705455997,0.4743345666641335,1.2888583905865376,3.1244902950479405,0.6282984801835966,0.628678330916207,0.6282602380795386,0.6270260416575806,0.6236122498670936,0.6116558979456737,0.6033621526037655
jpeg_compression/s5,18688.0,0.7151336073875427,0.5035138726234436,0.7313865114592285,0.4499806559024915,0.5999750246281125,0.469954863709784,1.2962298954292677,3.097365189096919,0.6234485356093102,0.6238294118522014,0.6234139334437706,0.6215721947419274,0.6200077228125218,0.606939988563575,0.5987478192208967
jpeg_compression/s5,18816.0,0.7521483302116394,0.5165824890136719,0.7323992831056876,0.4532295258103539,0.5961850163351332,0.47201522766364157,1.2857837191824442,3.0573524966938925,0.6241725000962289,0.6252793191119562,0.6241411914146193,0.6224747520538201,0.6202969936929481,0.6054986452142758,0.5957996329773846
jpeg_compression/s5,18944.0,0.7089828252792358,0.4655234217643738,0.7312570168702509,0.45382922805201337,0.5892422128767029,0.46266963788007065,1.2973592345845395,3.05804579763905,0.6160158373862964,0.61777950289666,0.6159875087100749,0.6144796834466748,0.6117841923896336,0.597669357151049,0.58889351086175
jpeg_compression/s5,19072.0,0.7201272249221802,0.534467875957489,0.7307141001898573,0.45776282063276824,0.5857859344351368,0.4662227954881544,1.2971217877875418,3.0107890576676084,0.6115727773138351,0.6131685746019154,0.6115471450017989,0.6101828367176635,0.607706726130061,0.5934109709855714,0.5854704223799654
jpeg_compression/s5,19200.0,0.7219661474227905,0.4949738681316376,0.7302873707865857,0.45957799368149355,0.5834580049231666,0.4634889184637019,1.2994881433180796,2.9929948105462576,0.6104898538336366,0.6126959559604481,0.6104666612419608,0.609232209784394,0.6070289592170273,0.5918444895116324,0.5838975386317236
jpeg_compression/s5,19328.0,0.7508031129837036,0.5622266530990601,0.7312881386986402,0.4645852453603992,0.5843632513314315,0.4707378911262882,1.2915052872444877,2.9408383543902725,0.6148081901730882,0.6138298923354204,0.6147872050856765,0.613670250494981,0.608702288500356,0.5942009033594247,0.5847609495888468
jpeg_compression/s5,19456.0,0.7481436133384705,0.4830710291862488,0.7321103569737538,0.4654869909128796,0.5817803422219555,0.4705115005372304,1.2799148419305555,2.9484813341415657,0.6152019674320448,0.6128295753968913,0.6151829797354634,0.6141723384906997,0.6074650094045457,0.5914066472395506,0.5821401869866959
jpeg_compression/s5,19584.0,0.7562325596809387,0.5565713047981262,0.7332870497887384,0.46993012817557456,0.587344081213322,0.47698051297865995,1.2615489733520662,2.9015810781403113,0.6242584428698037,0.6191374385357952,0.624241262449518,0.6233268154933695,0.6135584647854336,0.5967791555332281,0.5876696754353149
jpeg_compression/s5,19712.0,0.7684922814369202,0.5232803821563721,0.7350043781618204,0.472532579589272,0.5924154357676756,0.48301969675225565,1.253048004627136,2.8836911048188605,0.6302778653212203,0.6233948804360168,0.6302623201580708,0.6294349115796639,0.6175847263168616,0.6001902710089471,0.5927100394628875
jpeg_compression/s5,19840.0,0.7786973118782043,0.5245332717895508,0.7371357407821318,0.4750691987209929,0.5968925507451722,0.48314869646649655,1.238611805150711,2.8699658967155246,0.6326755699902297,0.6293849572535286,0.6334236995600391,0.6326750449212782,0.6226777922236445,0.6054517562192793,0.5971591136365567
jpeg_compression/s5,19968.0,0.7684913873672485,0.5426026582717896,0.7386652845179912,0.47836351382103176,0.5995678582292725,0.484789808046128,1.2199724409299233,2.8442385491604147,0.6364438084206658,0.6334292206916221,0.6371207299409991,0.6364433333285331,0.6266354384129467,0.6088367764482592,0.5998090492809058
jpeg_compression/s5,20096.0,0.7079028487205505,0.510778546333313,0.7371646778937258,0.47994473491919176,0.5961884071188123,0.49058762524578264,1.2396956411150843,2.8356623055528187,0.6369533210040647,0.6320878017084813,0.6375658121595833,0.6362278762597852,0.6236912562915478,0.6060994866019049,0.596406641258928
jpeg_compression/s5,20224.0,0.7555961608886719,0.5316598415374756,0.7380637746251866,0.48246742304691287,0.5973691655132144,0.4884719083871715,1.2345477704388959,2.81616251685824,0.6350162113308639,0.6305394386666271,0.6355704046964462,0.6343598154617092,0.6244664787742082,0.6085862992989276,0.5975666278136998
jpeg_compression/s5,20352.0,0.7658012509346008,0.5117183923721313,0.739416822250036,0.48389429959936253,0.6030107083555021,0.48362032876673877,1.2254611815108516,2.8076783811605175,0.6422610990090684,0.6374854171397619,0.6420375285801871,0.6409421649716001,0.6327526854346048,0.6168596140592914,0.6039143907820568
jpeg_compression/s5,20480.0,0.731055736541748,0.5752193927764893,0.7390089644106074,0.4883491821933687,0.6049177795411771,0.4879678881940569,1.2271140375041034,2.7653021763058576,0.6434438617446715,0.6383977212787494,0.6425165561989675,0.6415254508755523,0.6319032329244699,0.6167235115908282,0.6057354481734136
jpeg_compression/s5,20608.0,0.745502769947052,0.5191090703010559,0.7393257354123851,0.48984966454008516,0.6017169498406486,0.4861758821791555,1.2287168590139688,2.765269536265385,0.6402011384376237,0.6349102820136691,0.6393620951687268,0.6377403098047086,0.6282717532885892,0.6131240101901545,0.6024567915953374
jpeg_compression/s5,20736.0,0.7216494083404541,0.493038535118103,0.7384634755552177,0.49000521920242746,0.5988579599688438,0.48448008137685633,1.2341812104733216,2.7752445423726204,0.6358542127088791,0.6311041278660265,0.6350950307862187,0.6336276092879012,0.6250974638619536,0.6098671145147085,0.6002523973923307
jpeg_compression/s5,20864.0,0.7719773054122925,0.5314115881919861,0.7400982965238555,0.49202504207996683,0.6109944718100008,0.48534381545163496,1.2106069725179183,2.75123212517103,0.6474809681916747,0.6439080181345783,0.6467940462973459,0.6454662960897666,0.6377480621856225,0.6224801494211015,0.6122561846720612
jpeg_compression/s5,20992.0,0.7511441111564636,0.4693273901939392,0.7406371167498365,0.4909178395489411,0.6071408932914998,0.4778899127316697,1.2057877132826158,2.7744715634104646,0.6423295970372024,0.638334530388277,0.6417080573576819,0.6405066843263147,0.6342852781584366,0.6190205575666242,0.609007529379063
jpeg_compression/s5,21120.0,0.7899824380874634,0.5340840220451355,0.7430442055955744,0.4930235069877798,0.6060894102893345,0.47488209831342626,1.1817839856613832,2.7489037484161662,0.6393416520485335,0.635764021844479,0.6387792714104903,0.6384544419157198,0.6321001832712564,0.6160761558946077,0.607016182144887
jpeg_compression/s5,21248.0,0.785340428352356,0.5415334701538086,0.7451074359739539,0.4953898466544154,0.6151766764128958,0.4793363602229157,1.1678964910239604,2.7337733414448153,0.651974957029042,0.6479756556962835,0.6514661045897416,0.6511721928339141,0.6438983514310416,0.6264250940604986,0.6167402516611379
jpeg_compression/s5,21376.0,0.7448171377182007,0.5311083197593689,0.7450932750834294,0.49713221119612044,0.6145872842498598,0.47959286371151383,1.1677927747123495,2.716754245496584,0.6479202317912985,0.643539394594912,0.6474598126597246,0.6471938758479379,0.6390879788974505,0.624765061312325,0.6160020361550212
jpeg_compression/s5,21504.0,0.7677438259124756,0.5408216714859009,0.7461981800019194,0.49926340438098776,0.6155412012754531,0.4785608243338564,1.1622682959816057,2.70432837892074,0.6486758908712462,0.6447492083158007,0.649021490217395,0.6487808656542019,0.6422458750166699,0.6255124379869401,0.6168212950575772
jpeg_compression/s5,21632.0,0.7391713261604309,0.5509454607963562,0.745855406643798,0.5017844803036886,0.6104183028792172,0.4753032503342032,1.1762688658032274,2.6789046065157187,0.6418863950119962,0.6405085043714057,0.642199099714847,0.6419813781439864,0.6382434419395329,0.6231027175360713,0.6123387506142624
jpeg_compression/s5,21760.0,0.721306324005127,0.5720506906509399,0.7446578904175213,0.5052121003206277,0.6065080241994582,0.47395448766110826,1.1825167525400513,2.639393851068065,0.6387547333808722,0.6367829774829911,0.63903767439993,0.6381156610095201,0.632484101838209,0.6187473131304964,0.6090078760763195
jpeg_compression/s5,21888.0,0.736602783203125,0.522516667842865,0.7442649583582824,0.5060562255656148,0.6018173437283615,0.4760059641478558,1.1915398505695347,2.64206501624821,0.6362185898110092,0.6321851033620639,0.6364746000965458,0.6348781501460321,0.6275332057679452,0.6151410846350296,0.6048414512266995
jpeg_compression/s5,22016.0,0.7437764406204224,0.5071405172348022,0.7442411282247282,0.5061091178421605,0.6026110528321462,0.4745159556626345,1.1920721391485916,2.6531717063909777,0.6336635782882482,0.6322262297523493,0.6338952211462501,0.6339007533445061,0.6287793015901515,0.6168416655145033,0.6060723362973288
jpeg_compression/s5,22144.0,0.7570874094963074,0.5389937162399292,0.7448677760916346,0.5077132445932712,0.605429899677391,0.47911660830628616,1.1981698954766522,2.6450817416099484,0.6373005964166718,0.6374872667777057,0.6375101911739718,0.6375151968096335,0.6305946268403452,0.6197932321520281,0.6085617331994272
jpeg_compression/s5,22272.0,0.7803276181221008,0.5642786026000977,0.7465975244833647,0.5104725303497016,0.6080176248716905,0.4819036949636295,1.184529843024989,2.6178361172841673,0.6390670476798082,0.6385109356150448,0.6392566929063718,0.639261222098425,0.6322743470696995,0.6217388495557613,0.6115763808425513
jpeg_compression/s5,22400.0,0.797353982925415,0.5614012479782104,0.7490734492854159,0.5129568580388971,0.6088718366626064,0.4763016181080788,1.1624844574221573,2.5950841795275763,0.6391409753247997,0.6386749750568013,0.639312569845682,0.6400788630646663,0.6323069791154152,0.6205620405558079,0.611366850244807
jpeg_compression/s5,22528.0,0.7542862892150879,0.5830540657043457,0.749327734160034,0.5163762340225776,0.6147942079499251,0.4830932546950552,1.1544096032271352,2.546793981627998,0.642368187667472,0.6426343765980932,0.6425234495748258,0.6416924156581544,0.6361103005559468,0.6246467065350291,0.6170517425475023
jpeg_compression/s5,22656.0,0.7684187293052673,0.5838323831558228,0.750259002215899,0.5196667778827359,0.6150777753074574,0.4863012137960612,1.1371712275201704,2.5170226594010456,0.6429272834278552,0.6394315210027958,0.6430677672833491,0.642315832371239,0.6335284159105263,0.623193123521582,0.6171204345120469
jpeg_compression/s5,22784.0,0.7422119379043579,0.5766986608505249,0.7498664624933848,0.5224488209543353,0.6159850066880682,0.4927173683425396,1.1350814110183018,2.494511606436753,0.6478576133811824,0.6439695677842072,0.6479847257810671,0.6473043611163918,0.6378661336108926,0.625577329492163,0.6178332426489134
jpeg_compression/s5,22912.0,0.8171623945236206,0.6016629338264465,0.7531491908851037,0.5263129240212675,0.6198546669676095,0.4969612535687107,1.1052982678650694,2.458802422985522,0.6516308328095054,0.6473878421176557,0.6517458464681756,0.6503680447697988,0.6418653415955786,0.630746203544069,0.6215269851689453
jpeg_compression/s5,23040.0,0.7672412395477295,0.555889904499054,0.7538366078930366,0.5277557035567693,0.6195078515512992,0.4973248463283813,1.1044455349009052,2.4501443420547866,0.6520333115426874,0.6451825745752255,0.6528995731577008,0.6516529126084852,0.6401857136031379,0.6293998962465965,0.6210209960987303
jpeg_compression/s5,23168.0,0.7934370040893555,0.5928597450256348,0.7557683345367594,0.5309315104576896,0.6259422618736026,0.5021154617879048,1.0930435927047064,2.4256461187447558,0.655297541259029,0.6498610624205342,0.6560813508464384,0.6549533492430136,0.6453398098693471,0.634855587264172,0.6273113831446571
jpeg_compression/s5,23296.0,0.7517296671867371,0.5389339923858643,0.7555713263733437,0.5313218754297957,0.6140292565792679,0.4946267801186217,1.100009163663864,2.432548526529122,0.6391032482183122,0.6334592063900253,0.6398124536808046,0.639554012015838,0.6308183229097424,0.6213320037054167,0.6152680629167301
jpeg_compression/s5,23424.0,0.7736331224441528,0.5753505229949951,0.7564523895963099,0.5334696143354151,0.6106861982492959,0.48941245244522524,1.1012280426767216,2.427666040467921,0.6319235815229345,0.6260545525991841,0.6325652837885211,0.6330936360952347,0.6244272273323725,0.6165316642688512,0.611807093216149
jpeg_compression/s5,23552.0,0.7346699237823486,0.5797951221466064,0.7553898302883117,0.5357293952042537,0.6083491716461504,0.4904945509632288,1.112653984949356,2.4143070039071635,0.6321383209377652,0.626028539264342,0.6327189450579064,0.6324348129094894,0.6238310902870544,0.6159248431605726,0.610887768460299
jpeg_compression/s5,23680.0,0.763934850692749,0.5510445237159729,0.7558066605519429,0.5364764746438496,0.6085211719653746,0.49357433790307614,1.105517285028574,2.4084444309219553,0.6344704855123979,0.6297044367763618,0.6349958449929063,0.6347387569514178,0.6262661144120225,0.6176251852749737,0.6108181414801397
jpeg_compression/s5,23808.0,0.787101149559021,0.6014467477798462,0.7573332209913125,0.5396457562602397,0.6125249569062075,0.49574751216572205,1.0956439844957333,2.3757336654397556,0.6389416171709443,0.6324541631985998,0.6394169721797802,0.6391843541481894,0.6307931350509733,0.6229746619888369,0.6153283124278957
jpeg_compression/s5,23936.0,0.7344998717308044,0.5362415909767151,0.7562193990761656,0.5394796994171409,0.6158873940834869,0.4961894503296033,1.107579598747537,2.3869539026795086,0.639826858844144,0.6354441000744023,0.6409819837510086,0.6415337017604972,0.6347405463489175,0.6268668714366573,0.6184239221908561
jpeg_compression/s5,24064.0,0.7340573072433472,0.5888416171073914,0.7551383214257843,0.5418875978410556,0.6204913601433573,0.49277834857306757,1.1193561398488057,2.3690807575522426,0.6422265926840828,0.6381866307038464,0.6432717711393717,0.6437709758344534,0.6375500422348028,0.6311508099078855,0.6227864578538322
jpeg_compression/s5,24192.0,0.7909022569656372,0.5817005038261414,0.7568829036472404,0.5438296908159378,0.6259584228304858,0.49182978475885525,1.1050235790867735,2.3528984572246077,0.642687624909274,0.640519402320375,0.6436333217745296,0.64484720657002,0.6413934350024599,0.636365485942828,0.628072250086662
jpeg_compression/s5,24320.0,0.7617125511169434,0.5391293168067932,0.7571184962067381,0.5436004042789063,0.6192305241672628,0.48677013838085587,1.1114595438400061,2.3706835883096096,0.6343674167085102,0.6331305835391376,0.6352231007846872,0.6363214462778111,0.6324342145382162,0.6286470280303637,0.6204181394299898
jpeg_compression/s5,24448.0,0.7548145651817322,0.5379688739776611,0.7570061093274695,0.5433256954837237,0.6183296414386714,0.4829170913011789,1.1143168268100712,2.380174380774562,0.6364874127386342,0.63533112288104,0.6372616515725813,0.6389804698325703,0.6347010352841326,0.6298242888960042,0.6201664128929294
jpeg_compression/s5,24576.0,0.7314256429672241,0.5515592694282532,0.7557582817001404,0.5437273332371153,0.6145772662868646,0.48233084227786616,1.1299240804638024,2.3853501233107113,0.6346318291347189,0.6343849719821903,0.6353323748018419,0.6369247737152525,0.6316026321636916,0.6286400912616432,0.6176892409340545
jpeg_compression/s5,24704.0,0.7526546120643616,0.5643796920776367,0.7556068831813219,0.5447347653756773,0.6140821070923981,0.48252540815266765,1.1368628465124528,2.3758852656634444,0.6368010185091657,0.6357782822039926,0.6374348852311728,0.6381135222016057,0.6347107992391285,0.6297808321290655,0.6176228943847097
jpeg_compression/s5,24832.0,0.7955412864685059,0.5802032351493835,0.7575549028538674,0.5464649346329313,0.6159578434786064,0.48495086008340715,1.1140508414086383,2.361623767797958,0.6385778400668894,0.6384146443975447,0.639151374441769,0.6397654177683774,0.6367237511259455,0.6316123710102965,0.6206488235331015
jpeg_compression/s5,24960.0,0.7446814179420471,0.5767638683319092,0.7569269279801201,0.5479429313987351,0.6176550445752291,0.4884839430022976,1.1207210940157666,2.349399726917918,0.6425093068065074,0.6438116740801103,0.6430282513539146,0.6435838491527079,0.6415567075922445,0.6340317765060446,0.6226617255168634
jpeg_compression/s5,25088.0,0.7536134123802185,0.5945452451705933,0.7567652930728077,0.5502162149973623,0.6189676221290443,0.48511842790392296,1.1243453752831243,2.325412608757751,0.642255595272277,0.6441590162259654,0.6427251459305795,0.6439528760031343,0.6413564855727565,0.6359978180045768,0.6249849699649905
jpeg_compression/s5,25216.0,0.772716760635376,0.6092684268951416,0.7575434134417135,0.553096810699693,0.625490632515334,0.4886727417262741,1.1100495281850384,2.296528241718394,0.650986472581281,0.6519465280664446,0.6514113307319521,0.6525222036887373,0.6494479265652364,0.6423498995746348,0.6324224505156161
jpeg_compression/s5,25344.0,0.768039345741272,0.6112563610076904,0.7580554101392529,0.5559338619342294,0.6267452421509951,0.491126555720204,1.1050393921216264,2.2698541278893063,0.6521009368210162,0.6529696128429876,0.6524853563612726,0.6534904948307967,0.6506716515798479,0.6435242101445684,0.6330172797348316
jpeg_compression/s5,25472.0,0.7336695194244385,0.5520743131637573,0.7568658544946277,0.5557455912624991,0.621429662886177,0.489721737805134,1.1153183795798975,2.2790234540265373,0.6481457613948636,0.6496567704546008,0.6484935913298605,0.6501280741449385,0.6468153373307248,0.6388609896667986,0.6271047189034377
jpeg_compression/s5,25600.0,0.7601288557052612,0.5609523057937622,0.7570250252853903,0.5559995773371949,0.6217694927125967,0.48333834812707244,1.1150179169241663,2.2816938680175154,0.650441524736221,0.6518087137783746,0.6507562477172621,0.6522351581049681,0.6492749125996624,0.6397910858317671,0.6269043887282145
jpeg_compression/s5,25728.0,0.7450447082519531,0.5581135749816895,0.756440619576442,0.5561026991735116,0.6168159716929563,0.4827120032726217,1.1281775402539982,2.2958413849931376,0.6435583338035645,0.6433081818304032,0.643843100998189,0.6451812465661252,0.6410155514955899,0.633958799256465,0.6222243160354635
jpeg_compression/s5,25856.0,0.7752625346183777,0.5735212564468384,0.7573587617736096,0.5569523848941617,0.6167212034176006,0.4813830797011645,1.116514269637892,2.290305311158847,0.6394681592595013,0.6399296517335178,0.639725821902585,0.6409366008489449,0.6378552372544868,0.6315073371023695,0.6223769688815823
jpeg_compression/s5,25984.0,0.7575932741165161,0.5435651540756226,0.7573702014000929,0.5562993492444768,0.6175463714444798,0.4765555706278829,1.116322697579062,2.296664050901355,0.6403776443983946,0.641557406476312,0.6406107823401734,0.6424685127253095,0.6396804377537623,0.6316873347606805,0.6234260081314019
jpeg_compression/s5,26112.0,0.7626528739929199,0.592333197593689,0.7576278927460844,0.5580570979444384,0.6167686085467304,0.4788242254164246,1.1131654335288976,2.2830393120832655,0.6381517829446509,0.640706463563635,0.6383627304815014,0.6407686542862556,0.638283132554118,0.631050824610943,0.622088612949353
jpeg_compression/s5,26240.0,0.7491792440414429,0.574647068977356,0.75721576354098,0.5588663648240928,0.611640424508969,0.482364156370245,1.1132108350524492,2.274111489826625,0.6340370980718703,0.6363486205117721,0.6342279673184792,0.6371299067039826,0.6348809605085148,0.6276491994248924,0.6164540632337692
jpeg_compression/s5,26368.0,0.7380908727645874,0.5645767450332642,0.7562828420396925,0.5591449199562475,0.6121498130149565,0.4855299713498766,1.1180250655009334,2.2746030299485405,0.6346269638116089,0.6374806673399198,0.6347996658485465,0.6374253944656499,0.6361898815784955,0.6281592399317438,0.6165052826761231
jpeg_compression/s5,26496.0,0.7497207522392273,0.5663390159606934,0.7559627400982064,0.5594958514686594,0.6156223174275721,0.4840815505194303,1.1169060958115684,2.28060371413582,0.6367594360246621,0.6393415199429019,0.6369157000330989,0.6392915080203769,0.6374485781563901,0.6315951540369913,0.620325422338122
jpeg_compression/s5,26624.0,0.7902794480323792,0.629702091217041,0.7576367258510928,0.5629205460905318,0.6157527036331572,0.48124660222489796,1.1026904688983912,2.245666699465508,0.6348779608527728,0.6394265031726077,0.635019351427926,0.638656236584767,0.637025899688203,0.6309674177812395,0.6200081602476405
jpeg_compression/s5,26752.0,0.7828879356384277,0.5627679228782654,0.7588684921821822,0.5629131010557871,0.6159078597418395,0.4822693825009338,1.0928448942326432,2.244127259600155,0.6398494220446562,0.6454894178022227,0.6399773548613179,0.6432680760532008,0.64262947259117,0.634861060348165,0.6205204709914701
jpeg_compression/s5,26880.0,0.7546069622039795,0.6377917528152466,0.7586606126710504,0.5665657182147851,0.6086865583981784,0.4839198279499823,1.0961603458584068,2.2087892990953932,0.6340115829446294,0.6406019657805953,0.6341273389316266,0.6371048445430806,0.635839189655663,0.6288101860735033,0.6128601346686651
jpeg_compression/s5,27008.0,0.7786684036254883,0.5798978805541992,0.759636602473706,0.5672160675971956,0.6153515796095355,0.48758822624147713,1.0888884511611958,2.205127566881781,0.6426534013437128,0.6449170671935072,0.642758139509223,0.6454522418501043,0.6413698140786813,0.6350098411765606,0.6198529237543364
jpeg_compression/s5,27136.0,0.7177828550338745,0.5341430902481079,0.7575949562571288,0.5656027516289474,0.611157645797801,0.48445668775329365,1.1080864368344905,2.2289335139493747,0.6388724410730442,0.6401584528264869,0.6389672101091779,0.6414048839107725,0.6361866372478728,0.6289448057284643,0.6159927406486291
jpeg_compression/s5,27264.0,0.7871918082237244,0.5981624126434326,0.7590387051335481,0.5671910277759954,0.6125495414981886,0.4851739274674358,1.0985149532187841,2.224248005300956,0.6421252128923856,0.6418016102017171,0.6422109616752287,0.6444166141750655,0.6374828228756779,0.6294058890618643,0.6169244250604192
jpeg_compression/s5,27392.0,0.7567038536071777,0.5299968123435974,0.7589248099371397,0.5653766758036832,0.6062613638422039,0.481324089041029,1.1079035559028605,2.2539209642780276,0.6375207904873993,0.6372279887666934,0.6375983775776459,0.6395940928972482,0.6317958795918537,0.6237255248441973,0.610982034810766
jpeg_compression/s5,27520.0,0.7820382714271545,0.5936819314956665,0.7600522958634819,0.5667574199837799,0.6080077539583534,0.48230231376050275,1.0969202019706328,2.2404710697988808,0.6414413279781881,0.6374769606865799,0.6415115302174892,0.6418300804858504,0.6303868428668705,0.6238468312242855,0.61304129979011
jpeg_compression/s5,27648.0,0.7577978372573853,0.6055053472518921,0.7599423222729406,0.5686475627773464,0.5990659094411989,0.47430134992845013,1.1012951119064192,2.2194206300597843,0.6315666328702105,0.6279424195147459,0.6316301531593105,0.6326433982266381,0.6222149839384354,0.6133602202808675,0.6028581600123482
jpeg_compression/s5,27776.0,0.8048280477523804,0.5959109663963318,0.7621318698573034,0.5699774849051018,0.6082825688638093,0.4759480090667297,1.0832847015590135,2.2070733405757417,0.6389911353929745,0.6357118798821704,0.6390486097295128,0.6399654126726451,0.6298045749972399,0.6226291761137414,0.6124388824382995
jpeg_compression/s5,27904.0,0.7525081634521484,0.6009526252746582,0.761662420764369,0.5714884673621533,0.6070108787875395,0.4729391265856608,1.0881848879652327,2.18910696623644,0.6362094092401631,0.6340416533615592,0.6362614130866084,0.6370909534057663,0.6301466440040463,0.6214419850499705,0.6107715884525006
jpeg_compression/s5,28032.0,0.7892473340034485,0.600165843963623,0.7630080262882265,0.5728873637817372,0.6065480646257272,0.46807876950433663,1.0740812935754227,2.174781662814072,0.6321680615433004,0.6309688309119164,0.6322151155887753,0.6329656990661335,0.6274073739025309,0.6202934320410501,0.6099508245307872
jpeg_compression/s5,28160.0,0.7783252000808716,0.6204665899276733,0.7637552054976238,0.5752083016425146,0.6075049710266097,0.4770287379036859,1.0651935371933052,2.149659241356131,0.6351480497366805,0.6310885436151248,0.6351906251103672,0.6351075718498448,0.6293532812050859,0.6207042297051977,0.6105838513452274
jpeg_compression/s5,28288.0,0.7880812883377075,0.5484108328819275,0.7649418436849449,0.5739011080444372,0.6129439684303827,0.4738054493465236,1.0542813492028855,2.172052428161193,0.6356693537474664,0.6320334175125548,0.6357078767357932,0.6371571188480749,0.633437739864923,0.6248869026660354,0.6157297964878589
jpeg_compression/s5,28416.0,0.7960251569747925,0.6080518364906311,0.7664581028698154,0.5755669972369344,0.6179024544810303,0.4807231341202037,1.0357331353397494,2.1518935535168056,0.6398776544020799,0.6373499869343223,0.6399125107169193,0.6412238118785972,0.6386206438635026,0.6294336579149553,0.621148138285564
jpeg_compression/s5,28544.0,0.774576723575592,0.6054960489273071,0.766854133148146,0.5770269509779282,0.6132798234774819,0.4839707834603389,1.0384448902177679,2.142877882702093,0.6368628270943268,0.6323263415390269,0.6368943657349401,0.638080855364275,0.6342382506343768,0.6237134703680232,0.6162165784249511
jpeg_compression/s5,28672.0,0.7885046005249023,0.6187949180603027,0.7679102535079878,0.5790644127868245,0.6218685969715942,0.48767151198285275,1.0321588987715729,2.1193414187114894,0.6476685663357947,0.6435638700064604,0.6476971030831908,0.6487706609215123,0.6438065908476425,0.6313091543306145,0.6245258273553543
jpeg_compression/s5,28800.0,0.759528636932373,0.6195981502532959,0.7675013941628359,0.5810416682729939,0.6169428233157613,0.4889564959702076,1.0367556685968244,2.0924561192191016,0.6425365195697463,0.6387853338963868,0.6425623401484433,0.6435337152061986,0.6390049522184795,0.6284592348226441,0.6208343446802462
jpeg_compression/s5,28928.0,0.7736786603927612,0.5975326299667358,0.7678027242228322,0.5818461054287861,0.6177468972416853,0.49058392645489934,1.0359160084772205,2.084827141912362,0.6423545783852374,0.6389976162143988,0.6431401364460334,0.6440190546273813,0.6377091209543768,0.6281299798722437,0.6219930328724893
jpeg_compression/s5,29056.0,0.7825444340705872,0.5982262492179871,0.7685218320202836,0.5826451368331375,0.6125999587772774,0.48625633678637825,1.0338057892083528,2.0894315772054655,0.63940143588575,0.6356017990851281,0.6401122233994151,0.6401452897610034,0.6321865395428953,0.6219947646553734,0.6164419411059228
jpeg_compression/s5,29184.0,0.7971699237823486,0.6394932270050049,0.769919299911116,0.5854182144024968,0.6113820864367869,0.48669074256518813,1.0214161652662754,2.0553493580118625,0.6378819654861545,0.6337189687141463,0.6385250992210055,0.6385921985285461,0.6306287784918166,0.6198826811664622,0.6155833982285
jpeg_compression/s5,29312.0,0.7790787816047668,0.5614157319068909,0.7703661038961721,0.584247361597833,0.6051306683345348,0.4805958473775438,1.0267744794084743,2.0788849106816034,0.6306698212400006,0.6253786742499801,0.6312517405801008,0.6305502581570008,0.623307627653809,0.6135843593421707,0.608932093221623
jpeg_compression/s5,29440.0,0.8000624179840088,0.6234651803970337,0.7718147045833836,0.5861604259295013,0.6010358397006706,0.4847665281744462,1.0143326833727557,2.058156199549136,0.627880754375991,0.623130406623569,0.6284072857955582,0.6285347666013078,0.6204942901019889,0.6101721062221545,0.6059626494884524
jpeg_compression/s5,29568.0,0.7888059616088867,0.5941219329833984,0.7726435463895057,0.5865487921272524,0.604803992971279,0.4861421114534995,1.0039006114299416,2.0630121927441305,0.6312688146376456,0.6262455969508913,0.6317452300386935,0.6311355621657282,0.6230981946728883,0.6123084613705514,0.6092618619107293
jpeg_compression/s5,29696.0,0.8123970031738281,0.6304165124893188,0.7745827394033751,0.5886886809254019,0.6097750584826385,0.4928336713389486,0.9837004207326794,2.0480417774443826,0.6352453105674354,0.6299380148496762,0.6356763800647548,0.635124741257628,0.6270901868515545,0.6173274358980421,0.6138086210387979
jpeg_compression/s5,29824.0,0.7756290435791016,0.6132567524909973,0.7746337786314592,0.5898871234407969,0.6050522688590678,0.49195420232393855,0.9911276535389659,2.0472484931512462,0.6311098259209216,0.627794896244115,0.6314998656029102,0.6310007325715956,0.6230059037484915,0.6134101903634276,0.6087019111243375
jpeg_compression/s5,29952.0,0.7889248132705688,0.5749465227127075,0.7753309022723914,0.5891583136491828,0.608438132620251,0.48383393321517576,0.9892336222957216,2.057068565946693,0.6298032690218452,0.6268038591239137,0.6301561841653934,0.6297045593345609,0.6223963293286469,0.6144761448796986,0.611740396680617
jpeg_compression/s5,30080.0,0.764600396156311,0.6122173070907593,0.7748074629496557,0.5902831425975523,0.6054413442685317,0.47873596812628333,1.0002938388021796,2.04779413593725,0.6277845164677136,0.624996234222173,0.6281038406398354,0.6276580218607182,0.6187959945918333,0.6116668449506375,0.6084292940816289
jpeg_compression/s5,30208.0,0.789527177810669,0.6327226161956787,0.7755254978209246,0.5923533608218512,0.6089388962715269,0.4800720746698851,0.9891559120772688,2.025726815783861,0.6320182924136778,0.6280453731421327,0.6323072228513917,0.6319038377454802,0.6209852515015933,0.6145346645865077,0.6116424487199034
jpeg_compression/s5,30336.0,0.7710840702056885,0.6288292407989502,0.7753088428153033,0.5941326720402462,0.6052066098923214,0.48574263865133566,0.9819625724639361,2.0029363588713247,0.6327259504825722,0.6276439693927327,0.6329873801052748,0.6318973749023649,0.6212558402938272,0.6139320195336574,0.6091028640707752
jpeg_compression/s5,30464.0,0.7670624256134033,0.5932424068450928,0.7749065785615521,0.5940892444697509,0.6100278129959673,0.48858688482372487,0.9904843994664716,2.0131616567240798,0.6355784775038621,0.6317052215623714,0.6358150238787168,0.6341037520681124,0.6266873189095247,0.6193727553305727,0.614278230964693
jpeg_compression/s5,30592.0,0.7554543018341064,0.6233601570129395,0.7739576870138718,0.5955170938621015,0.6084412870713065,0.4902866756792894,1.0100311263100785,2.0033523820745716,0.6322850174202107,0.6287804235552451,0.63249904897057,0.6309506584744788,0.626489537216768,0.617621779213445,0.6130121590108852
jpeg_compression/s5,30720.0,0.7893195748329163,0.6284218430519104,0.7747070473952885,0.5971222035786775,0.6167655845541089,0.5002088243356331,0.9944793454339353,1.9861155780871942,0.6382282935729569,0.6358194671192907,0.6384219532922288,0.6377831359545998,0.6330587960182654,0.626522293981945,0.6209013943221631
jpeg_compression/s5,30848.0,0.8000805377960205,0.6116254329681396,0.7759447786343486,0.5978296781830416,0.6221596990522307,0.5056730349878036,0.9882269124531299,1.9729548517876827,0.6431783072721399,0.6402365612661756,0.6433535341805353,0.6427755203967556,0.6377386548148611,0.6310621113304808,0.6266640516145211
jpeg_compression/s5,30976.0,0.7856634855270386,0.6366062760353088,0.7764188618974066,0.5997212195416887,0.6246794481013936,0.5044080524785539,0.989303249768559,1.9453900935419888,0.6429352798101872,0.6402735334240648,0.6430938283691815,0.643333025891413,0.6380133813048208,0.6327345159629156,0.6287550699022525
jpeg_compression/s5,31104.0,0.7954785823822021,0.6251950860023499,0.7773486043600796,0.600963847173916,0.624747138942427,0.504750682819679,0.986064498827042,1.935710288430775,0.6449647891679327,0.6410691816406915,0.6451082468468323,0.6460868723264955,0.6390241540539158,0.6327605287207583,0.6276726420709852
jpeg_compression/s5,31232.0,0.7849351167678833,0.6212925910949707,0.77771867813607,0.6019554932188456,0.6217596063839568,0.4946874114031718,0.9886343587285686,1.9298586015581112,0.6423394969211337,0.6380524838045757,0.6424693000916312,0.6433547785892919,0.6354770900154705,0.6290474504368073,0.6244066559131282
jpeg_compression/s5,31360.0,0.8053041696548462,0.6326802372932434,0.7790643118686932,0.6034542612224747,0.6250052714515159,0.491419275874018,0.968947061675622,1.9151446062798485,0.6415628345134112,0.6398589100932538,0.6416802828312737,0.643206495082875,0.6367664508706308,0.6323988233874978,0.6289247612396598
jpeg_compression/s5,31488.0,0.7498316764831543,0.5901528596878052,0.7776383296547644,0.6028054123671249,0.6220675299689207,0.48613844057369504,0.9833270849789446,1.9285136804324892,0.6391869847084464,0.6369574076453535,0.6392932541263339,0.6407113795485145,0.6341592931435035,0.6302073827319359,0.6256139570764561
jpeg_compression/s5,31616.0,0.7915189266204834,0.6158791184425354,0.778315431945775,0.603443154126901,0.6276448322919264,0.4897443891211125,0.9821270471660011,1.9182608199021438,0.6416104424399446,0.6418053045976101,0.6417065969816501,0.6429897431845869,0.6392735186622658,0.6364599518948687,0.6315787202339617
jpeg_compression/s5,31744.0,0.800899863243103,0.6089361906051636,0.7794171115212545,0.6037111071258405,0.6280065674693753,0.4904974514296324,0.9822097152426847,1.9211612539965643,0.6399178958662437,0.6400942107632154,0.6400048982802437,0.641165912780343,0.6378034038580049,0.6367448464200448,0.6315660222937869
jpeg_compression/s5,31872.0,0.7772459983825684,0.6184259057044983,0.7793112035632698,0.604428902178458,0.6254709929333253,0.48984034718885827,0.9898494697778706,1.9078979006276175,0.6399480188058041,0.6393453566751045,0.6400267402047891,0.6410772476733501,0.6365475771969218,0.6333403696638239,0.6286916537232896
jpeg_compression/s5,32000.0,0.7815132737159729,0.6418989896774292,0.7794186216194992,0.6062567113247493,0.6233254790312837,0.49160673294125723,0.9811902722925225,1.8847565377221092,0.6364617409896656,0.6359164411081701,0.6365329695725663,0.637483488227939,0.6333477780586068,0.6304458371556669,0.6269646075628337
jpeg_compression/s5,32128.0,0.764235258102417,0.6162230372428894,0.7786779697406171,0.6067428735646585,0.623410501848056,0.48573176133471274,0.9885311445428266,1.887551363897361,0.6337720452381208,0.6325164526624193,0.6338364941819592,0.6346965411033284,0.6309544737817613,0.6283287437916534,0.6259782380149137
jpeg_compression/s5,32256.0,0.7766128182411194,0.6232027411460876,0.7785772306430806,0.6075457939344843,0.6198251774603766,0.4909379886913135,0.9859822623759668,1.89284102178514,0.633662124216051,0.6318010258771801,0.6337204388166329,0.634498625233886,0.6289005084009869,0.626524699171389,0.6236729030462128
jpeg_compression/s5,32384.0,0.7643693685531616,0.5976584553718567,0.7778841641996699,0.6070634847363073,0.6202433640197695,0.4910011486017179,0.9903345704867418,1.9040964203751753,0.6335998458849574,0.6326409044373533,0.6336526100179052,0.6350817424037719,0.6314664921343849,0.6277924256036184,0.6252120675391373
jpeg_compression/s5,32512.0,0.8033995628356934,0.6318702697753906,0.7791288177916711,0.6082735718113845,0.6206961074801127,0.48826977812207784,0.9775233227256621,1.8980896428151317,0.6328928409226771,0.6327501877746664,0.6329405828894905,0.6349958835194152,0.6316503774755499,0.6268016236425363,0.6244668677733658
jpeg_compression/s5,32640.0,0.7717920541763306,0.6119974851608276,0.7787709268836056,0.6084552261211134,0.6172576023065147,0.4869881514120644,0.9764538773657714,1.8981347825019004,0.630580018467217,0.6319009729954002,0.629898201412799,0.6317578755699169,0.6294186342298105,0.6250313917669825,0.6206694562065967
jpeg_compression/s5,32768.0,0.7862902283668518,0.6210340261459351,0.7791377220779103,0.6090688261223242,0.6194073843594341,0.48510349690526466,0.9662198196278396,1.891607164798614,0.6359605640027586,0.6363935930553263,0.6353436432771369,0.6370263109707577,0.6334225119949682,0.6272034484697087,0.623256688215487
jpeg_compression/s5,32896.0,0.7768350839614868,0.5838742256164551,0.7790253982673531,0.6078398212195988,0.6187127493222482,0.48224563878221743,0.9593819111401548,1.9096624376187843,0.6336531932469933,0.6348072010928918,0.6330949919241672,0.6346175008843083,0.6306688820608845,0.6250417579550427,0.6221956708957499
jpeg_compression/s5,33024.0,0.7390795946121216,0.5716512799263,0.7770768224792929,0.6060745265223647,0.6125257832951453,0.47345069398438583,0.9835110227342694,1.927379772671224,0.631267999362687,0.6323493473303321,0.6307629284453647,0.6329027179327977,0.6292927540836438,0.6197767780188101,0.6164393905011514
jpeg_compression/s5,33152.0,0.8019918203353882,0.6490751504898071,0.7782921882283708,0.6081721179354106,0.613564376199831,0.4780783792684419,0.9706795029237854,1.902388394629469,0.6327349060265596,0.6337133297379149,0.632277908486258,0.6342140297297949,0.630947667436777,0.6223374356731767,0.6171054806378651
jpeg_compression/s5,33280.0,0.7425428628921509,0.6194146871566772,0.7765483186997746,0.608720535946204,0.6072167853658197,0.4765398363279596,0.9889589472380544,1.8998470448281843,0.6239119821929786,0.6262844881209807,0.6234984823364654,0.625250320772765,0.6244699001614146,0.6166420224026781,0.6104208423855996
jpeg_compression/s5,33408.0,0.7805984020233154,0.6076222658157349,0.7767458837399474,0.6086669617934982,0.612646032445813,0.47892152947937333,0.9863375726996404,1.9014309736912594,0.6271386822816897,0.6292481894301081,0.6267645399368018,0.6283496358687539,0.6290935265589004,0.6235351077183066,0.6163444980776305
jpeg_compression/s5,33536.0,0.7907706499099731,0.6657012104988098,0.7774300186750704,0.611449120266928,0.6146584564842841,0.4778790281606941,0.9799818841484316,1.866769005800972,0.6313967494053838,0.6333054706265284,0.6310582184675049,0.6324924426867189,0.6331655287900579,0.625961123640419,0.6187299117049827
jpeg_compression/s5,33664.0,0.776254415512085,0.5994769334793091,0.7773726721793149,0.6108651111553368,0.6156055992341439,0.4785345043619368,0.9809357427239902,1.8881385828512338,0.6337251373263467,0.6361400183360796,0.6334188282504907,0.634716540943783,0.6352883814929674,0.628844062496774,0.6193267077354424
jpeg_compression/s5,33792.0,0.7824796438217163,0.6664705872535706,0.777621792747237,0.6135775734040311,0.6187119966895496,0.479127591394709,0.9732214197629919,1.8617640478186412,0.6351440713107515,0.6395413253356199,0.6355919320458038,0.6367661265767364,0.6380085533913166,0.6322147942043981,0.6220789247267149
jpeg_compression/s5,33920.0,0.7797591686248779,0.6202813982963562,0.7777260549851707,0.6139045892524372,0.6170982730308179,0.48126297829348746,0.9714489436399423,1.856569722389783,0.6305534696392939,0.6352572015678036,0.630958702344835,0.6320211353499203,0.6331453061916672,0.6308774253330692,0.6209069271322625
jpeg_compression/s5,34048.0,0.7964987754821777,0.6371325850486755,0.7786417974484392,0.6150376622181073,0.6215498056394252,0.48163354549934223,0.9737928023796967,1.8508797110890578,0.633687137014495,0.639430370960517,0.6340537990877417,0.6350151081899041,0.6375194888266066,0.634742453260915,0.6249959465604824
jpeg_compression/s5,34176.0,0.7685426473617554,0.6416239738464355,0.778149155980796,0.6163345554682697,0.6242763262210385,0.4910036422989289,0.9722534926938409,1.8288235447791208,0.639794399404549,0.644953803825667,0.6401261620538102,0.6402337772497585,0.6417375922101538,0.6369754737714763,0.6281566536100498
jpeg_compression/s5,34304.0,0.7742427587509155,0.6188862323760986,0.7779586000183628,0.616459027512554,0.6251074016550859,0.4933843188201492,0.9675510612024054,1.833366581520568,0.639222802792575,0.6453783376673645,0.6387607926733166,0.6396203600219408,0.6409810397094848,0.6373972014315381,0.6278933790249172
jpeg_compression/s5,34432.0,0.7832586765289307,0.6496824026107788,0.7782171403359515,0.6180796799563698,0.6257478333833346,0.4924896186350071,0.96092603673523,1.81899446664151,0.6392819054417054,0.6448515476454856,0.6388638701107165,0.6396416226016489,0.6415978057097719,0.6383550823184828,0.6282686374163587
jpeg_compression/s5,34560.0,0.7936499714851379,0.6395741701126099,0.7789699613676191,0.6191281916713083,0.6316254935015181,0.4893934919356608,0.9537532581572898,1.8118993341368463,0.6424213433532623,0.6481858738660224,0.6420430972268886,0.6427468221160666,0.6459668426439994,0.6422705712114292,0.6346313786497808
jpeg_compression/s5,34688.0,0.8029028177261353,0.6604291200637817,0.7801374177753516,0.6211428711050875,0.6301954941200528,0.49044021489240924,0.9487724109568212,1.791066512583748,0.643700394551048,0.6481540536289233,0.6433581504355131,0.6439948937766431,0.6446590229991214,0.6405895531306268,0.6336774699145251
jpeg_compression/s5,34816.0,0.7507999539375305,0.6169358491897583,0.7787063219783846,0.620937650523852,0.6274515743941703,0.4853269285254934,0.965305589173599,1.796949098564345,0.6471071089304843,0.6496124720818515,0.6467974401025671,0.6466113821738692,0.6471751183710075,0.6434929865030835,0.6335765507079076
jpeg_compression/s5,34944.0,0.7812538743019104,0.6370928287506104,0.7788305928234347,0.6217257079983279,0.6248201038985919,0.48729982646476827,0.9602174067924919,1.790302841169396,0.6448913817271067,0.6463960856850065,0.644611187624036,0.6444428389568441,0.644915737681322,0.6408218813035039,0.631124291271105
jpeg_compression/s5,35072.0,0.7437601089477539,0.6511071920394897,0.7771198375124259,0.623158951122287,0.6233871969243059,0.48553422727716394,0.9653561294231764,1.7663680900949772,0.6408602270118555,0.6437461013247441,0.640606702186888,0.6412165723101486,0.6430944895974364,0.6385909169914513,0.6290913426670736
jpeg_compression/s5,35200.0,0.7753062844276428,0.6371655464172363,0.77703137150829,0.6238421996732602,0.6228528712206242,0.48995988083793357,0.9643431386619387,1.7661707040027514,0.6446488133759858,0.6464978108952621,0.6444194194088378,0.6449712412157858,0.6459082205102324,0.6395838993123126,0.628739103031897
jpeg_compression/s5,35328.0,0.7806604504585266,0.6222889423370361,0.777208399749765,0.6237664310227126,0.6200084575410882,0.48939112358982567,0.9581084999925524,1.7712796604598506,0.6375547859279442,0.6407521834453858,0.6373472260088294,0.6393709148656811,0.6394565160000377,0.6344963479203019,0.6253344293346313
jpeg_compression/s5,35456.0,0.7911903858184814,0.7064890265464783,0.777890447850678,0.6278016795848474,0.6308940296966064,0.4994356924331498,0.9488786020741515,1.7384105335939624,0.6461196189151714,0.6489755032840164,0.6459318148479651,0.647000690964129,0.6507403990696355,0.6462523469284824,0.6356758875776171
jpeg_compression/s5,35584.0,0.8113352656364441,0.634316086769104,0.7795219023768128,0.6281194555450551,0.6340324623251268,0.5015157276566453,0.9331144462421928,1.7374020640289176,0.6500210829089683,0.6533673352141517,0.649851154303245,0.6508182932518978,0.6542020505561663,0.6494161628067947,0.6383591760889681
jpeg_compression/s5,35712.0,0.8091368675231934,0.660830020904541,0.7809665348229777,0.6297150928796641,0.6378574510389754,0.5065952836203198,0.9236106625400478,1.7226015304695312,0.655187130936669,0.658252062379967,0.655033376380271,0.6551834467793792,0.6597323431861564,0.653914773128575,0.6424973568300537
jpeg_compression/s5,35840.0,0.7456578612327576,0.5997154116630554,0.7792441605015035,0.628251693795927,0.632934225479049,0.4985314850603845,0.9425755180147529,1.7444873311084848,0.6463278561300855,0.6505882729803271,0.6461887361537134,0.6470495375082902,0.6519276585283424,0.6467009934137791,0.6363703032352835
jpeg_compression/s5,35968.0,0.7977563142776489,0.6544197201728821,0.7801471923930228,0.6295281828874858,0.6352649952133453,0.5037091842812877,0.9416692403499975,1.738719188228614,0.6510460554276383,0.6534137496746445,0.6509201770908971,0.6509368510113679,0.6546256505779945,0.648409256979392,0.6383368418922465
jpeg_compression/s5,36096.0,0.7871302366256714,0.6819139122962952,0.7804878286970544,0.6320835843220619,0.6400508969182025,0.5099556331301835,0.9406081450129392,1.7105797078712133,0.6574158538402366,0.6587959924182833,0.6573019567848034,0.6573170436575196,0.6583309723552228,0.6527062640485753,0.6435925559298672
jpeg_compression/s5,36224.0,0.8053572177886963,0.6701968908309937,0.7817009696283539,0.6339427700054244,0.64452999060832,0.5106439726299876,0.9258375124158061,1.697736149256389,0.6566170515710885,0.6600780514385538,0.6565139954013599,0.6579776760280114,0.6596572926545472,0.6560551621760161,0.6484967445385651
jpeg_compression/s5,36352.0,0.7643529176712036,0.6200817823410034,0.7808547231914198,0.6332666242656965,0.6403101521209129,0.5005217027782339,0.9379706137565665,1.702195705736795,0.6542211692085815,0.6573527461261394,0.6541279220734493,0.6554522874709133,0.6569348555190756,0.6514633561390366,0.6438993447014619
jpeg_compression/s5,36480.0,0.7979691624641418,0.6530998945236206,0.7816895738876501,0.634234100863644,0.6382766159285596,0.505584330711299,0.9346199727899225,1.6921838977146035,0.6545629972434577,0.6573593259118726,0.6544786255048877,0.655639755647388,0.6562561958622926,0.6490932568039706,0.6415241839922211
jpeg_compression/s5,36608.0,0.7873125076293945,0.6237086653709412,0.7819638633384669,0.6337206649859511,0.6363250938889583,0.5013533712146852,0.9310814153043803,1.6967300934552219,0.6496112842399162,0.6513792591980716,0.6495349431248865,0.6513477503507894,0.651143321776649,0.6453499961920519,0.6392635537490591
jpeg_compression/s5,36736.0,0.8129505515098572,0.6557672023773193,0.7834754091029249,0.6347961058343106,0.6359349897710324,0.5005367207718835,0.9242359104645114,1.696066521382106,0.6486444160195791,0.6502441125760064,0.6485753411617801,0.6502156027861693,0.6493427973957663,0.6441008888804943,0.6385937627913854
jpeg_compression/s5,36864.0,0.7959572076797485,0.6694894433021545,0.7840842773261846,0.6364884637595712,0.639355811684557,0.5004484546662907,0.912851326981549,1.6788389384698978,0.6508183561961807,0.6522657913314134,0.6507558559827884,0.652965010016516,0.6529374746216301,0.6467444687609945,0.6417615188612118
jpeg_compression/s5,36992.0,0.7796227335929871,0.6128767728805542,0.7838666410465164,0.6353366739605948,0.6447004399596735,0.498918560111498,0.9178027792052769,1.6995407272483891,0.6514097083726299,0.6534443894200356,0.6513531570195248,0.6533520405919815,0.6547399755499699,0.6506608191466224,0.6468771684639519
jpeg_compression/s5,37120.0,0.7569233775138855,0.6337246894836426,0.7825523355083392,0.6352580405714752,0.6418772273519711,0.5047844318438955,0.930247599461103,1.7023989091340614,0.6471857028166389,0.6497889151147376,0.6471345341027347,0.6489431610591336,0.651686200363774,0.6487203188114292,0.6438467717035519
jpeg_compression/s5,37248.0,0.8088000416755676,0.6844994425773621,0.7838327114189357,0.6376600601815184,0.6446580980382796,0.5131779421978376,0.9170486950988879,1.680405255218215,0.6539601153980416,0.65479115995807,0.6539138169959902,0.6555502962349448,0.6565078588657349,0.6516120493231313,0.6464401783230829
jpeg_compression/s5,37376.0,0.8137100338935852,0.647981584072113,0.7852901417835528,0.6381635491517914,0.6472114616991214,0.5088376859505717,0.9101189131375195,1.6771569407361249,0.6533415142893642,0.6563056836979324,0.6532996226358722,0.654780339424956,0.6578961649820242,0.65499073588369,0.6488611012667511
jpeg_compression/s5,37504.0,0.7953101396560669,0.6784250736236572,0.7857789221675779,0.640127525955297,0.648945498658158,0.5072343071569421,0.9143995707021364,1.6582985121609894,0.6551799186401682,0.6586613295089561,0.6551420142945635,0.6557567794558941,0.6608626216166917,0.6574715403206974,0.6519253331509389
jpeg_compression/s5,37632.0,0.7261701822280884,0.6204013228416443,0.7828711787558955,0.639165272144875,0.6375571704099098,0.4968602803008381,0.9385466827810497,1.6672860588741045,0.6425847152002949,0.6457347603706854,0.6425504186448728,0.6431066695731201,0.647689350076733,0.6460338862747059,0.6394911848438894
jpeg_compression/s5,37760.0,0.781801164150238,0.6758327484130859,0.7828189829214732,0.640953929523812,0.6357113064803526,0.4942218836035543,0.9391426472610285,1.6539748330719504,0.6403346828195412,0.6431849021557481,0.6403036506596381,0.6422941668177964,0.6449534511997091,0.6426933617036452,0.637498418886113
jpeg_compression/s5,37888.0,0.7751843929290771,0.6318731307983398,0.7824465638974538,0.6405109637323255,0.6308436330497419,0.4881351784420024,0.9498979248889649,1.6543328984450092,0.6373135351389185,0.6383680762515722,0.6372854566646696,0.6390865126293089,0.6414555022455428,0.6386111559495801,0.6339478555180118
jpeg_compression/s5,38016.0,0.7530015707015991,0.6213415265083313,0.7810102227659488,0.6395758692335941,0.6309009017660068,0.4846913185070111,0.9614185400359834,1.66391113737353,0.6353049595159399,0.6392335478754559,0.6352795535912923,0.6376713775783336,0.6427893033405536,0.6387284760257651,0.6344346747429481
jpeg_compression/s5,38144.0,0.7868634462356567,0.6758601069450378,0.7812957458620321,0.6413458320487865,0.6363252656669222,0.49232034232549904,0.954997891462355,1.654858539760752,0.6403101388600503,0.6453520085178872,0.6402871511078855,0.6431763327166242,0.6478071269369315,0.6456200250060611,0.6402477039167306
jpeg_compression/s5,38272.0,0.775536298751831,0.6740611791610718,0.78101479722251,0.6429417026396297,0.6323844313381253,0.49320002419814635,0.950450090582973,1.635099361905426,0.6359156580643286,0.6389904253157087,0.6358948583195085,0.638509043463406,0.6397246520351415,0.6370207067425453,0.6329219260305455
jpeg_compression/s5,38400.0,0.7840574979782104,0.6510341763496399,0.7811632216496173,0.6433364574547522,0.6340796966480003,0.49022218132384326,0.9484643960339723,1.632287584654686,0.6403607768684376,0.6431428833463372,0.6403419568732732,0.6434695152336944,0.6422456548158538,0.6397990749288587,0.6360904220657108
jpeg_compression/s5,38528.0,0.7550386190414429,0.6454467177391052,0.7798888507906819,0.6434393969808182,0.6356507844149961,0.48821560844352496,0.956405897842187,1.6344012641759305,0.640460286506183,0.6445019783282444,0.6404432578252519,0.6432731306784352,0.6436901493009599,0.6415136186596038,0.6366707507209672
jpeg_compression/s5,38656.0,0.7848068475723267,0.6414525508880615,0.7801287530727133,0.6433424776592203,0.6399723932749608,0.48643720430850773,0.9593568573185858,1.6360895754064062,0.6428740902890566,0.6472561029370969,0.6428586824224913,0.6454192039035691,0.6472465598374539,0.6467644045099686,0.6416574728415176
jpeg_compression/s5,38784.0,0.7617297768592834,0.6571068167686462,0.7792312420379118,0.6440139088352899,0.6363350744623529,0.4898288148442833,0.9553423161174505,1.6232998525420206,0.6441100483817104,0.6473499598853802,0.6440961070580662,0.646412914418399,0.6480663399837998,0.645492212528056,0.6386219608518431
jpeg_compression/s5,38912.0,0.7916884422302246,0.6338706016540527,0.7798389103399759,0.6435191133630344,0.6302182619019862,0.4863724731577364,0.9496877523699812,1.6315122427128603,0.6417891930925529,0.6454457400271643,0.6417765787241633,0.6438728690246192,0.6460939340365016,0.642277605743708,0.6330124940247789
jpeg_compression/s5,39040.0,0.7818464040756226,0.637001633644104,0.7799368368636659,0.6432011875230865,0.6311716099660445,0.48252009617663116,0.9537833697427781,1.6419284610827902,0.6408790081462064,0.6434996850572973,0.6408675944315599,0.6420393419312586,0.6440861830276734,0.6421203083498987,0.6344620781747107
jpeg_compression/s5,39168.0,0.7932524681091309,0.6499500274658203,0.7805863798512496,0.6435303992276101,0.6358080123488123,0.4878461131972968,0.9514664857219015,1.640772676184628,0.6445170858955264,0.6476505181273939,0.6445067585546713,0.6455669774404784,0.6481811923766156,0.6471646276027341,0.6395103039284562
jpeg_compression/s5,39296.0,0.8083924651145935,0.676437497138977,0.7819427742543394,0.6451356235159695,0.6317305096862247,0.4874041868965428,0.9392587884446096,1.6257695111531836,0.6447601056794143,0.6461080833264522,0.6447507613097293,0.6449850521635738,0.6465882472366641,0.644980605939178,0.6365676218174787
jpeg_compression/s5,39424.0,0.7655136585235596,0.67195725440979,0.7811413539747891,0.6464439957546925,0.6355143398172205,0.48780369914910265,0.9438723260308426,1.6129570680171839,0.6413177398800649,0.643262429946183,0.6413092849209389,0.6422462905061247,0.6459462962801702,0.6452538677177214,0.6398910486522219
jpeg_compression/s5,39552.0,0.8282531499862671,0.6984096169471741,0.7834394903655928,0.6489789041055452,0.6464484300190316,0.49788782058642783,0.9238336839063859,1.597102609898431,0.647163463627352,0.6481980404212637,0.6471558134234074,0.648003633468064,0.6536008724819385,0.6552237553828997,0.6504085574063233
jpeg_compression/s5,39680.0,0.7775723934173584,0.635002613067627,0.7831532905144594,0.6482971338110126,0.6474185378102004,0.49290221600949236,0.9299663639643793,1.6050139698690629,0.6480283332404534,0.6496894523978238,0.6480214111939337,0.6487885345062018,0.6545780351249425,0.6553957953226595,0.6510389148215453
jpeg_compression/s5,39808.0,0.7835260033607483,0.6490141749382019,0.7831714716289124,0.648332111426973,0.6453218893571178,0.49067773381941576,0.9200624425813946,1.6010519479028764,0.6467101992020996,0.6481760303968411,0.6467039360059329,0.6473980434169737,0.6518371156603435,0.6525770402651784,0.6486348539224095
jpeg_compression/s5,39936.0,0.7928798198699951,0.6862233877182007,0.783645049591892,0.6501804663680084,0.6405991039334777,0.494651001272654,0.91919749056845,1.5847457166260543,0.6432681219431252,0.6431072232204613,0.6432624548869862,0.6438904961553937,0.6471820362399658,0.6471265188836026,0.642834540640086
jpeg_compression/s5,40064.0,0.7657498717308044,0.6651771068572998,0.7827721140864731,0.6509120098065104,0.6347642695317189,0.4982089071598493,0.9234767956031529,1.5810189998276198,0.6400793060532382,0.6406959170245815,0.6400741783956608,0.6406424417920011,0.6435835081029079,0.6420460649743959,0.6367125736547119
jpeg_compression/s5,40192.0,0.7905367016792297,0.6733406782150269,0.7831508744568514,0.6520060911922917,0.6300239166911032,0.49834220570501525,0.923809961408897,1.5674035691272623,0.632620835518724,0.635390981436281,0.6326161959189767,0.6331303711871704,0.6387287423108405,0.6380998303545842,0.6317867784228536
jpeg_compression/s5,40320.0,0.7604661583900452,0.627458930015564,0.7820443029413974,0.650808668695866,0.6266456735795171,0.4964736733357098,0.9314061651776894,1.577488574105005,0.6282332188125991,0.6284902931377653,0.6282290208166351,0.6271698658986831,0.6329975711212305,0.6331535347824643,0.6282407435937896
jpeg_compression/s5,40448.0,0.7537318468093872,0.6238304376602173,0.7806632075203237,0.6494926574258343,0.6250761865047265,0.49238486445188256,0.9428689597594722,1.6002531415925656,0.6288363925127681,0.6297568327558244,0.6288325940881035,0.6293242808042218,0.6323478915380081,0.6332512054753886,0.627244450330847
jpeg_compression/s5,40576.0,0.8084673285484314,0.6988505125045776,0.7820195061070606,0.6519003576735778,0.6251061152133783,0.4962700052536069,0.9309032123801942,1.5842030413444483,0.6301071701439145,0.6323528510539017,0.6301037332587777,0.6312736353975141,0.634697289131059,0.6332652192314491,0.6270680005670543
jpeg_compression/s5,40704.0,0.7991272211074829,0.6518799066543579,0.782854028790008,0.6518993600628842,0.624445360642206,0.49673657227289475,0.9245150305360967,1.5848257589737853,0.6318332872033872,0.6324523714770877,0.6318301774459255,0.6328887266148833,0.633123632818763,0.6311028545217334,0.6247704811793513
jpeg_compression/s5,40832.0,0.8029989004135132,0.671833872795105,0.7838367054545692,0.6528717753181144,0.6262456237577604,0.49723309127131043,0.9177415416128503,1.5713719264548536,0.6322053419609469,0.6349777257683821,0.6322025281946774,0.6339225182517771,0.6355850954891961,0.634481672651729,0.6280270088481816
jpeg_compression/s5,40960.0,0.7657376527786255,0.6279830932617188,0.7829538248362304,0.6516576932665828,0.6254392288730241,0.4929232788956949,0.9239498204276404,1.587104589809329,0.6293816627737062,0.6333401968433724,0.6293791168257611,0.630898215503244,0.6346519513617294,0.6336535538984411,0.6278132542879739
jpeg_compression/s5,41088.0,0.801062822341919,0.7100173234939575,0.7838371905682152,0.6545045044971866,0.6283346621748183,0.49649691088658654,0.9156958454650046,1.5587811169210195,0.6319762100409323,0.6355579651390657,0.6319739064199776,0.6333484150984141,0.6352204747300358,0.6350793012965668,0.6305199046829316
jpeg_compression/s5,41216.0,0.7924247980117798,0.6961975693702698,0.784256098248389,0.656538312539776,0.6311032249660312,0.5051401257932767,0.9084574757583417,1.5379299340383985,0.6373725850519083,0.6390890332995354,0.6373705006929125,0.6393391965286661,0.6387836657134947,0.6386931096205103,0.6330804729463052
jpeg_compression/s5,41344.0,0.8291860818862915,0.666863203048706,0.7864478047673111,0.6570419657353335,0.6333480102161412,0.5075881209586994,0.8923181213724319,1.531223547343862,0.6390578238334043,0.6413359129378902,0.6390559378666983,0.6408372503986324,0.6410596106783019,0.6394904638505627,0.6351370608871684
jpeg_compression/s5,41472.0,0.781225323677063,0.6649423837661743,0.7861930495921771,0.6574273519807403,0.6325906148356637,0.5016048673278892,0.8942084037850482,1.5274601768862577,0.6398948245393266,0.6419560818432665,0.6398931180816467,0.6415048827223794,0.641743258680367,0.6395984506345662,0.6356965910823218
jpeg_compression/s5,41600.0,0.7985109090805054,0.681795597076416,0.7867939207867296,0.6586160468634562,0.6290424301993125,0.5000764445007254,0.8855932961363053,1.5213660935086137,0.6348892195861484,0.6374792983245737,0.6348876755515672,0.6363460301134676,0.6388111222206057,0.63538325009826,0.6333399851494417
jpeg_compression/s5,41728.0,0.797153890132904,0.6647506952285767,0.7872992851450795,0.6589152980032181,0.622597285147623,0.49622101254348805,0.8788834747323596,1.5211877187360894,0.6315870035636715,0.6339305548790461,0.6315856064925245,0.6329051527677478,0.6329233889931832,0.629784606424422,0.626485792630756
jpeg_compression/s5,41856.0,0.7940926551818848,0.6326274275779724,0.7876306690493139,0.6576329628605232,0.6183643490241134,0.49273254615029466,0.8787221778582891,1.5403730013441201,0.6286734577158503,0.6293067364491548,0.6286721936199463,0.6291039484590983,0.6283954340622437,0.6256297658367316,0.6226449378889826
jpeg_compression/s5,41984.0,0.8120185136795044,0.6484383344650269,0.7888203200068842,0.6571844444022062,0.6197209547089093,0.49407492724247365,0.8711029561447677,1.540485436827862,0.631986067332426,0.6325590696842144,0.63198492355499,0.632375583346989,0.6324967014923693,0.6262948386898683,0.6235941109632019
jpeg_compression/s5,42112.0,0.794287919998169,0.6662462949752808,0.7890870322015809,0.6576264858935758,0.6165239869793283,0.49238947908138153,0.8747469627077846,1.5384127291330305,0.631395483886151,0.6311517519272397,0.6313944489750979,0.631747925205693,0.6325825300237321,0.6262087743291432,0.6222407155116183
jpeg_compression/s5,42240.0,0.8012369871139526,0.6706076264381409,0.7896797129290136,0.6582597122616033,0.6172563856011648,0.4931882199183708,0.8728419493930816,1.5313559514738568,0.6314745871450539,0.6305290390727731,0.6314736507383247,0.6317934825924206,0.6340358585164166,0.6275065709426692,0.6231911828037903
jpeg_compression/s5,42368.0,0.8072531819343567,0.6722790002822876,0.7905369553195182,0.6589435799699294,0.6246301085659556,0.5042098646614169,0.858299661737145,1.5252563394984493,0.6390193914620029,0.6366394517725686,0.6390185441838142,0.6393079339816012,0.6397753068432299,0.63314247138834,0.6307250380990868
jpeg_compression/s5,42496.0,0.7945801019668579,0.7010936737060547,0.790734181985242,0.6609996821033989,0.6225646312485535,0.5046457193039947,0.8589903369291717,1.5059241817023077,0.6414588009599681,0.6385803724842813,0.6414580343269372,0.6417198795871597,0.6377183174946772,0.6324418197392415,0.629529466358543
jpeg_compression/s5,42624.0,0.753293514251709,0.610377848148346,0.7889078079494599,0.6585303243494938,0.6167360524265615,0.5004297376926685,0.8692059221818104,1.5271774191739087,0.6413050780845398,0.6364140372091563,0.6413043844207443,0.640016916628239,0.6326967941162428,0.6271603258913659,0.6230379645040713
jpeg_compression/s5,42752.0,0.8340088129043579,0.6505650877952576,0.79110785697165,0.6581417762248969,0.6167604317315885,0.5017645038849189,0.8551956923992462,1.533857429466266,0.6418910016457973,0.6367404822100694,0.6418903740059204,0.6407254492513691,0.6334142319160055,0.6284047327071788,0.6239497287392579
jpeg_compression/s5,42880.0,0.8047617077827454,0.6653852462768555,0.7917738984746302,0.6584951162274314,0.6182325203234658,0.5009087212426898,0.854016867101095,1.526953609715716,0.6433320722803436,0.6386346064494441,0.6433315043801338,0.6422402785909176,0.6356249534469032,0.6295306950907905,0.6254997248140459
jpeg_compression/s5,43008.0,0.8170450925827026,0.6258898973464966,0.7930066396506337,0.6569046177454346,0.621739538020221,0.49857282273059556,0.8439782625605036,1.5434302751627293,0.6429628684939932,0.6409247390895922,0.6429623546473429,0.6427000081717938,0.6367143391985363,0.6312373213760216,0.6282778592755286
jpeg_compression/s5,43136.0,0.8035824298858643,0.6495168209075928,0.7935225318572303,0.6565442374118813,0.6229236093567853,0.5009208883838404,0.8415696283821882,1.5505412503650065,0.6466628631644042,0.6440565307288934,0.6466623982264179,0.6464250222660906,0.6394475073890384,0.6315545602694401,0.6288396037823195
jpeg_compression/s5,43264.0,0.8119060397148132,0.6750010251998901,0.7944192883380881,0.6574445685234914,0.6290329029337718,0.5013723505245813,0.8321258480577974,1.541240004199153,0.6496760647668405,0.6473549870545192,0.6496756440823209,0.6502230570295798,0.6446718671854417,0.6368051672634255,0.6351479996150553
jpeg_compression/s5,43392.0,0.767319917678833,0.6496485471725464,0.7930973678181243,0.657064274799055,0.6221610918276422,0.49616662412128976,0.845614713512181,1.5471102400332117,0.6437022870376945,0.6416021328435001,0.6437019063945332,0.6441972157894057,0.6377243664420326,0.6299185957213981,0.6276941448033903
jpeg_compression/s5,43520.0,0.7808177471160889,0.6817300319671631,0.7924983619302202,0.658267482465792,0.6247550688101391,0.49878089547202953,0.8507480897478933,1.5325142681067996,0.6442087617991274,0.6437957132986101,0.6442084173861302,0.6446565825197419,0.6387998282916905,0.6324992171875351,0.6312486878322168
jpeg_compression/s5,43648.0,0.7924948930740356,0.6654325723648071,0.7924981927177234,0.6586169990462318,0.6262655917074488,0.4981347364740969,0.8551290367367552,1.5290850654641845,0.6439048344416851,0.6442561153641796,0.6439045228104128,0.6443100309414203,0.6397729261342422,0.6333098211435103,0.6314161238505661
jpeg_compression/s5,43776.0,0.7945099472999573,0.6471274495124817,0.7925963270875884,0.6580565332153171,0.6267957852391608,0.4989257490643077,0.8544390963737915,1.5333100795405152,0.6427560994561589,0.644598335198642,0.6427558174863995,0.6438477436418204,0.6405046821238444,0.6338945496485896,0.6314560823180909
jpeg_compression/s5,43904.0,0.7985594272613525,0.6798556447029114,0.792887210022894,0.6591199045073949,0.6287999044311503,0.501314583180733,0.8568768383886024,1.5270223717378406,0.6469405278244006,0.6493324317888961,0.646940272692929,0.6479282677449189,0.6449034036349596,0.6367102082186227,0.6337788228470055
jpeg_compression/s5,44032.0,0.803064227104187,0.6957675218582153,0.793383649880518,0.6609075931586544,0.6268394733133728,0.5018401136334889,0.856617947139175,1.509763557337002,0.6418034163122625,0.6454176851581862,0.6418031854645716,0.6426971417251764,0.6413730380302044,0.6354840729925788,0.632106686228611
jpeg_compression/s5,44160.0,0.7890701293945312,0.6544719338417053,0.7931732342470552,0.6605936585578276,0.6265528488457107,0.5007912330972853,0.8626872805967217,1.505333686466188,0.6401296824574366,0.6441249548635343,0.6401294735821613,0.6409383417989252,0.6411902979440457,0.6365868679486688,0.6327687505970954
jpeg_compression/s5,44288.0,0.7920045852661133,0.6686103343963623,0.7931162269796921,0.6609847159158048,0.6265909477063212,0.5001396285193164,0.8565880905625656,1.5013681103220011,0.6403999089933141,0.6432155302483257,0.639637524877137,0.6410944187246669,0.6397980030772716,0.6349077193039413,0.6307280009864259
jpeg_compression/s5,44416.0,0.7923110723495483,0.6621981263160706,0.7930769511440753,0.6610439066670372,0.6273132548847796,0.4963525431159311,0.8604577285976758,1.4976603080766149,0.6419829039731295,0.6445305303436665,0.641293084674673,0.6426113092684226,0.6414754685785427,0.6385378590489558,0.6317815523500022
jpeg_compression/s5,44544.0,0.8003728985786438,0.6634619235992432,0.7934328510189322,0.6611618587125105,0.6278924513264424,0.4953612243184599,0.8543534505066411,1.4969641505994538,0.6448652569560559,0.6457203668368332,0.6442410956515037,0.6454338497306785,0.6429560902486398,0.6394987112513156,0.6326604646783779
jpeg_compression/s5,44672.0,0.8034525513648987,0.6687216758728027,0.7939216168894672,0.6615306302813053,0.6269293090229142,0.4985540881548944,0.8463505960096651,1.492790751807945,0.6466367078109226,0.646685412230115,0.6460719550778924,0.6471511811066996,0.6457086337109941,0.6396430932856936,0.6320056911218397
jpeg_compression/s5,44800.0,0.8170939683914185,0.7051659822463989,0.7950519754993184,0.6636591840357001,0.62739632898504,0.5022424259866712,0.8313752222548693,1.4682024740531001,0.6511767891614593,0.6512580380737685,0.6506657904065879,0.6516422941482984,0.6488870207462355,0.6419115971966328,0.6342017585938835
jpeg_compression/s5,44928.0,0.7719883918762207,0.6666728258132935,0.793926922639655,0.6638061909516803,0.6204943880941379,0.5006161391586715,0.8358169195739978,1.4559597824813448,0.6449486295744078,0.6442971302261759,0.6444862684166687,0.6453698271264496,0.6414267748691398,0.6366024921689937,0.6274514424873865
jpeg_compression/s5,45056.0,0.7625033855438232,0.6319870948791504,0.7923940671715656,0.662254039923752,0.6209604189715549,0.49312144417628756,0.8569785086028028,1.4751958081128644,0.639387635682733,0.6418097472183304,0.6389692827256116,0.6420181481614098,0.6376882061724934,0.63557251076088,0.6272552909121445
jpeg_compression/s5,45184.0,0.7797867059707642,0.6437776684761047,0.7917790739422581,0.6613527535116716,0.6228693023532034,0.4932370413992465,0.8716417516203507,1.4836676124134072,0.6425170100377375,0.6454707766324095,0.642138476517344,0.6456593416737085,0.640979334674814,0.637614984454074,0.6300522293143198
jpeg_compression/s5,45312.0,0.8114790320396423,0.6784459352493286,0.7927400475079842,0.6621865672549719,0.6334453949311257,0.5027296489995562,0.8597338998517018,1.469661076270809,0.6512230055130271,0.653895628350919,0.6508805013580489,0.6540662455001253,0.6505567031769137,0.6497248015197183,0.6429190605515053
jpeg_compression/s5,45440.0,0.7962209582328796,0.6839613914489746,0.7929098480311498,0.6632487538010209,0.6298158510947305,0.5001460714624182,0.8570652926644909,1.459984969868428,0.6451019877366534,0.6482452413573753,0.6447920836202216,0.6476746040485964,0.6467485101321152,0.6460329703221246,0.6383877995828907
jpeg_compression/s5,45568.0,0.8045296669006348,0.6896263360977173,0.7934766684638076,0.6645354651325671,0.6330197260648929,0.5029206869091839,0.8541215285195016,1.4557047897784754,0.6453636962209696,0.6489327853090825,0.6450832892244835,0.6476914472087538,0.647578515116566,0.6469682616656464,0.6392885741615567
jpeg_compression/s5,45696.0,0.8269042372703552,0.6616734266281128,0.795107281576322,0.6643958534982035,0.6351936367309352,0.5011926619802907,0.8404942838224967,1.463403668133416,0.6464370505366417,0.6496292483373672,0.6461833330817603,0.6485432428343334,0.6491288944035077,0.6493017406266793,0.6416280019629551
jpeg_compression/s5,45824.0,0.8014824390411377,0.6888803839683533,0.7954182648672886,0.6655902208382108,0.6379228265721311,0.5039420219345759,0.8339863939259238,1.4548242884028584,0.6495832860596265,0.6524716458781294,0.6493537177973572,0.6514890079423088,0.6527439312241137,0.6543875356889822,0.643744759658331
jpeg_compression/s5,45952.0,0.8295034170150757,0.7052838802337646,0.7970809552159611,0.6675264969062866,0.6396672333231476,0.5086790989663831,0.8162994065377468,1.4369628997012085,0.6553301178445519,0.6565307099230427,0.6551224002199765,0.6570544503749267,0.6568142590076602,0.6575392277114468,0.6464222364308871
jpeg_compression/s5,46080.0,0.7848341464996338,0.6881769895553589,0.7964835499127256,0.6685338380111194,0.6293107447260603,0.5033170193503085,0.826891637748393,1.4312987737613092,0.6441706479723756,0.6452941462182915,0.6439827012103415,0.645730856050127,0.6440263164489299,0.6439944469655625,0.6346606017914215
jpeg_compression/s5,46208.0,0.8181700706481934,0.7040414214134216,0.7975414289729923,0.6702659152502561,0.6347005608140023,0.5119989211373106,0.8205072542432829,1.4180890431062096,0.6511204970648323,0.6521370591302922,0.6502254244740805,0.6525322022916378,0.6502277081016196,0.6494738571294589,0.639541210782125
jpeg_compression/s5,46336.0,0.7941437363624573,0.6912680864334106,0.7973756878700393,0.6712904114055319,0.6373651415812597,0.5189807311420878,0.8171084806907696,1.4063094983063742,0.6536722344054788,0.654592038630086,0.6528623561124786,0.6549495714964789,0.6536637977528634,0.6515316696572915,0.6410200366446235
jpeg_compression/s5,46464.0,0.8286335468292236,0.6791861057281494,0.7989004614778044,0.6716755672261474,0.6472493339352147,0.5191632611940009,0.8075668680237739,1.4089422148810475,0.6642536993044219,0.6650859552387629,0.6635209063932657,0.6654094576122214,0.6634838705425967,0.6607924863466628,0.6498313359526903
jpeg_compression/s5,46592.0,0.7959180474281311,0.676355242729187,0.7987549778656251,0.6719038440799542,0.6487938649110419,0.5179899287781531,0.8097498753141167,1.4124696230317053,0.6641425500547447,0.6656577857930746,0.663479505427815,0.6651883016229557,0.6642081898246814,0.6625723508228876,0.6511301082593943
jpeg_compression/s5,46720.0,0.8127799034118652,0.6647070646286011,0.7994391205751977,0.671552781667693,0.651027940826707,0.5155154263364491,0.801028329726966,1.4183997582319203,0.6642278813999206,0.6655988948193137,0.6636279463151139,0.6651740968283852,0.6650122883541585,0.6649821806077406,0.6531418171698624
jpeg_compression/s5,46848.0,0.8076022863388062,0.7041277289390564,0.7998373237831786,0.6731418034858083,0.6537372088027491,0.5199503054477924,0.8047690959728351,1.4096985723768563,0.667967345395169,0.6699328786556669,0.6674245129954123,0.6688234986769624,0.6693649259885037,0.6693376839407338,0.6564120784743371
jpeg_compression/s5,46976.0,0.7929141521453857,0.6737489700317383,0.7994996080935302,0.6731714213660976,0.6532141847644147,0.518887962276081,0.8101828982583954,1.412124450961443,0.669101476707943,0.6701177325611358,0.668610311877467,0.6698761400878406,0.6688416433245176,0.6688169942140725,0.6556344564898671
jpeg_compression/s5,47104.0,0.7892113924026489,0.6505217552185059,0.7989977439134871,0.6720665596028004,0.6521274687844585,0.5178895542069716,0.8145963752268331,1.4215202833121976,0.6671904200313987,0.667347752067512,0.6667460049765779,0.6678913498355774,0.6669924982133202,0.6692196003566949,0.6558417658067148
jpeg_compression/s5,47232.0,0.8105838298797607,0.7114607095718384,0.7995629188386711,0.6739882254549485,0.6509211064968241,0.5139002153175513,0.8102877768406618,1.4057893655165614,0.6631374948648171,0.6632798518112347,0.6627353798747024,0.6630095140392106,0.6644084412745151,0.6678735943739043,0.6557690813753796
jpeg_compression/s5,47360.0,0.8097859621047974,0.7238553762435913,0.8000616038760431,0.6764207693958579,0.647728883391832,0.5133765481844113,0.804576446989542,1.3861776204641312,0.6633184888098672,0.663447296017185,0.6629546477034041,0.6632026893834856,0.6644312844607599,0.6660794093055968,0.6536398112861108
jpeg_compression/s5,47488.0,0.7778550386428833,0.6582247018814087,0.7989783567914986,0.6755331563463726,0.6403416904455541,0.5113783341989825,0.8181179545989751,1.395535444722222,0.6573846945150552,0.6582634367888984,0.657055484328898,0.6572799170447838,0.6591537677958451,0.6599200068731783,0.648664427701472
jpeg_compression/s5,47616.0,0.7931855916976929,0.6749264001846313,0.7986957828844837,0.6755035584848242,0.6321332309147458,0.5055362559884904,0.8284780008700433,1.404581672554855,0.6497291019377744,0.6490741745127391,0.6494312264510731,0.6496342973379632,0.6514041527766093,0.6506102501214183,0.6396637980570725
jpeg_compression/s5,47744.0,0.7979223132133484,0.6551272869110107,0.7986580526566235,0.674509594017809,0.6277548448669413,0.5058086825452076,0.8272282167241268,1.413765433905916,0.6465759750430428,0.6468199401748221,0.6463064517739929,0.6457651792094241,0.6489653280031068,0.6467597801515033,0.6360930320314142
jpeg_compression/s5,47872.0,0.7875361442565918,0.693002462387085,0.7981155205395487,0.6754116851577736,0.6221572689129196,0.5022070232904585,0.8328642773476481,1.4044790812639787,0.6444479821775537,0.643869350985071,0.644204112521263,0.643677178808765,0.6458105377113179,0.643777736829528,0.629701815419263
jpeg_compression/s5,48000.0,0.7970803380012512,0.7058753967285156,0.7980650238303634,0.6768977198685415,0.6246772492662407,0.5079829758624553,0.8286222071640819,1.3859793820018707,0.6440841052302553,0.6427983538657306,0.6438634474389298,0.6433866680357712,0.6445547756448035,0.6450020450432552,0.6330280852187382
jpeg_compression/s5,48128.0,0.7990672588348389,0.6928985118865967,0.7981139133427767,0.6776782463084466,0.6277195693836717,0.5080225200992233,0.8310316989272419,1.3853807313118525,0.6444426972368935,0.644041520660188,0.6442430419718097,0.6445738382405758,0.6463557785578501,0.647559851582862,0.6352755607481861
jpeg_compression/s5,48256.0,0.7493367791175842,0.6412648558616638,0.7957345409415477,0.675901983359823,0.6245234771163383,0.504247324848851,0.8515234073755321,1.4134701257226425,0.6403427082078018,0.6415041064391113,0.6401620564182763,0.6412235621439119,0.6435980899384235,0.6432003475654569,0.6321224734669787
jpeg_compression/s5,48384.0,0.7942361831665039,0.6866096258163452,0.7956614503183748,0.6764243073820924,0.6223194281344143,0.5061296437210603,0.8509361160545901,1.4126040166428018,0.6411317722689271,0.6421826269446093,0.6409683151767983,0.6411665901373527,0.6433151069579667,0.6421930271547055,0.6291951410727392
jpeg_compression/s5,48512.0,0.767654299736023,0.6706981062889099,0.794295247850943,0.676144980499498,0.6284862285499371,0.5002480298035292,0.8591958714595094,1.4076868560691866,0.6417713715770601,0.6442094143859314,0.6416234725662762,0.6425278903027445,0.6452341033212773,0.6450182000608606,0.6347446814822346
jpeg_compression/s5,48640.0,0.8243261575698853,0.6905398368835449,0.7957601702762571,0.676847168615793,0.6347538986463142,0.5075489311904627,0.8491114468688736,1.4060539012962188,0.6490239477505702,0.6512299341350397,0.6488901259805508,0.6504706550567961,0.6529192868243086,0.6504373481811832,0.6396544678967749
jpeg_compression/s5,48768.0,0.8277100324630737,0.7256637811660767,0.7973187001390286,0.6792284667889775,0.6339370492808112,0.5068675933020189,0.8335357087302196,1.3852955010282464,0.6468116743180351,0.6503320819865528,0.6466905898967386,0.6481206819401468,0.6518606396548324,0.648852740382855,0.6398583852891103
jpeg_compression/s5,48896.0,0.7719006538391113,0.6482741236686707,0.7960787954414716,0.6777184988318894,0.6256131778442081,0.5062511061346643,0.8462645704313181,1.4015644482246128,0.6439734126339867,0.6449465179664168,0.6438638532022245,0.6443956319042018,0.6456045704431886,0.6413957573600966,0.631733107688719
jpeg_compression/s5,49024.0,0.8040222525596619,0.6816900968551636,0.7964662811545541,0.6779122353208296,0.6256663554438076,0.5048939217316029,0.8475703744299313,1.401445932854903,0.6407546464106446,0.6416351301766328,0.6406555150033214,0.6411366782428857,0.6429555631434204,0.6421589511866193,0.6326909915494001
jpeg_compression/s5,49152.0,0.8184077739715576,0.689464807510376,0.7975365978773347,0.6784757754276367,0.6316633114991264,0.5065659755822534,0.8377857793556445,1.398009041085642,0.6466911464548426,0.6482500196303738,0.6466014505175799,0.6477990110692617,0.6487197570143619,0.6495605382241807,0.6395065426214381
jpeg_compression/s5,49280.0,0.8121243715286255,0.6815915107727051,0.7982481965920317,0.67862776251764,0.6377401230161637,0.5090269773114857,0.8309763988942394,1.394087768291279,0.6498503770123829,0.6520230695168343,0.6497692184635568,0.6516149885998496,0.6531731114924715,0.654696061058286,0.6463240341030382
jpeg_compression/s5,49408.0,0.7924955487251282,0.6845642924308777,0.7979675796229144,0.678917349342676,0.6358768453941611,0.5089671519873704,0.835946113632251,1.4011078258561454,0.648284457725065,0.6517375602231439,0.6482110239637536,0.6498811110412678,0.6527781395479173,0.6534311177094903,0.644368742338323
jpeg_compression/s5,49536.0,0.7884187698364258,0.6593815088272095,0.7975017840235735,0.6779643815126533,0.6251932967546217,0.5072770899302738,0.8459944417943767,1.4132860732257846,0.6431309697797882,0.646255401010947,0.643064525549595,0.6445756513347818,0.6464719216254504,0.6447761630197113,0.6351263278385421
jpeg_compression/s5,49664.0,0.8064962029457092,0.7067643404006958,0.7979405361661166,0.6793692575559724,0.630584624844604,0.5110832562664761,0.8389582219950711,1.3912006660055762,0.6526522635544663,0.6547914723008034,0.6525921435817573,0.6539594382392642,0.6550245644213623,0.6520401808167644,0.6410594257242251
jpeg_compression/s5,49792.0,0.7309929132461548,0.5932135581970215,0.7946747984627037,0.6751665405140724,0.621854827119954,0.5040051355034563,0.8657808475269587,1.4340980074545524,0.6469343205629644,0.6488699163411791,0.6468799228958078,0.6496042864734806,0.6483929877958906,0.6434804372530033,0.6328198313661788
jpeg_compression/s5,49920.0,0.8111758828163147,0.682173490524292,0.7954797294067824,0.6755083429535953,0.6229163843244795,0.5014116960742159,0.8627194384417441,1.4249234314092802,0.6448465803547108,0.646597943340234,0.644797360335826,0.6465002199441784,0.6461664095404817,0.6439336674966198,0.633562738553217
jpeg_compression/s5,50000.0,0.7964555621147156,0.6348375082015991,0.7955273310022912,0.6735243997949613,0.6244160146088835,0.4903835156031423,0.8783149881951734,1.507177214916036,0.6412100825220196,0.6427947482572849,0.6411655473353903,0.6427063263147503,0.6424042884658373,0.6434328425118137,0.6333240186433331
