corruption,n_samples,r_l,r_s,r_l_ema,r_s_ema,large_acc_ema,small_acc_ema,large_ent_ema,small_ent_ema,fixed_ts_duo_acc_ema,"PW NN - β=0.5, pbs=256_duo_acc_ema","PW NN - β=0.01, pbs=256_duo_acc_ema","PW NN - β=0.1, pbs=256_duo_acc_ema","PW NN - β=1, pbs=256_duo_acc_ema","PW NN - β=2, pbs=256_duo_acc_ema","PW NN - β=4, pbs=256_duo_acc_ema"
fog/s5,128.0,0.22978314757347107,0.16895392537117004,0.22978314757347107,0.16895392537117004,0.5125762195121951,0.6322408536585366,4.746888253746963,5.678350460238573,0.6345274390243902,0.6345274390243902,0.6345274390243902,0.6345274390243902,0.6345274390243902,0.6345274390243902,0.6345274390243902
fog/s5,256.0,0.22588896751403809,0.1402660608291626,0.2295931875705719,0.16755451734473065,0.5039431468638006,0.613630778354928,4.743065844478666,5.698423434721454,0.6268352080643054,0.6268352080643054,0.6268352080643054,0.6268352080643054,0.6268352080643054,0.6268352080643054,0.6237864275765005
fog/s5,384.0,0.25965312123298645,0.17484670877456665,0.23105952579800673,0.1679102339998446,0.5057056968351223,0.6080762426400032,4.72200219941229,5.69827550954492,0.6280733798130924,0.6280733798130924,0.6280733798130924,0.6280733798130924,0.6280361995632412,0.6265861698190412,0.6193659466649954
fog/s5,512.0,0.27385514974594116,0.17157554626464844,0.23314711721010106,0.16808902972007891,0.5050882598966216,0.6014888251370879,4.686529650917758,5.700512393494995,0.6306065500866825,0.6277064905982828,0.6306065500866825,0.6306065500866825,0.6276728492181378,0.6241114302764793,0.6116667786302546
fog/s5,640.0,0.2779019773006439,0.18722453713417053,0.2353302811169568,0.16902246910613217,0.5075040114829039,0.6043401267302265,4.656629675662163,5.6950528750377405,0.631337039073078,0.6294752065437169,0.631337039073078,0.6320992341950292,0.6287197523264649,0.6203850300122101,0.6068754731092311
fog/s5,768.0,0.27775537967681885,0.2264929711818695,0.2373997981198769,0.17182590823177787,0.5143373595868511,0.6041686988439467,4.622463855865509,5.663671632114734,0.6352698610530348,0.6328230453021971,0.6352698610530348,0.6351973142240568,0.6336267062989608,0.6231480551151527,0.6079871175485667
fog/s5,896.0,0.2702631950378418,0.17612582445144653,0.23900289065246055,0.17203566024249342,0.5120246126898278,0.6045898815833688,4.5947416987777885,5.6648411594927275,0.6401296601199677,0.6364285258207267,0.6401296601199677,0.6400640184026117,0.6371556932068526,0.6246999951398853,0.60648328720486
fog/s5,1024.0,0.259527325630188,0.19794295728206635,0.2400040826025936,0.17329943082978966,0.510768551993592,0.604394681670615,4.562411244526123,5.6509397176763825,0.6409390024048012,0.636827952274435,0.6409390024048012,0.6401545936885022,0.6374859068219052,0.62316697954061,0.6037469243537132
fog/s5,1152.0,0.26370561122894287,0.17525000870227814,0.24116025473070818,0.17339458096991106,0.49944465650342257,0.6094418862706754,4.520540195051098,5.654716273379164,0.6425450461973244,0.6366502471204138,0.6425450461973244,0.6411102837597928,0.6334346009970956,0.6190285400840378,0.596233088603211
fog/s5,1280.0,0.30569878220558167,0.17432695627212524,0.24430847558314103,0.17344006269197026,0.4987353197749588,0.609212438440034,4.464361977061359,5.6574074870584505,0.6467867431684298,0.6392036144379235,0.6460617282963299,0.6447635286131141,0.6355690232698289,0.6203219271075678,0.5944723544113527
fog/s5,1408.0,0.30290383100509644,0.23782086372375488,0.24716678560372424,0.1765805895715695,0.492367740260388,0.6130760671429456,4.404712081878701,5.620281304978869,0.6462746200827969,0.6386882495895785,0.645618613169969,0.644443978001515,0.6361246189133907,0.6200793581978647,0.587841285579814
fog/s5,1536.0,0.3039885461330414,0.16559511423110962,0.24993857880027628,0.17604471272569341,0.4819215246496431,0.6017742106629507,4.346301484347604,5.6291045911999555,0.6368508013955585,0.6276999272015161,0.6362572341650939,0.6351944024630006,0.623168081717589,0.6064749873997336,0.572843750961866
fog/s5,1664.0,0.29825183749198914,0.20582273602485657,0.2522953231267013,0.1774972992280916,0.4732317900012535,0.6025348449841451,4.291818112894262,5.609451903380865,0.6364106596803357,0.6273685837439059,0.6358735890333777,0.6349119191827626,0.6232680858372711,0.6029772194140361,0.5688104373664475
fog/s5,1792.0,0.33366313576698303,0.21128050982952118,0.2562644847189101,0.17914526072084427,0.4636960455632995,0.6015499697923168,4.225409475515906,5.591972660822117,0.6329264505495481,0.6232206221739922,0.6324404990599449,0.6315703623301497,0.6180232055672156,0.595202023039113,0.5575390691459647
fog/s5,1920.0,0.36258676648139954,0.21982908248901367,0.261450937487812,0.18112983739246227,0.4612398484841038,0.6039306984260047,4.144182543659845,5.571564069615168,0.6360573356846297,0.6250259169105544,0.6356176377573921,0.6341053070221045,0.6187988076548097,0.5936881481513924,0.5528617930821013
fog/s5,2048.0,0.32711896300315857,0.21604648232460022,0.2646542558056338,0.18283308836476167,0.4544442650471873,0.5998385439059805,4.061836125411801,5.553173816026367,0.6342055071840105,0.6234618796079435,0.633807660338485,0.6324392754197626,0.616340265581776,0.5899574201893324,0.5447815510278858
fog/s5,2176.0,0.3396320641040802,0.18769562244415283,0.2683117098689726,0.1830702851491222,0.44745893940319564,0.6028097413926212,3.984973847605113,5.55817486033084,0.637642222740559,0.6249467691158131,0.6372822435305389,0.6345568934642825,0.616290775698918,0.5842580226698242,0.5351094521793066
fog/s5,2304.0,0.32867589592933655,0.2000005543231964,0.27125630431094155,0.18389615193810144,0.43896344249390873,0.6018358814147394,3.9112013834541552,5.5548916166719,0.6354908214089174,0.623204363964992,0.6351651055383399,0.6326991582148563,0.611710005852501,0.5789895612616315,0.5271201527452262
fog/s5,2432.0,0.32718244194984436,0.21128898859024048,0.27398440858601,0.1852323878723521,0.4306630850881827,0.6018656309528962,3.837218096098386,5.5358823577872585,0.6339531763015843,0.6220739664430415,0.6336584625364753,0.6314272276292662,0.6064498327790923,0.5716199421052596,0.5179393232156388
fog/s5,2560.0,0.3901478052139282,0.21195882558822632,0.27965091573859135,0.1865361165414191,0.4312394719923414,0.6025432032595807,3.7495344253047116,5.526296980255848,0.6316509703478344,0.6186530356691647,0.631384307863164,0.6293654451065519,0.6022666244241518,0.5677774728983341,0.5124952174961253
fog/s5,2688.0,0.38303065299987793,0.22330215573310852,0.284693829751337,0.188329581867843,0.4275968095778413,0.5994196681486152,3.661403644275259,5.51273670377106,0.6288428767989626,0.614869879388935,0.6286015956334755,0.6267748911404315,0.5992809552344645,0.559225631337517,0.5055429659795398
fog/s5,2816.0,0.3746269941329956,0.2303071916103363,0.2890808133797106,0.1903772701479646,0.42247902877328763,0.5959056009839642,3.5710197089562605,5.492859480867452,0.6240154762708043,0.6091602240039085,0.6237971605940014,0.6221443244643642,0.5920062956047712,0.5535512702346005,0.49819280265013693
fog/s5,2944.0,0.3552127480506897,0.19713914394378662,0.2923067614124413,0.1907071176501998,0.41124887136476523,0.5936741041621709,3.485336835191131,5.496106040881015,0.6167846754359865,0.6018561574717102,0.6165871393595931,0.6150916225522295,0.5811483198184754,0.5381924342812774,0.4828048797328127
fog/s5,3072.0,0.34704065322875977,0.16923412680625916,0.2949767073547007,0.18965965468220267,0.3959009716512837,0.5855946236946233,3.418127660535366,5.512479156078095,0.6101677521345243,0.5943735666356164,0.6099890178262588,0.6086358464615949,0.5696507105555628,0.5232730175739577,0.46354623561785135
fog/s5,3200.0,0.3702249228954315,0.26138314604759216,0.2986473520152242,0.19315836157807534,0.3916250017142192,0.5886202692680084,3.330030303926452,5.471824521502424,0.6160783170711549,0.5980136495257421,0.6159165949516595,0.6139300252635846,0.5704201253747835,0.5195706482629325,0.45656830718307667
fog/s5,3328.0,0.39898496866226196,0.2648480236530304,0.3035418699004455,0.1966554182646585,0.3877188445016819,0.5943695297778946,3.234524339912106,5.438656927472435,0.6215006664278563,0.601418804835606,0.6213543372525128,0.6195568521272529,0.5712278469334002,0.5177078857869841,0.4502545480222841
fog/s5,3456.0,0.3904101848602295,0.2591426968574524,0.30777934867897155,0.19970357819601428,0.3828831722112184,0.5994972068960008,3.1439111582234194,5.408229200546979,0.621833738034961,0.6006888769511936,0.621701336681185,0.6185877287837904,0.5733715378856047,0.5175468139690677,0.4498399271516324
fog/s5,3584.0,0.3968721926212311,0.28079527616500854,0.3121253410663989,0.20365927077986765,0.37549616593293467,0.6050477404454593,3.0594760229798714,5.3685508409616824,0.6200716035402591,0.5971655454150895,0.6199518043379431,0.6156101638787299,0.5716861148863799,0.5174754336983651,0.44794038024844307
fog/s5,3712.0,0.3527293801307678,0.22215698659420013,0.3141060258988071,0.20456159838056678,0.36427627506483856,0.5996223160128159,2.990231848213477,5.365406296675698,0.6108180600742024,0.587154993799138,0.610709663532428,0.6060562517903321,0.5641007321488304,0.5135626916449811,0.438674044234314
fog/s5,3840.0,0.37350645661354065,0.2573217451572418,0.3170036078848916,0.20713526407698993,0.3565596159271977,0.5955126666600197,2.8971062027469747,5.338142481903362,0.6137666682765388,0.5901436618491904,0.6136685890736602,0.6102202908822695,0.5656214834017674,0.5146327209946557,0.4326878175374132
fog/s5,3968.0,0.37027376890182495,0.2336377203464508,0.31960215232474204,0.20842806682184165,0.3485178023945673,0.5947685996370552,2.818456487062275,5.330486400049199,0.6126608283453989,0.5882746934399873,0.6125720844622469,0.6079647902628983,0.5630749710018371,0.5116783870510835,0.42708546726615426
fog/s5,4096.0,0.3871119022369385,0.26545965671539307,0.32289531085704426,0.21121009559713683,0.34737616147658346,0.6026839917001552,2.7326171471822422,5.303802183528381,0.6203232420662413,0.5953209748496255,0.6202429449536452,0.6160741796489401,0.5674075139165937,0.5149540908415812,0.42952676722892363
fog/s5,4224.0,0.37830138206481934,0.2835090160369873,0.3255980460379113,0.2147368722039588,0.33879559286489197,0.6040086861248875,2.659457549673173,5.267406607065358,0.62011772824673,0.5952829879513863,0.620045073928908,0.6155480828352395,0.5692641752927656,0.514255753819182,0.4250990261482408
fog/s5,4352.0,0.3688886761665344,0.23826327919960022,0.3277097840929661,0.21588450181350224,0.33110609562611576,0.6073451585936667,2.5743213315216424,5.262882161622023,0.6189836791572136,0.5942633400797492,0.6189179401819566,0.6148489791745385,0.5684716303511579,0.5120623150261604,0.41956833359397633
fog/s5,4480.0,0.30703237652778625,0.26092568039894104,0.3267011300653963,0.21808163247620654,0.3196125053226187,0.605177415955364,2.517768923339873,5.243911897302492,0.6135331207603342,0.5873919037842346,0.6134736389153812,0.6097919674744039,0.5632928909959019,0.5085160804014217,0.4129281293256621
fog/s5,4608.0,0.3229292035102844,0.24853914976119995,0.3265171336480738,0.21956736502669402,0.3049371627577055,0.6004646636931044,2.4533637772637875,5.233800504454641,0.6043999861252042,0.5792597178202384,0.604346165847885,0.6002527260729139,0.5537922291521515,0.5012919145095553,0.4096155173731898
fog/s5,4736.0,0.319406658411026,0.29436221718788147,0.32617028119748603,0.22321589440041045,0.2917701811745806,0.6080237974284425,2.374243565252748,5.200327493797795,0.6056728904797356,0.5814382991104001,0.6056241928938922,0.6019203726096978,0.5576698278051294,0.5042177287144757,0.41608057818240435
fog/s5,4864.0,0.3451220989227295,0.2654728889465332,0.32709476011091254,0.2252772112075384,0.28336998546492387,0.6082267673341232,2.30605773923055,5.188590603368126,0.6031252031051029,0.5797100850368342,0.6030811406255862,0.5990048404160323,0.5574417359259974,0.5083522697053643,0.42642909542857643
fog/s5,4992.0,0.3171978294849396,0.2394215613603592,0.3266119830072065,0.22596717950767597,0.2719583568662398,0.5994499780578235,2.234917651043425,5.192650169203988,0.5971205734222852,0.5766591548727096,0.5970807048730021,0.5941174076578137,0.5565103392881868,0.5098438740165728,0.43350604053947933
fog/s5,5120.0,0.2919809818267822,0.2281530350446701,0.32492266587645413,0.22607380660704154,0.2557584240294769,0.5944458159583281,2.178086850428332,5.203990810874896,0.5900143617937512,0.5715004905183768,0.5899782879903844,0.5872970416701575,0.5510944235915123,0.5066575148002422,0.4323989813566615
fog/s5,5248.0,0.3091905415058136,0.2828376889228821,0.32415524517544725,0.22884277647610693,0.24861083459181105,0.5906057918337995,2.1128743382481026,5.173440129324066,0.5859082952339653,0.5677065711353071,0.5858756549871356,0.5834496135516416,0.5492427830355088,0.5008371981030151,0.42987290341670553
fog/s5,5376.0,0.2530646026134491,0.22219932079315186,0.32068740895291076,0.22851870546718228,0.2353953476586226,0.5864806123612188,2.045699191713772,5.182089059494499,0.5754448346525051,0.5589755768571101,0.5754153011513582,0.5732201738322705,0.5408191689452758,0.4933214624120677,0.4254493968452166
fog/s5,5504.0,0.2784225344657898,0.2604105472564697,0.31862570775841703,0.23007440506665972,0.22564995466315582,0.583435908031775,1.9733925189463315,5.176745038054301,0.575662756398846,0.5600360513977778,0.5756360339388552,0.573649841998146,0.5436077965293066,0.49990597521044317,0.4347202751942739
fog/s5,5632.0,0.25221458077430725,0.2839927077293396,0.31538614058846043,0.23270456617215626,0.21229615172079713,0.5858304676480248,1.8980635074164356,5.151148098974392,0.5728855160515435,0.5580211684568828,0.5728613370737647,0.5703391788692326,0.543156578537225,0.5043765546074266,0.44470748873913774
fog/s5,5760.0,0.26054054498672485,0.28953850269317627,0.31271074568105867,0.2354769533195231,0.203113442455284,0.5864355391389919,1.8340285925984032,5.12435043783993,0.5732354966772144,0.5613103493295174,0.5732136190893492,0.5716937186556232,0.5485856073498626,0.5142589170481235,0.461031433891867
fog/s5,5888.0,0.2535697817802429,0.30802464485168457,0.3098258206127262,0.23901586510157974,0.19346626768262165,0.5878195746760301,1.7800187017544369,5.085268912262347,0.5729015112706979,0.5643608217312289,0.5728817160231411,0.5729936918948263,0.5528472390119816,0.5225500076324783,0.4766010178164959
fog/s5,6016.0,0.22032102942466736,0.2922629117965698,0.30545973323769887,0.24161328201353047,0.18023851466107527,0.5831230357419642,1.7116463512048026,5.058266111557962,0.5711121050819342,0.5649087209120756,0.5710941939745375,0.571195511821553,0.5559410473154218,0.5300147600291489,0.4899264712069543
fog/s5,6144.0,0.2131657749414444,0.2600689232349396,0.30095758893056446,0.24251355719506262,0.17128139845300147,0.5834838711264293,1.6534061999283935,5.055008735440901,0.5680801676559322,0.566278206131628,0.5680639613535227,0.5689178307439512,0.5612128691057445,0.5400780487830669,0.5037682407529908
fog/s5,6272.0,0.2019299864768982,0.2847633361816406,0.29612697417672706,0.2445745220236762,0.16012805297264437,0.5753890350882206,1.5984664124969303,5.037274409047208,0.5637008834055163,0.5650448551613363,0.5644484147642521,0.5652210116368529,0.561186659077833,0.5428256765015138,0.5062724534118376
fog/s5,6400.0,0.21151141822338104,0.33771246671676636,0.2919993860814419,0.24911783639894888,0.15221134358797864,0.5720243738067718,1.5347557341784568,4.985608532159086,0.5636609420938667,0.5664013829270628,0.5643373223417176,0.5665607725756414,0.5651598206171231,0.5485092825453911,0.5123864673643098
fog/s5,6528.0,0.1817162036895752,0.32791927456855774,0.28661971864769226,0.25296180899258836,0.13989869339519065,0.5733672353123735,1.4726530728694867,4.951002199161871,0.5673242373139628,0.572778259031566,0.5679362387160931,0.5699480577558301,0.5716548704096635,0.5551019445279832,0.5209301409048871
fog/s5,6656.0,0.17703253030776978,0.3351115584373474,0.2812740021433058,0.2569691138435522,0.12959453459493453,0.5812561361749672,1.4165874969782384,4.91527947846474,0.5713638696933594,0.5830098048703223,0.571917619920986,0.5752251611223187,0.5841312063611529,0.5683916166728509,0.535260109646837
fog/s5,6784.0,0.1725541204214096,0.3284792900085449,0.275970593278823,0.2604574151198933,0.12103333558530364,0.5869441303522457,1.3536050233285193,4.8805238073591735,0.5714311099367041,0.5863930179701131,0.5719321534204758,0.5764120880827166,0.5925199672072061,0.5760290892084509,0.5460510867179292
fog/s5,6912.0,0.16479700803756714,0.2946094870567322,0.27054749155973734,0.2621233698485196,0.1117254333285228,0.581717443346678,1.2953768952114757,4.8680725486311225,0.5691310042913307,0.5856804166166223,0.5695843577350052,0.575887290882696,0.5919863891268059,0.5763029415146067,0.5462038684699407
fog/s5,7040.0,0.16829851269721985,0.3205719590187073,0.265559736493273,0.26497452053974824,0.10261563598612919,0.5815985909162982,1.2419231895311986,4.84293823990261,0.564224127023863,0.5895716321676874,0.5653593445062122,0.5733117605190842,0.5975267982521545,0.5796738691515269,0.5494652492223557
fog/s5,7168.0,0.15150265395641327,0.2704557180404663,0.25999597636952376,0.26524189602758813,0.09361072714747322,0.5753191295560317,1.190550441014009,4.853495505212621,0.552162342179236,0.5833698408846237,0.5531895080273341,0.5633966018736032,0.5935050625470117,0.5765892058176516,0.5469693004563968
fog/s5,7296.0,0.16142556071281433,0.29940474033355713,0.2551876634106599,0.2669083762376354,0.08691294823992073,0.5725745961063201,1.1411669306689989,4.837976578951928,0.5487218456006056,0.5850828542448023,0.5503762591966539,0.5603368420284058,0.5986034801511033,0.5826098643953885,0.5476853396753002
fog/s5,7424.0,0.13415834307670593,0.3213314712047577,0.24928379412607676,0.2695631613579828,0.07936546357698954,0.5804645810099422,1.0844827344232457,4.815055922390189,0.5462966550615829,0.591020090009723,0.5492436289340336,0.5605427345182661,0.6077526135097133,0.5902696928883914,0.5579443198370801
fog/s5,7552.0,0.15248072147369385,0.3074323832988739,0.24456169302108247,0.27141044047705065,0.07257353961963181,0.5772674763332077,1.0408561454611978,4.801566745167313,0.5395663071675595,0.5927671367666798,0.54223278382431,0.5547058293886273,0.6087064099632802,0.5854143086753381,0.5569279062892319
fog/s5,7680.0,0.1438997983932495,0.3239075839519501,0.23965135669777354,0.2739712767441189,0.06715309563441997,0.5781484720421232,0.9962234709079469,4.779950060069926,0.532900269602533,0.5899978078656276,0.5360379620444826,0.5487738349197515,0.6074315583308442,0.5847576820316414,0.5604698664282699
fog/s5,7808.0,0.13762980699539185,0.3184622526168823,0.23467469573668173,0.2761415682501073,0.062211397061244955,0.5810462974277628,0.9526509780180322,4.766141560433533,0.5327060143161527,0.5969916215131585,0.536270071546495,0.5508425061944926,0.6134538371333813,0.5892014779120324,0.5665003966908975
fog/s5,7936.0,0.13103865087032318,0.2983989119529724,0.22961927891393252,0.2772272923331739,0.05777723672228053,0.5762322536511763,0.9162667431651547,4.76202428888101,0.528180159294984,0.5914964344565818,0.532167179549208,0.5460776037607513,0.6123034124211022,0.5865484520548491,0.5637958675591046
fog/s5,8064.0,0.13049301505088806,0.39763927459716797,0.22478385140841817,0.28310104756556387,0.05227791615383026,0.5875478928039495,0.8765926768099371,4.697501310829621,0.532971161384694,0.6014335674053902,0.537340886433281,0.5536639115527083,0.620985122125221,0.5961571657200627,0.5762952198437823
fog/s5,8192.0,0.1340942680835724,0.2906665802001953,0.22035996929501103,0.2834700979379849,0.04951425370016408,0.5859259934293916,0.8445650465579131,4.7016307503925,0.5290707236562282,0.6029888197641871,0.5330245319839503,0.5529433726779711,0.623691029596943,0.5966902433433762,0.575744366081138
fog/s5,8320.0,0.11545750498771667,0.3717402219772339,0.2152427759141674,0.28777595764721653,0.04552643062340842,0.5850719428947677,0.8042093962761933,4.651704218366636,0.5298172639388001,0.6048979743374946,0.5333947430979109,0.5551542949691814,0.6236668982849198,0.5955366508776174,0.5758594174951879
fog/s5,8448.0,0.13716885447502136,0.3201026916503906,0.21143429194152613,0.2893528715010299,0.04271754965984783,0.583574167247437,0.7718293641166198,4.642671775800317,0.5270907545811511,0.6067741338294642,0.5303277241236898,0.5536784251327335,0.6229944094535176,0.5938050243812351,0.5752385032779184
fog/s5,8576.0,0.12264148890972137,0.3580024838447571,0.20710293569607222,0.2927016330787727,0.03865163178621567,0.5823676730418511,0.7378340364738648,4.614591953186818,0.5297360426638494,0.6092710931318353,0.5326649127853255,0.5568046606941628,0.623259664948721,0.5938741475811175,0.5748254095691336
fog/s5,8704.0,0.11892107874155045,0.2901952862739563,0.20280138169829065,0.2925793722590256,0.034972713829169555,0.5760521895875403,0.7147539943458213,4.634887020573586,0.5149708631122635,0.6026443085386802,0.5176209591591195,0.5446496959642008,0.6138142179577659,0.588675686181368,0.569227809610144
fog/s5,8832.0,0.11935210227966309,0.3619537651538849,0.19873068514128442,0.2959634889856041,0.03313117057356745,0.5767885962894996,0.6807846130236207,4.601248808871351,0.5117612628160337,0.6015374736985918,0.5141591189060206,0.5401396118748062,0.6146558152967053,0.5888984049267465,0.5706137706228609
fog/s5,8960.0,0.12096638977527618,0.3860771656036377,0.1949373048795279,0.30035927808892277,0.030739893184054783,0.5797414961072747,0.6541230418229015,4.554900577284117,0.5149918981220626,0.6110951799497668,0.5171615228174047,0.544368589923605,0.6214405086652521,0.5921858857189658,0.5741543992369849
fog/s5,9088.0,0.1101217269897461,0.3714624047279358,0.19079995961661173,0.30382772329082586,0.02781402589705373,0.5765760354426916,0.6248966355712343,4.527432734775745,0.5083039423222232,0.6072320158855415,0.5095420441435292,0.5378961185447967,0.616555481070701,0.5908103701240612,0.5715207264958084
fog/s5,9216.0,0.13299646973609924,0.3908003568649292,0.18798027718341598,0.3080702907822455,0.02669103711446682,0.5811850981013289,0.6044847906190222,4.4874712114053965,0.5075135611374786,0.6134591886745441,0.5101210286390886,0.5402751316517762,0.6225830676433887,0.5947896031878032,0.5773359756098303
fog/s5,9344.0,0.1178346499800682,0.37348702549934387,0.18455853927105756,0.31126135101234786,0.024912740898931605,0.5800572779370144,0.5798199925415113,4.463575375259281,0.5030617944616924,0.6099473087293167,0.5054210794527387,0.5341551012744506,0.6204893491288483,0.5923668866440503,0.5765745204655276
fog/s5,9472.0,0.11130066961050034,0.34577783942222595,0.18098498465346938,0.3129450821542931,0.02254151035530932,0.5784233311970249,0.5557479807465618,4.454273992772337,0.4990337533469566,0.6107293911822074,0.5019306733180342,0.5301419744428552,0.6157692147679823,0.5888362787540752,0.5752720675955191
fog/s5,9600.0,0.12830251455307007,0.3669946491718292,0.17841510806320598,0.31558164639905095,0.02192036719240064,0.585440592951026,0.5407231861402167,4.435755055862134,0.5000738184656282,0.6183711504985945,0.5026950054233967,0.5319577294036779,0.6222062615479481,0.5963496311629675,0.5825892711557313
fog/s5,9728.0,0.10708177089691162,0.34074801206588745,0.17493543307948428,0.3168092739925552,0.019833955086044838,0.5863058547760325,0.5188560221897168,4.43161751859241,0.4933557572196433,0.6198758298086628,0.49648965095121145,0.5303659764562725,0.6233087292173878,0.5969387501480509,0.5837259258940317
fog/s5,9856.0,0.10813672840595245,0.36245471239089966,0.17167695968077543,0.31903588074369393,0.017946130687611063,0.5855643694909847,0.4977174370246029,4.417045840024534,0.49238941506905265,0.6225757805704795,0.4952250202836363,0.5303757585901193,0.623506887055114,0.5966724205682244,0.583230001954088
fog/s5,9984.0,0.11324554681777954,0.412918359041214,0.16882664685819027,0.3236155138313778,0.017688021877368485,0.5901544651967803,0.4821052610412775,4.369252332859896,0.49333688299823264,0.6266174968754903,0.49666478634825145,0.5336192913834453,0.6296722041706295,0.6002052359811239,0.588042286122646
fog/s5,10112.0,0.10594747960567474,0.3603121042251587,0.16575937040684804,0.3254055914115622,0.016004450491063332,0.5896601377538981,0.4609922682268356,4.362217970132201,0.48802224809060785,0.6226525655845454,0.49175841168095796,0.528932148836538,0.62694091168562,0.5987542617057046,0.5877489989247736
fog/s5,10240.0,0.10392487049102783,0.39558786153793335,0.16274305333778366,0.32882911678358034,0.014481123853008522,0.5922616415964778,0.44064221215429433,4.326507475232454,0.4876750977666951,0.6235638323938688,0.49399288766611366,0.5299149603690507,0.6274811877893087,0.6012151886105751,0.5912574225845215
fog/s5,10368.0,0.1070040762424469,0.38630783557891846,0.1600240788453282,0.3316329567248163,0.0138278045094741,0.5906558339489844,0.4225513816680555,4.30073944347851,0.4819884436068669,0.6234402671451958,0.48842991204054653,0.5268445298758632,0.6240475232763465,0.5987571694685809,0.589747197948279
fog/s5,10496.0,0.11302801966667175,0.4386241137981415,0.15773158815368643,0.3368520375576614,0.013961683913688343,0.6005614357146967,0.4091542043636032,4.235690485328392,0.4881272592064513,0.632437624228342,0.49395561940135113,0.5339377037127828,0.6337120957188119,0.6086538695786505,0.5997392849966283
fog/s5,10624.0,0.10511171072721481,0.46472954750061035,0.15516476486459024,0.3430899648719516,0.012632790739274221,0.6051741188114537,0.3925435859031124,4.165356446066347,0.49215738325580755,0.6383663750453945,0.4974309917367371,0.5402441983028808,0.6366566612660993,0.6132584982921638,0.6044302215823152
fog/s5,10752.0,0.09958381205797195,0.3621981739997864,0.1524534988740235,0.34402207263428497,0.011430383530301064,0.6040495744867466,0.3760921742822122,4.165175933203789,0.4854306245877949,0.6385441739702826,0.49020228342152117,0.5371758926940403,0.6347477880938353,0.6120894859621542,0.6033764824668063
fog/s5,10880.0,0.10185142606496811,0.4026448726654053,0.14998510507845983,0.3468817214162908,0.010342423170486566,0.6038314412815833,0.36129191008244455,4.142302941685235,0.47926976799407256,0.6395416053591909,0.484349448592584,0.5336002574584386,0.6346937154614655,0.6126304926522524,0.6032224151290971
fog/s5,11008.0,0.11095573008060455,0.4092649817466736,0.14808123312734495,0.34992480728606556,0.009358016443967915,0.6034109888098085,0.35178173641316185,4.117718514770809,0.47072089061212635,0.6372094180555201,0.47531707989846533,0.5302905958324123,0.632097942425276,0.6113725338037335,0.6028599306432818
fog/s5,11136.0,0.10153374075889587,0.4854561984539032,0.14581062374351814,0.3565360946601064,0.008467306966850207,0.6106525068291009,0.33842858009781795,4.042255942847148,0.47876872374839036,0.6427583431662379,0.4836524559937928,0.5393795337662696,0.6388584000171592,0.6178562605089104,0.6101538991721782
fog/s5,11264.0,0.0971740335226059,0.4181254506111145,0.14343810714737606,0.3595404534869848,0.007661376500047092,0.605307086785879,0.3246960762807243,4.0157638198677805,0.47346503796627115,0.6350820582723664,0.4778839295458411,0.5327684538123117,0.6323155124486014,0.6118251768197815,0.6048559373235474
fog/s5,11392.0,0.10188272595405579,0.4262619614601135,0.14141101538184825,0.3627951611929911,0.006932155655307333,0.6088545978592039,0.31269127102141003,3.9962303118500557,0.4737412687368818,0.6394206190554844,0.478501758976338,0.5363977205523653,0.6354673673017981,0.6147522867001116,0.6084463894521805
fog/s5,11520.0,0.1023976132273674,0.43378856778144836,0.1395079225938248,0.36625825419730607,0.006272343100370287,0.6053162363734974,0.3041304186353919,3.96376969221319,0.4680795477387253,0.6338094952905364,0.4731119425359965,0.5315204836169826,0.6316825494741432,0.610652574700101,0.6049468818303192
fog/s5,11648.0,0.10529268532991409,0.413555771112442,0.1378388866297316,0.36856545014438585,0.006400347326390961,0.6065019307103446,0.2946629266155446,3.9584162751909986,0.4614323272519935,0.6344953850903663,0.46598573146772787,0.5285946791085249,0.6326080652886208,0.6113303486727266,0.6061677318643162
fog/s5,11776.0,0.10267402976751328,0.45937246084213257,0.13612352775840386,0.37299506042232466,0.006516167925901636,0.6112742038134646,0.2837368850882161,3.920980057582868,0.46437823899481384,0.6381275911495818,0.4692604387640773,0.530371806617529,0.6356577140416372,0.6156430460031035,0.6109718144947203
fog/s5,11904.0,0.09716884791851044,0.44173485040664673,0.134223299473531,0.37634822090936476,0.005895949681913378,0.60793311362301,0.2735843899777787,3.892733809961912,0.4617083887633026,0.6337549471377238,0.4661258937300187,0.5288938238341832,0.6322451713606959,0.6118861231235695,0.6076595061549491
fog/s5,12032.0,0.09696143120527267,0.415365993976593,0.13240564736288427,0.3782515269126442,0.0053347647032660605,0.6021215144679347,0.26572407993338265,3.890314949456452,0.44888218876203645,0.62624778381706,0.45364142436844646,0.5194698132372353,0.6241566957998919,0.6056982708334023,0.6018739493525744
fog/s5,12160.0,0.10116329789161682,0.47108250856399536,0.13088163031550537,0.3827798674810028,0.005552008990879047,0.6066228872728905,0.2571063439403438,3.8464176578618963,0.456796436113657,0.6306650084388746,0.46182769569566157,0.5296258690861599,0.6280107580676,0.6105842176904254,0.6063988857616096
fog/s5,12288.0,0.09665830433368683,0.4224773049354553,0.1292121997798069,0.3847163278446346,0.005023560782348025,0.6045610717085463,0.24762018317975454,3.835564821889758,0.44817437794697934,0.6270770242924023,0.4541767847430703,0.5244450903510108,0.6254376044145268,0.6089075521160839,0.6043583909835861
fog/s5,12416.0,0.09435074031352997,0.40371692180633545,0.12751164078145194,0.3856431860866688,0.004545411035069212,0.5960588281193926,0.23787872506677055,3.8361624630962914,0.43762164120009256,0.6239049101420249,0.443052730276151,0.5168945463556737,0.6194099323703125,0.6007537993864149,0.5958754388376172
fog/s5,12544.0,0.10187581926584244,0.43364208936691284,0.12626111290264172,0.38798459600277824,0.006399357634943648,0.5960993322841144,0.22953692552562494,3.829810778809309,0.4385953398366096,0.6272438241082807,0.4435094900357083,0.5170711511046874,0.620927279675934,0.6011096245489215,0.595933398258189
fog/s5,12672.0,0.09396913647651672,0.4201485514640808,0.12468589454039171,0.3895535694399149,0.0057902575626111175,0.5980135838216168,0.22102591781687442,3.8283843947689937,0.4304043794714355,0.6298931329379506,0.4363380037741298,0.5094974543903804,0.6220027616817938,0.6033091843776974,0.5978634436351609
fog/s5,12800.0,0.09662676602602005,0.39889782667160034,0.12331715656408089,0.3900093868658508,0.005239132512035402,0.5917332902990358,0.21545837863292164,3.834029863501448,0.4221564908840294,0.6205784980360636,0.4282875394053845,0.5042433837761859,0.6134391436751983,0.59652484797054,0.5915974406716714
fog/s5,12928.0,0.09586620330810547,0.46754008531570435,0.1219780856735455,0.39379137215608756,0.004740464337183727,0.5972606094853261,0.20851877450182377,3.8002356841194054,0.42902663452386003,0.6270969039338803,0.4345741210205769,0.5121864584911237,0.6169004684889806,0.6015960997996378,0.5971376902210661
fog/s5,13056.0,0.09289927035570145,0.42678573727607727,0.1205596068775531,0.39540085338145287,0.004289260117106751,0.5970751856199767,0.20052244747720058,3.7944023707897134,0.4246464967940458,0.6254844681043615,0.42966596553973674,0.507364279217727,0.615607889691695,0.6002730028526169,0.5969639659882459
fog/s5,13184.0,0.09484784305095673,0.48033222556114197,0.1193053744957679,0.39954384714631574,0.0038810021642589933,0.5995843886543633,0.1941210621513163,3.750048513995237,0.42728276122768805,0.6267768447273847,0.4325494845841401,0.5095262157585739,0.6163531232724974,0.6024778330391614,0.5994837550672943
fog/s5,13312.0,0.09295714646577835,0.482115775346756,0.11802009507967084,0.40357174608292257,0.0035116027910993028,0.6028028585028474,0.18734837320608974,3.709374358127508,0.4268424032286219,0.628894307454106,0.4345450720121815,0.5124304724383051,0.619462730813485,0.6054209006856421,0.6027118033654697
fog/s5,13440.0,0.09387098252773285,0.46622782945632935,0.11684208958933241,0.40662814039382045,0.003177363382071409,0.6047668933865741,0.18201723210467818,3.6855879668961222,0.4291952976268494,0.6335987457690037,0.4376520253007306,0.5170846214031304,0.6213282650608629,0.6071357465454263,0.6046845050082567
fog/s5,13568.0,0.09516328573226929,0.49473637342453003,0.1157845869621586,0.41092610298068427,0.002874937361172286,0.6030304549916593,0.17723768092872091,3.6426791930959443,0.4331088921418429,0.6350668901336434,0.44076069630125597,0.5222438781404886,0.622477121450073,0.6051738372966053,0.602955908457798
fog/s5,13696.0,0.09466122835874557,0.4722212851047516,0.11475417922540675,0.4139161118647851,0.00260129668432067,0.6030580440465876,0.1715485342765206,3.6192130599392573,0.43062678462090603,0.6328074002934394,0.43827529391684134,0.5195131996738149,0.6206537487956936,0.6049974161380942,0.6029905929591377
fog/s5,13824.0,0.09416265785694122,0.46604329347610474,0.11374971476840842,0.4164589012116787,0.0023537015210301836,0.6043099553806422,0.16817703150468014,3.598080842333342,0.4295706956623427,0.6312277250721721,0.43649120883254944,0.5211694388482287,0.6202308756206125,0.6060647352445218,0.6042489243847997
fog/s5,13952.0,0.09359659254550934,0.47131073474884033,0.11276663563558408,0.41913460040861344,0.002129672821824455,0.6025426485032461,0.16327411748336387,3.5811803677391145,0.4235772029163731,0.6305977809843983,0.43060120680208663,0.5176301109388197,0.6183982223789123,0.6041304058934667,0.6024874265254493
fog/s5,14080.0,0.09280429035425186,0.47269293665885925,0.11179286269503129,0.42174720217691813,0.0019269674967251611,0.6001070008170358,0.1580036904896405,3.5609208846302387,0.4167041496941127,0.6269790153939737,0.4230595987780926,0.509928851123108,0.6159034480894262,0.601543633173089,0.6000570349465842
fog/s5,14208.0,0.09176108241081238,0.486697793006897,0.11081570268116696,0.42491552368081953,0.001743555956287311,0.6003384879492631,0.15224335208844547,3.5316581527572772,0.41273468868812935,0.6269021906093004,0.41997242697292014,0.510433838523645,0.6160814363735972,0.6016383795694636,0.600293277902293
fog/s5,14336.0,0.09259737282991409,0.4814605116844177,0.10992700366403267,0.427673815778556,0.0015776017903111244,0.5944132005775308,0.14792497597839352,3.5094381864215958,0.41051871593970535,0.6199357417708184,0.41706755587496225,0.507191325636207,0.6093827273790847,0.5955893666419716,0.5943722936879166
fog/s5,14464.0,0.09755358844995499,0.5055375099182129,0.10932342243407765,0.4314720447609783,0.001427443380763367,0.5957257454363023,0.14449013865100244,3.4779822603250024,0.41453686314354066,0.6210312392822217,0.42118738993802357,0.5100575587701789,0.6107576611205163,0.5975521574434496,0.595688732123332
fog/s5,14592.0,0.09292714297771454,0.4751381278038025,0.10852360392401114,0.4336020975923356,0.002016592136907246,0.5918010760313004,0.14089206566217394,3.4594563380725765,0.4107365073416569,0.6199217816467931,0.41751622254356563,0.5076874163530293,0.6091016672006576,0.5934536475142694,0.5917675856987437
fog/s5,14720.0,0.09249429404735565,0.4890550374984741,0.10774168636905233,0.4363071190511716,0.0018246499941915056,0.5993854471407543,0.1384954364644787,3.440458760893168,0.41400890997421774,0.626353973756557,0.4209055172449514,0.5106179716079462,0.6165265531303987,0.6008807244909005,0.5993551444662635
fog/s5,14848.0,0.10092972964048386,0.4822888672351837,0.10740939579692703,0.43855013115770874,0.003937562546796716,0.6034222279007062,0.13645253218413142,3.4219449105069186,0.40968251164234687,0.6300360761949573,0.41740989989861454,0.5097932390337216,0.6203818484897896,0.6047751826000354,0.6033948094783977
fog/s5,14976.0,0.09350506961345673,0.5047372579574585,0.10673113598309922,0.44177877148940387,0.003562779675001668,0.6076882561790447,0.13356098474279002,3.3921443885061318,0.4121443189815643,0.6331818095731885,0.4198983984210546,0.5101995934386024,0.6222714405431112,0.608912434702352,0.6076634474816435
fog/s5,15104.0,0.09215161204338074,0.4971065819263458,0.10601993969335685,0.4444776890716937,0.0032236691764887192,0.6080718843832997,0.13050457187552708,3.3681521223183255,0.41020761997082644,0.635526194146829,0.41722365496634384,0.5101396975729413,0.6226798697597098,0.6091795438324077,0.6080494370134323
fog/s5,15232.0,0.09198442846536636,0.5159800052642822,0.10533528060906464,0.4479656069347468,0.0036790308253654615,0.6110959762920875,0.1270294291299795,3.3345501182019146,0.4068193277665835,0.6381493701947215,0.4161419864389107,0.5105874360549933,0.6258007625844846,0.6120982071202214,0.6110756654951996
fog/s5,15360.0,0.09125220030546188,0.50417160987854,0.10464830108205961,0.4507073631759074,0.00332885537500349,0.6142412135278197,0.12305217278010126,3.3083677492335486,0.40553819008505265,0.6379202510804113,0.4146985195559686,0.5091149555262611,0.6275091968417614,0.6151480505829011,0.6142228359418195
fog/s5,15488.0,0.09156060963869095,0.5120614171028137,0.10400987710921235,0.4537002438552687,0.0030120101281262985,0.6130530254466471,0.11939939367294741,3.2794950835109975,0.40556876092764127,0.6374526781042864,0.41458221192422856,0.5156834309074617,0.6265453530019746,0.6138735484453257,0.613036397065739
fog/s5,15616.0,0.0928131565451622,0.4987941384315491,0.10346369561828307,0.4558999460297214,0.002725322667983402,0.617238936171535,0.11746014804114015,3.2653921636788388,0.404871407121322,0.641528419629161,0.41302694487611635,0.5170535386140687,0.6301720594384315,0.6179813606099587,0.6172238905038602
fog/s5,15744.0,0.09247274696826935,0.5473241806030273,0.10292755178169703,0.46035966478939483,0.0024659225330177005,0.616601976155208,0.11535322201294247,3.2258987985882186,0.4074007496915709,0.6393417467316798,0.4162672416160457,0.5177541238738836,0.6283041061307877,0.6172737355667739,0.6165883625558425
fog/s5,15872.0,0.096225805580616,0.5418211221694946,0.10260063733286381,0.46433339441769234,0.0036812422205353495,0.6114524721785076,0.11439692593354063,3.18864622386922,0.4110278347893393,0.6379394983812522,0.42202482123617224,0.519075861042342,0.6242901816924021,0.6120602925622028,0.6114401543411281
fog/s5,16000.0,0.091081902384758,0.5203738212585449,0.10203874782320012,0.4670670737757827,0.0033308562863975408,0.6157163653679417,0.11146225719857195,3.1592230071882343,0.408249307980122,0.641931723401478,0.42037463004177156,0.5222609367313517,0.6273321632088896,0.6162663325324867,0.6157052199600569
fog/s5,16128.0,0.09051665663719177,0.49691006541252136,0.10147669459461434,0.46852282946537965,0.003013820589893313,0.6225860153031761,0.10806231811329634,3.151616442214476,0.40660898122413175,0.644856128074746,0.41982960279210857,0.5201421087259879,0.6323711899111963,0.6230836358012565,0.6225759307312589
fog/s5,16256.0,0.09143153578042984,0.5291165709495544,0.10098668684758094,0.4714786217329004,0.002726960807393057,0.6309768466841944,0.10548343448971598,3.123974630695079,0.4088985784901275,0.6518522729337826,0.423835262252705,0.5235231394242876,0.6391056394139973,0.6314271029468834,0.6309677219763502
fog/s5,16384.0,0.09360954910516739,0.5359553694725037,0.10062682646990223,0.4746238289397103,0.002467404751960047,0.629534225940904,0.10541175552969295,3.0989922293181675,0.4017867268789315,0.6492592546890441,0.41835049606565394,0.5181982124118629,0.63768868384812,0.6292166112922127,0.6295259697358885
fog/s5,16512.0,0.09657853841781616,0.5478660464286804,0.1004293490039468,0.4781966200367332,0.002994748737496271,0.6245294810565823,0.10609652279502495,3.0627754925502217,0.40148653276790885,0.6439386236656967,0.4179981288018201,0.5187526657218581,0.6326699810428261,0.6242420974273977,0.624522010689046
fog/s5,16640.0,0.09840844571590424,0.5095390677452087,0.1003307683557496,0.4797255199249515,0.0034347191134633122,0.62689803134269,0.10445550096690931,3.055517102585267,0.39762701745389006,0.6489214137986463,0.414054226000933,0.5222659456055598,0.6349887216931223,0.6266380013010541,0.6268912720154901
fog/s5,16768.0,0.09116648882627487,0.5473617315292358,0.09988373032992155,0.48302484732028245,0.0031077976035560366,0.6324803127139985,0.10208858150550044,3.0202742516288112,0.399823434590938,0.6553447176607621,0.4146870777795474,0.5259467598251377,0.6398009195093628,0.6322450327060697,0.6324741967492924
fog/s5,16896.0,0.09050235897302628,0.5512020587921143,0.09942610245885349,0.48635056495305473,0.002811992953604242,0.6361927755133799,0.09870775567574554,2.9843777373352443,0.4032236430772258,0.6590931383474237,0.41892194842515856,0.5352260688245297,0.6435416112871747,0.6359798897953194,0.6361872416749992
fog/s5,17024.0,0.0907859206199646,0.4765554964542389,0.09900463017402963,0.4858727567336003,0.0025443434160809355,0.6322645517881326,0.0962835663637047,3.012737348337784,0.39981226122573493,0.655885284608228,0.4162657843870709,0.5303859908876323,0.6403639445376518,0.6320719288391915,0.6322595446684555
fog/s5,17152.0,0.09108356386423111,0.5089066028594971,0.09861823669550288,0.486996358983644,0.00230216914685253,0.6345103410290003,0.09403945691574658,3.0106586767698986,0.39607492523756266,0.655882818494417,0.4117245734995448,0.5261553195360433,0.6426010170385296,0.6343360522096432,0.6345058104941825
fog/s5,17280.0,0.09127651154994965,0.5009415745735168,0.09826010376157344,0.48767661340266216,0.0020830453732080295,0.628381307974485,0.09291443100904662,3.0133817296959773,0.39109456352548055,0.6513445966270126,0.40597967060845186,0.5154303932268423,0.6393269761544339,0.6296736379600638,0.6283772086624935
fog/s5,17408.0,0.0928199514746666,0.5345140695571899,0.0979947304792853,0.4899613673614196,0.0018847781157938209,0.6258844255973776,0.09177321559518674,3.0003201349481294,0.38746197568248414,0.6460113810051672,0.4045925514547622,0.514835442057125,0.6343382395781642,0.6270537497544658,0.6258807164638028
fog/s5,17536.0,0.09533734619617462,0.5981040000915527,0.09786510197767014,0.49523661773849925,0.002467577343320881,0.6271015534405777,0.09216862351800344,2.93751409358022,0.3940650892403678,0.6460749913794522,0.4118517375149871,0.517624751557934,0.6339885261144483,0.6281595796410127,0.6270981973476764
fog/s5,17664.0,0.09113559871912003,0.4955848753452301,0.09753683352603354,0.49525360591443734,0.0022327097794116956,0.6202276697103621,0.09031520871784215,2.950310994231055,0.38702662149589495,0.6403696084997899,0.40460752097578545,0.5099983623555131,0.6294707306484687,0.621947186575836,0.6202246330552146
fog/s5,17792.0,0.09129341691732407,0.57049161195755,0.09723227661829162,0.4989237525506867,0.0020201972483552583,0.6199940723554198,0.08902574793474478,2.919312631397744,0.38976724645761823,0.6418811270244975,0.40567477061521096,0.5165199340527872,0.6305695903130998,0.6215499231301882,0.6199913247334808
fog/s5,17920.0,0.09045450389385223,0.5956823825836182,0.09690165355856287,0.5036436857230249,0.001827911965941908,0.6224968673721556,0.08687889890646909,2.8625389765548093,0.39698749664606625,0.6460372957788582,0.4128309494977608,0.5236477214124267,0.6336273627996578,0.6239046300303487,0.6224943812728283
fog/s5,18048.0,0.09107337892055511,0.5631006360054016,0.09661734747866005,0.5065440247611896,0.0016539286735262593,0.619835059650832,0.08544070380641439,2.83939632804241,0.39794347554947457,0.64258490593673,0.4138033159941072,0.5214712577443789,0.63066833362182,0.6211088294325761,0.6198328101820177
fog/s5,18176.0,0.09201563149690628,0.5479398965835571,0.09639287352833059,0.5085633355817929,0.0014965053613524332,0.6226132514746672,0.08467299947883143,2.826391277583074,0.39499748739485474,0.6432720951396587,0.4122850051320862,0.5164159922838788,0.6316903839612065,0.6237657820148412,0.6226112161135331
fog/s5,18304.0,0.09099046140909195,0.5624143481254578,0.09612934122983113,0.5111902142424595,0.0013540658266609463,0.628027070489571,0.08371648872027976,2.793458183596272,0.3945441275000441,0.6496939956617613,0.4116734044056532,0.5206907937321712,0.6362402284384265,0.629069901513726,0.6280252288570398
fog/s5,18432.0,0.09189154207706451,0.5879212021827698,0.09592261931994008,0.5149331892639379,0.001950198764040035,0.6285755051841981,0.08216420700431654,2.755251111399194,0.3986699095345431,0.6511173809646276,0.41638102207079025,0.5231830441800313,0.6375313131795638,0.6295190780501947,0.6285738388409028
fog/s5,18560.0,0.08991891145706177,0.5511014461517334,0.09562975552175089,0.5166974944779767,0.001764576038134975,0.6297223934474511,0.0800681780781716,2.7504849539176957,0.39439064985249256,0.6538553161494339,0.4125910378165806,0.5233373945257748,0.6385879698668152,0.6305761556896764,0.6297208857091094
fog/s5,18688.0,0.09056193381547928,0.5480408668518066,0.0953825447068108,0.518226439471822,0.0015966211505076123,0.6271350448742254,0.07827419782330731,2.73581052963433,0.38884558502417677,0.650458171245264,0.4053136338602136,0.5210789274679972,0.6351567829669399,0.6279075447971433,0.6271336806445899
fog/s5,18816.0,0.08975886553525925,0.5609796047210693,0.09510821889356438,0.5203119597278828,0.0014446524508757157,0.6201092523817352,0.07681982187373841,2.7161970302411187,0.3828430308279433,0.644149689746607,0.3985058221899969,0.5158379230689017,0.6266424550224363,0.6208082246498839,0.6201080180014403
fog/s5,18944.0,0.08946891129016876,0.5524149537086487,0.09483313071778898,0.5218779594342616,0.001307148350851852,0.6131387108106005,0.07456523921515432,2.708529957206807,0.3791592801245102,0.637140349854009,0.39485565470016964,0.5097944562687683,0.619775088690735,0.6137711538920129,0.613137593920399
fog/s5,19072.0,0.09012573957443237,0.6182093024253845,0.09460350188152768,0.5265770493362676,0.0019077469611217532,0.6157548953854391,0.07337039291464957,2.659627731062668,0.38170063359273054,0.6389964141153763,0.39666519976142656,0.5155360606691234,0.622484628137185,0.6163271416238855,0.615753884802455
fog/s5,19200.0,0.08968392014503479,0.5540781021118164,0.09436352228462558,0.5279185641058065,0.001726164858932889,0.6152591885075864,0.07163177908174381,2.650556381681951,0.3788506327748621,0.6377385757700698,0.39460307485849483,0.5118079109326213,0.6213483756077682,0.6157769675252408,0.6152582741133455
fog/s5,19328.0,0.09050154685974121,0.5820726156234741,0.09417513323950927,0.5305602251554489,0.0022868808747393958,0.6184357380844966,0.07045019128968426,2.638019429691826,0.3830572947356129,0.6380876702833291,0.3973103967042062,0.5160193828248169,0.6232203327182722,0.6189042341498461,0.618434910723616
fog/s5,19456.0,0.09687695652246475,0.5774276256561279,0.0943069294972144,0.5328464398140185,0.0027942271329438554,0.6174989634898984,0.0695696435844523,2.6230059191157933,0.38602700493329395,0.6376041621064507,0.4011357010036274,0.5167440400217408,0.6226275288902391,0.617922867425292,0.6174982148784176
fog/s5,19584.0,0.09053272753953934,0.599637508392334,0.09412282208464488,0.5361045407202777,0.0025282685718070216,0.621800817054215,0.06880754063097876,2.590820431985373,0.3893647082115051,0.6422417790386147,0.4045225468331453,0.521786992785882,0.6279284482106209,0.6221843732027775,0.6218001396966527
fog/s5,19712.0,0.09023834764957428,0.6279458999633789,0.09393333552683655,0.5405846070248191,0.002287624329398263,0.6316792342293045,0.06766574472740493,2.551105252659836,0.39913293943468126,0.6502117762746775,0.41582245314289945,0.528636535411854,0.6379858237527389,0.6320262829514721,0.6316786213436103
fog/s5,19840.0,0.09020989388227463,0.5797274708747864,0.09375170422710183,0.5424940150175004,0.002069884952418059,0.6265446848678001,0.06636283061820447,2.5360944829558614,0.3975609463891434,0.6463620533692948,0.41563634814417016,0.5304468592275013,0.6330131992432575,0.6268587009929738,0.6265441303174486
fog/s5,19968.0,0.08972682803869247,0.5943055748939514,0.09355536880327697,0.5450214081822053,0.0018728703228006352,0.6279220497822272,0.06517879773562961,2.5254551020182836,0.3977745088982077,0.648065397486435,0.41710388788059655,0.5335720838102496,0.6337748816472305,0.6282061774005432,0.6279215480147765
fog/s5,20096.0,0.0894371047616005,0.5437612533569336,0.0933544778744147,0.5449599372151189,0.0016946078292562558,0.6301535917422769,0.06365915744590105,2.5329490631955744,0.3949561439822569,0.6497925161075953,0.4146579497123065,0.5341876201519272,0.6354493426445196,0.630410675684846,0.6301531377337745
fog/s5,20224.0,0.09056371450424194,0.5984683036804199,0.09321834307586968,0.5475701014329385,0.001533312616477552,0.632600305199288,0.06251996302284281,2.5128791835001545,0.39153229922487376,0.6533443884590435,0.4123704589603915,0.5375702678471631,0.6381541940287412,0.6328329195221004,0.6325998944039684
fog/s5,20352.0,0.08991068601608276,0.593138575553894,0.09305699395100202,0.5497929538290826,0.0028373994584547035,0.6290511982201766,0.061705476993121726,2.497700783659694,0.3931190524217923,0.6507208892600863,0.41426039148052074,0.5386418068979982,0.6355264896595569,0.6292616719768677,0.6290508265249469
fog/s5,20480.0,0.09559301286935806,0.6070181131362915,0.09318070219092181,0.5525844250148001,0.0033295268151752547,0.6316028390796481,0.06198651266122062,2.464855848175983,0.3980311295262023,0.6541843977183766,0.4194096106138441,0.5445749186745124,0.6367367880857739,0.6317932796411753,0.6316025027629054
fog/s5,20608.0,0.08980415761470795,0.5837686657905579,0.09301599269939918,0.5541056074916664,0.0030126176596558967,0.6287249662344703,0.06184319000695641,2.4564477177270265,0.3973633837057428,0.6520572391015172,0.4174692253085406,0.5418194237382113,0.6340952734553611,0.6288972803891895,0.6287246619288395
fog/s5,20736.0,0.08987274020910263,0.5692009329795837,0.09286266330962861,0.5548419648325404,0.0027258723737873993,0.6255075393471917,0.06115787735615134,2.4526234553348623,0.39229756491162093,0.6495190723815633,0.4104897035659073,0.5349017510445089,0.6310917078677003,0.625663452392598,0.625507264005809
fog/s5,20864.0,0.08983355015516281,0.6374099254608154,0.09271490169233759,0.5588696702290417,0.0024664199170319062,0.6307574166252699,0.06036001747637787,2.4095208869755593,0.40349693410504184,0.6569079471102663,0.421444728806511,0.5458011977029733,0.6358100759469197,0.6308984896425588,0.6307571674912762
fog/s5,20992.0,0.08968702703714371,0.5887162089347839,0.0925672004896452,0.5603255989463949,0.002231662518623158,0.626584343061889,0.0590682493563394,2.40177074384555,0.39628574466018357,0.6517702186524182,0.41328743754592695,0.5385788945307688,0.6319182781173498,0.626711988546301,0.6265841176408276
fog/s5,21120.0,0.09242717176675797,0.626656711101532,0.09256036982023606,0.5635612629539626,0.0020192496673562305,0.6287944888739637,0.06337735619351408,2.3672513759525424,0.3987585470720638,0.6530331663119144,0.41562920434702844,0.5402050854142172,0.6343457471841101,0.6289099848774085,0.6287942849088034
fog/s5,21248.0,0.09020628035068512,0.6289694309234619,0.09244553618757503,0.566751905293938,0.002589249699017743,0.6342706231869714,0.062053308672134926,2.344739149322162,0.4023716538349846,0.6583772730282105,0.41988594277919705,0.5451528464693779,0.6385313096175084,0.634375126114538,0.6342704386355085
fog/s5,21376.0,0.09043700993061066,0.5786665678024292,0.0923475592969914,0.5673331083431327,0.0023428011851314616,0.6289266019437141,0.06220284426786266,2.352453419325387,0.40037985454075636,0.6515009412706175,0.4184393331155019,0.5400557581677119,0.6335067649781262,0.6290211581321905,0.6289264349581251
fog/s5,21504.0,0.09011717885732651,0.5888586044311523,0.09223876025115409,0.5683831325425482,0.002882005117540127,0.6323266576778043,0.061653206829598614,2.349687385424557,0.3995629141918444,0.654202368633319,0.41739067559112336,0.5407791839221235,0.6357086790789588,0.6324122138721366,0.6323265065861441
fog/s5,21632.0,0.08932512998580933,0.5977094173431396,0.09209663194552752,0.5698136830206258,0.0026076917214625417,0.6264054707483285,0.05992981513644337,2.3457295947585193,0.3949383952919662,0.6462362002922536,0.41183147981802415,0.5346111771240629,0.6294655864836979,0.626482883580916,0.62640533403779
fog/s5,21760.0,0.08939230442047119,0.6034953594207764,0.0919647135296711,0.5714566916255112,0.0031216829912816928,0.6255466811470599,0.0584893628661416,2.3294070532586515,0.3907912250083763,0.6457021181704448,0.40828862629578505,0.5282680549706721,0.6290405455334351,0.6256167257147968,0.6255465574488273
fog/s5,21888.0,0.08909903466701508,0.5969521999359131,0.09182492431685861,0.5727003749577259,0.002824556710136499,0.6226689482597727,0.056817504971957616,2.322471534178952,0.38733623036153497,0.6438803817592186,0.4061426237929143,0.5287749622905368,0.6265552764761183,0.6227323258847148,0.6226688363353159
fog/s5,22016.0,0.08902660012245178,0.5732382535934448,0.09168842069761925,0.5727266129399561,0.0032807262082793663,0.6169048008941787,0.055131411242769345,2.3312655424375213,0.3793022940986881,0.6397967344769611,0.3970436828013222,0.5267611348268331,0.6211462376681594,0.6169621461455391,0.6169046996228527
fog/s5,22144.0,0.09006139636039734,0.6068743467330933,0.09160905365677915,0.5743923560518164,0.002968461964778653,0.6213747484592775,0.05445642695577476,2.3270359582160163,0.38331724528501165,0.645025034586233,0.3993699830700839,0.5286012409706204,0.6252124791750566,0.6214266355070581,0.6213746568271022
fog/s5,22272.0,0.0900074914097786,0.5980517864227295,0.09153092866912059,0.575546474606495,0.0026859194815159614,0.6201954148760029,0.0562361371963246,2.3242165788896982,0.38401280789916875,0.6437696773382869,0.4022742381020807,0.5266411288020902,0.6243928797294831,0.6202423632398782,0.62019533196551
fog/s5,22400.0,0.08936930447816849,0.6389898061752319,0.09142548358663512,0.5786412712683846,0.002430269798563817,0.6190911517111246,0.05475261623888034,2.2980566093317223,0.3862780968558213,0.6426709870502882,0.4042885878365643,0.5300914080356807,0.6251756811829529,0.6191336314621384,0.6190910766921717
fog/s5,22528.0,0.08973590284585953,0.6592381000518799,0.09134306501391434,0.5825728238919696,0.0021989532204732694,0.6248030290021537,0.05427337539492107,2.250333640452497,0.39332851595342305,0.6468635165398502,0.4126363427123226,0.538399929578983,0.6303084241994474,0.6248414654693113,0.6248029611236128
fog/s5,22656.0,0.09121423959732056,0.6604556441307068,0.09133678084725123,0.5863719858548347,0.0019896536872931843,0.630844977461199,0.05474427136963415,2.2152718766406316,0.3990943918888497,0.6500435209144033,0.41808886214482005,0.5445047845863373,0.6358263612179413,0.6308797554900787,0.6308449160434354
fog/s5,22784.0,0.0903044044971466,0.6072202920913696,0.0912864210252949,0.5873889764029584,0.0018002755849928216,0.6308649379645948,0.05510660233250131,2.214078430116902,0.39810236172691277,0.6481617759136271,0.4160139258312143,0.5445444838523611,0.634609991322123,0.6308964057706185,0.6308648823926623
fog/s5,22912.0,0.09009457379579544,0.6991677284240723,0.09122828213605101,0.5928415984527687,0.0016289227631017737,0.634731154458149,0.05429485210895983,2.160816971984862,0.4092511553757492,0.6526310595863336,0.42770727613877274,0.5559017905648073,0.6403691533616592,0.6355218222350449,0.634731104175633
fog/s5,23040.0,0.08981801569461823,0.644842267036438,0.09115948865110307,0.5953782164324599,0.0014738795494811407,0.6353664996614186,0.05325844449904168,2.143242514033056,0.4096905159586641,0.6522876809225542,0.428602181443827,0.5573291930095609,0.6404678657127207,0.6360819105410489,0.6353664541648649
fog/s5,23168.0,0.09001430869102478,0.653944730758667,0.09110362621402608,0.5982351195703237,0.0013335935721361183,0.6410164758982853,0.05234016030840772,2.1196688519297875,0.40871238832428797,0.6600265096271296,0.42654902913507486,0.5636958373394062,0.6463944817067508,0.6416637929404732,0.6410164347321592
fog/s5,23296.0,0.08912822604179382,0.5891355872154236,0.09100726523001475,0.5977912399432554,0.001206660216073192,0.635216275931762,0.05090041366425242,2.129137254331112,0.4018785203100785,0.6531791024050351,0.4195046539645739,0.5593062870869939,0.6400823954050969,0.6358019804059842,0.635216238683887
fog/s5,23424.0,0.09026885777711868,0.60462486743927,0.09097124535426372,0.5981245876259879,0.001091808559576041,0.6240193073719273,0.05034524874634704,2.127307050861423,0.4003054606731882,0.6417224359060429,0.4169789284236269,0.5508729105647339,0.6284222625884309,0.6245492636511017,0.6240192736693587
fog/s5,23552.0,0.08924464136362076,0.6378886699676514,0.09088702076935432,0.6000642989597276,0.000987888649086947,0.6285371008403935,0.04911432567468947,2.109895814381376,0.4031578558500411,0.6445552201148669,0.4211815586747986,0.5542289987917668,0.6325209764408111,0.6290166151179808,0.6285370703456838
fog/s5,23680.0,0.0895984023809433,0.6200213432312012,0.09082416133577328,0.6010378133144336,0.0008938599852833114,0.6310261334790234,0.04796346540607161,2.107704101652038,0.39742897010583733,0.6470068350950103,0.4159865560644668,0.551930283856203,0.6346308180645291,0.6314600068973519,0.6310261058868442
fog/s5,23808.0,0.08920592069625854,0.6755858063697815,0.09074522276799207,0.6046743007805481,0.0008087811050659825,0.6425733188706688,0.04686342849549322,2.0782425310263113,0.40070387479534714,0.6592823594167226,0.4190195132504782,0.5607069968740539,0.646597099509904,0.6429658955924283,0.642573293904753
fog/s5,23936.0,0.09002403169870377,0.6014086008071899,0.09071004271583166,0.6045149983428232,0.0007318001551489347,0.6424250553255724,0.046227487367293214,2.0896431940866464,0.39310787838413025,0.6582687202098959,0.4111674179976069,0.5594276277486233,0.6467908616029528,0.6427802660297938,0.6424250327359484
fog/s5,24064.0,0.08939608186483383,0.663373589515686,0.09064594706456347,0.6073861491317433,0.0014243414848194704,0.6430159185902412,0.04538961897596973,2.06162029206983,0.39580879418338016,0.6581137557639807,0.41287441568968475,0.5604450754346556,0.6469661811410418,0.6433373198282666,0.6430158981507301
fog/s5,24192.0,0.08909882605075836,0.6185473203659058,0.09057047774681688,0.6079305965090195,0.0012887706117848984,0.6404274016512532,0.04441917922039328,2.063450949912861,0.3960404080624159,0.6540882049476588,0.4144561191338551,0.559041915369489,0.6440016725255946,0.640718211456748,0.6404273831572044
fog/s5,24320.0,0.08867495507001877,0.5711504220962524,0.09047801322599745,0.6061364416596162,0.0011661035696161988,0.6316716703816516,0.04304684712979932,2.1002427236114007,0.38293944715225137,0.6470066387420518,0.4018517294483008,0.5453355165240884,0.6356679321305351,0.6319348004912039,0.6316716536478929
fog/s5,24448.0,0.08927362412214279,0.6277179718017578,0.09041926253800454,0.6071891992275256,0.0010551121531149543,0.6319103870615658,0.042209757485933024,2.098976826612498,0.38309467526387525,0.6473101413008093,0.40020685930450056,0.5463557826491009,0.6355262788640951,0.6321484720684837,0.6319103719205503
fog/s5,24576.0,0.08961568027734756,0.5942115783691406,0.09038006340333835,0.6065561445515067,0.0009546850594216806,0.6275532116125172,0.04180111582935545,2.113530330690196,0.3785875973089555,0.643011585317389,0.39407101903756414,0.5374819425397278,0.6315871327497256,0.6277686353457249,0.6275531979126454
fog/s5,24704.0,0.0891474112868309,0.5986714363098145,0.0903199340318014,0.6061715246372777,0.0008638167610829126,0.6257858030116827,0.041051747486383044,2.116501417183529,0.3761082602658663,0.6412600364472032,0.39309236761221594,0.5376509723991231,0.6301607845998408,0.6259807224038355,0.6257857906157844
fog/s5,24832.0,0.08960971981287003,0.6308877468109131,0.09028528943575596,0.6073771940116015,0.0007815974381957823,0.6235359645334738,0.04046808544826552,2.1024439359987563,0.37814063882473686,0.640511758141699,0.3965197746211662,0.5400161386193135,0.6282195439478631,0.6237123312172718,0.6235359533174349
fog/s5,24960.0,0.08897633850574493,0.6766231060028076,0.09022143817087738,0.6107550433770262,0.000707203868825571,0.6296613337628874,0.039751520214200066,2.0624960749613437,0.37780452805022285,0.6450585271466532,0.39962095609684345,0.5474543705175346,0.6331741084739438,0.6298209136118205,0.6296613236144072
fog/s5,25088.0,0.0890277624130249,0.6442332863807678,0.09016321008512847,0.6123881284015991,0.0006398911864864327,0.629106120555236,0.03926127494757985,2.0448255130569657,0.3797498138991011,0.6452871920226411,0.40025191803884524,0.5481242400697027,0.6322845443122358,0.6292505113644135,0.6291061113727028
fog/s5,25216.0,0.09061286598443985,0.6571165919303894,0.09018514451924121,0.6145700046712962,0.0005789854221569685,0.6344782328164865,0.039670636201857,2.018226874644579,0.3851350190009118,0.6521307668449953,0.4052100935973132,0.5560920399440914,0.6388413396186261,0.6346088803005787,0.6344782245079601
fog/s5,25344.0,0.09033778309822083,0.651384711265564,0.09019259030358168,0.6163658440173579,0.000523876756157495,0.6364389602105153,0.04052746519241417,2.0008600509800276,0.3840588125522824,0.6524113006372622,0.4044353375142851,0.5567019588072356,0.6403867802260145,0.6365571724789888,0.6364389526928063
fog/s5,25472.0,0.08920891582965851,0.6198642253875732,0.09014460618290249,0.6165364967671245,0.0004740134123233491,0.6316879288995798,0.03984092874870915,2.001102462901193,0.3793856061225589,0.6491144189585221,0.3993098740982913,0.5506543303663326,0.6375093948386483,0.6317948895541594,0.6316879220974172
fog/s5,25600.0,0.0894043818116188,0.6428024768829346,0.09010849767698621,0.6178177640898469,0.0004288961333395681,0.628337203959703,0.03994986220242104,1.9927224476361782,0.38285351392766925,0.6477672702176752,0.4023685713881624,0.5497554946384247,0.6343295892620964,0.6284339839451972,0.6283371978049801
fog/s5,25728.0,0.08899613469839096,0.6168495416641235,0.09005423606827424,0.6177705337276165,0.00038807318192116776,0.6243573094721644,0.03938999072486788,2.003764073371963,0.37913158517786133,0.6442245794176585,0.39976359136311423,0.5473434606454752,0.6297793309147225,0.6244448777993129,0.6243573039032568
fog/s5,25856.0,0.08874742686748505,0.6290907859802246,0.08999048927799183,0.618322741154573,0.0003511358177882785,0.6244184816818334,0.038313542803856696,1.9961314574411952,0.3765261100865717,0.6439191465165132,0.40190536731903437,0.55110984749659,0.6300866224397935,0.6244977151295389,0.6244184766429826
fog/s5,25984.0,0.09489214420318604,0.6197361946105957,0.09022959439629398,0.6183916901036473,0.00031771420514929894,0.623823177060124,0.038782655965178464,1.9983097126898137,0.37283013887071714,0.6421183949147035,0.40094322646772834,0.546245138633143,0.6296768308928767,0.6238948689542109,0.6238231725008783
fog/s5,26112.0,0.08876786381006241,0.6162718534469604,0.09015829046525829,0.6182882834374673,0.0002874737097156952,0.6225595195172211,0.0376058164132394,2.0045792566609837,0.3641134094124692,0.6412884168145532,0.39103786285390524,0.5427171956341525,0.6278188339012881,0.6226243876736196,0.6225595153919309
fog/s5,26240.0,0.08991300314664841,0.6640610694885254,0.09014632523020416,0.6205211022692262,0.00026011154817226197,0.620505222597081,0.037505308758359404,1.9805600285005909,0.3665624602714846,0.6389386864812227,0.3924114154674538,0.5452508058057978,0.6259889627387621,0.620563916508968,0.6205052188644419
fog/s5,26368.0,0.08890042454004288,0.6735821962356567,0.09008554958678165,0.6231094483163692,0.00023535375655562787,0.6216580568531589,0.03655456443167068,1.9419530337961135,0.3695777823158406,0.6405492219737892,0.39445360673765445,0.5483798189355255,0.6273820418356081,0.6217111641940156,0.6216580534757977
fog/s5,26496.0,0.08897940814495087,0.6393334269523621,0.09003159146766795,0.6239008619083688,0.000212952447186859,0.628724363161008,0.03584129899988287,1.9297330127198502,0.369368861928848,0.6473418302332739,0.3940891944366284,0.554259788578783,0.6339035310124687,0.6287724156687077,0.628724360105109
fog/s5,26624.0,0.0893402248620987,0.6852361559867859,0.08999786626739628,0.6268928274731695,0.00019268332669316628,0.6291320680356295,0.035414175569224056,1.8999546908895744,0.37516584711111106,0.6482640831557462,0.3982582776550337,0.5581300645022778,0.6345804703569095,0.6291755468364689,0.6291320652705953
fog/s5,26752.0,0.08916852623224258,0.625656008720398,0.08995741065592537,0.626832494851083,0.00017434345026787974,0.6258387123629937,0.03491559767036673,1.9025848064277249,0.3728634761784651,0.6476485249731647,0.3967323559270114,0.5594197371254993,0.6322557379017604,0.6258780527889763,0.6258387098611395
fog/s5,26880.0,0.08917169272899628,0.659184455871582,0.08991908295217273,0.6284106392911073,0.0001577491896831916,0.6244203935182113,0.03460567757314761,1.8929486265147417,0.375316238707582,0.6441171365164684,0.39767543924151355,0.5560506663699492,0.6301894570782732,0.6244559894658137,0.6244203912544875
fog/s5,27008.0,0.08896014839410782,0.6434773206710815,0.08987230565665737,0.6291455993584231,0.00014273439471037145,0.6275615220352168,0.034377500509998465,1.8840980458718581,0.37829773889008456,0.6453835006790889,0.40226537363851406,0.5604011383394959,0.6335436729423282,0.6275937299092818,0.6275615199869574
fog/s5,27136.0,0.0888778418302536,0.6307159066200256,0.08982379522610108,0.6292221997126476,0.00012914872953865257,0.6302921326683906,0.03382796272690614,1.8913160252135426,0.3796197863484941,0.6471428046001749,0.40275617686149895,0.5614002863857068,0.6357048938401433,0.630321274950635,0.6302921308150875
fog/s5,27264.0,0.08886546641588211,0.6164084672927856,0.08977704747926113,0.6285971395946055,0.00011685616753616332,0.6262377060015597,0.03324099792298337,1.9071024849175209,0.37482997920051125,0.6414845067203248,0.3957642147568946,0.5565413953555384,0.6318602876447696,0.6262640744794263,0.6262377043246568
fog/s5,27392.0,0.08918378502130508,0.6546033620834351,0.08974810784716572,0.6298657358135727,0.00010573362928168019,0.6268820944844571,0.0328842091650981,1.8982114042359453,0.37705838689112287,0.645102132493524,0.39600007176992064,0.5592092280403175,0.6341817355786404,0.6276681482945909,0.6268820929671641
fog/s5,27520.0,0.08952519297599792,0.6720980405807495,0.08973723395101119,0.6319258482412399,9.566975023047922e-05,0.6273907886441756,0.032702767371572475,1.8832742384750802,0.3737021454261735,0.6438766172056216,0.39312751883524644,0.5572730433368964,0.6339956393903106,0.6281020247210427,0.6273907872713007
fog/s5,27648.0,0.08895590901374817,0.6615374684333801,0.08969912053943738,0.6333703175189053,8.656376567552581e-05,0.6196156392193879,0.0322193491490003,1.875609002093722,0.3701634224825758,0.6330822931408391,0.3899892660014335,0.5517845323708623,0.6248668158909354,0.6202591788225497,0.6196156379771852
fog/s5,27776.0,0.0893172100186348,0.6719660758972168,0.08968049075793481,0.6352530374397984,0.0008405196237908833,0.6260026099064181,0.032232585025797685,1.8639780109251816,0.3796585756073752,0.6389868636925736,0.39835956192039285,0.5587532859822021,0.6315161671446239,0.626584896483699,0.6260026087824501
fog/s5,27904.0,0.089108407497406,0.6175867915153503,0.0896525842574212,0.6343912693459228,0.0007605177559702162,0.6237693156857002,0.03201287003338584,1.8688173082275017,0.382152405412741,0.6384549492423583,0.39979841979828523,0.5568976787501067,0.6302452946026014,0.6242961793882844,0.623769314668713
fog/s5,28032.0,0.0890214592218399,0.6664055585861206,0.08962179767031968,0.6359529419917862,0.000688130581100951,0.6194620042581498,0.03178379580660398,1.842683302070652,0.38738328889516893,0.6364492729313665,0.4041119253499059,0.55594370575783,0.6253215901787963,0.6199387203150389,0.619462003337961
fog/s5,28160.0,0.08959317952394485,0.7133069634437561,0.08962040166317944,0.6397263088918823,0.0006226333217457147,0.6265886130140663,0.03171410966350048,1.8096320037326927,0.3936034993513099,0.6426840238718671,0.40950207522736876,0.5595421632704696,0.631890475111213,0.6270199545503713,0.6265886121814626
fog/s5,28288.0,0.0952848345041275,0.6895580291748047,0.08989671546029886,0.6421571245154395,0.0013255653077782464,0.6285752709068382,0.0325594718109976,1.7902108525837748,0.39701943635534936,0.6439008925098809,0.41216695801357994,0.5627609341667961,0.6319224643927156,0.6289655567347501,0.6285752701534828
fog/s5,28416.0,0.089150570333004,0.7006996870040894,0.08986031813701617,0.6450128592709833,0.0011993960934745464,0.6312093914629986,0.032238602997196004,1.756370908669366,0.40460904978970036,0.6458013132109036,0.41983919877373893,0.5679599231812593,0.634237994254206,0.6315625293239469,0.6312093907813486
fog/s5,28544.0,0.08874719589948654,0.6899626851081848,0.08980601949128302,0.6472055337020662,0.0010852358466239052,0.6336671531321957,0.03133674676540894,1.738039588255284,0.4019023585545117,0.6490824196274744,0.41720727027653587,0.5697640054483614,0.636407489149701,0.6339866788231547,0.6336671525154262
fog/s5,28672.0,0.08883686363697052,0.6791967153549194,0.0897587435959507,0.6487660791485468,0.0009819415364157999,0.6358538012576262,0.03096399268857156,1.7269533516050108,0.4001411287099418,0.6512890304898206,0.4176887317612202,0.5743707925561913,0.6382961278980934,0.6361429140333243,0.6358538006995615
fog/s5,28800.0,0.08869504183530807,0.6915866136550903,0.08970685570518765,0.6508548857098415,0.0016134937994577226,0.6302103698470253,0.030407042024502538,1.7022507884309395,0.40213542936812696,0.6479874273498019,0.4195000362931683,0.5760294321701172,0.6324202323218323,0.6304719644525201,0.630210369342078
fog/s5,28928.0,0.0890507698059082,0.7036715745925903,0.08967485151497889,0.6534313095577804,0.0014599191368085639,0.632577318582585,0.030181653312758978,1.6829056102257784,0.4105765842170857,0.6501495401541039,0.42850062772272984,0.5797796051937824,0.6360640531597305,0.6328140142369323,0.6325773181256993
fog/s5,29056.0,0.08880376815795898,0.6499191522598267,0.08963235964390476,0.6532599848115387,0.0013209619316393963,0.6273572882594359,0.029654208763594574,1.697962851736118,0.40189216811075984,0.6455435458503224,0.42184679046179174,0.5707360377749809,0.6305121504199583,0.6275714548806507,0.6273572878460373
fog/s5,29184.0,0.08897273242473602,0.6862865686416626,0.08960018270638434,0.6548710376813007,0.001195230873303701,0.6262963625476514,0.02995661241409443,1.6805475898942037,0.3961722115981354,0.643439460581999,0.4209757396147443,0.5712906088374455,0.6291509403859349,0.6264901444815405,0.6262963621736006
fog/s5,29312.0,0.0887371301651001,0.6767046451568604,0.08955808258241925,0.6559360917044987,0.0010814670781052525,0.6262101531439488,0.029279104356000774,1.6848923775319444,0.39480766439069837,0.6416843661780015,0.4179753717751494,0.5651929006792116,0.6287930281540791,0.626385490634398,0.6262101528055006
fog/s5,29440.0,0.08870347589254379,0.7077776193618774,0.08951639445120581,0.6584649467121757,0.0009785314847103445,0.6320809892516038,0.028855847667759872,1.657112622472277,0.3980718069828984,0.6445579541681976,0.42277099373587274,0.5730604711083169,0.6336558273779622,0.6322396378672928,0.6320809889453697
fog/s5,29568.0,0.08871888369321823,0.6817437410354614,0.08947749148740154,0.6596004976547749,0.000885393449282828,0.63293140074461,0.02832018806424269,1.6527910831707202,0.398924579667453,0.6449086248006117,0.42276007226190504,0.577241955119423,0.6350813583830341,0.6330749489566639,0.6329314004675236
fog/s5,29696.0,0.08917294442653656,0.7150219678878784,0.089462635533213,0.6623039840076093,0.0008011204261506135,0.639110595200804,0.02835285490766283,1.6329400823399083,0.4043065352017822,0.649222794956413,0.4281227364130622,0.5820478963335172,0.6410559167760825,0.6392404802873799,0.6391105949500911
fog/s5,29824.0,0.08960919082164764,0.6603362560272217,0.08946978457167322,0.6622079972768586,0.0007248686306811916,0.6376559876861528,0.029638201036683434,1.6413250454800248,0.3970182867590189,0.6482557234555051,0.4200176573969468,0.5808007735415107,0.6394161507533738,0.6377735101232034,0.6376559874593032
fog/s5,29952.0,0.08895641565322876,0.6503170728683472,0.08944474218540763,0.6616279521837605,0.0006558745908781037,0.6342391476922299,0.02911173641289202,1.6559927078615648,0.3949597347771967,0.6460050299677711,0.4187444121955717,0.5745600693376787,0.6365567907768481,0.6343454841745344,0.6342391474869721
fog/s5,30080.0,0.08899492025375366,0.6583073139190674,0.08942279965215622,0.6614659698293851,0.0005934475031086232,0.6296231372039748,0.028765487667879168,1.661214839474852,0.39450996823088413,0.6410685012379416,0.41675580068379803,0.5704377545881077,0.6309951688111753,0.6297193524268095,0.6296231370182537
fog/s5,30208.0,0.08871492743492126,0.6964404582977295,0.08938826930009598,0.663172042437597,0.0012991574373755002,0.6307818510929479,0.028060426290812974,1.6451030946317613,0.3972261520994496,0.6419000240231464,0.417354594193966,0.5713181586725234,0.6327854858785232,0.63086890841236,0.6307818509249041
fog/s5,30336.0,0.0887945368885994,0.6711938381195068,0.0893593067434376,0.6635633495440315,0.0011755017621940128,0.6280193013161057,0.027832633814616904,1.6328820669720978,0.396560664689627,0.6395292602850717,0.41850986779834753,0.5712410287572326,0.6305572421304187,0.6280980723945269,0.6280193011640566
fog/s5,30464.0,0.08868753165006638,0.6622782945632935,0.08932653722668778,0.663500663935215,0.0010636158121933928,0.6232702898880409,0.027149587801621435,1.6461754687735357,0.390734694225415,0.6337218946422333,0.4128813259496053,0.5689218350623146,0.6248416509698792,0.6233415634218176,0.623270289750464
fog/s5,30592.0,0.08892461657524109,0.654212474822998,0.08930693134125135,0.663047581539497,0.0009623793279870019,0.6212598815703213,0.026733287946912165,1.6604939751635026,0.3869876382610685,0.6336167470260778,0.40775133656713247,0.5623989358297325,0.6226816782422285,0.6213243711865464,0.6212598814458391
fog/s5,30720.0,0.08885785192251205,0.6620910167694092,0.08928502502814212,0.6630009198433952,0.0008707786780893693,0.6209280368045559,0.026210859847313417,1.661266467880218,0.3836344127275938,0.6335959680111031,0.4046711974530687,0.563207930634755,0.621452309700434,0.6209863882062682,0.6209280366919222
fog/s5,30848.0,0.08895841985940933,0.6595745086669922,0.08926909306869173,0.6628337778347901,0.0007878967099190545,0.6244387531110823,0.025995953750530303,1.6541034442567197,0.38441132763751945,0.637313781882741,0.40866962601196755,0.5626386154047962,0.6263631547021773,0.6244915505423758,0.6244387530091693
fog/s5,30976.0,0.08895464986562729,0.7123266458511353,0.08925375437585932,0.6652480640794899,0.0007129035667976691,0.6297531787519072,0.025726538103746463,1.6307602519488997,0.3916766087666074,0.6399155337558888,0.4181247776110664,0.5657113825286704,0.6307693981570562,0.6298009508476821,0.6297531786596944
fog/s5,31104.0,0.08917546272277832,0.6635375022888184,0.08924993527083097,0.6651646220409205,0.0006450483790001515,0.6308623348492866,0.026084192053976392,1.640570373905196,0.38497702078168344,0.6415074520182669,0.41260724970043544,0.5631934936502722,0.6325068439005845,0.6309055599282121,0.6308623347658509
fog/s5,31232.0,0.08889173716306686,0.6937649846076965,0.08923246219240345,0.6665597616783242,0.0005836517456628378,0.6251548847743991,0.025968125801060338,1.624895945939995,0.38562614432417636,0.6340617694942199,0.41512529850943625,0.5602646066877239,0.6266428670867276,0.6251939956280848,0.6251548846989049
fog/s5,31360.0,0.08894430845975876,0.6913934946060181,0.08921840591276226,0.6677711632845531,0.0005280989322743463,0.625790796990994,0.02587988812619963,1.612663143995657,0.3889276415925474,0.633087716478708,0.41863062405285695,0.5618530438857989,0.6271371510047071,0.6258261852173211,0.6257907969226854
fog/s5,31488.0,0.08874469995498657,0.6730244159698486,0.08919529830506588,0.6680274195131041,0.00047783371563907246,0.6243026783005959,0.02545725635682524,1.6129926386021523,0.3770056174076529,0.6338423062249344,0.4083430572185576,0.5640896667164189,0.6262458992731466,0.6243346982245956,0.624302678238789
fog/s5,31616.0,0.0887453556060791,0.7104889154434204,0.08917334988072506,0.6700987119975097,0.0004323528146859186,0.6340916857199324,0.024918647511959484,1.591059804896893,0.3777999964765259,0.642723318125,0.40981694826259735,0.5706493950479912,0.6358499481228173,0.6341206579414693,0.6340916856640084
fog/s5,31744.0,0.08863640576601028,0.7184733748435974,0.08914715748488532,0.6724584516485383,0.00039120085136066753,0.6338398001070893,0.024443088517823945,1.5702252414182096,0.3795226321480047,0.6424120564355295,0.4100165546147594,0.5697621831457433,0.6354307085632391,0.6338660147108713,0.6338398000564883
fog/s5,31872.0,0.08984248340129852,0.7134597897529602,0.08918107582227132,0.6744585169219247,0.0003539657911478734,0.6350990993235471,0.024625923808902515,1.549537746159205,0.3812300258757377,0.6443426459479121,0.4117959128905705,0.5763582870700034,0.6365385828225382,0.6351228187836021,0.6350990992777623
fog/s5,32000.0,0.08909636735916138,0.7038140892982483,0.08917694370211961,0.6758904960622332,0.0003202748175704434,0.6356994230048276,0.025461562964975152,1.5349679817271196,0.3883333547632344,0.6469632150426974,0.4182021615149064,0.5781251960936794,0.6370018943920766,0.6357208848125275,0.6356994229634005
fog/s5,32128.0,0.08850356191396713,0.6687037944793701,0.08914409581001462,0.675539925253313,0.0002897905993602882,0.6286950162940766,0.02482489226552873,1.544074113804865,0.38931367197791755,0.641136109506212,0.41858892781925794,0.5758757723131983,0.6298735165796243,0.6287144353360228,0.6286950162565926
fog/s5,32256.0,0.08860534429550171,0.6709686517715454,0.08911781524833105,0.6753169363029827,0.0002622079129250436,0.6306670849394946,0.024439220355947793,1.562137446129867,0.3813889619740705,0.6426862121112127,0.4116143719292631,0.5747513680478136,0.630971218749321,0.6306846556490724,0.6306670849055785
fog/s5,32384.0,0.08878227323293686,0.705159068107605,0.08910144734514108,0.6767726500495497,0.0002372505862932726,0.6301276836365088,0.024137421284008757,1.5501003634701769,0.3859303159801078,0.6402406178591045,0.4132788279026824,0.5757974900658681,0.6296778546803792,0.6294185670685539,0.6301276836058209
fog/s5,32512.0,0.0887819454073906,0.6973552703857422,0.089085861884763,0.6777766803098517,0.00021466873393936203,0.6304389986978762,0.02367303574519876,1.5428172794017554,0.38351428352513023,0.6418015941485411,0.41195915957167156,0.5768184011839295,0.6300319851093734,0.6297973768657171,0.6304389986701092
fog/s5,32640.0,0.08861832320690155,0.7058687210083008,0.08906305511998927,0.6791470237585565,0.00019423625480176657,0.6350335913262758,0.023597713918430335,1.533439522028876,0.38861554148823496,0.6460396934562349,0.41587738352677717,0.5813300346226987,0.6346653178770714,0.6344530399837928,0.6350335913011517
fog/s5,32768.0,0.08866795152425766,0.6978660225868225,0.08904378177385601,0.6800601456526183,0.00017574856844347825,0.638428668891889,0.02319545969721244,1.5236869534088533,0.3961684941127932,0.649149389498473,0.42453494963963595,0.5839250343016803,0.6388576433617046,0.6379033752619564,0.6384286688691562
fog/s5,32896.0,0.09095177799463272,0.6654969453811646,0.08913685476023536,0.6793497456393766,0.000884035438787942,0.6417608598361471,0.026029397680314415,1.5360189826055755,0.3920529622519681,0.6507361519495403,0.4214560728149234,0.5850460899303127,0.6421490038983657,0.6412855644101343,0.641760859815578
fog/s5,33024.0,0.08849810063838959,0.6459671258926392,0.08910569602258434,0.6777213251639259,0.0007998916730496488,0.6310563758541223,0.02523510912323778,1.5600608107232297,0.37936871242429715,0.6414267918591617,0.40814823721088545,0.5760031842855476,0.6321697709276705,0.6313885148529531,0.631056375835511
fog/s5,33152.0,0.08865754306316376,0.7264138460159302,0.0890838349026126,0.6800965700835359,0.0007237568320693134,0.632004311525354,0.024658971976557455,1.5327319357469464,0.3840651764410208,0.6413132959058804,0.41235482974286536,0.5791052012482558,0.6314873418090344,0.6323048370561224,0.632004311508514
fog/s5,33280.0,0.08866995573043823,0.6662559509277344,0.08906364567470165,0.6794214179295943,0.0014170637368098903,0.6240874823498294,0.02433221630680067,1.541100162613951,0.3804138211581157,0.6339604539398239,0.4074608542765605,0.5695123504453284,0.6228575234333976,0.6243594034279369,0.6240874823345923
fog/s5,33408.0,0.09063315391540527,0.7096267938613892,0.08914020705229694,0.680894850901877,0.0012821855703080563,0.6295840634468116,0.0268089766503576,1.5202710954415402,0.3837838619759036,0.6392423262596504,0.41195595440490684,0.5772290511762905,0.6291961886628185,0.6298301026852421,0.6295840634330249
fog/s5,33536.0,0.0888032391667366,0.7092280387878418,0.08912376959446472,0.6822769576280217,0.0011601453018670752,0.6238495600848307,0.02627426813891397,1.4975753484224494,0.39107168594012454,0.6325513552890709,0.41728733292674797,0.5765149535033539,0.6234986037811701,0.6240721809543445,0.6238495600723563
fog/s5,33664.0,0.08875837922096252,0.6660813093185425,0.08910594567380607,0.681486926003169,0.0010497210018678294,0.6195717911297012,0.025772165851753095,1.517997224446139,0.38885412511298595,0.6289325469331807,0.4132995439509718,0.5685443154542542,0.6192542393522663,0.6197732226243653,0.619571791118414
fog/s5,33792.0,0.08909033238887787,0.688501238822937,0.08910518405015104,0.6818290876041332,0.0009498070457114626,0.6171140358764279,0.025724533483765962,1.5186983386176967,0.3928336551438737,0.6255838214666077,0.4164023535689637,0.5665189790636053,0.616826709134323,0.6172962948314452,0.617114035866215
fog/s5,33920.0,0.08878577500581741,0.7112144231796265,0.08908960312115916,0.6832625186078157,0.0008594030437401157,0.6127895291897958,0.02531815799278084,1.5019530490538175,0.3940734619118571,0.6233903881324868,0.41688606768494574,0.5646492368564805,0.6139795803648456,0.6129544404750911,0.612789529180555
fog/s5,34048.0,0.08899442851543427,0.7032882571220398,0.08908496045746526,0.6842393839011924,0.0007776038248237453,0.6139145591300889,0.025072788585452897,1.4990213464085882,0.3937824125924656,0.6242314279295136,0.41587371145080454,0.5658946991425977,0.6157163543931767,0.6140637739218403,0.6139145591217275
fog/s5,34176.0,0.08875424414873123,0.6646589040756226,0.0890688279546002,0.6832842385438475,0.0007035903733235672,0.6136311983562552,0.025074137552870465,1.510561257130082,0.3899311716556455,0.6237282878529389,0.4128942088736905,0.564233097796485,0.6152614961523033,0.6137662106693154,0.6136311983486897
fog/s5,34304.0,0.08870804309844971,0.6736023426055908,0.08905122869332456,0.6828119509371032,0.001398816750639587,0.6146761170136016,0.024718006343086702,1.512909671952813,0.38854718149210987,0.6230871361239263,0.4115739688857128,0.5641053193030658,0.6161512407184137,0.6147982786603383,0.6146761170067562
fog/s5,34432.0,0.08888151496648788,0.7230182886123657,0.08904294997494228,0.6847732357017502,0.0012656753585501555,0.6126471588207543,0.024276404685475497,1.487923318743844,0.393095040481558,0.6224698298896442,0.41538013484543074,0.5668154019392999,0.6139818781277259,0.6127576929460884,0.6126471588145604
fog/s5,34560.0,0.0888611227273941,0.7450329065322876,0.08903408035311065,0.6877127318398252,0.0011452065558327105,0.6212217897479876,0.02390689494937449,1.4587878868210225,0.40178319843691235,0.6308345397157339,0.4256466002973826,0.5745285403626861,0.622429468549834,0.6213218030761454,0.6212217897423833
fog/s5,34688.0,0.08868640661239624,0.7369793653488159,0.08901712065844165,0.6901159822548979,0.001761219019287063,0.6283296205869654,0.023351921581073208,1.4349033796401747,0.40529431577783676,0.6377524300461815,0.4305486193053652,0.5808568767945541,0.6294223507818545,0.6284201145025681,0.6283296205818946
fog/s5,34816.0,0.08858391642570496,0.6900495886802673,0.0889959887446496,0.6901127435439403,0.0015935836575464738,0.6280870630058145,0.022821148207526107,1.4361578891901452,0.40389806918387244,0.6344007710292933,0.4282358417391199,0.5783846279622349,0.6283507706955387,0.6281689435802533,0.6280870630012263
fog/s5,34944.0,0.08857271820306778,0.6829767227172852,0.0889753414011578,0.6897646449670303,0.0014419040708674518,0.6306932913931255,0.02237538059073629,1.4411572203413736,0.4011475093567341,0.6356810367254937,0.42389379255514653,0.5753111357112191,0.630931899005303,0.6307673784566123,0.6306932913889739
fog/s5,35072.0,0.08875774592161179,0.7133774161338806,0.0889647269875214,0.6909164874629742,0.0013046615656093956,0.6315642452165043,0.021996442743591516,1.4205468823173792,0.40243254713360654,0.6383266548836858,0.4259510460894574,0.5792040377256181,0.631817322062502,0.6316312805666314,0.6315642452127479
fog/s5,35200.0,0.08860614150762558,0.7098934650421143,0.08894723501289234,0.6918421936863468,0.001180481999578757,0.6325382016503884,0.021656901347440718,1.4205546612999804,0.4058446782809135,0.6379691208079037,0.43166064313031804,0.5836745040931977,0.6327671902778497,0.6325988564793851,0.6325382016469896
fog/s5,35328.0,0.08886991441249847,0.6795306205749512,0.08894346327628776,0.6912416291443275,0.0010681220234142112,0.6302591342714103,0.0213866496304288,1.428996384565639,0.3985215679150918,0.6336859207310063,0.425616947175023,0.5771974543282293,0.6297413125595533,0.6303140158864632,0.6302591342683349
fog/s5,35456.0,0.09559088945388794,0.7348952889442444,0.089267727967878,0.6933710759638356,0.0009664566315365944,0.6372689727702647,0.021570377833559664,1.422122342744085,0.4016552973223406,0.6440690276215708,0.42987113423748363,0.5863205401744419,0.6368004380744086,0.6373186306741883,0.6372689727674821
fog/s5,35584.0,0.0886581689119339,0.6832659840583801,0.08923799337978316,0.6928781446513743,0.0015994827701172872,0.6405256440116434,0.021232894137396544,1.4232550593567361,0.402129807987674,0.6466784598527122,0.4298350655414709,0.5922143317104854,0.6401017051226504,0.640570575404783,0.6405256440091256
fog/s5,35712.0,0.08861956000328064,0.7150144577026367,0.08920782589800255,0.6939579648002164,0.001447241697411299,0.6457217457119033,0.021038354910163426,1.418005672524952,0.405459213533166,0.6520511228054582,0.43433842039772586,0.59602275343941,0.6453381579366754,0.6457624004703598,0.6457217457096253
fog/s5,35840.0,0.08848857879638672,0.6814169883728027,0.08917274067353348,0.6933462098525377,0.0013094911491746495,0.639250609891615,0.02056226174183471,1.4296165421193896,0.3966484020130549,0.643490337767461,0.4242660543872344,0.5868831695308403,0.6381413374311025,0.6392873950716343,0.6392506098895538
fog/s5,35968.0,0.08873065561056137,0.6877515316009521,0.08915117554851044,0.693073298718314,0.0011848518964275084,0.6446052514248342,0.020313918166911686,1.438173329045688,0.4005738961700514,0.6492036310198145,0.4270872508762543,0.588224598962765,0.6436015611140433,0.6446385353384627,0.6446052514229693
fog/s5,36096.0,0.08868129551410675,0.7261578440666199,0.08912825457122246,0.694687178979207,0.0010720759871899108,0.6471636451024227,0.02008219082126607,1.4210082202700005,0.4061520797588627,0.6520493591797369,0.4338784703050463,0.5939371594422163,0.6454932923583937,0.6471937610052361,0.6471636451007353
fog/s5,36224.0,0.0885988250374794,0.716875433921814,0.08910242874030817,0.6957695328788462,0.0009700342513479204,0.645853452826166,0.01977586532569126,1.4110824647899407,0.40329852070983346,0.650999152476133,0.4291480686103363,0.5925436760925704,0.6436170717888856,0.645880702253994,0.6458534528246391
fog/s5,36352.0,0.08867278695106506,0.707741379737854,0.08908147060424754,0.6963535254085539,0.0008777049948246203,0.6420467589224262,0.01957089652433364,1.405358468536225,0.40266853063632163,0.6459404883499098,0.4290321013422495,0.5878994237577629,0.6400232398518113,0.6420714147104847,0.6420467589210447
fog/s5,36480.0,0.08854349702596664,0.7285953164100647,0.08905522799067286,0.6979262957013104,0.0007941637698561853,0.6485109282100001,0.019219599926703683,1.3914268495622901,0.40198696317539867,0.6520340468650878,0.42885281150598537,0.5913563495155011,0.6466800105976234,0.6485332372246562,0.64851092820875
fog/s5,36608.0,0.08874247223138809,0.6644185185432434,0.08903997161217116,0.6962917699862827,0.0007185741189478035,0.6411236596117847,0.01926760321243257,1.40696615714067,0.3950310356869609,0.6465980281271854,0.4193397538968493,0.5812108909060542,0.6409914016174808,0.6419060403442606,0.6411236596106535
fog/s5,36736.0,0.08899502456188202,0.7095561623573303,0.08903777907313266,0.6969388135165777,0.0006501791998331999,0.6403140013501037,0.019135849109306404,1.4160516862760852,0.39450012211770824,0.6459923264613021,0.4164951015330802,0.5824043813611589,0.6423693764783988,0.6410219139581322,0.6403140013490802
fog/s5,36864.0,0.08877702057361603,0.6956841945648193,0.08902505914632697,0.6968776125921017,0.000588294207582568,0.6403064223994692,0.019049965739204682,1.4105809145102592,0.3941312824158442,0.6454814566018087,0.415519958020116,0.583484273676575,0.6421661639640954,0.6409469548663409,0.6403064223985431
fog/s5,36992.0,0.08862081915140152,0.7049143314361572,0.08900534012218426,0.6972696476576654,0.000532299517985179,0.6358007545922622,0.018750254528013988,1.413763282370552,0.39082312941969005,0.642695446455295,0.41017600008839755,0.5820632541713685,0.6382084981495474,0.6363803202568141,0.6358007545914242
fog/s5,37120.0,0.09205376356840134,0.7098498344421387,0.08915404370492655,0.6978833153056885,0.0004816344835547038,0.6397362865763419,0.01952100008895977,1.4030483992657445,0.39591655553084387,0.6466997466142198,0.4178890220906916,0.5837147290866457,0.6426398725077105,0.6402606883465879,0.6397362865755836
fog/s5,37248.0,0.08878640830516815,0.7598235607147217,0.08913611027079199,0.7009047906914949,0.00043579182003968144,0.6427209350878144,0.019438650169745022,1.3667382254519362,0.40654838248805086,0.6497466178466557,0.429366717786997,0.5890571701015992,0.645348153530177,0.6431954235426295,0.6427209350871282
fog/s5,37376.0,0.08879321813583374,0.7070366144180298,0.08911938382518426,0.7012039040440088,0.00039431252723400083,0.6417220655970052,0.01924103441921125,1.3671776211132995,0.4078956512577783,0.6488040486286517,0.43006649479715786,0.5879422699134637,0.6433370264838781,0.6421513915576083,0.6417220655963842
fog/s5,37504.0,0.08855970203876495,0.7302130460739136,0.08909208227462723,0.7026189841430286,0.0003567812932319543,0.6394054204479743,0.01899705193906217,1.3546557042490734,0.4040395809417494,0.6473377203832119,0.4270745916635795,0.5870450282798204,0.6408666670327059,0.6397938825455813,0.6394054204474126
fog/s5,37632.0,0.08885427564382553,0.6697558164596558,0.08908048195117348,0.7010159027926202,0.00032282233611291046,0.6327732864374591,0.0188128632574206,1.3774889828902221,0.39536389209541983,0.6422371640112225,0.41544420221314954,0.572811117200242,0.6340954494686173,0.6331247741533784,0.6327732864369509
fog/s5,37760.0,0.08854559808969498,0.7121871709823608,0.0890543900554916,0.7015608427043148,0.0002920956414204264,0.6297840087277663,0.018366027904479647,1.3718758273177634,0.389001177797224,0.6376220859375784,0.4093824399560978,0.5688552702329375,0.6309803263782074,0.630102041336876,0.6297840087273066
fog/s5,37888.0,0.08886709809303284,0.7183619737625122,0.08904525386220091,0.7023804100730073,0.0009893084298634553,0.6263542399018039,0.018369242966139575,1.371373247022897,0.38755698478856493,0.6342084727608903,0.40599832907389927,0.5659637810971432,0.6274366903160341,0.6266420017093326,0.6263542399013879
fog/s5,38016.0,0.08856513351202011,0.6732694506645203,0.08902183335731405,0.7009603632725934,0.0008951446292815678,0.6216893509165043,0.01902553586586801,1.3843942601118806,0.385636778027012,0.6332576365671112,0.403847238858656,0.566359108297891,0.6234309672639428,0.621949723140925,0.621689350916128
fog/s5,38144.0,0.0886220782995224,0.7444612383842468,0.0890023331105925,0.7030823571804788,0.0008099434747990866,0.6272282883664505,0.018725523912435326,1.3680039350202864,0.3913725695294975,0.6384576830568566,0.4115491673432574,0.5772016381446117,0.6288041351626752,0.6274638779877139,0.6272282883661098
fog/s5,38272.0,0.08874592930078506,0.7256148457527161,0.08898982560767506,0.7041815029644903,0.0007328518888574721,0.6269418361721422,0.01850300158905539,1.3460544131352585,0.39217515065696945,0.6371024009098624,0.4111563257162965,0.5766016904330484,0.6283676916016828,0.6271550020340944,0.626941836171834
fog/s5,38400.0,0.0885738953948021,0.7319342494010925,0.08896953632899832,0.7055352954735928,0.0006630979910483135,0.6274448440320215,0.01826793985546077,1.3290386372191432,0.39793926481216574,0.6389248969565142,0.41663817454758295,0.578996086346619,0.6287349844890896,0.6276377204603554,0.6274448440317427
fog/s5,38528.0,0.08869732916355133,0.7195292711257935,0.08895625793068382,0.7062179284322367,0.0005999833696516863,0.6256877500135066,0.017971932274150774,1.3249707648729014,0.3987302925516384,0.6375623249677919,0.4163744280112276,0.5759387551060128,0.6268550930445599,0.625862268185723,0.6256877500132544
fog/s5,38656.0,0.08857101947069168,0.7196713089942932,0.08893746581068421,0.7068741908986784,0.0005428760887806155,0.6263844840990741,0.01787015051947985,1.3249863499254761,0.39872101425998924,0.637928195286146,0.4162101457495997,0.5724845904320318,0.6274407177399021,0.6265423913804192,0.6263844840988458
fog/s5,38784.0,0.08870333433151245,0.7016983032226562,0.08892604476291974,0.7066217085730188,0.0012533994830668152,0.6305656158921427,0.017810804744578513,1.3229701650423396,0.4000511080841425,0.6432599851458822,0.41953785347123207,0.579583766833504,0.6315213156944622,0.6307084933311229,0.630565615891936
fog/s5,38912.0,0.0886099711060524,0.7007643580436707,0.08891062653575547,0.706335984156953,0.0011340991158504616,0.6263736179488097,0.01764904252893806,1.330946180784169,0.40361554752884043,0.6385847337340196,0.42197253130859247,0.5794820995560734,0.6272383528681006,0.6265028961074586,0.6263736179486227
fog/s5,39040.0,0.09536897391080856,0.7147475481033325,0.08922566787112392,0.7067463043494593,0.0010261539293328684,0.6270050701369063,0.017813073597932445,1.3323040212014041,0.4017284341412054,0.6380167340924711,0.42352481863198643,0.5794272893663223,0.62778749834169,0.6271220434143037,0.6270050701367371
fog/s5,39168.0,0.08887827396392822,0.7190480828285217,0.08920872182687047,0.7073463911045355,0.0009284831210679908,0.626702683925184,0.01787478610449569,1.3280683149267225,0.4022331637886814,0.6359784072306057,0.4264537472571394,0.5830027704498372,0.628172834608989,0.6268085235176416,0.6267026839250309
fog/s5,39296.0,0.08894652873277664,0.7242671251296997,0.08919593191984149,0.7081717927642995,0.0015651236330424829,0.624291214901966,0.017769858519935646,1.3212226710118962,0.403414867413792,0.6357328419974725,0.42826734061755445,0.5855129172243917,0.6263836296491805,0.6243869805296447,0.6242912149018275
fog/s5,39424.0,0.08883174508810043,0.7326440811157227,0.08917816670853704,0.7093655629277836,0.0014161529124673505,0.6272587375763773,0.01777017686720718,1.308948945046897,0.4081835296468636,0.6391729046271002,0.43139552354509236,0.5877097841155857,0.6299141883976225,0.6273453880937475,0.627258737576252
fog/s5,39552.0,0.08858192712068558,0.7257170677185059,0.08914908185059306,0.7101631973078188,0.0020063763116376205,0.633104128407894,0.017561251710822557,1.2998341492462122,0.41413423473698957,0.6460593325031645,0.4388734927496047,0.5957207505293312,0.6355068295971349,0.6331825314042772,0.6331041284077805
fog/s5,39680.0,0.08852782845497131,0.6960135102272034,0.08911877680690419,0.70947296866974,0.001815406525877942,0.6331321411709736,0.01725008406107937,1.3082442040080182,0.40895935219212437,0.6463786405337973,0.4343554922499397,0.5941946826621728,0.6353061498020477,0.6332030816572907,0.633132141170871
fog/s5,39808.0,0.08867483586072922,0.7250506281852722,0.08909712115099322,0.7102328544997659,0.001642613519250654,0.6332318481386382,0.016982407331302053,1.2929696413573264,0.4095380277716961,0.6452547068720439,0.43556570714584075,0.5966248437413234,0.635961126620413,0.6332960364073402,0.6332318481385454
fog/s5,39936.0,0.08857180178165436,0.7217615842819214,0.08907149581590351,0.7107952315623101,0.0014862671997502943,0.6279866989999219,0.01670483517784363,1.2882952489357196,0.40628782881662684,0.638902384980594,0.43429978618014503,0.5918895819931903,0.6304562008266794,0.6280447777368021,0.6279866989998378
fog/s5,40064.0,0.08868587017059326,0.6902254819869995,0.0890526848088152,0.7097918291440022,0.0013448021480191538,0.6255273760731,0.016575025206343543,1.3055496597232965,0.40574511459255763,0.6354040913476998,0.4318158683997624,0.5877537502746237,0.6277618271608443,0.6255799267921928,0.625527376073024
fog/s5,40192.0,0.08861719071865082,0.7405000925064087,0.08903144119466083,0.711289793210461,0.0012168019435675984,0.6196027001827394,0.01636207137448219,1.2974192912239022,0.4019450144528734,0.6292643503508932,0.42625933125284865,0.5815762666077946,0.6216244729991933,0.6196502490487359,0.6196027001826707
fog/s5,40320.0,0.0885462611913681,0.704918622970581,0.08900777387742705,0.7109790044182718,0.0011009849828473035,0.6187407537049058,0.01603268123624922,1.2993269305178659,0.3994547096863893,0.6274827941009569,0.4221797696820837,0.5791842662168089,0.6198078961521553,0.6187837768013844,0.6187407537048436
fog/s5,40448.0,0.08863440155982971,0.7045118808746338,0.0889895605936418,0.7106635349771186,0.0017212065192806355,0.6217346438936119,0.01594682026174131,1.3001669627509274,0.39930211982926717,0.6289195894274571,0.42287577613709054,0.5799199993550067,0.6219380190645022,0.6217735719898309,0.6217346438935556
fog/s5,40576.0,0.0886630117893219,0.7510944604873657,0.08897363138367498,0.7126357752459112,0.0015573796048934244,0.627380811042346,0.015983154365434467,1.284908717781261,0.3993127746938223,0.6331196879947425,0.42140485157912827,0.5828351094699376,0.6275648286716882,0.6274160339063253,0.6273808110422952
fog/s5,40704.0,0.08859743177890778,0.70751953125,0.08895528018344243,0.7123862023680618,0.0014091459720659717,0.6234919474095231,0.015782451727024024,1.2917512219416452,0.3956229805528279,0.630208980035695,0.41637449687796196,0.5781482459867787,0.6236584499759892,0.6235238177106014,0.6234919474094771
fog/s5,40832.0,0.0884966179728508,0.720607578754425,0.08893290641707209,0.7127872451186161,0.0012750214298110306,0.6237098465258086,0.015574906788933694,1.2880684501784654,0.3997204363003279,0.629787542316652,0.42070901829350393,0.5812319941379479,0.6238605011382983,0.6237386833657492,0.6237098465257671
fog/s5,40960.0,0.08852425217628479,0.6781318187713623,0.08891297206386295,0.711096736516311,0.0011536630545761913,0.6247435613121682,0.01533055519312689,1.3092847657580962,0.39896626032885113,0.6324921783840736,0.4194815091162519,0.5743367716144073,0.6256420715237071,0.6247696534201692,0.6247435613121307
fog/s5,41088.0,0.08862099796533585,0.7323423624038696,0.08889872942491041,0.712133108510826,0.0010438557442060598,0.6284302241260011,0.015197465083350264,1.2964003387014744,0.40263395714466543,0.6354784969197952,0.4234087598844849,0.5761101901401032,0.6300054079640443,0.6284538327495998,0.6284302241259672
fog/s5,41216.0,0.08871309459209442,0.7260525226593018,0.08888967406721207,0.7128121043229467,0.000944500051717678,0.6260030463388743,0.015069022114079754,1.2856697278070959,0.4084994044122761,0.6339048446252281,0.4287468612637129,0.5809494938745372,0.6274283019115474,0.6260244078596914,0.6260030463388435
fog/s5,41344.0,0.08860176056623459,0.7449659109115601,0.08887562950618877,0.714380582693123,0.0008546011770747103,0.6266325898164352,0.014993923623229249,1.2754618988730302,0.40737438674067333,0.6360316886823152,0.42863190123861233,0.5828185188478116,0.627922187511876,0.6266519181169486,0.6266325898164075
fog/s5,41472.0,0.0885598286986351,0.7106797695159912,0.08886022458874712,0.7142000552210678,0.0007732590067404131,0.6188924265977384,0.01488971258953355,1.2754715467997384,0.40124416551610004,0.6273969057024399,0.42269058404754867,0.577761431985438,0.6200592785279972,0.6189099152027835,0.6188924265977132
fog/s5,41600.0,0.08863487094640732,0.7325421571731567,0.08884923172814518,0.7150947919016575,0.0006996591012802904,0.6152352057437003,0.014872490272889618,1.26602109858079,0.4062937987804808,0.625105260900304,0.4279111411875797,0.5749703379237664,0.6170160098995146,0.6152510297581402,0.6152352057436774
fog/s5,41728.0,0.08872717618942261,0.7215471267700195,0.088843277799427,0.7154095399440166,0.0006330645407777046,0.6116286424367449,0.014735133608785346,1.2623338472847143,0.4041145853332012,0.6213214466563727,0.4243621925914983,0.5743968673301895,0.6132399470893288,0.6116429602987098,0.6116286424367242
fog/s5,41856.0,0.08849608153104782,0.7249805927276611,0.08882634139609143,0.715876420567609,0.000572808546414568,0.6143141969936282,0.014429743215535288,1.264628536499452,0.4020684320593689,0.623809441025784,0.42340044314792913,0.5746773558650912,0.6157721353497139,0.6143271520608791,0.6143141969936093
fog/s5,41984.0,0.08851426094770432,0.714718222618103,0.08881111795958473,0.7158199231066574,0.0005182878043406055,0.6160934822292138,0.01436496710104073,1.2596353125590538,0.40090486922207014,0.6239227601429015,0.42245587390124933,0.5779799275852491,0.6174126519136911,0.6161052042145134,0.6160934822291968
fog/s5,42112.0,0.08843547105789185,0.7095317840576172,0.08879279372047774,0.7155131846164603,0.0011939712970862944,0.6117545725583784,0.0140848111559992,1.2695899233857333,0.39390321599450834,0.6196008436510131,0.414927355266984,0.5712827006883783,0.6129481817731851,0.6117651788282421,0.6117545725583631
fog/s5,42240.0,0.08863069862127304,0.7384517192840576,0.08878488664246775,0.7166321375270748,0.0010803273901655286,0.612215916038842,0.014997809808033837,1.2536667539276383,0.39663997116457295,0.6208397579971391,0.4193252572046892,0.5756333954473667,0.6140581109321919,0.6122255127886711,0.6122159160388282
fog/s5,42368.0,0.08860897272825241,0.7505256533622742,0.08877630547592065,0.7182854797629382,0.0009775002739094401,0.6215937883968343,0.014884699327585302,1.2344353984882324,0.4004919072821626,0.6286717857903917,0.42406675562661045,0.5870432150359576,0.622535625656076,0.621602471714199,0.6215937883968219
fog/s5,42496.0,0.08879204839468002,0.7527775764465332,0.0887770734231772,0.7199680210645769,0.0008844603906105047,0.6213417026481767,0.014785180104832752,1.2193365781174206,0.40416311182401504,0.630720426048296,0.42778065753008593,0.5922919274656107,0.6221938944811968,0.6213495594748939,0.6213417026481655
fog/s5,42624.0,0.08850280195474625,0.7116039395332336,0.08876369432715618,0.7195600170874381,0.0008002761773459711,0.6149416893086713,0.014587354470240503,1.222743444601904,0.3954013046307714,0.6241899274357277,0.42126970856826923,0.5864818689322985,0.6157127682961928,0.6149487983113108,0.6149416893086612
fog/s5,42752.0,0.08862437307834625,0.7185138463973999,0.08875689816867764,0.7195089843708509,0.0007241047386931719,0.620323503532712,0.014534163906977662,1.2299990207414744,0.39872048443985914,0.6272042710468421,0.4273877018038891,0.5901852603486175,0.6210211901121412,0.6203299358902461,0.6203235035327029
fog/s5,42880.0,0.08853480964899063,0.7378931641578674,0.08874606458235144,0.7204057736287541,0.0014173785291804368,0.6195044907038995,0.01438811497441983,1.2200885816963007,0.39958587556991415,0.6272175468544001,0.4285361061533106,0.588461053533758,0.6208607853423954,0.6195103108203832,0.6195044907038911
fog/s5,43008.0,0.0885418951511383,0.7105473875999451,0.08873610509790202,0.7199248767493001,0.0012824704002875932,0.6185031709462409,0.01411821210400134,1.2207259522860858,0.3941226155513619,0.6269692973025238,0.42256672662652317,0.5881650877006817,0.6204925666304483,0.6185084370956591,0.6185031709462334
fog/s5,43136.0,0.08843294531106949,0.7105416655540466,0.0887213168156175,0.7194671591300194,0.001160403021319113,0.6228953438484428,0.013798179517893723,1.2243076448001062,0.39382688771779983,0.6320428621041871,0.421813052468139,0.5931211174257803,0.624695385987455,0.6229001087581781,0.622895343848436
fog/s5,43264.0,0.08863437175750732,0.7291203141212463,0.08871707559327065,0.7199380447393475,0.0010499541912114044,0.6213481963078413,0.013822740851608305,1.2242617287587052,0.3947490756804125,0.6318372654732116,0.4260574972064482,0.5915078641312385,0.6229769078446871,0.6213525076866084,0.6213481963078352
fog/s5,43392.0,0.08854828774929047,0.7216109037399292,0.08870884203990576,0.7200196476174247,0.0009500180397576122,0.6211194863677731,0.013933647234779653,1.226405125038018,0.39145648073165223,0.6313723859516686,0.421272131618684,0.5902712441068493,0.6225931747958174,0.6211233873833025,0.6211194863677676
fog/s5,43520.0,0.08847484737634659,0.7548420429229736,0.08869742766607361,0.7217183010469636,0.001621789077020421,0.6258761087242016,0.013730260871510898,1.2109267204881642,0.39950122379110237,0.6351903028152813,0.4272039929756206,0.5979640465713966,0.6272095293661144,0.6258796384354569,0.6258761087241965
fog/s5,43648.0,0.08847570419311523,0.7557323575019836,0.08868661188690491,0.723377523313062,0.0014674248579108033,0.6287671394226713,0.013533285211586416,1.1973138474924574,0.4046423922583383,0.6379198099833687,0.434895016844687,0.6005373675402107,0.6299736431682688,0.6287703331709279,0.6287671394226667
fog/s5,43776.0,0.08849027752876282,0.7254137992858887,0.08867703460114187,0.7234768538483218,0.001327753247401744,0.6304720815359208,0.013357299774475946,1.1992741929066681,0.40159790519032273,0.6402779779801926,0.4348827011426346,0.599742615127103,0.6315637485181063,0.6304749712986206,0.6304720815359167
fog/s5,43904.0,0.08954736590385437,0.7544613480567932,0.08871948978664004,0.7249882925901985,0.0012013757818548794,0.631438450931669,0.015965461589810225,1.189409306479142,0.4117633336076626,0.6410732031575687,0.4434044250077021,0.6044332347461772,0.6324262114789052,0.6314410656425948,0.6314384509316652
fog/s5,44032.0,0.08874563127756119,0.7181363105773926,0.08872076498131912,0.7246540495651835,0.0010870271054142008,0.6301006150309747,0.015750940800189874,1.2037863330216856,0.40967699608403013,0.6395433325417381,0.4390314577255889,0.5982297442289919,0.6317193739794259,0.6301029808699505,0.6301006150309714
fog/s5,44160.0,0.08850738406181335,0.7380994558334351,0.08871035615597737,0.7253099230416835,0.0009835623006157045,0.6294292299001265,0.015476171755427818,1.1966108056172502,0.41133995303022597,0.637210980842346,0.44087483474159467,0.5938064788651378,0.6308939130414675,0.6294313705551426,0.6294292299001234
fog/s5,44288.0,0.08903728425502777,0.743896484375,0.08872630386812616,0.7262165845701379,0.0008899454248878563,0.6313685952873839,0.015599369238457589,1.1851065476436828,0.4147036398328219,0.6369224579781131,0.4444389492218712,0.593224809252751,0.6319688529066461,0.6313705321917737,0.6313685952873811
fog/s5,44416.0,0.08852167427539825,0.7385678291320801,0.08871632193677358,0.7268190843048669,0.0008052391381644433,0.6395741424343311,0.015161950115591348,1.1783438202044858,0.4198106699498644,0.6453615756006603,0.44900231514959316,0.5984614425184022,0.6401172666692496,0.639575894981373,0.6395741424343286
fog/s5,44544.0,0.08867218345403671,0.7249480485916138,0.0887141688400547,0.726727814270074,0.0007285953177561679,0.6426857648082198,0.014887134357949368,1.1796122420417163,0.4200815163555881,0.6500973863703774,0.4502684541002565,0.6018239762465731,0.6439022085686666,0.6426873505453113,0.6426857648082176
fog/s5,44672.0,0.08852534741163254,0.7631188631057739,0.08870495803866825,0.7285029873840105,0.0006592465665122732,0.6469884284790615,0.014550084402343044,1.1621702689087643,0.42101441783274807,0.6536946012310195,0.4513025393732838,0.6018176786859236,0.6480890893711732,0.6469898632834138,0.6469884284790594
fog/s5,44800.0,0.08865656703710556,0.7489535212516785,0.08870259750200665,0.7295005744019455,0.0005964985292475713,0.648706513811215,0.014442666438607477,1.1443637300865945,0.42700798900869114,0.6532871733922551,0.4589120537696399,0.6010869656640629,0.649702412215083,0.6487078120488234,0.648706513811213
fog/s5,44928.0,0.08857058733701706,0.7073575258255005,0.08869615798176325,0.7284204256908994,0.0012647378126029482,0.6435872144597609,0.014402856389304641,1.1474939606173253,0.4288431893409989,0.6477690605173229,0.45919778928234517,0.602098914202879,0.6444883218198341,0.6435883891292448,0.6435872144597591
fog/s5,45056.0,0.08843229711055756,0.7094408273696899,0.08868328671975322,0.7274945916264501,0.0011443582468584675,0.6388436366408662,0.013979801933891402,1.1598618761232946,0.4223054675714808,0.6433896436923545,0.4504958878634426,0.5976791781692913,0.6396589753051561,0.6388446995036176,0.6388436366408645
fog/s5,45184.0,0.08847008645534515,0.7199891805648804,0.08867288670685526,0.7271284740136906,0.0010354365814822897,0.6419504291081245,0.013691393598718953,1.1646888928556725,0.4253132755361227,0.6468259357858841,0.4545571061512767,0.6024918381888709,0.6419259675426189,0.6419513908060692,0.641950429108123
fog/s5,45312.0,0.08850650489330292,0.74155193567276,0.08866477052082831,0.727832057509255,0.0009368822370223453,0.6454493472179995,0.013493581101759957,1.1543138475397439,0.423275724027628,0.6483735861572455,0.452022670110703,0.6023104318175327,0.6454272139395141,0.6454502173801494,0.6454493472179982
fog/s5,45440.0,0.0885082557797432,0.7370419502258301,0.08865713565540953,0.7282813205686001,0.0008477084369488322,0.6436144896600697,0.013285960070687976,1.1534193917918991,0.4225289269756229,0.6477476053213387,0.4500640875897557,0.5979077434827289,0.6435944630588941,0.6436152769989334,0.6436144896600684
fog/s5,45568.0,0.08862148970365524,0.7430680394172668,0.08865539682849467,0.7290026239270716,0.0007670223275426376,0.6425305703586948,0.013298691882993569,1.149264108269158,0.4231173396370746,0.6462702901212112,0.4518426396335624,0.5952625983564727,0.6425124499182497,0.642531282757512,0.6425305703586937
fog/s5,45696.0,0.08845078945159912,0.7203997373580933,0.08864541598084122,0.7285829709237067,0.0006940160381870028,0.6409735261841609,0.013046473319074206,1.1571407857823992,0.4185746422296195,0.6435950989139572,0.44529084169104605,0.5943936121952378,0.6409571304733241,0.6409741707758334,0.64097352618416
fog/s5,45824.0,0.08857844769954681,0.7438607811927795,0.08864214923541222,0.7293282299612225,0.0006279585925534986,0.6454763434420634,0.012915920424527902,1.1466599167860052,0.4188887750334629,0.6493356010994222,0.4445121179131951,0.5988311624919432,0.6454615082985877,0.6454769266805725,0.6454763434420626
fog/s5,45952.0,0.08867993205785751,0.774029016494751,0.08864399229992175,0.7315087561335897,0.0005681885896929634,0.6464274350835089,0.012933432430915288,1.1260991152109714,0.42588404332296076,0.651443753285081,0.4528051346495953,0.6065457752232276,0.6471762070922974,0.6464279628085371,0.6464274350835081
fog/s5,46080.0,0.08906624466180801,0.7566540241241455,0.08866458997611132,0.7327353545721533,0.000514107581750742,0.6502252401915626,0.013132738140816442,1.121812073334649,0.4239408863142316,0.6540019028831696,0.4534862342665285,0.6065176229116771,0.6509027430026081,0.6502257176869629,0.650225240191562
fog/s5,46208.0,0.08869432657957077,0.7605499029159546,0.08866604054213373,0.7340921618084363,0.0004651740820005226,0.6530852708693435,0.013069239204286322,1.1093035826221906,0.42725778589169916,0.657227480241107,0.45703974557964894,0.6090018170426299,0.6559105128536388,0.6530857029160443,0.6530852708693431
fog/s5,46336.0,0.08882301300764084,0.7632622718811035,0.0886736977355731,0.735515094007103,0.00042089814320213847,0.6533864943440044,0.013503068623605374,1.0916715865671054,0.43570588479552314,0.6578966373865103,0.46486537955184176,0.6149861771099585,0.6559428257289616,0.6533868852678781,0.653386494344004
fog/s5,46464.0,0.0886600911617279,0.736379086971283,0.08867303400026358,0.7355572400053556,0.00038083645199907945,0.6565962866729509,0.013338375320513185,1.0940315365130178,0.43336698439856675,0.661364982430031,0.46196326133155935,0.6180771715551737,0.658909302756544,0.6565966403881276,0.6565962866729507
fog/s5,46592.0,0.08843772858381271,0.7302678823471069,0.08866155568726597,0.7352992225586117,0.0003445878902383104,0.6593890255975956,0.013085775266338504,1.1045205376714444,0.4268262541762165,0.6629788151553104,0.45796170165693145,0.6171001653393332,0.661519065730341,0.6593893456456527,0.6593890255975954
fog/s5,46720.0,0.08851012587547302,0.7685003876686096,0.0886541688671785,0.7369187915883676,0.0003117895187700595,0.6577145793777173,0.012842789842297926,1.0943962785121477,0.4278793769197056,0.6624498975914498,0.45830071280201823,0.6149520234866899,0.6604040743461324,0.6577148689631396,0.657714579377717
fog/s5,46848.0,0.08842313289642334,0.7151252627372742,0.0886428988198246,0.7358556926200215,0.00028211294351532446,0.6538757437439072,0.012603673445805099,1.1134954380013904,0.42422191094281514,0.6596475575470524,0.4547593005186613,0.6107589397520852,0.6563092487093798,0.6538760057661721,0.653875743743907
fog/s5,46976.0,0.08845017850399017,0.7385499477386475,0.08863349782880828,0.7359871196989788,0.00025526102741630486,0.6503651137623337,0.012360224943416064,1.1155105502527267,0.42258567908627115,0.6548625431463811,0.45170368595412475,0.6107015748738379,0.651841979349772,0.6503653508449422,0.6503651137623335
fog/s5,47104.0,0.08849841356277466,0.7118548154830933,0.08862690835241639,0.7348099341274722,0.0002309649153481259,0.648062366467882,0.012150359851204818,1.1276844618751816,0.41591854127913047,0.6521317240485698,0.44527665457241145,0.605537385712735,0.6493986618625835,0.6480625809846263,0.6480623664678817
fog/s5,47232.0,0.08851946890354156,0.7401314377784729,0.08862166740369078,0.7350695196714234,0.00020898134220374745,0.6443800472323905,0.012332077153007229,1.1263631920817607,0.413473885357262,0.6495492874942741,0.4444992811449362,0.6043782651213979,0.6455891521076679,0.6443802413311224,0.6443800472323903
fog/s5,47360.0,0.08851303905248642,0.7713310718536377,0.08861636845972957,0.7368383758754339,0.00018909019719922656,0.6433719820585757,0.012197019476534178,1.108738902065312,0.4217467457634714,0.6487742214626955,0.4535557148253706,0.6072148074060953,0.6451910174632736,0.6433721576827109,0.6433719820585755
fog/s5,47488.0,0.08847358077764511,0.7202625274658203,0.08860940320694496,0.7360297979042332,0.0001710923200119117,0.6409726559851835,0.011949587968414688,1.1214241856810836,0.41737168370389055,0.6480357470819511,0.44909026903592425,0.6052453730307383,0.6418563578593925,0.6409728148931607,0.6409726559851833
fog/s5,47616.0,0.08843592554330826,0.7235058546066284,0.08860094088188951,0.7354188738409353,0.00015480750668537638,0.6327785007456658,0.011761007510209516,1.131413121006454,0.4117027548564054,0.6406193464078808,0.4440645741842003,0.5966408164067538,0.6335780906032933,0.632778644528553,0.6327785007456656
fog/s5,47744.0,0.0885462611913681,0.7077029943466187,0.08859827357991286,0.7340668797192613,0.0008650875774351323,0.6321868528460188,0.011665627531490655,1.1394446673094931,0.4119831291710842,0.639318575780123,0.44202689906851195,0.593577145600638,0.6329103365898924,0.6321869829434439,0.6321868528460186
fog/s5,47872.0,0.08851885795593262,0.7403132319450378,0.08859439964703576,0.7343715798278359,0.000782747296418106,0.6336778424621028,0.011606304246188874,1.1334104181478715,0.4120880960554545,0.640855772612473,0.44300887179250836,0.5956942822478111,0.6350946591036443,0.6336779601766674,0.6336778424621026
fog/s5,48000.0,0.08860757201910019,0.7324169874191284,0.08859504220177061,0.7342762338566794,0.0007082442818869358,0.6351756385394756,0.01154318461904784,1.1299814005793025,0.4159568674005629,0.642432558086598,0.4454217691828704,0.5985951834020944,0.6364576005333986,0.6351757450497985,0.6351756385394753
fog/s5,48128.0,0.08843248337507248,0.7557739615440369,0.08858711250290728,0.735324903499965,0.0006408325715348182,0.6386687365963963,0.011351347062513967,1.1231771751132256,0.41880674914708876,0.6467221420878736,0.44699152940341813,0.6019078072305684,0.6398286796022006,0.6386688329689134,0.6386687365963963
fog/s5,48256.0,0.08856700360774994,0.7091004252433777,0.08858613158119229,0.7340456606581803,0.0005798372048212125,0.6329432768370724,0.011320528349760012,1.1418368053766976,0.4125736558314824,0.6409923427219845,0.4402508127439612,0.5937696459236732,0.633992814797708,0.6329433640367146,0.6329432768370724
fog/s5,48384.0,0.08845847100019455,0.7183398008346558,0.08857990423577776,0.7332795211545937,0.0005246474649215136,0.6299006389465717,0.011129265908347855,1.1439039844038328,0.40899734117768277,0.63870797339687,0.43705174668861685,0.5923177462521755,0.6316124754951301,0.6299007178464264,0.6299006389465717
fog/s5,48512.0,0.08859198540449142,0.730523407459259,0.08858049356108086,0.7331450765840896,0.00047471076391768116,0.6317579546922877,0.011413323569493296,1.1392901476059012,0.40869866503941427,0.6382026041264957,0.43408281184615477,0.5888289958652937,0.6310574510577589,0.6317580260823407,0.6317579546922877
fog/s5,48640.0,0.08849453926086426,0.7377090454101562,0.08857630066838736,0.7333677092097513,0.0004295271100052308,0.6370635628119985,0.011405859113361455,1.1424047977543639,0.4128900473081196,0.6436569963571682,0.43810749959428996,0.5937590141053609,0.6364297341218628,0.6370636274070435,0.6370635628119985
fog/s5,48768.0,0.08865335583686829,0.7500078678131104,0.08858005945709374,0.7341794242635735,0.0003886441013194265,0.638387822151725,0.011421656051197254,1.138093984039127,0.40852142293613913,0.6450786980721314,0.4351496174199376,0.5939440573790922,0.6378143221887884,0.6383878805985206,0.638387822151725
fog/s5,48896.0,0.08856990933418274,0.7338266372680664,0.08857956432914685,0.7341622151418414,0.0003516523962563044,0.6429880294424589,0.011454300369939675,1.1376603138424295,0.41135400611889805,0.6504920879046471,0.43693490071131763,0.5983500364506836,0.6431941309037162,0.6429880823262045,0.6429880294424589
fog/s5,49024.0,0.08857026696205139,0.7459449172019958,0.08857911079904462,0.7347369810959953,0.0003181816149350618,0.6406252485318144,0.011317221729606452,1.1329564351528671,0.4078565992307221,0.6488650896507842,0.4370258679249935,0.5971500032370551,0.6408117329592816,0.6406252963820089,0.6406252485318144
fog/s5,49152.0,0.08847672492265701,0.749890923500061,0.0885741163660501,0.7354761977986326,0.000287896630765157,0.6435996448643007,0.011114903057078216,1.1220355835994396,0.4077780413027533,0.6533046111593354,0.4385582064925134,0.6035374211323978,0.6437683794354951,0.643599688160045,0.6435996448643007
fog/s5,49280.0,0.08850269019603729,0.7400767803192139,0.08857063216263483,0.7357006164581731,0.0002604942149873907,0.6432793336339091,0.011275767585864,1.1245938670295248,0.41216859061361555,0.6535105970097258,0.4422312802350463,0.6040930502929073,0.6441570226778037,0.6432793728087022,0.6432793336339091
fog/s5,49408.0,0.08849434554576874,0.7294859886169434,0.08856691086425113,0.735397463880552,0.00023570000059239808,0.6422644952154526,0.011175749428049532,1.1277297270628628,0.41030394189369973,0.6530463224579374,0.4420412119199913,0.600208524387574,0.6430586445526112,0.6422645306615324,0.6422644952154526
fog/s5,49536.0,0.08846966177225113,0.7298730611801147,0.08856216700610478,0.7351279808219942,0.0002132657352177498,0.6428334605726967,0.011044880667929373,1.136745114345755,0.40915588674617326,0.6533512530984666,0.4393223874659766,0.5966565530002974,0.643552021632672,0.6428334926449677,0.6428334605726967
fog/s5,49664.0,0.08847014605998993,0.7701934576034546,0.08855767817946503,0.7368384918845045,0.0001929667955182614,0.6479586219697036,0.010876300600092181,1.1219657181279399,0.4172262663539141,0.6574753158612539,0.44452147610693066,0.6024402838271579,0.6486087893535359,0.6479586509892896,0.6479586219697036
fog/s5,49792.0,0.08851268887519836,0.685383677482605,0.0885554835792569,0.7343285009380703,0.0016246296823219963,0.6375751421867455,0.010801765036591329,1.1509135769915368,0.40794610417864563,0.6476360531974819,0.4378299614269135,0.5934520652594332,0.6381634257029911,0.6375751684442055,0.6375751421867455
fog/s5,49920.0,0.08862323313951492,0.7017239928245544,0.08855878843585485,0.7327380371276548,0.0014699950903103844,0.638590446916145,0.010833527354291118,1.1594181656847524,0.40347175755842946,0.6477309261828493,0.43344846599068143,0.5912681982508018,0.6391227367604101,0.6385904706743821,0.638590446916145
fog/s5,50000.0,0.1119292750954628,0.7347763776779175,0.08969881217534792,0.7328374683740091,0.0013300788413813768,0.6256780605350722,0.010777864658642418,1.2045824170689037,0.3907416973506075,0.6377223311862663,0.41859019439133044,0.5837337474952228,0.6292084667534703,0.6256780820319662,0.6256780605350722
