corruption,n_samples,r_l,r_s,r_l_ema,r_s_ema,large_acc_ema,small_acc_ema,large_ent_ema,small_ent_ema,fixed_ts_duo_acc_ema,"PW NN - β=0.5, pbs=256_duo_acc_ema","PW NN - β=0.01, pbs=256_duo_acc_ema","PW NN - β=0.1, pbs=256_duo_acc_ema","PW NN - β=1, pbs=256_duo_acc_ema","PW NN - β=2, pbs=256_duo_acc_ema","PW NN - β=4, pbs=256_duo_acc_ema"
glass_blur/s5,128.0,0.3964196741580963,0.07444313913583755,0.3964196741580963,0.07444313913583755,0.33765243902439024,0.20083841463414634,3.3679475726150883,6.249081588372952,0.3548018292682926,0.3548018292682926,0.3548018292682926,0.3548018292682926,0.3548018292682926,0.3548018292682926,0.3548018292682926
glass_blur/s5,256.0,0.3297548294067383,0.05757235735654831,0.3931677305116886,0.07362017417099417,0.31748623423920136,0.19213279515677367,3.4136670415707018,6.265370820493339,0.33514118519754493,0.3359033803194962,0.33514118519754493,0.33514118519754493,0.3359033803194962,0.3359033803194962,0.3359033803194962
glass_blur/s5,384.0,0.41508400440216064,0.06381498277187347,0.3942368170429311,0.07314187215152487,0.3127730888029894,0.18890332030544482,3.4096297685284376,6.2744169996281425,0.3294726309848101,0.33096165464958577,0.3294726309848101,0.3294726309848101,0.33096165464958577,0.3294372644056833,0.3294372644056833
glass_blur/s5,512.0,0.3986974060535431,0.0724291279911995,0.3944544067507659,0.07310710414370412,0.3045860309752212,0.18811909588612824,3.4108668806575104,6.277132026006869,0.32568210691724936,0.32325560780607965,0.32568210691724936,0.323432701801247,0.32325560780607965,0.3196640863539823,0.3196640863539823
glass_blur/s5,640.0,0.3478942811489105,0.06477765738964081,0.39218318111165096,0.07270078966789616,0.2942038091096439,0.18714925332706783,3.4536365407673637,6.2838576625859215,0.31626635016129456,0.31109638874065854,0.31626635016129456,0.31270665641861783,0.31109638874065854,0.30784671347079534,0.30784671347079534
glass_blur/s5,768.0,0.38917553424835205,0.06342996656894684,0.3920364666305144,0.07224855439477666,0.2834341128231816,0.18714545765048793,3.4572650569223202,6.291559341100491,0.3055717540721766,0.30013168190038164,0.30480955895022543,0.30231369685468035,0.29871883240603303,0.2957784659066506,0.2957784659066506
glass_blur/s5,896.0,0.3550425171852112,0.05634146183729172,0.39023188373074347,0.07147259866026519,0.2789133168376318,0.17978033378131597,3.4829377534867136,6.3024810313108555,0.30050543601652624,0.2925715575077218,0.2990535926016019,0.2960330951314508,0.29201819993431066,0.2900827166234476,0.2900827166234476
glass_blur/s5,1024.0,0.3982693552970886,0.06426001340150833,0.3906239555144676,0.07112076523300875,0.2718112164842582,0.18356388321319547,3.4743700134655904,6.305867175374755,0.2935975717912769,0.2848944610168024,0.29228391692268674,0.28730150963410866,0.28443095306370403,0.2819174967187768,0.2819174967187768
glass_blur/s5,1152.0,0.36761218309402466,0.06545525044202805,0.38950143003054355,0.07084439865783895,0.26603575863923656,0.1831763333535219,3.486789571803826,6.3106059389798785,0.2916972972602809,0.2793981113661846,0.2897464828312947,0.2844761131192619,0.2774543305234347,0.2751801085718379,0.2751801085718379
glass_blur/s5,1280.0,0.40571293234825134,0.060879871249198914,0.3902922350216512,0.0703583241501004,0.2600850023142646,0.17698837182076552,3.4701691545629254,6.315727299811174,0.2863156389844659,0.27442491218796355,0.28455050588126063,0.27978177754574496,0.2711789332100798,0.2683589798558985,0.2683589798558985
glass_blur/s5,1408.0,0.40929651260375977,0.0661420226097107,0.39121927295248576,0.07015265090422773,0.25252560292682713,0.17425226861355403,3.463541621209992,6.317020795881069,0.2836212593071818,0.27068726438899016,0.28202413411385924,0.27770930020647117,0.26477582237509295,0.2607370662467708,0.26001205137467076
glass_blur/s5,1536.0,0.37567025423049927,0.0646774172782898,0.39046078423434005,0.06988556633710881,0.24992426653878885,0.17036374215420325,3.4720452136765756,6.318494475903065,0.27577360821310143,0.26635727491710526,0.2743284996949315,0.2711865530125179,0.2610084924643167,0.25735415095855935,0.2566981440457312
glass_blur/s5,1664.0,0.4370858371257782,0.07091619074344635,0.3927351770583126,0.06993584069839356,0.2522552405743592,0.17047040560175084,3.4557542488225748,6.317425040972738,0.27781924931120006,0.2693363564241029,0.2765116883021956,0.27443099175017227,0.2630094687913299,0.2589779378988511,0.2583843706683862
glass_blur/s5,1792.0,0.414549857378006,0.06653259694576263,0.39379930780561473,0.06976982880802132,0.25116684765829883,0.17285350203465974,3.4397672234690955,6.318214920016469,0.27879644747313226,0.2658971434390604,0.2776133420033548,0.2735184642784128,0.2601352778296328,0.2572496689733209,0.2567125983263625
glass_blur/s5,1920.0,0.42270445823669434,0.08295339345932007,0.39520931514371616,0.07041292952271883,0.2495313951744631,0.1758091472901353,3.4165441098646845,6.310355245489327,0.28421662498907446,0.2688828406727013,0.28314612920113186,0.27871599296101474,0.25917058749486704,0.2550352447997746,0.2545492933101709
glass_blur/s5,2048.0,0.4172624349594116,0.0648719072341919,0.3962850770859452,0.07014263575254677,0.25258759789432383,0.17089869900552992,3.396510469200446,6.31348768102696,0.28690867733990616,0.2723093698174769,0.28594007288216633,0.28269379850904425,0.26130931801290463,0.2575675831888501,0.25712788526161207
glass_blur/s5,2176.0,0.4872856140136719,0.06603524833917618,0.4007241276677855,0.06994227539091893,0.2551670055902835,0.17534171397228496,3.346663882504207,6.314955639179271,0.28992079014515004,0.2744616606141478,0.28904437885411954,0.28538207467713045,0.2630585798320214,0.2596729887151939,0.259275141869668
glass_blur/s5,2304.0,0.4389358162879944,0.0724886879324913,0.4025881124785274,0.07006649063684929,0.2554002174317794,0.173598897651306,3.320859460225677,6.311104735257317,0.2905827018505492,0.2765578142737173,0.28978970864789755,0.2864388076049467,0.2640278702703775,0.2602395097179119,0.2591173353859399
glass_blur/s5,2432.0,0.4296264946460724,0.0729551613330841,0.4039070579501149,0.07020740140251928,0.2510752413526094,0.17118540947509603,3.3093407962040424,6.307579882695054,0.28439621624906913,0.27170623766229857,0.2836787012810542,0.28137175869549313,0.2596067166455943,0.25545392283220936,0.2544385586686582
glass_blur/s5,2560.0,0.4549253582954407,0.06957113742828369,0.40639575552793566,0.07017636413548341,0.25169791320482976,0.17197606056610415,3.284496421467785,6.308368314757729,0.2825723646132267,0.27109023645708274,0.28192314375281585,0.2805979744056187,0.2594173503973521,0.25565982547756716,0.2547411051368406
glass_blur/s5,2688.0,0.4546525478363037,0.07291027903556824,0.40874974539663655,0.07030972583792656,0.25096000950895064,0.1720036217257849,3.271391342378603,6.304767737378639,0.28187020617294334,0.2692315583885918,0.2812827790886573,0.2785965312736145,0.2579446995564381,0.25454482126792366,0.25371354605183494
glass_blur/s5,2816.0,0.42879635095596313,0.07630880922079086,0.4097276285946525,0.07060236405172482,0.24720637981148955,0.1741664239410582,3.278823289327562,6.299760971840385,0.28039832456219316,0.2660254017305462,0.27986680963346083,0.27594903275857685,0.2558128423708164,0.25197437427038183,0.2496978307821778
glass_blur/s5,2944.0,0.4742525517940521,0.07708264887332916,0.4128751858238915,0.07091847550643722,0.2521198118341913,0.1719219992946755,3.242285929425672,6.2940689886784895,0.28135312412795704,0.2683854170328142,0.2808721995553206,0.27736450257334644,0.2591449037751408,0.2564339817163895,0.2543741229147486
glass_blur/s5,3072.0,0.4387269616127014,0.07578861713409424,0.41413624805749194,0.07115604339071317,0.24886926460428607,0.1719175258341472,3.2311367537707714,6.291490335918409,0.2775323330152425,0.26431170095592527,0.2770971835357779,0.272436144208245,0.2552256981808383,0.2527728055863346,0.2509090071108463
glass_blur/s5,3200.0,0.46377551555633545,0.07552412897348404,0.41655767574036234,0.07136912073621418,0.24901406987692987,0.16897623842578102,3.196117687389907,6.289294015868496,0.2780349069102819,0.26451106314929346,0.2776411755847223,0.2726615855685548,0.256289879198724,0.25254606620869413,0.25085966675526306
glass_blur/s5,3328.0,0.4708408713340759,0.07417212426662445,0.41920563650103126,0.0715058526157464,0.2558933077232661,0.1737137767076817,3.1681667092227777,6.2858802896261565,0.2836391097028784,0.2714396651100983,0.28328285429170885,0.2787772288219939,0.2624765950394165,0.259089123559443,0.2575632380337627
glass_blur/s5,3456.0,0.47440189123153687,0.08846749365329742,0.4218981367317876,0.07233324973952937,0.25983118444205094,0.17277656417155493,3.1303390358920127,6.275057998764241,0.28642331103990365,0.2746228320240687,0.2875509942758412,0.2827492058526191,0.2665128798661228,0.2627228179261825,0.2613421683815306
glass_blur/s5,3584.0,0.45136478543281555,0.07795210182666779,0.42333553422939874,0.07260734008524344,0.25820760353144523,0.16750410714154373,3.128760384028129,6.269294375514742,0.2860424485970811,0.272390736174068,0.2870627973191876,0.28271805003083494,0.2650155206879077,0.2608240071777058,0.25957476984432365
glass_blur/s5,3712.0,0.4698501527309418,0.07462850213050842,0.4256045400099618,0.07270593335574417,0.2641002468598026,0.16494571502813088,3.0973096618228637,6.269242976919213,0.290772941294563,0.2791828136351918,0.2916961717563857,0.28776496376972033,0.27102237178245536,0.266467617440387,0.26533728431482223
glass_blur/s5,3840.0,0.46231400966644287,0.07450534403324127,0.4273952458468633,0.07279370948635377,0.266494780174753,0.16419240485293696,3.0687190824167265,6.265664297422802,0.292840954020839,0.28239117164730915,0.29367631007820505,0.29088147524910446,0.27424525727609433,0.268636821015365,0.2676140746239409
glass_blur/s5,3968.0,0.4809568226337433,0.0891614481806755,0.4300080056901257,0.07359213576412557,0.2710223442271263,0.17174622116675617,3.051593259791063,6.25707559445705,0.2964224218118358,0.28544287452442424,0.2971782674770671,0.29461226880064717,0.27879731488217696,0.2737226976587568,0.27203510261928265
glass_blur/s5,4096.0,0.4977967441082001,0.0784650444984436,0.43331477341783664,0.07382983862921426,0.27417087184381855,0.17023408827759437,3.0322124202085843,6.252343440506471,0.3031393537036301,0.29015607504559743,0.3038232568903147,0.3007392985400264,0.28196800472087513,0.27661420174834567,0.275087234434223
glass_blur/s5,4224.0,0.470636785030365,0.07563558220863342,0.4351353593501551,0.07391792368186885,0.27027150272126593,0.16962807749566985,3.0263233356057935,6.253434366725267,0.30174372812803174,0.28553458664149534,0.30087532643079634,0.2981220839258656,0.2773264932661815,0.2724822729680153,0.27110064460110245
glass_blur/s5,4352.0,0.5048989653587341,0.08574755489826202,0.4385384620822809,0.07449497886315633,0.27280366189116323,0.1721285281801986,2.98727484890358,6.24425583683967,0.30505411093559565,0.2888633886268378,0.3050305600840222,0.3017771800423804,0.2806743582735646,0.27552902271525953,0.2735538848532283
glass_blur/s5,4480.0,0.46009060740470886,0.10224182903766632,0.4395897862443505,0.0758484837497178,0.27280822114007097,0.17656602698517673,2.9792392691551104,6.224853491531114,0.30866288086439087,0.2895887650811543,0.30864157161677436,0.3042478232269248,0.2814541635538915,0.27527417819744776,0.2734870368005712
glass_blur/s5,4608.0,0.49293652176856995,0.07925032824277878,0.44219206602601974,0.07601442738352565,0.2714366771886067,0.17550605416088866,2.964013658233173,6.223034730813132,0.30910246388741136,0.28883224966593435,0.30908318288466025,0.30358324754797894,0.28074689635066563,0.27366792090322306,0.2720508821973044
glass_blur/s5,4736.0,0.4797343909740448,0.07495084404945374,0.4440233989503136,0.07596254526966849,0.2702328590147952,0.17527198594807356,2.9418922320739016,6.22463410814315,0.3087751918933686,0.28742272560492926,0.30875774608421663,0.3030191073887423,0.27941911323578966,0.2722517297405129,0.2707886031065437
glass_blur/s5,4864.0,0.5169446468353271,0.08074814826250076,0.447580532993485,0.07619598931809933,0.27280587659815797,0.17346144594111831,2.9036338887169877,6.221788572312907,0.31214132472921685,0.2898096166835797,0.31212553943729526,0.30540872239040867,0.2818427847897894,0.27535760317389657,0.27330872416719393
glass_blur/s5,4992.0,0.4642542004585266,0.07064521312713623,0.44839388262592605,0.07592521974780846,0.2714717360534195,0.16881163550055975,2.896625152148416,6.226278131257148,0.3078253747252462,0.28761923080055013,0.3078110919001345,0.3017335911694299,0.28041069343561553,0.2737805856201646,0.27192672186692557
glass_blur/s5,5120.0,0.4748634696006775,0.09071138501167297,0.449685081990548,0.0766464961021433,0.2745774899091321,0.16834101582174385,2.883194498607384,6.217637605465502,0.30972034203277776,0.2899130577320861,0.31046961378947324,0.30497057832760427,0.28266562445899535,0.27666657985025006,0.2749891695179023
glass_blur/s5,5248.0,0.49176323413848877,0.09199018776416779,0.45173767477825244,0.0773949688661445,0.2699887639213503,0.16940240039552196,2.8516254487475123,6.209887635997731,0.3076611482640422,0.2846268654434877,0.3076140883841694,0.30187626391212735,0.2787942681749743,0.2718790112743785,0.2703612592722959
glass_blur/s5,5376.0,0.5198745727539062,0.09100226312875748,0.455061425899016,0.07805873931797928,0.2712093455826138,0.17119931647923192,2.829474419631975,6.201067772796546,0.31124485812588226,0.28517918640068096,0.3112022774731241,0.3052483922726625,0.27990174413690416,0.27364469134344416,0.2715463862898049
glass_blur/s5,5504.0,0.4871060848236084,0.07894964516162872,0.4566245799928985,0.07810219813962072,0.271402834402829,0.16828920902136332,2.8154625733276646,6.20107419631304,0.310602129214436,0.28404300566058044,0.3105636014495073,0.30368920561970236,0.2792678779489775,0.2736063804481728,0.27170779509029935
glass_blur/s5,5632.0,0.4803536832332611,0.09837667644023895,0.4577820972241357,0.07909119708111428,0.2700906966845347,0.16710611952498133,2.824382798198587,6.1872260162424135,0.30929556129396607,0.28225277311703917,0.30926070065716865,0.3023156048468574,0.27720713406329256,0.2720845060450154,0.2703666307747444
glass_blur/s5,5760.0,0.4751320481300354,0.08981464803218842,0.4586284362927162,0.07961429224945937,0.2688290896235439,0.1674856679342633,2.8199160553530542,6.1809628119928,0.30502739365147075,0.2783091718685405,0.3049958511002698,0.2987117995074777,0.2752681742476311,0.2706331253387676,0.26907875990980734
glass_blur/s5,5888.0,0.5314939022064209,0.08036822080612183,0.4621828492641164,0.07965106925222339,0.2713869989990543,0.1619917911528938,2.7926582060351772,6.181978598903152,0.3078765114478804,0.2829391733563653,0.307847971162112,0.3014370297744637,0.27793821715089045,0.2730193239977784,0.27161290530804105
glass_blur/s5,6016.0,0.4954690635204315,0.09769423305988312,0.4638065670327171,0.08053122358430435,0.27163793901104194,0.1629696694488706,2.7745867418686285,6.169494753833046,0.3128525722261904,0.28578999564249347,0.3128267484459085,0.30477660457284905,0.27756560278792647,0.27311489696646096,0.2718423432323203
glass_blur/s5,6144.0,0.45045074820518494,0.08246348798274994,0.46315506367527653,0.08062548038422852,0.2671802827101694,0.15706907628300545,2.782688308274857,6.169839265157188,0.3082830234122757,0.2784981162238147,0.3082596575765775,0.2994513477425957,0.27101935267128857,0.26851666168113447,0.26736523144340224
glass_blur/s5,6272.0,0.47005102038383484,0.08220549672842026,0.4634914518074013,0.08070255435223787,0.26482002379664943,0.15485325105678244,2.789550311500278,6.1680334000842905,0.30574716157648496,0.2765849998669971,0.3057260197346664,0.29626888751724456,0.2690558806740213,0.26602920429328103,0.26498736884319735
glass_blur/s5,6400.0,0.505069375038147,0.09138058125972748,0.46551964318451083,0.08122343371357882,0.2626472374745412,0.15295987201508987,2.764171527329058,6.159508168671113,0.30573925208675407,0.2763411866732317,0.305720122555876,0.2971631337975782,0.26800430964020605,0.2637413264307439,0.2627986543786455
glass_blur/s5,6528.0,0.535840630531311,0.10248073935508728,0.4689499352502084,0.08226037545218899,0.27348985615632193,0.16829385207314196,2.7397347892504476,6.147911658049136,0.3191913458798054,0.28809262042235895,0.3191740371252156,0.3106693197537873,0.2790620493532144,0.2752048230227016,0.2736268609815109
glass_blur/s5,6656.0,0.5359394550323486,0.09157818555831909,0.4722177167029957,0.08271490277443923,0.28227800191181773,0.17008474063250978,2.71319592680324,6.1432189011194005,0.32671551878833077,0.29552803430244373,0.3274248723780207,0.3197668264994114,0.2873198257383932,0.28382973576295606,0.28240196642051046
glass_blur/s5,6784.0,0.5383308529853821,0.11142369359731674,0.4754427477411609,0.0841153315950674,0.28732961981432165,0.17612961957290146,2.6725208893993613,6.124978980383755,0.3327613349655272,0.300805705041057,0.33340317125935126,0.32498681921808725,0.2934159458346794,0.2887336574036027,0.2874417852026154
glass_blur/s5,6912.0,0.5143023133277893,0.09462204575538635,0.4773383363063623,0.08462785423703417,0.28095083387125713,0.17195086339701554,2.6501829144677065,6.119603691548322,0.3264827427023003,0.29459427564987967,0.32706348809367836,0.31944821655604444,0.2871828694911049,0.2822212331415108,0.2810523231964176
glass_blur/s5,7040.0,0.5519025325775146,0.11933398991823196,0.4809756141732478,0.08632083646538528,0.2853665784165271,0.17201800310937573,2.6244774867638587,6.097372169921999,0.3296134751042229,0.29847361288724983,0.33013894431319735,0.32176129528955594,0.29176763503627035,0.28651605925534673,0.2854584078416128
glass_blur/s5,7168.0,0.5302795171737671,0.09607696533203125,0.4833806826122975,0.08679674519058753,0.2826138106909801,0.1712421967456041,2.611264371191003,6.092275400633534,0.3241364340473069,0.29519831362374,0.3246118883404956,0.31626944088959813,0.2891306203986717,0.28365388228874616,0.2826968996591868
glass_blur/s5,7296.0,0.52506023645401,0.09287919104099274,0.48541383158018586,0.08709344986621705,0.2892693968239029,0.17145114886975837,2.599451074176978,6.0877333101085656,0.32912642247825924,0.3029426740164834,0.3295566223473491,0.3220082210547762,0.2974525125677452,0.2902104729096864,0.28934457726449914
glass_blur/s5,7424.0,0.5187863707542419,0.10718600451946259,0.4870417603203837,0.08807357448344853,0.2946036600649353,0.17297870162457019,2.588589283363357,6.074848819520252,0.3336042763768187,0.30770050992211256,0.3332685143309446,0.32495137074617164,0.3020078950717076,0.2954551631740827,0.29467168472296446
glass_blur/s5,7552.0,0.524090588092804,0.1047414243221283,0.4888490202117213,0.08888664032923778,0.2933326394757684,0.17581088945328452,2.5661211859745925,6.06701163454596,0.33232055584125,0.3059079271811619,0.3320167521102717,0.3230040362313665,0.30075714360741657,0.2941030952931468,0.29339418944891665
glass_blur/s5,7680.0,0.5757297873497009,0.10821778327226639,0.4930871064135739,0.08982962291182454,0.2928704310783127,0.17547344607878987,2.5338151280016423,6.054068770845082,0.33188403654642545,0.3057731750401827,0.3316091492919234,0.32269208156330065,0.3003504553402026,0.29356755380183003,0.29292612263640816
glass_blur/s5,7808.0,0.5090596079826355,0.09785296022891998,0.49386625283157687,0.09022100521997553,0.2911137273468849,0.1773803459166207,2.5377147152927493,6.0517799913627,0.3264511419316556,0.30278836956342525,0.32620241884177004,0.317371895334789,0.297881792131141,0.2917444969259866,0.2911641181023062
glass_blur/s5,7936.0,0.4973393678665161,0.1266016960144043,0.49403567307718366,0.09199567306360619,0.28567607334599165,0.1783807294105771,2.538133194363209,6.0287606228059625,0.32214883217016543,0.29696452118142164,0.3226487977741417,0.3131343859632445,0.29252495885274565,0.28624680536848635,0.2857216678367684
glass_blur/s5,8064.0,0.5103646516799927,0.11644209921360016,0.4948322086187841,0.09318818165628882,0.2814438177033035,0.1784121590919023,2.5327683577118045,6.014340899888017,0.31955733119025675,0.29532006943304123,0.32000970934828643,0.3099508632064812,0.289090846171937,0.2819602266302604,0.2814850724448094
glass_blur/s5,8192.0,0.5193946361541748,0.12655021250247955,0.49603037581563236,0.0948155977951274,0.27696373987312584,0.18388750385412456,2.5204588574453144,5.994431184859294,0.32342159472955406,0.2954680699629123,0.3238309148832502,0.3132050939542283,0.2875823480235075,0.27743099625498274,0.27700106792894413
glass_blur/s5,8320.0,0.5144381523132324,0.11543940752744675,0.4969283161325884,0.09582163729426492,0.27962111739858675,0.1872057664260104,2.5124520264726327,5.985960008585203,0.3237949111146054,0.29628981821153455,0.3241652715868075,0.31455083159094654,0.2884668360165109,0.28004389964534726,0.2796548925163141
glass_blur/s5,8448.0,0.5390198826789856,0.09577251970767975,0.49898156328119314,0.0958192413144315,0.2753888873071091,0.1790727071588113,2.4928433088000643,5.989254588379915,0.31459596062184103,0.28970884205814634,0.3149310696511209,0.30695676076729905,0.2841176725646122,0.27577142853097747,0.27541944766050785
glass_blur/s5,8576.0,0.5584192276000977,0.10995125770568848,0.5018809615406519,0.09650860796766353,0.2805199271826965,0.18143639951728255,2.450364942440167,5.981407285744857,0.31813307918252237,0.29423908314719843,0.318436292051966,0.31049597449557514,0.28914290896536293,0.28086605758216343,0.28054757875766356
glass_blur/s5,8704.0,0.5178135633468628,0.11351115256547928,0.5026581616287598,0.09733800038706918,0.2762021470820234,0.17385247689814795,2.4530938229590786,5.972831380988784,0.3132468253638409,0.2901398842753651,0.31352117799585977,0.3070988264174716,0.2847665761667561,0.27651533229177305,0.27622716674027736
glass_blur/s5,8832.0,0.5061015486717224,0.10813219845294952,0.5028261317284165,0.09786454663418528,0.2752697594953941,0.1736270775503171,2.460696939331814,5.968360732172574,0.3095134868402153,0.2878437025477872,0.3104867410658552,0.30391348303448795,0.28225681876837355,0.27555313528601233,0.2752923977465567
glass_blur/s5,8960.0,0.5651957988739014,0.13603681325912476,0.5058685545160011,0.09972660842076769,0.2779768317623405,0.17654627302440948,2.433221808856296,5.949727406710519,0.3134600020725565,0.2930534036735183,0.31434062055988443,0.3076308195689805,0.2842988526750126,0.2782332354372544,0.277997315272167
glass_blur/s5,9088.0,0.5562738180160522,0.11923173069953918,0.508327347857467,0.10067807780021996,0.28633790072011894,0.1791504350208964,2.4106241146119745,5.941096129691397,0.3207674974136576,0.29997946281226723,0.3215642973656063,0.3162181597646754,0.2920581825810197,0.2865698995241308,0.2863564345799916
glass_blur/s5,9216.0,0.5559477806091309,0.1369917243719101,0.5106502957965725,0.10244947519396094,0.29241594110368885,0.1843324281182531,2.3763893943134877,5.918367151020942,0.32730509432847904,0.30700848479325304,0.3280260537139127,0.32395096430819226,0.2983167731741409,0.29262585792754486,0.2924327108840971
glass_blur/s5,9344.0,0.5758512616157532,0.12066711485385895,0.5138308307145812,0.10333814054322425,0.29204098537698436,0.18448520117065018,2.350230580149857,5.910960468886868,0.32814532925259765,0.30753117511632233,0.32879766668581867,0.3251104501563119,0.2973801677560192,0.29223092201534545,0.29205615898555126
glass_blur/s5,9472.0,0.5541374087333679,0.13352523744106293,0.515797005252083,0.10481068185531393,0.2954755138360459,0.18404713919129026,2.33307178822611,5.892511139115923,0.3296306042791202,0.3102163398881179,0.3309458661684296,0.3268845893442893,0.30030650514985435,0.2956473720317313,0.2954892431987051
glass_blur/s5,9600.0,0.5695501565933228,0.1347053200006485,0.5184191101955581,0.10626895688679366,0.2941958694495097,0.19184901767397533,2.3006097479667087,5.878219931429914,0.3288738245737905,0.30902085245081934,0.330063897942999,0.3249019692996217,0.2985670400552817,0.2943513699347194,0.294208292031666
glass_blur/s5,9728.0,0.5231960415840149,0.09978918731212616,0.5186521312388974,0.10595287056607817,0.29387457907953846,0.19085877803814189,2.3040693650904736,5.8869164478929354,0.3304013011164398,0.3080135137285521,0.33147810158911445,0.32459526787907467,0.2978296953742316,0.2940152788047044,0.29388581926244134
glass_blur/s5,9856.0,0.5615097284317017,0.11847347021102905,0.5207427457361073,0.10656363152436846,0.29416016346221174,0.18611463497680772,2.2890934075938247,5.878085167176948,0.3309468346211213,0.30771552907860067,0.3311589485526728,0.3242062179917148,0.29773882609411434,0.29428747118498233,0.29417033378832436
glass_blur/s5,9984.0,0.5666741728782654,0.13819186389446259,0.522983303157676,0.10810647212778768,0.2982295411219655,0.18269578215331622,2.2686014818080538,5.861416020222615,0.3322769990831204,0.3127812728902746,0.33246892370530357,0.3261779640484224,0.3022297766146031,0.29834473151240815,0.29823874342179735
glass_blur/s5,10112.0,0.5134290456771851,0.12962451577186584,0.5225172418171643,0.10915613279335247,0.29958782394200445,0.18094082965805708,2.2644848412223255,5.8484900476776005,0.32890738584498874,0.31275450093165236,0.3290810428053341,0.3241510608671329,0.3024822963895368,0.2996920503452545,0.2995961503536905
glass_blur/s5,10240.0,0.5992416143417358,0.11978660523891449,0.5262598941354361,0.10967469242484329,0.3053156336798268,0.18457674117186484,2.2323033532515213,5.8480127770614425,0.3348561177098321,0.31650407252649804,0.3350132457506919,0.32979031146871457,0.3079346060728646,0.3054099396639691,0.3053231675716617
glass_blur/s5,10368.0,0.5502359867095947,0.14317390322685242,0.5274294596268584,0.11130880026884374,0.30421480001607165,0.1848549811555065,2.218703181199455,5.828492795670813,0.33555392923060956,0.31437548739607585,0.33569610159833574,0.332457503714405,0.3073466899683682,0.30506232494282987,0.3042216168212358
glass_blur/s5,10496.0,0.5375449657440186,0.13587158918380737,0.5279228989496466,0.11250698509396391,0.30206615753982446,0.18720742197354276,2.21791496279103,5.819539632613403,0.3348468330516104,0.31350914118348083,0.3342504583766024,0.3313201149016121,0.30489994969773226,0.3028330138239406,0.3020723255116594
glass_blur/s5,10624.0,0.5734680891036987,0.13630130887031555,0.5301446155425272,0.11366768381476156,0.3036727398084908,0.18937313433775047,2.1994106183434132,5.807045848703924,0.3355455282995238,0.3140265637954041,0.3342809025525355,0.3301422633940226,0.306961822421327,0.30436660560750367,0.3036783207038869
glass_blur/s5,10752.0,0.5245664119720459,0.1407317817211151,0.5298725080512842,0.11498788371263245,0.30001412090940777,0.19514368669108773,2.2150091150667524,5.7933598624692415,0.33560142685519073,0.3108696630177332,0.3344571700073804,0.3307124524820394,0.30299014390412754,0.30136695843486794,0.3000191706071457
glass_blur/s5,10880.0,0.549797773361206,0.11580446362495422,0.5308444722127438,0.11502771687908717,0.296740914874009,0.1899545196056778,2.195918106516508,5.799027024278148,0.33267758491775434,0.30801324060081625,0.33164224008401283,0.3267667401696502,0.2994336757157513,0.29796498737622484,0.2967454839342466
glass_blur/s5,11008.0,0.5629326105117798,0.16263365745544434,0.5324097472517212,0.1173499578828119,0.29991399852669104,0.19048309001798686,2.172623719126103,5.771158567456628,0.33761680943480327,0.31312500830091694,0.33668001021283966,0.3315063722772385,0.30387484875886833,0.30102156204594765,0.2999181326971976
glass_blur/s5,11136.0,0.5915627479553223,0.1586281657218933,0.5352952594811651,0.11936352899691342,0.30637295761992683,0.19248574058141465,2.1547979458829842,5.749781408730165,0.34494879069026513,0.3190887195869689,0.3441011573668823,0.3394571339879118,0.3107190035468404,0.3073751016489508,0.30637669829413294
glass_blur/s5,11264.0,0.5153529047966003,0.14150983095169067,0.5343224616916741,0.12044383640934157,0.30238296760256317,0.19117463499365359,2.1785824169691317,5.736305962573462,0.3379749319690025,0.3145762596619748,0.33720797760560856,0.333005979057474,0.30555315549955037,0.30252753099824753,0.3023863522340132
glass_blur/s5,11392.0,0.5282386541366577,0.1333380788564682,0.5340256905914295,0.12107282384578677,0.3004830420722775,0.1938364781828359,2.1579418710832914,5.734435728515852,0.33794831738539727,0.3130401492836785,0.3365293479703335,0.3319651065713372,0.30483869691541704,0.30133886058794435,0.3004861045496336
glass_blur/s5,11520.0,0.5929962396621704,0.16478624939918518,0.5369023027412217,0.12320518606790376,0.30525190778818206,0.193772476690121,2.139901956886836,5.713240313682639,0.3428134388716176,0.318026660952097,0.34152952900825534,0.33663752355443416,0.3113680297491667,0.3060262682654749,0.3052546787745346
glass_blur/s5,11648.0,0.569259524345398,0.16758187115192413,0.538480703795084,0.1253699024134657,0.30586743113969356,0.1946998435726794,2.1383562329342176,5.690326811467938,0.3413410116143547,0.3189134749007373,0.3401793061401287,0.3357529288080275,0.31140141180754466,0.3065680868719734,0.30586993837957593
glass_blur/s5,11776.0,0.5232930183410645,0.1568283587694168,0.5377398410900097,0.12690446126009747,0.3080602990859452,0.20141342181680272,2.1402341495387147,5.67621930061252,0.3453440979568313,0.3213146313646766,0.3442929652820558,0.3388006869226709,0.31455475750105616,0.30945646051890036,0.30806256768312607
glass_blur/s5,11904.0,0.5760210752487183,0.15718157589435577,0.5396072183660443,0.1283813936812808,0.3046347203508165,0.19932692717629802,2.1299111480391675,5.660112098995183,0.3421435889306011,0.317352501074166,0.34119250457704153,0.33469859893479026,0.3119982368584809,0.3066230080007421,0.3046367730196518
glass_blur/s5,12032.0,0.5716640949249268,0.17220881581306458,0.5411709684420873,0.13051931671209951,0.30012234363687795,0.2011384629596367,2.135989642668463,5.635680176693847,0.3393220694607045,0.3146412279201704,0.3384615106851161,0.33258570433064605,0.3075100049147825,0.30264639807800636,0.30012420092973846
glass_blur/s5,12160.0,0.5310027003288269,0.14598804712295532,0.5406749553633916,0.13127388892726322,0.2947009724400305,0.19987751467079562,2.1342377292834196,5.629222685464707,0.33909287189157133,0.3122251978980245,0.3383142223391205,0.3314732934484905,0.3028354952262844,0.2969847837457749,0.2947026529530828
glass_blur/s5,12288.0,0.5970287322998047,0.15908002853393555,0.5434239200919971,0.13263028598124724,0.29567009463491156,0.1971378345117669,2.108328658873395,5.620189169141139,0.34113489479302794,0.3130135490796521,0.3404303582259383,0.3334783636735003,0.3045175718258052,0.2977365294927564,0.29567161519431223
glass_blur/s5,12416.0,0.5923951864242554,0.16529956459999084,0.5458127623521073,0.134223909328503,0.29433474951796573,0.1983955361644244,2.087990106777908,5.601229881757874,0.33764718916132985,0.30999024875083336,0.3370097113989602,0.33071941769624863,0.30306512596493135,0.29620449813116145,0.2943361253483336
glass_blur/s5,12544.0,0.5688506364822388,0.1554400473833084,0.5469365610901624,0.13525884289215206,0.2976253147036442,0.1965962882249194,2.091965639842501,5.592324997515337,0.33906461910433233,0.31324073072576886,0.3384878173931103,0.3320712280285509,0.30552472135196934,0.29931709795210976,0.2976265595804969
glass_blur/s5,12672.0,0.572288453578949,0.1397549957036972,0.5481732387725422,0.13547816741954452,0.2997289432862836,0.19203105555627745,2.0794507184180486,5.594206509428716,0.336498980165193,0.3138208812813173,0.3359770792712199,0.3294090349978738,0.3061142779157319,0.30125970016963644,0.2997300696739653
glass_blur/s5,12800.0,0.5430952906608582,0.1531161069869995,0.5479255339866064,0.13633855471551792,0.29956884160525715,0.19159978316543605,2.0719841503633023,5.587487684057857,0.33661284879908293,0.3130445035269979,0.3361406231835368,0.3309599299415621,0.3053464108922238,0.30095389884474544,0.2995698607817378
glass_blur/s5,12928.0,0.5792332887649536,0.18297439813613892,0.5494527415367697,0.1386134739067677,0.30228685787126475,0.18888579428591806,2.0651334762167624,5.558780840306817,0.3372178126254641,0.3159670968855228,0.33679053412383075,0.33290232209465553,0.3082395246680978,0.30354008336874344,0.3022877800410607
glass_blur/s5,13056.0,0.5540556311607361,0.16003388166427612,0.5496772727379388,0.13965837184615834,0.30482052993586767,0.18722950214686576,2.0630122208781407,5.553817618739871,0.33860175074558646,0.31792367897851287,0.338215141226857,0.3346970148161636,0.31096880845935554,0.3059544716263288,0.3048213643322149
glass_blur/s5,13184.0,0.5675243735313416,0.169908806681633,0.5505478630205438,0.14113400281374247,0.30398990245833113,0.1892815721388357,2.045246425904488,5.535244720007854,0.3404302575157864,0.3180209195278513,0.3400804460476201,0.335409969979408,0.31100300872497305,0.30501591394624983,0.3039906574356328
glass_blur/s5,13312.0,0.542460560798645,0.15429088473320007,0.5501533604731341,0.14177580193176478,0.29805169044564045,0.1847247300554248,2.036603066880619,5.531147161122094,0.33174861492058966,0.31002220023906113,0.3314320990115587,0.3279683607011776,0.30367226428952054,0.29898004468307315,0.2980523735631157
glass_blur/s5,13440.0,0.5627704858779907,0.16963769495487213,0.5507688300050783,0.1431349186645993,0.30450200545378886,0.18262793837852534,2.0122343861199923,5.518681256652901,0.3387654035063753,0.31605815976419516,0.3384790140372283,0.3367949890698936,0.309587604987722,0.30534199759842606,0.3045026235511594
glass_blur/s5,13568.0,0.6091576814651489,0.17175814509391785,0.553617066661667,0.14453117361237092,0.3083864070762718,0.18396540408907616,1.9874060537456817,5.49987516631774,0.3422886250643646,0.32029265972715104,0.34130447968508276,0.33905572776639387,0.3152001767913891,0.30914644755931353,0.3083869663422448
glass_blur/s5,13696.0,0.6085968017578125,0.17707417905330658,0.5562990049590399,0.14611863729241656,0.3117151845110109,0.1872762520044526,1.970320422283804,5.484852935356171,0.3439521110784643,0.32325037801605994,0.3430616380731772,0.3402647304775045,0.31864260493736035,0.31316507836865903,0.31171569054524345
glass_blur/s5,13824.0,0.5811789035797119,0.17786185443401337,0.5575126585502922,0.1476670869090798,0.3177015441054417,0.18794820303317814,1.9646001741614914,5.469634767233068,0.34614509872120414,0.32810162103654206,0.34606439709060227,0.3435337031863678,0.32396960268276326,0.3190134349784237,0.3177020019746075
glass_blur/s5,13952.0,0.5473371744155884,0.20151287317276,0.5570162934705505,0.15029371062925928,0.3150314090329428,0.187106167051436,1.9612295189442726,5.438512856126999,0.34667932489884085,0.3259659819134922,0.34660630456561925,0.34359147087832553,0.3207028647712569,0.31621843224401097,0.31503182332146223
glass_blur/s5,14080.0,0.5426208972930908,0.1818491518497467,0.5563140790228694,0.1518330004448928,0.31837835998757047,0.18859368238264973,1.9630890493205448,5.425681303189091,0.349988401648505,0.3304843893458784,0.34992233149572094,0.34719445401899646,0.3242350132760748,0.31945240062054764,0.3183787348435122
glass_blur/s5,14208.0,0.5781969428062439,0.22411145269870758,0.5573815357927902,0.15535877860361547,0.32380486944740905,0.19077616948483653,1.95180357377241,5.384816222171474,0.3553806418247329,0.33548364437542005,0.35455866520225554,0.3513654161587707,0.3283790631724626,0.3247766813467299,0.32380520862402257
glass_blur/s5,14336.0,0.5473206043243408,0.1940608024597168,0.5568907586479876,0.1572466822063521,0.31815568496698937,0.1921746304499919,1.956757257454501,5.36611334991006,0.34901261523820265,0.33024724752826523,0.34826887553398606,0.3468295942757229,0.32153230522624365,0.3190349984106937,0.31815599186028454
glass_blur/s5,14464.0,0.5720983743667603,0.1696581393480301,0.5576325935610985,0.15785211914009248,0.3212796233401492,0.19172969239407356,1.9292305601681423,5.365831358729106,0.34916236631606556,0.332183113319745,0.34848941682759826,0.34794932355346486,0.3235726569001289,0.3220752424644052,0.3212799010228987
glass_blur/s5,14592.0,0.6246253252029419,0.19568876922130585,0.5609005316899689,0.15969780938795652,0.32128052177297256,0.19517526004246633,1.8951036056001953,5.350031645566134,0.35325756047991413,0.3356450121114409,0.3526486632925502,0.35215997687377754,0.3256047062136204,0.32276260784554456,0.3212807730254782
glass_blur/s5,14720.0,0.5378011465072632,0.17796207964420319,0.5597737324127637,0.16058874940045634,0.32338201880826367,0.19215813237631843,1.8807018319991755,5.340886984382131,0.3553270371742709,0.33939087651487304,0.3547760956977804,0.35505893802796884,0.32881901139257386,0.32472303779480854,0.32338224614619404
glass_blur/s5,14848.0,0.593018114566803,0.1951528787612915,0.5613954095910095,0.16227480449122877,0.32535785283008267,0.19548855999070813,1.852402269194084,5.325666006046536,0.3572738985973028,0.3406051595354681,0.35677539652369067,0.35478191239770407,0.3302773446330189,0.3265712316989314,0.32535805852966154
glass_blur/s5,14976.0,0.5903269052505493,0.19860582053661346,0.5628067020622066,0.1640470491763695,0.33171879485696354,0.1977026173384099,1.8421131069823038,5.303298831426528,0.36273488980755353,0.3469648707040136,0.362283835878961,0.3620044846858464,0.336895057220001,0.33354169745037154,0.3317189809777603
glass_blur/s5,15104.0,0.5461097955703735,0.1762271225452423,0.5619922188187025,0.1646411990968023,0.32332720819597943,0.19223270730025072,1.8400558606188175,5.3035474731708305,0.3544027468157578,0.33715932084521394,0.3532324297274834,0.35301684783294013,0.32728577158335603,0.3242515894241612,0.3233273766015309
glass_blur/s5,15232.0,0.5852256417274475,0.194682776927948,0.563125556521568,0.1661066419178338,0.32153446381087725,0.18644687555245767,1.837081151432707,5.288094319361803,0.35785043302008773,0.3400360362912376,0.3567915083970864,0.3543842210314705,0.32664063568012164,0.3231330562249549,0.32153461618734586
glass_blur/s5,15360.0,0.6093934774398804,0.21627187728881836,0.5653825282736809,0.16855372657007694,0.32673493126492814,0.1858964590810756,1.819228842870536,5.259302676595206,0.36264307473144164,0.34499988768528983,0.3616849400785058,0.3587445866679754,0.33135509034471444,0.3281813673516694,0.3267350691379851
glass_blur/s5,15488.0,0.5934275984764099,0.22996696829795837,0.566750580478692,0.1715494944592419,0.32991602049610685,0.19127291151833195,1.802178685245991,5.226638523871057,0.36381922466777084,0.3463681315700926,0.36295228665045054,0.35956678543842385,0.33402206568370646,0.33122478271379485,0.32991614524620777
glass_blur/s5,15616.0,0.6087714433670044,0.21619358658790588,0.5688003786683657,0.17372725505088402,0.3357687490628069,0.19171317574026348,1.7912646552618712,5.204987369507208,0.367207192575657,0.350729285019697,0.3664227709668859,0.3641217017560039,0.339483974958309,0.33622792653639616,0.3357688619390137
glass_blur/s5,15744.0,0.6022095084190369,0.19469426572322845,0.57043009231474,0.17475003605929104,0.3344649121502256,0.1876127247477339,1.782121058465798,5.20060961478125,0.36584823908838443,0.3494515125014629,0.36513847985760467,0.36229423460492677,0.33778933724663174,0.3348803844508379,0.3344650142827125
glass_blur/s5,15872.0,0.589516282081604,0.25061482191085815,0.571361125961904,0.17845075732034307,0.3375237247950584,0.1889776646884612,1.7555572637945962,5.160894073449623,0.3658827612453496,0.35249672844421476,0.36524055791993854,0.3633920468971407,0.34270677094118196,0.33862466671607644,0.33752381720642816
glass_blur/s5,16000.0,0.5471391677856445,0.22290775179862976,0.5701795670264767,0.18061939119733264,0.3366291406384793,0.19108642355214128,1.7671714014234194,5.138413997655513,0.3674755680274698,0.35235203686118416,0.3668944905390996,0.36445972833465257,0.34051948161899925,0.3368630982005665,0.3366292242540019
glass_blur/s5,16128.0,0.5364302396774292,0.18865647912025452,0.5685332583753037,0.18101144426674345,0.33059587918567934,0.1921950923395639,1.772067205618702,5.1393233409455865,0.3599935092027255,0.347796667499025,0.35946773950622873,0.3579897363456315,0.3355659616552634,0.33153258320229717,0.3305959548425561
glass_blur/s5,16256.0,0.5830740928649902,0.20149019360542297,0.5692425673748006,0.18201040764911808,0.32227399300500786,0.19548482180159232,1.739038957312406,5.136540657803504,0.354896714751544,0.3430614106282076,0.354420988571668,0.35155927363575584,0.32902042098611284,0.32315872043467814,0.32227406146075416
glass_blur/s5,16384.0,0.5368547439575195,0.2181694507598877,0.5676626735495673,0.18377426341061903,0.3161942256755603,0.18950098986330868,1.7356793829925163,5.11772595869548,0.34560032905240834,0.3342036915916144,0.3451698831751974,0.34109334039261424,0.32374854867333586,0.3184447732190038,0.31619428761559015
glass_blur/s5,16512.0,0.5763907432556152,0.20315741002559662,0.5680884330474234,0.1847197827576911,0.31881702394558437,0.19083492301135785,1.7108959732928533,5.113703081657332,0.3498114815518816,0.33656235271317403,0.34942200613294183,0.34428344481687456,0.3256523156050826,0.3208533611339112,0.3188170799900729
glass_blur/s5,16640.0,0.5160013437271118,0.21588464081287384,0.5655475994220424,0.1862400197359927,0.3159663553963318,0.19127969536006856,1.713510912541312,5.095367104634987,0.3462973012732967,0.33350986821935613,0.345944896685428,0.3412582507831447,0.3244004592714638,0.31933326132342593,0.3159664061064253
glass_blur/s5,16768.0,0.6005018949508667,0.20130977034568787,0.5672526870088143,0.18697512952183148,0.3186852031872818,0.19225842750902097,1.6860267725873517,5.091523411280428,0.3483042505869627,0.3360461091978826,0.34798538837509574,0.3430198093046776,0.3270787320356314,0.32173164216117245,0.31868524907071555
glass_blur/s5,16896.0,0.5066056251525879,0.2388969212770462,0.5642942937475349,0.18950789985135413,0.3091732266792716,0.19184269377823968,1.6834530681629256,5.067948174611545,0.3449707109713089,0.33090489713859567,0.3446821985238076,0.34018925041785525,0.3190172524843518,0.31265471607801504,0.309898283067554
glass_blur/s5,17024.0,0.5613893866539001,0.22478201985359192,0.5641525909624795,0.19122858863195108,0.3138771432356764,0.19066715481064994,1.7003146510123943,5.047000042554062,0.3499668062982515,0.33575258688150145,0.3497057548808515,0.3456404520437584,0.324271410487031,0.3185144694554794,0.31453318771311695
glass_blur/s5,17152.0,0.5807929039001465,0.2482207715511322,0.5649643135448047,0.19400869511581356,0.313783245009794,0.19703955530457976,1.6754696356947874,5.021840831557344,0.34941226197480096,0.3350637624311503,0.34917605780712374,0.3454976963465535,0.3239131858124772,0.31870419871611194,0.3143768462294175
glass_blur/s5,17280.0,0.5975637435913086,0.21828772127628326,0.5665545296446342,0.19519303785534864,0.30996166904217526,0.1938821615813598,1.6417807567129696,5.013017195959858,0.3465867343626842,0.33215391591777493,0.3463730124477306,0.3430447627264175,0.3213396523621521,0.31441423929042606,0.3104987704431552
glass_blur/s5,17408.0,0.521956205368042,0.23397096991539001,0.5643790016311417,0.19708464429730188,0.3093667154153174,0.19041181901561466,1.635839009129163,4.995504541987619,0.3433423099141242,0.33017168715701106,0.343148930358714,0.34082530285953655,0.31817451590888357,0.31267046874523374,0.3098526947317305
glass_blur/s5,17536.0,0.538593053817749,0.22329872846603394,0.5631211505182934,0.19836338011041074,0.31100343494747035,0.18861027764589525,1.6248573786167078,4.987345980583418,0.3469318283042135,0.3328025795156536,0.3467568548932802,0.34465439360461336,0.3204601063042308,0.3139927322792983,0.31144315805292205
glass_blur/s5,17664.0,0.498574823141098,0.19667603075504303,0.5599725491828205,0.19828107038575865,0.30370983019339814,0.18770522444937932,1.6101359034203193,4.992421826279223,0.34227888807299744,0.32869510615306907,0.34212056888321185,0.3394560277647929,0.31451580707241816,0.30790181189578386,0.30483271469273904
glass_blur/s5,17792.0,0.6076037883758545,0.2638036608695984,0.5622960242654075,0.20147729431179962,0.31213126217974924,0.19584675573319807,1.5951661483585708,4.9555068650072664,0.3529037410821113,0.3361512530986425,0.3527604909407288,0.3488623546878346,0.32335874036713147,0.3159242450288442,0.3131472689159167
glass_blur/s5,17920.0,0.5745619535446167,0.2658253312110901,0.5628943622790274,0.2046162229410333,0.3129657345481252,0.1994395689888128,1.5654451166255419,4.919901071521745,0.35801849505406974,0.3421355181219722,0.3578888796673697,0.35436177363485805,0.32312456519833843,0.3156726809570922,0.3138850363004814
glass_blur/s5,18048.0,0.5411072969436646,0.2506204843521118,0.5618315786041317,0.20686033325376882,0.30925915065300325,0.1938043333920192,1.5391930897937605,4.892342506095181,0.3538347001649257,0.33793909759876245,0.35371742175732857,0.34976383563272995,0.3207004542930831,0.3117084460057925,0.3100909519411256
glass_blur/s5,18176.0,0.48287874460220337,0.21474315226078033,0.5579802208479401,0.2072448610102084,0.3057566437496834,0.19327863836362952,1.5089537305027259,4.890217886110624,0.3505138780195431,0.33323118230084336,0.3504077623396173,0.34610546936191683,0.31759615763223037,0.3094600216387926,0.3065092729937252
glass_blur/s5,18304.0,0.5351872444152832,0.2459714114665985,0.55686836833903,0.20913396103247134,0.3011374807514982,0.1927286192451401,1.4965419265097297,4.868425410979606,0.3481969711289262,0.3288970126588832,0.34810095569218197,0.343483146281663,0.3133001224025118,0.30521338067376763,0.3018184736605925
glass_blur/s5,18432.0,0.5516995191574097,0.2678048610687256,0.5566162293545607,0.21199595615619107,0.3023677026906774,0.19821697196422253,1.4703615937681547,4.83959078322622,0.3493724527585347,0.3289350721321603,0.3492855762092854,0.34358290630244465,0.31409770147187416,0.30529345746864994,0.3029838777143136
glass_blur/s5,18560.0,0.4749820828437805,0.2222200334072113,0.5526340758662299,0.21249469163185059,0.2981454644809758,0.19505905077785987,1.467223666960986,4.841401574054653,0.34586287962268364,0.32588354831232347,0.34578427210846113,0.339899375660927,0.31169622482969694,0.30151775657930785,0.2994280059509048
glass_blur/s5,18688.0,0.5652409791946411,0.22881360352039337,0.5532490467602987,0.21329073611421853,0.3018355154524474,0.19300108044802192,1.4547943214861723,4.841567893773799,0.3501234026806078,0.33132071801489826,0.3500522771427539,0.3440024987390065,0.31630871978939257,0.30488682793404354,0.30299598277889717
glass_blur/s5,18816.0,0.5683600902557373,0.2829206585884094,0.553986170833247,0.2166873176983254,0.3020512010726784,0.1947640650573714,1.4403998518695906,4.797589423177953,0.34723018767234054,0.32796776448581805,0.34644081709347324,0.34096686530757214,0.314384629862978,0.30481208523954795,0.3031012134483656
glass_blur/s5,18944.0,0.5605068802833557,0.24921169877052307,0.5543042542210571,0.21827387287257893,0.30083350793072205,0.1941470213874253,1.4089772836726968,4.781844415479912,0.3460995630277394,0.325770505522266,0.3453853258769618,0.33974455808020054,0.31271803808541904,0.3033316071679669,0.3017835786168733
glass_blur/s5,19072.0,0.5421625375747681,0.2595400810241699,0.5537119753602625,0.22028685863607117,0.301107385819529,0.19438808419409512,1.4129559214266132,4.759173579783515,0.3435893428704293,0.32447021945232984,0.34294308783989225,0.33711420157048483,0.31338511952880566,0.30412990749701235,0.3019670274100323
glass_blur/s5,19200.0,0.5339934825897217,0.2766282260417938,0.5527500976641386,0.22303521802171616,0.29254347640184625,0.19373246642428238,1.404142440142527,4.728129630000936,0.33910582421530217,0.31738203675609383,0.33852108066893283,0.33324699618602466,0.3043776126135118,0.2952783101147863,0.29332129606820884
glass_blur/s5,19328.0,0.5087023377418518,0.26933497190475464,0.5506014264484174,0.22529374260137658,0.2922679224314147,0.19100138693119184,1.3884401734435214,4.701976659659532,0.3411837945457909,0.3199661379571795,0.3406547077319731,0.33359603283696815,0.3067122836318569,0.2962296607284889,0.2929717081021687
glass_blur/s5,19456.0,0.5053200721740723,0.24670714139938354,0.5483925798984493,0.22633829864030372,0.2845825461143258,0.18551865527801473,1.3960336511990648,4.6991406804698,0.3333041650827769,0.3163554407096193,0.3328254375135818,0.32720081257883904,0.3013886873313827,0.29114162044499203,0.2859815395737053
glass_blur/s5,19584.0,0.48096078634262085,0.2530222237110138,0.5451032241152381,0.22763995352180177,0.2805287344675131,0.18124561253888186,1.364696050826713,4.685296458703235,0.32972524395651615,0.31221467895260613,0.32929208236654245,0.3249650124523582,0.29791028758538546,0.28646350666081666,0.2817945697154109
glass_blur/s5,19712.0,0.5004798173904419,0.2338913381099701,0.542926472567687,0.2279448991114685,0.28056020530939163,0.17829020028057066,1.3528272344483323,4.686695046700534,0.3309857799273415,0.3121674757209482,0.3305938472810893,0.3259164389887191,0.2977745671727372,0.287380127085724,0.2824305714081737
glass_blur/s5,19840.0,0.5293354392051697,0.285858154296875,0.542263495330491,0.230769935949781,0.2842881155714364,0.18366561250847588,1.3431087278354223,4.65197356425725,0.3366623267516278,0.3180736053370388,0.3363076988188797,0.3313132978595132,0.3028384096786039,0.29122110249695793,0.2859804575323213
glass_blur/s5,19968.0,0.4711991548538208,0.3203356862068176,0.5387969421365071,0.23513899693792914,0.2901336845830783,0.18997941500618193,1.3383622806167301,4.604589265784968,0.3411107370548637,0.322841287160997,0.3400648482471838,0.3347836264392145,0.30981839448016446,0.29861900469831826,0.2916649469997981
glass_blur/s5,20096.0,0.46231335401535034,0.28281572461128235,0.5350660353988896,0.23746469097077563,0.28707589782918624,0.1903940750888773,1.306401612312952,4.587288757572004,0.3383875259134133,0.32185698856149697,0.33744118630813,0.3326626387947919,0.30786140868788225,0.2969657978263784,0.28922360760659904
glass_blur/s5,20224.0,0.46373051404953003,0.2709904611110687,0.5315862538696525,0.23910009439225333,0.282059750504576,0.18710701261759805,1.3028277984716068,4.570643937969939,0.3374107239228445,0.3194791669256614,0.3365544582835608,0.3322307398018313,0.30529131624882144,0.29318336019864455,0.2847280530455902
glass_blur/s5,20352.0,0.4962819814682007,0.28139442205429077,0.5298640942403133,0.24116323232698683,0.2767960324315646,0.18493219285625617,1.2789687607468818,4.551334617194394,0.3357647002300098,0.3196514353919875,0.3349899351869696,0.3303527395827397,0.3046017799015214,0.29059749605124235,0.2799725572173365
glass_blur/s5,20480.0,0.49879348278045654,0.2902070879936218,0.5283484546569057,0.24355561553023733,0.2786699972209457,0.18662663018106226,1.2629582265222055,4.527217158407535,0.33946199229616,0.324120216080436,0.33948598537738295,0.3352901647265598,0.3089786182214241,0.2934072227804519,0.28154417580462154
glass_blur/s5,20608.0,0.45235443115234375,0.26425135135650635,0.5246414291200977,0.24456516361932362,0.2738776417448295,0.18369815853979518,1.2294624408564379,4.528721598388886,0.33334499719361055,0.3187012782024647,0.3333667065788218,0.32957025017792824,0.30351366943175845,0.28869936695363907,0.2764782518731882
glass_blur/s5,20736.0,0.4682268798351288,0.2869485020637512,0.5218894998866845,0.24663264354344203,0.267031762697136,0.18101124279537684,1.2117163898411698,4.514100493444216,0.3237389891323508,0.3097640655240623,0.32375863218702433,0.3203235279718196,0.29529702034842625,0.2811677496350297,0.2693848430095891
glass_blur/s5,20864.0,0.5046510696411133,0.2813751697540283,0.5210486008503152,0.24832740091956818,0.27215887035237585,0.1906264725114623,1.1786306845554446,4.502039647678152,0.33029119718638045,0.31688423180374703,0.3303089705868317,0.32720082453607235,0.30154477569896265,0.28723595906893523,0.2742879810931499
glass_blur/s5,20992.0,0.4551791846752167,0.2792552709579468,0.5178354585978714,0.24983607750680617,0.26856254717784867,0.18815384574059144,1.1567968134253575,4.487637355676981,0.3256977459372306,0.3105552745826884,0.32571382763983997,0.32141430941068766,0.2951514597490316,0.28292959175719834,0.27121402096530695
glass_blur/s5,21120.0,0.483696311712265,0.3111964464187622,0.5161701343595491,0.25282926623421864,0.2675951125862628,0.18889098713351551,1.142538783827164,4.452016826577848,0.3221921603631932,0.30772877610961863,0.3222067113861966,0.31831642749176436,0.2908538788092071,0.27907029093557323,0.269994215281518
glass_blur/s5,21248.0,0.5218885540962219,0.2919534742832184,0.516449081663777,0.2547377641878284,0.2718320441663924,0.18795921560385312,1.1310804839869615,4.432147714700761,0.3211209255873985,0.3080713673186971,0.3211340916230845,0.31688907567815205,0.2928398272866175,0.2806906082766251,0.27400279681331874
glass_blur/s5,21376.0,0.43101292848587036,0.32519322633743286,0.5122814644355864,0.25817461600000424,0.2734534736330058,0.1900533711680313,1.101914625991483,4.390478530601823,0.3180509683631369,0.3092550860747997,0.3180628812365922,0.3142219120205052,0.293261081084441,0.28146886685826694,0.27541761091794037
glass_blur/s5,21504.0,0.46630311012268066,0.31799307465553284,0.5100386178837374,0.26109258959295684,0.27198333337049485,0.19579635785043165,1.0786942698251225,4.360638338656483,0.3198092045689061,0.31032613677559207,0.31981998355791597,0.3163446033213494,0.2936050590894912,0.2814852150454634,0.27452271636299064
glass_blur/s5,21632.0,0.361950546503067,0.29046109318733215,0.5028148095237047,0.26252519952438974,0.2594060975946,0.1912329032067261,1.050766922413726,4.352221134221581,0.3115287329859049,0.3014982474929658,0.31153848601522316,0.3076688826006974,0.2856065109310625,0.2709408162309041,0.2624287933302253
glass_blur/s5,21760.0,0.4572705924510956,0.34234845638275146,0.5005931403982116,0.26641901693211467,0.25977494017929,0.19301546447199902,1.0386972973620543,4.302583566381465,0.3152090736892096,0.3053711091236175,0.3152178984111567,0.31095441429842996,0.2895047609316752,0.27471057792219217,0.266246546493321
glass_blur/s5,21888.0,0.36051109433174133,0.2898526191711426,0.4937598698583837,0.2675621194803599,0.2507206627083284,0.1896276153848367,1.0135014199676848,4.302797049575591,0.307626710934734,0.29800012312731833,0.3076346957069419,0.3037770161498584,0.2829189419256859,0.26728348543703406,0.2581006824606432
glass_blur/s5,22016.0,0.4361254572868347,0.3161815404891968,0.490948435098796,0.2699337985539617,0.24840266387826737,0.187250061273252,0.9974773811513237,4.2772936861739606,0.3028295522496909,0.29488143205035766,0.302836777019785,0.30010847207848584,0.2812356993866557,0.26705126790584693,0.2564930922204868
glass_blur/s5,22144.0,0.3895282745361328,0.3070025146007538,0.4860011101933002,0.2717420286050247,0.24862906112959232,0.18956043616693413,0.9749902117716003,4.2628667480814055,0.3067615996262818,0.2973205878337858,0.3067681367323575,0.3035745009109916,0.28272427053367233,0.266227679051037,0.2566744457271626
glass_blur/s5,22272.0,0.42716678977012634,0.35119861364364624,0.48313114334338925,0.27561795958251845,0.24974482568596662,0.19538752136222892,0.9414631902768438,4.216438493656175,0.30970591495037153,0.2996763022576967,0.30971182984528,0.30682216887901137,0.2857442685792478,0.2686056215565897,0.25778663411720065
glass_blur/s5,22400.0,0.4051022529602051,0.3203723132610321,0.47932485600762414,0.27780109878634834,0.24473118968968188,0.19612398571799536,0.912329863192543,4.205208642390243,0.30565895100506546,0.29582177616535194,0.30566430291176133,0.30304968403627375,0.283215813509242,0.26545904246732477,0.2556698218276396
glass_blur/s5,22528.0,0.36083847284317017,0.3244676887989044,0.47354503243862633,0.28007751781135104,0.2459205172623475,0.19610251771390302,0.890240833554584,4.1788060479955265,0.30489724240256066,0.2959963840258776,0.3049020849070725,0.30253632922020957,0.28382807992121184,0.269211453654254,0.25810458001180236
glass_blur/s5,22656.0,0.41214627027511597,0.36287209391593933,0.4705499708696746,0.28411627762133096,0.24630880830221924,0.20047036254779685,0.887331549031185,4.1340163996312835,0.3056580640656126,0.29684220708111825,0.30566244565357353,0.30352186599877373,0.28655711455095967,0.2726067049423678,0.261069789528823
glass_blur/s5,22784.0,0.443787157535553,0.34860605001449585,0.46924446778020523,0.2872621201770951,0.24803581048642204,0.20289807937846463,0.8768300446657712,4.1022598244902,0.3047105386340254,0.2967337876087929,0.3047145031761364,0.3027776669745002,0.2867026301201723,0.2748050554535047,0.26360404513583563
glass_blur/s5,22912.0,0.4382021129131317,0.34060439467430115,0.46773020656717723,0.2898641823476905,0.2510856441105579,0.21096920210270353,0.8665627713475225,4.08974967705738,0.30831483001924603,0.2996101076460286,0.30831841721053144,0.3058409169947738,0.2897715350462713,0.2767569835483525,0.2666592817677608
glass_blur/s5,23040.0,0.43696653842926025,0.3603860139846802,0.4662295398287422,0.29330427169583634,0.2487700860750497,0.21395919476395722,0.8510733653265677,4.061799648790938,0.3087503607729168,0.30014915153456834,0.3087536065301714,0.30578690347950677,0.29052201356655477,0.27649680070020466,0.2643486124739822
glass_blur/s5,23168.0,0.3678905963897705,0.3339482545852661,0.46143251819757286,0.29528690500751587,0.2453364371922371,0.2146010917525157,0.8259665455517724,4.045128769846236,0.3085681432097599,0.30078560944918403,0.3085710800311664,0.30588675204778687,0.29203761608252815,0.2748857131856105,0.26168158213737475
glass_blur/s5,23296.0,0.34151506423950195,0.3177502751350403,0.45558288629717913,0.29638267916007804,0.240668037459484,0.2155351044352031,0.811410006040668,4.03986135190037,0.304443572767427,0.29595176202986845,0.30444623005794413,0.3020174002764329,0.28803641526563073,0.2710298451846005,0.25763247259425753
glass_blur/s5,23424.0,0.31417813897132874,0.3611014187335968,0.44868509374469856,0.2995396908465911,0.23415739736815894,0.22197584404874715,0.7977938423871712,4.014641557083584,0.3015853207491115,0.2939017727825282,0.30158772511489174,0.29939007484857494,0.2852526101243452,0.2675781645007599,0.2554559731206815
glass_blur/s5,23552.0,0.3499855399131775,0.2903660237789154,0.44387048136267315,0.2990921948920703,0.22895428399581783,0.22079506769669507,0.776487566606424,4.036431303219046,0.29740037052908896,0.29044815371934884,0.29740254604387284,0.29541407129368374,0.2826222308144729,0.26663006436981307,0.25718607086053336
glass_blur/s5,23680.0,0.3465765118598938,0.33287370204925537,0.4391244340698546,0.30074007328998176,0.22344703507295594,0.2153394098552488,0.7616467069387161,4.028167857987967,0.29353938939604063,0.28797390946289686,0.2935413578421954,0.29174214898137596,0.28089286916645645,0.268709445512484,0.2616143746453725
glass_blur/s5,23808.0,0.37624120712280273,0.36992722749710083,0.43605695958463253,0.30411505642203635,0.2201370852742213,0.21653777060668258,0.7518483677156228,3.986683267258318,0.29023180325483505,0.2851960537139001,0.290233584341451,0.2886056267701801,0.278788997026877,0.2684902240478811,0.26279548711220196
glass_blur/s5,23936.0,0.3291114866733551,0.31493353843688965,0.43084010724749705,0.30464278725202915,0.21253183028083913,0.21003729868695073,0.7265906845002605,3.9873406458664666,0.28117865719845575,0.27662221754838906,0.28118026875868346,0.27970726253268524,0.2708249937405591,0.26150647280001615,0.256353769124128
glass_blur/s5,24064.0,0.32031458616256714,0.33721402287483215,0.4254486184140858,0.3062316280141171,0.2093870695164523,0.21590450999574778,0.7097698769981952,3.97378441036594,0.28176174158170797,0.277638990417073,0.2817631997513132,0.2804303963784736,0.27315574983901864,0.2647241791367189,0.2631106977024382
glass_blur/s5,24192.0,0.34257590770721436,0.36729782819747925,0.4214060471600921,0.3092104670474518,0.20509160186467812,0.21846193319662843,0.6861055303764784,3.9515966521071793,0.28022582328719675,0.27649548151360376,0.28022714266611976,0.27902119743703646,0.2724389622279282,0.26705932567932744,0.26708662772481173
glass_blur/s5,24320.0,0.3401779532432556,0.34155839681625366,0.4174437011153684,0.31078841484105185,0.2041050424962376,0.21475273669962633,0.6667163894405342,3.9379412858434177,0.2772373451634897,0.27462425781213046,0.2772385389620274,0.2769095724579015,0.2709538438719088,0.26684844399658353,0.2690853722602252
glass_blur/s5,24448.0,0.37789902091026306,0.3698304295539856,0.4155146923248754,0.31366851311973154,0.20336110626816026,0.2122703227365447,0.6587283388260645,3.9090871108980743,0.27475639618897546,0.2731170411256695,0.2747574763600497,0.275184836233473,0.26979598246827674,0.266843535585249,0.26959256466853215
glass_blur/s5,24576.0,0.2652422785758972,0.3666924834251404,0.40818433067858384,0.31625504825658074,0.19662759823549777,0.21811089285085336,0.6381563193542427,3.8808507732377326,0.27236286651007235,0.27240393786564143,0.27236384386890866,0.27275052701434405,0.2701239972244193,0.27046416872407114,0.27291436101180094
glass_blur/s5,24704.0,0.27144572138786316,0.3516073524951935,0.40151415461562184,0.3179795509023667,0.19271003980737186,0.21516012375142649,0.6212775465422219,3.871409791022897,0.2672970969433789,0.2673342590681978,0.2672979812757942,0.2676478593627705,0.2667213562036536,0.2678285250620536,0.2722577293866444
glass_blur/s5,24832.0,0.22495082020759583,0.3656829595565796,0.3929013090347425,0.3203065464464746,0.18397871537597418,0.21169083773106465,0.6011296640796023,3.848164525676583,0.26176539824561523,0.26404842834189696,0.2617661984059982,0.26208277459296486,0.2650182526982493,0.26674505450290514,0.2677039002957085
glass_blur/s5,24960.0,0.27968841791152954,0.3429641127586365,0.3873787289799516,0.32141179358365324,0.1776028412176423,0.2145377835746278,0.5907010227916952,3.841954750531328,0.25919552095870363,0.2664850740678318,0.25919624495866933,0.2602448840903626,0.2695376337620685,0.26885067096901766,0.2674688473228867
glass_blur/s5,25088.0,0.26868540048599243,0.38002920150756836,0.3815888105168317,0.32427117933603933,0.17190819244023434,0.21566372327008262,0.576486928269472,3.809082739654749,0.25534585804770266,0.26712822585197626,0.25534651313630935,0.2570203561579069,0.2720652831362916,0.27148088670069953,0.26656833240815625
glass_blur/s5,25216.0,0.2819128632545471,0.3775629699230194,0.3767265691869641,0.3268707788768676,0.16744340315383488,0.21294587929434602,0.576156533139649,3.7845456047463557,0.25193697209432225,0.26259787716886135,0.25193756483065227,0.25345208906375755,0.2677900331054726,0.267911914736326,0.2619425541896524
glass_blur/s5,25344.0,0.30788594484329224,0.38861650228500366,0.37336848995068744,0.32988276538458156,0.16699147304996004,0.2171605784691852,0.5649767275573797,3.754356832235737,0.2530910972965283,0.26788674668283047,0.25381664848746105,0.2566742281177723,0.27258470574266735,0.2764687818643377,0.26591812904370093
glass_blur/s5,25472.0,0.26881474256515503,0.3491694927215576,0.3682683071513932,0.3308235813522389,0.16223246907137967,0.2172003211490962,0.5603031444188683,3.7506155621313138,0.2505846573396904,0.2654964257612047,0.25124114952375265,0.25458893573297536,0.2719966314304562,0.2732244302294215,0.2636036432334736
glass_blur/s5,25600.0,0.26692575216293335,0.36344632506370544,0.36332476788366347,0.33241493470401773,0.16170022930253924,0.21814719718487527,0.543281306636082,3.743324667979581,0.2514027446839197,0.2671074143859561,0.25199675099680413,0.25502589009509546,0.2758889806101867,0.276312081129655,0.2631453845080983
glass_blur/s5,25728.0,0.2138017863035202,0.3531005084514618,0.3560309639041443,0.3334239870819418,0.1537454186610126,0.21602952820832558,0.5235625572011622,3.7450526497465386,0.24318252508283278,0.2581545968358353,0.24371999301971392,0.24646081429782285,0.2697997558049339,0.27239480987400666,0.2581947530260663
glass_blur/s5,25856.0,0.2929556965827942,0.35547709465026855,0.35295412159578576,0.33449974842673824,0.1517715834523499,0.21415060226345223,0.5109860724689271,3.7324027077707274,0.244556437032117,0.25810344544158564,0.24504274799701659,0.24752269396013596,0.2686402014154101,0.27693709447850334,0.2581769597576721
glass_blur/s5,25984.0,0.24386656284332275,0.3632700443267822,0.3476327772663973,0.33590317749503307,0.15151001096432135,0.21698650567680594,0.4974947236015116,3.7188652158795437,0.2489598993015169,0.2649912793079427,0.25016211761062596,0.25240601874679763,0.27597516142346146,0.2812329391444399,0.2590717761995355
glass_blur/s5,26112.0,0.2220674455165863,0.34948551654815674,0.3415076391322602,0.3365657306195757,0.14902393020626578,0.21871592809900167,0.4836131807757682,3.7157794585184796,0.24311005760714288,0.26058996777357574,0.2441978470468543,0.24622817044252182,0.27582657378053826,0.2782973232829822,0.25752047685871116
glass_blur/s5,26240.0,0.23709824681282043,0.37571433186531067,0.33641449804350704,0.3384754184852213,0.14684883869347426,0.2194441859836892,0.4621131183689769,3.6983707072461742,0.24471394861419649,0.2641923503769236,0.24642321556113345,0.24898530472520858,0.2772165191672806,0.27865272380334083,0.25535463730047564
glass_blur/s5,26368.0,0.23575212061405182,0.3588387668132782,0.33150413816889945,0.3394687525500045,0.14484359527232263,0.22692570308220777,0.44520510147662995,3.7009646599519375,0.2423913836063015,0.2659646430239743,0.24393796006453536,0.24774339588759206,0.28297297778312536,0.28496031701658614,0.260942536189187
glass_blur/s5,26496.0,0.22389379143714905,0.3561168909072876,0.3262548529624726,0.3402808568601159,0.14299203355693202,0.226946903264746,0.4260191019041736,3.703849708525014,0.23720392294181117,0.2614706853298423,0.23860329402626904,0.24204652298930845,0.28135895253309556,0.2831199537074524,0.25848816034726557
glass_blur/s5,26624.0,0.21043753623962402,0.38867834210395813,0.32060522775648,0.34264170979883984,0.1383051059132026,0.2246423199676851,0.42021680536001776,3.6778637445807134,0.23316086662373278,0.26339048922468183,0.23442704355381033,0.23902975102126006,0.2799357327797967,0.2792425339613534,0.2531814347936888
glass_blur/s5,26752.0,0.22867238521575928,0.35367101430892944,0.31612069885205457,0.3431797246529905,0.13482648191194596,0.21820700099396134,0.41674754326184393,3.673081357438978,0.22671411548762496,0.26070311368872157,0.227859775874685,0.2320243910192365,0.27719794738731157,0.2721090982481966,0.24555411202926872
glass_blur/s5,26880.0,0.284047394990921,0.38394659757614136,0.31455614744419436,0.3451683526004613,0.13599186733377144,0.2137226939392119,0.4147121584226158,3.65133527616942,0.22733174875471598,0.25587340030966416,0.22836836353682086,0.23213658461645373,0.2714860666127905,0.2669559419604444,0.23846686757675056
glass_blur/s5,27008.0,0.18928414583206177,0.36171409487724304,0.30844531809726106,0.3459754619798165,0.13044683534483426,0.21343900504553318,0.4055806943441627,3.6452128211357713,0.22121673994998395,0.2515033860029739,0.22215468824479745,0.22628925948936712,0.271578856227278,0.26892994510519685,0.23800303723036145
glass_blur/s5,27136.0,0.1837831735610962,0.35505425930023193,0.3023642378759847,0.34641833014178797,0.12615460235543893,0.209408522709254,0.3909487142393475,3.649143000553781,0.2186210062248219,0.24987308156485621,0.2202318743725978,0.22397291117390086,0.2680005593823259,0.2625921751963143,0.2331217249419273
glass_blur/s5,27264.0,0.1842835247516632,0.3609100580215454,0.2966042030894324,0.34712524369689807,0.12238245103070947,0.20873608747220423,0.37722231581804455,3.6377740823182627,0.21344663918379186,0.24694792210597638,0.2149041825822256,0.21901415698721188,0.27158542583017115,0.2606314387112397,0.23167944297243984
glass_blur/s5,27392.0,0.2173403799533844,0.3702573776245117,0.2927376751315764,0.3482536404738548,0.12045654849358067,0.2089270309608701,0.3646613981903846,3.628464003097375,0.20956415121864808,0.24655058865151105,0.2108829635381113,0.21536393978438387,0.2703302692966628,0.2596195230694798,0.23041161972699642
glass_blur/s5,27520.0,0.2320932000875473,0.42574310302734375,0.28977940805625785,0.3520336142569518,0.1187139561325022,0.2143236252775035,0.35462718111299607,3.587236051229547,0.21272505889563575,0.2498905088274529,0.21391834475994487,0.21873501035814863,0.27140680523511246,0.26171552325322944,0.23376327995524185
glass_blur/s5,27648.0,0.19333580136299133,0.35361114144325256,0.2850748418760985,0.352110566802625,0.1140140852335133,0.21387119812438005,0.3440931658409687,3.5953001650957437,0.20716378023810944,0.24739126348992016,0.2082434874359763,0.21332671074047832,0.271432778561931,0.25896449189063764,0.23146055848418967
glass_blur/s5,27776.0,0.2263643592596054,0.42981475591659546,0.2822109158948061,0.35590101505208693,0.11067247093407122,0.22108378485852592,0.33506122168981284,3.5544791483481255,0.20975378330884265,0.25133900164673917,0.21145573729334916,0.21757952232972488,0.27530443556971856,0.2640972588730873,0.2377239794494066
glass_blur/s5,27904.0,0.2039053589105606,0.42135730385780334,0.27839113262728193,0.35909400474992675,0.11054897578270215,0.22231168160012965,0.3283871295461551,3.5141723090812604,0.21198572540913127,0.25563600327465213,0.2135256849632267,0.22059098956782364,0.2765953578236418,0.2649305060951611,0.23736803851430543
glass_blur/s5,28032.0,0.20271044969558716,0.39455217123031616,0.2746993919964676,0.3608236714075067,0.10967503995567517,0.21751104563581036,0.32341653177413643,3.49597641819353,0.2163289936628725,0.2581111606072254,0.21772237764965366,0.22335300126868518,0.27783776873870264,0.2583227541765259,0.23113431682347327
glass_blur/s5,28160.0,0.16823865473270416,0.38353970646858215,0.2695061853006743,0.3619317706787787,0.10511049123889467,0.220491850334365,0.308390799714751,3.4877196614153148,0.21507221853731653,0.26027636840189755,0.2163329782302934,0.22218986610926242,0.2818619846826691,0.2626428668069577,0.23281843895806237
glass_blur/s5,28288.0,0.14099396765232086,0.4053829312324524,0.2632372966349009,0.36405133948627494,0.09880535822388982,0.21887602876773896,0.30250983749821814,3.4696379225841465,0.20867405972353267,0.25922388836364435,0.20981481849391806,0.21808865934098046,0.28024216460579393,0.2577028854333031,0.23002935494063823
glass_blur/s5,28416.0,0.19587640464305878,0.427714467048645,0.25995139946456713,0.36715685790395153,0.09767352757795146,0.21802747754653834,0.2953219499335283,3.4253714920624514,0.2111946727183184,0.2635325902445586,0.21222685242668018,0.22047537231268963,0.2795015362078599,0.2538837529708828,0.22811921407775773
glass_blur/s5,28544.0,0.16577360033988953,0.4275880455970764,0.25535736048287555,0.3701047207182503,0.09436284083644507,0.2158096629079624,0.28622657212663166,3.4020772545240914,0.20745216966363014,0.26144516345150126,0.20838610502140426,0.21729954865413498,0.27593134239866435,0.24901528153998376,0.22494085342788192
glass_blur/s5,28672.0,0.1640581339597702,0.364566832780838,0.2509037396768704,0.3698345798432545,0.09205510464737236,0.2137285825597923,0.2754499847302398,3.410131066759631,0.2046421773101615,0.2654680806720603,0.20548721935607128,0.21500229833607337,0.2755638440144964,0.24598586747312032,0.221990653220588
glass_blur/s5,28800.0,0.1941942423582077,0.4061404764652252,0.24813742273449663,0.3716055991906677,0.08924200723893716,0.21046991319062705,0.2755408927500509,3.3929371250309446,0.20083551557927162,0.2641073472351003,0.20160012530671292,0.21093456024340726,0.2694312056787918,0.24118129353159787,0.21794558807169204
glass_blur/s5,28928.0,0.15842120349407196,0.39693447947502136,0.2437610217959393,0.3728411543264898,0.08372224450352374,0.20984517427896712,0.2671384456048178,3.385863486215554,0.19884120713627135,0.2642889798599569,0.1995330402091079,0.21015405480679503,0.2691432860424998,0.23912061122044043,0.21737149878467793
glass_blur/s5,29056.0,0.1899038553237915,0.44212019443511963,0.2411338429436394,0.3762206196976424,0.08387732533602595,0.2054689233065491,0.2619033835674793,3.3400768158010625,0.19917458420836925,0.26517833930219775,0.20056276273530824,0.21242225898937253,0.2681205758897336,0.2334822722583521,0.21304107653271573
glass_blur/s5,29184.0,0.18261906504631042,0.4445628523826599,0.2382794635340136,0.379554387145692,0.08115476611308475,0.2066214945563719,0.25313493410849436,3.3038824422607305,0.19657617048240905,0.26598304823238716,0.19859441530065666,0.2115373324942508,0.2686080582559695,0.23345570262043638,0.21347291933745427
glass_blur/s5,29312.0,0.15819334983825684,0.4265017807483673,0.23437282384153765,0.38184450390679814,0.07781760812492677,0.20548931779907295,0.24408198031715128,3.287412124451835,0.19338852189395847,0.26217517332627055,0.1952146672649011,0.20993725920508952,0.26824976597699557,0.23121943705275655,0.21168861410604875
glass_blur/s5,29440.0,0.16039611399173737,0.4175862669944763,0.23076420384886445,0.38358800454522146,0.07483526588816991,0.20751368374324208,0.2401869791823492,3.2637207681324583,0.1927908636530106,0.2631913674177618,0.19444319387859285,0.20925167831703817,0.2679627567227902,0.2315569683267357,0.21312292210309347
glass_blur/s5,29568.0,0.15676650404930115,0.44268926978111267,0.22715455995620282,0.38647099309331373,0.07373553802254994,0.22044367220313577,0.23367599358902552,3.230229701337389,0.19606106699359258,0.2715840689127993,0.19755612604957748,0.2154539278525967,0.2773141600091397,0.24296067746874772,0.2255190151807288
glass_blur/s5,29696.0,0.19617566466331482,0.4423864483833313,0.2256433943321595,0.38919857627819265,0.07720211382052258,0.22115620191610322,0.23642324075800103,3.206344614187686,0.19524621231246536,0.27402847639284217,0.1965989694951858,0.21652984786662677,0.27703812455318355,0.2430172161986706,0.22574846644252738
glass_blur/s5,29824.0,0.16743843257427216,0.41308706998825073,0.22280412790494547,0.390363868654293,0.07431553546758765,0.2172277412935116,0.23358781619824506,3.2004152541147515,0.19378390180086844,0.27326580166181613,0.19649511160153338,0.21605333052060638,0.2775133774214112,0.2407817881250315,0.2213829074711982
glass_blur/s5,29952.0,0.15972401201725006,0.4312390685081482,0.21972704908115542,0.39235778084228595,0.07391593066401,0.2166476171965682,0.22099836829066188,3.1840652678473322,0.19471018122493805,0.27261289965950164,0.19792552929561705,0.216384363903535,0.273444584805453,0.2394469659358554,0.2204072886756053
glass_blur/s5,30080.0,0.1540886014699936,0.4652276039123535,0.21652517358792803,0.395912406357899,0.07214151132656706,0.21677336451872706,0.21716038175382466,3.15150091766712,0.1918116809298815,0.27259843568239256,0.1947209875423162,0.2114228836985584,0.2696143447287888,0.23816483354457826,0.2201751850538939
glass_blur/s5,30208.0,0.1480029672384262,0.4314612150192261,0.21318262693673282,0.3976464945852808,0.06977378865419899,0.21768651840153708,0.2075040786659702,3.1447321088546345,0.19151282968135022,0.2749834745228548,0.19559525404631942,0.21291966454818997,0.26850961828226516,0.2378041117318879,0.22076454876084037
glass_blur/s5,30336.0,0.15296339988708496,0.42513489723205566,0.21024510366601826,0.39898739227536734,0.06751988848485227,0.21786210261078992,0.20517101783584443,3.1315216122279472,0.19193025814713485,0.2763793068109828,0.19562411148390949,0.21358614501951037,0.2646471620507586,0.23682706956823407,0.22064716160930292
glass_blur/s5,30464.0,0.13883203268051147,0.4218507409095764,0.20676153922770085,0.40010267757459705,0.06486704365583598,0.2254570244324875,0.19864121011735744,3.1322827754015767,0.19009573030445692,0.2813788968825133,0.1934379973628949,0.21045257381003885,0.2692390443064865,0.24261687853259012,0.2279769975060974
glass_blur/s5,30592.0,0.1567942351102829,0.4434623718261719,0.2043241097585585,0.40221778461125923,0.06395391041078317,0.22245769432588547,0.1964135393446036,3.1181095338095886,0.19198652932366386,0.2797678775480682,0.19501067459188767,0.21040577915828024,0.2658090936288911,0.23798424880908362,0.22473781273454738
glass_blur/s5,30720.0,0.1222381517291069,0.41528216004371643,0.2003199166839511,0.4028550712177206,0.06004172976490256,0.22210479064227948,0.1933741406496778,3.1261971114910825,0.18778569964383862,0.2813961580907862,0.19052200241181508,0.20818839387254268,0.264267181088366,0.23687852018953967,0.22416788409830254
glass_blur/s5,30848.0,0.15414178371429443,0.4610249698162079,0.1980673248317727,0.40569262724691507,0.06187446220845734,0.2292958873092844,0.1892005365954848,3.1027595360477735,0.19160666220004674,0.2888926570232515,0.19408251973133298,0.21300463835820194,0.27045680097287605,0.24266343200969054,0.23116261256009407
glass_blur/s5,30976.0,0.13970905542373657,0.4508075416088104,0.1952205799826002,0.40789335477676364,0.06044679180194147,0.23134089506092895,0.18521342021283171,3.075744682663148,0.18682851469736533,0.2874030228033108,0.18983091166648272,0.21065143066200187,0.2715584736940776,0.24343609761257545,0.23302994271499292
glass_blur/s5,31104.0,0.14850792288780212,0.4543682336807251,0.19294191378285394,0.4101604220403715,0.05842999424791967,0.22941746067083457,0.18114877894942225,3.054560011578356,0.18601869176364821,0.2830435738749766,0.1887353162669365,0.20906131828489283,0.2672571020158786,0.24036142443112865,0.23094574233759918
glass_blur/s5,31232.0,0.12610609829425812,0.45149457454681396,0.1896816301004834,0.412176722162637,0.05511794839445914,0.22622707179080273,0.17407697848377485,3.035816296302241,0.18112176095925575,0.27688683870543684,0.18357981323141606,0.20487121660399882,0.26195229159199956,0.23612937332525083,0.22760988940838092
glass_blur/s5,31360.0,0.13868838548660278,0.3968431353569031,0.18719415475346482,0.41142874231845483,0.054296192449715855,0.22544103283391492,0.16954953722681856,3.0574806971042614,0.18096665581143842,0.27802714555084435,0.1831907471296751,0.20466782894389185,0.2607031145219698,0.23585084879696996,0.2266922318799211
glass_blur/s5,31488.0,0.11571138352155685,0.4378643035888672,0.18370719030312785,0.4127182818926213,0.04912820268650673,0.21816749609778976,0.1656764351160524,3.040940989709669,0.1749890145682319,0.27242224175064494,0.17700141367295408,0.1971592907933727,0.2544977318191053,0.22907370078536068,0.21929960421734682
glass_blur/s5,31616.0,0.12544429302215576,0.4288859963417053,0.18086509775283652,0.41350695089013756,0.04818872473895106,0.21967296940198586,0.15744734138151373,3.0426088794152553,0.1732797686842836,0.273336840989132,0.175862819867081,0.19635144633951213,0.2548318263514926,0.23030330094856252,0.2206973218409188
glass_blur/s5,31744.0,0.13529370725154877,0.44852742552757263,0.17864210309423711,0.41521526672611,0.04726430715523175,0.22328455470578257,0.15177688725500085,3.026821662741582,0.17303452002902758,0.27477786147797134,0.176096727553736,0.19688462217870192,0.2580713610235694,0.2336280908642258,0.22421140780490037
glass_blur/s5,31872.0,0.12138766050338745,0.5139456987380981,0.17584920345565908,0.42003138536084106,0.044977847223740326,0.22807677436495852,0.14630550403080744,2.975647874042904,0.1714741254991975,0.2753938889399134,0.17569489744749106,0.1959913803294501,0.2595525223776616,0.23743579786108712,0.22891540825178672
glass_blur/s5,32000.0,0.13765551149845123,0.4504552185535431,0.1739860965309172,0.4215154747848753,0.04588343582826237,0.2316506685360511,0.1480889043474672,2.9603123960473656,0.17002507131723937,0.27736413151553135,0.17384410411518972,0.19899413413509437,0.2630677492780626,0.2408439015744875,0.23240948004221748
glass_blur/s5,32128.0,0.10133979469537735,0.4684675931930542,0.17044237449015914,0.4238058220242986,0.04304057459535221,0.22748552459448765,0.14171747159119133,2.9385406278259603,0.17027551069216007,0.27704615944980554,0.1744932375723995,0.19949885664454406,0.26037391234499296,0.23652874734967014,0.22817211132909743
glass_blur/s5,32256.0,0.15949876606464386,0.45746728777885437,0.16990853993281693,0.425447844744033,0.04492993096938175,0.23042786014765956,0.14483573756417817,2.929014902761324,0.16817834727113354,0.27977005266100785,0.17199462483499087,0.1990446228175797,0.2601858838053149,0.23861033594220601,0.23104909656844566
glass_blur/s5,32384.0,0.10712627321481705,0.4055195152759552,0.16684599033681694,0.4244757311114439,0.0428284800740212,0.2248547146249793,0.1382948314316212,2.9544064151104807,0.164793584889586,0.27323706133098924,0.16824662366092868,0.19649575925374105,0.2532675367447257,0.23225837059375096,0.22541682086889103
glass_blur/s5,32512.0,0.1198597252368927,0.4254738390445709,0.1645539774051133,0.4245244193033037,0.041689243422121505,0.22427365909850894,0.13551381344169383,2.959957575290323,0.16024377907023218,0.2695381143869331,0.1633681526402573,0.19262792969954798,0.2499821079052515,0.231697639305827,0.22478226326090617
glass_blur/s5,32640.0,0.12520456314086914,0.4514135718345642,0.16263449378246722,0.42583608528043837,0.04142063607676788,0.22516075876789537,0.13574750081594666,2.952985032077212,0.15765142056265505,0.26684189291048493,0.16047841175837677,0.1898904408524762,0.2491472552789337,0.2318781138513759,0.22562095325391926
glass_blur/s5,32768.0,0.10884331166744232,0.4349798560142517,0.16001053367929527,0.42628212287720973,0.038928190049234944,0.22146461278165905,0.1310698177426435,2.9503997740249104,0.15443207059833333,0.2621900768095464,0.15698998470225525,0.18657695451315662,0.24621682051115892,0.22754260033786006,0.22188100529399835
glass_blur/s5,32896.0,0.11138466000556946,0.4477168321609497,0.15763853984155252,0.4273277184520263,0.03819736886667838,0.2205183974068432,0.12445153012893981,2.9537766298514887,0.1531550739917103,0.25881758288359313,0.15691955189299836,0.18521478156722856,0.24291465437089393,0.22601787335745693,0.22089515708041135
glass_blur/s5,33024.0,0.10966067016124725,0.4251113533973694,0.15529815595470833,0.4272196030835064,0.035323883430230706,0.21573972781428227,0.12166242591360985,2.9554064973554426,0.14898802352254095,0.2526429467971119,0.1531563881197207,0.18165849658759942,0.23676647192036268,0.22147795084871624,0.21608062695972974
glass_blur/s5,33152.0,0.10059545934200287,0.4455829858779907,0.1526297317296983,0.4281153778539691,0.03268672022449786,0.21602624985456473,0.11588724333307822,2.9448814706089017,0.14964204864829553,0.25460361218227673,0.1534136623022577,0.18438954390823242,0.23878825329617587,0.22194331543182474,0.21633470172858354
glass_blur/s5,33280.0,0.11713463068008423,0.4190394878387451,0.1508982633858147,0.42767265151176304,0.031824956253100084,0.21411045569827064,0.11132079802154203,2.9603559836565365,0.1443965234943828,0.25199038913101895,0.14780914953107313,0.17957331724236852,0.2361931488777415,0.2194643264555654,0.2143895486788671
glass_blur/s5,33408.0,0.1329401135444641,0.48070570826530457,0.1500222560764805,0.43025962988998456,0.03322026083341179,0.21527706907618657,0.1073442940889041,2.926456481956426,0.14247597396487582,0.25332533127202844,0.14632597646446296,0.18032779031864515,0.23605727509996718,0.2201213507072665,0.21552959758510223
glass_blur/s5,33536.0,0.11645709723234177,0.44411683082580566,0.1483849312548152,0.43093559091124406,0.030820503704711084,0.21335822252521106,0.10418153345513384,2.9194458866791178,0.13566312099974784,0.2515216114602946,0.13914667471888648,0.17292374721871462,0.23288555349616305,0.21774141845672357,0.21358671500710322
glass_blur/s5,33664.0,0.11036773771047592,0.44352421164512634,0.14653043400874985,0.4315496699714334,0.030898564030259104,0.21688301990532186,0.10038973263396307,2.9165751778304427,0.13461100954230606,0.25515057765086735,0.13848800847556594,0.17351176057088932,0.2383255067624414,0.22161121205989087,0.21708976414384534
glass_blur/s5,33792.0,0.10730572044849396,0.46410173177719116,0.14461703334727394,0.4331375754253728,0.028682609095790658,0.21927294662462493,0.0997808583492469,2.902312199270998,0.13297120494577486,0.25839695336524043,0.13724138066111588,0.17564255670929368,0.24016171670771766,0.22355110264312553,0.21946001264889278
glass_blur/s5,33920.0,0.11397294700145721,0.46855777502059937,0.14312219986699018,0.4348653900397741,0.02743976706406757,0.21849815693994915,0.09642782580200376,2.8898978073034436,0.13301186955533822,0.25618486976117233,0.1368756037986658,0.17310891062155603,0.23739870381465708,0.222369111909693,0.21866741775072332
glass_blur/s5,34048.0,0.11740709841251373,0.5003697872161865,0.14186780467408888,0.43806072648740396,0.02700305514839189,0.2185593079748142,0.0978135319970034,2.867599823974717,0.13293712289926796,0.2540717947095438,0.13643310135500933,0.17371648010433477,0.2363858884604958,0.22206181987783644,0.21871245829794775
glass_blur/s5,34176.0,0.10498053580522537,0.46771079301834106,0.14006842570487602,0.4395070711962301,0.025157880357349238,0.21930247318839524,0.09706936691148182,2.849523886947629,0.13294385123723174,0.2551342651714551,0.13610707743067768,0.17354120537697393,0.23615730895206075,0.2224716109662042,0.2194410464432948
glass_blur/s5,34304.0,0.09785326570272446,0.43357616662979126,0.13800914960721009,0.43921775877835506,0.023488331959267215,0.22016080411632905,0.0935244540007527,2.8561729814465173,0.12780047455789972,0.2556308550421078,0.1314248154503633,0.1742935296718485,0.23541137234746246,0.22302829879809433,0.22028618776933456
glass_blur/s5,34432.0,0.11960331350564957,0.47590911388397217,0.13711130394371934,0.4410075809786291,0.022739888703179913,0.2267375568476719,0.09271658252691614,2.8327818958105198,0.1333340403346612,0.26104374212911713,0.13661341124330909,0.17837623951866838,0.24271159865585387,0.22933211925752617,0.22685100630407964
glass_blur/s5,34560.0,0.11693007498979568,0.47214794158935547,0.13612685375084502,0.4425266229596401,0.0235498933477315,0.2273901391822183,0.09337414705463992,2.8297196467471233,0.13246643387806048,0.25843101236072996,0.13543366954257768,0.17913311142646912,0.24260594381651024,0.22973774740672057,0.2274927903560411
glass_blur/s5,34688.0,0.11815229803323746,0.48048335313796997,0.13525004615486416,0.4443781707732172,0.024319980833967643,0.2311037487781999,0.08861164590314508,2.81377929522733,0.13175576795272456,0.2622017071984951,0.13444057785500338,0.17775443930973203,0.24635850121648545,0.233227908272232,0.23119662946551967
glass_blur/s5,34816.0,0.10367083549499512,0.4631361961364746,0.13370959685438272,0.44529319640069315,0.022005170046677444,0.2276413158189423,0.08664420642755465,2.800684771524821,0.12588891912914577,0.2565415209095247,0.12908038008177283,0.17200818095782416,0.24144409895911623,0.2295632947543515,0.22772535598873014
glass_blur/s5,34944.0,0.09648001194000244,0.4947115182876587,0.1318935195414861,0.4477038462488378,0.020635701154667695,0.22668348682963194,0.08313750122288328,2.7697380200455433,0.1256927697771747,0.2535951239163516,0.12858046288184205,0.17039675385892358,0.23993469632172265,0.22842252904305094,0.22675952793507348
glass_blur/s5,35072.0,0.09870757907629013,0.4417141377925873,0.1302746931773302,0.4474116653485329,0.01943376053316452,0.2281405909981381,0.07943280533035596,2.7899729073761987,0.1203658255985025,0.2524907397244323,0.1245030541601914,0.16832523058859178,0.24013053129407502,0.2297141086701252,0.2282093944016935
glass_blur/s5,35200.0,0.09943705052137375,0.45166170597076416,0.1287704179258201,0.44761898440327585,0.018346222350352905,0.22579675128385965,0.07609166757416821,2.7930620471159977,0.12095563398888892,0.2508408180373953,0.12622346542394475,0.16953683862299113,0.23889487691748254,0.22722049927856064,0.2258590058804139
glass_blur/s5,35328.0,0.09781672060489655,0.4845024645328522,0.1272604814711409,0.44941817855593813,0.016600002495471007,0.22889982671192774,0.07460715371234003,2.7737320563462755,0.12206559744027368,0.25449740287619166,0.1268320290956692,0.17349600329897055,0.2437256738795306,0.23095025544478925,0.22895615582635906
glass_blur/s5,35456.0,0.12204837054014206,0.4936361014842987,0.12700623215743365,0.4515751504061021,0.01868224497061951,0.23014597645975138,0.07532794514144961,2.750880819346804,0.122958372222877,0.25406933359588785,0.12727112805146512,0.1739923682437443,0.24356067815036647,0.23272625730608235,0.23019694408797867
glass_blur/s5,35584.0,0.09179584681987762,0.5029900074005127,0.12528865238486991,0.4540831922107075,0.016904041998996,0.22967476513699098,0.07311265772195798,2.732470620333853,0.12170266754967039,0.2550576778104374,0.12785433418576944,0.1760030589522517,0.24257483133058144,0.23200945113774613,0.22972088159298962
glass_blur/s5,35712.0,0.12437862902879715,0.5101303458213806,0.12524426100164684,0.45681719970391105,0.017544496062149268,0.23454658999010308,0.07633109812764442,2.7005870937422958,0.12419155701549595,0.2582013551158092,0.13048271403721315,0.18003459409064537,0.24694382418430358,0.2366590572162474,0.23458831701542965
glass_blur/s5,35840.0,0.09519136697053909,0.47406893968582153,0.12377826617086109,0.45765874799571155,0.01587458566955921,0.2329686873140671,0.0736384338046144,2.701077043505214,0.12259539453930358,0.2543347775914014,0.12828775017882285,0.1768970063128326,0.24491094978246625,0.23488008686847844,0.23300644270105206
glass_blur/s5,35968.0,0.10847213864326477,0.4534463584423065,0.12303162580366125,0.45745326557847227,0.017338039740273384,0.23367883605276388,0.0725994637629538,2.704036759029416,0.12278708809891777,0.2544984810925172,0.12793763713384265,0.17634464402249755,0.24524661190906077,0.23540830584589867,0.2337129978276622
glass_blur/s5,36096.0,0.11691749095916748,0.46712592244148254,0.12273337532344204,0.4579251024986191,0.018662200145720297,0.23878302179432118,0.07117754801633076,2.7055265584212695,0.1236111903619595,0.2620454727791307,0.12827150272491056,0.1794327504807964,0.24924976009142263,0.24034787816276731,0.23881393200230466
glass_blur/s5,36224.0,0.10780563205480576,0.4704609513282776,0.12200519272497197,0.458536607319578,0.01837311506343877,0.2368390696901621,0.07118034658604885,2.7024115354977627,0.12076895927456299,0.2586123819732646,0.1257107112698328,0.17787683728809714,0.2470345836401272,0.23825498077666216,0.2368670378200508
glass_blur/s5,36352.0,0.09845403581857681,0.49594080448150635,0.12085635580270879,0.4603612023030867,0.017349350393510033,0.23569361986837392,0.06817381986538529,2.6819325434103933,0.11812289533409298,0.25764392205909303,0.1225942842602116,0.17349459816489932,0.24640592011697407,0.236974762499288,0.23571892595139637
glass_blur/s5,36480.0,0.09666866809129715,0.4575116038322449,0.11967646859727407,0.46022219749963095,0.016423029118696465,0.2376687958475888,0.06497920416920294,2.6852202531938625,0.11652806294060407,0.25905422691961955,0.12057385863163703,0.1710538571141058,0.24812367905884444,0.23882799747853484,0.23769169326119802
glass_blur/s5,36608.0,0.09723074734210968,0.5201199650764465,0.11858155536531483,0.46314403982045116,0.015622056686220893,0.23666745299475464,0.062333265238247844,2.661499303172124,0.11657223898433003,0.25677958307242194,0.12099514513903624,0.1704069998040184,0.24685224024301156,0.23771632014565822,0.23668817099957298
glass_blur/s5,36736.0,0.09654005616903305,0.4980789124965668,0.11750636028256936,0.46484817995099337,0.014897321962963698,0.2395352147561105,0.059566635568311356,2.6453712187342684,0.11599873616607137,0.25845805821127527,0.1200006637456717,0.1699704323033385,0.24875059929186233,0.2404842492216217,0.23955396079140423
glass_blur/s5,36864.0,0.09526088833808899,0.5278103351593018,0.11642121530966788,0.4679195045953011,0.013479373412056978,0.24186975707557648,0.05890305334606329,2.6080158171097323,0.11533109917227517,0.26047870704303966,0.119677132395697,0.16859014130480537,0.25097020316652147,0.242728461074412,0.24188671883624377
glass_blur/s5,36992.0,0.10332366079092026,0.502602756023407,0.11578231021119238,0.46961137051862334,0.013683597239582786,0.23898135069122656,0.060909505192883684,2.591017174663893,0.11178976909044053,0.25726910375518336,0.11644715548712381,0.16745276914016002,0.2472156032220578,0.2397583220072461,0.23899669800709503
glass_blur/s5,37120.0,0.10053740441799164,0.483145147562027,0.11503865627006063,0.47027155476464305,0.012381172755148967,0.24293018108349532,0.06456990121315638,2.5910217061824543,0.10999835739831056,0.25875226461132295,0.11497464217484551,0.16848715756227448,0.24965567073215342,0.2436331991511132,0.2429440676197451
glass_blur/s5,37248.0,0.11018459498882294,0.502109169960022,0.11480187279292707,0.4718246091644176,0.012689924902190113,0.245964042491372,0.06487600970833687,2.577897717500956,0.1113890550879419,0.2631802168196444,0.11741608015939324,0.1695718124046517,0.25277440522522626,0.24660014628723564,0.24597660728711024
glass_blur/s5,37376.0,0.09693091362714767,0.4893055260181427,0.1139301186872793,0.4726773368158188,0.0122442747032904,0.23959997538927827,0.06273169885240833,2.5736658493764626,0.10677290469289685,0.25738971432640034,0.112226268841426,0.16902883799373897,0.24499992287184363,0.24017553391010435,0.23961134424966962
glass_blur/s5,37504.0,0.09792772680521011,0.5250025391578674,0.11314951420522715,0.47522978571055285,0.011841042131888576,0.2390654744599002,0.0657655512090342,2.541897739469885,0.10713211661980732,0.25439976531258474,0.11282861683986256,0.1671990556742873,0.24391426691735524,0.23958625049212892,0.2390757612157927
glass_blur/s5,37632.0,0.09075187891721725,0.5093778371810913,0.11205694663020227,0.4768955443188718,0.01071399469518294,0.23644398373200964,0.06270912081995637,2.531934884437769,0.10437117750072988,0.25180594469984613,0.1110498668729512,0.16695628416453953,0.24083126114294903,0.23691519155177163,0.23645329137966728
glass_blur/s5,37760.0,0.09116660803556442,0.5074716806411743,0.11103790572314677,0.4783870631638622,0.00969422125602216,0.24585814946840368,0.059961157761261694,2.525151133209602,0.10412243365770979,0.2568578773875467,0.11092763088266434,0.17188608460099028,0.2491028246272608,0.24628450704952087,0.24586657120075783
glass_blur/s5,37888.0,0.10222995281219482,0.5239416360855103,0.11060824948358813,0.4806092374527231,0.010258721314937361,0.24483952727034025,0.05912270542799936,2.5046137661978554,0.10393454586161605,0.2578038854886725,0.11157922461185751,0.17340941979661287,0.24777536957648047,0.24522530352309413,0.24484714741008484
glass_blur/s5,38016.0,0.09809690713882446,0.4681188464164734,0.10999794010091674,0.47999995008510116,0.01000729632362863,0.24159409338381174,0.05791183803862099,2.508381653133634,0.10296516612463891,0.254774515067383,0.11064440846795673,0.16803954640728622,0.2449755128648583,0.24194315089745755,0.24160098822768533
glass_blur/s5,38144.0,0.10295218974351883,0.501133918762207,0.10965424496153146,0.4810308753864234,0.010579177696751423,0.24460640454299684,0.0568058902667645,2.5072116280402095,0.10441181896226995,0.25954389495389024,0.11136013996416547,0.16931552652318999,0.24991538076588307,0.2449222382599839,0.24461264312570458
glass_blur/s5,38272.0,0.1000782772898674,0.5265605449676514,0.10918712458730394,0.48325183487819057,0.010334431455537724,0.24584478959541833,0.05739231384610159,2.484969138740343,0.10934585166068564,0.26305994302490604,0.11563282146668391,0.1725707411313337,0.25141064494045695,0.24613056180454224,0.24585043438084275
glass_blur/s5,38400.0,0.09561049938201904,0.4877200126647949,0.10852485018704613,0.48346979477022006,0.01087517563585537,0.24189019927104777,0.05483075714418422,2.4899571507422666,0.1094973470409892,0.25819180448595,0.11591092888210958,0.17116603049420498,0.24692628849163295,0.24214877126990406,0.24189530677766916
glass_blur/s5,38528.0,0.09218054264783859,0.5223380327224731,0.10772756689245064,0.48536580637764704,0.009840060762722199,0.24563652176755718,0.05288865988217545,2.4686338797644254,0.1102850772452972,0.2611487118519512,0.11685040025561491,0.171270691482264,0.25019326876607595,0.24587048251131713,0.2456411431343455
glass_blur/s5,38656.0,0.10170342773199081,0.4843413829803467,0.10743370644559894,0.48531583450460797,0.011115694479536265,0.23716576419301277,0.05182297673441545,2.476728233212056,0.10722403479482273,0.25638812654777976,0.11465167090350403,0.16770313607645662,0.24426321344033405,0.2381024710884672,0.2371699456914572
glass_blur/s5,38784.0,0.10299365222454071,0.4967436194419861,0.10721711843481561,0.4858732874283825,0.011544896670657145,0.23396289550123286,0.051447087828335604,2.467031831624513,0.10521654189347136,0.2528056754783896,0.11193720490436028,0.1665014693469902,0.2418720093056205,0.2348104452858766,0.23396667899863555
glass_blur/s5,38912.0,0.10327104479074478,0.5159424543380737,0.10702462703754387,0.48734007605812346,0.011171051657388171,0.23019114459094298,0.05139263155476108,2.4463379679989545,0.10107635944079116,0.24872765163749588,0.1078823549432076,0.1639641492425771,0.23734745755731634,0.23095802336693536,0.2301945679696161
glass_blur/s5,39040.0,0.08848219364881516,0.5234357118606567,0.10612011809175222,0.4891008387801982,0.010107774878576684,0.23127720459418458,0.048960464268849015,2.4416054899830053,0.09588021577004363,0.2473243653424338,0.10203840682249778,0.1617426954181795,0.23778954963990373,0.23124607587216459,0.2312803021307472
glass_blur/s5,39168.0,0.09503111988306046,0.4862108528614044,0.1055791913498648,0.4889598638573302,0.009907897436237439,0.23298490671490465,0.047538109508339976,2.4474427308191973,0.09339087340049754,0.2505162758392872,0.09972511408507978,0.16266992250508686,0.23963959250582606,0.23295674086946005,0.23298770942347802
glass_blur/s5,39296.0,0.10153384506702423,0.5145041346549988,0.10538185738484818,0.4902059258474603,0.010414879238856123,0.23163000780093396,0.046739702724159685,2.4451349530480133,0.09491226558129491,0.24749271597356087,0.1013686189907236,0.16347171453315712,0.23765129101806154,0.23160452282120686,0.23163254374367045
glass_blur/s5,39424.0,0.08850086480379105,0.5210199952125549,0.10455839433211367,0.491709051182343,0.009423576039440905,0.2347913395985845,0.04453168766596721,2.4311954484051044,0.09697668408634715,0.24986922724318025,0.10358070760552683,0.16720879107967399,0.2402395084107505,0.2347682803159165,0.23479363416664056
glass_blur/s5,39552.0,0.10870231688022614,0.5367377400398254,0.10476053689543623,0.493905572590025,0.010051016749547658,0.23547672666832067,0.044956268092652976,2.4094302645353047,0.09754329952131707,0.25205671899873716,0.10351874257466168,0.1684894831839287,0.24113134580175583,0.2354558622013736,0.23547880283608585
glass_blur/s5,39680.0,0.09558790922164917,0.48528802394866943,0.10431309164305637,0.49348520436361737,0.009819361377788214,0.23617123810976545,0.04353431819482163,2.428636780856511,0.0941706475740174,0.25186095752354504,0.09957733935518168,0.16576294106053274,0.24349986731973267,0.2361523595528193,0.23617311666489385
glass_blur/s5,39808.0,0.09036022424697876,0.5006506443023682,0.10363246396519893,0.49383473801916616,0.00888474042570843,0.23306302984232793,0.04253978971446402,2.4253819794394937,0.09195556511605026,0.24878376941898395,0.09985924042785921,0.16416965101312928,0.2404563046956058,0.23380814329556107,0.23306472959387478
glass_blur/s5,39936.0,0.09364058077335358,0.5437155961990356,0.10314505502901135,0.49626795061330614,0.008039078041345937,0.23638540653788265,0.04219495470539182,2.39904338457302,0.09216354226145893,0.252097033483804,0.09931493437880658,0.16501459797202236,0.2430749788471246,0.23705959901995738,0.23638694450463033
glass_blur/s5,40064.0,0.08963730931282043,0.4768766760826111,0.1024861406038313,0.4953220347825405,0.007273907020158935,0.23184396391678733,0.041202161522975234,2.4132023570621364,0.08785291361075491,0.24671078996363233,0.09432362593109149,0.15903090631495898,0.2378596328533471,0.23245398578783769,0.23184535549764587
glass_blur/s5,40192.0,0.09115636348724365,0.5615122318267822,0.1019334685493636,0.4985508248822596,0.006581566078323462,0.23124831595326206,0.04322128136660999,2.3865913426900827,0.08540260654488889,0.24248787122824794,0.09125742715121365,0.1550296005384013,0.23745359998211835,0.2318002750644266,0.23124957508145114
glass_blur/s5,40320.0,0.0884215235710144,0.4967803359031677,0.10127434928212704,0.49846445956620633,0.005955123144039253,0.22998434774831147,0.041133788871703394,2.3985997886519845,0.08314834298320999,0.2423663308376949,0.08993310332956334,0.15274763380065937,0.23712339415395717,0.23124596571861564,0.22998548703086685
glass_blur/s5,40448.0,0.0886213406920433,0.5082688927650452,0.10065712935090344,0.498942724600296,0.005388305950079538,0.22815285123449242,0.04229575218295655,2.396203949699658,0.08560745370461773,0.24073196859258414,0.09247144566583333,0.15376882867983516,0.23533740779783988,0.2292943865901335,0.22815388207849405
glass_blur/s5,40576.0,0.09158632159233093,0.504920482635498,0.100214650923656,0.4992343225532327,0.004875439232641866,0.23248169942157226,0.04270883084954267,2.3941123260894996,0.0833708727452252,0.24462571340233222,0.09106875006408834,0.15625439525403287,0.23898241954819419,0.23351458179868712,0.2324826321483578
glass_blur/s5,40704.0,0.08952506631612778,0.5326977372169495,0.09969320777206925,0.5008666842441457,0.004411387907702724,0.2356735067342126,0.04131753125208947,2.369462541378067,0.08588316326322876,0.2474238311034785,0.09361054065882116,0.15933993764508267,0.24155547896062066,0.2366080778797163,0.23567435068271994
glass_blur/s5,40832.0,0.09021978080272675,0.5393620729446411,0.09923108938332083,0.5027445080831943,0.00399150565592852,0.22963825326754156,0.04110982450518586,2.3506506340687343,0.08369470037083339,0.24023298459749598,0.09068657486143188,0.15393354857713906,0.2349603709096395,0.23048387058598957,0.22963901688781502
glass_blur/s5,40960.0,0.08872704207897186,0.49982133507728577,0.09871869683188916,0.5026019142780279,0.003611588401348768,0.22765379727539006,0.039416550415256206,2.3502810893654695,0.08522807213803543,0.23872731681903112,0.09155444994898149,0.15400531075896998,0.23174433322639004,0.2284189275201012,0.2276544882131866
glass_blur/s5,41088.0,0.08901631087064743,0.5479023456573486,0.09824540971182859,0.5048116914184826,0.003992847090096059,0.22901854589879136,0.03803008743454305,2.338049855171842,0.08825142636641992,0.24052528190466765,0.09470066530184464,0.15711902300082886,0.23271973874916077,0.22971084994531465,0.22901917107213374
glass_blur/s5,41216.0,0.09750819951295853,0.5207998752593994,0.09820944823871297,0.5055916028253565,0.004374997277832305,0.22811553141705035,0.04063955544721486,2.3313054273519533,0.08961134414237043,0.2399770694687683,0.09544673523147275,0.1608472837503038,0.23146443940361303,0.2287419409677713,0.228116097085494
glass_blur/s5,41344.0,0.09688004106283188,0.547069787979126,0.09814459910818218,0.5076149289304184,0.00395857873859782,0.22939915127027577,0.04218438809044125,2.3135195975511365,0.09286814660353683,0.24161890104818357,0.09963532676208806,0.16628418714111368,0.23242930537352494,0.22996593825816786,0.2293996630975826
glass_blur/s5,41472.0,0.08969467878341675,0.518108606338501,0.09773240787282776,0.5081268156332517,0.0035817955154118287,0.22987275971569868,0.04133204312281212,2.313617817448479,0.09077703806304552,0.24096659636780915,0.09690010827194284,0.16395344951911595,0.2318894845170324,0.2303855991021257,0.2298732228265456
glass_blur/s5,41600.0,0.08840488642454147,0.4997912049293518,0.09727740682656988,0.5077202004769639,0.00324087506183307,0.23037564992717294,0.039203118023921575,2.3249879738723207,0.08888496424383834,0.24041355923583443,0.09594962205926535,0.16405677972550586,0.2322004199585998,0.23083967652250637,0.23037606895846272
glass_blur/s5,41728.0,0.09764783084392548,0.5062156915664673,0.09729547629083113,0.507646809798403,0.0036574187799215344,0.2307191335747948,0.03788637823773861,2.3282067030658915,0.08786081535685789,0.23980162022469018,0.09497806374309495,0.1656003045582953,0.23160802424570512,0.23113899345076275,0.23071951272208316
glass_blur/s5,41856.0,0.08850327879190445,0.4769231081008911,0.09686658860795665,0.5061480926424268,0.0033093003951580333,0.23030490908225038,0.03617017727081713,2.3545970975865553,0.08464756106947106,0.24146015131573692,0.09184957463012934,0.16246092399355572,0.2325592236036392,0.23068480609078532,0.230305252141754
glass_blur/s5,41984.0,0.10066133737564087,0.5173779726028442,0.09705169830394124,0.5066958916648862,0.004444346163614139,0.230543585195778,0.03547723771177434,2.351174010146058,0.08467738868927156,0.2421242654082307,0.09191891910316878,0.1624832334290293,0.23407054080971754,0.23088732306013354,0.23054389560238422
glass_blur/s5,42112.0,0.10348670929670334,0.5379120707511902,0.09736560127919792,0.5082186321081205,0.005508536891646106,0.22797102503437142,0.03492945612236849,2.3339801295383658,0.08706532313883525,0.24066166429858352,0.0943426091349909,0.16192712554762256,0.2318872948076028,0.22828204543394592,0.22797130589602999
glass_blur/s5,42240.0,0.08840753883123398,0.5734323263168335,0.09692862262319968,0.5113997879231796,0.0049842264201033475,0.22789272996863708,0.03339125888860436,2.2981317399192096,0.08617719006196813,0.24010047079009253,0.09352400862243972,0.16283679830930037,0.2321612584190148,0.2281741469988291,0.22789298409747863
glass_blur/s5,42368.0,0.08840774744749069,0.5071110129356384,0.09651297017560412,0.511190579387202,0.004509820574049489,0.22629749689607198,0.03192874043114974,2.2932955128092516,0.08388638077587955,0.23955551223779342,0.09129611369109507,0.16220985736373936,0.23015974066348693,0.22655212824819695,0.22629772683656454
glass_blur/s5,42496.0,0.09083809703588486,0.5328476428985596,0.09623614709561781,0.5122470215097072,0.004080569359386836,0.22851635501423287,0.03155981504559894,2.2808266635214207,0.08547586862588506,0.24344969310748588,0.09218033249503604,0.16519330342073027,0.2341860294760045,0.2287467501876904,0.22851656306865833
glass_blur/s5,42624.0,0.10801545530557632,0.5722063779830933,0.09681074749610359,0.5151718681669456,0.005179384887345258,0.22823743365654264,0.03353724047347792,2.252190747554954,0.08840127672812086,0.24544882999196074,0.09595481006838182,0.16949153153059532,0.2348174900850701,0.22844589948570915,0.2282376219080484
glass_blur/s5,42752.0,0.089004285633564,0.5272895097732544,0.09642994447841872,0.5157629726355459,0.004686403577425423,0.2317588557951228,0.03240548609536787,2.261130949308444,0.08666097079326104,0.24656985152752664,0.09422056282808372,0.1697183934908004,0.2377126129800069,0.23194747954655778,0.23175902612857918
glass_blur/s5,42880.0,0.10004739463329315,0.5014041662216187,0.09660640546158333,0.5150625430543787,0.006415389554588976,0.231059767795587,0.03219418620045314,2.271922972442234,0.0880235494209102,0.24297382163793457,0.09486360860292405,0.16901274628168197,0.2357218229283703,0.231230438066814,0.23105992191645983
glass_blur/s5,43008.0,0.09550859779119492,0.5392173528671265,0.09655285386790585,0.5162408264598786,0.0072919735351159014,0.2336619017353289,0.03107322725000324,2.2697761503222806,0.08845706048138276,0.24665418364741135,0.09540826810532271,0.16852298458919587,0.23864241087094062,0.23381632736444027,0.23366204118675513
glass_blur/s5,43136.0,0.09203367680311203,0.5284292697906494,0.09633240620620859,0.5168353846711357,0.006597912996377921,0.23376695570460157,0.0319263907605301,2.2658560153370657,0.09121025520058487,0.2462848086423038,0.09749983687578576,0.17334084447362696,0.23827341281064884,0.23390668288002,0.23376708188284032
glass_blur/s5,43264.0,0.0963558480143547,0.544524073600769,0.09633354970904498,0.5181860524238007,0.007457124132951111,0.23512613898078463,0.031776026781878,2.248394605979839,0.09435205125525853,0.24797691489883641,0.10076799636411071,0.17827642739106878,0.23920366501189583,0.23525256672249284,0.23512625314919694
glass_blur/s5,43392.0,0.08853926509618759,0.543807864189148,0.09595334070353974,0.519435896900159,0.006747344322557191,0.2284179698927861,0.03071424653274457,2.2296970201826074,0.09284471740585855,0.24156998070263544,0.09864998362273195,0.17549208570006877,0.23286958624812226,0.2285323640600307,0.22841807319448454
glass_blur/s5,43520.0,0.08894238620996475,0.5004609823226929,0.09561134292336534,0.5185102913110143,0.00610512237632926,0.22898496859424605,0.029609099140898355,2.23779972269751,0.08995646351832888,0.24161016695342563,0.09520917613930713,0.16988680092195393,0.23301287369624862,0.22908847455996828,0.22898506206354013
glass_blur/s5,43648.0,0.08852440118789673,0.5365285873413086,0.09526563844846443,0.5193892325807847,0.005524028039498396,0.23091084903738743,0.028506590048068933,2.22690118983895,0.0896297031596539,0.24237154309111267,0.09438245503146112,0.16790099595615224,0.23455537233313156,0.23100450315628301,0.23091093361013953
glass_blur/s5,43776.0,0.08885080367326736,0.5439653396606445,0.09495271967894263,0.5205880670724852,0.004998243098201701,0.23798878726107453,0.027598355912410957,2.215202466304138,0.08991033819502296,0.2483586359557301,0.09421071630151835,0.16976645737614965,0.24128641958280372,0.23807352724610736,0.2379888637840703
glass_blur/s5,43904.0,0.08838725835084915,0.5525373816490173,0.09463245327269416,0.5221465702225598,0.004522503124547762,0.23920639228084137,0.026611726260438014,2.2089526716707972,0.08730138274516949,0.2507642684644054,0.09191745954468139,0.166992731510484,0.24219015121085333,0.2392830665921055,0.23920646152026825
glass_blur/s5,44032.0,0.09143956005573273,0.5455104112625122,0.09447670238406189,0.5232862697854843,0.004854239888421859,0.23714778266458042,0.02689640361567221,2.200331799471663,0.09088959140714027,0.24912995379795397,0.09582849849343272,0.16742025260407264,0.23908534800220577,0.2364549638825654,0.237147845313699
glass_blur/s5,44160.0,0.09204971045255661,0.5713076591491699,0.09435831253374456,0.5256287765837129,0.004392206347584561,0.23372354398145556,0.028939682650705095,2.1812496686820912,0.09173814308760281,0.24532742993854134,0.09620695788727612,0.1669333457530009,0.23623888418284056,0.23309666868850804,0.23372360066754086
glass_blur/s5,44288.0,0.09807714819908142,0.5891413688659668,0.09453971915156587,0.5287269518169936,0.003974149824316548,0.23164768613670073,0.030189750350079987,2.1468934358897123,0.0920411752743866,0.24367148776711564,0.0968468369699863,0.16907681076163852,0.23392361263658565,0.23108047773659768,0.2316477374273228
glass_blur/s5,44416.0,0.08876821398735046,0.5000830292701721,0.09425818231428706,0.5273296873025145,0.003595884522775413,0.2259584358202985,0.0290705439797208,2.1683536782609627,0.08850438881162523,0.2375999898237852,0.09285264070871456,0.1656065313316194,0.2280177363594567,0.2254452151322814,0.22595848222900533
glass_blur/s5,44544.0,0.09096807986497879,0.49585914611816406,0.09409768951188179,0.5257945389520583,0.003253623057192982,0.22763327238707556,0.028881324680882788,2.185331618884578,0.08751646364216656,0.23816676652110486,0.09217585753596362,0.16250373834348192,0.2302587608582592,0.22716890078298632,0.22763331437853487
glass_blur/s5,44672.0,0.08947108685970306,0.5190371870994568,0.09387200157762916,0.5254649120324192,0.0029439385306308896,0.2245383446167412,0.02828708472258401,2.1880858847642197,0.08520972111822446,0.23635583098072604,0.09018782231540788,0.16122066390269837,0.22767613043748494,0.22411817257044744,0.22453838261139294
glass_blur/s5,44800.0,0.08852580189704895,0.5740333795547485,0.09361121134930818,0.5278341055700938,0.0026637302231347906,0.22315084602145352,0.027238894456391348,2.1636735835818817,0.08460974766259334,0.23384352702063313,0.08983904089335835,0.1621603984509246,0.2259899728705619,0.22277066655541378,0.22315088039971961
glass_blur/s5,44928.0,0.08846640586853027,0.5737423896789551,0.09336024522829461,0.5300735340632089,0.0024101925457394504,0.22051974229543772,0.02628250458797332,2.134460539361152,0.08627910541035363,0.2309196933958257,0.09177286210517434,0.1631222284615445,0.2223636220916863,0.2201757488582893,0.22051977340153095
glass_blur/s5,45056.0,0.09574251621961594,0.5767390727996826,0.09347645356933468,0.5323499018064515,0.002180786949476326,0.22553794053025625,0.025382737332762983,2.112015755819995,0.08699019591264003,0.2356730241850392,0.09268606380842961,0.16769194496728684,0.22793133206511296,0.22595170375577517,0.22553796867562675
glass_blur/s5,45184.0,0.09123968333005905,0.5030844807624817,0.09336734282595538,0.5309223202921115,0.0019732165081222434,0.2243155607058416,0.025468350799203777,2.12374838838613,0.08774514454677304,0.23272377738574931,0.09289887153636017,0.16377718518455878,0.2249939357947869,0.22468994135189413,0.22431558617229524
glass_blur/s5,45312.0,0.08870997279882431,0.5470283031463623,0.09314015404414411,0.5317079779923188,0.0017854029201986507,0.22382300287542242,0.024668300435921536,2.125757523219927,0.0867923050896144,0.23360595800340553,0.09145549292492791,0.16454794685646276,0.22439962899694876,0.22416174943261807,0.22382302591794234
glass_blur/s5,45440.0,0.08867159485816956,0.5702253580093384,0.0929221755472673,0.533586874578515,0.001615465699953687,0.2285639722626517,0.02733493916188152,2.1033634576314193,0.08672953363551666,0.23672793701557396,0.09171106766140116,0.16753193168868522,0.2290857142798091,0.2288704764348674,0.2285639931119514
glass_blur/s5,45568.0,0.08882803469896317,0.5677107572555542,0.09272246135954514,0.5352514542212974,0.0014617033489765364,0.2284292396261114,0.026427127580483795,2.0891687544856845,0.09109718659108915,0.2358161464608495,0.0963295859089775,0.1701575360490721,0.22890132148696588,0.2287065702899663,0.22842925849094473
glass_blur/s5,45696.0,0.08924742788076401,0.5337262153625488,0.09255294753131191,0.5351770523257486,0.0013225763199246352,0.22812142978662428,0.025897430510099163,2.0989141622456797,0.09428692492864164,0.23556743531644977,0.0997463118188904,0.17249605135671545,0.2285485782163445,0.22837236371864292,0.22812144685587563
glass_blur/s5,45824.0,0.09632496535778046,0.5842629075050354,0.09273694840089573,0.5375714842857138,0.0019217064738877873,0.23150517234113951,0.02632432114575028,2.0715885498407682,0.09866026937326824,0.2404918614612255,0.10432503883196448,0.17609919340485675,0.23189166416838783,0.2317322220202593,0.23150518778571494
glass_blur/s5,45952.0,0.08895924687385559,0.5430825352668762,0.09255267027762548,0.5378403160408923,0.002463810557277409,0.23406491203502272,0.02546600587497283,2.074772666904343,0.09891791773750208,0.24219623514724806,0.10476852115610825,0.176533684217006,0.23441461701375246,0.2342703507988188,0.23406492600956122
glass_blur/s5,46080.0,0.08861245214939117,0.5359530448913574,0.09236046451527258,0.5377482540335979,0.0022293015214865787,0.2354700958984352,0.024631655227543615,2.083761996707339,0.09606508202185643,0.24279028772097816,0.10135881658443822,0.17590436269724338,0.2357865154538474,0.23565598070493957,0.235470108542857
glass_blur/s5,46208.0,0.08847266435623169,0.5785562992095947,0.09217081572702668,0.5397388903836466,0.0020171133933260476,0.24200253769275426,0.023748958271088846,2.0727127543793418,0.0965325638044281,0.2501131931133895,0.10353465795653213,0.18288253162552479,0.24228883997935863,0.24217072971577222,0.2420025491336618
glass_blur/s5,46336.0,0.08878425508737564,0.5900939106941223,0.09200561764704371,0.5421952328378161,0.0018251216366739547,0.2448272515352048,0.02339440079759502,2.048582241571193,0.09855430074154381,0.25296529846845056,0.10633995523610076,0.18328484866295253,0.24508630315800387,0.2449794347993394,0.24482726188715026
glass_blur/s5,46464.0,0.08843576908111572,0.5479251742362976,0.09183147869260819,0.5424747421743275,0.0016514039318150416,0.24890749529152079,0.022643558639988032,2.051328580443268,0.09802265998089717,0.2577581611960222,0.1065172944164838,0.18647457157427175,0.24986690488002608,0.2490451935334891,0.2489075046581532
glass_blur/s5,46592.0,0.08866342157125473,0.5668469667434692,0.09167693932083484,0.5436636311777002,0.0014942209281919561,0.24904866171231596,0.022115826064357608,2.047464197051716,0.09990256741876537,0.2578191036163888,0.10831368519183335,0.19030878843811264,0.250678948436954,0.2491732536373807,0.2490486701874188
glass_blur/s5,46720.0,0.08942309767007828,0.5323886871337891,0.09156699582567598,0.5431136339072655,0.0013519988291373975,0.25131425607640245,0.021839914524421866,2.0695561840772156,0.09931695719449264,0.2592127344440972,0.10692749266911274,0.18840551291753083,0.2527893697635972,0.2514269891626746,0.2513142637448328
glass_blur/s5,46848.0,0.08847735077142715,0.5535798072814941,0.0914162814327858,0.5436241789499108,0.0012233136342165267,0.24893975817501968,0.021282341468084123,2.0643097962959827,0.09878708619442195,0.2568114628729755,0.10712326969049404,0.18530772465649278,0.2509994832899651,0.2490417611638477,0.2489397651135578
glass_blur/s5,46976.0,0.08841756731271744,0.5756632089614868,0.09127000269522148,0.5451870584626705,0.0011068768814059113,0.24972850814051453,0.020682140519685595,2.045295455825655,0.0997204985732991,0.25757598752516103,0.10802542724523584,0.1854048478301758,0.2515921856537994,0.24982080233802043,0.24972851441863259
glass_blur/s5,47104.0,0.08876752108335495,0.5253251791000366,0.09114793042147189,0.5442181862986395,0.0010015227463524038,0.2489177935048915,0.020384176048504874,2.0506531204331466,0.09610343743604279,0.2575427287482272,0.10438008616300043,0.1803804423258164,0.2506412637593271,0.24900130300781023,0.2489177991854492
glass_blur/s5,47232.0,0.08850741386413574,0.5567026138305664,0.09101912473574818,0.5448271827636115,0.0016312112416430732,0.2415103890071029,0.019958602167225135,2.0455174929419693,0.09359284850697268,0.2486265558751062,0.10256892388692662,0.17583426697059296,0.24383201200353155,0.24158594995531193,0.24151039414697692
glass_blur/s5,47360.0,0.09293131530284882,0.5752069354057312,0.09111240232438723,0.5463091219168856,0.0022381453292915614,0.24293191652576052,0.02077252993942782,2.0360667696078223,0.09284561129036611,0.2508579663807475,0.1024173606377248,0.17687026773484346,0.24579475922508714,0.24300028547414004,0.24293192117641396
glass_blur/s5,47488.0,0.09450886398553848,0.5311481952667236,0.09127808338102875,0.5455695645193167,0.0027873105567236553,0.24592843250189278,0.02177099403617484,2.0373046250610605,0.0922810379373271,0.25233787439923666,0.10166674927422928,0.17574415658815998,0.24775659058974273,0.24599029399534028,0.24592843670989034
glass_blur/s5,47616.0,0.09457863122224808,0.5776991844177246,0.09143908571474675,0.5471368630509463,0.0032842054472199166,0.2410177845540624,0.022332902879072383,2.0149818781326405,0.0908592853674447,0.24681716654446098,0.10011384630940079,0.1701520595898818,0.2433969507953591,0.24107375798150657,0.2410177883615367
glass_blur/s5,47744.0,0.09386160969734192,0.5278873443603516,0.09155725761633675,0.54619786213921,0.003696624916848003,0.23519886990287264,0.022082842372425124,2.0277076176910342,0.09044659312545114,0.24048343861637425,0.0995453065060075,0.16737881180024405,0.23811377879818038,0.23524951569891223,0.23519887334794606
glass_blur/s5,47872.0,0.09595020115375519,0.5507436394691467,0.0917715475449913,0.5464196073748167,0.00406978970762987,0.23729549739575806,0.021501298240633532,2.0261712351097674,0.09072383589756763,0.2442892981174927,0.10040655038407936,0.1692567952100959,0.2399329610660514,0.23734132265201993,0.23729550051292442
glass_blur/s5,48000.0,0.08870955556631088,0.5203841924667358,0.09162218208261663,0.5451495871353981,0.0036824212643099537,0.23625532512727423,0.021034688321446577,2.036771221517875,0.09097469030351003,0.24262062607775514,0.1004979852077244,0.1658065648510148,0.23791673633638558,0.2362967886696742,0.23625532794774423
glass_blur/s5,48128.0,0.08916311711072922,0.5965923070907593,0.09150222769374407,0.5476589881088303,0.003331923107088304,0.23027623409790846,0.02084435721620477,2.0122084164544853,0.0897888185316114,0.238285081656315,0.09916786763887496,0.16725790311623648,0.231779509796337,0.23031375108065108,0.23027623664992206
glass_blur/s5,48256.0,0.0904102772474289,0.5432780981063843,0.09144896181831406,0.5474452861574914,0.003014785869054914,0.22917915054308075,0.020816243313505033,2.0135211426842163,0.08726578999796605,0.23867510957718927,0.09720215745314027,0.16925893553824847,0.23126435716848814,0.22921309660539577,0.22917915285219
glass_blur/s5,48384.0,0.08966591954231262,0.5493347644805908,0.09136198414631398,0.5475374558317889,0.002727834209894422,0.22444987387033064,0.02090597797419854,2.009006799608694,0.08650729719625602,0.23304199385300706,0.09622292176456058,0.1643212914656014,0.22633660752722812,0.22448058889756511,0.22444987595965557
glass_blur/s5,48512.0,0.09290716797113419,0.5440835356712341,0.09143735896703692,0.5473689719215179,0.0024681950227539652,0.22227142067624803,0.021606470315354585,2.018625248592863,0.08643447295389971,0.2315329403036429,0.09522535038899264,0.15905424409231395,0.2247035871796038,0.22229921220297236,0.22227142256670798
glass_blur/s5,48640.0,0.08851877599954605,0.5604233741760254,0.0912949890661837,0.5480057720314939,0.002995463789178335,0.2232747357814237,0.020904971073738315,2.0235378616072053,0.08858080509392115,0.23466633087557454,0.09729714928117657,0.16088801621916093,0.22699979541949872,0.2232998820706252,0.22327473749194696
glass_blur/s5,48768.0,0.09062515944242477,0.6190313696861267,0.09126231445039058,0.5514704353317199,0.0027103512333969343,0.22589284540365584,0.02075238192246417,1.9844558082294526,0.09349726623905656,0.24062462180948774,0.1013839762383519,0.16936982312275065,0.23002554362466243,0.22591559823285004,0.22589284695136902
glass_blur/s5,48896.0,0.09538251906633377,0.5666922926902771,0.0914633000414122,0.5522129649589665,0.002452376101128338,0.2295258880779063,0.020664624021843533,1.979370859680527,0.09577072691826594,0.24285547279728187,0.105156173621971,0.16960826946442814,0.23326523013272552,0.2295464752600624,0.2295258894783059
glass_blur/s5,49024.0,0.09005343168973923,0.5773398876190186,0.09139452597547694,0.5534386685033593,0.0022189554133350397,0.22857458403717756,0.02120270106198619,1.967666638282036,0.09416554172675935,0.23914822969938473,0.10265766810173581,0.167648975523733,0.2319580101319902,0.22859321170169833,0.22857458530428512
glass_blur/s5,49152.0,0.08855896443128586,0.5388632416725159,0.09125620590015054,0.5527276720725864,0.0020077520426428287,0.2291638562287609,0.020564093496167446,1.9807572609470847,0.0903521945070797,0.2387310870748151,0.0987982231902083,0.16656400462319923,0.2315002280849239,0.22918071088535583,0.22916385737526332
glass_blur/s5,49280.0,0.09644705057144165,0.5407707691192627,0.09150941783533548,0.5521444085138877,0.0025416661849254857,0.2296226801451192,0.02113837818444562,1.9924526331020647,0.08991340740349091,0.238279288186076,0.09755553091749365,0.1647457471932695,0.2317366727645266,0.2296379305512351,0.22962268118249585
glass_blur/s5,49408.0,0.09057091921567917,0.5556895732879639,0.09146363741486443,0.5523173433809158,0.0022997467384126493,0.22855062254653558,0.024373095109152507,1.9964578848479722,0.08799199444420562,0.23783331191613422,0.09566892476234852,0.16161334412906778,0.23046340230508328,0.22856442139704258,0.22855062348517322
glass_blur/s5,49536.0,0.08922448754310608,0.5529902577400208,0.09135441059185183,0.5523501684716038,0.0028430486550420223,0.23364098565929836,0.026414970501189124,2.000790920023734,0.08850286945249063,0.24207731554101136,0.09544909849109584,0.16404009305194056,0.23609671915885283,0.23365347111534907,0.23364098650859516
glass_blur/s5,49664.0,0.08920931816101074,0.612459659576416,0.09124977193668884,0.5552823387693995,0.002572443191147481,0.24259692991540316,0.025742112223464165,1.9671581226992567,0.09346392887402633,0.25023027777387163,0.1005112009547631,0.17222188074479572,0.2448189231651488,0.24260822698777268,0.24259693068386273
glass_blur/s5,49792.0,0.09517287462949753,0.5412811040878296,0.09144114279975268,0.5545993517117619,0.0030897894668264828,0.2388027545516527,0.025050560197413325,1.9839262844395797,0.09204112779143013,0.2464345642439374,0.09841763037013365,0.17142666901417863,0.2415382701571632,0.2388129763524106,0.23880275524696917
glass_blur/s5,49920.0,0.09016741812229156,0.514302670955658,0.09137900988865702,0.5526336599675616,0.002795698857253468,0.23696846500479699,0.02442372553851589,2.0039444921069496,0.09006591634191863,0.24463606318562092,0.09732270421949629,0.16784426744233535,0.24016862516897397,0.23697771387984326,0.23696846563393226
glass_blur/s5,50000.0,0.11214109510183334,0.5664567947387695,0.0923917945332022,0.5533079592246938,0.002529600215278123,0.23283627916257954,0.023433765744784212,2.0407603810916672,0.08801844661276516,0.24049907918223049,0.09458452297314329,0.16651762687673533,0.2357318434753179,0.23284464771638405,0.23283627973183282
