corruption,n_samples,r_l,r_s,r_l_ema,r_s_ema,large_acc_ema,small_acc_ema,large_ent_ema,small_ent_ema,fixed_ts_duo_acc_ema,"PW NN - β=0.5, pbs=256_duo_acc_ema","PW NN - β=0.01, pbs=256_duo_acc_ema","PW NN - β=0.1, pbs=256_duo_acc_ema","PW NN - β=1, pbs=256_duo_acc_ema","PW NN - β=2, pbs=256_duo_acc_ema","PW NN - β=4, pbs=256_duo_acc_ema"
contrast/s5,128.0,0.06047578901052475,0.08690175414085388,0.06047578901052475,0.08690175414085388,0.14138719512195122,0.21722560975609756,5.916085522349288,6.247415891507776,0.28277439024390244,0.28277439024390244,0.28277439024390244,0.28277439024390244,0.28277439024390244,0.28277439024390244,0.28277439024390244
contrast/s5,256.0,0.05661012977361679,0.07744108140468597,0.060287220267260945,0.08644025790982131,0.14127746804312183,0.21214687830994905,5.921535847753364,6.246051149784369,0.27892986172574397,0.2781676666037927,0.27892986172574397,0.27892986172574397,0.2781676666037927,0.2774054714818415,0.27511888611598784
contrast/s5,384.0,0.07243312150239944,0.07645472884178162,0.06087970325434087,0.08595315893089255,0.14640201004972533,0.2158613336760455,5.9134688502054225,6.247298377156529,0.28509953580300806,0.28669647287588856,0.28509953580300806,0.28586173092495926,0.28673365312573984,0.2838317799666156,0.27730120510554285
contrast/s5,512.0,0.07932578027248383,0.08455969393253326,0.06177951188937223,0.08588518502853355,0.15615107512530174,0.21323622160693945,5.903666014267976,6.240379782076783,0.29514360140176993,0.2980757496991234,0.29514360140176993,0.295833249694743,0.2966593613350686,0.29479588776277355,0.2823245883197684
contrast/s5,640.0,0.07963280379772186,0.07392069697380066,0.0626504041775844,0.08530155146488805,0.157536160181787,0.21368667047243003,5.890932516709431,6.241430652168068,0.2997328481452064,0.3023859103464406,0.2997328481452064,0.30035685472082335,0.30182935073803646,0.30086826013514484,0.2888218018050968
contrast/s5,768.0,0.0782584697008133,0.08603157848119736,0.063411773227498,0.08533716253885436,0.1611503567141571,0.21264421522222848,5.879475744764341,6.235438686934636,0.29866145867272986,0.3003369837221511,0.29866145867272986,0.2992260714041477,0.3005584131306088,0.30041381538700485,0.28951395630312443
contrast/s5,896.0,0.07866563647985458,0.0780797004699707,0.06415586411785686,0.08498313999890882,0.16891935904951397,0.21322537260738222,5.8742210887103345,6.235068030402845,0.3067268463064974,0.3082428924695965,0.3067268463064974,0.3072377183853115,0.30844324590818323,0.3075502160640299,0.2984500163813517
contrast/s5,1024.0,0.0967935100197792,0.07882961630821228,0.06574794440575552,0.08468296811155776,0.17293729632023244,0.2121152836025154,5.855413351661412,6.2332891848696,0.3109385979965392,0.3123103447033053,0.3109385979965392,0.31140084453543054,0.3124916282131747,0.3109585833631109,0.30489959840335273
contrast/s5,1152.0,0.0875074714422226,0.0861758291721344,0.06680938474899781,0.0847557906023176,0.17584778566512405,0.2151077313262498,5.842652688528989,6.228667964241648,0.31337379985290664,0.3146149817333298,0.31337379985290664,0.3137920491007673,0.3155040252898505,0.31190467298946556,0.30642239094080875
contrast/s5,1280.0,0.1034938395023346,0.08236806094646454,0.06859887034672155,0.08463931598495891,0.17478181558397007,0.2167928966967436,5.82424753007913,6.223069323411916,0.3132162698252653,0.31285210423342924,0.3132162698252653,0.31359470950759494,0.31365652734435606,0.3096375714556675,0.3032270711606009
contrast/s5,1408.0,0.10693620145320892,0.09155189990997314,0.07046898405923312,0.08497651520081326,0.18121617579013594,0.22147798683863593,5.801793178380485,6.211473714711137,0.3190225737086428,0.3186930699220975,0.3190225737086428,0.3193649929571992,0.3186959120111633,0.3157845010018265,0.3099841613535241
contrast/s5,1536.0,0.12051323056221008,0.08331464231014252,0.07291016681547588,0.08489544823053663,0.18482587946269885,0.22354209873977707,5.774144279030843,6.207642126517284,0.3221383608630849,0.32107802459935175,0.3221383608630849,0.32244818815461035,0.32031840105233755,0.31772128258404403,0.3117108324917966
contrast/s5,1664.0,0.12862512469291687,0.09004098922014236,0.07562796963876568,0.08514645023002959,0.1887798409653569,0.2230859798829274,5.73667752133498,6.198060370564976,0.32484604216106605,0.3231616153572957,0.32484604216106605,0.3251263796449508,0.322474293873055,0.31718713314118435,0.3086999858536719
contrast/s5,1792.0,0.1410214602947235,0.0827673077583313,0.07881789601222704,0.08503039449970284,0.1870964533660368,0.2233611096977588,5.699495106581836,6.193330535606112,0.3184099227406195,0.3161236269830141,0.3184099227406195,0.31866357729920886,0.31473953062517346,0.3084312192193583,0.29926468083488095
contrast/s5,1920.0,0.1672278493642807,0.09088090062141418,0.08313057666354672,0.08531578504222534,0.19602094323006664,0.22440942763253488,5.6464447675708325,6.185650024158397,0.32295969214067954,0.3208910093046784,0.32295969214067954,0.32318920349321634,0.3203636681028487,0.31095635599800353,0.29903722757278633
contrast/s5,2048.0,0.16227436065673828,0.09040462970733643,0.0869912490534585,0.08556402136735271,0.20257159705706804,0.2261201602790515,5.606637249379345,6.181931749801274,0.3240648077013525,0.32143082995384636,0.3240648077013525,0.3250346689548971,0.3209536818467774,0.31095456125696813,0.29719549264616774
contrast/s5,2176.0,0.18831300735473633,0.09485716372728348,0.09193377384864278,0.0860173453849103,0.20479931536216567,0.23129313728996861,5.554890704723031,6.175264140846474,0.3280763370099685,0.3242430353121953,0.3280763370099685,0.3274666754791186,0.3208740631106177,0.30805287785356844,0.2911789674686622
contrast/s5,2304.0,0.18617554008960724,0.09003955870866776,0.0965309331774703,0.08621355091289845,0.2084137469755229,0.2292998880535647,5.500996333786021,6.1676530978908835,0.32953099856761575,0.32232594093387806,0.32953099856761575,0.3282171703770014,0.3177904223624328,0.30546456110367487,0.286571659440711
contrast/s5,2432.0,0.20738165080547333,0.09956811368465424,0.10193828525688509,0.08686499299932557,0.21846954738237379,0.22993166551426047,5.4440903915582455,6.157284220067068,0.3332453294594548,0.3267632398336874,0.3324831343375036,0.3320565533274355,0.3226594184492923,0.30849515017173673,0.29063830696568793
contrast/s5,2560.0,0.23623427748680115,0.0929882600903511,0.1084893092681005,0.08716368895498534,0.2191840758885131,0.22806800312146946,5.366756572350462,6.151540822680251,0.33562084836872735,0.32823134312137925,0.3349312000757543,0.3352702365324386,0.32081869450408895,0.3050281816842424,0.28520872391125
contrast/s5,2688.0,0.22051569819450378,0.09392660856246948,0.11395401116694943,0.0874935874724236,0.21990495504249163,0.22740418366909876,5.312256699212727,6.1463954966313565,0.3335317134853267,0.32158454663153946,0.3329077069097098,0.33172726339431235,0.31415242970893476,0.2991026855096565,0.28040747713801983
contrast/s5,2816.0,0.2902761995792389,0.1032491996884346,0.12255509352852452,0.08826215392198511,0.2256695042353538,0.2244054213924445,5.2187652891091165,6.135964796021676,0.33286837371277916,0.32133334052740714,0.3323037609813614,0.3312356737791487,0.3131585934487149,0.2980540955741746,0.28041330917723273
contrast/s5,2944.0,0.2479371875524521,0.08784068375825882,0.1286712932370088,0.08824159440180335,0.22214801662223269,0.22379276974295542,5.161097714537582,6.134663913047634,0.327341788469445,0.31541746635466167,0.32683091639063094,0.3258644912659638,0.3035591734892893,0.2883679532232716,0.2716812273995068
contrast/s5,3072.0,0.31600868701934814,0.09549929201602936,0.13780970268980583,0.08859562843176559,0.2195380031424247,0.22106338654315003,5.045050682200589,6.127612235487845,0.3214303154443937,0.308391562358977,0.3209680689055025,0.3193314343935341,0.29468753889185545,0.28170443596228195,0.2643565716089529
contrast/s5,3200.0,0.33020123839378357,0.11502338945865631,0.14719465565097548,0.08988478750624807,0.22316243472910646,0.22614138068538442,4.9444430642043855,6.111433386496074,0.3266406958899005,0.30881978961808687,0.32622244664204,0.32325437936500023,0.2948957445892398,0.2794117769771748,0.26371510732731546
contrast/s5,3328.0,0.3636819124221802,0.10191652178764343,0.15775500963981473,0.09047170137363321,0.22796627794346874,0.2298994884131289,4.834095506524603,6.106003407215665,0.3312807843239373,0.3106944675842416,0.33090234464160784,0.3274545871589324,0.29512131321846147,0.2796239219406798,0.2646590887833711
contrast/s5,3456.0,0.35536348819732666,0.10602352023124695,0.1673944476182299,0.0912303266837607,0.23227570419513144,0.22883826405494886,4.730660792492687,6.096182236163734,0.3347170273389105,0.3108291405090014,0.33437460809035424,0.33049281800638675,0.2945260365290184,0.27901649926934796,0.26547604047561413
contrast/s5,3584.0,0.3835293650627136,0.10422427952289581,0.1779376143228389,0.09186417804176729,0.23769934329613024,0.22943961905269317,4.618184675150491,6.086115952704084,0.3385883989187881,0.314761970680661,0.33827857162726277,0.33552845103373835,0.29623682424785064,0.2799912822062333,0.2677396237735925
contrast/s5,3712.0,0.3655741512775421,0.10591547191143036,0.18709061612550734,0.09254960701101915,0.23742010776526717,0.22853370647183005,4.5254734674645745,6.076869089431598,0.3346924180579873,0.31092159869439934,0.33441208057410265,0.3326859155397478,0.2926353121243193,0.2771738490396673,0.26460111110031775
contrast/s5,3840.0,0.40304744243621826,0.12948773801326752,0.19762509545773713,0.09435146705990932,0.23724181077392703,0.23583790454708714,4.418304676887166,6.051816188152149,0.3363910873683513,0.3067217439703637,0.3361374328097621,0.33091331203804664,0.28796374761516336,0.2732117337235776,0.2618356870812512
contrast/s5,3968.0,0.3859536051750183,0.11248359084129333,0.2068118520293118,0.09523596090290365,0.2383817930916972,0.23421145319221864,4.319936567626352,6.040744658043641,0.3370543390168128,0.30647235132595074,0.33682482766427607,0.32912352624025515,0.28797537782430904,0.27169024211395687,0.2606347888462719
contrast/s5,4096.0,0.4123268723487854,0.10146807134151459,0.21683697497172513,0.09553996629015296,0.2387626158789241,0.23640206442912823,4.220680186288175,6.03846044280046,0.3398295060348437,0.3055588616102147,0.33889682503115043,0.3297163196974587,0.28664741205875904,0.26817570389965995,0.2588975394617367
contrast/s5,4224.0,0.39543357491493225,0.11206669360399246,0.22554900423724744,0.09634614811034024,0.23700650728842568,0.23712004163991912,4.1365693802146115,6.029927856533572,0.33596411581142005,0.3026316350441026,0.3351202087283639,0.32753853198086536,0.2818207696260395,0.26362001524769946,0.2552249598580021
contrast/s5,4352.0,0.46224528551101685,0.11536265164613724,0.23709516429938252,0.0972737824291596,0.24792870171665404,0.23624529050227067,4.0233538393346615,6.017127825865081,0.339028953092903,0.30814409095900064,0.33826537030091697,0.3314053284609733,0.2900018682934004,0.2720090976750451,0.26441309574302274
contrast/s5,4480.0,0.43507063388824463,0.12249298393726349,0.24675250427932702,0.09850398738077443,0.246415559375985,0.23896733304815806,3.936229136179,6.002582583561474,0.33696864226906925,0.30681122090936347,0.33627773838649294,0.3307956600768235,0.28673354650461746,0.26896614370240546,0.2613309450476725
contrast/s5,4608.0,0.4243306517601013,0.1103314608335495,0.2554148529369258,0.09908093730530004,0.2511811813271107,0.23791675405487708,3.8638128190455894,5.9960655326144225,0.33467686192222146,0.30811488221483746,0.3340517192658273,0.32909143306177774,0.28918603464219106,0.2708603537009867,0.26467689911809034
contrast/s5,4736.0,0.4566219449043274,0.11334744095802307,0.2652298330328966,0.09977686431274993,0.2563297601419009,0.23837902017695897,3.7836753671140837,5.989939917440438,0.33938861212593624,0.30933163941033176,0.33882297144754503,0.3320110468096157,0.2922044667999837,0.2748608554308154,0.26854093608483964
contrast/s5,4864.0,0.45306551456451416,0.11739650368690491,0.27439254920517064,0.10063635891636724,0.25442597571435527,0.24234800100485102,3.7082324958072896,5.9804933210535784,0.3370152165636817,0.30680750954379216,0.336503414379367,0.3273282582971002,0.2883732861408537,0.271193254675949,0.2654748743516009
contrast/s5,4992.0,0.4735890030860901,0.11000119149684906,0.28410944939448374,0.10109318001785415,0.2546925395963916,0.24017626979677476,3.63888001049561,5.979399533576769,0.33403116858617476,0.30437490899233066,0.33356808047056347,0.3245412140808384,0.28540869614529357,0.26986388480792295,0.2646897881551368
contrast/s5,5120.0,0.43810170888900757,0.1069238930940628,0.2916212669308019,0.1013776050459619,0.2570344156609825,0.23581312097614182,3.5825434431679466,5.977772337552924,0.3317958997142009,0.3049623656022218,0.33065187412000413,0.32248419786850396,0.2855519790820889,0.2707617303943193,0.2660801117096746
contrast/s5,5248.0,0.45139575004577637,0.1317233443260193,0.2994151441559226,0.10285788501084274,0.25792644034524354,0.2340403075578297,3.525490410614489,5.96166094943466,0.3315208586944078,0.30354194412907753,0.330485723103228,0.32233326291373854,0.28449185614744626,0.27034716950015436,0.2661111540216627
contrast/s5,5376.0,0.46998053789138794,0.12176771461963654,0.3077354072649697,0.10378031572346683,0.25934703495842676,0.23330996894435396,3.4657477827540517,5.951586496963364,0.33264766571933024,0.30508241940531045,0.3317110558239201,0.32433455853170506,0.2870833511006935,0.27134773635320325,0.26675271580425275
contrast/s5,5504.0,0.4926042854785919,0.12223008275032043,0.31675340132417074,0.10468030435892309,0.2614317907030143,0.23356006113287472,3.402255407455746,5.941645644365057,0.3345037772511013,0.3079634800211048,0.33365631523389794,0.3276697581955522,0.2901903789554758,0.27229024806259494,0.2681325881845737
contrast/s5,5632.0,0.48872947692871094,0.12402749061584473,0.32514247818292874,0.10562406954218755,0.2646937856390748,0.23516201843135184,3.3496103575405054,5.932613524996618,0.3338594557994795,0.3105331368900061,0.33309265643709624,0.32836374313827177,0.2929644951762514,0.27528091451707726,0.27075679156974214
contrast/s5,5760.0,0.4817548394203186,0.12223596125841141,0.33278210556036236,0.10643440572346675,0.26402022484059057,0.23291206426774905,3.2927405035904096,5.922890079216672,0.32881483180904714,0.30694655039244456,0.3281210175138746,0.3246044041126183,0.29028792216720894,0.27359965555054994,0.26950614513835675
contrast/s5,5888.0,0.5249828100204468,0.1458575576543808,0.3421577496803665,0.10835748630546255,0.26874614038223565,0.23595136808521494,3.215629994865757,5.898823816218226,0.3355345682222252,0.3120111262028008,0.3349067921704957,0.3317248950953554,0.2940008504558744,0.277413787086488,0.2737099028884239
contrast/s5,6016.0,0.4669383466243744,0.13180777430534363,0.34824460806787905,0.10950140279326162,0.2720741401079003,0.23061468224724088,3.1829615974947965,5.8859952394441635,0.3363165248459278,0.3135076876588102,0.3349863063006091,0.332107266769801,0.29572444589136515,0.27991678772073064,0.27656544455282134
contrast/s5,6144.0,0.4570290446281433,0.12446056306362152,0.35355116594886754,0.11023111792840112,0.2685230619298729,0.23108413545392825,3.161402723335754,5.878683766190432,0.3311495742359644,0.30753729502025595,0.3299459678067974,0.3251287345371013,0.28919728268933154,0.27561923505248737,0.27258687755195793
contrast/s5,6272.0,0.4636138081550598,0.106050506234169,0.3589200753247793,0.1100271856506337,0.2667600102292306,0.2245376085814544,3.1400394127664115,5.884534943102656,0.32785009066799636,0.3050352324365314,0.3260360303593925,0.32019009829323675,0.2862286240157485,0.27318075937824704,0.27043702603005826
contrast/s5,6400.0,0.5037448406219482,0.11668650060892105,0.3659846980222022,0.11035203028274528,0.27100206755422945,0.22394955541486744,3.0976924205432423,5.88536694593656,0.33451293153243455,0.31085802411419644,0.33287153609555975,0.3275820282593772,0.2915920506412572,0.2775738756777595,0.2743290996976315
contrast/s5,6528.0,0.5479064583778381,0.1384257823228836,0.3748589302346722,0.1117214816017764,0.27571409562759247,0.22650343473290505,3.033227723003163,5.873177695287578,0.33916592436694404,0.3147137446030296,0.3376807593107355,0.332132519323327,0.2958315044767116,0.2816603895930233,0.27872445606192586
contrast/s5,6656.0,0.515093207359314,0.12390347570180893,0.38169962667977664,0.11231572521641213,0.28059110020795247,0.22572827140318177,2.9946517765424354,5.866900064033864,0.3469267525057239,0.31954096105961216,0.3455829475976375,0.33903840683568137,0.2995187199935028,0.2859714173533542,0.28331493020237314
contrast/s5,6784.0,0.5118706822395325,0.1344638466835022,0.38804943426805744,0.11339612138553848,0.28431606984907537,0.2251012497348242,2.9536954816025545,5.854124832805172,0.3525360443552683,0.3225702271098573,0.35132014473290096,0.3431491176663125,0.3036915366508731,0.2891842806629695,0.2867806417833489
contrast/s5,6912.0,0.517821192741394,0.11966923624277115,0.3943797639496836,0.11370212698833031,0.28246266641311335,0.22445954839183083,2.9228866805411737,5.854126956810136,0.3516625957551237,0.32005015790249425,0.35056242720924585,0.3416447400181209,0.30148115838547174,0.2868675139133709,0.28469265684263745
contrast/s5,7040.0,0.5539646148681641,0.14590668678283691,0.4021643908237558,0.1152730811246477,0.28844480405374506,0.22928865145983024,2.860323634312367,5.832886251862238,0.35551981448158426,0.32314249861373806,0.35452436156172684,0.34718048754762754,0.3064152837027379,0.2924303918276247,0.29046254078384987
contrast/s5,7168.0,0.5134565830230713,0.11988671869039536,0.4075932782481127,0.11549813661565977,0.28837346636867706,0.2299214984356941,2.8312961802903636,5.833068970693359,0.3572996060835751,0.32201798952498245,0.35563670668375164,0.3474674429267944,0.30463348989402994,0.2919797001605099,0.29019915201203783
contrast/s5,7296.0,0.5165793299674988,0.12948450446128845,0.412909671014912,0.116180398461788,0.2899820299504805,0.23488137960778743,2.7994711712586176,5.823012156960187,0.3590215353082199,0.3233614586957158,0.3575169130672136,0.3471507916071708,0.3061444307726469,0.29397003209050293,0.29163394420601396
contrast/s5,7424.0,0.49665766954421997,0.13314566016197205,0.41699493923585385,0.11700797220326038,0.2899874583906489,0.2333459716736732,2.79069375069966,5.817156451263551,0.35760514884223815,0.3238892199144459,0.35624373871221404,0.3475892944881063,0.3053365135069577,0.29283368162382806,0.29148214106921305
contrast/s5,7552.0,0.5225540995597839,0.14682629704475403,0.42214416656872844,0.11846252463455276,0.2956437681214616,0.23931839554768408,2.757929304281479,5.80059304657983,0.35769924532364317,0.328605296543648,0.356467416169707,0.34932454902820326,0.310331253446807,0.29821908372982897,0.29699618475090606
contrast/s5,7680.0,0.5347007513046265,0.16057530045509338,0.42763473167779664,0.1205168063818962,0.3039963838862243,0.2402607255371966,2.7223729374100243,5.778247360873042,0.36315693166999474,0.33389494708083794,0.36204234978829525,0.35481715590237783,0.31659805859166773,0.3063265772475133,0.30522007555391323
contrast/s5,7808.0,0.5234572887420654,0.1420167088508606,0.4323090027541024,0.12156558211208958,0.30408075543780316,0.23890113833555982,2.702140206318282,5.767669440938566,0.36432135221300527,0.33414513058295925,0.36331285783937955,0.35753756343100335,0.3177323897191711,0.3069513527623246,0.30518797437091133
contrast/s5,7936.0,0.5140873193740845,0.142391175031662,0.4362981889306869,0.12258146469353214,0.30118267639553753,0.23625810910671416,2.679990849400864,5.756125220559244,0.35938892130635397,0.3298355107773236,0.3584764168790579,0.3525258084345961,0.3134605679731465,0.3037800461341438,0.3021845086366187
contrast/s5,8064.0,0.608435332775116,0.15186503529548645,0.4446951227767566,0.12400993155216404,0.30454646091470106,0.24050332180327916,2.625098475885118,5.740440321481734,0.3646857818601811,0.33275866263670983,0.36309793579598276,0.3562636850856756,0.3171801153403663,0.30689660926236323,0.3054529373208192
contrast/s5,8192.0,0.5389958620071411,0.1293947398662567,0.44929515883677534,0.12427260512846124,0.31361327605666883,0.24220660467744654,2.6103332044810297,5.739002538546202,0.3680284498568324,0.3399023949258987,0.36659173726691835,0.3604451606277885,0.3250444410664468,0.3157397339012816,0.3144334727334717
contrast/s5,8320.0,0.5622835755348206,0.1522621065378189,0.4548067889196068,0.12563794666062503,0.3180433033207574,0.23714827228696977,2.5826455155913903,5.7219154723443495,0.36949138740763954,0.3418301860096917,0.36819142319035264,0.36114267657041416,0.32838643358837927,0.31996736184643026,0.31878543249709124
contrast/s5,8448.0,0.5235628485679626,0.13345015048980713,0.4581607430487949,0.12601902977424367,0.3138534291200904,0.23242267825608626,2.576147747449647,5.716877964831239,0.36334185023618065,0.33610125694273707,0.3621656184845487,0.3557877817154074,0.3239371002307702,0.31559435298537797,0.31452492137303734
contrast/s5,8576.0,0.532760739326477,0.15596260130405426,0.4617997672574623,0.12747969180008809,0.31528617828177125,0.23409571304432314,2.5578382611508266,5.698672981013826,0.36895029994600287,0.33827930506240517,0.36716100875371716,0.3613902236699195,0.3251350859315892,0.31758641337939314,0.3158937569353895
contrast/s5,8704.0,0.5177300572395325,0.13358259201049805,0.46452807408585595,0.12777739424937637,0.31212092633347654,0.22886129062487537,2.5559685437894863,5.701632354870138,0.36506448912425354,0.3343755639499811,0.36344550524354774,0.35677396204755946,0.3224824305187074,0.31492723661514394,0.31267067477616145
contrast/s5,8832.0,0.5990345478057861,0.16093328595161438,0.47108936548682817,0.12939475482021726,0.3157449012214264,0.22767580192768316,2.509627342148174,5.684991644803947,0.3695608792135572,0.33668068576318927,0.36809599254933734,0.3620594564392254,0.32512018252168584,0.3182841028504663,0.3162423238159081
contrast/s5,8960.0,0.5606474876403809,0.16325177252292633,0.4754580543723673,0.1310463166593738,0.31815020509089204,0.22823908074479837,2.482652980116205,5.6634003624985265,0.37427995079346843,0.3385433212646108,0.3722294792787282,0.365243119121988,0.3266331336201571,0.32044772185339626,0.3186002822867318
contrast/s5,9088.0,0.5641627311706543,0.15269604325294495,0.4797851117771618,0.13210240088345043,0.3162367411916995,0.22965966199454985,2.4709610850377506,5.654479477494638,0.3722478019969455,0.33617602120373163,0.3703924973128766,0.3625838989795025,0.3239122523713617,0.3183155770011991,0.3166439793920994
contrast/s5,9216.0,0.538781464099884,0.18756109476089478,0.48266298262217266,0.13480770302381356,0.3219414535113473,0.23159568464825125,2.468263885287916,5.6244968598202885,0.3784957803910494,0.34215792876316226,0.37681706627774253,0.3690266867030477,0.3303364282313153,0.32454743760786664,0.3223099301935652
contrast/s5,9344.0,0.5759193897247314,0.18764494359493256,0.48721207565156577,0.13738512939313646,0.32332938773989245,0.23399808825103519,2.4369831683035,5.598503635713597,0.3841118869570411,0.3438710348892146,0.382592955269748,0.37188182062780223,0.3324497069243489,0.32568733051848014,0.3236627922810307
contrast/s5,9472.0,0.5795271992683411,0.1650877594947815,0.49171525241335967,0.1387364772029728,0.3243993151412114,0.23338330888151368,2.4047250361030934,5.581989334282199,0.3839324390610705,0.3430229589925612,0.38255808147845727,0.3713792380576366,0.332651549215904,0.32653282553159324,0.3247009857581485
contrast/s5,9600.0,0.567218005657196,0.17451411485671997,0.4953983135472053,0.14048172782022875,0.3336400109040943,0.23568992433597996,2.393581165058339,5.563285398334811,0.3905554668720334,0.35274043463871835,0.38931192262268505,0.37992211248403646,0.3425939954535336,0.33557045070407693,0.3339129680774205
contrast/s5,9728.0,0.571093738079071,0.14871379733085632,0.499090773280467,0.1408832921866008,0.3338772793486778,0.23117749846224003,2.370285791353238,5.56294439709135,0.39204929512930564,0.35714571748095814,0.3909241132118405,0.3824652189697914,0.34422841587437514,0.3363861722313509,0.3341242560652924
contrast/s5,9856.0,0.5665863752365112,0.16059298813343048,0.5023832416685667,0.14184474076937298,0.3347797988633782,0.2299946312677377,2.349500448829459,5.554159570550607,0.3933637584126555,0.3580457384226873,0.391583477807977,0.38392971329747333,0.34632074392916395,0.337774906581728,0.335003267980553
contrast/s5,9984.0,0.6348491311073303,0.19669963419437408,0.5088449923728966,0.14452058922912914,0.3416196157472922,0.23647194179549613,2.3009164839017626,5.522784515461052,0.4013385047862278,0.3664076847953048,0.3997276738524289,0.39280240566654184,0.35282427216910073,0.34432964480119466,0.3418218147521838
contrast/s5,10112.0,0.6113672256469727,0.1647605299949646,0.5138460769228514,0.14550790341282843,0.346934673141958,0.23493386286195694,2.2686911302399513,5.517257813734442,0.4047432277096088,0.37088776833650117,0.40328571798307217,0.39701960679286735,0.3585600642291506,0.34938675772909994,0.3471176265544744
contrast/s5,10240.0,0.5594936609268188,0.184681236743927,0.5160727883376791,0.1474187977216625,0.34750528723909463,0.24025321559371593,2.254007581076524,5.497888609687489,0.40728477058079415,0.37219009258763724,0.4059659887282884,0.39880908502793055,0.35802415686647115,0.34972397888516416,0.34767082688242446
contrast/s5,10368.0,0.5616115927696228,0.14259088039398193,0.5182941934319203,0.1471832895593366,0.34402471260598627,0.23229484885070906,2.241992944381765,5.504120601022124,0.4062753635058821,0.3685722075108841,0.40508210520864163,0.39784421078374915,0.3550295910731127,0.34603222598711164,0.3441744959477499
contrast/s5,10496.0,0.6079041361808777,0.17835384607315063,0.5226654101513816,0.14870380451122997,0.351936548407915,0.2404308239749723,2.222662320150463,5.489992176918325,0.41714817245237756,0.3749097725306691,0.4160684901977061,0.40734446436768734,0.3618939666997052,0.3537529837753699,0.35207207515557853
contrast/s5,10624.0,0.6081409454345703,0.22582173347473145,0.5268349484578785,0.15246565470457152,0.35184517556718536,0.2421038270469559,2.1954567939799343,5.439488789430453,0.4161108687091411,0.37564337538319315,0.4151339521658007,0.4072402916735589,0.3608548324510717,0.3534887200013906,0.3519678026838994
contrast/s5,10752.0,0.5634216070175171,0.17862412333488464,0.5286196635095682,0.1537416775645868,0.35027528973092736,0.247465747137668,2.1976826048684477,5.426356261508609,0.41372226728530853,0.3755821379880052,0.4135633499370511,0.40493380942027546,0.3591895896240809,0.3517623992398067,0.35038624502213617
contrast/s5,10880.0,0.6073460578918457,0.1729080080986023,0.5324599754306549,0.15467662051746559,0.35575176423601457,0.2418696617468132,2.1716514778650855,5.425867306886917,0.4161341871153803,0.3802114407375109,0.4160275759989617,0.4089816026937769,0.36530479822619094,0.3578223433930672,0.3558521586428728
contrast/s5,11008.0,0.6191151142120361,0.21381421387195587,0.5366870553712101,0.15756138116890414,0.35468377953776214,0.24855517877269653,2.149076813166186,5.396015241419989,0.4151562157064208,0.3797525885554753,0.4150597519895423,0.40864724431721283,0.36550258661632146,0.35655727798980086,0.3547746182604459
contrast/s5,11136.0,0.5997511148452759,0.1871853470802307,0.5397633509553109,0.15900645267677374,0.35814189689288295,0.2509792843029574,2.126793513136978,5.38291666569522,0.41575853901812376,0.38307402569475185,0.4156712568566888,0.4091440860240813,0.3686559692108417,0.3590748779431809,0.3582240894551685
contrast/s5,11264.0,0.6001029014587402,0.20012319087982178,0.5427067436627953,0.16101214722326387,0.3530354403177126,0.24722382000285437,2.1108047172631106,5.360419851033425,0.4110053467260953,0.37849455269584625,0.41092637220643885,0.4042954520182199,0.3639987978403868,0.35387961888850566,0.35310980967359384
contrast/s5,11392.0,0.6202680468559265,0.19642513990402222,0.5464902218673382,0.16273961028086184,0.3476528285087691,0.2437142654517201,2.0916111015832186,5.346373945695682,0.406053915746812,0.3751503359014765,0.4059824581356297,0.399257663604826,0.3605470978674767,0.3484166569478983,0.347720119282294
contrast/s5,11520.0,0.6439396142959595,0.2376171350479126,0.5512438507662953,0.1663921724646204,0.35765464138122416,0.2479004448257384,2.0510370403338105,5.308511361990032,0.4164086887869726,0.3869593461666543,0.4163440326140944,0.4094971185859252,0.37004663049163117,0.35834576752989494,0.35771552732205186
contrast/s5,11648.0,0.5901206135749817,0.20385068655014038,0.5531402782203775,0.16821941705415797,0.35560616272506956,0.2442893079000286,2.0576378074791823,5.292914133947397,0.4102923055591822,0.3858210383816069,0.41023380345391885,0.4032763934379489,0.36834305471610407,0.35771871648600245,0.3556612534543967
contrast/s5,11776.0,0.6132222414016724,0.20663025975227356,0.5560711056926357,0.17009311669796848,0.35821429119859055,0.24658033153833642,2.0410094829782044,5.2742476158246,0.4129191533346318,0.3870776617361238,0.4113790095499171,0.4050838158352887,0.37050106259559445,0.35940075417918477,0.3582641383129907
contrast/s5,11904.0,0.6301588416099548,0.1891128420829773,0.5596851415910415,0.17102090818016402,0.35908696425523867,0.24843021074944063,2.018415194015639,5.2687339935010975,0.41598380857940215,0.3889025124929472,0.4145902578973372,0.41110647464930045,0.37317868305050517,0.36016049798128497,0.35913206684952936
contrast/s5,12032.0,0.5605132579803467,0.21042940020561218,0.5597255375124711,0.17294327364482004,0.3538161943082796,0.2417942299523493,2.0193659733394425,5.252886828485217,0.4083462955676803,0.3845304708517387,0.4070853850457168,0.40389601305269834,0.36877886788805375,0.35478754754880093,0.3538570039727151
contrast/s5,12160.0,0.6171423196792603,0.22544385492801666,0.5625263561547534,0.17550427760985401,0.361167865284291,0.2470368969408229,2.000706315895909,5.224646210224526,0.417070027101988,0.39330880200207885,0.415929131858736,0.41155611888944327,0.37764360979044004,0.36277177859710064,0.36120479062611516
contrast/s5,12288.0,0.6251437664031982,0.2232998162508011,0.5655808639717508,0.17783576729965628,0.3609600375356375,0.2427829388738796,1.9950274087865816,5.203167015516931,0.4166536354682473,0.3966412479745163,0.41638352739865403,0.41315175897135226,0.3803292269430454,0.36241128807030937,0.3609934482702684
contrast/s5,12416.0,0.5995499491691589,0.21327371895313263,0.5672378925179657,0.17956444786811854,0.36240792212474987,0.23820886378772807,1.9941102222246385,5.182742562415832,0.4127633429787056,0.39614297333089776,0.412518944184029,0.4095575998783026,0.3791713290781511,0.36295884542233225,0.36243815277755986
contrast/s5,12544.0,0.5878832340240479,0.2078763246536255,0.5682449823475307,0.18094551502838718,0.3592935452419658,0.23635674111905675,2.003672949745626,5.172885309555954,0.41069336387305844,0.39351708056888485,0.4104722273075004,0.40782992826585257,0.37739862672686963,0.36055422598891573,0.3593208984977207
contrast/s5,12672.0,0.6035059690475464,0.18832579255104065,0.5699650304792387,0.1813055285660776,0.3600634933450505,0.2361681161463922,1.998779863993349,5.1731034015306205,0.41244548271916825,0.3917545981827923,0.4122453942502725,0.40840456329111346,0.3779325171038481,0.3619663758055567,0.36008824307854437
contrast/s5,12800.0,0.5809868574142456,0.2202467918395996,0.5705026805736293,0.18320510238429819,0.35535043032589037,0.23229800990997174,2.0060400843623336,5.155642450495287,0.4049960316572605,0.38699955017015286,0.40481498789688547,0.4028269427518046,0.37155583492858596,0.35707219369437926,0.3553728243441201
contrast/s5,12928.0,0.6197580099105835,0.2168998122215271,0.5729053795656759,0.184848746766602,0.36248171000932733,0.23870480254197918,1.9853712688312066,5.139002417018852,0.41117576689511787,0.3932934656804298,0.41101195514048944,0.4091759547444942,0.3786318708663767,0.36480178858367096,0.3625019725326631
contrast/s5,13056.0,0.604722261428833,0.22374393045902252,0.5744574225833908,0.18674607280037864,0.36066161863425744,0.2405049105689175,1.9759687674261042,5.124179776098628,0.40994473018886035,0.3922401019035893,0.409796510272864,0.4074102481656012,0.3782490039189523,0.3635230639118165,0.3606799525414518
contrast/s5,13184.0,0.6154410243034363,0.19804029166698456,0.5764566226672955,0.1872970103060667,0.3611154502931026,0.2428215163446303,1.9668817167608976,5.123705711877916,0.40948151970092594,0.38896323319176634,0.4085852124479632,0.40570106333127864,0.37557881318306147,0.3637045390897518,0.3611320391526164
contrast/s5,13312.0,0.6531490683555603,0.2132834643125534,0.5801977175789181,0.18856464220882216,0.3640729327161267,0.24434133037488562,1.941228239838461,5.114874236408375,0.41378428998519234,0.39373175353044415,0.41221109942495654,0.4096014677732747,0.37715965190448325,0.36641558831380866,0.3640879426241103
contrast/s5,13440.0,0.6225860118865967,0.23556461930274963,0.5822654392524634,0.19085732401828204,0.37033681181512706,0.25162814604414097,1.929224729920588,5.0922896668786795,0.41897882514424595,0.4001842636048813,0.4175553731263289,0.41523131022198145,0.38370230847514514,0.3732186852024407,0.3703503930584603
contrast/s5,13568.0,0.6320276260375977,0.22741617262363434,0.5846928629980797,0.1926406824868358,0.37451727588983236,0.2515475372594517,1.9173012354827743,5.0693062209458635,0.42302828259631053,0.4045354044872245,0.4217403167906878,0.4196374615393419,0.3880978353305745,0.37784986329144093,0.3745295644508733
contrast/s5,13696.0,0.6285697817802429,0.21799778938293457,0.5868332004996486,0.19387761453054794,0.37852291887473827,0.25136306018538135,1.9048090650311276,5.056256110743591,0.4267666673581132,0.4078589233938539,0.42560129199205005,0.4229735746587382,0.39302308598322655,0.38230050093175594,0.37853403779284844
contrast/s5,13824.0,0.6647326350212097,0.26611757278442383,0.5906331729153345,0.197401514933176,0.38997374158743414,0.254895576765,1.8699585772977705,5.020383794177375,0.4329005657654314,0.41724251783584276,0.43184611250440696,0.43019351996189215,0.40233156679386534,0.39339176794598496,0.3899838021909116
contrast/s5,13952.0,0.6475232839584351,0.23674575984477997,0.5934083002832905,0.19932074639227862,0.39304732953865995,0.251418008482787,1.8499654871794815,5.002944878862207,0.4334127070370144,0.41851999977889165,0.4324586181553855,0.4309633217501713,0.4057533093952821,0.3961400232277473,0.39305643255941497
contrast/s5,14080.0,0.6465837955474854,0.22579343616962433,0.5960022268815439,0.20061209711312475,0.39335588234878155,0.24888491427859546,1.8337515428200692,4.996443145101786,0.432054269722367,0.418616252030752,0.43119099239401626,0.4306002155752591,0.40485248875087687,0.39615420900024007,0.3933641189309162
contrast/s5,14208.0,0.6080297231674194,0.2725018858909607,0.5965889340174403,0.20411891607789723,0.39850567938875475,0.25025517823780113,1.8310674267446,4.961377055749126,0.4386329828957288,0.42574900020153106,0.43785187354628113,0.43731732771562704,0.4089080222427624,0.4010376572810025,0.39851313200114424
contrast/s5,14336.0,0.6353626847267151,0.2365940362215042,0.5984803364910634,0.20570306828002438,0.3939817896194503,0.24961741588322162,1.821551441575349,4.946600122850945,0.4370751142084494,0.42088145705325913,0.43636835197138224,0.4358846849824323,0.4056434276212026,0.397034965332781,0.3939885328814636
contrast/s5,14464.0,0.6428052186965942,0.2433565855026245,0.6006425258669429,0.2075398252177122,0.39659952528922304,0.24961665054038074,1.812512392356322,4.9318417919634445,0.4378405703218629,0.4224260536454533,0.43720107873198827,0.436038432991243,0.4071511917976497,0.3993620953427483,0.39660562671785016
contrast/s5,14592.0,0.6192301511764526,0.22544005513191223,0.601549239296675,0.2084130071647463,0.3966443354936991,0.24591652318377102,1.819357254260929,4.926824249725205,0.43918382359283376,0.42298707768871774,0.43860519973310774,0.4367910211657826,0.4076788891875224,0.39914396015248077,0.3966498561795658
contrast/s5,14720.0,0.6594048142433167,0.24676348268985748,0.6043714624648038,0.21028376206841026,0.4027824415740132,0.255879108722496,1.8029980164566948,4.905147772994861,0.4486718296756098,0.43039163900329547,0.44814828006785057,0.4443317330119901,0.41425392055575344,0.4058063434812154,0.40278743679305146
contrast/s5,14848.0,0.6295000314712524,0.2411564439535141,0.6055972463187769,0.21178974655061045,0.40467405927071626,0.25253100795176464,1.7861230575159452,4.892869452749,0.45290666444771116,0.43194195890780035,0.45243294704533055,0.44821746931067036,0.41730307148441464,0.40889735183517467,0.40467857903761517
contrast/s5,14976.0,0.6650054454803467,0.2543458938598633,0.6084952072534875,0.21386565617545203,0.4100107044323375,0.24637844324487448,1.7670261785750436,4.865206500588168,0.45731471542234897,0.4368954309927212,0.4568860871242997,0.4530718446291075,0.4221626839546666,0.41383201793057744,0.4100147940013163
contrast/s5,15104.0,0.6094785928726196,0.24646949768066406,0.608543177283689,0.21545608746838918,0.4006551347064755,0.24809881747498758,1.7767929319821918,4.854778953874421,0.45089273180094747,0.42570594916117127,0.44974270583941683,0.4433914489475743,0.4116504713236454,0.40411273008471643,0.4006588350243914
contrast/s5,15232.0,0.634244441986084,0.26220792531967163,0.6097968975130741,0.2177366649245493,0.4018383164119865,0.24606754989854618,1.765604176231175,4.830243756914242,0.44965517255754966,0.42599196827730007,0.44861460772263706,0.44359288747725195,0.4132743110548867,0.4049668128845054,0.40184166452831604
contrast/s5,15360.0,0.6613481044769287,0.2733037769794464,0.6123115905357011,0.22044725575649549,0.405418548044397,0.2428167717999338,1.7544956957576427,4.804382800605346,0.45005979622845504,0.4286860700474559,0.4491182738525466,0.44533672329143376,0.41645388287595636,0.4089742845909177,0.4054215774821943
contrast/s5,15488.0,0.6517175436019897,0.263560950756073,0.6142338321486908,0.2225503628296456,0.4093458426981129,0.24273828667917866,1.7536408916329962,4.781913956898812,0.45050026773556223,0.4311609235824987,0.4504105559367777,0.44550172880801353,0.42085520871762616,0.4140875293651314,0.41011077891161063
contrast/s5,15616.0,0.6193723082542419,0.27351731061935425,0.6144844895196933,0.2250365554047533,0.4091255364329742,0.2427788126347595,1.752049462082257,4.7562999432025075,0.4478500340427068,0.428102031391422,0.44776886114208136,0.44332726324627514,0.4187772293036938,0.4134159025368024,0.4098176649164543
contrast/s5,15744.0,0.6599283218383789,0.3028402030467987,0.6167012618279218,0.22883185528973113,0.4082383646130599,0.24288984177124878,1.742272685628131,4.71682217018687,0.4463257892795699,0.42842024970038833,0.4462523425324841,0.44150848744651067,0.41998299569953496,0.41360757748868315,0.40886461531108087
contrast/s5,15872.0,0.6693577766418457,0.25078362226486206,0.6192698723066499,0.22990267319095703,0.40804910920670084,0.24070371762883366,1.7370616263273932,4.712647308637381,0.44396134770626167,0.4270350682892865,0.4438948917262988,0.4388403684748023,0.4179508545264679,0.4129072726711999,0.40861575246172155
contrast/s5,16000.0,0.6220701932907104,0.26134827733039856,0.6194064733302626,0.2314366051001981,0.4069669512810184,0.2393019658021749,1.7323126138222231,4.692860234345636,0.4394610112202403,0.42342078457347093,0.43940088061612165,0.43482745416429164,0.4152012193544067,0.41060051263110947,0.4074796606152757
contrast/s5,16128.0,0.6331889629364014,0.24076911807060242,0.6200787898964156,0.23189184963533976,0.4025486215933545,0.23959520522612016,1.7304972930497762,4.693695715966465,0.4386237049767908,0.42044795558372944,0.4385692976901374,0.43298114680778554,0.4114491699215066,0.4065613502152989,0.40301253051507097
contrast/s5,16256.0,0.614423930644989,0.2605569362640381,0.6198029431036631,0.23329014654405675,0.4046112156118335,0.24367150930929726,1.7389535545699384,4.678592041861079,0.43870265036864886,0.4230190900909295,0.4386534216458649,0.433597159009305,0.4148768218028623,0.409004202068691,0.40503096901452873
contrast/s5,16384.0,0.6288807392120361,0.2886175215244293,0.6202457624260228,0.2359890428845627,0.4017184169813199,0.23897567856004825,1.727182517296363,4.651084159676565,0.4318027847773438,0.4183742034671646,0.431758241715265,0.42642104631359484,0.41100692799652205,0.4056932726629857,0.40209821765086146
contrast/s5,16512.0,0.682671308517456,0.2897041440010071,0.6232909110158489,0.2386092917195112,0.3970374552222412,0.24086154496718226,1.71129276196505,4.619424980173603,0.43093220442970837,0.41656954995452544,0.4308919010404033,0.4260627075805935,0.408379112125348,0.4006339784178472,0.3973811059172875
contrast/s5,16640.0,0.6382862329483032,0.29952728748321533,0.6240223901345051,0.24158090126896017,0.40473689434445503,0.24115506240040702,1.7114551173203745,4.590848513996364,0.4369298827707236,0.4253843161694427,0.43689341551603417,0.432523871641929,0.41648624600990736,0.4087532904066303,0.40504783587162063
contrast/s5,16768.0,0.6836798191070557,0.2642030119895935,0.6269325086209709,0.24268441886508862,0.4048809139190459,0.23604809631827428,1.6832480597295083,4.583603031286683,0.43915919196565767,0.4265003241485558,0.43912619571676853,0.4344103561971291,0.4177241702445384,0.4085150236219421,0.4051622595840184
contrast/s5,16896.0,0.6537361741065979,0.2816368341445923,0.6282400044983186,0.24458453668360097,0.4064240749975424,0.2425627034503838,1.6750320539159342,4.569928073359143,0.44190132717416136,0.4304473486198414,0.44263366667769477,0.4383666875525481,0.4202942968125776,0.4104372997792825,0.4066786417770922
contrast/s5,17024.0,0.6564548015594482,0.3106035590171814,0.6296163360622761,0.24780497679743416,0.4101813016485794,0.24022181555504685,1.6724170626270638,4.535125179315971,0.4437689878833429,0.4326430203752402,0.4444316222586399,0.43980858522749894,0.42418136552762076,0.4145375567901777,0.4104116383955724
contrast/s5,17152.0,0.6674965023994446,0.2879403233528137,0.631464149054333,0.2497627985806234,0.41434310517994594,0.24198907284903406,1.6524399049152667,4.520989048621508,0.4439344917136017,0.43390469005992877,0.4445340555951168,0.43962603101191305,0.4262856079521185,0.41828472568581804,0.41455151814376295
contrast/s5,17280.0,0.6392780542373657,0.27252069115638733,0.6318453151608223,0.2508729396818801,0.41124902616222353,0.23894058881819202,1.6605236188178887,4.5162723320210505,0.4447348970234314,0.43337316096439715,0.4445151984296089,0.43858711669787015,0.4227798391999835,0.4155404924260138,0.4114376020801091
contrast/s5,17408.0,0.6847880482673645,0.31028079986572266,0.6344278875074829,0.25377088408109194,0.4100481967833087,0.23770665412996433,1.6399850561305453,4.49284593555217,0.444920004980749,0.4316280950784343,0.4447212176153689,0.43935737923703777,0.4197936558139053,0.41393119511003384,0.4102188237738524
contrast/s5,17536.0,0.686490535736084,0.31437569856643677,0.6369675288844878,0.2567272164950112,0.41407394842796696,0.2417024514763092,1.628487596307759,4.455239268665664,0.45077607232344985,0.43806147091867853,0.45059620582568477,0.44650510042803954,0.42586624062638306,0.4175873573839151,0.41422833489591276
contrast/s5,17664.0,0.6492851972579956,0.28272420167922974,0.6375683907563662,0.2579953621137535,0.41035483376498383,0.24477880945595853,1.628943919218991,4.4527464363814895,0.4518362022629192,0.4343085944481321,0.4516734557173507,0.44499732763298516,0.42106189886539475,0.41429602652048475,0.4104945255066528
contrast/s5,17792.0,0.6870188117027283,0.31461209058761597,0.6399806064122863,0.26075715374662484,0.4168238858753958,0.24622386625967452,1.6124072147441306,4.426177128040961,0.46030583797852476,0.44074709824842884,0.4586713718894053,0.4526306872871924,0.42796186684965226,0.4203899502306111,0.4169502815559898
contrast/s5,17920.0,0.6697752475738525,0.3244313895702362,0.6414340035421188,0.26386321403070345,0.416319381568398,0.2509705535877245,1.5999294753140287,4.387801493492945,0.4616486790989507,0.44017777301359917,0.4601697838452025,0.453941865177763,0.4286094583452237,0.41954602278450887,0.41643374672615135
contrast/s5,18048.0,0.6592233180999756,0.34791290760040283,0.6423017749839655,0.2679631990828839,0.4148218497117985,0.25145446877271205,1.5991645445928448,4.344177012285794,0.4572123086909601,0.4370600194846426,0.45587417681650977,0.449514025541569,0.4281171839042743,0.4177413745718251,0.41492532942919463
contrast/s5,18176.0,0.6463581323623657,0.29260939359664917,0.6424996460755947,0.26916545247379925,0.4132437735940782,0.24605502498708803,1.6062884270092255,4.3357848015395515,0.4589983173818859,0.43855192720769864,0.45778755082564626,0.45130775303315074,0.4275230438538971,0.41737262386897434,0.41333740396300117
contrast/s5,18304.0,0.6606767773628235,0.30548983812332153,0.6433863354066791,0.27093737372499543,0.4102543305393176,0.24196888340592557,1.6014307005221726,4.315962666434916,0.4592014817000883,0.4362023981456928,0.4581059576477144,0.45071852609364793,0.4262232597868991,0.4147523860230279,0.41033904903493446
contrast/s5,18432.0,0.6575453877449036,0.33469411730766296,0.6440770208865925,0.27404745877780845,0.4107841087152302,0.24646991175515334,1.5924644442466678,4.279623114801347,0.4609468790397586,0.44013688136799445,0.46071782366577846,0.4547585533542168,0.4289697073979022,0.41634124279656476,0.4108607635824719
contrast/s5,18560.0,0.6851036548614502,0.34033143520355225,0.6460783201048782,0.2772808234815033,0.4088281554764218,0.2490924960021346,1.5880801810029652,4.2479736994566055,0.4624146061983776,0.4398858992032835,0.46220735264464546,0.45532808426636745,0.42753222781214106,0.4146185486576888,0.4088975142230457
contrast/s5,18688.0,0.6910741925239563,0.3403913974761963,0.6482732407106868,0.2803593880666102,0.41224501753696463,0.2483423179174579,1.5798865255917658,4.222138706657519,0.4621810624793173,0.4411088356265284,0.4619935356171955,0.45508121128444073,0.42993100446297833,0.417484272759277,0.4123077746182347
contrast/s5,18816.0,0.7022970914840698,0.352659672498703,0.6509085505045104,0.28388623120963913,0.4174373418642017,0.252125172845005,1.55306417336484,4.18313325854391,0.4685320618864019,0.44649109993334307,0.4683623841009842,0.46134578962738504,0.4356893562095122,0.42294011235387285,0.4174941256361302
contrast/s5,18944.0,0.6809767484664917,0.32008111476898193,0.6523752918685094,0.2856518352857046,0.4186219196760564,0.24906001659562915,1.5442224274594865,4.16644485616618,0.4655783855616998,0.4471225240919778,0.46542485795216954,0.45907611304179213,0.4366238910140797,0.4236009285486262,0.4186732986868257
contrast/s5,19072.0,0.6660905480384827,0.33911260962486267,0.6530443287548495,0.28825967793639523,0.4196193871667351,0.25059951531347524,1.5462857438674922,4.146140410578413,0.46435587414595203,0.44616945814628084,0.4649419743874181,0.4591975121573859,0.4358707247069692,0.4233994719348366,0.41966587584929316
contrast/s5,19200.0,0.6428457498550415,0.36473917961120605,0.6525468371012003,0.29199038533516647,0.4190347042716264,0.24978025746091365,1.5520003278879764,4.102466660189484,0.4632125428768548,0.44679431638339867,0.4637428572535769,0.45782014633633783,0.43373921610904226,0.42245499512961715,0.41907676809445266
contrast/s5,19328.0,0.6364301443099976,0.3382766842842102,0.6517606569650441,0.29424825357658324,0.4222051071963972,0.2483511431279296,1.565753159211162,4.085196058048906,0.4667140260057681,0.45105913457415187,0.4679188791687629,0.4617977052811242,0.43848444241633144,0.42751207471275887,0.4230053624459622
contrast/s5,19456.0,0.6618260145187378,0.32446253299713135,0.6522516500164439,0.29572212086539046,0.42743469247217136,0.24473428833883457,1.5607964292656944,4.073134858589293,0.4728194726679198,0.45647959172354846,0.4739096461723309,0.4676088993055264,0.44365174712387867,0.4337237451743642,0.4281587782750199
contrast/s5,19584.0,0.671967625617981,0.3667331039905548,0.653213404923836,0.2991860712617399,0.4291177378049807,0.24817272609361535,1.5421729587810482,4.043696525664089,0.47533219388929565,0.46203477633046824,0.4763186031101221,0.4713797655227279,0.44669128933695385,0.4370204142832884,0.4297729040787063
contrast/s5,19712.0,0.6888099908828735,0.3375055193901062,0.6549498237511061,0.3010553126338553,0.4397497496736321,0.2498710388985062,1.5273599847258916,4.033958419929218,0.48156544729662026,0.47025871195636054,0.4824579686677547,0.4779892167519745,0.45488843014961733,0.44613804290593795,0.4403425562782345
contrast/s5,19840.0,0.651227593421936,0.35382136702537537,0.654768251539927,0.30362926650661237,0.43282458016275693,0.25354556821215224,1.5285076595819982,4.011446871618738,0.47805906920770935,0.46641567572018106,0.4788666391098482,0.47486040968456467,0.45102114946910643,0.4393670215704531,0.43336096258131745
contrast/s5,19968.0,0.6631616353988647,0.3471648097038269,0.6551776848988996,0.3057529515406228,0.43559335896939516,0.2577440864073073,1.5330267638306392,3.992740642446441,0.4817090090808601,0.4711738505475284,0.4824397133171202,0.47805260745402905,0.45499519235128544,0.44227527650723325,0.4360786877371706
contrast/s5,20096.0,0.6578292846679688,0.3374943733215332,0.6553070312290981,0.307301313578716,0.43649985067962527,0.2570069931145237,1.5370616777397546,3.9837753890969942,0.482724957056507,0.47246753520689516,0.48414830693357513,0.4786543818783927,0.45706658986692744,0.44330796880874584,0.4377011802785464
contrast/s5,20224.0,0.6617706418037415,0.3553403317928314,0.6556223293059099,0.30964468032086795,0.4328956114715705,0.2518412471904762,1.5387695191082176,3.954963135822557,0.48128325977569725,0.4705521243603138,0.4825711331623841,0.4761500980589145,0.45143041831504854,0.43829352799411203,0.43398259678980905
contrast/s5,20352.0,0.6874314546585083,0.3133580684661865,0.6571739939572562,0.30982582120600544,0.43550890841657275,0.24357929028953854,1.5334668170464112,3.9634541458715833,0.4815031755614726,0.4732434748078746,0.4826684673051672,0.4761335806945919,0.4551796051500231,0.44039304347355407,0.43649243290737627
contrast/s5,20480.0,0.7139233350753784,0.35736334323883057,0.6599422544996035,0.3121447247198018,0.44069916698489414,0.24552891167780372,1.5090026235671574,3.9444511533710247,0.4824271743182628,0.47419144865126545,0.4834815519162161,0.4775314849711328,0.460021968728843,0.4444305884136084,0.4415890781987622
contrast/s5,20608.0,0.6612344980239868,0.3470340371131897,0.6600052907690857,0.313846642397528,0.43814526054968705,0.2451179206793215,1.498632570677203,3.9374087229633408,0.47590153607262203,0.4684496986309189,0.47685555649289985,0.47070963036352936,0.455628890206169,0.44152151991499006,0.4389504687330858
contrast/s5,20736.0,0.6680737137794495,0.31924527883529663,0.6603988723793472,0.3141099905164435,0.435983159605041,0.2381093737972921,1.495576103251675,3.940959313286493,0.4737708128295408,0.4626038022710456,0.47535904308489035,0.4675486899363047,0.4510032968492463,0.43827586662147516,0.4367117269143507
contrast/s5,20864.0,0.6857219934463501,0.378183513879776,0.6616341465777376,0.3172355282414841,0.44211355488356174,0.2422527409551941,1.4738189369542907,3.9066337065459624,0.4808033351063245,0.47142423156113045,0.482240395319523,0.47372341308335475,0.4579534589575869,0.44567524873959774,0.44277277610751176
contrast/s5,20992.0,0.6544076204299927,0.3465212881565094,0.6612816331071159,0.3186641018958756,0.4371012593562745,0.24596455621228452,1.486351746271523,3.8992088037996253,0.4803810961907909,0.4681209138634619,0.48091917982212634,0.47321285621640835,0.45444509879505623,0.4418483363075123,0.43769773495510134
contrast/s5,21120.0,0.6822414398193359,0.39019617438316345,0.6623040627028339,0.32215347128549937,0.43881232330808656,0.24711085068345315,1.4658537994263807,3.861019436431289,0.4801849478323575,0.46695384294248987,0.48143401101097805,0.47446118638022433,0.45378033626845954,0.44310756664112205,0.4393520255007193
contrast/s5,21248.0,0.6800616979598999,0.39334365725517273,0.6631702888129347,0.32562616328402,0.4423868493465792,0.24879869356902573,1.462989562904492,3.8242578932027147,0.4827588076460534,0.4723114486112594,0.4838889831931574,0.4798292471649739,0.4581795904011463,0.44703546035761244,0.4428751819075515
contrast/s5,21376.0,0.665917158126831,0.37523022294044495,0.6633042824380028,0.32804587351116266,0.44547242585136637,0.2504374258884522,1.4599204293127734,3.8019450517137447,0.4866492542710572,0.4756718996655119,0.4876718580825653,0.4832363384520673,0.46132356157057913,0.45044077049609066,0.44591427821617236
contrast/s5,21504.0,0.7039279937744141,0.3696103096008301,0.6652859268934374,0.3300734069789513,0.4507367993574826,0.2526823764285162,1.4401383604974618,3.7869511055388374,0.4924931682012362,0.4810362637663555,0.49341843910980476,0.48940509862319714,0.4672914260254913,0.4566822795505972,0.4511365955781072
contrast/s5,21632.0,0.6723442673683167,0.42622968554496765,0.6656302361848949,0.3347639571529033,0.4479525114947835,0.2539142739725004,1.4458146592802927,3.7369384456736126,0.48867168877696615,0.4797924789938291,0.4895088910684193,0.48660256097910937,0.46586868470242243,0.45333209232388955,0.4483142545355747
contrast/s5,21760.0,0.6459032297134399,0.3881382942199707,0.6646679431862873,0.3373675833512968,0.4460838905315679,0.25354170774073354,1.4532314730285094,3.707623153970075,0.48673833350967605,0.47489328408662346,0.4874958496817761,0.4833417580304731,0.4615697617087356,0.4509514351128114,0.44641120234896436
contrast/s5,21888.0,0.6748243570327759,0.39729803800582886,0.6651633780080672,0.340291020163713,0.44327772010619554,0.2533533238986649,1.446989541612487,3.6773444491313407,0.48311139516253254,0.47014436947992516,0.48379680985483725,0.47931309575511566,0.4580889991427643,0.4492063550306877,0.4435738779136078
contrast/s5,22016.0,0.625409722328186,0.37221211194992065,0.6632241752919754,0.34184814659230844,0.43822897815676587,0.25085910508618037,1.4558796664186833,3.665413592094871,0.47884439740762164,0.4685616216412648,0.4801895882148765,0.4761326404780077,0.4568543234361359,0.4457683616904675,0.43849694723771415
contrast/s5,22144.0,0.7181013822555542,0.4201631546020508,0.6659011122170281,0.3456683908854666,0.4417474870770023,0.252915198593742,1.4346638991879215,3.6319256383669742,0.48223368736287475,0.47216744587529075,0.48345084097253255,0.47978003936171904,0.4593622403012271,0.4485692612321243,0.44198995047505246
contrast/s5,22272.0,0.7091528177261353,0.41022270917892456,0.6680109515101552,0.3488173820217328,0.4428675953861514,0.254162116038716,1.4056670052576392,3.5971635282847423,0.4846497254485023,0.47485376869501317,0.48575102862535513,0.4824296191964156,0.4625423661500097,0.4505272732504825,0.4438491758908713
contrast/s5,22400.0,0.7222307920455933,0.3620581328868866,0.6706558217801766,0.3494632723078378,0.4446432852958574,0.25452815496423975,1.3855682681430068,3.6011706445119724,0.48313636669076265,0.4735849685812701,0.48413284624578534,0.48040255847575736,0.46317039792633236,0.45233609911599276,0.4455314375550358
contrast/s5,22528.0,0.6982495188713074,0.4087893068790436,0.6720018557846219,0.35235722521375024,0.4526635555829857,0.25569590939952924,1.3703230587708786,3.5681723458588026,0.489816575691047,0.4796499031600903,0.4907182088874715,0.48658078015563766,0.472401650949406,0.4603863514309488,0.4534671722315345
contrast/s5,22656.0,0.7114800214767456,0.4247124195098877,0.6739276199647255,0.35588674688673255,0.45430622727050635,0.2626641750128994,1.3553977898035197,3.533468869779006,0.4923474191707807,0.48391062028940945,0.493163233621561,0.4901818064346965,0.47510286204285934,0.4620189711638745,0.45503335452954424
contrast/s5,22784.0,0.6875108480453491,0.43109816312789917,0.6745902164564632,0.3595555964594724,0.45560664585273064,0.26798391445248065,1.3546791097714657,3.5002594009013808,0.4943771115757034,0.48529330961343947,0.4951152756325962,0.4931798200994487,0.47583667648256334,0.4633474748008644,0.45626456409246685
contrast/s5,22912.0,0.7332177758216858,0.4321734309196472,0.6774500974011082,0.36309792984777356,0.45812177771683715,0.270585088567652,1.3336911329737728,3.472225992753122,0.5000245905452974,0.48955599281501566,0.5006924950845799,0.49970345411734773,0.4802372605175365,0.4674124087876947,0.46024146459526594
contrast/s5,23040.0,0.6944808959960938,0.4164755344390869,0.6782808680642781,0.3657017154375937,0.45543395235413997,0.2724739260627,1.3329448898266023,3.449013177053487,0.4977728448657925,0.4868506335940742,0.49837717728949793,0.49527004979921824,0.4776566765301445,0.4652903175289016,0.45735188438393776
contrast/s5,23168.0,0.7496782541275024,0.41449403762817383,0.6817636673844353,0.36808182871518297,0.46337524778741634,0.27178485517035494,1.3099929986456305,3.4301805300358224,0.5009220684359729,0.4917644638290225,0.5014688796295814,0.49865749300690715,0.48348278108408665,0.47229346993543087,0.465110628285526
contrast/s5,23296.0,0.6916096210479736,0.42162394523620605,0.6822439578070468,0.3706936392771841,0.4609495847023558,0.27276012178114806,1.3140144139148962,3.4228453274573027,0.5024702356282658,0.49113548452346406,0.5029650005452667,0.5004212057486649,0.4828798691427102,0.4705061676215291,0.46328198430831946
contrast/s5,23424.0,0.6790776252746582,0.3983868360519409,0.6820895025615644,0.37204452692473317,0.45966571584311905,0.2684930965075111,1.3363935334239263,3.417615851544434,0.4965465368177228,0.486978478263051,0.49699420929765054,0.4946925365518853,0.4787464491172291,0.46831268944220444,0.4617761142968197
contrast/s5,23552.0,0.6585187911987305,0.4485180377960205,0.6809397117633774,0.37577494208918616,0.45225776549517194,0.2681829267031079,1.3386018078814028,3.381387434207543,0.491000762938582,0.4823434059715054,0.4914058253073923,0.48856103396515016,0.4733333427170168,0.46160609794264895,0.45416729318587906
contrast/s5,23680.0,0.673578143119812,0.4299525022506714,0.6805806108539352,0.37841774990194155,0.4517640162511341,0.2626784542031095,1.343448158826321,3.3617627924113282,0.4889200835393118,0.4796367165274596,0.4892865914887231,0.4859875566097521,0.4715214243144453,0.4602225609582207,0.45349179234724685
contrast/s5,23808.0,0.724938154220581,0.4291401505470276,0.6827443934571862,0.3808920133480433,0.45879049299106184,0.2697071260219687,1.3311990736000776,3.3365179340113924,0.4946222171703113,0.48549743952306124,0.49495384036546564,0.4919688123756293,0.4773923773838616,0.4672061363577952,0.4603538168710068
contrast/s5,23936.0,0.6671508550643921,0.41197389364242554,0.6819837330477816,0.382408202630696,0.45161456861356636,0.2634069236641371,1.3330581831235375,3.3172800286895794,0.48773521256159635,0.47875392951491735,0.48803527138362474,0.4860965577771161,0.4721453337304304,0.4614042435456314,0.4530290930760269
contrast/s5,24064.0,0.7074092626571655,0.4359806180000305,0.6832240027848246,0.38502149118529766,0.4495832890310734,0.2658674484789723,1.3279084457556232,3.2922193314675607,0.4860025331982082,0.4763517113576379,0.48627403198958546,0.4837948330630538,0.47037213123378024,0.45844116860969975,0.4508631770188202
contrast/s5,24192.0,0.7091349959373474,0.4007173180580139,0.6844879536703136,0.3857871412766497,0.4535454685403109,0.26642066575640505,1.327503509044773,3.302545619423011,0.48871050148392303,0.4807032736317473,0.48895615862948216,0.48743794829798026,0.47384280880819735,0.4615602423886694,0.4547035349468326
contrast/s5,24320.0,0.7250969409942627,0.40680593252182007,0.6864688798812378,0.386812448166658,0.4521297784948321,0.25967107829595004,1.3051282602628453,3.2982862216853177,0.4861227975949119,0.47963990433901704,0.48634507273970395,0.4849713678531992,0.47270741356173,0.4608317243742808,0.4539026333457063
contrast/s5,24448.0,0.7001800537109375,0.4184992015361786,0.687137717629028,0.38835814345297603,0.44711222075588314,0.25653834627491967,1.299477800187356,3.2835738620734474,0.4830935604651166,0.47574050832816467,0.48329467914163576,0.4828139205857918,0.46874284713110725,0.45498590289903695,0.44871633272981515
contrast/s5,24576.0,0.6657476425170898,0.4322173595428467,0.6860942993308846,0.39049761740857947,0.43792471015449025,0.25374097244744365,1.3176458689650943,3.2554888470904664,0.4786795392429758,0.47130134632191456,0.47886151515432956,0.47770150101784015,0.46275750772540986,0.448822759256059,0.43937614044143297
contrast/s5,24704.0,0.6861852407455444,0.4094824492931366,0.6860987354974534,0.3914237067688017,0.4401336907465673,0.24896045157201768,1.3137229249549884,3.253419517509125,0.4799094760193731,0.47182070062797854,0.48007413120150816,0.4782995140084086,0.46336506201686395,0.4507566429675584,0.44220916693124296
contrast/s5,24832.0,0.7064298987388611,0.41748231649398804,0.6870904995580098,0.39269485846271324,0.4428946125077506,0.2527588321481492,1.310282083616485,3.242937611138684,0.48555833612460825,0.47682661252537495,0.4857073191894669,0.48410161261557966,0.46547635890996436,0.45326865196529226,0.44477254188127335
contrast/s5,24960.0,0.6755284667015076,0.42522019147872925,0.6865264979552537,0.3942814600732506,0.44165613065097475,0.25009811641721286,1.3198355693372776,3.22501854004444,0.4832706598724147,0.47758225916186514,0.4834054625146812,0.4819525894041027,0.46582512903156204,0.4532549789644315,0.4433553160032223
contrast/s5,25088.0,0.6619211435317993,0.4637255072593689,0.6853262367638656,0.3976689745701344,0.4404239885307154,0.24856438731146982,1.3243381092740576,3.194281960056775,0.4797135179452366,0.4752915622755484,0.47983548987794766,0.4785209033216181,0.4661035224610386,0.45244323200767417,0.44196144297495604
contrast/s5,25216.0,0.6879664659500122,0.44613635540008545,0.6854550284314825,0.4000332370496442,0.4408335137151803,0.24942604586599978,1.310858656554704,3.170287683836557,0.481570054012317,0.4790190161934022,0.48244261160283064,0.48125314928743673,0.4692182972416654,0.45388379291116737,0.44294964590416896
contrast/s5,25344.0,0.7131977081298828,0.48580920696258545,0.6868083298801849,0.404217430703934,0.4441041191914272,0.2567680046176,1.3015970048802434,3.1254067180955794,0.48092611668812263,0.4778928754492354,0.48171562299102044,0.48063937541117857,0.46978719815858,0.4559122540261068,0.4467438497443432
contrast/s5,25472.0,0.6474295854568481,0.43279820680618286,0.684887415518071,0.40561161490404374,0.4412261245033675,0.24865058597463985,1.3224483696410145,3.118191315812738,0.4790049812508236,0.4755726136575176,0.4797193412072231,0.4795077275433686,0.46751343152837604,0.4534719145590175,0.4444139770738525
contrast/s5,25600.0,0.6905785202980042,0.4591904580593109,0.6851650303853848,0.4082252170091787,0.44235867660298744,0.24877902514421607,1.3172104099244086,3.0936933467957175,0.47886545299375527,0.4764847979613826,0.4795118191410983,0.47932034717041266,0.46846768551734674,0.4556882998478677,0.4452431047765197
contrast/s5,25728.0,0.6858394145965576,0.430797815322876,0.6851979271761737,0.4093263193659444,0.43957245515356563,0.24835612566588494,1.333467690806573,3.094287350207834,0.47710327424360605,0.475748588756254,0.4776881183305238,0.4782770660596059,0.46845737636637974,0.4523955407903668,0.4429073541731627
contrast/s5,25856.0,0.6679172515869141,0.42560476064682007,0.6843549673913317,0.41012038967232856,0.44013739101045407,0.24260093226520582,1.3337688599774549,3.0838338875191647,0.47703321244766494,0.47584464812508165,0.477562390232437,0.4780952810688046,0.4700096189489968,0.4532271668900344,0.4438798844124809
contrast/s5,25984.0,0.6850727796554565,0.45900699496269226,0.6843899826237281,0.412505102125517,0.4436229754472936,0.24265453181164667,1.3293259094291008,3.0634196772794753,0.4793679453497313,0.4811925697788514,0.4798467552311343,0.4810539396226364,0.4729013268420131,0.4562290427363131,0.44700925293954985
contrast/s5,26112.0,0.6744651794433594,0.41037625074386597,0.6839058458832223,0.412401255716656,0.44159015208526686,0.2396170689384382,1.3364490827865698,3.0760884813530467,0.47473223966504535,0.47409660834838363,0.47516547573263246,0.4762577585758655,0.46659453785050675,0.45299635574178004,0.4446541188108598
contrast/s5,26240.0,0.7123273015022278,0.41136351227760315,0.685292258352442,0.41235063408548267,0.45012410548583637,0.23976877564269156,1.3223337572575962,3.078868368875415,0.4816360717016859,0.48029874556685986,0.48202807173666506,0.4830163895264078,0.47274853781714504,0.46044465025773196,0.4528964394475418
contrast/s5,26368.0,0.734623372554779,0.437711238861084,0.6876986541671901,0.41358773675746324,0.44899688545149147,0.23853037343993685,1.3080038952325734,3.0703611153761226,0.484908367078087,0.4815232849537143,0.48526305598540603,0.48691949938707096,0.47316732660313954,0.4597851356585427,0.45150534467561637
contrast/s5,26496.0,0.7265059351921082,0.4229712188243866,0.6895916922659666,0.41404546758999605,0.45377707481958274,0.2359969946473194,1.2833459877315305,3.07096295602981,0.4877948401700002,0.48618198477965463,0.48811576927650363,0.4911017600046014,0.47782198320248376,0.46353848384095386,0.45604677528352916
contrast/s5,26624.0,0.7179017066955566,0.5085852146148682,0.690972668579605,0.41865716256681906,0.4544400242716153,0.2396164062216376,1.2720432898451806,3.014418717711169,0.4883058904810055,0.4853221587447083,0.48859627309313625,0.49053585780309256,0.4769584987810695,0.46327232832961973,0.45649369137789875
contrast/s5,26752.0,0.7255842685699463,0.4261651635169983,0.6926610393108412,0.41902340651560827,0.4534411224968035,0.242816956492035,1.2524205453463053,3.013548481719545,0.4856079770503327,0.48363325606823393,0.48659573549950036,0.4883507077444995,0.47450409080666667,0.46143275513941195,0.4552993186114122
contrast/s5,26880.0,0.6813840866088867,0.4734601080417633,0.6921109440570873,0.42167885537054267,0.4453243291598085,0.2463635281525195,1.2587635878940588,2.9851363418752976,0.48037833616511366,0.47634216685293507,0.4812720783430934,0.48286000980332167,0.468081928683486,0.45480471181858745,0.447767854615085
contrast/s5,27008.0,0.6964074373245239,0.4775025546550751,0.6923205290945232,0.424401962652715,0.4467174626127714,0.2510597420106973,1.2572306769472201,2.9595453298345937,0.485833848487292,0.4785195929704427,0.4866425229981231,0.48735429798385016,0.4710083959117086,0.4567826987959973,0.4489284097974683
contrast/s5,27136.0,0.7109710574150085,0.42812201380729675,0.6932303109638152,0.4245834285626946,0.44957674636170447,0.2569820747164013,1.2639963077499978,2.9693559919173875,0.4887065934260387,0.4812891439072239,0.48867610201079426,0.49004514410079475,0.47521788826990413,0.46089618374105407,0.45306446240449094
contrast/s5,27264.0,0.6844614148139954,0.43106144666671753,0.6928025599321166,0.42489942944581766,0.44857598525648573,0.25845537515981337,1.2683720553981872,2.97400477491134,0.4921424619875103,0.48756888035864815,0.49135267766711366,0.4955286520983395,0.48062546582898524,0.4639674868947907,0.4524567503374365
contrast/s5,27392.0,0.6945995092391968,0.4461821913719177,0.6928902159958766,0.42593761295440785,0.44969680165087134,0.25688838525763,1.271043902115989,2.965550578078313,0.49434038351160214,0.4887149119723401,0.49362577199980956,0.4966420760509068,0.48170736676138404,0.4659099033711937,0.45397038504654424
contrast/s5,27520.0,0.7447075843811035,0.4862481355667114,0.695417892502473,0.42887958966720313,0.4543360114877902,0.2562327388321566,1.249744785847554,2.934676331674227,0.49922916318926047,0.49192690726349153,0.49858256942992885,0.500549582197162,0.4862741849161601,0.46900592684567854,0.45820282906352994
contrast/s5,27648.0,0.7039904594421387,0.4701833128929138,0.6958360664995299,0.43089440543431096,0.4532726492997792,0.2577773621437895,1.2457196373557646,2.9178485628084054,0.4954171964371594,0.488122145120625,0.4948321464026899,0.49661193606298826,0.4830074570240806,0.4673084561167621,0.4567714176119149
contrast/s5,27776.0,0.7481402158737183,0.43020665645599365,0.698387488420222,0.43086085670366137,0.45558236144257236,0.2578364769903056,1.2323226740464344,2.9315742866881376,0.4960021152771681,0.4900892520692865,0.4954727511472286,0.4978081527375402,0.485498567598826,0.46980661020439923,0.45951030707181595
contrast/s5,27904.0,0.6900506019592285,0.47535809874534607,0.6979808110318808,0.4330314538764265,0.4509611967603525,0.25643993545642757,1.2327657843554325,2.909719858947617,0.4920325504679195,0.4851952720983847,0.49155357197795047,0.49366668668280705,0.4787921304686581,0.4645937561694772,0.4545152748698585
contrast/s5,28032.0,0.682806670665741,0.47477608919143677,0.6972406090628007,0.43506777755032944,0.44445611556959913,0.25365192851232976,1.2338833501473385,2.8912967721319096,0.48466701919197236,0.4784805228207276,0.48495864543632516,0.48687063084149285,0.4726868414294044,0.45679110834846803,0.447671911408123
contrast/s5,28160.0,0.7471368908882141,0.5190234184265137,0.699674574029894,0.43916317466624083,0.45264292194013106,0.25765442193173915,1.215704113635296,2.851419034528601,0.4950868745930933,0.48720263248680945,0.4953507434316779,0.4986051335573531,0.48123538715890785,0.46532824259251626,0.45555263370122256
contrast/s5,28288.0,0.7195286750793457,0.4620529115200043,0.7006430667640136,0.44027974719569274,0.4586748270499342,0.2591380878989739,1.2204729913764367,2.8497880977091317,0.49780391805835505,0.4929195145820566,0.4988048666029637,0.5024745140634943,0.4875202402550261,0.47011556037074187,0.46130758825672785
contrast/s5,28416.0,0.7265928983688354,0.5021749138832092,0.7019089122081512,0.44329902361947404,0.46634483161389045,0.26497934663553796,1.204549899514738,2.8105203766436397,0.5061740091414385,0.5017916904695466,0.5070796859625863,0.5096750362228286,0.49396908710761134,0.4789460245829258,0.46948919794079896
contrast/s5,28544.0,0.6552292704582214,0.49880272150039673,0.6996318565130326,0.44600652107708005,0.4643987143871072,0.2628285759861113,1.2149719737099174,2.7950483524071017,0.5026491183248828,0.49940892992515185,0.503468591522364,0.5065419274806201,0.49233089321277623,0.4772505374126294,0.46796881027243026
contrast/s5,28672.0,0.7245351672172546,0.4704245924949646,0.700846652157141,0.4471976465120988,0.46557507113788815,0.2622581880278853,1.204381139390843,2.7884961415897815,0.5030476258013961,0.4993908283260891,0.5037891003602115,0.5065699117775272,0.4937486844596268,0.47644144402415783,0.4688053601572673
contrast/s5,28800.0,0.702320396900177,0.49206438660621643,0.7009185421446061,0.4493862679801045,0.46584008518782144,0.26315493991101335,1.2026884379870912,2.7626517572005294,0.5027575483901984,0.5001738250350872,0.5034284483330647,0.5052195632442705,0.4950315282945225,0.47792158617533853,0.4694879255200497
contrast/s5,28928.0,0.7182621955871582,0.4770714342594147,0.7017645740198526,0.4507367638961684,0.4683664601848164,0.2619771942918806,1.2056993440748858,2.748473696930264,0.506956710946753,0.503131700106108,0.5075637536672167,0.5091843876826505,0.4984788545722598,0.48074805625977984,0.47166709382272193
contrast/s5,29056.0,0.6650596857070923,0.46922430396080017,0.6999740916631325,0.4516385951188333,0.46481507194592847,0.25568772309217747,1.2167215373799274,2.746083563390139,0.5041566968173773,0.4969963211549019,0.5047059603377969,0.5054101449525945,0.49354853527924275,0.47601816988169254,0.4678015465225223
contrast/s5,29184.0,0.7215291857719421,0.5039368271827698,0.7010255596684403,0.45418972839024485,0.4605420728315034,0.25583419204235686,1.2040286919265986,2.722774887446881,0.5013629303148309,0.4934340597719249,0.5018599141426466,0.50322208832415,0.4880278537535563,0.4714038586496456,0.46320711020865935
contrast/s5,29312.0,0.7092818021774292,0.46436455845832825,0.7014283032054641,0.4546860615642977,0.4567129641741324,0.2514307293851426,1.2090582370368959,2.717271293068965,0.5010473033961081,0.4901364990559772,0.5014969835877249,0.5012422940755693,0.48524486350931534,0.4679909393254675,0.45912433945709147
contrast/s5,29440.0,0.7206815481185913,0.5026257634162903,0.7023674858841532,0.4570245836058583,0.4578214863229359,0.2513317307524104,1.1945252146275214,2.694003177686533,0.5023232887956457,0.4917259756479127,0.502730167779256,0.5032247348536234,0.48584990327047506,0.46951321755742775,0.4600033434350006
contrast/s5,29568.0,0.748289167881012,0.5043226480484009,0.7046075679327805,0.45933180626159203,0.4581366631155178,0.2563916195564641,1.179592605621694,2.68050150821109,0.5035521845676246,0.4909891189532869,0.5039203362238242,0.504367829692065,0.48494732473194085,0.4702027685335202,0.46011084792661266
contrast/s5,29696.0,0.7386705875396729,0.46154046058654785,0.7062691786453118,0.4594395454969557,0.4616937029141598,0.25669417212693746,1.1681716718482176,2.6776059836875423,0.5064859445135973,0.4951186495704636,0.5068190549651614,0.507223955360875,0.4881647120269375,0.4718491439259275,0.46347998197286
contrast/s5,29824.0,0.6899280548095703,0.4734845757484436,0.7054720506533244,0.46012466892385756,0.45634213095326415,0.2506844650833265,1.1692164160273193,2.6813582093216115,0.5035076571119461,0.4947838881598305,0.5038090616311782,0.5049376181462764,0.48551741641461743,0.46850538245766554,0.4579583893995955
contrast/s5,29952.0,0.6951465606689453,0.46445000171661377,0.704968368215062,0.4603356607674066,0.4485626895775816,0.24459611623541913,1.179642445103086,2.681024593501954,0.4920383084278822,0.48563209035758603,0.49303603970316595,0.4940571785844653,0.47648541961132246,0.46029324016544276,0.4500251102181943
contrast/s5,30080.0,0.7002572417259216,0.4986764192581177,0.7047385571668112,0.4622059416693925,0.4497591319735286,0.2442739100500134,1.1777486916946922,2.6593671606162173,0.4913089036994698,0.4862746338095707,0.49221166947561884,0.4931356148881449,0.4765113463586088,0.4596109567469592,0.45108235731223884
contrast/s5,30208.0,0.7199262380599976,0.4961206912994385,0.7054794196494056,0.4638603197001264,0.4524404460034128,0.24325735704108886,1.1667836075343507,2.6438051804080636,0.4928983298791752,0.48765539442258005,0.4937151691091114,0.49455117206714355,0.47657198561061503,0.46280458965623134,0.45436273972154384
contrast/s5,30336.0,0.6715224981307983,0.47112956643104553,0.703822984453376,0.46421491710163465,0.4451439133677519,0.23874966690035465,1.167394532754571,2.6387393865495867,0.4854132122226207,0.47994429203851524,0.4861523035187141,0.487670929633626,0.46991581803316207,0.45600879290132523,0.4468832404024201
contrast/s5,30464.0,0.7033405900001526,0.502937912940979,0.7037994530166334,0.4661038437279441,0.4452157300608867,0.2473680805207849,1.16387527861111,2.6359032456165585,0.4846265590663926,0.4767037585904709,0.4852953025889138,0.48666938368396495,0.46762980917813174,0.4558086698411158,0.4467895054444265
contrast/s5,30592.0,0.6566039323806763,0.4916124939918518,0.7014972324978062,0.46734816813106156,0.44230629114967795,0.24456980991797372,1.1703642666074243,2.6180225564800255,0.48094036070195306,0.4738088440309972,0.4815454522532646,0.48126435608763274,0.4655985661867569,0.45265317479377576,0.4437302723265751
contrast/s5,30720.0,0.7213609218597412,0.4838950037956238,0.7024661929544859,0.46815533084640604,0.4455854365488758,0.24824698446474602,1.1699519735167723,2.614026238306588,0.48729047509082124,0.48083774644327587,0.48783797315717753,0.4875836321292619,0.4711595295479222,0.45647187915605764,0.4476360762693163
contrast/s5,30848.0,0.7288206815719604,0.5341178178787231,0.7037517777650943,0.47137301314066543,0.44797617429556214,0.25374920486072494,1.1554036828441683,2.5807776329146517,0.4908983120839614,0.48509694368841316,0.4913936984961731,0.4904385511413488,0.47710210853205803,0.4608752101108647,0.4498316311752707
contrast/s5,30976.0,0.7027629613876343,0.5235374569892883,0.7037035428198524,0.4739176201576714,0.44766687156665674,0.2540801847669022,1.152626393865641,2.5535276539183056,0.48944085822707034,0.48564170217137204,0.4898890930473999,0.48974987286495636,0.4762327823184178,0.46010035370530944,0.44934572338940315
contrast/s5,31104.0,0.7191938161849976,0.5298156142234802,0.7044591659108351,0.47664435157551577,0.4487998582111153,0.24774298693067115,1.133168667689534,2.534175344299517,0.4881593071763081,0.4869711653793318,0.48856487836115126,0.4884389093560967,0.47918281493534415,0.46309868410813537,0.4503189145004653
contrast/s5,31232.0,0.7152313590049744,0.5016580820083618,0.7049846387446955,0.47786453354784975,0.45077310192689257,0.24284552832929854,1.1249596127627204,2.5293831956300754,0.4871856372487594,0.488285629114791,0.48755260558436114,0.4882008216125062,0.48127576532817273,0.46523533523407135,0.4521847525016107
contrast/s5,31360.0,0.7333031296730042,0.4831516742706299,0.7063660285460764,0.4781224428514,0.44798535873337514,0.24120273562692626,1.1117400713367345,2.52088558519266,0.4853937265052724,0.48562682443997446,0.4857257662663969,0.48555008903784763,0.4763097495919992,0.4617960707263667,0.44926264637415225
contrast/s5,31488.0,0.6819887161254883,0.5320848822593689,0.7051768913548282,0.48075475696886183,0.4447751223280568,0.2420028916648155,1.1169845870168704,2.482627128950221,0.4822108019122661,0.4824960737496735,0.4825112376509159,0.48162726676178835,0.47261578175456914,0.457959145493637,0.4444436258983257
contrast/s5,31616.0,0.7010146975517273,0.48606497049331665,0.7049738575107745,0.48101379177493275,0.4456814164550711,0.24283842844865222,1.1183349627020724,2.4764519266885627,0.4840527243953342,0.4828608139043744,0.4843245642278662,0.4835247309605473,0.47392094232522286,0.45913495555967987,0.4453814723327504
contrast/s5,31744.0,0.6744241714477539,0.4858298599720001,0.7034836289223344,0.4812487219308872,0.44627836670324994,0.24573230200499704,1.1235858439629243,2.4786551626343565,0.48610972266823516,0.48354404993965105,0.4863556883941609,0.48643135978048324,0.4740050584632147,0.46066360345405893,0.4460069716942971
contrast/s5,31872.0,0.7300986647605896,0.5281673073768616,0.7047819233534688,0.4835374334160567,0.4468928588671286,0.2490013868825702,1.1287160508493412,2.4649888153540407,0.48735745876168096,0.4858353658287979,0.48685499824361606,0.4861984522463504,0.4757170992995536,0.46063390294683143,0.44664729562583333
contrast/s5,32000.0,0.7115961313247681,0.5221179723739624,0.7051143237423126,0.4854194109261984,0.4460731935377172,0.2500073524380662,1.13030078333069,2.4424304493694993,0.4863113889211878,0.4835213214905423,0.48585675331858413,0.4852626983145145,0.4736782915137543,0.4585435255098932,0.445851003359246
contrast/s5,32128.0,0.7025150060653687,0.4795457124710083,0.7049875277580715,0.4851328890503354,0.44300777951866016,0.24775724750642397,1.1328860896633377,2.4412554935983772,0.4817026309037041,0.4768915407418886,0.4812912681722584,0.48075375617868915,0.46943541427270685,0.45429116734119424,0.44353175259334515
contrast/s5,32256.0,0.6965432167053223,0.48680466413497925,0.7045756101457422,0.4852144390544644,0.4410706916406199,0.2478219949180671,1.1271965005771876,2.4440274811657217,0.4834070205856834,0.47832884203950776,0.48303481195122244,0.48178626600106256,0.47013237067744623,0.4534923352325737,0.4429948219479345
contrast/s5,32384.0,0.7338176965713501,0.478774756193161,0.7060020533860158,0.48490030818318125,0.443630887558229,0.2457798954612612,1.1214466745054408,2.459866175063318,0.4849120037542085,0.47875560305894777,0.48530023734551414,0.48340833467437005,0.47137646389077675,0.455595236102763,0.4460968912449782
contrast/s5,32512.0,0.683733344078064,0.4710913598537445,0.7049157748831889,0.4842267009475989,0.44221078523263907,0.24026991136024883,1.131224165456805,2.4721070430290624,0.48783531095190424,0.4815026902157403,0.4881865919110809,0.4857125681378446,0.4747887278868956,0.45669860446894855,0.444442071138377
contrast/s5,32640.0,0.6897237300872803,0.4972887635231018,0.704174699527291,0.48486387473176973,0.4424502405347079,0.23811007446694735,1.1361473322895754,2.4655291082668356,0.4888816228184689,0.48311456979068473,0.48919946835024025,0.48696092572139293,0.4770768323117002,0.4599463577616126,0.44523134455768676
contrast/s5,32768.0,0.7111906409263611,0.5286921858787537,0.704516940571148,0.48700184112918354,0.44476758825299856,0.2383680388246442,1.1314129931420227,2.4445574063760267,0.4912411947096319,0.4860230580913929,0.49152878724611265,0.49178989769318177,0.4805600011577014,0.46281062472065004,0.44728398279133935
contrast/s5,32896.0,0.6651642918586731,0.4753537178039551,0.7025972991705394,0.4864336399913675,0.44117578925211826,0.23218785666405936,1.1440794060983202,2.446541034877837,0.487799141673617,0.48082826969482956,0.4880593607384517,0.4875706034451692,0.47584801413495764,0.4582636586556268,0.44345266973564973
contrast/s5,33024.0,0.6485366225242615,0.49826714396476746,0.6999601929926722,0.48701088408763094,0.43255331674745495,0.22347277215112094,1.1537658449710435,2.4357471873052727,0.4769883964816011,0.4714432172551075,0.47722384752122843,0.4775066257228449,0.46468758447309366,0.44797755789126015,0.4346134804687229
contrast/s5,33152.0,0.7196658849716187,0.5084488391876221,0.7009214462599378,0.48805663799494753,0.43519919379707256,0.2236739062711808,1.132678325740625,2.429875997847372,0.4776171035386765,0.4748119473200586,0.4778301440093922,0.4788110218467859,0.46946152051372714,0.45212975345187784,0.43855047816355
contrast/s5,33280.0,0.6297162175178528,0.5120657086372375,0.697448020467641,0.4892278121726202,0.43396815809955225,0.2217180317896883,1.1490278383623937,2.42975222970468,0.4753230901144122,0.47282211295289056,0.4755158530864281,0.47567835468706804,0.4679809474725633,0.4522616627009555,0.437762657517406
contrast/s5,33408.0,0.7421548366546631,0.5032240152359009,0.6996288407694469,0.4899105537854631,0.44105253924415166,0.22357339461755854,1.1230659386378055,2.4169872894244744,0.4799956395383825,0.47918273872774925,0.4801700550532166,0.48104210438966716,0.4733151523532235,0.45760484174191157,0.44448587274477963
contrast/s5,33536.0,0.6950528621673584,0.5573656558990479,0.6994056223010523,0.49320104657149166,0.4437260036825429,0.2320003766884631,1.1233397225367732,2.381916056006806,0.4774380533836286,0.47967694563052143,0.47759586777866886,0.4798349439480569,0.4743678445742135,0.45866565394970105,0.446832547557888
contrast/s5,33664.0,0.7224476933479309,0.4700669050216675,0.7005296257667537,0.49207255186174415,0.4475578534212658,0.23066482626005494,1.1163767479794724,2.3998303006234583,0.47802396144943426,0.48233633807496906,0.47740455972121076,0.4809177273914304,0.47524597953443104,0.461038346018736,0.45113090710026627
contrast/s5,33792.0,0.6971467733383179,0.5487837791442871,0.7003646085751226,0.4948389531925999,0.4495749524412524,0.2378777220354215,1.098298220672279,2.3715694918302046,0.4831644529236107,0.4855791613396953,0.4826040067435821,0.4850577711852264,0.4784014782105113,0.4625345474684696,0.45357011284919985
contrast/s5,33920.0,0.7056361436843872,0.5372447371482849,0.700621756629233,0.4969075280197065,0.44861154233381606,0.2405931083973088,1.0980721291952888,2.3528315591663467,0.48197836579227354,0.4856504487791056,0.4814712636864892,0.4851786852901424,0.4784309329911884,0.46106263932155994,0.45222643762262515
contrast/s5,34048.0,0.7303427457809448,0.5204493403434753,0.702071560978097,0.4980559091086708,0.4483904853597467,0.23557681015604207,1.0849549485214112,2.3374431366051267,0.4815186462641571,0.48484121510590106,0.48105981086683525,0.4836893398728772,0.4775466681020806,0.4618315136276577,0.451661309710894
contrast/s5,34176.0,0.6805388927459717,0.5477843880653381,0.7010211869179932,0.5004816885699717,0.4481904689067071,0.23698681037914338,1.086477962027156,2.311641158482276,0.4833149083686989,0.4855962154527516,0.4828997455850424,0.48527899223476867,0.4768209293178254,0.46187655099801744,0.45114997148737046
contrast/s5,34304.0,0.677883505821228,0.5252742767333984,0.6998925195474193,0.501691083114529,0.4538467895342662,0.23978699499504882,1.0905760592844729,2.2985141408208842,0.48261643404449195,0.4869300081520732,0.4822407870522602,0.4843935735806562,0.47898996638454033,0.4669924057513292,0.4580489926426475
contrast/s5,34432.0,0.7204501628875732,0.5201997756958008,0.7008953314176707,0.502593946167274,0.4567525085553949,0.2444213381246099,1.07704166529572,2.2931211453552587,0.48789610123835353,0.49256129827442197,0.487556208867631,0.48950409007506135,0.4839269713687601,0.4716213260843377,0.4620791301662503
contrast/s5,34560.0,0.7141620516777039,0.5438449382781982,0.701542488503526,0.50460618968488,0.46308109191716573,0.2449523231930587,1.070096408141928,2.280089515183615,0.49263606185814135,0.4990694435903604,0.4923285209325799,0.49409100000247963,0.49125694434972283,0.4779475234826161,0.46790071801479277
contrast/s5,34688.0,0.7234177589416504,0.5168343782424927,0.7026095748663612,0.5052026866876904,0.4688444918536639,0.24398273859407632,1.0709539329387463,2.281633986792884,0.49928581206795536,0.5036196452712304,0.4990075433304307,0.5006022671051585,0.4943013458393387,0.4829837496829619,0.4732053790008922
contrast/s5,34816.0,0.6734488010406494,0.5592697858810425,0.7011870980943753,0.5078401061605369,0.4634257716296387,0.24734398893610354,1.088547578639551,2.251171527444455,0.49615628801627604,0.4985532304922911,0.49590450529779,0.4958230507239418,0.49088405533708157,0.4783942791598959,0.4688216130043766
contrast/s5,34944.0,0.7035658359527588,0.5146195888519287,0.7013031340874671,0.5081708126332877,0.4570356030033792,0.2452358460272537,1.081337427773285,2.247215091998737,0.49347335756856386,0.49411776536512475,0.4932455398916946,0.4931718382814488,0.4864163582199292,0.472828791553957,0.4619178604281123
contrast/s5,35072.0,0.6762504577636719,0.5305749177932739,0.7000810523155746,0.5092636958118236,0.45971216666754294,0.24271488507284525,1.0801518200070208,2.234601628146357,0.4941317530409194,0.49467764492585053,0.4939256193785053,0.4930967376716737,0.48770926879982884,0.475452166539898,0.464854738674098
contrast/s5,35200.0,0.7041471004486084,0.5531283617019653,0.7002793961269421,0.5114034356113427,0.45995892653261916,0.23970885793920144,1.0730291570216695,2.2028625848966046,0.4881651673856266,0.4915963402333246,0.4879786538219551,0.4872286662692539,0.48525404392893495,0.47343857543556506,0.46461202113224453
contrast/s5,35328.0,0.6590574979782104,0.531708836555481,0.698268571827004,0.5123939429744714,0.45183523334688497,0.23611521292416737,1.0866284906988395,2.1933683999162255,0.48250622819365735,0.48713520731403137,0.4823374672594846,0.482383879473846,0.4821215947744854,0.46624409472783723,0.4560454397038333
contrast/s5,35456.0,0.7560305595397949,0.5335531234741211,0.7010862297642133,0.5134260981207958,0.45783247467020344,0.24414782204500807,1.0669098820598764,2.18796074819897,0.48997142955535566,0.49484765040133355,0.48981873152984895,0.48986072616283144,0.4895490455990436,0.4722455491261394,0.46156758702530065
contrast/s5,35584.0,0.6760083436965942,0.5476870536804199,0.6998629182487196,0.5150973642456554,0.45433562996631727,0.24249261590152127,1.0730751889791792,2.168786945249294,0.4879143630896466,0.4893148579776492,0.4877761990820346,0.48781419660539355,0.4837583868864636,0.4681018621182974,0.4584774240722678
contrast/s5,35712.0,0.701048731803894,0.5346865653991699,0.6999207628123867,0.5160529350336318,0.46100579606113534,0.24618159951589166,1.0596259629365234,2.169119318401308,0.49730011675154817,0.49780511539798,0.49717510339308424,0.4957222742634167,0.4920525023523564,0.47491176816295677,0.46547838311357487
contrast/s5,35840.0,0.6111164689064026,0.501237690448761,0.695588846036485,0.5153302401758332,0.451258070082681,0.2421577708885611,1.070020524181061,2.180057477834524,0.48707226506787904,0.4860048069722353,0.48695915066084533,0.4848824087773092,0.48079973591786673,0.46529048148474544,0.4567549796048467
contrast/s5,35968.0,0.7299256324768066,0.5573841333389282,0.6972638112286957,0.5173816495984231,0.4551352020200819,0.24072916092891222,1.047758744507561,2.163645854534757,0.49120280497813446,0.4887869193365675,0.49110045696320387,0.4892213823618604,0.48331507931652307,0.46928201804776787,0.460108907780471
contrast/s5,36096.0,0.7111591696739197,0.5805628299713135,0.6979416335918773,0.5204636583971006,0.4600933327022871,0.24519946684882535,1.0406358337402548,2.1385442939838937,0.4919657741652246,0.4919920608631285,0.49187316778169726,0.4908979610781616,0.4847916333375559,0.4736186492865288,0.46531864886025953
contrast/s5,36224.0,0.7096474766731262,0.5654774904251099,0.698512650327548,0.5226594550813938,0.46175384237964223,0.24210567464429705,1.0433303281340593,2.1130777978621715,0.4920798289740074,0.4906164036721109,0.4919960369993822,0.49035145675186415,0.48478915782654525,0.4747168147321893,0.4672440005451843
contrast/s5,36352.0,0.6449028849601746,0.5349028706550598,0.6958975398218223,0.523256694865475,0.4547234350145365,0.23977110715881964,1.0454734592707067,2.114149581766826,0.4858995656570287,0.48385041641004195,0.4858237491231769,0.48433570239118695,0.47777844084127025,0.4679397829908744,0.45969103202214473
contrast/s5,36480.0,0.6520662307739258,0.5263484716415405,0.6937594271853396,0.5234075132447953,0.45533348879066626,0.23994533253335198,1.0338803584236413,2.1239456761812114,0.48644228992524724,0.48531319652568344,0.4863736897182344,0.48502727741641605,0.4798563405827317,0.4695041106062581,0.4605904578855931
contrast/s5,36608.0,0.6869310140609741,0.5561533570289612,0.6934263338621998,0.5250048714781692,0.44768723167793184,0.23415413490971348,1.0348746504642623,2.118532088998174,0.4765600672077936,0.4755384425434649,0.47649799646724245,0.4752797376266322,0.4714003533767608,0.4619962833028664,0.4524438348863695
contrast/s5,36736.0,0.7164232730865479,0.532389223575592,0.6945481357755825,0.5253650837756044,0.4489298211672423,0.22963916668511253,1.0286163465408031,2.1225009739555505,0.47955330887748604,0.4785917436696074,0.47949714611937877,0.47839484290904677,0.4756097189090143,0.4656135317689826,0.45548308915060554
contrast/s5,36864.0,0.6689642667770386,0.5628895163536072,0.6933001421658974,0.5271955439013606,0.45154134919415556,0.22631613475791562,1.0328984949766356,2.102544678516273,0.477037824391824,0.47616778234471907,0.4769870072858864,0.47598962288201074,0.4734695909938196,0.465912065330531,0.4567458528245515
contrast/s5,36992.0,0.6719790101051331,0.5052967071533203,0.6922600869434211,0.5261273079624317,0.45013051286395633,0.22780820402545487,1.0348517841816638,2.112816631273475,0.4769739922069984,0.4753873866426637,0.47692801194636114,0.475263364903949,0.47218381790695985,0.4645834332943115,0.4548396443463074
contrast/s5,37120.0,0.6702852249145508,0.5467936992645264,0.6911881424542079,0.5271354246113144,0.44816612734448397,0.23216985623005168,1.0378033837180334,2.1059412064018233,0.4753174849178135,0.47613129987120256,0.47527588112457775,0.4737696775841204,0.4717826216754824,0.4649056526119261,0.45315205178508833
contrast/s5,37248.0,0.6612355709075928,0.5296692252159119,0.6897270414031534,0.5272590246408069,0.448563759483022,0.2368785552206476,1.0324588546530973,2.1111046436505663,0.48354128171326255,0.4835526217157044,0.4835036378289606,0.4821407969098436,0.477442812354794,0.4674466077470194,0.4545251462017366
contrast/s5,37376.0,0.6744164228439331,0.5349781513214111,0.6889801819612402,0.5276355674057144,0.44442473419017037,0.23725373735312613,1.0177829553146862,2.103229843612818,0.4796609396108699,0.48043339537750523,0.47962687872566867,0.47839375496720526,0.474217291845117,0.4637225106384393,0.4498187075388705
contrast/s5,37504.0,0.674536406993866,0.5513561964035034,0.6882756075725878,0.5287926712592651,0.44536437876457413,0.23770474985966975,1.009334329753896,2.0815892265273592,0.4846456211470156,0.4853445534617403,0.4846148022259025,0.48498625895604947,0.4767085073744336,0.4650004096853457,0.4509327805869256
contrast/s5,37632.0,0.5879877209663391,0.55966717004776,0.6833835155430146,0.530298744370899,0.43569257590774374,0.23513841435845192,1.019950226229083,2.0718844271888632,0.4697849433459909,0.4733174097652034,0.4704820726862568,0.4715431885021721,0.46474115985515374,0.4548724706314162,0.44145598410036513
contrast/s5,37760.0,0.6721471548080444,0.5464863777160645,0.6828354003852111,0.5310883850218827,0.43147733965239626,0.23064130174848624,1.0165671844268915,2.0684345996350566,0.4689986013261464,0.4714698276340716,0.46962937689220496,0.4705894941771587,0.4637098775369951,0.45405548948862823,0.43894158347213286
contrast/s5,37888.0,0.6706689596176147,0.5333956480026245,0.6822419154697186,0.5312009344355774,0.43110248876341145,0.22722288516326447,1.005904972777601,2.0628047673488523,0.4657402573569712,0.467976268787283,0.4663109947965756,0.4671797267361441,0.4617171170337713,0.45225663266639116,0.43713126023861637
contrast/s5,38016.0,0.6447902917861938,0.5621721148490906,0.6804150069973516,0.5327117237240414,0.4308376772213854,0.22710425837794482,1.0188941228937543,2.0513224946949973,0.46290358800711073,0.4657261480222828,0.46342000183556903,0.4649682417404373,0.46006275134346586,0.4499783392537661,0.43632980179829595
contrast/s5,38144.0,0.6862901449203491,0.5231472849845886,0.6807015990911564,0.532245165736751,0.438182841792818,0.22645780903798576,1.0155462766877208,2.0595272925160146,0.4695204386429597,0.47276217795472464,0.4699876994597861,0.471388575661633,0.4684000266468837,0.4577882534235445,0.4439144131678811
contrast/s5,38272.0,0.6823998689651489,0.5799701809883118,0.6807844415240341,0.5345732152612174,0.4368165391831506,0.22789921329373966,1.0106307585511791,2.0340344767492384,0.46727206256748466,0.4687552187204855,0.4676948488270878,0.46896238761531456,0.4640460681320107,0.45593154875503344,0.4427275862155545
contrast/s5,38400.0,0.6375623941421509,0.5694891214370728,0.6786760489688202,0.536276430196625,0.43470654735132186,0.231601548732765,1.002821188674629,2.0200640567681063,0.46454985554143013,0.4673790527506594,0.464932400396193,0.46607929301778306,0.46456815563877946,0.4557387779038702,0.44230437753352675
contrast/s5,38528.0,0.65684974193573,0.5345327854156494,0.677611351064767,0.5361913743536505,0.433596762951434,0.23723807592060414,0.9898280725524404,2.0120112636644985,0.4627745867213059,0.4638472868731427,0.4631207204060735,0.4633962550149006,0.4605789201228932,0.4533521303936862,0.4404714207189139
contrast/s5,38656.0,0.6663472056388855,0.5690010786056519,0.6770618805561874,0.5377918477317969,0.43320608355094053,0.23834123347723907,0.9920541710761223,1.9970556595530395,0.46338051540934333,0.46511330953839974,0.46369370359169404,0.4639430124197881,0.4614310157685429,0.4540927069177851,0.44163862636137297
contrast/s5,38784.0,0.6392922401428223,0.5672586560249329,0.6752194590726086,0.539229253014389,0.4285396805954673,0.23861437603740668,0.9870957419503639,1.9861434927150838,0.4638544104328442,0.4655338154716871,0.46413778891312707,0.4636383532959534,0.46075197797974643,0.4526249299357234,0.4391068415798026
contrast/s5,38912.0,0.6200581789016724,0.553044855594635,0.6725286649179287,0.5399031848475717,0.41970708160958103,0.23584992025752263,0.9980374480717557,1.9771414625184747,0.4538727294874218,0.4568423160811636,0.4541291355959942,0.45440225185196015,0.4517906058936313,0.4437492673600447,0.4300306401206899
contrast/s5,39040.0,0.5996419191360474,0.5526793599128723,0.6689732139041784,0.5405264128995375,0.4154517972208047,0.23658327109559305,0.9915099900749276,1.9818692792322266,0.4523887100240146,0.4566000373345924,0.4533829061519971,0.4536300268095368,0.4527913513172,0.4447532038397549,0.4293287350526885
contrast/s5,39168.0,0.6686924695968628,0.5925673246383667,0.6689595190599191,0.5430649939599681,0.4205991573901511,0.2394962256611523,0.9831048519369506,1.959107461561956,0.45623258652381093,0.46149310338245986,0.45713215363306814,0.45735575299066356,0.45804693358326065,0.45004885368249087,0.4361296882897913
contrast/s5,39296.0,0.6786995530128479,0.5431175231933594,0.6694346426673791,0.5430675563615969,0.4259815992804401,0.24064471102356494,0.9718818584017083,1.966997948124092,0.4603984319468866,0.466645455231839,0.4612123769636506,0.46213970868459203,0.46501450682935125,0.45629048569367553,0.4414839416352008
contrast/s5,39424.0,0.6630240678787231,0.5829505324363708,0.6691219317020787,0.5450130673896345,0.42932734235904185,0.2452717760064499,0.9615770672167905,1.9426147078717468,0.4672165466931675,0.47058238394266927,0.46795301925146493,0.46879208620420254,0.46986886667902633,0.4619008499346106,0.44629138918925665
contrast/s5,39552.0,0.64470374584198,0.5533732771873474,0.6679308006845128,0.5454208825017179,0.4293058523070212,0.24648401029494962,0.9465874782890067,1.9411698231537293,0.4696119081025031,0.4719323652449732,0.4702782821424617,0.47103748549470076,0.4705245664597258,0.4625527618980028,0.44694182210402095
contrast/s5,39680.0,0.6412587761878967,0.5623719692230225,0.6666297263188242,0.5462477647808059,0.4255869728488871,0.24246857802416322,0.9482688626363016,1.934028139479179,0.4680054802045849,0.4693428777737086,0.46860842780409534,0.4700575642102557,0.4673068801815841,0.4579187988381096,0.44226934052362626
contrast/s5,39808.0,0.6410512328147888,0.5205034613609314,0.6653819949283835,0.5449919451017877,0.4216457678186539,0.23792442425624763,0.9483747781567718,1.952101380606232,0.46223904544388666,0.4626869524650867,0.4627846036228608,0.4640958091396781,0.46008254893289074,0.45231305355905094,0.43964034321025314
contrast/s5,39936.0,0.6276048421859741,0.5523091554641724,0.6635392069897293,0.5453488821926358,0.413543701875177,0.2345749847077648,0.9401891652661308,1.9471014105988693,0.4546977026294774,0.45586517233753526,0.45519133379558074,0.4563777368836706,0.4527836448107833,0.4480030663077433,0.4313127376697174
contrast/s5,40064.0,0.5788902044296265,0.5269334316253662,0.6594099873526511,0.5444505675308178,0.4091872222201929,0.23535532524718042,0.9510642236443334,1.9558912737965524,0.45458519077896203,0.4549165241673951,0.45503183742003467,0.4561053169542314,0.45140328599476587,0.4448283247198557,0.4289644104673647
contrast/s5,40192.0,0.6476297974586487,0.5672694444656372,0.6588353439431875,0.5455636834788578,0.4052453985704422,0.23003819137475398,0.937678409609851,1.9446267153141983,0.45074677285829934,0.4510465694578274,0.45115090702907357,0.4528472261079035,0.4464176966079946,0.43901851986847146,0.423902360690578
contrast/s5,40320.0,0.6356339454650879,0.5408499240875244,0.6577035684076704,0.5453337439963537,0.4038909882365512,0.22976314044080953,0.9348831842794224,1.9403569093628963,0.44883527157493947,0.44983154797463143,0.44996313479549127,0.45222301065444453,0.4456432579064603,0.4389483454610024,0.4259959789472749
contrast/s5,40448.0,0.6338776350021362,0.5577455759048462,0.6565413277537419,0.5459391992114021,0.4100271820986284,0.23157777311747252,0.9363022331962199,1.9421270805943212,0.45301736946191723,0.45468101396157906,0.4540378810374433,0.4560826586587805,0.45012917624968835,0.44479651008101406,0.43231477333658846
contrast/s5,40576.0,0.6239359974861145,0.5778878927230835,0.6549508238382478,0.5474976720656304,0.40520603448662323,0.2332940469432931,0.9270921596802446,1.9297931225512828,0.4500903741532279,0.4516700310740998,0.45101375196784727,0.4528639047114843,0.4468264289564402,0.4404769433868069,0.428383860942862
contrast/s5,40704.0,0.6361339092254639,0.5592473149299622,0.6540329255644535,0.5480708253760855,0.40396691163245324,0.2290096641289404,0.9203549950412535,1.9277260571429418,0.44972855983763216,0.45264507273272203,0.4505640492225435,0.45300029688647686,0.44902468675951546,0.44179234437319054,0.4286008938096925
contrast/s5,40832.0,0.6143410205841064,0.5700353980064392,0.6520967350776072,0.5491422679434198,0.40654516513561056,0.22738248015474025,0.9194065304843272,1.914473328390164,0.45252432451697705,0.45588825438814407,0.45328029081944593,0.455484652923457,0.4511252519697936,0.44385627947151857,0.4296338247974671
contrast/s5,40960.0,0.5843218564987183,0.5806816220283508,0.6487906434396126,0.5506807730207335,0.40209262116077554,0.22446014414952997,0.920837544162662,1.9059306190472896,0.4526558581738977,0.4564246192292487,0.45333987051539393,0.45533441826090304,0.4521149662379869,0.44405065501259944,0.4289325089333417
contrast/s5,41088.0,0.6499558091163635,0.5206490755081177,0.648847480789698,0.5492158121664595,0.4048492723292918,0.2284154546409489,0.9142403790865545,1.9210417850171897,0.4600993814886962,0.4627844115691179,0.4607182885508115,0.46252299237051364,0.4588849575538239,0.44933881396440434,0.43348459017704505
contrast/s5,41216.0,0.5857174396514893,0.5302230715751648,0.6457679665878341,0.5482893370156647,0.40806855634316047,0.2315667201123636,0.9094099125650263,1.9190443232542367,0.4611458413113069,0.46437468173505553,0.46170583990825953,0.463338769420316,0.4600841882447151,0.4499222701010463,0.4332904887919604
contrast/s5,41344.0,0.5859439969062805,0.5795401334762573,0.6428497241643436,0.5498137661113034,0.4032107520511285,0.2301980852414664,0.9013652991112243,1.90154144520125,0.454247664862878,0.45644416473469324,0.4547543619871878,0.45623186691748996,0.45111201684724067,0.44416672981778194,0.4275935951532253
contrast/s5,41472.0,0.5163367390632629,0.5711402297019958,0.6366783590374616,0.5508540814084103,0.3931267423377552,0.22613402001919714,0.8861114650386913,1.8859242067310535,0.44899134340061714,0.45246598724656056,0.44944981236318415,0.4507866862471756,0.4469163459991987,0.4391820916435731,0.4204126164354882
contrast/s5,41600.0,0.597540557384491,0.5566652417182922,0.6347691979812191,0.5511375526430387,0.3854897531800866,0.22691840835764357,0.8783839465171754,1.889787373594851,0.44423532618223593,0.44737924842475824,0.44465015740892505,0.4458597857120488,0.4423578300206908,0.43535973312901527,0.4184139438419855
contrast/s5,41728.0,0.5882501602172852,0.550638735294342,0.6324999766268808,0.5511132200894436,0.38517915799340374,0.22389152237476256,0.8723992175857104,1.8857532960005774,0.444282082762154,0.44712676195958195,0.4446574297554878,0.445751923895316,0.44258328938814434,0.43777567167711606,0.42011904139420575
contrast/s5,41856.0,0.6236799359321594,0.5210122466087341,0.6320697307393335,0.5496448799196529,0.3803621352218721,0.22039054463534435,0.8801070659464375,1.9027405681649259,0.4404390528740251,0.44377516653213805,0.4407786738001766,0.44176899241212114,0.4389019530989694,0.43378973624086464,0.41411425458690476
contrast/s5,41984.0,0.5343396663665771,0.5695974826812744,0.6273024105260283,0.5506181776153418,0.37851327047737504,0.22233507935178987,0.8698494746415244,1.8899889664478313,0.43573485985805605,0.4395156325374075,0.43604215517553163,0.4369382138363095,0.43663064881828223,0.43273003499247775,0.41416509888559316
contrast/s5,42112.0,0.49862247705459595,0.5489227771759033,0.6210253406005926,0.5505354751548814,0.3721928521095106,0.2189450658501323,0.8482137837031127,1.8981969713686042,0.43147841870559384,0.4348621517486001,0.4317564652123638,0.4325672357198255,0.43080173518893944,0.42723520715262264,0.40666351303092635
contrast/s5,42240.0,0.6414760947227478,0.5837209224700928,0.6220229383626489,0.5521542774629404,0.37684730996940247,0.2248381589280495,0.8408889688308452,1.8813451747458318,0.43640165071457954,0.43873830030316524,0.43665323235455406,0.4373868325579147,0.43578937490920694,0.4325623141458293,0.4139486634860434
contrast/s5,42368.0,0.5769675970077515,0.5467133522033691,0.6198251168331417,0.5518888664746687,0.3788465249633915,0.22647090406279793,0.8273863848528812,1.8850581949703005,0.4386068772973679,0.44072112121422624,0.43883451303466786,0.43949828811456765,0.4380528787845947,0.4351329743104142,0.418290997716997
contrast/s5,42496.0,0.5322834849357605,0.5884498357772827,0.6155547933259523,0.5536723283918694,0.3719180930810937,0.23012328678138944,0.8108435361879175,1.8567430228112496,0.4385387033725738,0.4404517105097192,0.4387446724126887,0.43934526842490024,0.43803743523579325,0.4346332563510648,0.4193943233358432
contrast/s5,42624.0,0.530160665512085,0.5890627503395081,0.6113892261155197,0.5553986904380956,0.36919983318045413,0.22984013634413644,0.7918979782411472,1.8427217779327627,0.43470322298018127,0.4364341473440112,0.434889587590541,0.4354330180096807,0.43424966626629474,0.43189451690063624,0.41738103259596515
contrast/s5,42752.0,0.5722585916519165,0.5781952738761902,0.6094804146782707,0.5565107188984905,0.37047691628047036,0.22885892170103006,0.7917387554441921,1.8317928943814483,0.43047061401121695,0.43127459138027424,0.43063924016966854,0.4311309460991816,0.43006022747830713,0.4271670494978392,0.41555936976708086
contrast/s5,42880.0,0.4594476521015167,0.5697510242462158,0.6021617433330632,0.5571565874520381,0.36339701943045527,0.2293095894748761,0.7677821050690301,1.821734959657829,0.4251536608632129,0.426606129380962,0.4253062369411456,0.42647615646451825,0.42550735038340576,0.422815188748491,0.4115501495631945
contrast/s5,43008.0,0.5126323103904724,0.5582878589630127,0.5977944539212294,0.5572117714281831,0.3563775232324345,0.22449353693711274,0.7611650366462586,1.8226154791098832,0.42052868421948053,0.4210807095707574,0.4206667378866642,0.42172530278556347,0.4200493336901607,0.41456463538754,0.40284742860536515
contrast/s5,43136.0,0.49828314781188965,0.5038937330245972,0.5929402438671152,0.554610891506057,0.3515505430318458,0.22322184395083194,0.7493191707869642,1.8445613863669699,0.41405733414505047,0.41673186154498626,0.41418224766544687,0.4151400568333385,0.4150736386333934,0.40641154695089127,0.3936345561622608
contrast/s5,43264.0,0.5183234810829163,0.6319254636764526,0.5893004017800811,0.5583823340509544,0.35008306124416266,0.22562190639453622,0.7309313754768966,1.803089797085423,0.4117898305976334,0.41420979262934216,0.4119028546693306,0.4120073030597905,0.4112221917676331,0.40487178043563693,0.39106151690826807
contrast/s5,43392.0,0.4661853015422821,0.5452355742454529,0.5832947871343348,0.5577410286945884,0.34215576213704424,0.22282996408452682,0.711876611573724,1.8127238357762978,0.40691245231350415,0.4083770640031109,0.40701471859134547,0.40710922543363554,0.4071982175363295,0.40293945749113846,0.38819426961182374
contrast/s5,43520.0,0.46211889386177063,0.5694625377655029,0.5773837679503072,0.558312809624877,0.33792023450948494,0.22392883722341778,0.7084271036186092,1.8120156605961253,0.4075372337708743,0.4066130364953787,0.40762976619716623,0.40771527774215327,0.40409636458819576,0.3987557494610479,0.38091521955953833
contrast/s5,43648.0,0.48195892572402954,0.5617903470993042,0.5727288975978058,0.5584824455992392,0.33470132462161006,0.2159998580706832,0.6983931336137179,1.8066895996865846,0.4029530830252824,0.4013546570550095,0.4022746129600772,0.4023519853931083,0.3953780907427994,0.3867720076920011,0.3676179648721343
contrast/s5,43776.0,0.4216153919696808,0.5538827776908875,0.5653575070793606,0.5582580715549293,0.3242783847409095,0.21168844980696558,0.6833040713163994,1.7982573270648752,0.39876807809723647,0.39732179261193895,0.3981541857895761,0.39822419380304447,0.3904268744912539,0.3773789254607577,0.3548613471567615
contrast/s5,43904.0,0.4901546537876129,0.5695378184318542,0.5616890752114705,0.5588083031099013,0.3269310964847848,0.21399650931373865,0.668254288415594,1.7939619802145017,0.4047784037988677,0.4004581776102077,0.40422294264482167,0.40203688207878086,0.3920444831060066,0.3742896166721073,0.3472414390395206
contrast/s5,44032.0,0.47610050439834595,0.5917564034461975,0.557514022976684,0.5604155275165499,0.32631971906802953,0.21738619313872487,0.6519495700118105,1.7823343881592164,0.40278060807738114,0.3988715872368387,0.4022780165156298,0.4003000283413597,0.3927087500322641,0.37221936761348906,0.34549626935104744
contrast/s5,44160.0,0.48163682222366333,0.5857322812080383,0.553812696110683,0.5616504911112566,0.32180683682479055,0.22034170122784086,0.6427325665452237,1.778634790820511,0.3999505085578207,0.39713856882048276,0.39949575438445734,0.39770603397216414,0.3900751093391277,0.3738597014515865,0.34220691593274427
contrast/s5,44288.0,0.4582902789115906,0.5866190195083618,0.5491530660034101,0.5628684681062374,0.31435868459875455,0.2217517713072849,0.6305112387660223,1.7600231822919417,0.3969250288616569,0.3959051238405438,0.39651355884518713,0.394894186598252,0.3887889597292167,0.3733547625864741,0.34029028502897324
contrast/s5,44416.0,0.37301039695739746,0.573197066783905,0.5405607406840923,0.5633723021880749,0.30602070748049115,0.22135451764329586,0.621791467608298,1.7551559863120165,0.3941131581788103,0.396164749173984,0.39374085247086826,0.3952500343937782,0.38820152156343757,0.36817599279835045,0.3352470395770781
contrast/s5,44544.0,0.4016351103782654,0.5605796575546265,0.5337838806691739,0.5632360756205896,0.2992385461498079,0.22114379615434443,0.6039551305909718,1.7528103201071488,0.39084391052348033,0.39418743812827456,0.3905070414087987,0.3941219823396411,0.3854205914919623,0.36127792090796607,0.32633372825504803
contrast/s5,44672.0,0.348616361618042,0.5465095043182373,0.5247513187642406,0.5624201453131578,0.28798963634375835,0.21485557046446038,0.58365741202387,1.7509265417394917,0.384874234328503,0.3901861055283198,0.38456942890112,0.3893275045440774,0.3799671146099194,0.34694971308805256,0.3107955685163165
contrast/s5,44800.0,0.41896337270736694,0.6074204444885254,0.5195909311517102,0.5646152818582976,0.2842250070665416,0.21507752687474377,0.5671840397035923,1.7318363159541614,0.3829862941187704,0.3885175886428164,0.38271050051076944,0.3885029056582639,0.37412179138708346,0.3419976285585532,0.3033358475391537
contrast/s5,44928.0,0.3952643573284149,0.5911633968353271,0.5135262202335006,0.5659103118571771,0.2765057916408148,0.2155386189033226,0.5507910488778204,1.713802117632244,0.376388847920672,0.38368025123481475,0.3761393047453184,0.3813803804320162,0.36695523182614753,0.33338988283019594,0.29615858067046563
contrast/s5,45056.0,0.3854145407676697,0.5927494168281555,0.5072768700156551,0.5672195364899077,0.2694469417523374,0.21301858379057328,0.5316702493449149,1.694847343424847,0.36660838053976325,0.3762545580774261,0.366382589243087,0.37188700692272253,0.35887204497773373,0.3225898344941867,0.28669003640676866
contrast/s5,45184.0,0.3759990632534027,0.5571532249450684,0.5008730745638379,0.5667284969023546,0.26480743510131177,0.21676160972365377,0.5167255123956846,1.702986549963,0.36088197311182624,0.3689221789623825,0.36067767295582104,0.36718256248034553,0.35319415848371977,0.31887813103251517,0.2849081174150476
contrast/s5,45312.0,0.38836807012557983,0.5689128637313843,0.49538502556684966,0.5668350513818194,0.26408587673354855,0.2184752578165838,0.5056780002812575,1.7038023729896759,0.3636757769798261,0.3701885093407399,0.36349092240678393,0.36941384743165107,0.3515702350111468,0.3153338116005089,0.28158551254508474
contrast/s5,45440.0,0.3455260992050171,0.6186918020248413,0.48807483403700413,0.569364648974162,0.2560341276095939,0.21476479306307197,0.4873858417069954,1.681624371211657,0.35133156263314425,0.35867443349629113,0.35116430278448446,0.3565234752787277,0.3433154833146664,0.309115245356558,0.2733925131356775
contrast/s5,45568.0,0.3127326965332031,0.5841890573501587,0.4795215590368187,0.5700877908461618,0.2479865604367592,0.21434473542470703,0.4804321183137482,1.6745232412980875,0.34469827886080445,0.3535172893205584,0.3452719539174306,0.35012103265850375,0.34103307562261004,0.3034142107003716,0.26739218469920606
contrast/s5,45696.0,0.2916128933429718,0.580204963684082,0.4703552826615091,0.5705813114724018,0.23845556717686542,0.21628842509278964,0.4748386897514222,1.6797922942150159,0.34326953131902643,0.3542607359051573,0.3437886031578893,0.34890115447565984,0.3369415871635871,0.2976795148573856,0.26428674177721145
contrast/s5,45824.0,0.32370394468307495,0.6031616926193237,0.463201558857683,0.5721705983576174,0.23421901705890083,0.21866058570263716,0.4607378495867213,1.6642035072871755,0.3439659173921708,0.35695974379044865,0.3444355832261449,0.35058590479326507,0.339764666315179,0.29676638435341074,0.26281536837783376
contrast/s5,45952.0,0.27354681491851807,0.5924283862113953,0.4539501079338213,0.5731587831309723,0.2259984383977324,0.22378138063873357,0.45094833998427764,1.6520147021676224,0.3401715707040403,0.3549030459876694,0.3405965330677968,0.34913587816213926,0.3378202304969585,0.2966651817974645,0.26373344753282874
contrast/s5,46080.0,0.24813061952590942,0.5660136938095093,0.4439101328895329,0.5728102421884619,0.21188645139973286,0.21884085660411287,0.43547815034590903,1.674216839244757,0.3279266561813476,0.34716762816611846,0.3283111700155377,0.33748775769459477,0.32507410504811046,0.2855868480154333,0.25499022825546247
contrast/s5,46208.0,0.30657920241355896,0.6200697422027588,0.43721106311021707,0.5751155836525739,0.2079665631046958,0.22478104871793914,0.42569501102413876,1.6547560746676016,0.32867054970364645,0.3484039038909376,0.3290184649575448,0.33957101692651903,0.32391446387755857,0.2852112408277656,0.25748967113418103
contrast/s5,46336.0,0.27259910106658936,0.5996147394180298,0.42918121130321085,0.5763106644216204,0.2038434815480323,0.2241698245687004,0.4089623155394988,1.6425428884057731,0.3271685937532696,0.3464737286246972,0.32748339393243636,0.33920658342964627,0.31989077903495927,0.28189696448484913,0.2552895834593036
contrast/s5,46464.0,0.28197604417800903,0.5790109038352966,0.42200047144344494,0.5764423834174095,0.2015628705737996,0.21911796738191155,0.3964470441491913,1.6438303711249926,0.32424802563874067,0.3424778651030127,0.3245328626836619,0.33590241724954906,0.312476278948348,0.27211275013768915,0.2472757028207024
contrast/s5,46592.0,0.22420325875282288,0.5609176158905029,0.41235182692195116,0.5756850776843896,0.1920261012151988,0.21385911861266357,0.3922168679111164,1.6569219420902384,0.31558224092595155,0.3350885382639395,0.3158399667708803,0.32688954588730756,0.30431747190983777,0.26253479652553546,0.23933676025597164
contrast/s5,46720.0,0.23179472982883453,0.5879443883895874,0.4035441636491162,0.5762830928407406,0.1842336109151204,0.21874908947641955,0.378557373129632,1.653660129325382,0.31071569806565874,0.33598730916088754,0.31094889319364005,0.3217461328343812,0.3051706572128871,0.2635167611632001,0.2418017325100136
contrast/s5,46848.0,0.20883694291114807,0.5689240097999573,0.39404625044238606,0.5759241131802146,0.17627190493866632,0.21783826002000842,0.3660025182204259,1.6660481690369666,0.3084874043770773,0.3343280471348661,0.3094605987790163,0.32140518622313724,0.2989713382634154,0.2583448802672381,0.23869671930263575
contrast/s5,46976.0,0.2148023098707199,0.5785602927207947,0.3853026435852316,0.5760527073041454,0.1691423660985791,0.22013726561001357,0.3495908079755554,1.6732464674706136,0.30502117314546967,0.33221324193464086,0.3059017375032027,0.31750879729053644,0.29728459577552335,0.2567884074280007,0.23901038670988042
contrast/s5,47104.0,0.1808142364025116,0.569934606552124,0.375327599332416,0.5757542633650224,0.15899199216891063,0.21775581855611578,0.33422251466652564,1.6777388403669913,0.2908237384617842,0.3266746525773877,0.2916204894362708,0.3073094174175525,0.2928211601276448,0.25091845193217666,0.23483256881958842
contrast/s5,47232.0,0.2077641636133194,0.6021467447280884,0.3671537731997771,0.5770417014802939,0.15575658541874662,0.22002549079348727,0.3154545634388674,1.6552856748507163,0.2869752565142021,0.32452611336716636,0.28918338157797013,0.3063162545461614,0.2901582299548766,0.2500316569832485,0.23547685138286376
contrast/s5,47360.0,0.20734046399593353,0.6256603002548218,0.3593580020191018,0.579413340444905,0.14912969448061486,0.22287850773164433,0.30765439720923815,1.6379296216028831,0.2865418591065445,0.32414364570580606,0.28926482651998364,0.30919141770655056,0.29083472204721433,0.25002864382600887,0.23685918557604746
contrast/s5,47488.0,0.12935908138751984,0.5555210113525391,0.34813854247609777,0.5782478609769848,0.13718472058596978,0.21726172531816243,0.28965088010705453,1.647330386300649,0.27414049238611193,0.3148371416529036,0.2773292987132035,0.2975342928802281,0.282486384434154,0.24255268724530607,0.22991170211848197
contrast/s5,47616.0,0.1644001603126526,0.5849521160125732,0.3391756945656858,0.578574897807989,0.1293139262410827,0.21576745045147236,0.2787835271142305,1.6362221646456068,0.2673439553356789,0.3077549330482251,0.2702292464858908,0.2921733548309499,0.2755089474862274,0.23865118221303422,0.2272133842487871
contrast/s5,47744.0,0.16067065298557281,0.5940831899642944,0.33046813156177784,0.5793313998643941,0.12070507543883804,0.21460130406703715,0.265478227797338,1.6330764693158477,0.2596699322222294,0.3022577353755802,0.2622805972070434,0.28217321397850964,0.2708315640253134,0.23530692929567226,0.22495779740773658
contrast/s5,47872.0,0.13765114545822144,0.5956645607948303,0.32106242492257997,0.5801281394219764,0.11222779282716994,0.21724558803448155,0.2529236559628104,1.6238933939730547,0.2536000695478946,0.3009832037514916,0.2559622476810904,0.27987311627680733,0.2695738006439629,0.23598042204563804,0.2266163354296058
contrast/s5,48000.0,0.15951141715049744,0.6173650026321411,0.31318188795808816,0.5819445717736917,0.10669525454498838,0.2196753654969937,0.23965127224003785,1.6058074756562672,0.2546330789900938,0.30276722362047515,0.2567704216079348,0.28294140979002014,0.26847293324180105,0.23662699103594018,0.2281541916647415
contrast/s5,48128.0,0.16655376553535461,0.5827321410179138,0.3060292966203938,0.581982989785605,0.10176367172095617,0.22404891785896933,0.22810231362506941,1.5962980632691708,0.25209141174534955,0.30148137842161965,0.2532631238939136,0.2791925248605714,0.26896405797785805,0.23866204840313207,0.23172071714578932
contrast/s5,48256.0,0.1502450853586197,0.5734831094741821,0.29843006680274625,0.5815683614777307,0.09428988381176343,0.22209452948452846,0.21617651453523237,1.6095790499004712,0.24598068843823714,0.29654412646001393,0.24776589020978143,0.2756889234461208,0.2656718216444509,0.23531676122615341,0.2290361158707588
contrast/s5,48384.0,0.11384216696023941,0.6089401245117188,0.2894257790055508,0.5829035694306081,0.08604025180112562,0.22333776284709567,0.20424533156697905,1.5821010565437506,0.23820218745660837,0.2914261548754795,0.2398174711535262,0.2703437552418499,0.2642173353487268,0.23530148353657307,0.22961863904784305
contrast/s5,48512.0,0.1502789556980133,0.5725762844085693,0.2826381290881099,0.582399799429533,0.0823124467516431,0.21992667298657495,0.19500603300254116,1.579169217833261,0.22818963540838866,0.28447155357858667,0.22888897895568905,0.2616591919826613,0.2584024789205315,0.23075166951762502,0.22560972634846477
contrast/s5,48640.0,0.1274431049823761,0.6127852201461792,0.27506764010734236,0.5838820150742474,0.07737788905963662,0.21974031505804908,0.18350040187716782,1.5766701575846152,0.22427955708278355,0.2810789607335099,0.2263995460985146,0.2597128976833003,0.25600396813689963,0.22953497283540014,0.22488244721952105
contrast/s5,48768.0,0.13739793002605438,0.6394630670547485,0.268352044493621,0.5865932859025644,0.07523677528834462,0.2217467395617446,0.1745798195463662,1.551373933466195,0.22379042612903854,0.28403248023537686,0.2271958415323264,0.26546226494723363,0.25829538104474975,0.23213351795517168,0.2263994361813751
contrast/s5,48896.0,0.11475510895252228,0.5690199732780457,0.2608595110525918,0.5857360511403927,0.06880064557618808,0.22207497969863982,0.16588157827881067,1.5724283929436755,0.2180124855099748,0.2821317087674052,0.22181878344477599,0.261629598444225,0.2573570937353149,0.23147312957157412,0.22628482595590213
contrast/s5,49024.0,0.10550734400749207,0.5978654623031616,0.25328135656258693,0.5863277297336985,0.06377649132741348,0.2164974979902624,0.15445781926893415,1.5719588123452626,0.21060945298076836,0.2768239613534939,0.21481565712046655,0.25453665629605365,0.2499457998640178,0.22500111842853315,0.2203066450201827
contrast/s5,49152.0,0.11469778418540955,0.570947527885437,0.24652118230028558,0.5855774759850028,0.05923054331290654,0.21732536849684064,0.14537475072500203,1.5803640262497711,0.20391105174524013,0.2726720673519716,0.20844191819168922,0.2495688603368814,0.24759001284543194,0.22501960209982091,0.22077195542873165
contrast/s5,49280.0,0.11028486490249634,0.559144139289856,0.23987550828088122,0.5842880449267029,0.05580511979710341,0.2146352679855411,0.13485969079208557,1.5914081646990654,0.19861240910440822,0.2690640775980659,0.20347421628171286,0.24739767196454288,0.24346930965966804,0.22232216822952267,0.21775380381148177
contrast/s5,49408.0,0.09983082115650177,0.5875226259231567,0.23304406012847245,0.5844458293655543,0.05125570327864026,0.21063964461987392,0.12655664441044095,1.5842519587228516,0.19160587403200766,0.2635500963870661,0.19672994227512505,0.2423843599393633,0.23745423556951523,0.21759489463242354,0.21346135371639724
contrast/s5,49536.0,0.10073652863502502,0.5720489621162415,0.2265900342019628,0.5838411041338805,0.04637711165188093,0.20836281943297338,0.11981830323946017,1.5756521286098817,0.18820347079279218,0.2584865833460604,0.19283982284382223,0.2363238319260985,0.23262515901322586,0.21465605873641655,0.2109159541955028
contrast/s5,49664.0,0.10572347790002823,0.6107001304626465,0.22069410462625866,0.5851513005401616,0.044137916015770905,0.2146124915868843,0.1132929177090685,1.555174265780637,0.1851620934419018,0.2607275986135382,0.19011934595208424,0.23693771466959893,0.23732770187930785,0.22030673131355716,0.21692261530717416
contrast/s5,49792.0,0.09457714855670929,0.5489348769187927,0.21454205798871964,0.5833846457293631,0.039936805627595204,0.21275690047807913,0.1051656896889345,1.5796921149678855,0.17562480316783619,0.25528208060154167,0.1801102172475432,0.23067059132210585,0.23407223947556646,0.21790915427003,0.2148471432969732
contrast/s5,49920.0,0.10637442022562027,0.5771503448486328,0.20926558785393432,0.5830805334912786,0.037622772968216714,0.21027855183055227,0.09913398141952603,1.5749025415701268,0.17236783201563285,0.2510427094556483,0.177188513047896,0.22816030303445745,0.2303272612982371,0.2149404066893014,0.21216984232879013
contrast/s5,50000.0,0.13139782845973969,0.6182160973548889,0.20546716056641262,0.584794463435845,0.03781557863453755,0.207236720603373,0.095243960354868,1.588399169872049,0.1649592340843412,0.2448459018929453,0.17004609062810816,0.2219664312405769,0.22610217991351494,0.21145485340537026,0.20894799534925032
