corruption,n_samples,r_l,r_s,r_l_ema,r_s_ema,large_acc_ema,small_acc_ema,large_ent_ema,small_ent_ema,fixed_ts_duo_acc_ema,"PW NN - β=0.5, pbs=256_duo_acc_ema","PW NN - β=0.01, pbs=256_duo_acc_ema","PW NN - β=0.1, pbs=256_duo_acc_ema","PW NN - β=1, pbs=256_duo_acc_ema","PW NN - β=2, pbs=256_duo_acc_ema","PW NN - β=4, pbs=256_duo_acc_ema"
impulse_noise/s5,128.0,0.3280777335166931,0.044027555733919144,0.3280777335166931,0.044027555733919144,0.34298780487804875,0.13986280487804878,4.054756629757764,6.561425965006758,0.40243902439024387,0.40243902439024387,0.40243902439024387,0.40243902439024387,0.40243902439024387,0.40243902439024387,0.40243902439024387
impulse_noise/s5,256.0,0.2797543704509735,0.0351734422147274,0.3257204962939751,0.0435956477573732,0.3370743314809709,0.13906161583552182,4.1043493070898664,6.569666373833656,0.3946035134429273,0.3938413183209761,0.3946035134429273,0.3946035134429273,0.3938413183209761,0.39231692807707363,0.39231692807707363
impulse_noise/s5,384.0,0.32274001836776733,0.044985510408878326,0.32557510712684296,0.043663445935495405,0.34075851170883803,0.14523362146688204,4.119929462472714,6.569136431019077,0.3957864032996386,0.3936467252624656,0.3957864032996386,0.39506138842753863,0.3913601398966119,0.3907430384326169,0.3907430384326169
impulse_noise/s5,512.0,0.3418341875076294,0.04904685914516449,0.32636823299907647,0.04392605145791829,0.3491299502136482,0.14555716136295516,4.1208721289896015,6.565943222843856,0.39903174861317686,0.39774638258430106,0.39903174861317686,0.3991007565724487,0.3941530474614793,0.39435687772516964,0.39435687772516964
impulse_noise/s5,640.0,0.35341525077819824,0.039041101932525635,0.3276875997200092,0.04368776123716742,0.35456671878343776,0.14570118526654063,4.115350156607719,6.572040533666394,0.4012060021657596,0.3970685591378476,0.4012060021657596,0.40054342697602285,0.39381724282505054,0.395488882224856,0.395488882224856
impulse_noise/s5,768.0,0.34368816018104553,0.04828900098800659,0.32846811486445,0.04391221195672055,0.36257196863153407,0.1481552663833482,4.10989334397186,6.5697031250385125,0.40625926787276645,0.40182779800634516,0.4069842827448663,0.40642195266539605,0.39808657128905517,0.3995991016442629,0.3995991016442629
impulse_noise/s5,896.0,0.3743579387664795,0.04744608327746391,0.33070664285967094,0.04408459592358608,0.3667293065369205,0.1482007199102157,4.088913130125909,6.56826365784925,0.40999500085334784,0.4044981146743908,0.41065100776617586,0.4101793813230621,0.3995885930580921,0.4002321437245234,0.4002321437245234
impulse_noise/s5,1024.0,0.37254834175109863,0.046997591853141785,0.33274770134217957,0.04422669328600343,0.3623670584429839,0.14969187684916005,4.066499749604832,6.567985332268071,0.40677566704220225,0.3987532019153767,0.40736923427266714,0.4054552879193203,0.3935859607622594,0.39268104735574066,0.39268104735574066
impulse_noise/s5,1152.0,0.3771757483482361,0.038482069969177246,0.33491492314735305,0.04394646775835337,0.36360666025685806,0.14966543407946012,4.049440698795403,6.5732004449287365,0.40897503841236743,0.39797954795555496,0.4095121090593258,0.4063303051310447,0.3926162976320026,0.3910353200642959,0.3910353200642959
impulse_noise/s5,1280.0,0.38569939136505127,0.047404829412698746,0.33739221427992366,0.04411516832685802,0.36309234399207685,0.14861905129973757,4.021228132017542,6.570436044472283,0.4056668848454556,0.39568078074979124,0.4061528363350592,0.4025116859633069,0.389340802319022,0.3879103044722154,0.3879103044722154
impulse_noise/s5,1408.0,0.39790746569633484,0.048592910170555115,0.340344177763651,0.04433359475825788,0.3650622874550558,0.15388136646454542,3.9888059663985698,6.569157096115053,0.408919888072539,0.39607330013113173,0.40935958599977695,0.4037784201964246,0.38881237973065585,0.38751803872828056,0.38751803872828056
impulse_noise/s5,1536.0,0.4093479812145233,0.0380992591381073,0.34371021695637644,0.0440294808255676,0.3705069834736109,0.15410681641438048,3.954512003467446,6.572030972168995,0.4116401842702747,0.3999791728134749,0.41203803111580056,0.40546369846446273,0.39199650777532874,0.3908253640129178,0.3908253640129178
impulse_noise/s5,1664.0,0.4122726023197174,0.05515967682003975,0.34705472355946626,0.04457241721554185,0.3718827316260334,0.1549986423356768,3.91062939260423,6.565763728201211,0.4105508448989219,0.3985497155557973,0.41091082410894264,0.40423723103179526,0.39132685206798035,0.3902671794548768,0.3902671794548768
impulse_noise/s5,1792.0,0.4330977499485016,0.045865222811698914,0.35125194435893137,0.04463548090315927,0.3690191164801884,0.1551177483596457,3.860983189688135,6.565091604112388,0.40701834330235587,0.3939100936111646,0.4073440591729338,0.3997812780484001,0.3866125175463403,0.3856537060980771,0.3856537060980771
impulse_noise/s5,1920.0,0.4413626790046692,0.05047547444701195,0.35564758995140633,0.04492035863700574,0.36886337071169933,0.15881341181143432,3.8140040372437523,6.561333807890207,0.40618301615876456,0.39142236905567,0.40647772992387404,0.3997091456940015,0.38554440165852677,0.3839146561422815,0.3839146561422815
impulse_noise/s5,2048.0,0.4410918653011322,0.04728883504867554,0.35981560338310026,0.04503589407172134,0.36719805880576717,0.16093036845044117,3.764110942502366,6.559989348683995,0.40096556667309985,0.38833487408308986,0.40199442427972176,0.39510788851908163,0.38229136521274193,0.38081674122094594,0.38081674122094594
impulse_noise/s5,2176.0,0.46781498193740845,0.0470915287733078,0.36508386575160306,0.045136168935213355,0.3708407182888589,0.16567152909763297,3.7087473717715005,6.561985497043788,0.40509362100522595,0.3914900913030218,0.40602455046368635,0.39975630484088226,0.3852596171853542,0.3831631549060433,0.3831631549060433
impulse_noise/s5,2304.0,0.47116899490356445,0.05147424712777138,0.3702587501004792,0.045445343481191794,0.369712214466005,0.1706120736213562,3.6527059345257644,6.55698548657793,0.40436713120104023,0.39060837529559556,0.4052094534534604,0.39953782847292196,0.38352089692975827,0.38086178382634855,0.38086178382634855
impulse_noise/s5,2432.0,0.46024245023727417,0.05093671381473541,0.3746481988876399,0.045713215204779285,0.3760528127321794,0.16852005590605756,3.6060703615373306,6.552595535817258,0.40382133049183944,0.3942350320193937,0.4053084941717509,0.40162673236604063,0.3878221500476873,0.3861411500296705,0.3861411500296705
impulse_noise/s5,2560.0,0.48156943917274475,0.04383602738380432,0.37986386914544984,0.045621645067170744,0.37751417499443474,0.16727781382100745,3.553900903451511,6.553470039478611,0.4063018998679879,0.3939286042245674,0.407647513167896,0.4035539916292372,0.3881632898408877,0.3866422898245858,0.3866422898245858
impulse_noise/s5,2688.0,0.49090105295181274,0.04663213714957237,0.3852803171360041,0.04567093736387326,0.37982171931382225,0.168477575741673,3.501049835252079,6.552773127069041,0.40884380707864937,0.3961610095333533,0.41006134296750135,0.40487023870795347,0.38945723607851884,0.3880810070334295,0.3880810070334295
impulse_noise/s5,2816.0,0.4746943712234497,0.052910927683115005,0.38964197831100145,0.046024107623348465,0.3786005860061414,0.1665515423575756,3.4624937387945027,6.54683954275121,0.40634751967080646,0.3955969039263714,0.40744916874096937,0.40427655150196146,0.38804399528579836,0.3860737428303666,0.3860737428303666
impulse_noise/s5,2944.0,0.47909873723983765,0.05329518765211105,0.3940057226489934,0.04637879445401981,0.37771876342376026,0.16571974772508774,3.4254562700187248,6.542161980559082,0.4013746742530021,0.3930973473361159,0.4023714667787117,0.40175022893187584,0.38626333541326546,0.3844806144229551,0.3844806144229551
impulse_noise/s5,3072.0,0.4724297523498535,0.06103239953517914,0.3978312850734256,0.0470936044579788,0.36926174251489546,0.16634279374768499,3.3916691262101333,6.533104471760114,0.3944398450558097,0.38466378066521845,0.3953417614339206,0.39253024878369014,0.37848023983556023,0.375379990801496,0.375379990801496
impulse_noise/s5,3200.0,0.5077879428863525,0.05275578051805496,0.4031950244789342,0.04736980816822641,0.37285669861103865,0.16553086810840503,3.3409126709993977,6.530450035470039,0.3963633279773269,0.38831713884104535,0.397179398656153,0.39539768494943045,0.38119776608559613,0.37839260321777235,0.37839260321777235
impulse_noise/s5,3328.0,0.5526171922683716,0.05576689541339874,0.4104839107125653,0.047779422180186035,0.3744735506171265,0.16925785270248903,3.2749796345441387,6.5258661597453305,0.40241664000803934,0.3892246390108447,0.40315503590482366,0.40081789340159646,0.3820207032814941,0.3794825398537964,0.3794825398537964
impulse_noise/s5,3456.0,0.5089659690856934,0.06984119117259979,0.41528791356003497,0.048855606033474504,0.37688460469283125,0.17404294703181786,3.23906605041337,6.513403136727313,0.40300458622976076,0.39099385837923545,0.40439771541418007,0.40228302549900546,0.3837134085015779,0.38141683112291747,0.38141683112291747
impulse_noise/s5,3584.0,0.5658996105194092,0.05781306326389313,0.4226348256068337,0.049292555166665655,0.38280278628066405,0.16864995385805767,3.1654648010382225,6.508613073338165,0.40864885523823086,0.3955691008892428,0.40990938438130153,0.4072709588245016,0.3889816147120167,0.3869036288744542,0.3869036288744542
impulse_noise/s5,3712.0,0.5219992399215698,0.05749921500682831,0.42748187020755246,0.04969288003691749,0.38126073047762643,0.16964475301493498,3.1273654059658385,6.503869731072919,0.40537174825541294,0.39357412400507924,0.4065122984199641,0.40488719712793986,0.38685144912372244,0.38497124896968754,0.38497124896968754
impulse_noise/s5,3840.0,0.5193378925323486,0.05558869242668152,0.43196265178437177,0.04998048064129622,0.3823007561311539,0.16550694190108037,3.0950020917495884,6.499659561838015,0.40937785788012077,0.3957287285019188,0.410409848838052,0.4081772319045785,0.38812153724995946,0.3856581021314067,0.3856581021314067
impulse_noise/s5,3968.0,0.5251620411872864,0.06194860488176346,0.4365089634625627,0.0505642915798556,0.38175458065168655,0.16542522821626604,3.0651404162480964,6.493285433067318,0.4114782699795739,0.39615386439703654,0.4124120345524551,0.40962972619087673,0.3877835265658467,0.3847923696263353,0.3847923696263353
impulse_noise/s5,4096.0,0.5319374799728394,0.045475251972675323,0.44116401304842984,0.050316045745358993,0.38568484067294184,0.16748915652405752,3.02771247525695,6.497593148977277,0.418342325186753,0.39940141448417166,0.41918721270332193,0.41594471358496343,0.3911399428356055,0.3884334885197239,0.3884334885197239
impulse_noise/s5,4224.0,0.502892255783081,0.056047968566417694,0.444175146840364,0.050595651736630144,0.38539285702768855,0.16482064668238638,3.0053246655529997,6.4950509939825825,0.41722854051698466,0.398603242968724,0.41799301042341025,0.4135719270450502,0.390365914963091,0.3878798846154075,0.3878798846154075
impulse_noise/s5,4352.0,0.5282914638519287,0.08060659468173981,0.4482783818165379,0.05205960017297696,0.38817744529394066,0.17086463629024967,2.9733479375612286,6.4769224697953875,0.42068239745766434,0.4001676279330334,0.4213741040178507,0.4166488108480198,0.3926771604157414,0.3904277540154876,0.3904277540154876
impulse_noise/s5,4480.0,0.523052453994751,0.07528868317604065,0.4519258975325483,0.0531927261731264,0.38913542194651024,0.17687246388903613,2.951294793175377,6.46163861236805,0.4200337159625862,0.40150875198461855,0.42065958489657995,0.41714624705522785,0.39320684770514136,0.39117154304435253,0.39117154304435253
impulse_noise/s5,4608.0,0.5310391187667847,0.062273845076560974,0.45578507905616955,0.05363570758305003,0.385652127769567,0.1818065244349934,2.9328208796502957,6.457804606665925,0.41585888279541555,0.39833495643581485,0.4156629855013076,0.41248405221356427,0.3900982244851398,0.3874944479300774,0.3874944479300774
impulse_noise/s5,4736.0,0.5773398876190186,0.0553327277302742,0.4617145819128939,0.053718489053646325,0.3898620680175558,0.18021057326925935,2.879678324172916,6.4588735775871084,0.4187180908577198,0.402862117036808,0.41926585422218254,0.41715169150317144,0.39464717396900506,0.3915290334929493,0.3915290334929493
impulse_noise/s5,4864.0,0.5611245036125183,0.07246223837137222,0.46656384638604625,0.05463281828865734,0.3967944410795374,0.18410189288670042,2.846925097980826,6.449279710818614,0.4251533112400903,0.4100071564622159,0.4256489376989528,0.42297380890917535,0.40257412350199684,0.3983027423811873,0.3983027423811873
impulse_noise/s5,4992.0,0.5219743251800537,0.06316125392913818,0.4692667965711198,0.0550488395394125,0.38659613020938505,0.18068871450367124,2.8390916778233475,6.444492626836985,0.4181674220084339,0.3992762551927605,0.4178908591553284,0.4132209478589266,0.3910634990163814,0.38796086922176426,0.38796086922176426
impulse_noise/s5,5120.0,0.5690796375274658,0.05331442505121231,0.47413571564216106,0.054964233954622244,0.3921290684404965,0.17839978272461865,2.800604981681926,6.449652085954739,0.42145755435742294,0.40284008575145075,0.42120731515482124,0.4162568778664053,0.3961712266531327,0.3933639096289729,0.3933639096289729
impulse_noise/s5,5248.0,0.5844693183898926,0.0593709833920002,0.47951784260546504,0.05517919734181141,0.4001841541332511,0.17480432452358416,2.7599348604716694,6.44689136860411,0.4267211125387509,0.4091134862748106,0.4257324963417508,0.42125324880119125,0.4038415739080397,0.4013014613597071,0.4013014613597071
impulse_noise/s5,5376.0,0.5458908081054688,0.0717880055308342,0.4827555482396116,0.055989383107129594,0.3918382501110499,0.1736889515766636,2.7459442491901522,6.440156913627048,0.4195116372227484,0.4014048855585882,0.4186171189386097,0.41532640774932295,0.39587256627848205,0.39284921042719484,0.39284921042719484
impulse_noise/s5,5504.0,0.531059980392456,0.07169860601425171,0.485111862003165,0.05675568666357457,0.38878553148061085,0.17721573191439938,2.741397918106634,6.433141786261146,0.41897439037227857,0.3988916305381396,0.41743999875409005,0.4144625021931709,0.3931608704994474,0.3897002671384672,0.3897002671384672
impulse_noise/s5,5632.0,0.5458481311798096,0.06589238345623016,0.4880746068410501,0.05720137919004557,0.38388551063772103,0.1782317836060687,2.7290178762998587,6.4295547362928,0.4171497904558213,0.39676631174807275,0.4157614444407917,0.4130673502890023,0.3886065937118736,0.38471318043879155,0.38471318043879155
impulse_noise/s5,5760.0,0.5618666410446167,0.060608088970184326,0.4916742182656143,0.057367560154930386,0.3844154441879677,0.17831457041334356,2.7031813062763947,6.427153837120502,0.4203880614415849,0.3960702321051866,0.41913186019895554,0.41593199868505204,0.38868716777856027,0.3851643351858429,0.3851643351858429
impulse_noise/s5,5888.0,0.549385666847229,0.07370281219482422,0.49448941087935155,0.05816440171785203,0.38714434301600165,0.1777388230807231,2.6884606535471467,6.418367441104105,0.4227046350105001,0.3976898114408024,0.4215680008105957,0.41867270672216783,0.39100947780558604,0.38782195349058124,0.38782195349058124
impulse_noise/s5,6016.0,0.567083477973938,0.06900399923324585,0.49803058488396545,0.05869316257226149,0.3902641556974054,0.180954491318132,2.6613651434282315,6.412285714601154,0.42766359301069046,0.4006052666278765,0.4266351452902534,0.4225282194672321,0.3945235965153458,0.3908772702315134,0.3908772702315134
impulse_noise/s5,6144.0,0.5229870080947876,0.08180467784404755,0.4992479713820543,0.0598205535611291,0.3866362467672538,0.17780370689760783,2.6759739071906967,6.397861103569234,0.42787482151651407,0.39748028586615114,0.42766927780278136,0.4217038499760024,0.39197747787022064,0.3871910041773539,0.3871910041773539
impulse_noise/s5,6272.0,0.5066115260124207,0.06748384237289429,0.4996071691689014,0.06019437252755667,0.38030486694407667,0.1756406532964078,2.692540315636801,6.393664716042955,0.4190683245250552,0.3901167547902533,0.41888234475790026,0.41203468519541914,0.3851377119813239,0.38080682174524405,0.38080682174524405
impulse_noise/s5,6400.0,0.5484858155250549,0.0661473274230957,0.5019914933813967,0.0604847605712415,0.375301131839346,0.17905602835445347,2.67800534345816,6.390989323316629,0.4156360330771023,0.3857035003188431,0.414705560009974,0.4085096705426725,0.3811983699723936,0.37651750498186565,0.37575530985991445
impulse_noise/s5,6528.0,0.5964834690093994,0.05851248651742935,0.5066008580461773,0.06038855208081163,0.38053347503131785,0.1829456984694371,2.63969465597519,6.39714049525008,0.4206914969127142,0.39067074597558615,0.41984958761164215,0.41279340207936044,0.3858694055490843,0.3816340720270182,0.38094442373404513
impulse_noise/s5,6656.0,0.5955194234848022,0.07386637479066849,0.5109383490431834,0.06104600684714612,0.38439406039419055,0.18475485269007366,2.6085108990819714,6.387894728438712,0.4222169939347045,0.39505366129022396,0.42145521877293735,0.41579566600993884,0.3899471242356675,0.38538990098339954,0.38476589440778264
impulse_noise/s5,6784.0,0.5549429655075073,0.06699303537607193,0.5130849156999796,0.06133610579977664,0.3878128291847494,0.18429112489089947,2.58871275619181,6.3853245611543334,0.42432230682610683,0.39745783392173145,0.42363303852090284,0.41778715526538784,0.3935995395374481,0.3887138842330462,0.38814927150162837
impulse_noise/s5,6912.0,0.5535345673561096,0.07393936067819595,0.515058069439303,0.06195089872067514,0.3865561054074978,0.18467091074304468,2.580117670976367,6.379010331770113,0.4210777684012543,0.39528308470847917,0.4204541056456236,0.41443962710211474,0.39179202833816684,0.38737139673912147,0.38686052466030735
impulse_noise/s5,7040.0,0.5353422164916992,0.08027652651071548,0.5160475400272247,0.06284483178360394,0.3899549888904248,0.18871398289123795,2.5820427986208383,6.370090064435023,0.42344023541838655,0.3978513217380112,0.42287593378167365,0.41670890709239533,0.39396753426671727,0.39069267961939547,0.39023043308050415
impulse_noise/s5,7168.0,0.5663882493972778,0.07074908912181854,0.5185031843867395,0.06323040531229733,0.39005594176224634,0.1862374883864205,2.563418879507103,6.363608340351888,0.4233284343077727,0.3986879002757376,0.4228178437132217,0.41720062325254803,0.39444876241503685,0.39072341802563976,0.39030516877777915
impulse_noise/s5,7296.0,0.5653766989707947,0.08270567655563354,0.5207896972932787,0.06418041854367958,0.390258826543948,0.18338323607123475,2.540300621899599,6.350792280171148,0.42478884508157183,0.3995563928134425,0.4243268532348662,0.4192442879042983,0.3957207421970679,0.39086277145567994,0.3904843317733504
impulse_noise/s5,7424.0,0.5411571264266968,0.07718448340892792,0.5217832304217381,0.06481476317125266,0.38960584483839666,0.18156285072239622,2.551346419143552,6.345055926006108,0.42088642675138055,0.39801845536540514,0.42046840795373674,0.4151074133863401,0.3938228726244737,0.3894272905318793,0.38980988615542295
impulse_noise/s5,7552.0,0.559619665145874,0.08702565729618073,0.5236289101643788,0.06589822142124915,0.38882911362236844,0.18277861151027047,2.545937586527705,6.331749889195464,0.41782019933899456,0.3956788046465088,0.4174419681722984,0.4133162556577176,0.39188256351090095,0.3886675543717956,0.3890137339930983
impulse_noise/s5,7680.0,0.5801830291748047,0.09540465474128723,0.5263876476770825,0.06733755963198272,0.3867878238070329,0.18776399054558085,2.530956874305991,6.315462682094045,0.4159939162371271,0.39592279111679946,0.41637670052948594,0.411156469277447,0.3910378519334207,0.38736665687061345,0.3869548717450937
impulse_noise/s5,7808.0,0.5545414686203003,0.0625336617231369,0.5277610047962638,0.0671032231486244,0.39081530637150325,0.18483880405700684,2.5336090016365027,6.320621221880085,0.4179665357505475,0.4005680043359024,0.418312886082896,0.41511391420047405,0.3954230058243503,0.3921012403927442,0.390966454446334
impulse_noise/s5,7936.0,0.5431955456733704,0.09120659530162811,0.5285139092292933,0.06827899739999042,0.3894587037424488,0.1845158066452751,2.52744296230637,6.304511905704565,0.4162750451377648,0.39977033586847555,0.4158634144747679,0.41369394021351635,0.39290282085594097,0.3906222407122926,0.3895954653259215
impulse_noise/s5,8064.0,0.6159263253211975,0.09942592680454254,0.5327779295264594,0.06979835980996857,0.39548137322561844,0.18792298745238753,2.491068643238376,6.28822562976843,0.4190574620193577,0.40408651448896565,0.41868501095545624,0.41519764013370514,0.39859767431403104,0.3965341630716223,0.3956051176446916
impulse_noise/s5,8192.0,0.5562396049499512,0.09147852659225464,0.5339224014983371,0.0708559289212996,0.39364346738617817,0.1842576525372287,2.4849934348998697,6.278733491742846,0.4194743603399423,0.402916768910004,0.41913735970449073,0.414494711863989,0.39718816932280854,0.3945960511790229,0.3937554336332991
impulse_noise/s5,8320.0,0.5542554259300232,0.0941905528306961,0.5349142563486632,0.07199420325834333,0.3985428101691713,0.18307905384243003,2.485582247572503,6.267297937076174,0.42496386203274966,0.4092200508697894,0.424658937602933,0.4211831985396355,0.4025123173944032,0.3994047256652551,0.3986441193077025
impulse_noise/s5,8448.0,0.5547448992729187,0.07426288723945618,0.5358816047839927,0.07210487076961712,0.39637633210428885,0.17911257637973593,2.4805489459842356,6.270138452188603,0.41948321484343376,0.4060372976638606,0.41920731355982216,0.41606240034431025,0.40073021103919526,0.39715620924262524,0.39646799849316805
impulse_noise/s5,8576.0,0.6151353120803833,0.10007322579622269,0.5397476392862556,0.07346918077091495,0.396553926906974,0.18310840492181935,2.4464801991998937,6.253960726369589,0.4205102437696982,0.40460751323422484,0.42026060316745356,0.41516562220326936,0.4012555924988792,0.3972595742165574,0.39663686835699496
impulse_noise/s5,8704.0,0.539853036403656,0.08472807705402374,0.5397527806090556,0.07401839522374952,0.3929036423709146,0.17899041278172945,2.4576056097932817,6.24892910061272,0.41755418249477155,0.40244008187344193,0.416603288172336,0.4112310597092044,0.39715779666317386,0.39354212515370834,0.39297868933431845
impulse_noise/s5,8832.0,0.5875402092933655,0.09020988643169403,0.542083874691217,0.07480822406316145,0.39703684714227305,0.1804510219161276,2.4468608426166596,6.242236487202421,0.42155333823589974,0.4056655946041077,0.42069295140399937,0.4158320593799523,0.40016107003253265,0.3976145582146284,0.3971047510276611
impulse_noise/s5,8960.0,0.5782351493835449,0.10833892226219177,0.5438473515054769,0.07644386787774829,0.39849006216739874,0.18405919353624633,2.431028061443234,6.2266333509725715,0.42227178908792595,0.4048474832795049,0.4214932951133153,0.41477130417424596,0.40131691702527195,0.39901278586820327,0.3985515028632198
impulse_noise/s5,9088.0,0.5708866119384766,0.10215698927640915,0.5451663398192818,0.07769816648256102,0.3993402049712156,0.18591108469282014,2.4318339560163937,6.213702791912559,0.42455778774701686,0.40730474245575665,0.42385339194964455,0.4177712097852636,0.4026230105862217,0.4005381899497544,0.3993957976531572
impulse_noise/s5,9216.0,0.638833224773407,0.11032633483409882,0.5497354561585073,0.07928978445092871,0.4029723091976317,0.18675015456143926,2.398503209671364,6.1943968881770095,0.4243024361470628,0.4101787705384925,0.4236650857557462,0.4189240095677489,0.40594265264821133,0.40405626824127094,0.4030226104880738
impulse_noise/s5,9344.0,0.5812236070632935,0.11617007851600647,0.5512714635197163,0.08108882318581055,0.4018342547826281,0.18743500005231953,2.3887756446993893,6.175700832882871,0.4256701400236065,0.41064138012435875,0.4258556486820285,0.42156583495094946,0.40528407178936904,0.40281504104400545,0.4018797683238312
impulse_noise/s5,9472.0,0.5870553255081177,0.09806542843580246,0.553017017763053,0.08191695027117601,0.4022917320192607,0.17924294174870792,2.3733746834659075,6.16673541594876,0.42458389826050297,0.410260582492058,0.4247517499377545,0.42159526172539796,0.40541319047687696,0.40317916563232137,0.4023329135160899
impulse_noise/s5,9600.0,0.5853632688522339,0.12727874517440796,0.5545948836698423,0.08412972075426049,0.4026684856640663,0.1770544404519838,2.363170640804063,6.142644400052906,0.4265754665402885,0.41212825459275443,0.4267273418532567,0.42310909761114235,0.40549283921197493,0.4034714520682694,0.40270574744674165
impulse_noise/s5,9728.0,0.5830071568489075,0.08886978775262833,0.5559808482151626,0.08436094353466868,0.3970233591285216,0.17656145385334165,2.3539538415552124,6.144991552469683,0.4231536493799992,0.40706994362616267,0.4232910689820365,0.42150442442983194,0.40106609663379766,0.39851209315635794,0.3970570742810791
impulse_noise/s5,9856.0,0.6160242557525635,0.11217391490936279,0.5589097949243041,0.08571767384562937,0.4075870191757771,0.18522455164243468,2.332435050010404,6.130716430559815,0.42894360541759596,0.4151529650537736,0.42906794522407943,0.4282135511943928,0.41048276798334693,0.40893405335563376,0.40761752527157724
impulse_noise/s5,9984.0,0.643628716468811,0.10455118864774704,0.5630424252435484,0.08663638188475706,0.4135201404915865,0.187764897708592,2.295612471343112,6.127773170417713,0.43509338122555824,0.42109096362093373,0.43520588619025863,0.4344328146143197,0.416140267758876,0.414738962018988,0.4135477429732712
impulse_noise/s5,10112.0,0.5880858302116394,0.11415499448776245,0.564264054754187,0.08797875323124513,0.41427818779756276,0.1923128550950437,2.2929073121131474,6.1128841132338785,0.4360474615372243,0.42414000932030943,0.43763646811147133,0.43689979835120774,0.416648927579566,0.4153810001373473,0.4143031630353037
impulse_noise/s5,10240.0,0.6262698769569397,0.1261683851480484,0.5672887290079798,0.08984166210523553,0.42026226867346395,0.19475482010681824,2.2642780246322554,6.089447217148035,0.4421345562154183,0.43067263782045845,0.4442973337284639,0.4443929763784574,0.42316955315200466,0.4220223088690691,0.42028486673212184
impulse_noise/s5,10368.0,0.607961893081665,0.10522359609603882,0.569272785792062,0.09059200034868935,0.4233158302512425,0.19322774026321865,2.2493731227583607,6.0833756063104225,0.44310628197718693,0.43422253546990913,0.4457882180850646,0.4481241624459451,0.4266714100798329,0.42490834728724214,0.4233362773941447
impulse_noise/s5,10496.0,0.6636953949928284,0.12428586184978485,0.5738787667286848,0.09223560334874277,0.4298153645521355,0.1963448203095512,2.2099006608337617,6.068119684759936,0.4498971772083886,0.43964677361673515,0.45232384277655163,0.45371243371819303,0.43285155546188325,0.4312563035240305,0.4298338655065402
impulse_noise/s5,10624.0,0.6301784515380859,0.14193928241729736,0.5766250928169483,0.09466017305940397,0.43272184383331236,0.19477794270721438,2.1881234395957327,6.03617962188094,0.4501672257786788,0.44234250010175735,0.45236291782458954,0.4550693704255631,0.4369562557153625,0.43402563215945883,0.4327385838402425
impulse_noise/s5,10752.0,0.5486503839492798,0.13791769742965698,0.575260472872184,0.09677029619941631,0.42574058564572753,0.19423393864228022,2.207756265380452,6.012076095077953,0.4431242417664309,0.4367321193663134,0.44511094468245127,0.44755979322860284,0.43109635035280564,0.42692027752203254,0.4257557323146988
impulse_noise/s5,10880.0,0.6043643951416016,0.10084301233291626,0.5766801763975214,0.09696896527909923,0.4246848190167469,0.18833198731404416,2.2077583920591937,6.020263374018632,0.4448383234543375,0.43531799735643223,0.44663592912671524,0.4480894976208833,0.43098084407294307,0.425752226121958,0.4246985240039601
impulse_noise/s5,11008.0,0.6123970746994019,0.12084874510765076,0.5784224641195644,0.09813383258780906,0.42891618662966796,0.18836433831330232,2.1961036179794666,6.012624130699262,0.44776492562406145,0.4407495086134048,0.4493914326006745,0.4522310385968849,0.4361001569511876,0.43060701126204526,0.4289285871564683
impulse_noise/s5,11136.0,0.6247044801712036,0.13049590587615967,0.5806801234391566,0.099712470309192,0.42900819147157937,0.19568093906872863,2.1731945381831217,5.997101478121708,0.45349893032373434,0.44421401106543046,0.4542456091526626,0.4560899224901022,0.4369955911497658,0.4305380809813033,0.4290194116983868
impulse_noise/s5,11264.0,0.578345537185669,0.13115915656089783,0.5805662411828889,0.10124645500439716,0.4215066681905248,0.1926528603947271,2.1834839026959574,5.981595537794071,0.44809079299369414,0.43671520572904204,0.44876640185675176,0.448985141051425,0.4287338156685269,0.42289094061425475,0.42151682045999184
impulse_noise/s5,11392.0,0.5942173004150391,0.12135031819343567,0.5812321465112864,0.10222713125752099,0.4260777170242642,0.19303613959570487,2.1903668940779535,5.974837050096018,0.4515815563018494,0.4413258940594128,0.45295505486265286,0.4531529741458759,0.43261697420096934,0.4273302324058783,0.426086902986108
impulse_noise/s5,11520.0,0.6336398124694824,0.13332268595695496,0.5837886180214422,0.10374398758432264,0.42643989148953354,0.19330857723085493,2.1680983185242466,5.95938341899244,0.4479918483849571,0.43722512484495346,0.4492346153754283,0.4479264864222946,0.43014450788796804,0.4268481757818804,0.4264482031183047
impulse_noise/s5,11648.0,0.622353196144104,0.15530803799629211,0.585669816954255,0.10625930711661383,0.4266932331681026,0.19428009873178484,2.1576895452998994,5.929299531511802,0.4484432488956096,0.4371769273582238,0.4495677275348165,0.4476590933065497,0.43004523884449697,0.4270626563737299,0.4267007536840818
impulse_noise/s5,11776.0,0.6182886362075806,0.13300637900829315,0.5872609788690514,0.10756404233084209,0.43145845190284593,0.1944713147953865,2.154732343856544,5.919061782871194,0.4526254798157181,0.4431936981034255,0.4536429289592242,0.45191596128451045,0.43674081396935144,0.43251772774803277,0.43146525660528756
impulse_noise/s5,11904.0,0.6112947463989258,0.14212121069431305,0.5884333577729477,0.1092497578607675,0.4288731739109034,0.19605718013312487,2.15150496314558,5.903728691467947,0.4525614841164231,0.4402536376057764,0.4534820909857109,0.4496700934644499,0.43441494827327987,0.4298316263561914,0.4288793309319704
impulse_noise/s5,12032.0,0.5775623321533203,0.15594281256198883,0.5879030638402829,0.11152746784619293,0.42157040304490423,0.19230545567072155,2.166827862315743,5.877119122834303,0.4437290406550146,0.43262985294371553,0.44456202283716023,0.44111285672779793,0.4258225082234733,0.4224376286066431,0.4215759740318423
impulse_noise/s5,12160.0,0.6477295160293579,0.1493850201368332,0.5908214273617012,0.11337417771402904,0.4215993950215938,0.19413465084780931,2.1458615759606485,5.862256029859687,0.4453483764641744,0.4323683856795903,0.4461020742030462,0.44374339981141026,0.42548395895770547,0.4216590619337918,0.42160443575397505
impulse_noise/s5,12288.0,0.6340256929397583,0.16368362307548523,0.5929289525118502,0.11582829699995373,0.4200268767565997,0.1920531254845437,2.1261805490775925,5.833609107108468,0.442240410828084,0.43049587425262154,0.4429223705311322,0.4400631832915853,0.42502891229903034,0.4200808644861971,0.42003143770481616
impulse_noise/s5,12416.0,0.6160326600074768,0.13377432525157928,0.5940559626335881,0.11670371301222814,0.4158155143050495,0.19161975244615762,2.113614146840437,5.824967025339316,0.43816413734058046,0.42605025266998053,0.43805617226523025,0.4354691265832845,0.4210664637756247,0.41658937827692194,0.4158196411356486
impulse_noise/s5,12544.0,0.5950206518173218,0.13258641958236694,0.5941030206425506,0.11747847918638125,0.4142544005103987,0.19133916922701114,2.1202237751433826,5.820433223162771,0.43596305942595054,0.4242771768655802,0.4358653706219007,0.4342495785444233,0.4197677521729477,0.4149546069953588,0.41425813454332033
impulse_noise/s5,12672.0,0.5954040288925171,0.14179059863090515,0.5941664844596221,0.1186644362324556,0.4096815545367736,0.19394817156114452,2.118757111163744,5.812092170313849,0.43683436251449775,0.4225241439693917,0.4367459718714521,0.4337967632159832,0.41768173768890743,0.4103151143604644,0.4096849331590662
impulse_noise/s5,12800.0,0.5977272987365723,0.1397615373134613,0.5943401827170343,0.11969356311445586,0.40199324476527815,0.1910106596933378,2.124135407506226,5.803748539227197,0.4302610442501791,0.4136134580472604,0.4301810667557874,0.4267503729039325,0.40919477871792276,0.4018043063309139,0.401996301805437
impulse_noise/s5,12928.0,0.6179094910621643,0.17523565888404846,0.5954899050753333,0.12240293363980184,0.4032721447281309,0.19445030540961739,2.1133760303529985,5.771926113650992,0.4318237943512923,0.41451134425335107,0.43175142922995396,0.42792225888571167,0.4097882263116957,0.4031011897259489,0.40327491079480643
impulse_noise/s5,13056.0,0.6048605442047119,0.10954803973436356,0.5959470094231079,0.1217758656444146,0.4073665568896413,0.1945137802070363,2.1156961384180457,5.790516583823962,0.4338512737705625,0.41826100809598266,0.43378579646565135,0.4295960771952216,0.41398744331950565,0.4072118736306771,0.4073690596781086
impulse_noise/s5,13184.0,0.6078376770019531,0.16450294852256775,0.5965270419879296,0.12386011358969036,0.4085615901422632,0.19812192724265446,2.1160154473882598,5.762309882934479,0.4354626932808004,0.42139351178702533,0.43540344820003307,0.4330997224354146,0.41603950106422843,0.4084216298585722,0.40856385471172113
impulse_noise/s5,13312.0,0.6133356094360352,0.18202710151672363,0.5973469721073493,0.1266975276349115,0.408378749914564,0.19718527741586997,2.092443011009777,5.722479640134567,0.4350059526948824,0.4222387159000985,0.4349523466461929,0.43210569769438756,0.4166692927535344,0.4090143063741156,0.4083807989390409
impulse_noise/s5,13440.0,0.6480813026428223,0.14084851741790771,0.5998218174993236,0.12738781981944788,0.41328841678765726,0.1997769523792613,2.0729050152906536,5.721238294992,0.4387940535686592,0.42727920100181427,0.4387455498208563,0.4354076538924232,0.4207898538239892,0.4138634800684294,0.4132902707830346
impulse_noise/s5,13568.0,0.6514712572097778,0.1912027895450592,0.6023413023632482,0.13050074517191673,0.4112800011505215,0.1986827748773685,2.0565791330931513,5.6843263177394565,0.4388567849363061,0.42466413725387236,0.438812897845046,0.4350305125344293,0.418067440610522,0.4118003290803575,0.41128167867994975
impulse_noise/s5,13696.0,0.6586496829986572,0.15932303667068481,0.6050880526381461,0.13190671061088102,0.4160622437536842,0.20139217762550712,2.0347977342870727,5.674968292647582,0.4417392444307683,0.4288974733867577,0.441699534576035,0.4382771621444776,0.4229286598266531,0.4165330461220843,0.4160637616134465
impulse_noise/s5,13824.0,0.6369459629058838,0.20739486813545227,0.6066420970414503,0.1355890597584211,0.4179911795058618,0.2028955991483619,2.0298300732558068,5.633861494233338,0.44209794216490095,0.43189131887046905,0.44206201195130823,0.4396532204769485,0.4249662353339318,0.4184171702270614,0.4179925528935467
impulse_noise/s5,13952.0,0.6069322228431702,0.1633593738079071,0.606656249519583,0.13694370922424967,0.41824930638216284,0.2015045843573221,2.0344067944114235,5.620059386224165,0.440860928038557,0.43086359072098945,0.4400662225924686,0.4371616884862812,0.4231104366108925,0.41790973582115426,0.41825054904883074
impulse_noise/s5,14080.0,0.6395542621612549,0.17374639213085175,0.6082610306240547,0.13873896204896197,0.4126083848942711,0.20009724735722006,2.0198019330668187,5.599317401262178,0.4359306790878317,0.4255092334840124,0.4352116148501753,0.4326578989813406,0.4170068257496535,0.4123011351481116,0.4126095092821365
impulse_noise/s5,14208.0,0.6098902225494385,0.18268027901649475,0.6083405034009026,0.14088244092542698,0.40910312517798114,0.2032483124511194,2.0177311063980503,5.579937922807961,0.4361172295613277,0.4244754872868428,0.4354666068929902,0.4331559573769298,0.4138451112226192,0.4088251199049838,0.4091041425449909
impulse_noise/s5,14336.0,0.642436146736145,0.1859310120344162,0.6100037055148169,0.14307993219903622,0.4140182054703803,0.20266028152180404,2.0097217066801334,5.557497709158382,0.4377360536363946,0.42644019402932054,0.4371473581702784,0.43353224935770973,0.4183088424566352,0.4137666611394886,0.41401912600293345
impulse_noise/s5,14464.0,0.6246781945228577,0.18211133778095245,0.6107195342469164,0.14498390320303214,0.4116057052471436,0.2018679584739226,1.995048538193326,5.541983721806924,0.4338282496019965,0.42360754617406093,0.4332955870178426,0.4300245694664345,0.41548795322816306,0.4113781032677943,0.41160653816208315
impulse_noise/s5,14592.0,0.5978471040725708,0.17345473170280457,0.6100916108237776,0.14637272410546007,0.4133081663776951,0.19683814089163373,2.0052515765799908,5.526532970363083,0.43787716695100337,0.4255805043014555,0.4381202188305405,0.43516054143869537,0.41827092615112194,0.41310222788240036,0.4133089200145916
impulse_noise/s5,14720.0,0.6368018388748169,0.21325385570526123,0.6113945487774868,0.1496352183298406,0.4215968001549519,0.19736217269254902,1.9971330385510813,5.484640728187288,0.44607669299968833,0.4335004146594371,0.4462966108514289,0.44289362494244827,0.4268493924306106,0.42141046318211234,0.4215974820596036
impulse_noise/s5,14848.0,0.6520518064498901,0.1807509958744049,0.6133778296395552,0.15115306113689253,0.4217720006161105,0.20172166250170556,1.9773731519784616,5.474152774152559,0.4468591017564104,0.4332676268274859,0.44705808751042436,0.4447411978212158,0.425799628725139,0.4216033994646001,0.4217726176160958
impulse_noise/s5,14976.0,0.661300778388977,0.22279128432273865,0.6157155344566001,0.15464760860937282,0.4300544098376586,0.20178087368536238,1.9532474652833496,5.435816230166997,0.45424089456960154,0.4419430757909613,0.45442094057308474,0.45304959065203404,0.4336986825050187,0.42990185638647044,0.43005496811069704
impulse_noise/s5,15104.0,0.6419208645820618,0.21844956278800964,0.6169938432432079,0.15775989905711119,0.4315996474497791,0.19599714983666636,1.9449066377878763,5.397854269591642,0.45272183262365495,0.443843943056545,0.4521597267172289,0.4531311287220367,0.43489705299829473,0.43146161425569396,0.43160015258558604
impulse_noise/s5,15232.0,0.6064555048942566,0.18115979433059692,0.6164797779578932,0.15890135736313488,0.43361128124397025,0.20037502373680519,1.9547343162254753,5.395257657711683,0.45580898716274787,0.445526702789414,0.45530038330571393,0.4546921158752039,0.4366320152352208,0.4334863862480134,0.4336117383002239
impulse_noise/s5,15360.0,0.6392788887023926,0.20470519363880157,0.6175919297015273,0.16113569083999665,0.43413013609284873,0.20532148191771604,1.9484221473488732,5.3776531656927755,0.4572266326439854,0.44643582090582906,0.45676643843425985,0.45549105190135936,0.43838774251800766,0.43401712878240833,0.4341305496458302
impulse_noise/s5,15488.0,0.6694145202636719,0.21374480426311493,0.6201198609484612,0.1637019890557585,0.44428506067651574,0.20877467221704113,1.9205424140853509,5.346906690788983,0.4673210638022022,0.45683232218784414,0.4669046715398627,0.4635384532670836,0.4481374219927957,0.44345779469247054,0.44428543486692906
impulse_noise/s5,15616.0,0.6368627548217773,0.20975884795188904,0.6209365874788668,0.16594866509947218,0.44142702396726974,0.2059503429161925,1.9208115213294157,5.3278898809498445,0.4636832766467278,0.45423004880887025,0.46330651719936417,0.4610228955498121,0.4456377268596325,0.440678498350534,0.4414273625417008
impulse_noise/s5,15744.0,0.658829927444458,0.26380741596221924,0.6227850430869445,0.17072226270253302,0.43876665880679194,0.20884174394736987,1.9034811297500367,5.271903188006635,0.46130265543109633,0.4541992291720949,0.46096175649032295,0.45893267348677225,0.4448631663019042,0.4388515740578003,0.4387669651552212
impulse_noise/s5,15872.0,0.6417700052261353,0.1903650015592575,0.6237111388010512,0.17168044508578786,0.43639669128205266,0.20840915677807828,1.906967085858427,5.270081053287045,0.45537482981005206,0.4496725327607116,0.4550663781212262,0.4532304261590604,0.44271229978893295,0.43647352417722435,0.4363969684717974
impulse_noise/s5,16000.0,0.6055845022201538,0.2555033564567566,0.6228269126263734,0.1757693675916888,0.4364273452944688,0.209393413122818,1.9234806544328695,5.214068803962216,0.4535991172760792,0.4484395730690317,0.4533200244630488,0.45089662592976254,0.4421418250915925,0.436496865124068,0.4364275961008946
impulse_noise/s5,16128.0,0.6149304509162903,0.23618361353874207,0.6224417193722229,0.1787164039793499,0.43054342188749967,0.20898267778691623,1.927594084015582,5.174264916851196,0.44985455525099133,0.44366171364544743,0.4496020268936926,0.4466470957996245,0.4357139892708579,0.4313313395917355,0.4305436488218088
impulse_noise/s5,16256.0,0.652087926864624,0.22076711058616638,0.6238878758352668,0.18076765796017022,0.4283054995186716,0.20991234557638286,1.9073409688906124,5.161530351370298,0.45016584089039724,0.44314959336985454,0.45069954366764214,0.4480630474189345,0.4344711348488845,0.42901842208151675,0.42830570485304653
impulse_noise/s5,16384.0,0.634056806564331,0.24427393078804016,0.6243839212366846,0.18386552492738337,0.42010866434735245,0.20465596527167063,1.9064901539899952,5.127955961722,0.4406133218288484,0.4335398759759362,0.4410962260074263,0.43798566039512155,0.42568744563066824,0.42075372991432897,0.420108850137706
impulse_noise/s5,16512.0,0.6360633373260498,0.24518665671348572,0.6249536488508,0.18685679964865665,0.41733954697937126,0.20748466578120822,1.9026332435002198,5.0968553560898044,0.4388669616309806,0.4338796260317661,0.43930390229464333,0.438701629661499,0.4245623764451198,0.4179232142770341,0.4173397150859315
impulse_noise/s5,16640.0,0.657926082611084,0.2118462175130844,0.6265620602537406,0.18807579564204335,0.42074565791530255,0.20718124726544776,1.8886452334353476,5.091913987476889,0.4417112722431419,0.4386858484201762,0.442106624265409,0.44228669168063056,0.42808038344617916,0.4212737709193151,0.42074581002123834
impulse_noise/s5,16768.0,0.6440021991729736,0.19613780081272125,0.6274127987376056,0.18846906418695444,0.4171165352106931,0.2045457626952683,1.8823116869771819,5.099636577596462,0.44123607678870835,0.43411134767822,0.44159379863633974,0.43958168235945216,0.4260025361223311,0.4183565767806533,0.417116672838967
impulse_noise/s5,16896.0,0.623857855796814,0.2102530598640442,0.6272393868868352,0.1895316981224222,0.42195672222216785,0.2006367370966705,1.8879909196401123,5.100172943753173,0.44526774110388184,0.4388211539670271,0.44559141447107237,0.4430457994460004,0.43072195564667787,0.4230787348503115,0.42195684675078454
impulse_noise/s5,17024.0,0.6399459838867188,0.24694156646728516,0.6278592208868295,0.19233217950509846,0.4264105737655665,0.20449864790246033,1.8860748905579177,5.0638266516562584,0.4526894611653803,0.44388204948474014,0.4529823268355152,0.4491546168693436,0.4335793245321814,0.4274257916164924,0.42641068644137015
impulse_noise/s5,17152.0,0.6281626224517822,0.2369837760925293,0.6278740209631687,0.19451030616789997,0.4237666464589094,0.21245460646022732,1.8875988195316984,5.043200031979178,0.4497936766404184,0.44327459682706116,0.4500586669344549,0.4465952839133085,0.43246529007343715,0.4261724444073081,0.4237667484100678
impulse_noise/s5,17280.0,0.6409235000610352,0.24499888718128204,0.6285105809191621,0.19697316377830884,0.41996152246519997,0.2109159467138642,1.8800670632002565,5.022229747188031,0.44862354679956956,0.4412749326436407,0.4488633149359345,0.44649177681864494,0.42859441177971325,0.422138333101437,0.4199616147125003
impulse_noise/s5,17408.0,0.6227670907974243,0.27050888538360596,0.6282304106693212,0.20056027214929895,0.4165557559009929,0.21467320342164634,1.8834928978412884,4.981515442593642,0.4447762728626682,0.438089930131456,0.4442310244006879,0.44208521269551393,0.4258541643765281,0.4185253745670944,0.41655583936806245
impulse_noise/s5,17536.0,0.6825839281082153,0.23401296138763428,0.6308818017639013,0.2021921106487299,0.4235871830609222,0.21506123878900898,1.854778590446862,4.97612860449349,0.4454221957311828,0.4408222984711151,0.44492884480276396,0.4437122894169403,0.4312383605096367,0.4246071354649319,0.42358725858347585
impulse_noise/s5,17664.0,0.6147403717041016,0.2380800098180771,0.6300944149317159,0.20394273987650294,0.4279602054941479,0.2154867008911854,1.8707821546488743,4.965289270194121,0.4454303448584943,0.4442798726796942,0.4465083420255823,0.4461697752547092,0.43488313285851127,0.42888307736000086,0.42796027382835616
impulse_noise/s5,17792.0,0.6625468730926514,0.27316322922706604,0.6316774616712738,0.20731934911311575,0.4311548022347406,0.21732169664217313,1.8574307701149997,4.928823968654753,0.4498621680724389,0.44737116974765906,0.450837559917258,0.4505312184190438,0.4396682005221865,0.4334770438218687,0.4311548640648005
impulse_noise/s5,17920.0,0.6382541060447693,0.27652204036712646,0.6319982735919321,0.21069509014989674,0.4323722214152531,0.21585889386837914,1.8506621026212415,4.893073707498343,0.4486111586187862,0.4463200768507968,0.4494937112636225,0.4499415426623234,0.44083749731959887,0.4344734287049746,0.43237227736023887
impulse_noise/s5,18048.0,0.6466666460037231,0.2697283923625946,0.6327138039534829,0.2135747634285649,0.4328602907629982,0.21308529302427406,1.8484878429640554,4.868501511530596,0.4446163428073609,0.44471837411663406,0.4454148928209219,0.4472701287265876,0.4397576343980427,0.43399930699599426,0.4328603413830597
impulse_noise/s5,18176.0,0.5963822603225708,0.2361592948436737,0.6309415335324627,0.2146764478878385,0.41911763964932786,0.21141224312309392,1.8716655348498743,4.863385856948451,0.43577793421177624,0.43434586379024415,0.4365004770854385,0.4381791289667696,0.4261206793095913,0.42014824267751766,0.419117685451299
impulse_noise/s5,18304.0,0.6936299800872803,0.2681880295276642,0.6339995065351367,0.21728676894343973,0.41850635330554886,0.21199912063666024,1.8424689085058896,4.837455542981612,0.4388419024010183,0.4345345382658901,0.4394956726037787,0.44021517261062254,0.42781725355733985,0.41943886205383957,0.4185063947480225
impulse_noise/s5,18432.0,0.625765860080719,0.2864232063293457,0.6335978652446772,0.22065927808421562,0.4204629169409517,0.21184230368135648,1.8370154786439101,4.797914773695057,0.4410007635645144,0.43569053105438355,0.4415923069781959,0.4415183090664824,0.42964978742457693,0.42130666816412254,0.42046295443887105
impulse_noise/s5,18560.0,0.6395634412765503,0.27442964911460876,0.633888868953549,0.22328222301252748,0.4161728713070717,0.21856016888717622,1.834315141559285,4.776365176631288,0.44444135120858197,0.4366621342853762,0.444976590668552,0.4449468162344555,0.426734727348472,0.41769850819609183,0.4169351003578363
impulse_noise/s5,18688.0,0.6518474817276001,0.2752532362937927,0.6347648988449661,0.22581739439210138,0.4225529073516098,0.21930325215787927,1.8280420998743458,4.74687965870611,0.44893012801204824,0.44402921252115235,0.4494144226096773,0.449387482149082,0.4328716658518893,0.42320831705309675,0.423242586344003
impulse_noise/s5,18816.0,0.6712374687194824,0.30326056480407715,0.6365440485949424,0.22959511002195387,0.42455188702070107,0.22058908181566592,1.8113541260752983,4.7027890793111515,0.4483813055956724,0.4446718811687523,0.4488195043362993,0.44952014297962734,0.4353385209760402,0.42510773363340876,0.4251759213737231
impulse_noise/s5,18944.0,0.6395554542541504,0.29297003149986267,0.636690946431977,0.2326865696062421,0.41667514584086035,0.21522739050661976,1.8181742730566022,4.670877853472889,0.4397980165443294,0.4364044802246711,0.44019450689798406,0.44082845774658724,0.4279966629414379,0.41717808617276303,0.41723978370578985
impulse_noise/s5,19072.0,0.6385639905929565,0.3262535333633423,0.6367823144398296,0.23725081174073478,0.41564568520163503,0.21708706779331866,1.8233006179818283,4.6148319981128125,0.4410293177655711,0.43570937800221576,0.44138806959656973,0.4404744700967038,0.42512740888395417,0.4168257698208046,0.41615658002171696
impulse_noise/s5,19200.0,0.6339817047119141,0.3149551749229431,0.6366456993311507,0.2410412684813303,0.4116654296202777,0.22083324218538825,1.8286174023576547,4.579190196629027,0.4390202809764626,0.43275667099427134,0.43934488629172075,0.4377932296353875,0.42321908918054385,0.4134582069586221,0.4121276967358902
impulse_noise/s5,19328.0,0.6340441703796387,0.31691837310791016,0.6365187954798573,0.24474259065823664,0.41343656659871647,0.2295582161594143,1.8298956167486897,4.553781688766631,0.4404743291881021,0.433282508377327,0.4407680381021459,0.4386390554880573,0.4239277124590168,0.4150587048090804,0.4138548344647763
impulse_noise/s5,19456.0,0.6682146787643433,0.2732670307159424,0.638064936127881,0.2461340267586125,0.41137686959943354,0.2316154353233011,1.8102727018560538,4.54807513874669,0.4351161241493773,0.4293710263188068,0.43538187742615336,0.43345553444219814,0.4209066333433459,0.4128446103596736,0.41175532612785526
impulse_noise/s5,19584.0,0.6834278702735901,0.3484508991241455,0.6402777621837692,0.25112509370327263,0.4167261859968699,0.23844040876070255,1.784255847195183,4.491883588333679,0.4419053389834639,0.43674424808501194,0.4421457974807729,0.4411278214673309,0.427523937724705,0.4187792399506624,0.41706862048808313
impulse_noise/s5,19712.0,0.64171302318573,0.29700005054473877,0.6403477749155722,0.25336289647602706,0.41870346752007087,0.23442838294171836,1.7756115705957607,4.47647308728401,0.4458733019594578,0.44124063137257774,0.4460908732708242,0.44516978967983956,0.43289792342610134,0.4220854990868278,0.41901330860343516
impulse_noise/s5,19840.0,0.66017085313797,0.3217233419418335,0.641314754341055,0.2566975523524078,0.42186821778585826,0.23747208236427936,1.771540180047879,4.46062659427641,0.4495007687568919,0.4422602619379481,0.4496976313176226,0.4473770077947864,0.43471162494414045,0.42492834271925345,0.4221485677488548
impulse_noise/s5,19968.0,0.6657536625862122,0.29026398062705994,0.6425068962066723,0.2583349390975128,0.4212182089543666,0.23721447785607905,1.7658853213654258,4.4535935402518385,0.451444479047729,0.44115651898133196,0.45162260394652226,0.45028505583335515,0.433564177001807,0.4239870667911865,0.421471874804288
impulse_noise/s5,20096.0,0.6542842388153076,0.2747401297092438,0.6430814007241668,0.259135192298085,0.4198678737772704,0.2302703574176658,1.7554885790253403,4.44873059208431,0.4493922085851254,0.4401206516184449,0.44955337929961947,0.4476181260693237,0.433250959678613,0.42237318773908067,0.42009739534641405
impulse_noise/s5,20224.0,0.6202530264854431,0.3294803500175476,0.6419678214930095,0.2625666634063515,0.4156344652083452,0.23508549294007713,1.7751004685380665,4.412018313117954,0.4475724564294918,0.43693397448640964,0.44771828668335584,0.44596723364154744,0.42850592484900074,0.4186635149025233,0.415842140584114
impulse_noise/s5,20352.0,0.6903610825538635,0.28767722845077515,0.6443284683740267,0.2637915690182746,0.42148945364776497,0.23429285232710131,1.7566281029178217,4.401812640690262,0.4503131803862326,0.44144947959180786,0.45044513030659383,0.44886074501415446,0.4353480140959727,0.4242301940313729,0.4216773621822947
impulse_noise/s5,20480.0,0.6809266805648804,0.3332391381263733,0.646113747017483,0.26717925531623066,0.4273262694814101,0.23876230124302267,1.7406626609620048,4.368225440439285,0.4571803077736227,0.4461858467930635,0.45653750338865506,0.4551039221692617,0.44139014243900915,0.4298061422496836,0.42749629261110655
impulse_noise/s5,20608.0,0.6513603925704956,0.29667872190475464,0.6463696809468983,0.2686182536864026,0.4208957500780635,0.236969042350171,1.7400640663935223,4.3591551379029685,0.4508082975155741,0.4378858851708802,0.4502266761773613,0.4474423352881898,0.43362100336093573,0.4231395849861801,0.4210495901615069
impulse_noise/s5,20736.0,0.6707230806350708,0.311811625957489,0.6475576516633945,0.27072524745572385,0.4248742926048391,0.23371053742689474,1.7295156712405055,4.335224983559205,0.4519769009644189,0.4409722970522955,0.4514506391824905,0.44813194049573857,0.4363883379607277,0.4269045560761332,0.42501348996766924
impulse_noise/s5,20864.0,0.7089842557907104,0.3450026214122772,0.650554071376922,0.2743485339901899,0.43583584119688296,0.24055917752903444,1.6998923802612633,4.304116346301634,0.46482041425751397,0.45635045438223765,0.4643442428296062,0.4613414226615219,0.44922838312805874,0.43767286126817284,0.4359617895543277
impulse_noise/s5,20992.0,0.6412100195884705,0.2813376784324646,0.6500982639726073,0.27468946786542275,0.4301569390008679,0.2302851035227016,1.7077250505842658,4.312687008697233,0.458446222537584,0.4508568061364565,0.45801537379169005,0.4545733514980219,0.44368760900522153,0.4325441237292628,0.4302708994123333
impulse_noise/s5,21120.0,0.6908194422721863,0.33674436807632446,0.6520846629140501,0.27771653616839354,0.4263942321358239,0.2315481216288097,1.6931779305287533,4.278438306689917,0.45717754579397096,0.45027332072192167,0.4567877058519694,0.45516051018946535,0.44012424348420104,0.429279216057233,0.42649734563126646
impulse_noise/s5,21248.0,0.6839725375175476,0.32787957787513733,0.6536401689922694,0.28016351381262494,0.4272653938599572,0.22884276799370587,1.6801180346524136,4.2548075840244355,0.454356512285919,0.44963383153958525,0.4540037778708182,0.4532564759061135,0.44045075808415807,0.42987578085844813,0.4273586928644594
impulse_noise/s5,21376.0,0.6374655961990356,0.3406955599784851,0.6528511654413799,0.283116296552423,0.42900173352825394,0.2307450030448701,1.6954686079302752,4.219519879717691,0.45565214466798504,0.4491667506077984,0.45533298402231676,0.4532067815902431,0.43937052530993714,0.43212585525621633,0.4298483473211438
impulse_noise/s5,21504.0,0.6966209411621094,0.3209432065486908,0.6549862764521471,0.28496151167419215,0.42828622052140053,0.22891546676457314,1.6784909909316175,4.209182025799123,0.45686163714455985,0.45023133710556895,0.45657285466861613,0.4546490272449492,0.43843029089614177,0.4303879689736496,0.4290522523946816
impulse_noise/s5,21632.0,0.6432503461837769,0.339974582195282,0.654413792048812,0.28764507608985507,0.4216527908465497,0.22726006838127052,1.6846171548527478,4.177350112395415,0.45196998815994976,0.4459335893739264,0.4517086924158032,0.44924296278379994,0.43453076885962616,0.4250417018494474,0.42234591070333766
impulse_noise/s5,21760.0,0.6835480332374573,0.34111276268959045,0.6558349745458191,0.2902532559239885,0.4200380100402154,0.22877383343718766,1.677169622585458,4.154747735841729,0.45124336822800926,0.44578152256855563,0.45100694298895694,0.44953810017499085,0.4324524386885731,0.42310435961511567,0.42066515775120555
impulse_noise/s5,21888.0,0.6374942064285278,0.348171591758728,0.6549403029303414,0.2930785405988538,0.41753587939986175,0.22938132103388603,1.6917102212672537,4.119951286058342,0.4487826669094599,0.44235347758880017,0.4485687449650229,0.4472397087246645,0.43025589485146915,0.42103538427994697,0.4181033342888659
impulse_noise/s5,22016.0,0.617263913154602,0.33137834072113037,0.6531024302583541,0.2949468235316478,0.40811470705960123,0.22321995198842393,1.7143251358021923,4.106931723521024,0.44382343032081406,0.43575677537927715,0.44362986977501473,0.4417023182452199,0.4240484628608474,0.41128112402724526,0.408628150775351
impulse_noise/s5,22144.0,0.6404132843017578,0.33761245012283325,0.6524834475287641,0.2970280736092666,0.41319822691115615,0.22565737476168518,1.7258164628577226,4.097928759004473,0.44768318710170024,0.44114652311236197,0.4475080499273036,0.44500177040510375,0.43055262463494876,0.4160632597533849,0.41366280031487734
impulse_noise/s5,22272.0,0.6872667074203491,0.3718520998954773,0.6541801919137195,0.30067802611103295,0.4072758793169949,0.22877371624778295,1.707598490052252,4.063990718209126,0.448926161559599,0.4378250218048201,0.4487676941935923,0.4457749510923038,0.4267150755917651,0.411355424202795,0.40769623395534105
impulse_noise/s5,22400.0,0.6875536441802979,0.36786654591560364,0.655808165195016,0.30395551488198763,0.40794042976867884,0.2331178301087911,1.6876316295432878,4.035783795648556,0.44936299329693646,0.43779408576152967,0.4492196090829589,0.44574952445651045,0.4255293753569748,0.41311888769330823,0.40908296956934787
impulse_noise/s5,22528.0,0.6875230073928833,0.357649564743042,0.6573552306680825,0.3065747368264293,0.41681433294358144,0.2288130396165802,1.667442500975728,4.004971650339972,0.45131981725439635,0.44313864035888556,0.4511900805563238,0.4480502835802215,0.4312419273753473,0.42149989778793684,0.4178481241612005
impulse_noise/s5,22656.0,0.6892318725585938,0.39778029918670654,0.658910188809083,0.3110237886488818,0.4240442298674523,0.23242839575063562,1.6517782937767833,3.958421627760696,0.4567526425008548,0.44786295180598745,0.4566352543284762,0.4537943077486715,0.4370985850909596,0.4282838159044925,0.42497962334871264
impulse_noise/s5,22784.0,0.643347978591919,0.3346216380596161,0.6581510566033677,0.31217490325428343,0.4296006981727513,0.235662456833264,1.657397175097654,3.9602749186724955,0.46072026724794773,0.4511523198672855,0.46061405225081037,0.458043511056353,0.4428997310668349,0.43419894942934745,0.4304470595558548
impulse_noise/s5,22912.0,0.7202965021133423,0.35176923871040344,0.6611825417501956,0.31410633425214296,0.4347026543252557,0.2346661789669212,1.6258450715013237,3.949330074075688,0.4651468033813971,0.45721456187872767,0.4657757129526963,0.463449839569728,0.4482230761169874,0.4388632374075178,0.4354684578134772
impulse_noise/s5,23040.0,0.6912988424301147,0.39523130655288696,0.6626516295882404,0.31806364997413045,0.43794332970179295,0.23841225949356762,1.613468352190981,3.906679344062542,0.46697697081683814,0.46056192660175177,0.46754601986975075,0.4662037215856968,0.45170124852703025,0.4431951124906809,0.4386362429115401
impulse_noise/s5,23168.0,0.7004345059394836,0.3963473439216614,0.6644946967273254,0.3218823667520588,0.43713893782059904,0.24096522706110432,1.6042352067700727,3.868900540762645,0.46417131029887615,0.458366859227403,0.46468619644371856,0.4619844500486881,0.4495873581258852,0.4418908483630729,0.4377658985535112
impulse_noise/s5,23296.0,0.6588371396064758,0.3104972243309021,0.6642187183311864,0.32132699395102676,0.4334738693784242,0.23892511026766192,1.6095583505652395,3.8931971960550777,0.46018266684389686,0.4556185264038548,0.45988635026228186,0.45744175997861664,0.4461874608622673,0.4377734862345234,0.434041155086193
impulse_noise/s5,23424.0,0.6680923104286194,0.34285634756088257,0.6644076740432562,0.3223772063222392,0.4318307586701863,0.23856638472166197,1.6163324643999635,3.8914830689370876,0.4537479692263933,0.4511054602381101,0.45424205160555065,0.452030140944364,0.44333425221386585,0.4342339218100595,0.4323440493076142
impulse_noise/s5,23552.0,0.6907393932342529,0.3869292438030243,0.665692148150134,0.3255260861993507,0.4294331254832559,0.23591803757385357,1.6019797736842387,3.854387035120835,0.451402088752733,0.44901109757416147,0.45184914365975165,0.44984776583960595,0.44201674456709694,0.43233256696793604,0.4298975603788704
impulse_noise/s5,23680.0,0.6604688167572021,0.36814337968826294,0.6654373514968203,0.3276049785646635,0.43165097195718755,0.23264802804868012,1.6121347961293433,3.8348145817619996,0.4514545371760303,0.4500533191019034,0.45185904075341005,0.451535366949459,0.4429996838111567,0.43427444042726393,0.432071201270828
impulse_noise/s5,23808.0,0.7384916543960571,0.37758082151412964,0.6690009760284903,0.3300428245621984,0.4368552220980858,0.23429961371924002,1.579522031438495,3.8073317492943475,0.4583989298303046,0.45793045708149616,0.45876493217485825,0.4592342612314855,0.44929879183626964,0.4399539999344845,0.4379604682527837
impulse_noise/s5,23936.0,0.6579840183258057,0.33079665899276733,0.6684635634576276,0.3300795969734457,0.4279189725230152,0.23133236910586796,1.586847939552468,3.8171376150299228,0.45263594424264914,0.449925476038641,0.45369212482924415,0.4533917675985064,0.4413903702456669,0.432172833968085,0.42891901975757524
impulse_noise/s5,24064.0,0.6675232648849487,0.38663583993911743,0.6684176952345701,0.3328384380937223,0.42353272290749916,0.22857319060679665,1.5872674814156165,3.7885808762900357,0.449633712785883,0.4479062457196746,0.45058936458374793,0.45104261065873186,0.4372091035952762,0.42738169569628626,0.42443758420658645
impulse_noise/s5,24192.0,0.6623735427856445,0.3646092116832733,0.6681228585297443,0.33438823192735895,0.4239884125772196,0.22988761029918958,1.5901372021157947,3.7804995360392724,0.44691723804124206,0.44310478866128794,0.4477819295252115,0.4474670201141767,0.43342581592410173,0.4281960494670145,0.425532162747304
impulse_noise/s5,24320.0,0.6399527788162231,0.3560049533843994,0.6667487082998164,0.3354427061447755,0.4201621805651106,0.22886469676684554,1.6064458289718957,3.7711701617019155,0.44312083227883947,0.44047063269114745,0.44390322118253817,0.44361828530259534,0.42946351339711997,0.42473152364029093,0.4215589943715939
impulse_noise/s5,24448.0,0.6653317213058472,0.3534538745880127,0.6666795869830373,0.3363212997273724,0.4205111104339877,0.23178730147672344,1.6121178657438766,3.759740993542948,0.4420095394979862,0.43957440947247783,0.4427174594994887,0.44242246397694673,0.42965214388876827,0.423920521985058,0.4210499586193898
impulse_noise/s5,24576.0,0.6802605390548706,0.3910987675189972,0.6673420724499559,0.33899337132696383,0.41686713204645764,0.22985855773116975,1.6161134295218886,3.7320142950667776,0.4429931645308965,0.43865194932042756,0.4436337036875207,0.4433667862634955,0.42738751389340657,0.4207142260197937,0.4173546918858369
impulse_noise/s5,24704.0,0.6774571537971497,0.3660190999507904,0.667835491052258,0.34031169955251633,0.41593093863335046,0.22811339459197452,1.6118282560229809,3.724063252209428,0.44479408283848515,0.4386166656254434,0.4453736545560493,0.4451321427167023,0.4269743656346647,0.4201740557859049,0.41637209182531704
impulse_noise/s5,24832.0,0.6182451248168945,0.380694717168808,0.6654164487968744,0.342281602850872,0.4104735024755062,0.22344837785508223,1.632506424448573,3.705607129134345,0.43876445567955735,0.4316878039359306,0.43856384805458115,0.4383453236597883,0.42191582994070487,0.4165249784951584,0.41087266607156875
impulse_noise/s5,24960.0,0.6705940961837769,0.3630676865577698,0.6656690169620892,0.3432955581536475,0.41602034340585653,0.21777735438285548,1.63064143643266,3.6981617740791,0.4445557626939956,0.4373904817290603,0.44437424919156326,0.4441765242632587,0.42782360341452236,0.4222208460982367,0.4163815140362023
impulse_noise/s5,25088.0,0.6805095672607422,0.415019690990448,0.6663929462449503,0.3467942963408085,0.4195891982869172,0.22454378704123926,1.625718635860357,3.6623583863500047,0.4505580398914737,0.44110034069595516,0.4503938031055132,0.4494898830484334,0.4317190367599575,0.4259245430787733,0.41991599217671843
impulse_noise/s5,25216.0,0.6725373864173889,0.4101949632167816,0.6666926750338497,0.349887011798173,0.41973240368495,0.22707828678746278,1.6135117268176529,3.6274643870448697,0.4514902014722971,0.44217050457974283,0.45134159698006276,0.44979869846321663,0.4322320969136795,0.4255019214888841,0.42002809286186116
impulse_noise/s5,25344.0,0.6665791273117065,0.4136161208152771,0.6666871361205744,0.35299574882339757,0.42134918858108805,0.23662169792012547,1.618123590236173,3.5992975831835987,0.45302147319414865,0.44458883846864294,0.45216199821931913,0.4515281501264441,0.4349085481295101,0.4280939456184371,0.42161673363646096
impulse_noise/s5,25472.0,0.6787912845611572,0.3556944727897644,0.6672775823859686,0.35312739389492764,0.41987484582500584,0.2355712983560445,1.6126146731697715,3.611004566559549,0.4523063121524688,0.4416647075019666,0.4515286432430603,0.4501929306022139,0.4336308160053449,0.427464837171709,0.4201169255568453
impulse_noise/s5,25600.0,0.6823002099990845,0.40525224804878235,0.6680103934890473,0.3556700697073108,0.4201395838785448,0.23698182320020444,1.6075664352135066,3.5971296852159456,0.453908626284298,0.44203049976828745,0.4532049770212342,0.4527585945544124,0.4333112558858594,0.4277321637942709,0.4210836369851051
impulse_noise/s5,25728.0,0.6632171869277954,0.39048993587493896,0.6677765785348398,0.35736859976426827,0.41667968892282364,0.23760743788668112,1.6152658315220798,3.5897380749434094,0.44498514014183055,0.434999785929545,0.4443484652286122,0.44394457008760335,0.427835467104338,0.4227874010297954,0.4167716905736733
impulse_noise/s5,25856.0,0.6615320444107056,0.3626570701599121,0.6674719671141504,0.35762657392990943,0.41637481073861676,0.23726258954529567,1.6056389961871163,3.590330755637076,0.4464477383436789,0.4374128045204271,0.44587166306527015,0.44478119637313784,0.4294060056309923,0.42190118201446686,0.4164580555398912
impulse_noise/s5,25984.0,0.6617453098297119,0.41789108514785767,0.6671926179783241,0.3605663061844435,0.4123995164386889,0.23408768512694508,1.6090275303435204,3.556469864561746,0.44490824510454224,0.43600825441735247,0.4443870015004615,0.44267531212584327,0.4272019836792024,0.4189242699845354,0.4124748378799372
impulse_noise/s5,26112.0,0.674822211265564,0.4258311986923218,0.6675647932606283,0.3637499594775107,0.41116354223869467,0.23255346167643276,1.6119439536207776,3.5238932745675413,0.4455787869149368,0.4346630309154033,0.4443449609055336,0.444320582833675,0.42524492395958763,0.41630506522693533,0.4112316944767308
impulse_noise/s5,26240.0,0.6994535326957703,0.4229079484939575,0.6691203415257572,0.3666357150392886,0.4055463996103834,0.2373000090480989,1.604075834354364,3.5002055191464017,0.4432854461020933,0.4297835931126284,0.4421690574285048,0.44142198482452083,0.4212247348855043,0.41092355991086776,0.40560806502029
impulse_noise/s5,26368.0,0.6598681211471558,0.4070568382740021,0.6686690137024107,0.368607477148299,0.4093499844184373,0.23572029373120668,1.6113878916103908,3.4897079772529507,0.4443707100067126,0.43284181744456146,0.4425983856922997,0.441922420534263,0.425060423415141,0.4149775339824092,0.4094057804258543
impulse_noise/s5,26496.0,0.689430296421051,0.3864719271659851,0.6696817592008809,0.36947891373452757,0.40535548857849085,0.23196717237665995,1.6063057076094953,3.4855054629579802,0.43860446158251626,0.42889792048374653,0.43700082964782144,0.43562700870470794,0.4225821856123911,0.4112095949953863,0.4054059738415969
impulse_noise/s5,26624.0,0.682429313659668,0.43976038694381714,0.6703035911256998,0.3729072782813222,0.41291385968345307,0.23212199237650197,1.5929001032237622,3.4504465556969035,0.43846215708923686,0.43272827903377653,0.4370111611507057,0.4358052827125882,0.4277386997718304,0.418210763823904,0.4129595396865371
impulse_noise/s5,26752.0,0.661477267742157,0.3822540044784546,0.669873038765527,0.37336321614459694,0.41064365293190486,0.23146270101407465,1.600496640961819,3.455056711737543,0.43677182684873844,0.4323087224332981,0.4354589387925184,0.43436783760014674,0.4270690436364985,0.4161985852326936,0.4106849850465335
impulse_noise/s5,26880.0,0.6729448437690735,0.4301643967628479,0.6700228829120414,0.3761340054430482,0.4117498489645612,0.23845093292231262,1.6026479625596537,3.4325784489929863,0.4361904810451702,0.4314271664610627,0.43500255556420014,0.43474032182618866,0.4258868324634825,0.41750106968407313,0.4117872470290169
impulse_noise/s5,27008.0,0.6536056995391846,0.3882209062576294,0.6692220446987313,0.37672361036083263,0.4110776444230205,0.24038674537468024,1.60838788593798,3.4290801212640183,0.4331919819569922,0.43036925650641067,0.43211712493346127,0.4326048658522504,0.42459406435274055,0.4162814556748812,0.4111114828858624
impulse_noise/s5,27136.0,0.6698601245880127,0.41039589047431946,0.6692531705469889,0.378366160610271,0.41377846351422615,0.24336525265609077,1.6109036814841942,3.4213864006583337,0.43741300092598756,0.43352045755279633,0.4364404503413412,0.43615675250521874,0.4275327613804392,0.419249163641579,0.4138090811834602
impulse_noise/s5,27264.0,0.6680852174758911,0.4168899357318878,0.6691961972264474,0.3802453691527889,0.4191222742445794,0.24087361647228678,1.6179286496328589,3.4035950771791663,0.44050724236075367,0.43546080662570086,0.43962726054085655,0.43860837035124195,0.4315302379890827,0.42331007013613425,0.41914997767997797
impulse_noise/s5,27392.0,0.6823610067367554,0.4373273551464081,0.6698383830562186,0.3830298562744288,0.4231952582546134,0.23953005392882104,1.6096939749903245,3.3764672105285083,0.4417453989474755,0.4372164704804824,0.44094917506403497,0.43930224943738194,0.4336971992750713,0.4277466488263296,0.4232203248371484
impulse_noise/s5,27520.0,0.7357733249664307,0.4085123538970947,0.6730547216859849,0.38427290493894906,0.4289440736497721,0.2433894777071605,1.5791415335033367,3.3750377584893108,0.44866582498459856,0.44456796644902663,0.4479453868366432,0.4464552179620809,0.439896454549306,0.43306225631460277,0.42896675435889503
impulse_noise/s5,27648.0,0.6743810176849365,0.42265450954437256,0.6731194190517874,0.38614517833433554,0.4259102831774559,0.2394826862537722,1.578819603166871,3.357060154679467,0.4489787149325249,0.44222211598392,0.4490890442465998,0.44545412642494053,0.43799524531201334,0.4303615061597328,0.42593080510403286
impulse_noise/s5,27776.0,0.7160286903381348,0.43073028326034546,0.6752125542364873,0.388320061501458,0.4322744144633613,0.23819715395121208,1.555714590811218,3.3369661628532423,0.45097211505792406,0.4470708437903286,0.45107194306905307,0.44927021195260836,0.4409597073882048,0.4363019636341187,0.4322929830834229
impulse_noise/s5,27904.0,0.6978780627250671,0.40154629945755005,0.6763181887969058,0.3889652438407795,0.43048520785173855,0.2386327312074917,1.5384028827626157,3.333041626821186,0.45045201487394554,0.4453976819780427,0.44978014598930977,0.4496371162283862,0.4398682123363828,0.43489160421623707,0.4305020090838109
impulse_noise/s5,28032.0,0.6943979263305664,0.4443923234939575,0.6772001272131818,0.3916690038238614,0.4281784658789377,0.2389153088438994,1.5249602058307663,3.303643176655243,0.4476948332083707,0.44392095436561746,0.44708691377140997,0.4462324829169395,0.43739339736087934,0.4306782450998789,0.4281936679455541
impulse_noise/s5,28160.0,0.706255316734314,0.43020862340927124,0.6786174535312858,0.3935489852670521,0.42971635728843793,0.24446917593787681,1.5157086858076403,3.290326075526302,0.4524874130338678,0.44979775228441654,0.4519373562440895,0.4533764762145538,0.4416420924365838,0.43266603854664826,0.43045512727256857
impulse_noise/s5,28288.0,0.721969485282898,0.37116941809654236,0.680732186787462,0.3924572990636126,0.4342310109671113,0.24053397775223714,1.4981851621236726,3.3120860636544855,0.45410966997294044,0.4501888050116582,0.45361196838028556,0.4541890959680763,0.4428094126091873,0.43617492244464723,0.4348994637606049
impulse_noise/s5,28416.0,0.6687740683555603,0.44066500663757324,0.6801488639371253,0.39480889455502527,0.43900378803151474,0.24230870324875237,1.4966637618391245,3.2774408426720396,0.4608385235150758,0.45725367187550986,0.4603881938765106,0.46091038962965136,0.44905227042151924,0.4415248703380775,0.4396086165258061
impulse_noise/s5,28544.0,0.683529257774353,0.39290931820869446,0.6803137611974779,0.39471623229422864,0.43211243997378573,0.23698039122031667,1.5025146522764512,3.2831287075172493,0.4600671589925225,0.4538490987047296,0.4588974972553079,0.4586077945429504,0.4449411084539742,0.4351185769091112,0.4326597000212677
impulse_noise/s5,28672.0,0.7012780904769897,0.43111133575439453,0.6813364114062346,0.39649160319472454,0.4369753249257157,0.2383311570768005,1.4898709331348394,3.2649761949616884,0.46673090352625024,0.459654657424089,0.4656725718770513,0.4639232334918665,0.45086952763741506,0.44118254341389535,0.4381955108461321
impulse_noise/s5,28800.0,0.6794760227203369,0.4723774194717407,0.6812456607386298,0.4001933503301887,0.4340136640166648,0.23730394997847326,1.4920879131406972,3.2213415955805003,0.46246145405319844,0.4553709006198925,0.46150385593396487,0.45919600722256326,0.4451353667677027,0.43782043339234666,0.4351177108845728
impulse_noise/s5,28928.0,0.6818326711654663,0.409313440322876,0.6812742953935974,0.4006382327688564,0.432133273628404,0.23763864242549543,1.495675382552823,3.234847096911562,0.4607734215436733,0.4558821474377492,0.45990696899200506,0.4585809797653294,0.4458586513109315,0.4363027240867098,0.43313223572601733
impulse_noise/s5,29056.0,0.712270975112915,0.4469754695892334,0.6827863285506373,0.40289858578448456,0.4259702315221906,0.2395774093570366,1.4794126330847193,3.216280994980351,0.45710819403208036,0.4497080584490283,0.4563242116816417,0.45436223689652944,0.4406757933634305,0.4305050228054048,0.42687411096922806
impulse_noise/s5,29184.0,0.686520516872406,0.45397859811782837,0.6829684840785284,0.40539029370318425,0.42466952536897795,0.24129446141109617,1.476485876397844,3.187456858667977,0.45654316664056765,0.45209679173169065,0.4565588197309798,0.45627079852446234,0.4423998403960605,0.430259898683534,0.42548737226900407
impulse_noise/s5,29312.0,0.6887627840042114,0.4231250286102295,0.683251132855391,0.40625540272304006,0.42364134329935477,0.23762425687464442,1.4766750802236637,3.1836525905001385,0.4575934898633571,0.4528824926971454,0.4576076530700893,0.4573470461366491,0.4426213011555074,0.4301496465780221,0.4243813463540483
impulse_noise/s5,29440.0,0.7356226444244385,0.42965778708457947,0.685805840736808,0.4073969824479932,0.4256854450674114,0.24265035378128147,1.4564101923842405,3.18635045072445,0.4586553825592897,0.4536305897634492,0.4586681976916156,0.45843239570127503,0.4443460732049534,0.4323364737924876,0.42635501356603656
impulse_noise/s5,29568.0,0.710056483745575,0.44030267000198364,0.6869887989323575,0.40900213793843176,0.42985875190216105,0.25009811903707857,1.4496082848758942,3.1732787125131083,0.46484002788380707,0.45804409698406084,0.46485162325338925,0.4646010849861031,0.4489182792056717,0.4373267558824352,0.43118960477926327
impulse_noise/s5,29696.0,0.7381883263587952,0.43354707956314087,0.6894863368555983,0.4101994521640273,0.43588424250040864,0.25542414577953393,1.4323908018844036,3.165620815895775,0.4721091210061097,0.4674100663371543,0.4721196127117222,0.471892921037396,0.4576656470385643,0.44416582135466026,0.4370884228847468
impulse_noise/s5,29824.0,0.6806944012641907,0.40972572565078735,0.6890574619487004,0.4101763435536253,0.4359264918757415,0.25330911703192804,1.4458564089038821,3.1742466661853297,0.46935408866763406,0.46437728191481953,0.4693635817576023,0.46988348179528805,0.45712192096707693,0.4434198181323249,0.43701605663753706
impulse_noise/s5,29952.0,0.6825093030929565,0.4160996079444885,0.6887380395654934,0.41046528328000886,0.43531406552230983,0.2484953402769557,1.449037163069232,3.179892123095839,0.4670100052727373,0.46254407840121387,0.4670185947967359,0.46676399512827665,0.45525427828133497,0.44205698594840337,0.43702493881361915
impulse_noise/s5,30080.0,0.6894431710243225,0.45637136697769165,0.6887724362220217,0.4127046044359933,0.434685570291156,0.24348909135113003,1.4530625895852927,3.1502610481877347,0.4634390053657545,0.4592866110935433,0.4634467773264933,0.46390424544325326,0.45345285976556243,0.44074950959400444,0.4369586150716922
impulse_noise/s5,30208.0,0.7148228287696838,0.4432920813560486,0.6900431870780052,0.41419667648087405,0.43815095324976105,0.24639539437541272,1.4350666199162534,3.1301958227656317,0.4678298495903109,0.46410986643264684,0.4678368818046379,0.468287987697316,0.45585695996634173,0.4443627329521004,0.4409326612278666
impulse_noise/s5,30336.0,0.6931005716323853,0.4563940167427063,0.6901923277879749,0.41625508332291467,0.43885118970427517,0.24978726641582555,1.4275370736578312,3.111114382868386,0.4672295962087226,0.4638636864033645,0.4672359590867663,0.4661569180771074,0.4556341083336144,0.4451967381440479,0.4413681307124242
impulse_noise/s5,30464.0,0.6976829767227173,0.42320963740348816,0.6905577252969867,0.4165943298634304,0.446121451243428,0.25354412981467617,1.429715792372427,3.120422081929537,0.47404816527868354,0.47103980786407934,0.4740539225288349,0.47307758619588364,0.46428136750471594,0.4533502312415805,0.44839882618298466
impulse_noise/s5,30592.0,0.6862562298774719,0.45951637625694275,0.6903478962521323,0.41868808822408954,0.4408392191203176,0.25469400443076884,1.4365030566429522,3.1058169533292297,0.4720566682860664,0.4671224257949224,0.47206187755286005,0.4696912603235806,0.46024506839659296,0.4481049683036549,0.4428998302345744
impulse_noise/s5,30720.0,0.7183170914649963,0.4495195746421814,0.6917122472381256,0.4201920631713135,0.44559649154194114,0.25447030383057667,1.4226536781401986,3.096426121867724,0.47845296993641107,0.47097677551105116,0.4784576833776919,0.47482549491503034,0.4624674295248173,0.452932871380047,0.4474609707238475
impulse_noise/s5,30848.0,0.7093727588653564,0.4858438968658447,0.6925737356101856,0.42339459164421744,0.45012404142492113,0.26014237485205655,1.4180577582119933,3.0634711117524835,0.48210259802098826,0.4738879687997078,0.4821068628301424,0.47882039129432546,0.4639391494986598,0.4567621340684423,0.4518110567941535
impulse_noise/s5,30976.0,0.701866865158081,0.4689413011074066,0.693027059002766,0.42561638234973886,0.4511718721042861,0.2607385795062332,1.4206953440340673,3.039901653513023,0.4807944982688418,0.4733989295326327,0.480798357147321,0.47858689182550207,0.46439705317517044,0.45717814153367087,0.4526983149220151
impulse_noise/s5,31104.0,0.7035971879959106,0.45812249183654785,0.693542675051212,0.42720204622714414,0.45277062312350935,0.25518047556750784,1.4148115571157525,3.022373301350041,0.48033592020637017,0.4751314823433279,0.48033941179124046,0.4791006320443716,0.4654992075427925,0.4582423874317152,0.4541517769163504
impulse_noise/s5,31232.0,0.720318078994751,0.43209800124168396,0.6948487923167506,0.42744087330102415,0.4515030444799867,0.2525495260786314,1.406319460100625,3.0201414126420545,0.47938187664121895,0.4754721800381926,0.47938503589201475,0.4783013452346752,0.46675671901998056,0.4571790132561801,0.4527527380664895
impulse_noise/s5,31360.0,0.6904721856117249,0.42659491300582886,0.6946352993067493,0.42739960694516094,0.45020739479718,0.2530690536380716,1.4208452287760145,3.0272094905234805,0.4730717337128459,0.46953416766097017,0.4730745922616028,0.472856243963082,0.4624104518913684,0.45454374132221886,0.45133814074903655
impulse_noise/s5,31488.0,0.6985047459602356,0.46497365832328796,0.6948240528020413,0.4292324875001915,0.4475478569223741,0.24976533645657756,1.4182049111919113,3.0012041781765086,0.46293774954029654,0.4634735092280402,0.4629403360082676,0.4642299804091896,0.4592772440968301,0.4521964786145716,0.44857097684668923
impulse_noise/s5,31616.0,0.6853286027908325,0.4408891201019287,0.6943608601185677,0.42980110372466646,0.4480786974294651,0.24921137819777184,1.4263619813397532,3.0004352400644496,0.4628774937839327,0.46550012345975555,0.46287983406815886,0.4677089828687551,0.4616660846349069,0.45304705173870513,0.44900443532648077
impulse_noise/s5,31744.0,0.7096535563468933,0.4281695485115051,0.6951068453004372,0.42972151566548783,0.44833593027377533,0.2469998549903694,1.4205710256349726,3.0030076964460233,0.4618005163862948,0.46631138476043316,0.4618026339188992,0.4676221671287189,0.4613550652764386,0.45283138946732326,0.4491735551050429
impulse_noise/s5,31872.0,0.6944838762283325,0.4930889308452606,0.6950764565652126,0.4328126090888914,0.44871740032505186,0.24271224237974529,1.4287264708880514,2.9614210308781597,0.46463702285755765,0.46723133029186126,0.4646389388403603,0.4699045605013572,0.4619845653096152,0.45350999011290816,0.44947529881901854
impulse_noise/s5,32000.0,0.6819734573364258,0.48042404651641846,0.6944372858711253,0.4351351182316976,0.4485234478848327,0.24409373626388614,1.4270203351569188,2.93365673488836,0.46441502782055033,0.46600021021649074,0.46441676143735156,0.46990620852026427,0.46125283987859883,0.45209767695522496,0.4492092085090584
impulse_noise/s5,32128.0,0.6978728175163269,0.440473347902298,0.6946048727806473,0.43539551967904394,0.44373760513553273,0.2349332676129511,1.4245359026543853,2.9339806453997195,0.4588787967370952,0.4603502794403821,0.45888036534575355,0.4638473189526008,0.4552553952738541,0.44842166368167585,0.4450831089484103
impulse_noise/s5,32256.0,0.6976763010025024,0.4186210036277771,0.6947546985475671,0.4345772506033724,0.4416938711547563,0.23934176088001108,1.4187299558902102,2.9517262544012595,0.459093337202333,0.46042476206354616,0.4590947565085611,0.4635889483205864,0.455851996556533,0.44745648450911896,0.44291130797771094
impulse_noise/s5,32384.0,0.6654218435287476,0.44678568840026855,0.6933238275710393,0.43517278415444044,0.4390824675945177,0.24031904717340682,1.4323315934823297,2.955433811418202,0.45780024740318165,0.45751773533530854,0.45780153161779974,0.4618679597832313,0.45261801711034305,0.44429658711384284,0.440184027028018
impulse_noise/s5,32512.0,0.6991504430770874,0.4678906798362732,0.6936080527176757,0.43676877906574935,0.43961968067296925,0.23902826933417715,1.4291926653697504,2.9459702434525914,0.4595674754909216,0.4592746730785272,0.4595686374721436,0.46324801715068104,0.4533541070938916,0.44353813741829556,0.43985419697181166
impulse_noise/s5,32640.0,0.7078417539596558,0.4466972053050995,0.6943023796075284,0.4372530925408396,0.4410166771585879,0.241522604198265,1.4218870233982053,2.9422769209357322,0.4642152767529397,0.46471253881763225,0.4642163281351162,0.46682048428684464,0.45786829083272407,0.4482987846598617,0.44347827697449466
impulse_noise/s5,32768.0,0.6775447130203247,0.4429419934749603,0.693484932456933,0.43753059990347964,0.44136978938620586,0.24061920344173765,1.429093480990418,2.940920892024592,0.4668219428561697,0.4657474845577743,0.46682289416627704,0.4676919729924394,0.45879248682722973,0.44940880515624604,0.4435970905878681
impulse_noise/s5,32896.0,0.7321392297744751,0.41133177280426025,0.6953705079358374,0.43625260833766405,0.4418380128830572,0.2378498265525776,1.4071315008732455,2.9635320647477137,0.46559260861643903,0.4653454336777958,0.4655934693794809,0.4671420231537777,0.45832740777169323,0.44911186355898286,0.44385331634987946
impulse_noise/s5,33024.0,0.6486374139785767,0.4120357930660248,0.6930908448159709,0.43507130027563284,0.43761413896200474,0.23515814169331978,1.4351179218084307,2.9729873145794854,0.4619706173144579,0.4617841490921638,0.46197139614883426,0.4640975712176656,0.4532218841289384,0.44415847380916884,0.4394376229435851
impulse_noise/s5,33152.0,0.7292410135269165,0.43000122904777527,0.6948542676799194,0.43482397972793246,0.43462885506318216,0.2357342555119211,1.4199924302352671,2.9760364519606997,0.4594927477306903,0.4585990129501375,0.4594934524344895,0.4621422699714868,0.44943886719816495,0.4412381253204912,0.43627877721427305
impulse_noise/s5,33280.0,0.6757280826568604,0.426960825920105,0.6939212830446483,0.43444041124950183,0.4297526701672219,0.2325932793775324,1.4224771840157455,2.9867146268185296,0.45453656710195117,0.4530028844123492,0.4545372047310282,0.4562088891294654,0.4446774342703205,0.4364950556885586,0.4312455503527122
impulse_noise/s5,33408.0,0.7401959300041199,0.48868000507354736,0.6961785828963298,0.4370862450945772,0.4387254975159694,0.23726167634338297,1.3956164838356198,2.9549243415293827,0.4612619682106292,0.45976272289778886,0.46126254514925275,0.4620129210981063,0.452229701085757,0.445551147949017,0.4400762832162256
impulse_noise/s5,33536.0,0.71660977602005,0.5436334013938904,0.6971752264633405,0.4422836673530803,0.43556007241034467,0.24137418781575576,1.3787383841361245,2.886756044105564,0.4634247196004563,0.461268799243032,0.4634252416252311,0.4641041957110171,0.4522033761757504,0.44322325760288805,0.4367822883830334
impulse_noise/s5,33664.0,0.693220853805542,0.43416550755500793,0.6969823302361309,0.44188765955805237,0.43280747777283407,0.24070799504328644,1.3791977246716467,2.9053660796559972,0.4624071972113587,0.45904363096290995,0.4624076695490639,0.46378419492948064,0.45084106791392997,0.44195349483283325,0.43391336146971665
impulse_noise/s5,33792.0,0.7080825567245483,0.47274768352508545,0.6975238046989805,0.44339302658083446,0.4347413287879123,0.24242897707366964,1.373719561642197,2.888392873069188,0.46297373406215137,0.4584431068974337,0.4629741614420739,0.4634946522830101,0.45105845585787474,0.44301681477735827,0.4357419528824741
impulse_noise/s5,33920.0,0.720566987991333,0.4847937524318695,0.6986478624205587,0.4454125741833239,0.43569173770756364,0.24547336355089322,1.3697456682258708,2.8662564604189025,0.46646076710799056,0.46087416156513783,0.4664611538092768,0.46620708871056415,0.4526680019987076,0.44390456589908495,0.43732213583238727
impulse_noise/s5,34048.0,0.7174035310745239,0.4559790790081024,0.6995627730866056,0.44592801344306915,0.4344138209715671,0.24739142531880345,1.3736013440378554,2.868912717704251,0.4645779754736785,0.46093596058332814,0.4645783253681796,0.46579847229551935,0.45278586022607625,0.44188212060232485,0.43588903545571744
impulse_noise/s5,34176.0,0.7157818078994751,0.48451629281044006,0.7003539455165017,0.44781036853416034,0.44069358816047205,0.2521013431944676,1.361502151614183,2.8396461707952247,0.467949494762323,0.46545350746415354,0.4679498113533618,0.4698160180615615,0.46109074562990005,0.4496632691470173,0.4427534044783737
impulse_noise/s5,34304.0,0.6881916522979736,0.44788557291030884,0.6997606629204759,0.4478140370403139,0.4367273632314563,0.2504141243300328,1.3688049481096562,2.841554221090629,0.4651256285148681,0.46138000288695863,0.46512591497231603,0.4668144934394021,0.45739531475495415,0.4448432970687765,0.43931613813896864
impulse_noise/s5,34432.0,0.7391810417175293,0.5189370512962341,0.7016836082276492,0.451283452369871,0.4412625338935425,0.24580153664841156,1.3547166712953225,2.8052486611088345,0.4661584360327866,0.4650187295604188,0.46615869522480224,0.4706981526004346,0.46065111465930114,0.4486059814643718,0.44360490547850756
impulse_noise/s5,34560.0,0.7244383096694946,0.48140355944633484,0.7027935936638368,0.45275272588579607,0.4461282356050435,0.24555049806200713,1.3460893497007331,2.795295081872034,0.46716729994400263,0.46762328236846934,0.4671675344657491,0.47279930999718084,0.4644335784632938,0.45353491838626375,0.4482476568904283
impulse_noise/s5,34688.0,0.7319919466972351,0.5064151287078857,0.704217903567905,0.4553704040722395,0.4461807235902862,0.2452489931899541,1.3346337731051525,2.766986107247404,0.47040390435147406,0.4686042608461879,0.4704041165511031,0.47549985157984054,0.4664431724227661,0.4543324573857865,0.4488606104285195
impulse_noise/s5,34816.0,0.6802951097488403,0.4869534373283386,0.7030509380157555,0.4569110398408297,0.44093003008972353,0.24192740549787042,1.3544949391481809,2.7465274030728737,0.46498547800035217,0.4627064727823032,0.46498567000251506,0.4695963856352989,0.46002606499406734,0.44979308012122615,0.44407985631277697
impulse_noise/s5,34944.0,0.6602767109870911,0.47276902198791504,0.7009643903558205,0.45768459994556554,0.43748041390033876,0.2395726256765383,1.3701323308722997,2.7336644598100857,0.4637078596303007,0.4623707882819055,0.4637080333574214,0.46936710443265295,0.45922049069362064,0.4484742860585276,0.44109263025088263
impulse_noise/s5,35072.0,0.7102439403533936,0.5108240246772766,0.7014170513313118,0.46027676700564896,0.43896948812755215,0.2414016737977482,1.36478435683925,2.710083374731197,0.46349994318720245,0.4622901362146212,0.4635001003787257,0.46862053292210887,0.4586774933640672,0.4496791428286856,0.44223788852563495
impulse_noise/s5,35200.0,0.7101792693138123,0.4781905710697174,0.7018444765987508,0.46115061110633515,0.43814178550981964,0.24450666022984832,1.3656281016214815,2.709019463062453,0.46552404139662995,0.4644293855933604,0.4655241836264377,0.47091944115081946,0.4589483744240013,0.449319289852725,0.4410990948527607
impulse_noise/s5,35328.0,0.684913694858551,0.459198534488678,0.7010185848065459,0.46105538785669337,0.43514345970281715,0.24129290910743564,1.3680040218384886,2.7161038016324186,0.4599194330542975,0.45892896816627066,0.45991956174646736,0.4648012908925618,0.4546946624026805,0.446707102835214,0.4378192880850975
impulse_noise/s5,35456.0,0.7246781587600708,0.4922807216644287,0.7021727103652543,0.46257857487170484,0.4376171637168262,0.24513326279143938,1.3532505195353541,2.69587887521087,0.4660209444827998,0.4598637481147517,0.4660210609258637,0.4689509300699503,0.4567946647914795,0.4480801626486379,0.44003830290150703
impulse_noise/s5,35584.0,0.6900680065155029,0.48691800236701965,0.7015822370067298,0.4637658640178177,0.4346687721673364,0.2464702217167039,1.3656448623018833,2.681151005324651,0.46113123531132566,0.4562479243798556,0.46036914554921987,0.4630201455302762,0.4549953510695064,0.4456602780419859,0.43838385408280317
impulse_noise/s5,35712.0,0.7057130336761475,0.49735403060913086,0.7017837392832867,0.46540431116861347,0.4378383119967393,0.2468061910952449,1.3612135380917874,2.6736100503572584,0.46544429441316254,0.45950139380235594,0.4647547414517331,0.46715341543816186,0.45764302735081447,0.44995867513495563,0.4434120119333394
impulse_noise/s5,35840.0,0.6731451749801636,0.46452832221984863,0.700386736146549,0.465361580000381,0.43170854999823943,0.24333638706476354,1.3809836415220382,2.6760215252772173,0.4604235703762167,0.4527597382352072,0.45979965005834983,0.46120781967962177,0.45184044889981484,0.4456496995123542,0.437476752022968
impulse_noise/s5,35968.0,0.7315394282341003,0.4793798327445984,0.701906379663015,0.466045397207416,0.43138605267538493,0.24846944956900974,1.372412303286696,2.678036418133188,0.4588551460691407,0.4519579487541643,0.4582906113853361,0.4588397345227273,0.4496761289569413,0.44476245863075,0.43660522892738507
impulse_noise/s5,36096.0,0.6885813474655151,0.4805845320224762,0.7012563780924052,0.46675462329595546,0.4311686116116957,0.24785293444049006,1.375026515332482,2.6680082879355393,0.45907193763900234,0.45206903037185237,0.4585611361791173,0.4582957978638121,0.451491607461932,0.4447962222351997,0.4366532142763549
impulse_noise/s5,36224.0,0.7203807234764099,0.5465326309204102,0.7021892729891859,0.4706462334239776,0.42745833329053484,0.25266764621295973,1.3661812438953926,2.627004127527733,0.4594539959244036,0.4515932452085588,0.45899181328283006,0.4580267153782618,0.4510707822424739,0.4442876585483276,0.4331830986997833
impulse_noise/s5,36352.0,0.7066415548324585,0.5039471387863159,0.7024064574693455,0.47227066783189653,0.42380376260256003,0.25233937530631273,1.3729283051670957,2.612566065246664,0.45721566198751806,0.4478908839751445,0.45679747055513653,0.4559242320584986,0.4474181497863193,0.44200566844259737,0.42970865147077353
impulse_noise/s5,36480.0,0.7236356139183044,0.4938676953315735,0.7034420260766118,0.4733241813684661,0.4250702099455644,0.2498301248309944,1.367468427496527,2.6012876314389013,0.4620129517448036,0.4505641192898243,0.4616345643749926,0.4593572319815445,0.44937418549969754,0.4407774370619813,0.43041306299050947
impulse_noise/s5,36608.0,0.6859127879142761,0.5022375583648682,0.7025869412882051,0.4747345900024369,0.42541673963545706,0.2490469184223334,1.3734845251621992,2.600348685911573,0.45590597834851054,0.44630905737050725,0.4555636064332919,0.4535030338155438,0.44671959318562754,0.43817890051830666,0.4295260373638101
impulse_noise/s5,36736.0,0.7194151878356934,0.527235746383667,0.7034078313636923,0.4772956220210335,0.42362960201399763,0.25131267871527013,1.3600735782276676,2.5849421911987736,0.45567846107560056,0.4469949888521961,0.4553686766121577,0.4535042322626069,0.445191404661118,0.43517704205136487,0.42734777086874187
impulse_noise/s5,36864.0,0.6901421546936035,0.5215791463851929,0.7027607251846636,0.47945579394123633,0.4289095030715588,0.25996227503029495,1.3660849780600208,2.576107781007027,0.4607707848280716,0.4528766377419335,0.46049048609583093,0.4595285171156604,0.4512819015404881,0.4400828560143521,0.43299878613406084
impulse_noise/s5,36992.0,0.6925860047340393,0.44889336824417114,0.7022643973578039,0.4779649439072331,0.43056371455790654,0.25306521137482363,1.3707903399018917,2.6011036311835256,0.4570686280330142,0.45297463771890584,0.45681500853763163,0.45670679627181404,0.451531690804927,0.44216078167628164,0.43426377377150893
impulse_noise/s5,37120.0,0.7316238880157471,0.5014952421188354,0.7036965676338011,0.4791127633321893,0.43622466379689223,0.2584992186205275,1.3557530156123423,2.6009936990360383,0.45868241120655234,0.4549780927843282,0.45845293157985584,0.45835501911328325,0.45443468275686727,0.446717905371579,0.4395725460478674
impulse_noise/s5,37248.0,0.7072428464889526,0.5623769760131836,0.7038695568462474,0.48317443224345724,0.44305708723085846,0.2651263007268425,1.3557001591036046,2.5568395704197857,0.4610906885456074,0.45995117734976987,0.4608830511201432,0.46079445810309566,0.4594966701208775,0.45403877696024486,0.4460863132295099
impulse_noise/s5,37376.0,0.6921287178993225,0.5083403587341309,0.7032968329951779,0.48440203841373397,0.44767762027253755,0.2673488122578985,1.3628243989842388,2.5466743848132283,0.4676570120629796,0.465863766061273,0.46746913786659,0.466626782138494,0.46545251948474403,0.45910126695807996,0.4504185201797053
impulse_noise/s5,37504.0,0.7050439715385437,0.5557339787483215,0.703382059265586,0.4878816452593236,0.4519699050770551,0.26935978194185817,1.3592022223139129,2.511940256619837,0.4700104493443141,0.4706372921946438,0.46984045728440416,0.46984047330913103,0.4703023689091586,0.4652806526134679,0.4559371321792574
impulse_noise/s5,37632.0,0.682998538017273,0.4638932943344116,0.7023877411559122,0.48671148179957174,0.4349583436182039,0.2630182797939121,1.365458231815515,2.5342687538648128,0.4557805731425947,0.4570355868102637,0.45562676117167084,0.45635179054324104,0.4537953022670019,0.4500137552796458,0.43931015945547325
impulse_noise/s5,37760.0,0.7026805877685547,0.49613723158836365,0.7024020263565289,0.4871712744721957,0.4369105536247995,0.2625785565535635,1.368752221944768,2.5370218664623896,0.4541893228732222,0.45612425790506306,0.45405015094712153,0.4562305612232419,0.4524673734373051,0.4475213692922911,0.43936094737166853
impulse_noise/s5,37888.0,0.7094781994819641,0.5001699924468994,0.7027472055333793,0.4878053582758398,0.43250502799721596,0.25993128168826296,1.3608737940135123,2.5313768880556484,0.4489013742356758,0.4521021691098161,0.44877544889385595,0.4507483245809345,0.44879335217022065,0.4435931009479921,0.43472218973962384
impulse_noise/s5,38016.0,0.6866161227226257,0.4973991811275482,0.7019603234450498,0.48827334963445973,0.42623224127529175,0.25517503239015343,1.3611391556456318,2.5235580693062403,0.4472027008997399,0.45006165925998226,0.44708876131323905,0.4481116607302804,0.4470306000302829,0.4400759110897655,0.43128715085899333
impulse_noise/s5,38144.0,0.6929370164871216,0.48577702045440674,0.7015201621300289,0.4881515774793352,0.4310413378820456,0.2616165819544458,1.3613092859791756,2.5310877267660454,0.45825122431201926,0.459350852905671,0.45814812965939117,0.45907366803733285,0.45508390401312326,0.44657894751191746,0.43561511389442525
impulse_noise/s5,38272.0,0.7414741516113281,0.5438198447227478,0.7034691372266777,0.49086710271072115,0.42948103802414717,0.26333659794926356,1.3412349778341028,2.4979908723053708,0.4578376634018924,0.4588326277629539,0.45774438144671853,0.45858182574942485,0.4549718132087807,0.4465141755893078,0.4343816705731236
impulse_noise/s5,38400.0,0.7143349647521973,0.4994038939476013,0.7039991775937762,0.4912835315515446,0.42364480002065896,0.2621043816066804,1.3330485848549491,2.4929823442518124,0.4553256014481132,0.4539392783030653,0.4552411982037233,0.45599893335209707,0.4504459416362614,0.43981889415308567,0.4280789833085788
impulse_noise/s5,38528.0,0.6996413469314575,0.4969181716442108,0.7037866004882971,0.49155839204386975,0.4166537720591447,0.2632016742556579,1.3307975098353293,2.4915498149492925,0.44764291481414636,0.44562634877987045,0.447566545192066,0.4482521580181675,0.4431533475483364,0.43205058774946065,0.4206659033981846
impulse_noise/s5,38656.0,0.7095848917961121,0.5038424730300903,0.7040694439667271,0.4921576155066122,0.4223373809053891,0.26129446552222224,1.3321062319667447,2.4903630834498736,0.44972627806800514,0.44938886168601005,0.45041937253844877,0.4517647426208404,0.44635186890007117,0.4370309006346993,0.4259676318076376
impulse_noise/s5,38784.0,0.7101917266845703,0.5309211015701294,0.7043680919041828,0.4940485172658081,0.4295063392963098,0.2699792576200476,1.3288092596462822,2.4691996381849983,0.45436268229710636,0.4540202014422494,0.454989807038061,0.4569321377312898,0.4519972888738895,0.4442885186587612,0.4327910576915031
impulse_noise/s5,38912.0,0.7010496258735657,0.46297532320022583,0.7042062155124453,0.49253275170163335,0.4287799774358639,0.2651031831291448,1.3326419427109162,2.49397742232857,0.4512704579261741,0.4531727997582756,0.45183789203146385,0.4543575440150457,0.44836801093229384,0.44139297256393556,0.43247706647755874
impulse_noise/s5,39040.0,0.6882420778274536,0.508182168006897,0.7034274770887872,0.4932961378628657,0.4267842627483337,0.26446501578788173,1.3457888380207146,2.495370936722736,0.4485469164221955,0.4503425511197722,0.4490603413324547,0.45210236433485096,0.44527007413921404,0.4389589299641558,0.4301294575326394
impulse_noise/s5,39168.0,0.7012060880661011,0.5034663677215576,0.7033191166486561,0.49379224663646043,0.42772984154682664,0.2624375603886782,1.3409781219609263,2.4875552758368977,0.44593388452002336,0.4468335932499545,0.4463984409081877,0.44915091978186095,0.44300611705279275,0.43725849641611,0.4307194556259039
impulse_noise/s5,39296.0,0.7141574025154114,0.5292242765426636,0.7038478135202051,0.495520638339202,0.42931043366610544,0.2582049549977273,1.328419464560326,2.4691832962541964,0.4465811649940247,0.44888244814585404,0.4470015042363792,0.44949199820833463,0.4476315015093978,0.4409437376852488,0.4327776870951813
impulse_noise/s5,39424.0,0.7274754047393799,0.5191526412963867,0.7050003789455307,0.4966734189712598,0.43302716811787406,0.2626478206731369,1.324162422990373,2.4567176808094984,0.4539150517286803,0.45298569519919335,0.4535703676047191,0.4550616176531094,0.4510544400926793,0.4442782123850466,0.4361644033740456
impulse_noise/s5,39552.0,0.7548602223396301,0.5274829268455505,0.7074325664281697,0.4981763217943959,0.4416883240376481,0.2728397294728383,1.3057798295121308,2.4461688232223726,0.45986305394367794,0.4605093649006384,0.4603133724728005,0.4609004880728015,0.45879910968528564,0.45110628259229973,0.44452695272571285
impulse_noise/s5,39680.0,0.692040741443634,0.5163928270339966,0.7066817456972168,0.49906493180608374,0.43987682383180404,0.27070299139095,1.3135823989135682,2.4395001805663448,0.45704667165278645,0.45843084117422417,0.45745412821601994,0.4579853613079899,0.45764556563433634,0.44916056265490056,0.44244526775479426
impulse_noise/s5,39808.0,0.6639668941497803,0.5011096000671387,0.7045980944022199,0.4991646717212571,0.4389999399453741,0.2711305769813414,1.3212511684483406,2.4360253362266406,0.4575843174205165,0.4588739199440779,0.4572279768093791,0.4584708414928332,0.4581262078107231,0.44885006888643886,0.4413239156781928
impulse_noise/s5,39936.0,0.7306393980979919,0.5451614856719971,0.7058684018995746,0.5014084187432444,0.4390802550011386,0.27281877310447367,1.3000330714394692,2.414833735569212,0.4579964287903662,0.45916328508919835,0.4576740051915916,0.45879857222522263,0.45852392152296834,0.4471934591173548,0.44118303137806736
impulse_noise/s5,40064.0,0.6920417547225952,0.4968681335449219,0.7051939313055755,0.5011869414164969,0.43534194994451625,0.26836026406419056,1.303530709457194,2.427195460419712,0.4569192850625502,0.45793789804917945,0.45662755020607426,0.4584072744524471,0.45663437515552335,0.44417013760707713,0.4387689712825939
impulse_noise/s5,40192.0,0.6943776607513428,0.5263054370880127,0.7046663083517104,0.5024122338882782,0.42883632115741177,0.26657552744891955,1.3074540840371747,2.4164658181128624,0.45205932931596593,0.4530553497518155,0.4510703473310166,0.4534428699834456,0.4526380931657055,0.43831143920307214,0.43193715367092517
impulse_noise/s5,40320.0,0.6924951076507568,0.5112067461013794,0.7040725912443468,0.5028412344840392,0.42531085334944874,0.26503502513373384,1.3162021405103372,2.4102474287736753,0.4485728672751839,0.45099847529596154,0.44767801801931956,0.4505869156721122,0.44985873867045684,0.4360963408851117,0.42884155903240756
impulse_noise/s5,40448.0,0.706183671951294,0.5214630365371704,0.7041755707910271,0.5037496150719968,0.4279954241192811,0.2679540590293927,1.3195559675085589,2.413229474037635,0.4489689655714187,0.4512008809786778,0.44815928935596966,0.45079131394246436,0.45165683612002666,0.43847934829640384,0.43119007215246397
impulse_noise/s5,40576.0,0.6982869505882263,0.5259876251220703,0.7038883210250368,0.5048343960500491,0.42588848309662486,0.27299338119197275,1.3206753998048346,2.4017527244637478,0.450926113405192,0.45218339676892855,0.4501935033375549,0.4518128129128425,0.4503837285773709,0.43693610277146355,0.430303450174835
impulse_noise/s5,40704.0,0.7152988314628601,0.5503679513931274,0.7044449312902964,0.5070555450911749,0.4278302396133054,0.2752292878007082,1.3090506295670914,2.381299344942671,0.45120976709654786,0.45089735067551473,0.44978469278787686,0.45052485927449937,0.44926897749326655,0.4400757360591291,0.4325499986412397
impulse_noise/s5,40832.0,0.7316367626190186,0.5484368801116943,0.7057713620868195,0.5090741467994929,0.4312602881926457,0.2781632937209263,1.3054855324867953,2.3588522856689558,0.45390172858646594,0.4536562286599987,0.4526122949020587,0.4525569964048266,0.4529078612535743,0.4445896457739056,0.4355308137616452
impulse_noise/s5,40960.0,0.6839107275009155,0.4987332820892334,0.7047049896679949,0.5085697143746022,0.42648164684176926,0.27910774524064774,1.307716871043336,2.370558223705454,0.45299124281975883,0.4520440950576193,0.4518245392897271,0.45177450418307036,0.45136695833830254,0.443840482583052,0.43259510275518287
impulse_noise/s5,41088.0,0.7175360918045044,0.5336716771125793,0.705330897089288,0.5097942003618205,0.4261547203131059,0.2799623025050715,1.3018537187195613,2.363105649896969,0.4530783345204361,0.45222133764582917,0.45129766463990173,0.45201458706867936,0.45160865177427606,0.4418613170784188,0.43244848381358303
impulse_noise/s5,41216.0,0.7301443815231323,0.5249366164207458,0.7065413109641097,0.5105328548037193,0.43184493134814633,0.2795829340334406,1.2933967875437453,2.3622794946630927,0.4524321218355641,0.45535613001743375,0.45082093867774564,0.4536818482638081,0.4555267753412694,0.4460193713719661,0.43757682562787614
impulse_noise/s5,41344.0,0.7300361394882202,0.5282326936721802,0.7076874001604078,0.5113962615777906,0.4361569842834804,0.27234273805167347,1.287165737249118,2.3524822328404587,0.45623468608678935,0.4589547434601527,0.4547768576614224,0.45740264200431413,0.45762193652235017,0.448982280700036,0.44134330861392
impulse_noise/s5,41472.0,0.7398492097854614,0.551060140132904,0.7092562689226054,0.5133310849219425,0.43552261933085873,0.27315336381712985,1.269518409935359,2.33885826873315,0.458913121676387,0.46061208495115535,0.45759405145926435,0.45920771474631866,0.45864394137447617,0.44788938069289397,0.4402153018451947
impulse_noise/s5,41600.0,0.7106994986534119,0.5425800085067749,0.7093266703728887,0.5147578616821782,0.42918569542072343,0.27464902817718884,1.2693993793280542,2.3232102017403187,0.4577487257999908,0.4547871690724017,0.45655520658509285,0.4580152790774245,0.4508313116184285,0.4411003855049921,0.4334317216576687
impulse_noise/s5,41728.0,0.690588653087616,0.5326560139656067,0.7084126207492168,0.5156309422813697,0.4232288475520049,0.27157788331796795,1.2676577881856648,2.3169751467529385,0.4566207982996942,0.4531789316829999,0.4555408799618835,0.45686198065244654,0.44658799819847095,0.43557105077518915,0.42783292602100775
impulse_noise/s5,41856.0,0.7128700017929077,0.5127488374710083,0.7086300539708602,0.5154903518028154,0.4222634307713262,0.2678881383263707,1.2752278777535244,2.3229848482627387,0.4540386580689083,0.4531737983877708,0.45306152791316173,0.45501907946006614,0.446448004318783,0.4349552755675566,0.4257042715514294
impulse_noise/s5,41984.0,0.7278962135314941,0.526429295539856,0.7095698666323546,0.5160239588143783,0.4214642642493677,0.266185519568358,1.2687523294133012,2.318507742126219,0.45475107015039234,0.4546935439308741,0.4538669446495651,0.4556381736221062,0.4455963203860017,0.43516030585261956,0.4260276305947199
impulse_noise/s5,42112.0,0.7423853278160095,0.5560815334320068,0.7111706208364353,0.5179779868445066,0.42074116354746477,0.27063097874091163,1.2456935221884957,2.3004280690392167,0.4554328540742098,0.4538564130391787,0.45463288091135545,0.45623552176039467,0.44490006145574573,0.435383001309836,0.4248701821145561
impulse_noise/s5,42240.0,0.7614150047302246,0.5593804717063904,0.71362156639223,0.5199976202524034,0.4311108326922629,0.2746533127096529,1.2318606643453542,2.2786171264992445,0.4618126835495973,0.46259851530790647,0.46108885298404023,0.4640261621639264,0.4537324470399698,0.4472962789959907,0.4348468453279238
impulse_noise/s5,42368.0,0.7367120385169983,0.5284498333930969,0.7147479308861211,0.5204099233324372,0.4315330615853253,0.2715445797926127,1.2241816642963195,2.2753778845277393,0.4630492811891359,0.46376031634939063,0.46239434585884903,0.46505207772238666,0.4542137429790565,0.4461779538089838,0.43415128003793696
impulse_noise/s5,42496.0,0.6886245608329773,0.5527894496917725,0.7134736201518214,0.5219894124231365,0.42912658338565124,0.27479212127576674,1.246214177479997,2.266261771588105,0.4606174638243163,0.46202301675634927,0.46002486618162364,0.4617046164281678,0.45411011485493447,0.4445897785505439,0.43149559603670556
impulse_noise/s5,42624.0,0.70972740650177,0.5161435008049011,0.7132908780225505,0.5217042460027347,0.4289754808623293,0.2723208307319697,1.2463710558393573,2.2708891613173687,0.4582312090879149,0.4587407843464647,0.45769501574196875,0.45921488494184604,0.4531054340834951,0.4444540768443648,0.43188120260073115
impulse_noise/s5,42752.0,0.7437164783477783,0.540320634841919,0.7147750536481714,0.5226123625314754,0.43424848684806827,0.2738213762899024,1.2370432550309562,2.263640018059114,0.4636940327321347,0.4627050761397815,0.4624838601686701,0.46385906603007004,0.45760610662760015,0.4505403931471022,0.43687763780827604
impulse_noise/s5,42880.0,0.6697423458099365,0.5104120969772339,0.7125783361926477,0.5220172276263904,0.42925978494700284,0.27155402340091706,1.2625076749581197,2.270380607818087,0.4619630421092069,0.46331762094503726,0.46086805551252064,0.4621123673002597,0.4579046033197976,0.4484998143823572,0.43163868953384166
impulse_noise/s5,43008.0,0.7304521799087524,0.5496174097061157,0.7134502310080674,0.5233635779717428,0.42989537947911444,0.27167752504033005,1.2508361680637534,2.257198815556174,0.4632225086544341,0.46452251722629484,0.4622317444583842,0.4641198159807823,0.45966189866116125,0.45035289570229936,0.4328100516246122
impulse_noise/s5,43136.0,0.720657467842102,0.532743513584137,0.7138018035365569,0.5238211358064937,0.4328686033240529,0.2717892716159084,1.2553903583663129,2.2570043069365076,0.4630607886159394,0.46721148048851546,0.46216432678239283,0.4638726889391849,0.4620513074739002,0.4521411388240317,0.4355058527787241
impulse_noise/s5,43264.0,0.715957760810852,0.5341118574142456,0.7139069721840835,0.524323122226384,0.4360979450659634,0.2689159620034483,1.257029632004536,2.254066672507551,0.4605535154579678,0.4657591682468959,0.4604673950244018,0.46273816768381926,0.4611273281783475,0.4535732731417919,0.4384841773209038
impulse_noise/s5,43392.0,0.7296227812767029,0.501317024230957,0.7146735970178698,0.5232008735436802,0.4371423107943666,0.262765424275577,1.248568883776036,2.2641674252826824,0.460069540161552,0.4647797114238718,0.45999161679483347,0.4620462540434795,0.4605515563112829,0.4537165071080699,0.4393014180280158
impulse_noise/s5,43520.0,0.7237944602966309,0.5533789992332458,0.7151185171778094,0.524672977235854,0.4326775459358903,0.2652126474260277,1.2541577281276062,2.2521561332515523,0.4601335637035815,0.46363321896234916,0.4600630571950872,0.46192213111251174,0.4583202957462589,0.44992359149992517,0.4346311462347484
impulse_noise/s5,43648.0,0.7178402543067932,0.5214208364486694,0.7152512848426378,0.524514336221845,0.4287121043239079,0.26590255011004643,1.2449556239320498,2.26307337295818,0.45797926852656,0.45817140157152475,0.4579154729290468,0.45887258264255226,0.4533641700357286,0.4443166464434183,0.43047975813388006
impulse_noise/s5,43776.0,0.7253208756446838,0.5202336311340332,0.715742484393957,0.5243055213395127,0.4346236529902819,0.2635151866254495,1.2363278768432675,2.2616218925512817,0.45958073612664946,0.46200398678779847,0.4595230126859489,0.46115121844100054,0.45685493909836,0.44946794719835764,0.4362230589658724
impulse_noise/s5,43904.0,0.7399827241897583,0.5581953525543213,0.7169249351157034,0.525958683837796,0.4431328531815697,0.2674154365599694,1.2249140478293994,2.2451028316637704,0.4694511003263735,0.47011931225713355,0.4693988710858586,0.47087210187314804,0.46622255346139535,0.4573636214685913,0.4461044156377703
impulse_noise/s5,44032.0,0.731812596321106,0.5583682060241699,0.7176511624915767,0.5275396361395703,0.4455711300946862,0.26572062998674206,1.2189697031320055,2.228677087057133,0.47159659345414284,0.4706768137674599,0.4715493354679303,0.4728823420279941,0.4671881343336004,0.4583730328695582,0.44825985495838705
impulse_noise/s5,44160.0,0.7250363826751709,0.5520498752593994,0.7180114171346789,0.5287352575600498,0.4453048416859117,0.2655256265376768,1.2171731554170235,2.220550501235692,0.46671529960960806,0.4680952907437873,0.46667253970655675,0.46860368365531174,0.46566368371291267,0.457687616296608,0.44773764984634545
impulse_noise/s5,44288.0,0.7206504344940186,0.5270325541496277,0.718140149688793,0.5286521988571024,0.447610746106051,0.2649216109243345,1.206710724106009,2.224627588299118,0.4699577458097643,0.47425516788893546,0.4699190558558434,0.4724285858653951,0.46831838960579425,0.4595771055247714,0.4505741912054083
impulse_noise/s5,44416.0,0.7352651357650757,0.5426619648933411,0.7189755148632457,0.5293356020783824,0.44359961024824723,0.26575075563112005,1.204049034447314,2.215504591611706,0.4667940103370919,0.47068239759611585,0.46675900294868405,0.4690296722791588,0.4653106904166645,0.4566392192166432,0.446280990376815
impulse_noise/s5,44544.0,0.7124042510986328,0.5108453631401062,0.7186549654113134,0.5284336392033445,0.4453056259295562,0.27092543088336324,1.2063367208473896,2.223841692010813,0.4685045744929903,0.4720600397047544,0.46847289915820844,0.4712896380348605,0.4664746044757565,0.45859131613831905,0.44845680330942034
impulse_noise/s5,44672.0,0.720361590385437,0.508763313293457,0.7187382154100511,0.5274741111101793,0.448299290326505,0.2658477575095749,1.1973950277122514,2.2356493208451047,0.4714651741843178,0.4761694350927611,0.4714365137535009,0.4739851513688416,0.47039061475765953,0.4618076394089133,0.451150534106858
impulse_noise/s5,44800.0,0.7444687485694885,0.5477672815322876,0.7199933633690481,0.5284640218624772,0.45020863806461275,0.2672022243736248,1.185878059157865,2.2180128663719776,0.47486899460698834,0.4791254971898213,0.4748430621172366,0.47714911673528143,0.4731716984214159,0.46315625790657766,0.4527884963572462
impulse_noise/s5,44928.0,0.6999823451042175,0.5201035737991333,0.7190172161366173,0.5280561951276799,0.44312453212152053,0.2590397580441899,1.1958227118425897,2.2220198095731494,0.4706615055307729,0.47382503344777993,0.4706380413327286,0.4727246023523873,0.4668763553236011,0.45560197398923535,0.4454588357878474
impulse_noise/s5,45056.0,0.7014647722244263,0.5127909183502197,0.7181609993604128,0.5273115474799989,0.43812755107485585,0.2596293706039338,1.202769007307422,2.232501460730165,0.46380571083420913,0.4659059344878484,0.46378447999231415,0.4656724391302683,0.4603436564230799,0.45162959692898685,0.4409646872298131
impulse_noise/s5,45184.0,0.7290283441543579,0.5476845502853394,0.7186911137406051,0.5283053524948935,0.44100505959836744,0.2654982288450823,1.1976210402513756,2.224836184971568,0.46721355513315405,0.4705267259702662,0.467194345073355,0.4674153955485652,0.46480603891701633,0.454709171284348,0.4435721530497
impulse_noise/s5,45312.0,0.785377025604248,0.5413882732391357,0.7219440850510267,0.5289435437507102,0.4448356309631867,0.264710919734307,1.1737791905479127,2.2224419303433764,0.46568668492416854,0.47013453313549963,0.46566930330551637,0.46659432875036744,0.4671333939278892,0.45796038044229226,0.4471583847641842
impulse_noise/s5,45440.0,0.7422221302986145,0.573655366897583,0.7229332579899334,0.5311246082944601,0.4397873258149952,0.2626228785936234,1.1717304794625933,2.2004607422947196,0.4616653466803452,0.4664148571678138,0.46164961946917926,0.4632116145326049,0.46289999533867904,0.4538750676101883,0.44261401143743256
impulse_noise/s5,45568.0,0.7177042365074158,0.529147744178772,0.7226781837712739,0.5310281758985729,0.4395696148510456,0.26145859508679425,1.173186150279856,2.2013229604752853,0.4659275682931618,0.4709872086568975,0.46591333802059587,0.4673266601452064,0.4678440766865739,0.45529088508928994,0.4421272524665883
impulse_noise/s5,45696.0,0.7516688108444214,0.5416067838668823,0.7240923607016714,0.5315442055555635,0.4446336312840216,0.2581185443944164,1.1653833567160403,2.19279183344167,0.4692078116441993,0.47374868790430763,0.46919493582946237,0.47047373591960673,0.47094190400968405,0.4588585283883462,0.44694782926929255
impulse_noise/s5,45824.0,0.7578721642494202,0.5460867285728455,0.7257401559966834,0.5322535969222602,0.4431924468667441,0.257234268901789,1.1589155883576359,2.1805684671423538,0.4691270562229786,0.4702984856052658,0.4683903910747247,0.46954747313130385,0.4669594800706302,0.4567884126583429,0.44601139102831283
impulse_noise/s5,45952.0,0.7809447050094604,0.5540494322776794,0.7284330608265749,0.5333168084030123,0.4470007208116108,0.2624201802496258,1.1446879901341784,2.1704773789339664,0.4740919110738551,0.47442682724902396,0.47342536277492936,0.47447231209560564,0.4721678281900229,0.46002761787825075,0.4495513538096751
impulse_noise/s5,46080.0,0.7467041015625,0.5214535593986511,0.7293243311063761,0.5327381133296288,0.4467470828997382,0.26482590372378395,1.1319509263678045,2.182266260818552,0.47415975416022227,0.474499972781538,0.473556648887964,0.4745039480650899,0.47020658338906884,0.45925907602190325,0.44905494297710635
impulse_noise/s5,46208.0,0.7469597458839417,0.5882630348205566,0.7301845952418671,0.5354466460852839,0.452689508084772,0.2731373881998069,1.131869683255178,2.154188981369318,0.4790173920747757,0.4792880479480781,0.478471691230573,0.4793288251082699,0.4724660698005792,0.46328557681696303,0.45329049272348526
impulse_noise/s5,46336.0,0.7369061708450317,0.5752111077308655,0.7305124769786068,0.5373863759216537,0.4570438678149543,0.2738723780201702,1.1279854882654108,2.1414902510432325,0.48307805077081134,0.4818357352344002,0.4825842905185613,0.4826348262877326,0.4764252779099827,0.4680814172151105,0.45758764987056577
impulse_noise/s5,46464.0,0.7436397671699524,0.5316994190216064,0.7311528325976967,0.5371089633899441,0.45518365434059815,0.273087380707126,1.1328303259392272,2.1520462601347377,0.48178864677121,0.48215178661006697,0.4813418833305959,0.4821498041544564,0.47794413902503485,0.46742003901498097,0.45643787355926857
impulse_noise/s5,46592.0,0.7050085067749023,0.5398440957069397,0.729877499630731,0.537242384478578,0.45193892816897663,0.272302740068732,1.1423788378776047,2.1569473113112596,0.4768109944907855,0.4778645850290968,0.4764067546376183,0.47713777639436533,0.4740202471487674,0.46449784612836764,0.45532317411281825
impulse_noise/s5,46720.0,0.7243834733963013,0.5572702884674072,0.7296094983510027,0.5382193554048623,0.45208900044319655,0.2754037582656403,1.136645966034545,2.145990834766758,0.4791296981680456,0.4785214359483975,0.4787639344460543,0.4794253764996012,0.4743179928098008,0.4642147376331036,0.4558761438581776
impulse_noise/s5,46848.0,0.7321885824203491,0.5806972980499268,0.7297353073299953,0.5402914501680361,0.45066321812855553,0.27817243683643,1.1412627993481288,2.1319991956680555,0.48260337353575095,0.48205300658983496,0.48227242373137924,0.48287090877804484,0.47523805298257404,0.4638842153122847,0.4548520909032053
impulse_noise/s5,46976.0,0.7147424221038818,0.5663108229637146,0.7290039470750629,0.5415606878653862,0.4487224894548084,0.2769409734849554,1.1512106975648289,2.1169617742563265,0.48277199949308575,0.4823111975152522,0.48247254996753586,0.4830140703458692,0.47465769100921773,0.46365951308149017,0.4532748544103362
impulse_noise/s5,47104.0,0.7075406312942505,0.48380908370018005,0.7279569560613647,0.5387435364426932,0.4432298670200854,0.27064007773385906,1.147644203346708,2.1508379178846297,0.4800245159006445,0.47739534885228946,0.4797535684120297,0.47951853122907023,0.46898310411958366,0.4590317486002061,0.44734893132547376
impulse_noise/s5,47232.0,0.7419959306716919,0.607298731803894,0.7286417840911367,0.5420876923139712,0.4410113787849791,0.2716871256592502,1.1421284043224444,2.1264089834869937,0.4803270604907081,0.47867315621911494,0.4800819021741209,0.48135644616265066,0.4710616010504977,0.4605330396317153,0.44622559461394734
impulse_noise/s5,47360.0,0.7483060359954834,0.5811737775802612,0.7296010158913487,0.5439943306196439,0.44433941530752713,0.2748839191717546,1.1336054767298451,2.1103302678516873,0.4821623789448941,0.47990370054091247,0.4819405551498143,0.48084438109065536,0.47152941415693456,0.46127796149901185,0.4490573345674086
impulse_noise/s5,47488.0,0.7362300157546997,0.5113134980201721,0.7299243817383414,0.542400143663572,0.44376279041210515,0.2719391380489225,1.135422635957744,2.129469600909002,0.4802351150358024,0.4774664060218488,0.48003440474888015,0.47904256611474527,0.4691270011497307,0.46210070162998035,0.4495188613188747
impulse_noise/s5,47616.0,0.7533684372901917,0.5377026200294495,0.7310679942042853,0.5421709961692246,0.43996918751743724,0.26669061806806127,1.13020582348156,2.1368454260915373,0.4737693991489919,0.4727886100887757,0.47358779275612534,0.4749397638670598,0.46520578152810255,0.4580116996901845,0.44590240218084976
impulse_noise/s5,47744.0,0.7007484436035156,0.4937923848628998,0.729588991735955,0.5398110639103794,0.4322981167245818,0.25995251640780553,1.1411047163794386,2.1692253039515696,0.4637177311752627,0.46355530990186067,0.4635534103403133,0.46477669889458534,0.45741924075207846,0.4501477068582811,0.4376665994747605
impulse_noise/s5,47872.0,0.7158669233322144,0.5421320199966431,0.7289196225455287,0.5399242812804409,0.4304694738477625,0.257518011574225,1.1507848967258636,2.1588892615674715,0.45904724516215023,0.4602759526238727,0.45889856462083073,0.4600054188094374,0.4539245479975677,0.4481073242899735,0.436051991553308
impulse_noise/s5,48000.0,0.7467052340507507,0.5708208680152893,0.7297872133506614,0.5414314318528726,0.4341130694363157,0.25745309078191325,1.1483457627174938,2.1403425538627223,0.462945187323992,0.46333192976853677,0.4628106584106386,0.46304996550217387,0.4590722709722192,0.45304654386975,0.4398892499420472
impulse_noise/s5,48128.0,0.7424277067184448,0.5659503936767578,0.7304038227832361,0.5426274787711108,0.43595983260716015,0.2641797448419334,1.154836715603567,2.1238998074095727,0.46578428311706827,0.46613421485897943,0.4656625588593583,0.4658790883574101,0.46452940163518464,0.4567906265472277,0.44118622793685536
impulse_noise/s5,48256.0,0.6771491169929504,0.5361528396606445,0.7278060322568807,0.5423116427169418,0.4316819782245631,0.2621794419420468,1.1736792466772397,2.123998415511249,0.4615305738376328,0.46112218370048047,0.46142043547000827,0.46089134050661557,0.45967011890964654,0.4512550820811025,0.4371359325948584
impulse_noise/s5,48384.0,0.7013540863990784,0.5526506900787354,0.7265156934345489,0.5428159864906877,0.4316594520401906,0.261968281495451,1.1810967250388213,2.10920686161743,0.45794200048009487,0.457572481504123,0.45784234524085815,0.4573636102977765,0.4547714163364499,0.4471573348276959,0.4351070811878522
impulse_noise/s5,48512.0,0.7173690795898438,0.578410267829895,0.7260695171494412,0.5445522928974783,0.42546714845516354,0.2585053576172403,1.1856923573373692,2.0927379179640297,0.45679567681750405,0.45569913406768053,0.45670550690740347,0.4555101435234491,0.45167746832108285,0.4440259109297593,0.4293488224192285
impulse_noise/s5,48640.0,0.7250582575798035,0.5292199850082397,0.7260201874143369,0.5438043754394667,0.4271887464606209,0.26349592441155417,1.191917480685536,2.112980089441207,0.45705977063618297,0.45534258353179186,0.45697818322793615,0.45517158137963476,0.45246590084257404,0.4432560443332325,0.42997594223655355
impulse_noise/s5,48768.0,0.7578062415122986,0.5615538358688354,0.7275707266386277,0.5446702027774847,0.4296945766606807,0.2652973236347257,1.1805268169029484,2.097223747954881,0.4611097032347616,0.45883094559896215,0.4610358814334865,0.45940123454992526,0.4562280697094319,0.44648197110698784,0.4329786782521106
impulse_noise/s5,48896.0,0.7336627244949341,0.5188878774642944,0.7278678972657645,0.5434125283719632,0.42818810297495263,0.2636182208497429,1.172890161024122,2.1092383311898293,0.4625247523022441,0.4597378752266635,0.46245795696628966,0.4617410932483262,0.45662054968949783,0.4448276787946035,0.43260964879325414
impulse_noise/s5,49024.0,0.7094788551330566,0.56527179479599,0.7269708708202666,0.544478834051184,0.42663911637412427,0.2659842735945621,1.186002857934571,2.105117058676379,0.4601056801021494,0.45533465688266217,0.460045242442431,0.4593966108451541,0.45400125287193704,0.44256864928411177,0.43140200821804847
impulse_noise/s5,49152.0,0.7343372106552124,0.573969841003418,0.7273302044707517,0.545917419756171,0.4248471719244753,0.2747617966313676,1.1881796276507781,2.099293269748708,0.46473943452431243,0.4590096746689644,0.46472192965790454,0.4648972308717902,0.4578403662214255,0.44299712406968117,0.4291567248659439
impulse_noise/s5,49280.0,0.7472085952758789,0.5370833873748779,0.7282998820710018,0.5454864913473274,0.426664960438505,0.2762159087901904,1.1820062784444727,2.105960044748539,0.4643217905481732,0.4583752023625787,0.4643059518201504,0.46446456761213134,0.4573171903764355,0.4453367791255116,0.4313265190488404
impulse_noise/s5,49408.0,0.7336694002151489,0.5300129652023315,0.7285618097853505,0.544731685193913,0.4248333758637513,0.2692961911183103,1.173775104516599,2.1182185491195926,0.45963098954418286,0.45497542105501615,0.459616658369095,0.4604851917537488,0.45401811217284843,0.4431780137120185,0.42905124061468536
impulse_noise/s5,49536.0,0.7107529640197754,0.565095067024231,0.7276930856016639,0.5457250208929529,0.420815178280051,0.267348011118947,1.1864480506937034,2.1103983228043717,0.4469653391414051,0.4464523292234857,0.44695237202819355,0.4484632520270386,0.4463855137506855,0.4366515519666746,0.4246315805918717
impulse_noise/s5,49664.0,0.7295293807983398,0.5688387155532837,0.7277826609771114,0.5468525181934568,0.4246898489970003,0.26997253117901154,1.183495794021446,2.0982492934605204,0.45574986962169967,0.4560850640981093,0.4557381367369913,0.4578674041244055,0.4545373982241479,0.44206767432558713,0.4281430006426156
impulse_noise/s5,49792.0,0.71435546875,0.505728006362915,0.727127675990423,0.5448464444456255,0.41546148740299665,0.26505991667059875,1.190433476847851,2.1239060547625117,0.4435279903001815,0.44531849047782524,0.4435173741683306,0.4461689896925763,0.44391813366979715,0.43187310092160497,0.4193109779758586
impulse_noise/s5,49920.0,0.7381329536437988,0.5723852515220642,0.7276645188027828,0.5461898008883785,0.41538410014274707,0.27106254209160063,1.179494101157646,2.1083518193004016,0.4429914177552504,0.44392366092609886,0.4429818120821123,0.4453810430234435,0.4419315772229396,0.4309958277821303,0.4188671906610832
impulse_noise/s5,50000.0,0.731144368648529,0.5394951105117798,0.727834267575746,0.5458632306261053,0.40354652963540644,0.26208648216616565,1.2025605776349082,2.1426047492352795,0.43229993837343,0.4345934790414018,0.4322912469820897,0.43446211566844584,0.43279100473295123,0.42217112079513397,0.407423109455983
