corruption,n_samples,r_l,r_s,r_l_ema,r_s_ema,large_acc_ema,small_acc_ema,large_ent_ema,small_ent_ema,fixed_ts_duo_acc_ema,"PW NN - β=0.5, pbs=256_duo_acc_ema","PW NN - β=0.01, pbs=256_duo_acc_ema","PW NN - β=0.1, pbs=256_duo_acc_ema","PW NN - β=1, pbs=256_duo_acc_ema","PW NN - β=2, pbs=256_duo_acc_ema","PW NN - β=4, pbs=256_duo_acc_ema"
shot_noise/s5,128.0,0.36873751878738403,0.0436265766620636,0.36873751878738403,0.0436265766620636,0.40091463414634143,0.09679878048780488,3.6427537755268378,6.5488178439256615,0.4032012195121951,0.4032012195121951,0.4032012195121951,0.4032012195121951,0.4032012195121951,0.4032012195121951,0.4032012195121951
shot_noise/s5,256.0,0.30921638011932373,0.039173658937215805,0.36583404860845425,0.043409361163290534,0.38731255713062773,0.09795862291609234,3.7077502241206735,6.552957189219567,0.390831531753747,0.390831531753747,0.390831531753747,0.3900693366317958,0.390831531753747,0.390831531753747,0.390831531753747
shot_noise/s5,384.0,0.37229862809181213,0.0436328649520874,0.36614939394910584,0.04342026378713428,0.38766502046144247,0.10811723108588724,3.725573087513268,6.553982137771478,0.39237344425785203,0.3908862342638008,0.39237344425785203,0.39317100595893,0.3901240391418496,0.3908490540139496,0.3908490540139496
shot_noise/s5,512.0,0.36525270342826843,0.05592084676027298,0.3661056529480894,0.04403004832240934,0.38409859971555854,0.11864741730019897,3.7440168202373134,6.544348940262015,0.3913704691946418,0.38777540887283823,0.3913704691946418,0.392817132696926,0.38632356545791385,0.386979572370742,0.386979572370742
shot_noise/s5,640.0,0.36145004630088806,0.047679439187049866,0.36587855018481125,0.04420806738897717,0.37938442603650474,0.11997708013896648,3.7611190475660057,6.542546239655669,0.38748853875374784,0.3841613009491891,0.38748853875374784,0.3902475364854398,0.3821226312084991,0.38199118356686407,0.38199118356686407
shot_noise/s5,768.0,0.3968961834907532,0.048076409846544266,0.3673916054680279,0.04439676702105361,0.375304855444095,0.12194237887648306,3.758948209029412,6.540846442252341,0.38778707165047616,0.38183928539186,0.38778707165047616,0.3895584491340594,0.3785074491779459,0.37766349803997634,0.37766349803997634
shot_noise/s5,896.0,0.38824257254600525,0.045257341116666794,0.3684087258132951,0.04443874624522986,0.383436903706406,0.13035729224933418,3.757866016542645,6.540850005144984,0.3932066543607223,0.38782498696074896,0.3932066543607223,0.3955716247072602,0.38557247483620205,0.385571047304464,0.385571047304464
shot_noise/s5,1024.0,0.40854325890541077,0.05205344408750534,0.37036650791534953,0.04481019492046281,0.37752158271115016,0.1328217974486837,3.743630760802597,6.538005836531778,0.38784864442751843,0.38297921187822676,0.38784864442751843,0.3907507086137672,0.3794167068565516,0.3794525954491908,0.3794525954491908
shot_noise/s5,1152.0,0.36168092489242554,0.04948265850543976,0.3699428209386215,0.04503811997338851,0.3728943053561328,0.13291386312876138,3.7536228763712174,6.537503388431344,0.3852128424594024,0.37863184489398144,0.3852128424594024,0.3856636393822367,0.3738840339850178,0.3746415215218436,0.3746415215218436
shot_noise/s5,1280.0,0.41435950994491577,0.053566254675388336,0.37210948869502614,0.04545412654421777,0.3687074589212837,0.13665942047522073,3.731667008536818,6.5323191629458925,0.3797791394293581,0.3746239060581474,0.3797791394293581,0.38316144884020337,0.3695658035045878,0.3702883725370161,0.3702883725370161
shot_noise/s5,1408.0,0.41581425070762634,0.053489603102207184,0.37424142830539686,0.04584610101046116,0.3700685871619705,0.14153568027531868,3.7115116190205533,6.5295069136715655,0.3815736591743329,0.37542189834291617,0.38081146405238164,0.38310964526231367,0.37084523327214636,0.37149902714384375,0.37149902714384375
shot_noise/s5,1536.0,0.40291106700897217,0.041328269988298416,0.37563994726654687,0.04562571900938005,0.36832574126909995,0.13858612117713248,3.7010525155365803,6.532860244951142,0.3810595095801072,0.3731695165851133,0.38036986128713407,0.38096208830694767,0.3690284650844346,0.36962002991420956,0.36962002991420956
shot_noise/s5,1664.0,0.4314909279346466,0.05288419872522354,0.3783643853479176,0.045979791190640704,0.3681988117015473,0.1425167997087558,3.6757259973041982,6.528582228038931,0.3819327864790857,0.3718937148875415,0.38058376503136876,0.38111962303085506,0.36959684437443485,0.3693699080901325,0.3693699080901325
shot_noise/s5,1792.0,0.447311133146286,0.04999614879488945,0.3817276413380819,0.046175711073774786,0.36282295811900855,0.1473746593438534,3.642317954224084,6.525421082400501,0.3789491482657283,0.36765338509455714,0.3777285286214824,0.3767261728910949,0.36408792402945594,0.3638825878673953,0.3638825878673953
shot_noise/s5,1920.0,0.44531065225601196,0.05358007177710533,0.3848292516267614,0.04653689940076652,0.35818186751874603,0.15264387677691912,3.6065962294847163,6.521282060467532,0.3793354577704775,0.36548976723903703,0.3782310184611985,0.3765990535201399,0.36150147676906746,0.35914064018221786,0.35914064018221786
shot_noise/s5,2048.0,0.46436771750450134,0.0520869642496109,0.38870917679152917,0.04680763427144185,0.3581838908364145,0.1538608486482415,3.5607578949294236,6.518846941743005,0.384072267262877,0.36704561925673723,0.3830729500770273,0.37854753742066194,0.36267474489336793,0.3590514061375094,0.3590514061375094
shot_noise/s5,2176.0,0.48898816108703613,0.05632264167070389,0.3936008345620417,0.04727178097384487,0.36340954667589914,0.15782486662342377,3.514021015864693,6.515528300285995,0.3883582204085877,0.3721899981496117,0.3874540196711234,0.3833593423062622,0.36747295477859165,0.3641944906217441,0.3641944906217441
shot_noise/s5,2304.0,0.4399740397930145,0.05124092102050781,0.39586294213428425,0.04746539756148696,0.365962772453327,0.155351202935293,3.4898921473049604,6.513166311403626,0.38842525475399275,0.3731081125434618,0.38760711714442514,0.38390217706592783,0.3696394195230446,0.36667300430438593,0.36667300430438593
shot_noise/s5,2432.0,0.4613650441169739,0.051416415721178055,0.3990581666212447,0.04765813015464262,0.37266024800803704,0.1562361271056399,3.4532694090367047,6.511280625245529,0.3953828450213105,0.3821370845797772,0.3960926086714281,0.3919781150013541,0.3775113367605894,0.37330287896904873,0.37330287896904873
shot_noise/s5,2560.0,0.4560805559158325,0.05810696631669998,0.4018397465868343,0.048167829479621026,0.37375668484248914,0.1592118675357991,3.4290648713279004,6.505831609970486,0.4001538115868014,0.3837815322104944,0.40003382378896024,0.395548758427757,0.3781460399838527,0.37433814926348785,0.37433814926348785
shot_noise/s5,2688.0,0.4451308846473694,0.04975952208042145,0.40395150941905555,0.04824547302112348,0.36597422227568466,0.16121653808563383,3.4070356633580374,6.50501615954098,0.39573331197116296,0.3787815053492932,0.3963869399066082,0.39232876952327084,0.37070798739764416,0.36650034207600535,0.36650034207600535
shot_noise/s5,2816.0,0.501315712928772,0.06553146988153458,0.4087009827609929,0.04908869238016792,0.3654204592988199,0.16078099609057053,3.3570492890217523,6.494426445943926,0.39604647085552575,0.3785331169757733,0.395912870671,0.3914787676650178,0.36970365784165177,0.3658965022591339,0.3658965022591339
shot_noise/s5,2944.0,0.4910985231399536,0.05424737185239792,0.4127203749746008,0.049340335281252305,0.3643802906564575,0.1657594557131218,3.3170722984963548,6.492417446863656,0.396552904325553,0.3784570915646348,0.39643202039892383,0.39241996170047116,0.3689808230679074,0.3648110231624882,0.3648110231624882
shot_noise/s5,3072.0,0.44469189643859863,0.05608576163649559,0.41427996138747875,0.04966938046931295,0.3578806794101557,0.16649026302180742,3.3067862850815537,6.488385339265928,0.3937392727419191,0.3728670352586612,0.3936298947214534,0.3885124995517053,0.36356771676757116,0.3582704141761716,0.3582704141761716
shot_noise/s5,3200.0,0.5091035962104797,0.054531849920749664,0.4189055045495763,0.04990657410109035,0.3588222863669523,0.1678021654111654,3.266733717846057,6.486047286530491,0.39427940740062994,0.37314441441310153,0.3934554252655149,0.3888251111351242,0.36396802332152034,0.3591749256168691,0.3591749256168691
shot_noise/s5,3328.0,0.5363743305206299,0.05904541164636612,0.42463569118231065,0.050352371054518424,0.36616222341709365,0.16967703366471304,3.2141879059938656,6.481592529060546,0.3990066797479822,0.38064554094130126,0.398261125418708,0.3940715312531373,0.3708181817204238,0.36648129795553713,0.36648129795553713
shot_noise/s5,3456.0,0.5301395058631897,0.06607507169246674,0.4297822187277193,0.05111933206124761,0.3692900010811418,0.1811704450946035,3.1722384720740235,6.473213709429618,0.4013320403906489,0.3831941509647348,0.39993243412364954,0.39537941644022717,0.37277778369825376,0.36957870564567036,0.36957870564567036
shot_noise/s5,3584.0,0.5481136441230774,0.07511552423238754,0.4355544833811514,0.0522898780208154,0.3787567469627702,0.18405948660850205,3.119934840732894,6.458627169322832,0.4062617688484098,0.3920624947158606,0.40499537912080363,0.40087572421510137,0.38191255740930635,0.37901797221122224,0.37901797221122224
shot_noise/s5,3712.0,0.5148086547851562,0.06562373042106628,0.4394205405228101,0.05294030984521789,0.3767260631352608,0.18736137961423655,3.07844257981131,6.451861257483026,0.4053497325511191,0.3909775755281522,0.4034416844989544,0.4004391591500114,0.37958149900033017,0.3769624245885003,0.3769624245885003
shot_noise/s5,3840.0,0.5070359706878662,0.059054769575595856,0.44271885418939816,0.053238576173529006,0.37659895421102413,0.18683546007927054,3.051316869175352,6.450301690109135,0.4048591274302511,0.38876897226550833,0.4031326901385542,0.3989287394807658,0.37845759070761575,0.37681281844087383,0.37681281844087383
shot_noise/s5,3968.0,0.53248131275177,0.06982696801424026,0.4470975107046358,0.054047766019417354,0.37797115369123596,0.1875865465678587,3.015825188495675,6.441274967997492,0.4087281277938203,0.3889828119071018,0.40716601528895946,0.40339938295671907,0.3796528824903531,0.37816466201580556,0.37816466201580556
shot_noise/s5,4096.0,0.5565950870513916,0.06099216267466545,0.45243885589228244,0.05438651707577092,0.3851244049758297,0.18605391869703336,2.972214678338256,6.437814195930275,0.4159283059930997,0.398136738197919,0.4145148776052988,0.41110675876095754,0.3866460644067978,0.3852994948994885,0.3852994948994885
shot_noise/s5,4224.0,0.5260590314865112,0.05407991260290146,0.4560300839700497,0.05437156076002119,0.3826735395408905,0.1846671685533538,2.9481088392537043,6.439869507995677,0.41645714063980055,0.3944473401540956,0.414416049278798,0.4106073052203547,0.38405036523660874,0.38283196415355264,0.38283196415355264
shot_noise/s5,4352.0,0.5662808418273926,0.07390017807483673,0.4614081697191883,0.055324176238792676,0.3841925661164155,0.18878495738825174,2.900300807999829,6.429150323009804,0.4229216602695637,0.39785731967541904,0.4210748429226958,0.41610423036297406,0.3862005386822616,0.3843359116463733,0.3843359116463733
shot_noise/s5,4480.0,0.5027312636375427,0.0734119862318039,0.4634239303981324,0.056206508433573714,0.3832432439399571,0.19167425353214212,2.894200068748331,6.416751486548264,0.4249970822546141,0.39858178657127447,0.423326047641535,0.4187913648911859,0.38506009478627,0.3833729456360106,0.3833729456360106
shot_noise/s5,4608.0,0.5123463869094849,0.06200795620679855,0.46581039169136906,0.05648950588592614,0.38260736111402427,0.18910189745531716,2.8896122814366936,6.4159812472705875,0.4263358489644664,0.39801034941993363,0.42482386583151377,0.42152017608536213,0.38501347660316276,0.3827247176159263,0.3827247176159263
shot_noise/s5,4736.0,0.5880811810493469,0.05948708951473236,0.4717748204405387,0.056635729477575225,0.3872186473851463,0.18894942654939761,2.838527459474015,6.415861013746122,0.42907158017546304,0.40043054221756036,0.42770350977378496,0.4246770897238761,0.38939574533813837,0.3873248337262486,0.3873248337262486
shot_noise/s5,4864.0,0.5351030826568604,0.0713166818022728,0.47486400396328604,0.05735187349341413,0.3898666345465838,0.18816081367140616,2.818825797861288,6.41084189018992,0.4299481698077806,0.4018210022087503,0.42871031431643486,0.4259719532837689,0.3910743180602668,0.3899627139188721,0.3899627139188721
shot_noise/s5,4992.0,0.5222312808036804,0.0610244944691658,0.4771746028335492,0.057531025736133716,0.3847521720079441,0.18142406162653704,2.8115281533392067,6.409917607119922,0.4224687187850293,0.3955687057462874,0.4213486841613905,0.41738375427995983,0.38584490646619024,0.3848391064072602,0.3848391064072602
shot_noise/s5,5120.0,0.5784811973571777,0.06364370137453079,0.48211638793226275,0.05782920503556772,0.39046062083526645,0.17677855308385654,2.770845913995922,6.406823907284814,0.4231744028982924,0.39876041132665263,0.422160974782555,0.41857343263522834,0.39072433238255516,0.3905392806933033,0.3905392806933033
shot_noise/s5,5248.0,0.5482960939407349,0.06928061693906784,0.4853446662741394,0.058387810494275036,0.39131282230246295,0.1792490655803366,2.7457028786664797,6.4006322112989045,0.42163787436543887,0.3972982365424382,0.42072090579670796,0.4167498162035587,0.3915514334050365,0.3913839952019716,0.3913839952019716
shot_noise/s5,5376.0,0.5463358163833618,0.07125763595104218,0.48831984432824777,0.05901560685801977,0.38819857389770734,0.18072223601885307,2.7320275859994934,6.394198412640436,0.41784946871495093,0.394339302665704,0.4170197785346774,0.4134266629658613,0.3891394885241288,0.38826297245817887,0.38826297245817887
shot_noise/s5,5504.0,0.5475156903266907,0.07233551144599915,0.49120744657207427,0.05966535830133583,0.3906417494934044,0.17777945924132985,2.722841015034451,6.387033977649625,0.4219320594380966,0.39692300972905165,0.4211813403636195,0.4164801929631618,0.3922181213832242,0.39070001850618086,0.39070001850618086
shot_noise/s5,5632.0,0.5540786385536194,0.08613531291484833,0.49427433398580817,0.06095657559955595,0.3929639208682142,0.17939250892686656,2.7013839397821546,6.372305586146574,0.42493822867658826,0.4008967268280116,0.4242589641243696,0.4200796392010524,0.39515244653413684,0.3930166437524694,0.3930166437524694
shot_noise/s5,5760.0,0.560154378414154,0.08163737505674362,0.4974879946896299,0.06196539508527242,0.392481037263863,0.1794019964769566,2.680195713808183,6.358875903366792,0.4221741795461575,0.3988965922102353,0.4215595683719013,0.4177408573615709,0.39446125590625947,0.39252874190809395,0.39252874190809395
shot_noise/s5,5888.0,0.5714304447174072,0.07214826345443726,0.5010949434714727,0.062462120371573136,0.3966544661977011,0.1809721514821243,2.6522435612199358,6.357189415448527,0.4280201826827516,0.4039837696322236,0.4274640710848672,0.42179660561983895,0.3984462047789533,0.3966976302452176,0.3966976302452176
shot_noise/s5,6016.0,0.5963550209999084,0.07776165008544922,0.5057417765216402,0.06320843889420123,0.4064910428832263,0.18460508173962586,2.6183789401919992,6.349310972495361,0.43849639967903936,0.41457276240964436,0.4379932195836306,0.4321401767684563,0.4088372560789934,0.40653009851456035,0.40653009851456035
shot_noise/s5,6144.0,0.5247803330421448,0.062997005879879,0.5066704865958112,0.06319812508862453,0.40505525058024217,0.18190620423912607,2.623595276317764,6.3518838607810455,0.4331777358190475,0.4116427255354367,0.43348464425145866,0.42746368760548603,0.40645313295428254,0.4050905888403606,0.4050905888403606
shot_noise/s5,6272.0,0.5137389898300171,0.07124176621437073,0.5070152916316261,0.06359049782646581,0.39548351346374083,0.17431474518007778,2.640586805394646,6.345332831132995,0.4223792898160447,0.40293119306329517,0.4226569862620277,0.4157219029434528,0.3982355533750528,0.39551548817738746,0.39551548817738746
shot_noise/s5,6400.0,0.5652552843093872,0.09104570746421814,0.5098562668841997,0.06492977634538055,0.3980698536456572,0.18304296693569203,2.6194047040169854,6.329356425125165,0.4246178761512219,0.40557084750105404,0.42486914104969903,0.4171069389512146,0.40055995043632076,0.39809878496002754,0.39809878496002754
shot_noise/s5,6528.0,0.6001381874084473,0.07459453493356705,0.5142602630073337,0.06540122798382868,0.4018972322397648,0.18709226811968327,2.586198442213044,6.32754408602487,0.4311422008483096,0.40868427070142965,0.430644535119924,0.424346165463889,0.40415031803310164,0.4019234098299833,0.4019234098299833
shot_noise/s5,6656.0,0.5887109041213989,0.07941195368766785,0.5178920015982638,0.0660846780181623,0.4044122190581096,0.19010549661513282,2.5645856446474147,6.321585828553019,0.43167298482467514,0.4120776476721442,0.43122268763676647,0.42552380587184724,0.4072130480240021,0.40519810014955654,0.40443590502760535
shot_noise/s5,6784.0,0.5682072639465332,0.07149465382099152,0.5203464046396428,0.06634857927683689,0.40828657655406586,0.18920684732398393,2.545412510638755,6.3190083248189435,0.4337519987616484,0.41522239863731786,0.43334456150834133,0.42815092726417586,0.4108208185868573,0.40899765635185925,0.4083080080588862
shot_noise/s5,6912.0,0.5455568432807922,0.08523315191268921,0.521576182134333,0.06726977794200042,0.400768223045053,0.19129379225447923,2.5385193986326398,6.311637520291042,0.4290336348105099,0.41081767895738275,0.42942717314347834,0.42324066648947734,0.4045856425167222,0.40141162124400825,0.40078761466839136
shot_noise/s5,7040.0,0.567094624042511,0.07644926011562347,0.5237965939347319,0.06771755756022593,0.40125280621744525,0.19245708388998387,2.52666937391035,6.307043384089664,0.42915164101533937,0.4096207255765491,0.42950772180323055,0.4223856655148691,0.40398186333607045,0.40183496484957554,0.4012703521181577
shot_noise/s5,7168.0,0.5650930404663086,0.08466128259897232,0.5258110547411502,0.0685440807328477,0.40462850580412507,0.1919480812591704,2.519767279173855,6.296701341107442,0.43208411420840637,0.4137615250457651,0.4324063027142853,0.4267615093683021,0.40786000245934745,0.4051552537395624,0.4046443816607483
shot_noise/s5,7296.0,0.5671852827072144,0.06753987818956375,0.5278293097638851,0.0684950952429314,0.3988340019798181,0.18923812111552538,2.5086099213184156,6.3003074061617435,0.42737578091075906,0.4062983519301658,0.4276673030508197,0.42179759413990925,0.4009957250093203,0.399310613288444,0.3988483667495527
shot_noise/s5,7424.0,0.5682675838470459,0.07648544013500214,0.529801908499649,0.06888486816449582,0.3951154176152905,0.1852617086357609,2.5027602665363657,6.296845039534683,0.42166556381038933,0.40259431486364194,0.42265435332557805,0.41661831688685425,0.39779639960688645,0.39554666437342256,0.39512841512556196
shot_noise/s5,7552.0,0.586372435092926,0.08322150260210037,0.5325614463822479,0.06958421618584239,0.3952643070748702,0.1840247226858967,2.485235722103022,6.2887102387649865,0.4246227379866759,0.40130633724425896,0.42475521797037724,0.41849432479768306,0.39845230446286395,0.3956545071457321,0.39527606746340255
shot_noise/s5,7680.0,0.5740299820899963,0.0995527133345604,0.5345843017826258,0.07104609409553594,0.3934098816542995,0.18889149506558528,2.4730218899204277,6.26957286852794,0.42443556482911,0.4003640326879939,0.4245554351772419,0.41667823796387615,0.3962944408614016,0.3937629419206773,0.3934205226721209
shot_noise/s5,7808.0,0.551387369632721,0.06583496928215027,0.5354039636289719,0.07079189288512688,0.39318199285912525,0.1872718405679686,2.4802364788440934,6.276324244769997,0.42346683171033683,0.40092426753030264,0.4235752926261659,0.4172100535056845,0.3965170104403282,0.3935014483410768,0.3931916210495514
shot_noise/s5,7936.0,0.5687204003334045,0.09794407337903976,0.5370291556633344,0.07211638949458604,0.3884398043656927,0.18892948810462834,2.46184508843197,6.2581542315888035,0.41885368889436186,0.39700672868149334,0.4197140214660311,0.41174241010240703,0.3914573901723612,0.38872885361497783,0.38844851613109316
shot_noise/s5,8064.0,0.6433725357055664,0.11175674200057983,0.5422166376166141,0.07405006522658573,0.39169657491982063,0.1933294178507672,2.4251309733846718,6.236239030644034,0.42440226698889016,0.40166031191228513,0.42518071186783657,0.4172428350777877,0.39442694256523575,0.39195811204543796,0.3917044574868487
shot_noise/s5,8192.0,0.5592087507247925,0.08763574063777924,0.5430455211828668,0.07471278110030248,0.3939555267418484,0.19654836082749372,2.424912434638766,6.231970515769483,0.42503545395009035,0.4029709009033823,0.42497761020284325,0.4177580917033403,0.3957009991919831,0.39419217038733556,0.3939626590347988
shot_noise/s5,8320.0,0.5882222652435303,0.09147509932518005,0.545249264795582,0.0755304551600526,0.3981373326438735,0.19949810042749433,2.4100612233597105,6.222479617342739,0.43075783786917743,0.40701962538610614,0.4307054997730663,0.4234481305656041,0.39971666851338855,0.3983514522065064,0.3981437860749131
shot_noise/s5,8448.0,0.6021566390991211,0.09177397191524506,0.5480252342738033,0.0763228218310376,0.39807295238032814,0.1997689534504574,2.3842065316010803,6.217397313333054,0.42755141070732827,0.4068348305843351,0.42750405422655197,0.42093745186810455,0.40022697966024023,0.398266691734739,0.39807879156451087
shot_noise/s5,8576.0,0.6356250047683716,0.0893743708729744,0.5522983938101237,0.07695948275991256,0.40468855477125465,0.2030256265307232,2.3428638634292422,6.211465670223119,0.43437281123488775,0.413415840165838,0.43432996221212705,0.42766336364746405,0.4066375586336855,0.4048638537350017,0.40469383817348065
shot_noise/s5,8704.0,0.579537034034729,0.08168388903141022,0.5536271079674214,0.07718994160242464,0.39736394515590623,0.1970862450643843,2.336728572491683,6.212346451564084,0.4256356608496515,0.40674776495671594,0.4248718753864635,0.42036420351445136,0.3998524548969873,0.39752255891192,0.3973687256763022
shot_noise/s5,8832.0,0.5693164467811584,0.08602523803710938,0.5543924415680914,0.07762093167240924,0.3980610116490978,0.19899951144731023,2.336171664168063,6.2078639004028195,0.422842409370803,0.40578947085018735,0.4221513221075615,0.4181098771835101,0.4003126614505162,0.3982045283194708,0.39806533715268033
shot_noise/s5,8960.0,0.6141136884689331,0.08255043625831604,0.55730567312423,0.07786139531074616,0.3972045203559058,0.19569274652668583,2.3149714737729874,6.211330547074621,0.42195095458238624,0.40423455393404817,0.4213256459997627,0.4183938864938244,0.3992418548877067,0.39733437690298334,0.39720843415183027
shot_noise/s5,9088.0,0.5952713489532471,0.10728085786104202,0.5591576573110113,0.07929649104490694,0.402527112112631,0.19952330009939867,2.298550226921963,6.194994928454326,0.4294169553359961,0.411100241840385,0.4288511645244729,0.4254362589869761,0.40658275507686015,0.4026446087266137,0.40253065338782495
shot_noise/s5,9216.0,0.6372109651565552,0.10079903155565262,0.5629651357425012,0.08034539546006526,0.40817964754509917,0.2013161448252144,2.275015398280259,6.184084047634334,0.4346479411457763,0.4159367744433228,0.43413600311821726,0.4296332837115947,0.4118492685734112,0.40828596066221257,0.40818285175662206
shot_noise/s5,9344.0,0.6302958726882935,0.11293742060661316,0.5662495619349789,0.08193525034526272,0.40872099578589877,0.20130241301555687,2.255182376507726,6.166564617406212,0.43564441908550017,0.4171898179228399,0.43518120805640004,0.43038204909300154,0.41204133700187884,0.4088171898674749,0.408723895015956
shot_noise/s5,9472.0,0.590789794921875,0.09689278900623322,0.567446646470925,0.08266488637750519,0.40333633824530163,0.19846428923061393,2.2460629427293486,6.157523001613249,0.43204724058836746,0.41397350568747143,0.43162811865186457,0.42881014079146657,0.4078278545983687,0.40342337643571047,0.40333896152246823
shot_noise/s5,9600.0,0.6014068722724915,0.1156233623623848,0.5691032428514892,0.08427261691335297,0.40829837624693854,0.19738351214739072,2.240768941777152,6.142169337994369,0.4387753438042277,0.41792308277849133,0.4369089045029661,0.43435914583213603,0.4123623836074472,0.4083771300170824,0.4083007498368079
shot_noise/s5,9728.0,0.5997706651687622,0.0953371673822403,0.5705992146718439,0.08481235108256699,0.40360459861486825,0.19201833550040528,2.23278076349512,6.139104827314707,0.4327051147687272,0.4100638066068324,0.4310163258471216,0.42794706175531166,0.40728178790418035,0.4036758564877944,0.4036067462830368
shot_noise/s5,9856.0,0.5937855839729309,0.0980653315782547,0.571730257076775,0.08545883793601516,0.4097680514534292,0.19833648917080096,2.2289672700955165,6.136315408601739,0.43689811395790246,0.4163746578518691,0.4353700663970683,0.43259293928008863,0.41385743569438327,0.40983252689942606,0.4097699947034496
shot_noise/s5,9984.0,0.6009211540222168,0.11490266770124435,0.5731542032692356,0.08689512231480682,0.41175696386714206,0.2032538965073101,2.223568701633381,6.122858416371033,0.4414170323200295,0.4192219539516317,0.4400344265258423,0.43607160062166256,0.4161821295009857,0.4118153024473688,0.411758722155828
shot_noise/s5,10112.0,0.5766186714172363,0.10136096179485321,0.5733232017154795,0.08760077302115055,0.4105077882462362,0.20480319844593614,2.227122061794928,6.116851052284754,0.4411185640444764,0.41951165494374293,0.43986755666020594,0.43551972310859527,0.41599897023854804,0.4105605740764116,0.41050937917847374
shot_noise/s5,10240.0,0.6166662573814392,0.09899341315031052,0.575437497113819,0.0881565115640364,0.4155122521847264,0.20239405998588272,2.207073447511401,6.111447554916696,0.4454216751407785,0.4236591178878245,0.4442897404403172,0.4410807548174737,0.4204807755697987,0.4155600137835943,0.41551369168974334
shot_noise/s5,10368.0,0.6061249375343323,0.10516040772199631,0.5769344454270147,0.08898596991320518,0.4128831859446573,0.20463867652500156,2.191533957480717,6.101640799937526,0.4459689874414778,0.42177901148565206,0.4449447919153614,0.4404796716700639,0.4181409932431075,0.41292640152578636,0.41288448843551434
shot_noise/s5,10496.0,0.6642135977745056,0.12506291270256042,0.5811919650537216,0.0907458207809786,0.4187769636060819,0.21429159845004603,2.155969123131139,6.07949507900256,0.45248740624538236,0.42907547678148533,0.45156069512389335,0.44752057145161644,0.42353432523662493,0.41881606586598513,0.4187781421239841
shot_noise/s5,10624.0,0.6350012421607971,0.11925438046455383,0.5838168078394326,0.09213648222895787,0.41827246379824545,0.21170435529001785,2.137563951918325,6.062076110891723,0.45029868822083674,0.4283157645357758,0.4494601827980022,0.4442802136691901,0.4225770129000039,0.41830784424875866,0.418273530143117
shot_noise/s5,10752.0,0.5878797769546509,0.12469930946826935,0.584015001454809,0.09372491282599746,0.41487874327015545,0.2115384142749061,2.145774450760208,6.0424491790433015,0.44751892015698547,0.42476548355676086,0.44752242000937614,0.4421104729273279,0.4195729545632992,0.4156729512804056,0.414879708118787
shot_noise/s5,10880.0,0.6092010736465454,0.11362391710281372,0.5852435903422107,0.0946955959614519,0.41638121267930184,0.21077479364195847,2.143928368765618,6.036734533647165,0.4466024851628642,0.42456472367033504,0.44584345677231474,0.4417088217266304,0.4206286221836871,0.4170998268277792,0.4163820856922516
shot_noise/s5,11008.0,0.6376319527626038,0.13108868896961212,0.5877991202163763,0.09647086879111826,0.4236523346134551,0.21461984600203382,2.131460688814817,6.022152251384763,0.4525586733686594,0.43105692724722167,0.4518718903930343,0.44664358586924735,0.42822048443866034,0.4243025500327496,0.42365312453177556
shot_noise/s5,11136.0,0.62672358751297,0.1303357630968094,0.5896978747186491,0.09812281485481049,0.4285954497008121,0.22023678510951425,2.126024389091072,6.004432188861304,0.4585614171289297,0.4367824725419537,0.45794000314563066,0.4532093361731857,0.43425318669316026,0.4291837766804355,0.4285961644335696
shot_noise/s5,11264.0,0.5628130435943604,0.10324607789516449,0.5883864195418546,0.09837273012507165,0.4204825574032927,0.21994654976298106,2.1504353262111398,6.0104322124423115,0.4497713655283177,0.42934035736841847,0.4492090986225486,0.44424086872065166,0.42632679771582194,0.4210148865740287,0.4204832041067575
shot_noise/s5,11392.0,0.5907108783721924,0.11054360866546631,0.5884998077774808,0.09896643151728603,0.4214516477158883,0.21827108994021072,2.15855001892707,6.008626196207331,0.4501649297849918,0.4294663495284738,0.449656180252764,0.4444358187531892,0.4259774297000387,0.42193330902980225,0.42145223286518624
shot_noise/s5,11520.0,0.6353201270103455,0.13582643866539001,0.5907837257888401,0.10076448064646182,0.4237785283616098,0.21679228304524717,2.135211845358964,5.9887449825838575,0.4505210340291329,0.4302681841956029,0.4500607080097882,0.44457503291112477,0.4278735399011058,0.4242143444582565,0.42377905781555514
shot_noise/s5,11648.0,0.6226410269737244,0.13069315254688263,0.5923377404807856,0.1022244158611165,0.41986073268174207,0.21556577186901899,2.1312406760912,5.9745740951336055,0.4470694483987574,0.4257326937308221,0.4466529368726281,0.44092720110518785,0.4235659751276513,0.4202550671749007,0.4198612117414987
shot_noise/s5,11776.0,0.6355725526809692,0.11410469561815262,0.5944467557100628,0.10280394170292312,0.4245512637768766,0.215143836414502,2.1124509400919416,5.972658182709322,0.4484823801395062,0.42986432311991696,0.4481055127800519,0.4443747905300361,0.4279038359126458,0.4249080649452849,0.42455169723903596
shot_noise/s5,11904.0,0.6087971925735474,0.1337711215019226,0.5951467770204767,0.10431453583945967,0.4249100072603386,0.21769930112222338,2.1147570201191206,5.955754081212849,0.4510621357478815,0.4289923470942259,0.4507211391662456,0.44509610731480365,0.4279434767537979,0.42523284757987995,0.4249103994649457
shot_noise/s5,12032.0,0.5868586301803589,0.11913664638996124,0.5947424771746173,0.10503756562241096,0.41733380192919395,0.21192482867751444,2.121435256343218,5.951457811530022,0.44081083192892784,0.42095321828097415,0.4405022918928373,0.4361748537928711,0.4200413611793733,0.4176259138423542,0.4173341568032019
shot_noise/s5,12160.0,0.6283906698226929,0.12363895028829575,0.5963838524257429,0.10594495024025899,0.4208891806866769,0.21627389316983908,2.1090298615406735,5.943639330676279,0.446630443405056,0.42565130577356436,0.4463512706537808,0.44094851434798155,0.42482624054362095,0.42115348896741267,0.4208895017832659
shot_noise/s5,12288.0,0.6516659259796143,0.14751629531383514,0.5990805389405658,0.10797282073165294,0.419458622144221,0.21487364158912864,2.0899293541328468,5.9196694377237,0.4435491697912493,0.4245296764316427,0.44329656910434295,0.4391330697937417,0.42378314209806506,0.419697773182293,0.4194589126783744
shot_noise/s5,12416.0,0.6028345227241516,0.14521852135658264,0.5992636601007407,0.10978968417677146,0.41591482110729333,0.2115431641029534,2.0919528395671656,5.895869730372881,0.43996180086406317,0.42050320514725076,0.4397332430741853,0.43592885137196974,0.419790546776417,0.4161312094052752,0.41591508398798777
shot_noise/s5,12544.0,0.5852545499801636,0.1225418969988823,0.5985802888753468,0.11041174333882564,0.41510645027019216,0.21005407650243435,2.1122258447921176,5.89248916554466,0.43831463361941697,0.42067095480604905,0.43734563516706476,0.43390335094394167,0.41785108366860807,0.41530224241845537,0.41510668812952367
shot_noise/s5,12672.0,0.6322122812271118,0.12786155939102173,0.6002208738681158,0.11126295387795715,0.41491413495595614,0.2056951221654983,2.098701635061801,5.88890465605308,0.44113715510715834,0.42139903168352205,0.4402603873224899,0.43562135442339994,0.4166353350743324,0.4150912913256815,0.41491435017549405
shot_noise/s5,12800.0,0.5679045915603638,0.14251109957695007,0.5986444698531035,0.11278725366815191,0.40524057065318814,0.2053761337380862,2.120365635266132,5.8715943710351,0.43331773522783334,0.4133204504405931,0.4332866145850726,0.4284012968935106,0.40679794446642453,0.4054008650246053,0.4052407653878206
shot_noise/s5,12928.0,0.6016120910644531,0.12390342354774475,0.5987892318634132,0.11332950585740033,0.41212204518947004,0.20966067782012437,2.112737532751758,5.8673416971249805,0.4352401994536196,0.4179084801428567,0.43597423604038993,0.4308288950476083,0.41276899079918605,0.41226708251185284,0.41212222138897986
shot_noise/s5,13056.0,0.6254059076309204,0.13970035314559937,0.6000876062910965,0.1146158886519466,0.4109496613522807,0.21266367695681687,2.1016663971764538,5.853924391904963,0.4340052607786766,0.41618533509654076,0.434669430706385,0.43005101092647957,0.4115350297475086,0.4110808938135206,0.41094982078086756
shot_noise/s5,13184.0,0.6142328977584839,0.1470717489719391,0.6007776205090178,0.11619910135048281,0.4133280398077448,0.21675651555700087,2.0942834281435445,5.837851073803294,0.4356392038336509,0.41657816459359814,0.4362401571114881,0.4313363103029003,0.41385769199640726,0.41344678137439905,0.4133281840616892
shot_noise/s5,13312.0,0.6198927164077759,0.1419728547334671,0.6017100642113963,0.1174563576130674,0.41577748277666854,0.21397183828804184,2.0853487730806304,5.824843903328475,0.43516566271920465,0.4179560608845108,0.43570941639891336,0.4320345199111905,0.41625672190751667,0.4166471174720172,0.4157776133003149
shot_noise/s5,13440.0,0.6401147246360779,0.1287899762392044,0.603583462280893,0.11800921705824481,0.419220732482637,0.21072719573831744,2.068095930724345,5.821183434475124,0.4382135472908449,0.42195414551180305,0.43798053084042066,0.43465541629085114,0.41965435694308917,0.42000759409573957,0.4192208505828548
shot_noise/s5,13568.0,0.6437849402427673,0.16535644233226776,0.6055445099863502,0.1203188378033191,0.42107212022967927,0.21305238829148176,2.051162910866823,5.791080138170193,0.4374949764600684,0.4235453630716552,0.43728413885085055,0.43427551349100807,0.42146447168973145,0.42178408722166555,0.42107222708894826
shot_noise/s5,13696.0,0.6474239230155945,0.17594122886657715,0.6075874081828987,0.1230321251722585,0.41981005048741354,0.21279531980448768,2.0368626492689,5.7613386191783515,0.43764417560723623,0.4242972916311645,0.43669121070323835,0.4339689506364207,0.4209272524926124,0.4204542514361412,0.41981014717566345
shot_noise/s5,13824.0,0.6544451117515564,0.1594449281692505,0.6098731498203942,0.1248083594647947,0.42210727947135984,0.21557431970412003,2.018748059040387,5.744053797746345,0.43904330225973004,0.42692961366508103,0.4381810419272013,0.43644290536466146,0.4238803397033096,0.4226901644463835,0.422107366956683
shot_noise/s5,13952.0,0.6077840328216553,0.14907251298427582,0.6097712416741142,0.12599197670964743,0.41899921003922563,0.21438937553240128,2.023344023291165,5.735187696513667,0.435810447791225,0.42561195263806556,0.435030258638473,0.434981950660113,0.42136570296771797,0.4195266151831941,0.4189992891975698
shot_noise/s5,14080.0,0.6481789946556091,0.1427249312400818,0.6116447906000408,0.12680821839405887,0.4139375660140762,0.21328003580296392,2.004326826179393,5.728094108182442,0.4299480613268609,0.4221703033685293,0.4292421317008432,0.42992343661750854,0.41607881273878583,0.4144147719771792,0.4139376376380152
shot_noise/s5,14208.0,0.5884243249893188,0.1681242287158966,0.6105120849604935,0.1288236335317095,0.4154180772798393,0.213837855119755,2.0103605542473226,5.704301150213305,0.4306668657216867,0.4251166159568905,0.42930311262164333,0.4283951797116184,0.4180805319308109,0.41584986209237923,0.41541814208650873
shot_noise/s5,14336.0,0.6355006098747253,0.1746973693370819,0.6117310373953341,0.13106137674172766,0.41008381650364994,0.21739136087873132,2.008624600595296,5.678119581285908,0.42395556380885513,0.4203464443012674,0.4234838098141103,0.42411232500973917,0.412492854888021,0.41047450341612657,0.41008387514192723
shot_noise/s5,14464.0,0.6107067465782166,0.1628350019454956,0.6116810719896211,0.13261130967849682,0.41193113319574753,0.21512255199080924,1.9991165134036148,5.660276449487763,0.4274197873606595,0.42266697904951084,0.4269929355902807,0.4275616278047669,0.41483589071069593,0.4122846339654542,0.4119311862527491
shot_noise/s5,14592.0,0.635181188583374,0.15922769904136658,0.6128274191405358,0.13390967013522218,0.4092153501432076,0.21409214846997077,1.997934029985025,5.651731970054279,0.4247541621508406,0.4189293427330791,0.42436793874647044,0.4248825020172816,0.41256864352823824,0.409535204200747,0.4092153981501674
shot_noise/s5,14720.0,0.6274718046188354,0.16784554719924927,0.6135417794077699,0.13556507877249177,0.4119818843354068,0.2167477143502829,1.9913007177845927,5.632065621474365,0.4289417493345798,0.4215334802480745,0.42859228722985215,0.42905787362777237,0.4157782015505356,0.4122712942232815,0.411981927772995
shot_noise/s5,14848.0,0.6228169798851013,0.16086748242378235,0.6139942282115421,0.13679934236523766,0.410172186837688,0.21918769989695436,1.980967899873968,5.6203300028555425,0.42845502720874235,0.4210640532167289,0.42813882741023507,0.4270728886304828,0.4143321799871294,0.4104340502757948,0.4101722261408241
shot_noise/s5,14976.0,0.640989363193512,0.21429039537906647,0.6153110640643211,0.1405793937317659,0.41502269255212576,0.22368202947249707,1.9735688528912534,5.5694318789663875,0.4345025855945848,0.4292651248915197,0.43421648214810676,0.43325200095595734,0.4202367613089969,0.4152596314512099,0.4150227281143328
shot_noise/s5,15104.0,0.6113641262054443,0.16317859292030334,0.6151185305102296,0.14168179369218234,0.4128120258011798,0.22179974231271152,1.981973296237076,5.566733704384213,0.43486224431253034,0.43088548778108354,0.43460337260396814,0.4337306921201732,0.41901702198154916,0.41302641251474737,0.41281205797852477
shot_noise/s5,15232.0,0.6536540985107422,0.17219007015228271,0.6169983143151325,0.1431700022999921,0.409900857372751,0.22078444857681986,1.9671124727595262,5.550832001693213,0.43438829482412766,0.42777845146640575,0.4341540628974631,0.4333272651485921,0.41551525308384074,0.410094838450286,0.40990088648740997
shot_noise/s5,15360.0,0.6640305519104004,0.19845277070999146,0.6192925698075845,0.14586672271023596,0.41183994887802156,0.22367676757010294,1.9450209639158376,5.528558129185427,0.4363204023958942,0.4303025131947669,0.4368334798733143,0.43608537792445484,0.41768215344468873,0.4127776616792891,0.41183997522150534
shot_noise/s5,15488.0,0.660954475402832,0.20720812678337097,0.6213248578854014,0.1488589863235596,0.4210305248325228,0.22251999611786233,1.9224955473882022,5.492392269391718,0.44924127426779004,0.43998520081453923,0.44966833604242173,0.4481920641422343,0.42631665995798423,0.4218789847794162,0.4210305486685958
shot_noise/s5,15616.0,0.6300179362297058,0.17472541332244873,0.6217489104875625,0.15012076325033466,0.4196608734504861,0.22151050808760775,1.9176123850890288,5.482781766750896,0.44446146826966604,0.4375736112069685,0.4448478816897819,0.44496215321852367,0.42448104687453536,0.4204285757581749,0.41966089501780734
shot_noise/s5,15744.0,0.6621701121330261,0.1739785075187683,0.6237206764214875,0.15128455565367288,0.4213588271970192,0.2184220599650514,1.903520056363797,5.4774699972073195,0.4431482113254979,0.4376409652860197,0.4434978453599989,0.44360124036012755,0.42572020957535295,0.42205345849386317,0.42135884671153184
shot_noise/s5,15872.0,0.66142737865448,0.19816721975803375,0.6255600277499263,0.15357151487827586,0.42445673775530407,0.21696606377563543,1.8872742646151215,5.450503394612589,0.4478344315443678,0.4421263582391648,0.4481507869081251,0.44751932575119213,0.43061522234628896,0.42584744816726106,0.4244567554123973
shot_noise/s5,16000.0,0.6316953897476196,0.2049797773361206,0.6258593137010332,0.15607923499817072,0.4226494337452811,0.21786087626575937,1.896050277697907,5.423792845439303,0.4460514101005255,0.4393994294359129,0.4463376543053291,0.44500410140842545,0.4289839400289741,0.4246699694600857,0.4226494497217468
shot_noise/s5,16128.0,0.6329086422920227,0.2118355631828308,0.6262031833883985,0.1587990558852273,0.41963848228826445,0.22236995407508625,1.8883770531188442,5.393469921221968,0.44748687969238504,0.4385308043854988,0.4470208638895929,0.445089225605125,0.42540724139444946,0.422228895626883,0.4196384967440671
shot_noise/s5,16256.0,0.6214642524719238,0.21835529804229736,0.6259720160266193,0.16170423842947462,0.42076227338515776,0.22427480675086625,1.8897060030464563,5.362640222355009,0.4518344997097666,0.4430058616718285,0.4514128399619695,0.4481778477961898,0.42743198343899913,0.4231061274529976,0.4207622864650363
shot_noise/s5,16384.0,0.6467510461807251,0.21613210439682007,0.6269856272536488,0.16435925628154024,0.4127071194639053,0.22138800182514431,1.8798183753046633,5.338766949693852,0.44230905654881314,0.43287071124500365,0.44192753098284093,0.43976264515050845,0.4187791771628302,0.4148278821273107,0.4127071312988222
shot_noise/s5,16512.0,0.6455274820327759,0.20697243511676788,0.6278901079745818,0.16643794793203914,0.4135797315315883,0.22030035739205503,1.8728778984301102,5.3171529970260725,0.44032693337938417,0.43334851386296874,0.43998172196603275,0.4387850882057842,0.4205982322811806,0.41549863695159994,0.41357974224004074
shot_noise/s5,16640.0,0.6472625732421875,0.1980130970478058,0.6288351062803186,0.167978199108418,0.41436928712644,0.22098934776520862,1.8690647962367577,5.309553190588521,0.4429951015288776,0.4359930634060532,0.442682747834822,0.440874996526471,0.4222069668647684,0.416867743488033,0.41436929681564655
shot_noise/s5,16768.0,0.6447820663452148,0.23102928698062897,0.6296130067712891,0.17105386193145267,0.4180209314213654,0.22748723851926372,1.856842106491514,5.27628087261938,0.44605996396515335,0.4375865255446799,0.44577734054536833,0.4441416536090198,0.42435041439697363,0.41955656623753607,0.41802094018833935
shot_noise/s5,16896.0,0.62125563621521,0.1908484697341919,0.6292053301587974,0.17201945255597653,0.4169005572230201,0.2236811955906009,1.8668695414804994,5.277923073260661,0.4466208835163583,0.43757828991877346,0.4463651606005385,0.4441601458294581,0.42411480089101533,0.4190150429787581,0.41690056515554086
shot_noise/s5,17024.0,0.6655160188674927,0.23200994729995728,0.6309765832665387,0.1749458181532439,0.4254979164403412,0.22321183729524327,1.8478383317377,5.245765421919491,0.4533003354124812,0.4435196781478016,0.4537939674440327,0.45176164890339426,0.43130048313815245,0.4274111423977936,0.42549792361783323
shot_noise/s5,17152.0,0.6740119457244873,0.20566797256469727,0.6330758692400972,0.17644445983185136,0.4251530820379291,0.22877317342419096,1.8344615668885298,5.2362789785861255,0.4554215111019535,0.443671731387749,0.45586815852609974,0.45257924924572435,0.4311283669560558,0.4276092192665342,0.42515308853225714
shot_noise/s5,17280.0,0.6506812572479248,0.23559708893299103,0.6339346686551132,0.17932995393434598,0.42933987970237364,0.2301057387139765,1.8284496936274772,5.204699654818083,0.453752896124968,0.44384649223127076,0.45415703100428173,0.4511811648439897,0.4339842332779065,0.43156223825365764,0.4293398855785622
shot_noise/s5,17408.0,0.6082373857498169,0.23999954760074615,0.6326811426597329,0.1822894463083167,0.4235170773511661,0.232835858764996,1.8493357491606892,5.178760988056227,0.44938022308511383,0.4396545298535174,0.4497458918248141,0.447053272889773,0.42771937466727883,0.42552790861618867,0.42351708266805055
shot_noise/s5,17536.0,0.6667367219924927,0.24171602725982666,0.6343423904320625,0.18518830391570743,0.43003463691322047,0.23355865031621587,1.828088548763888,5.14447711853588,0.4556483160692791,0.44684832832076143,0.45597917993191095,0.45278065322150185,0.43303757814927485,0.43109187924165554,0.4300346417240362
shot_noise/s5,17664.0,0.655227780342102,0.21677479147911072,0.6353611899398693,0.18672910818709296,0.4301317267965546,0.23588575677035356,1.8254411877248318,5.132277487907876,0.4571184347063495,0.4498066968327651,0.45741780647021807,0.4545237201367664,0.4328860240125205,0.43036332440604286,0.43013173114947
shot_noise/s5,17792.0,0.6932120323181152,0.23657666146755219,0.6381831822510032,0.1891606961519934,0.43852936136678133,0.2416536204923901,1.8039979747393722,5.106489213131698,0.4658474950555369,0.45781884942453044,0.4653933573118392,0.4635741096537904,0.44178369573054355,0.4395011103043374,0.43852936530538
shot_noise/s5,17920.0,0.6236940622329712,0.29118049144744873,0.6374763959086601,0.19413727153225951,0.43458322941039523,0.24458590527598173,1.8094262252049864,5.0488989881753215,0.4614762284232431,0.45348674596948885,0.461065316163776,0.46090643711089535,0.43897784128861195,0.4354624858851262,0.4345832329741124
shot_noise/s5,18048.0,0.6497611403465271,0.22318167984485626,0.6380756517348976,0.19555407193775204,0.43707307670030404,0.24792692559474608,1.8092781098748425,5.040018749720032,0.46438078133953165,0.4564267344554387,0.4647711754224291,0.46462741870652696,0.4418115982153354,0.4386308393999268,0.4370730799248215
shot_noise/s5,18176.0,0.6293928623199463,0.2204129546880722,0.6376521010317292,0.19676670036459692,0.434176472136325,0.2481614240509273,1.8180302482529676,5.0329728790128225,0.4663954006052514,0.4539374260004296,0.4667486364173198,0.46585636755064097,0.43995118434594,0.4355859647396125,0.43417647505392826
shot_noise/s5,18304.0,0.6663016080856323,0.2438381016254425,0.6390496379611879,0.1990628662797601,0.4352178251751042,0.24688639261240955,1.80052446992001,5.01000163604042,0.4650951245214678,0.45309790300217334,0.46541473884041845,0.46384520228704634,0.4419301019572723,0.4372181751153781,0.43521782781500584
shot_noise/s5,18432.0,0.6364486217498779,0.26583966612815857,0.6389227591216118,0.20232027115041368,0.43554658660995443,0.24725711074567217,1.7985314954308675,4.9742560629216905,0.46940269744030483,0.4562236231209432,0.4696918904082549,0.4682717446035678,0.4439065645907264,0.4388809306070731,0.43554658899858645
shot_noise/s5,18560.0,0.6528781652450562,0.27394089102745056,0.6396035106398286,0.20581395992490326,0.43428248556439064,0.2557536082356736,1.7899400104122098,4.937410666181177,0.46792772326395216,0.45527803733905686,0.4681893904288849,0.4676666112683085,0.4448955292935722,0.4380616570216289,0.43428248772566924
shot_noise/s5,18688.0,0.6530488133430481,0.276129812002182,0.6402593790643758,0.20924400148964856,0.43226496760466276,0.2596304212530991,1.7747497594905468,4.898821094311608,0.46709507262609823,0.4557237625179687,0.46733183393357164,0.4668959938959531,0.44484226654106085,0.43568443208203306,0.43226496956022775
shot_noise/s5,18816.0,0.6923062801361084,0.25112321972846985,0.6427982522873871,0.2112868901842252,0.4372620557565093,0.2563900182783841,1.752174113942099,4.877289886898344,0.4663788551245065,0.45837646804867954,0.46583088602793715,0.46543652987254286,0.4478056736519652,0.4395938555602452,0.4372620575259408
shot_noise/s5,18944.0,0.6164007186889648,0.2660447955131531,0.6415105677216104,0.21395800751734362,0.4274877077963418,0.2527330266516491,1.773961240233527,4.852202549466235,0.4576069236432923,0.4488046447959795,0.4571111110342013,0.45675429026540015,0.43775278383381266,0.4295975635378542,0.42748770939735625
shot_noise/s5,19072.0,0.6619817018508911,0.2985222339630127,0.6425091596303558,0.2180830917342055,0.426005385816916,0.24949847325232494,1.7756363870238847,4.80932489352839,0.45851881669330613,0.4481934055530546,0.4580701962421298,0.45774733818778923,0.436743446883539,0.4279144224515623,0.4260053872655436
shot_noise/s5,19200.0,0.6497126817703247,0.2674996256828308,0.6428605509542566,0.22049365436584575,0.42252628901102274,0.24787309804686863,1.7726852866559675,4.797706895714397,0.4549194647177386,0.4463390361964283,0.4545135446069479,0.45567144639121204,0.43445451083275594,0.42425362079049744,0.42252629032176786
shot_noise/s5,19328.0,0.6644968390464783,0.2831769585609436,0.6439159796416821,0.22355137652170415,0.42463934300164513,0.2509755991250965,1.7629798618266743,4.770299793066642,0.4591359344650091,0.45148374423246124,0.4602930406586364,0.46061571681203656,0.4376816246142901,0.4262022648556493,0.4246393441876317
shot_noise/s5,19456.0,0.645969033241272,0.26977843046188354,0.6440161285977596,0.22580635476268848,0.4230005596106497,0.2501205450739272,1.763744527960669,4.757510226153862,0.457913150696775,0.44877708208065054,0.4589601218571005,0.46001428035164044,0.4355636532054344,0.4251769154345286,0.42300056068375236
shot_noise/s5,19584.0,0.6830015182495117,0.3044722080230713,0.6459178549222353,0.22964371345831688,0.4280057115810816,0.25220975553684905,1.7371681038934785,4.713450598192049,0.4610824819808416,0.45277881727820907,0.46202980091888746,0.4637086379624301,0.4415852567075941,0.42997491872451993,0.42800571255204484
shot_noise/s5,19712.0,0.6620380878448486,0.32161790132522583,0.6467042077477286,0.2341302592079222,0.43188381160905714,0.25348663781769626,1.7323678589254015,4.667126126455698,0.4662739173663653,0.458760607424245,0.4671310691241093,0.4693751269130614,0.44638306094720437,0.43442778190362563,0.4318838124876027
shot_noise/s5,19840.0,0.6400201320648193,0.27717041969299316,0.6463781552753917,0.23622977923158417,0.4286817533952266,0.2597914492092302,1.74059340735219,4.653874322453417,0.46654677472590217,0.4552497822083739,0.4665601464234207,0.4671034015673803,0.44183812355782137,0.4317457800567606,0.42868175419015087
shot_noise/s5,19968.0,0.658913791179657,0.35183101892471313,0.646989649709746,0.24186886409466363,0.4257844716919331,0.26488268545344384,1.7429094464850992,4.592850880656182,0.46313140651879664,0.4506230926466012,0.4631435054788952,0.4658472776823232,0.4369635847301881,0.42855685988479053,0.4257844724111953
shot_noise/s5,20096.0,0.6272988319396973,0.3182452321052551,0.646029122013646,0.24559454058298516,0.42621173791994654,0.26658927101409163,1.752902423799214,4.5489552750653495,0.46000393772462206,0.4479611683018919,0.46001488508828053,0.46242412811113237,0.4356017920134539,0.42872024621342436,0.4262117385707484
shot_noise/s5,20224.0,0.6524556875228882,0.28896766901016235,0.6463426130140969,0.24771030294528648,0.424999585589672,0.2589498995909776,1.7503229287078974,4.5330784578210075,0.45706260516308755,0.44536670849921334,0.4570725105409129,0.46001463346640825,0.4342208956885564,0.4272693304524797,0.4249995861785296
shot_noise/s5,20352.0,0.6461708545684814,0.2792055308818817,0.6463342345533352,0.2492466555275594,0.4292381735168894,0.2515729014145609,1.7518141854655338,4.523395411986063,0.4582493887287663,0.449878949213149,0.45825835129847026,0.4616826338503313,0.4383439811673374,0.43129188079608666,0.4292381740496987
shot_noise/s5,20480.0,0.6954786777496338,0.3297496438026428,0.6487315244653498,0.25317363056536835,0.4314745757996364,0.25519698575344857,1.7242410095279372,4.478473316408176,0.45837511615493964,0.4501135525004162,0.45910824052645643,0.4622437751852194,0.43967649931916725,0.4332956280135917,0.43147457628173214
shot_noise/s5,20608.0,0.665707528591156,0.28292495012283325,0.6495596222275841,0.25462491444622026,0.4275864543671903,0.25321511917370326,1.7155481438730906,4.4781982107008025,0.4527259379367419,0.44448852668241107,0.45411429734725767,0.4547391624370724,0.43653209724238745,0.4292341762097995,0.42758645480339946
shot_noise/s5,20736.0,0.6735126376152039,0.33049994707107544,0.6507280620025899,0.2583261355498717,0.4278050250401525,0.2558463392404537,1.7033520023347717,4.4402931526442595,0.4519645458666177,0.44233613865791027,0.45322075922973165,0.4545483438826812,0.43658704337041715,0.42929591434569003,0.42780502543484267
shot_noise/s5,20864.0,0.7052618861198425,0.31371641159057617,0.653388248544895,0.2610281002347841,0.43482536768951335,0.2537654860111422,1.6866043705594076,4.41569946053624,0.46198353614701104,0.45323439434781765,0.463882376435706,0.4650835996701714,0.4465081159823941,0.4376987422485393,0.43482536804663635
shot_noise/s5,20992.0,0.6395205855369568,0.300687313079834,0.652711777178654,0.2629626959833231,0.43355555279937524,0.25046984189348437,1.695719216906288,4.411564377260536,0.4611403679236191,0.4524617869143549,0.46285847386002904,0.4631831678157826,0.4456135302850811,0.4368804503034076,0.43355555312250676
shot_noise/s5,21120.0,0.6754653453826904,0.33011895418167114,0.6538217073349484,0.2662386110173888,0.43164440559657924,0.25644832214157626,1.6856753463480818,4.37481610156494,0.4596152585436196,0.4509633419968673,0.46116983268358364,0.46070142667924163,0.4440047171704987,0.4353778494416912,0.43164440588895464
shot_noise/s5,21248.0,0.6719799637794495,0.317443311214447,0.6547074759419972,0.2687364012709038,0.43422807311861805,0.25594610230656595,1.6780446806299179,4.350861239510241,0.46251104000288246,0.45613265507271566,0.4639176475382098,0.46349382509168735,0.44762413730894024,0.4376061624038146,0.43422807338316477
shot_noise/s5,21376.0,0.6765872836112976,0.3308529853820801,0.6557747836331825,0.2717664785446197,0.43530169495146814,0.2582802032173033,1.6763541268786413,4.327648475607106,0.4637927078193838,0.45737077237691875,0.46506543242451936,0.4647191302584512,0.4489099124609745,0.43835825283533725,0.43530169519083495
shot_noise/s5,21504.0,0.6857273578643799,0.3382442891597748,0.6572358848151921,0.2750092985746273,0.43707250328446334,0.2655787858973933,1.657682144931332,4.296764297658054,0.46803834538565303,0.46146546388179255,0.4691899302306329,0.4688765896032744,0.4516348761767651,0.44060032871061744,0.4370725035010469
shot_noise/s5,21632.0,0.625840425491333,0.3726705312728882,0.655704398994516,0.2797732611452742,0.4312015333109272,0.27080700972631483,1.6720453421600927,4.242683001373264,0.46291943684210485,0.45773436678417995,0.46396141218369574,0.46367789576834045,0.44590222883096947,0.43591796547819694,0.43120153350689605
shot_noise/s5,21760.0,0.6415038108825684,0.32287222146987915,0.655011687379299,0.28187564945379145,0.4310016550659847,0.269440042708938,1.6746572324887887,4.227529303512576,0.4634372179874131,0.45802065549002835,0.4643800166159436,0.46412348570115747,0.44880192745502945,0.43679356067360947,0.4310016552433009
shot_noise/s5,21888.0,0.6510642766952515,0.32112258672714233,0.654819130760565,0.2837901341988329,0.42803228278129846,0.2640018173469927,1.6807999692299298,4.210229514282656,0.4603178218672548,0.4524795758479078,0.46117088356505065,0.4601765745100895,0.44490049474068993,0.43399792134715043,0.42875729781383737
shot_noise/s5,22016.0,0.6365787386894226,0.3346002697944641,0.6539293555375825,0.28626867739861983,0.4235608876325728,0.25657154323901005,1.6976769349077805,4.190944990376622,0.45948447772759926,0.44865567213841034,0.4602563437849149,0.45935667449723144,0.4410729640098688,0.42895870813147874,0.42421689469056906
shot_noise/s5,22144.0,0.6596834659576416,0.3881356716156006,0.654210043850756,0.29123779906774083,0.4277505116532678,0.26334492401340526,1.699029238081033,4.144178578209719,0.46250424784275934,0.4541933535529578,0.46320264657754645,0.4623886091078459,0.44725801800060105,0.4333223944485301,0.4283440790150836
shot_noise/s5,22272.0,0.689771294593811,0.3760311007499695,0.6559447390089538,0.29537405768638614,0.4227296420134564,0.26378502642735835,1.6798907436575292,4.101967050160104,0.4600499470367858,0.45104288563596,0.4606818711745676,0.4599453149631372,0.44255544043956824,0.42777118498287586,0.4232667127792636
shot_noise/s5,22400.0,0.6668725609779358,0.38709765672683716,0.6564778034952456,0.29984837959079835,0.42798366180991504,0.27143338798097083,1.6797181187475987,4.054750283436082,0.45950236135809114,0.45211480015008637,0.4600741380467087,0.45944486856569394,0.4444723824560281,0.4317831483396515,0.42846961340705525
shot_noise/s5,22528.0,0.6884076595306396,0.34816867113113403,0.6580353574481916,0.3022054669830099,0.43472673980540194,0.27309276211722583,1.6609974822870877,4.033974481184208,0.4663314048933115,0.4566725824082578,0.4668487590535657,0.4655171892257111,0.45044541565474044,0.4389267808593753,0.4351664378299411
shot_noise/s5,22656.0,0.7028979063034058,0.4020189642906189,0.6602237744655192,0.3070744180711859,0.4365522731969163,0.2800039209876862,1.6428736830499284,3.991852098081762,0.47113478098912953,0.4609080891391791,0.4716028926356178,0.469673048668832,0.4529870477161571,0.4403525482969124,0.43695012013048207
shot_noise/s5,22784.0,0.6747074723243713,0.35193172097206116,0.6609302963122924,0.30926257918830174,0.43431871358269464,0.28454697431425974,1.6296192766204751,3.9722534711355735,0.47232064359575604,0.460055742760673,0.472744199701829,0.4702358459400913,0.45216362259147824,0.4400066781437262,0.4346786928723755
shot_noise/s5,22912.0,0.695253312587738,0.4058721661567688,0.6626045897891434,0.31397524196725135,0.4396594368585833,0.2915204925234914,1.6169976855186792,3.931775386893655,0.47854309869669537,0.4659955590356833,0.4789263401228328,0.47593172021111174,0.45733023198193834,0.44556820788614365,0.4399851528012392
shot_noise/s5,23040.0,0.7294633388519287,0.38959747552871704,0.6658659921824499,0.317664131409274,0.44384116803206725,0.2935173522476088,1.5889611371297065,3.8954007809114977,0.48058539745251255,0.46991998530236423,0.4809321614079885,0.4782225737305776,0.4620422563025153,0.44846251885474386,0.4441358818623942
shot_noise/s5,23168.0,0.6902207732200623,0.35943853855133057,0.6670540302818455,0.3197019073674231,0.4499486416280632,0.28944966851196485,1.5827110778258537,3.8817021309353508,0.47865951191271355,0.47205802953295417,0.47897327037569926,0.4772837802761502,0.4664173241142925,0.45489232074840297,0.45021530417174394
shot_noise/s5,23296.0,0.6736915111541748,0.3405349850654602,0.6673778098365932,0.3207181550600103,0.4496374978681047,0.2811959820384881,1.579047681652725,3.8879145498225265,0.4756528064361911,0.4711668726470097,0.4759367009169771,0.4751702140392769,0.4653380428184645,0.45411063049275485,0.44987877908698537
shot_noise/s5,23424.0,0.6884405612945557,0.36590027809143066,0.6684052611272255,0.322922161061543,0.4479059394749478,0.28501209915558623,1.5766434818664963,3.8815998231812627,0.4736572983875352,0.46811113224039363,0.47391417138293995,0.4732206398297085,0.46359929394817634,0.4534777031406782,0.44888645032201346
shot_noise/s5,23552.0,0.6754982471466064,0.37619084119796753,0.6687512604452441,0.32552063326331976,0.4423051361935726,0.2846911973918183,1.5814230616731997,3.864296158052616,0.4716658244184658,0.46664755034957683,0.4718982478723686,0.47127072765079514,0.4602785699554885,0.4488337813664316,0.4431923206066522
shot_noise/s5,23680.0,0.69344562292099,0.3860527276992798,0.6699558634928415,0.3284734183577568,0.44337216665700413,0.28581368901425086,1.578232236229168,3.8354657561275625,0.47153701305204426,0.4654348150396825,0.4717473141070034,0.47117952216350945,0.46039705824051036,0.44855439111144696,0.444174907580439
shot_noise/s5,23808.0,0.7073725461959839,0.41890326142311096,0.6717810675271412,0.3328846302146033,0.4414003958865575,0.2861043253959997,1.5579574568261225,3.7926075234151972,0.47435770187516907,0.4666240949883147,0.47454798617296373,0.474796432606007,0.4598536142675885,0.4476137590008987,0.44212673077325854
shot_noise/s5,23936.0,0.6816340088844299,0.3523070812225342,0.6722616988128626,0.3338320668491365,0.4374040762304901,0.28499162934403066,1.5543616041473882,3.798740286242654,0.4680238337609352,0.46171415733326987,0.46819600652532883,0.4691458203413067,0.45562528096430815,0.44378823762068226,0.4380612775170293
shot_noise/s5,24064.0,0.6587496995925903,0.35575640201568604,0.6716025768996785,0.33490154661335847,0.4366881915208658,0.28470985617624667,1.564602729970804,3.799247765449111,0.4666057413149211,0.46089662897317274,0.4667615264277365,0.4676209355973393,0.4553873006226726,0.4446769241053287,0.4372828394428325
shot_noise/s5,24192.0,0.6807601451873779,0.366304486989975,0.672049287547859,0.3364333973634373,0.43524107037670245,0.27835734160860864,1.564545918525715,3.7912102105166925,0.4608238147174271,0.45642029902926573,0.46096477197893343,0.4617423813465515,0.4521975516044527,0.44246942389304283,0.4357791188533898
shot_noise/s5,24320.0,0.6493921279907227,0.3738693594932556,0.6709440602523888,0.3382595418575748,0.42816874957939577,0.27790765412652807,1.582277616764306,3.7805074680118937,0.454179370722907,0.448744958253131,0.4543069114693383,0.4550105068578851,0.4449613182572114,0.4354341128740738,0.4286555858274871
shot_noise/s5,24448.0,0.6519049406051636,0.381786584854126,0.6700153227086217,0.3403828122476505,0.4284062570554794,0.2760507388021708,1.5969001796877715,3.761951559738144,0.4541533746993108,0.4506490669262417,0.4542687759338867,0.45563041697254203,0.44650054436003483,0.43494291236256166,0.42884675552861856
shot_noise/s5,24576.0,0.6384247541427612,0.4089096188545227,0.6684743193639455,0.34372558330164427,0.4292718126004665,0.2712846066139808,1.6133998391933595,3.7321981714560457,0.45108107252685997,0.4486725049344519,0.45118548970579514,0.45241752779014655,0.4456810398403408,0.4344612847730257,0.4296703837947822
shot_noise/s5,24704.0,0.6801999807357788,0.3471510410308838,0.6690463028454984,0.3438926788006315,0.4344422528050621,0.2700952627363859,1.6095445551911662,3.7452035581550893,0.45871166645648664,0.45649516954509295,0.45880614505800976,0.45992091598382684,0.4522268659114565,0.43982561816762167,0.43480288741931206
shot_noise/s5,24832.0,0.6435611248016357,0.39322909712791443,0.6678031234287246,0.34629933335318186,0.4324467082192144,0.2719191818096626,1.6158537323614077,3.716657338255385,0.4610799789888852,0.45533783633437613,0.4611654649811022,0.4599247252893519,0.4514757959853214,0.4372804968667177,0.4327730171117035
shot_noise/s5,24960.0,0.6688064336776733,0.40587109327316284,0.667852065392088,0.3492052728614736,0.43376424342737957,0.27585608300564957,1.615155177315213,3.6878579297228584,0.46630883286263797,0.4581759958742332,0.4663861821750485,0.46453852300125176,0.45246932521931815,0.43813794511259824,0.43405949376972097
shot_noise/s5,25088.0,0.671851396560669,0.3948390483856201,0.6680471547173845,0.35143131069191974,0.4333948032439288,0.2807939335226609,1.6181549186990736,3.6644793917904277,0.46581617179302337,0.4584574299373639,0.4658861588865251,0.4649393774449161,0.4518438986666168,0.4388765999501855,0.43366195123363804
shot_noise/s5,25216.0,0.6926659941673279,0.37739133834838867,0.6692480737149428,0.35269765350443044,0.43439901590363816,0.27790010284828504,1.6012078082950538,3.654492167238707,0.46529604241355654,0.45856335570180273,0.465359368034744,0.4645027026137521,0.45181711473642117,0.4393590473076931,0.4346407363630954
shot_noise/s5,25344.0,0.6836340427398682,0.4206361174583435,0.6699498283015245,0.35601172491681643,0.43305824104071006,0.28035681524821027,1.594314913372876,3.622078310364324,0.46177663920941076,0.45492258418943593,0.4618339374068088,0.46105881063385895,0.44958065527310914,0.43678397439321903,0.4332769541988507
shot_noise/s5,25472.0,0.6711782217025757,0.4480750262737274,0.6700097499308441,0.360502617665934,0.4311572484371921,0.27525518500447815,1.598691715989358,3.5697668236492572,0.4601537883625899,0.4531527367948435,0.46020563283507204,0.46026647886621025,0.4483192603631166,0.4352533759976717,0.43135514416207726
shot_noise/s5,25600.0,0.6446413993835449,0.42398807406425476,0.6687722694163416,0.3635994691975594,0.42527300706303933,0.2683525499058961,1.6109607019647827,3.544713658263405,0.4582206496725159,0.4503987582777852,0.4582675595134709,0.45756041900981903,0.44530032421909593,0.4319536792935506,0.4261770816600354
shot_noise/s5,25728.0,0.6707714796066284,0.3801172375679016,0.6688697918646482,0.3644052139961127,0.4168256952664383,0.26602943391247347,1.614520078096627,3.5453972572167145,0.4541477442902419,0.4447837664131536,0.45342799406305123,0.4520259650885989,0.4394084135260231,0.4258449114845273,0.4184059138637203
shot_noise/s5,25856.0,0.6833153367042542,0.3548455536365509,0.6695744525885314,0.3639388891005243,0.41803131023215506,0.26294215882264843,1.6035804291718847,3.5623569522774607,0.4546638721388804,0.44695336627864757,0.45401262877447995,0.45274404693620396,0.4406396174735759,0.4276420942105687,0.42018613622053447
shot_noise/s5,25984.0,0.662155270576477,0.43689829111099243,0.6692125412708703,0.3674978843205471,0.41774650378531103,0.2623981401363761,1.6033346530403108,3.52129429878037,0.4523051752071606,0.4438785366506977,0.45171591812372636,0.4513302768530435,0.43671570980208735,0.42495530951473826,0.41969623033398745
shot_noise/s5,26112.0,0.6597069501876831,0.3191017508506775,0.6687488539009587,0.3651370973220169,0.4167266105041392,0.2574814521995408,1.605395663968681,3.562828653677262,0.4481074785782815,0.43892132911702036,0.4483365029543056,0.4472253724529917,0.432403090189753,0.42324927172630394,0.41849075927304874
shot_noise/s5,26240.0,0.6506199240684509,0.44645893573760986,0.6678645158603486,0.369104016269119,0.4129780931450302,0.25992967804610434,1.6064621476037864,3.5187256774601416,0.44354712963567283,0.438246931342646,0.4437543551418791,0.4427489836412852,0.4323491077802583,0.42112932319792284,0.41529934256651224
shot_noise/s5,26368.0,0.6792008280754089,0.41679632663726807,0.6684175067001076,0.3714304704334189,0.4146614691692986,0.26203333748252505,1.5964921088330923,3.5001200300213298,0.4437709305031876,0.43901239296380995,0.4439584319873873,0.4430487531935721,0.43218872274465964,0.422036853411089,0.41676177872912856
shot_noise/s5,26496.0,0.7017598152160645,0.37902551889419556,0.6700439607740567,0.3718009606022373,0.4140095744238567,0.257262912737014,1.5824868318893595,3.506863770477583,0.44408497043149814,0.44054155246755206,0.44425462525450093,0.4434315309978722,0.4328801590092964,0.4206829589757682,0.41590997349613595
shot_noise/s5,26624.0,0.701210618019104,0.4825689196586609,0.6715642855177175,0.37720427567816034,0.4185691925631684,0.26103324822902935,1.5626341687064391,3.4373889311934516,0.45100579418578746,0.4448252238567202,0.4511593010184985,0.4489273400641068,0.4379302331071622,0.42388237989419597,0.419563694043797
shot_noise/s5,26752.0,0.6682794690132141,0.42722371220588684,0.6714040505662783,0.37964424819170794,0.41728509333050506,0.2660062882548207,1.570862983982783,3.409173937727126,0.4496831130021312,0.44332862313270155,0.4490969939614135,0.4470774742638349,0.43708990752884813,0.42289193921420104,0.41894713185045523
shot_noise/s5,26880.0,0.6812988519668579,0.4408544898033142,0.6718867238053309,0.3826301136361765,0.42073356749297935,0.2668065523114707,1.5694542019934503,3.381348508531142,0.4530223169995488,0.44582262687973767,0.45321700048501484,0.4513897015795912,0.4401405409585829,0.42801897057989274,0.4222374107938979
shot_noise/s5,27008.0,0.6648911237716675,0.4607366621494293,0.6715454750232009,0.38644018917340833,0.42617757653588434,0.2682928412050844,1.5690779679788713,3.3407494959639137,0.4552443153815072,0.4487670823819637,0.45542046861255653,0.4537670946475658,0.4444252009506273,0.4342195742129785,0.4275382818664597
shot_noise/s5,27136.0,0.6854215264320374,0.3881538510322571,0.6722223555797295,0.3865237824348156,0.42428084111307557,0.2628894476341067,1.564023732721202,3.3532574588569477,0.4550797761423394,0.4476946652605394,0.45523916285526383,0.4529809642825387,0.4415538254883427,0.4315573898738491,0.4255120325513892
shot_noise/s5,27264.0,0.6666415929794312,0.39763379096984863,0.6719501232577637,0.38706573407067085,0.425539059686489,0.26445113019124106,1.572334655523215,3.3604238783153417,0.4556187326070781,0.4504609374546582,0.45576294866321015,0.455169718425783,0.4441423965304993,0.4328480309328521,0.426653064551257
shot_noise/s5,27392.0,0.7119667530059814,0.4020293951034546,0.6739021539771889,0.3877956687551969,0.4287782033213264,0.2623506359434132,1.5575310264485362,3.363884618830512,0.4574820596641081,0.4512908006356544,0.45761254902840126,0.4570757832989982,0.4455736675329503,0.43535431591247353,0.429786175599323
shot_noise/s5,27520.0,0.6949074268341064,0.45129525661468506,0.6749268014336239,0.39089320962639146,0.4325084159736689,0.2662873689886564,1.545194646907562,3.3345005705705817,0.46000458819102225,0.45585265185415247,0.460122657389767,0.4596369817952268,0.44995466883855884,0.43918361957339214,0.43342044799914947
shot_noise/s5,27648.0,0.7121423482894897,0.43487101793289185,0.6767421939631784,0.39303846856817193,0.4320726060059193,0.2632499037666545,1.5281357002582845,3.3107744818317806,0.45851322346135914,0.45548148927434023,0.4586200546637927,0.4589056212436287,0.4501448847730208,0.43963684436117156,0.43289782951023575
shot_noise/s5,27776.0,0.6910431385040283,0.43406039476394653,0.6774398010139515,0.3950395381386975,0.4324404721802518,0.265725373961381,1.526189310714795,3.298512089765134,0.4608632438338651,0.45812007447130965,0.4609599066886548,0.46121829263031483,0.4525664007970045,0.4392847354392278,0.43318714972341976
shot_noise/s5,27904.0,0.6782342195510864,0.446341335773468,0.6774785531377141,0.39754206485258875,0.43299640582163174,0.2657158202232364,1.5285333573820923,3.2756150530067596,0.4624132920114865,0.4576818163419762,0.4625007543565996,0.46273454675235504,0.4512067195789672,0.4377020122564339,0.43367201352130963
shot_noise/s5,28032.0,0.6852741241455078,0.45905646681785583,0.6778588248941919,0.4005427673874798,0.4311384790331361,0.26200774096343993,1.5303300562501638,3.245912889244968,0.45699322852437296,0.4549243263867613,0.45707236607756574,0.458733935520721,0.44982773377728086,0.43837061906129443,0.43323699141339195
shot_noise/s5,28160.0,0.7344470620155334,0.46726030111312866,0.6806192267049891,0.4037972812277553,0.4339190223732302,0.27058746222807384,1.5076906203623242,3.221171778803256,0.46188605031860275,0.45921469389307784,0.46195765544555467,0.46346107431708305,0.45460320230532075,0.4434372168900826,0.43581779532407444
shot_noise/s5,28288.0,0.6850675344467163,0.4411109387874603,0.6808362173265368,0.40561745964530194,0.43959523083264906,0.2671407079410471,1.5116599035031841,3.2003399728649886,0.46036432631445257,0.4601594583053964,0.4604291159623371,0.4617894372613226,0.45754846561950796,0.44595806477680877,0.4413132758405218
shot_noise/s5,28416.0,0.6791970133781433,0.44295933842658997,0.6807562561583224,0.4074390147078038,0.4424074039836164,0.27156961140888314,1.5024466329685342,3.177808541483111,0.4663863119121251,0.46471373354105167,0.46644493478805155,0.46767577874745486,0.4609012291536416,0.4482017944827639,0.4439619229943091
shot_noise/s5,28544.0,0.6780012249946594,0.483977735042572,0.6806218643942412,0.41117261082169493,0.43450426023740657,0.27546542471916197,1.513385720091453,3.1360033853046216,0.4644362465308401,0.4629228665770015,0.4644892895970413,0.4663279949285418,0.4586738664739375,0.4412343423011802,0.43663583276284595
shot_noise/s5,28672.0,0.6888654828071594,0.4658131003379822,0.6810239921217006,0.4138380005541967,0.43715034492629107,0.2730787691837271,1.5101374007419437,3.1076190236064387,0.467133421162051,0.46728847713481214,0.46718141551284936,0.4696073053458133,0.4597816483681493,0.44476423833438133,0.43984122643205753
shot_noise/s5,28800.0,0.705467700958252,0.48445364832878113,0.682216368162508,0.4172826662992984,0.43787146022182555,0.2732058643238839,1.4951195834397017,3.0663820718184076,0.4688116797070075,0.4667025721130572,0.4688551058864033,0.4710500960327079,0.46059808873762936,0.4462850425381285,0.44030621975202827
shot_noise/s5,28928.0,0.6827918291091919,0.43306469917297363,0.6822444394281998,0.4180525215614289,0.437724563353597,0.2723727659944244,1.5037327971484673,3.0701520805215394,0.46793207307219414,0.46606089362519926,0.46797136588531785,0.4707196288314983,0.45973806839377407,0.44609952391463026,0.4399275789665883
shot_noise/s5,29056.0,0.7042205929756165,0.422490656375885,0.6833164469183177,0.41826901594262184,0.4369781742182159,0.2737568275297558,1.49406179287159,3.0779224602400945,0.46354829455253255,0.46334242665313985,0.46358384741913644,0.4660705267416472,0.457658597279554,0.4445559939762954,0.43897150363365894
shot_noise/s5,29184.0,0.726182222366333,0.4793873727321625,0.6854074603548063,0.4212503992006482,0.43905416596425123,0.2720719123573816,1.475381829718559,3.049666007061855,0.4661069042322439,0.46290903089793317,0.4661390731258218,0.4676268716085933,0.4592534065807267,0.4466357328006813,0.44085776741629695
shot_noise/s5,29312.0,0.6916139125823975,0.46454501152038574,0.6857102141220057,0.4233623315089281,0.4402075469551613,0.2684095054703018,1.4793449187097258,3.0393897990821728,0.4661353963933628,0.46396691611883184,0.46616450340533905,0.467510691086657,0.45997140476459564,0.4470674893455302,0.4418394790245019
shot_noise/s5,29440.0,0.7117081880569458,0.47951605916023254,0.6869784079724907,0.426101537735821,0.4414742289820347,0.2673822771090595,1.458134786972642,3.0136395947984496,0.46790864837257873,0.4636599818065099,0.46793498493725205,0.4691530405370644,0.4593197541028851,0.4476440519301317,0.4421886362857033
shot_noise/s5,29568.0,0.678745687007904,0.47048091888427734,0.6865768118278767,0.42826638559672126,0.44117031664585055,0.2740004125418676,1.4653527097384405,2.9981437803491566,0.47111187041921015,0.4650553731872109,0.4711357002317432,0.47151280467392914,0.46032887923289,0.4482400969576027,0.44181672563388147
shot_noise/s5,29696.0,0.7250006794929504,0.48654013872146606,0.688451146835929,0.4311090077003673,0.4433678177384525,0.2785757748222371,1.4504122999534759,2.968409354909518,0.4726345359355257,0.46864171482316935,0.47265609759219596,0.4737223235627877,0.462952245873424,0.45048970105444003,0.4439527005884198
shot_noise/s5,29824.0,0.700469434261322,0.4474840760231018,0.6890374047591189,0.4319077915209885,0.43918423603818335,0.2773431014304715,1.447579714509339,2.972042406867791,0.4649031107423762,0.46281472233553866,0.464922620129524,0.46516234630517556,0.4576667852310992,0.4456282482473547,0.4397134488964821
shot_noise/s5,29952.0,0.6805346608161926,0.4623432159423828,0.6886226367619029,0.4333924463708126,0.44261182213805883,0.27176612568456104,1.4589685882368462,2.963313763571949,0.4607332727181167,0.46254309498652846,0.46075092517370964,0.4631800587329994,0.45864734106871025,0.44847966423808827,0.44385285887659087
shot_noise/s5,30080.0,0.7030500173568726,0.4399104118347168,0.6893264114250722,0.43371039590563715,0.4421252715478807,0.2637083742809145,1.4581213727542113,2.9707382327974474,0.454710920763983,0.4571478569152348,0.4554890881553911,0.4576870132854801,0.4543851015856682,0.44815961886147065,0.4432481846230189
shot_noise/s5,30208.0,0.6864628791809082,0.48953306674957275,0.6891867269253569,0.43643345301997544,0.4395471671768748,0.2637420804766632,1.4543135581412983,2.942960141099566,0.453834955670445,0.4553149258584605,0.45453905596927413,0.4565277794213059,0.4528151335584778,0.44569499124824324,0.44052601951910275
shot_noise/s5,30336.0,0.6816525459289551,0.49082836508750916,0.6888192059011422,0.4390868633647332,0.43492786512553633,0.2647206748393841,1.4595056031030973,2.920568816340793,0.4531539069451201,0.4530058014459955,0.4537909899638703,0.4548282287327818,0.4499817478539231,0.4412527255732171,0.4365757440146075
shot_noise/s5,30464.0,0.6965926885604858,0.47605884075164795,0.6891984001772077,0.44089037445677776,0.43959713435808495,0.27010493541386266,1.4531202364007711,2.91578337634509,0.4605872055107244,0.459728182034122,0.46116365005059295,0.46213934319010175,0.45474255710042655,0.4460821806049156,0.44257537575622724
shot_noise/s5,30592.0,0.7072857022285461,0.479093074798584,0.690080707594346,0.44275392081491466,0.4372596617243588,0.2682284989675699,1.451686835224525,2.908032422297752,0.45617750718727645,0.4546752319297439,0.45669908490597966,0.4575819101678434,0.4501641459546393,0.442328076561616,0.43991724956884093
shot_noise/s5,30720.0,0.7049785852432251,0.45989370346069336,0.6908074333333156,0.4435900077732453,0.4401454167059784,0.27019291905394033,1.4455736807438917,2.9077844038100644,0.4639364892515452,0.45960278272762667,0.4644084224521089,0.4644822042625162,0.45475887328792763,0.44549360764438894,0.442550051513508
shot_noise/s5,30848.0,0.7249969244003296,0.5111091136932373,0.6924752133853651,0.4468836226961717,0.445228987989169,0.27418258767462417,1.4265507060468028,2.863779397174484,0.4696556514881619,0.4657716136399287,0.4700826654072919,0.47014942455876685,0.4614259347239369,0.4493059352927517,0.44740474619395937
shot_noise/s5,30976.0,0.6992459893226624,0.49057939648628235,0.692805495138404,0.44901512385666487,0.4430433020413599,0.2815663092522923,1.4264140745838176,2.841023927643242,0.4724323295142738,0.4659435599918688,0.47281869963384343,0.4728791045531733,0.4598736446847757,0.4459700045093845,0.44501196844795493
shot_noise/s5,31104.0,0.7214657068252563,0.48570841550827026,0.6942035542450796,0.45080504052259684,0.44472790743896984,0.27939833811584563,1.4112022288220265,2.8288670837439,0.47128246471815016,0.46617350074219654,0.4716320595735133,0.4716867150656612,0.4599563138402997,0.4473760421527506,0.4465091933428551
shot_noise/s5,31232.0,0.7089757919311523,0.4639168381690979,0.6949241512053759,0.451444640407792,0.43892766044894294,0.27961176220951883,1.404612232850466,2.8273843604484648,0.4703907667080942,0.46504306640623494,0.4707070866218404,0.47075653992556254,0.45793043030999153,0.443610327254214,0.44202661099017404
shot_noise/s5,31360.0,0.7091851234436035,0.502834677696228,0.6956198083877284,0.45395147149503273,0.4365051883062714,0.28049270691295547,1.4015981366535124,2.801953372897675,0.46722299593278477,0.46379714693865753,0.4675092080617604,0.46827896920094025,0.4551492769193915,0.4392549421497082,0.4385841614015792
shot_noise/s5,31488.0,0.701313853263855,0.4818381369113922,0.6958975666743686,0.45531179663729415,0.4261894059570724,0.27904039691529164,1.3972720099272276,2.791172554161382,0.4628323478963507,0.45748317102540037,0.4630913179428539,0.4630256169866925,0.4489334028521085,0.43016464426514345,0.42807049940023906
shot_noise/s5,31616.0,0.694846510887146,0.45796075463294983,0.6958462956603578,0.45544101410049687,0.42734032508073,0.2771128457514328,1.39791814911806,2.7965957228155585,0.462057109548096,0.4572170750325008,0.4622914304527547,0.4622319830081851,0.4502061009744539,0.4301749993618579,0.4290423733419177
shot_noise/s5,31744.0,0.6734911203384399,0.4863167703151703,0.6947557993031911,0.45694714854999313,0.4267085868220049,0.27815728042113574,1.4099411445530023,2.783157237868254,0.4655198474852195,0.4611404944226256,0.4657318653888399,0.4656780762376261,0.4496101901143036,0.4300356478461545,0.4290108268013425
shot_noise/s5,31872.0,0.6822168827056885,0.5207051038742065,0.6941441448350203,0.4600572927121499,0.42926011930771535,0.27685289917938577,1.4151426687720674,2.7475465799744487,0.4635035324360612,0.46106540274646846,0.46369537017039,0.46440889586997575,0.4507069299011634,0.43299552074598513,0.43206824364357044
shot_noise/s5,32000.0,0.6695725917816162,0.5354064702987671,0.6929455324909518,0.46373286235052147,0.43218226738074655,0.2788329920593966,1.4253844821945623,2.7179271078027143,0.46469073339396133,0.46248466839820257,0.46486431173656345,0.4662721181548085,0.4531493101604221,0.4363243230545172,0.43472311039968503
shot_noise/s5,32128.0,0.6774551272392273,0.48956072330474854,0.6921899029664774,0.4649927580068252,0.4311268463332037,0.27986242172655695,1.4380271239551896,2.7124385449784634,0.4598532751292178,0.4578200063257978,0.46001033203528435,0.46052194628998433,0.44861100580249974,0.43414964031286174,0.43342584825575303
shot_noise/s5,32256.0,0.7112066745758057,0.5084543228149414,0.6931175503620544,0.4671128343389284,0.43398285739012654,0.2858689729007098,1.4250969800902307,2.702448795418187,0.4644738735702203,0.4603847291026404,0.46461598157386524,0.4658410947692243,0.4527772693787044,0.4374429523592283,0.4360630370000002
shot_noise/s5,32384.0,0.6786870956420898,0.4873644709587097,0.6924136257415683,0.4681007190520885,0.4274578679895196,0.29057879701485995,1.4304493608557205,2.699098403544215,0.46339367144574956,0.45668213739745156,0.4635222534050262,0.4646307585627543,0.4482371961481316,0.43439960174799896,0.42934005310945883
shot_noise/s5,32512.0,0.6965603828430176,0.5047939419746399,0.6926159065757853,0.46989063236538364,0.4278002184485778,0.28606579432456986,1.4339701791874238,2.684143242193025,0.46553942550207317,0.4579423146826435,0.46565576884535675,0.46665876488634694,0.4518627455926878,0.4362934528606225,0.42950325447917126
shot_noise/s5,32640.0,0.6912307739257812,0.4857553541660309,0.6925483391294436,0.47066452123370783,0.42723624762658347,0.2862580744602443,1.4353055347929917,2.6838102402307142,0.46504563723298825,0.4581716303582991,0.46515090684936794,0.4660584362832443,0.4519828887843415,0.44014490886437047,0.42950220110816145
shot_noise/s5,32768.0,0.7105298638343811,0.48613211512565613,0.6934254866760259,0.4714190380089248,0.4326376160856832,0.28265825773589026,1.4277939299142153,2.6813256136798946,0.4689489376748216,0.46352858404222064,0.46904418757756605,0.4698653370534292,0.4579660760505552,0.4450054469855487,0.4346878928527743
shot_noise/s5,32896.0,0.6777355670928955,0.48535090684890747,0.6926601247451414,0.4720986413669727,0.43481071627978823,0.2766869185105824,1.4368195497928784,2.6777989817292567,0.46541646888959165,0.4613114076907897,0.4655026527694693,0.4662456440560772,0.45852775233366716,0.4468007346014393,0.43670302500242103
shot_noise/s5,33024.0,0.6912164092063904,0.4821539521217346,0.6925896995969096,0.4725891443306196,0.4289691252002129,0.274760293310289,1.4371579731803032,2.667099353457255,0.46032403282633483,0.45588468239006014,0.46040201360045374,0.4610742859067778,0.4511537544910813,0.44058011143889897,0.43068132125442143
shot_noise/s5,33152.0,0.6897215843200684,0.4958113431930542,0.6924497915346247,0.47372193451903105,0.4327183458831194,0.27461579781377127,1.4317202226892163,2.661045502953049,0.46333825337826007,0.46008364182943573,0.46340881183003574,0.46401709629042776,0.4557658302087654,0.44394919660830773,0.4342675726519779
shot_noise/s5,33280.0,0.7200958728790283,0.46788841485977173,0.693798380868498,0.473437372584433,0.42947403574552323,0.2716221763680821,1.4178014999134405,2.6718969789831437,0.46030263735177485,0.4565956092936179,0.46109149482063316,0.4609168670182871,0.4526515929491565,0.44039811305249016,0.4316380000021763
shot_noise/s5,33408.0,0.7254329919815063,0.473006933927536,0.6953415326301082,0.4734163755767795,0.4311116944491022,0.2748623320974734,1.4015172363231845,2.676383877101595,0.46564265997147497,0.46160063755835384,0.466356432850793,0.4661984263740717,0.4558197935012891,0.44103318260133106,0.4330696894725224
shot_noise/s5,33536.0,0.7081202268600464,0.5038244724273682,0.695964883568154,0.4748996973743692,0.43183128331771825,0.2739459292803433,1.3926141409455393,2.656403850689395,0.46673779644057906,0.4638055144118121,0.46738363138968236,0.4672406641968846,0.45861207966416456,0.4437828499325547,0.4336029135560419
shot_noise/s5,33664.0,0.7270051836967468,0.4642690420150757,0.6974790445500365,0.47438112882025735,0.43748312428688246,0.2709417063863189,1.38078648033275,2.6775503924559154,0.46841653086622287,0.4679012120287723,0.4690008943151141,0.46810933982359393,0.4632020958769746,0.44978433357966424,0.4390861282086494
shot_noise/s5,33792.0,0.7342311143875122,0.48856475949287415,0.6992718284445475,0.4750730132433118,0.44110980490205126,0.2778345243388406,1.3662790237783717,2.680015477258487,0.47058613530489285,0.47160707525030493,0.4711148781994578,0.4710331980200394,0.4666302128666736,0.45224016738528805,0.44256023260282906
shot_noise/s5,33920.0,0.7123605012893677,0.5013623237609863,0.6999103002906363,0.4763554186344179,0.44682659920048773,0.28258406396155655,1.366384596840265,2.670301729955344,0.4741108041634396,0.47434673495283386,0.4745892205481114,0.4745153148057584,0.47213016286151727,0.45762257263118566,0.4488639879767418
shot_noise/s5,34048.0,0.7176796197891235,0.5218774080276489,0.7007770963637332,0.47857600348286816,0.4445260305674847,0.2824570858331514,1.3620970401048578,2.650759653632129,0.47287554023354644,0.4701517750525046,0.4725834053858879,0.47251653409848815,0.47039558459986175,0.4557816376990086,0.4463694977469507
shot_noise/s5,34176.0,0.6789953708648682,0.48954838514328003,0.6997145731686666,0.47911124161264435,0.44396882361281625,0.2823793739156592,1.3661538151724075,2.6463104388722916,0.472594406124464,0.4700927125846874,0.47233007709216857,0.4729945855822727,0.47031331598833415,0.4556031355979726,0.44632466155449857
shot_noise/s5,34304.0,0.6879556179046631,0.46467721462249756,0.6991409655948126,0.4784071427350762,0.4425165560470514,0.27727113487550126,1.3728041870168224,2.6512614090969975,0.47447789513105876,0.472177136134033,0.47500092043854153,0.4748399849319671,0.4708895321940846,0.4560922779562857,0.445410357063886
shot_noise/s5,34432.0,0.7010493278503418,0.5050589442253113,0.6992340564365457,0.4797072306126486,0.4405890432763624,0.2821114789682554,1.376574098770475,2.639685601131381,0.4761449306926474,0.47410034149902686,0.4766181736984067,0.4764725562650339,0.4707230686895911,0.453634803552356,0.44320740814644294
shot_noise/s5,34560.0,0.7142765522003174,0.5122753381729126,0.6999678367177052,0.48129591878631994,0.4439572783006229,0.2886289765084571,1.3665422330050516,2.625505696264717,0.4784154905315388,0.47725334290304566,0.47884368958672013,0.4787119322302894,0.4734725089094991,0.45576132433261957,0.44632642343292067
shot_noise/s5,34688.0,0.7549920082092285,0.5311180949211121,0.702651942644121,0.4837262688416757,0.4447555147502959,0.2929273785064624,1.3428988429392799,2.600270661014239,0.4826449798325226,0.4815562668385083,0.48303242228518817,0.48215101066167165,0.47664808807337783,0.4569232446816861,0.4476241761103345
shot_noise/s5,34816.0,0.6772384643554688,0.4862704873085022,0.7014122607763819,0.4838503770595696,0.4329294395807258,0.2902915185653357,1.3607416228922737,2.599218198075608,0.472361995434424,0.46992687796631233,0.47271256055667527,0.47119002808828225,0.46476085184985577,0.4454634177042502,0.4355250576227357
shot_noise/s5,34944.0,0.699054479598999,0.4933589696884155,0.701297247060412,0.4843142108463426,0.42951631624169173,0.2878693633181889,1.3588967080011978,2.593624268817484,0.4696200743936697,0.4681789300337662,0.4699372722229048,0.46855965658672055,0.4627424185982335,0.4430695171494137,0.43258989449386137
shot_noise/s5,35072.0,0.7029215097427368,0.5066420435905457,0.7013764793863789,0.4854033734192305,0.4309640493775212,0.28807587840985444,1.3573701330328276,2.580334403463311,0.469500079210453,0.4681961050454243,0.46902489057170627,0.468503413247116,0.4625148534728811,0.4447144471054481,0.43450727514881804
shot_noise/s5,35200.0,0.7299743890762329,0.5365345478057861,0.7027714993712498,0.487897577047843,0.4352855854272515,0.2911627965861919,1.3406997439320698,2.558812705876375,0.47015370046347355,0.4711860653028496,0.46972374096345343,0.46997691347344644,0.46608274368367175,0.44925159074799914,0.43849156186874017
shot_noise/s5,35328.0,0.7094464302062988,0.4903598427772522,0.7030971057534473,0.48801768757122876,0.4340463268499997,0.28785833647090886,1.3398042493082272,2.562745753103296,0.47150730422661696,0.471716392222269,0.4711182688907868,0.4713473440768067,0.4656487823574448,0.44744522280053933,0.436947153838402
shot_noise/s5,35456.0,0.770246684551239,0.5455307960510254,0.7063726949630956,0.4908232050580481,0.44104890728069573,0.29394038059027505,1.3132155808006336,2.5316395962208467,0.4772308802669151,0.4774200669661339,0.476878873874412,0.4770861453544455,0.47192998094329175,0.45614689701345645,0.4444358245022066
shot_noise/s5,35584.0,0.7246240377426147,0.532149612903595,0.7072630043669746,0.49283912739197716,0.4392239071825926,0.29288121289578134,1.3029169413326234,2.5071863738453666,0.4750108083795228,0.4714081926564483,0.4746923064622133,0.47487984954438517,0.46567846580294275,0.451397638523181,0.44152625762513753
shot_noise/s5,35712.0,0.7222056984901428,0.537808895111084,0.7079919162754218,0.4950327745977872,0.44863373755188773,0.3006602170222983,1.3062078738001914,2.496613040049191,0.4810515702232327,0.4769553010294217,0.4807633837769342,0.48093307623855436,0.4702837278324068,0.45667433562983833,0.4507169469648032
shot_noise/s5,35840.0,0.6723546981811523,0.4879831075668335,0.7062535153927745,0.49468888840115527,0.43491413730899536,0.2951504700124424,1.3233184072640312,2.4997758558664005,0.47164526371774945,0.46572665845672245,0.4713845072722884,0.4723002432830703,0.4589279000791735,0.445163839674589,0.43752407872306104
shot_noise/s5,35968.0,0.7309815883636475,0.4930177330970764,0.7074597628547682,0.4946073686302246,0.4372981278090315,0.2968018232533759,1.3169713229891682,2.503104862373183,0.4691202832330142,0.46376501934126996,0.46888434596142214,0.46971292090038663,0.4568511814517685,0.44512221900359894,0.4396596512419844
shot_noise/s5,36096.0,0.7527297735214233,0.5609720945358276,0.7096680560580196,0.4978446723329369,0.44174179202708913,0.2952100375778612,1.2982865888534896,2.47103417174679,0.46984723426378017,0.4672510972147957,0.46963375384135814,0.47038346382479956,0.4586715627532063,0.4488211749580452,0.44315352738789904
shot_noise/s5,36224.0,0.7275869846343994,0.5324783325195312,0.7105421501349162,0.4995341191713073,0.4399252026610366,0.2977294569636686,1.2942233639413137,2.4634030140085845,0.4682927681827541,0.46441934495163845,0.4673374120123175,0.46725356839828686,0.4566564229313663,0.447780789477208,0.44047755214574325
shot_noise/s5,36352.0,0.6856547594070435,0.5050148963928223,0.7093281310750199,0.49980147415772264,0.43210959741072963,0.29387433315986905,1.31057202997362,2.4623908225477384,0.46510160642829795,0.4594218165802748,0.4642371824335127,0.46416131917536835,0.45094775090934447,0.4407046881587349,0.43260937347630896
shot_noise/s5,36480.0,0.678538978099823,0.5157800912857056,0.7078262211737908,0.500580918895673,0.4320091895667577,0.29343492607743055,1.3278909938055228,2.458486020043233,0.46407319653625295,0.46045840750660205,0.4632910496617328,0.46322240717771285,0.4527909156056591,0.44355998256361434,0.432461396226928
shot_noise/s5,36608.0,0.7609186172485352,0.5701755285263062,0.7104160941530466,0.5039757779020453,0.4280330025764655,0.29158731264947757,1.3009865166200973,2.426373988999299,0.4562457358308392,0.4551872324911015,0.45553803482182953,0.45620094070035766,0.4467995137633595,0.43844719421728573,0.4291671824278152
shot_noise/s5,36736.0,0.711471438407898,0.5366463661193848,0.7104675743606004,0.5055694651321594,0.42820907014800946,0.29285279746570814,1.3023226948838702,2.4159113902711273,0.4626969150497956,0.45872756134382237,0.46205657404164346,0.46193136871222124,0.4503760026377571,0.4405692637742365,0.4292352971283206
shot_noise/s5,36864.0,0.6906535029411316,0.5368531942367554,0.7095010342913579,0.5070955006982372,0.4277549052320775,0.2940350118651648,1.3104775924501897,2.402287115411724,0.46197174764469906,0.45834302248896713,0.46139235521555005,0.4612790671096303,0.4508235574134614,0.4411880429509897,0.43017066444507773
shot_noise/s5,36992.0,0.6936463117599487,0.4760737121105194,0.7087276331922648,0.5055822427183485,0.42371889402616886,0.2928552962801401,1.3201354629936293,2.4275410567605724,0.464903496827833,0.45864573896830396,0.46437925180419487,0.4642767466232883,0.4488675674157494,0.44102291096279306,0.4295669724098532
shot_noise/s5,37120.0,0.6996225118637085,0.4997571110725403,0.7082834809323352,0.5052980899551384,0.42408250316109625,0.29602641620588527,1.3277966438591506,2.4364476875146726,0.4658087261601035,0.46014659070243324,0.46533437953252843,0.46524163094230897,0.4505741047229951,0.4412267088485474,0.43013614814716633
shot_noise/s5,37248.0,0.7397515773773193,0.5349957942962646,0.7098185100272124,0.5067467584595835,0.42757182469246124,0.30361759610300504,1.3125959062565713,2.422372969782901,0.46670215496104545,0.46089111508530695,0.4662729573283615,0.46695123180443304,0.4507425421080758,0.44232202507950064,0.43304927503381313
shot_noise/s5,37376.0,0.7166111469268799,0.5462503433227539,0.7101498581686595,0.5086737625992503,0.42619303709532036,0.30388674222050605,1.3146373250459291,2.3996212118439484,0.46316045668991673,0.4564153099611849,0.4627721107057929,0.4633858260407749,0.44647049764805663,0.4410265021688997,0.4311491358277393
shot_noise/s5,37504.0,0.7041750550270081,0.5536699295043945,0.7098584043568715,0.510868697570233,0.43020648984056054,0.30474374474562144,1.3164759250845872,2.379947640621632,0.4628931020971822,0.4560649532724344,0.4625417194428976,0.4630970204687796,0.4470667025120132,0.44362808435389434,0.4354530550826838
shot_noise/s5,37632.0,0.6698780655860901,0.4932634234428406,0.7079081439290286,0.5100099037103601,0.42350182691700927,0.29659591657233203,1.3346269150190424,2.3950465160009986,0.45822674496717075,0.44983628431134604,0.45790880741977824,0.4584112540945947,0.4424566951343082,0.4370959644867777,0.42824901652633074
shot_noise/s5,37760.0,0.6951712369918823,0.5364752411842346,0.7072868313955093,0.5113008957822565,0.42425789931039326,0.2942987145190464,1.3376514940627278,2.385068599019117,0.45937708453008136,0.4525102548706468,0.45908940873615867,0.4595440318131342,0.44438303587107836,0.4388075324118911,0.42931543970050506
shot_noise/s5,37888.0,0.7285930514335632,0.5066050291061401,0.7083261592022435,0.5110718291151288,0.42773052638376446,0.2879072544815404,1.3330468176214174,2.3909857796145313,0.45946983674613545,0.4547438118133574,0.45920954234842193,0.4595837134965955,0.44586576297436653,0.4423453342049294,0.43448172741491264
shot_noise/s5,38016.0,0.6769503951072693,0.498660683631897,0.7067956341244399,0.5104664073842394,0.4211871687267732,0.2864370517944217,1.3439314261270299,2.387820096994213,0.4529170860742843,0.4463914858822823,0.45268156687206995,0.4515329138776453,0.4383584625127968,0.43513593297186054,0.4272957807246176
shot_noise/s5,38144.0,0.7115374207496643,0.5507200956344604,0.707026940789085,0.5124300019330307,0.43025025796158356,0.2963909909454583,1.3374320514110487,2.3764246477704885,0.45754722660260944,0.45385496729741304,0.4573341244571198,0.4548447721641276,0.44883594377273284,0.44439574898881606,0.43653963859734884
shot_noise/s5,38272.0,0.7276235818862915,0.5619238615036011,0.7080316549889487,0.5148443365462292,0.42949026910146854,0.2972736152457121,1.3169334636997627,2.3432926625720683,0.45933853757440146,0.4552726979532214,0.45838352367595425,0.4568561263900286,0.449969197191152,0.4445015967947586,0.435906032306108
shot_noise/s5,38400.0,0.7197198867797852,0.5337575674057007,0.7086018126372822,0.5157669331735205,0.4317770370632562,0.29292276549002266,1.3096991287363884,2.3402845701015034,0.46179590461074627,0.4573176820861688,0.46093179031000975,0.459549772896629,0.45103176616760393,0.44463455010400227,0.43685712381772174
shot_noise/s5,38528.0,0.708182692527771,0.5530509948730469,0.7085813677538914,0.5175856678905706,0.426298556438556,0.29565989072595145,1.3060321207725725,2.322980981420058,0.45952056568289407,0.4539441965812389,0.4587386990252973,0.45745104376904977,0.4460071780731264,0.4394566631220627,0.4301700983502408
shot_noise/s5,38656.0,0.6938825249671936,0.539084792137146,0.707864351032589,0.5186344056586962,0.42518968134624846,0.29791341094239865,1.3167712773745301,2.3085984948714366,0.45814963141206533,0.45237901427725424,0.4574421839485289,0.4562770895733044,0.4459596477389799,0.43782039536505496,0.4286927243252327
shot_noise/s5,38784.0,0.6970734000205994,0.5161155462265015,0.7073379631783456,0.5185115344668818,0.4285736200640356,0.29495169425543627,1.3152759233189042,2.308786194510288,0.4621701899927134,0.4569488285042853,0.46153007839721144,0.46047587938191303,0.45037827139261655,0.4422515296551151,0.4332304483632831
shot_noise/s5,38912.0,0.7214647531509399,0.5150078535079956,0.7080270748843258,0.5183406232005947,0.4294232457569293,0.28834936166717345,1.314877113625401,2.314251408806063,0.46123489528787454,0.4587970958685413,0.46065571043554937,0.46042686647227227,0.45281475359201057,0.44473651196039854,0.43363683043459467
shot_noise/s5,39040.0,0.6948766112327576,0.5065255165100098,0.707385588852542,0.5177642765327612,0.4265669284927361,0.2853870488374603,1.3215735383947353,2.327772410862157,0.46050016402906435,0.4568443681237664,0.4599761068247892,0.4583190148151851,0.44921920893126,0.4419098659677371,0.4303794581148236
shot_noise/s5,39168.0,0.7217767238616943,0.5484966039657593,0.7080875954383543,0.5192634144563221,0.42753319347855534,0.28651766881723806,1.3014483019712544,2.310664935563949,0.46121103479369835,0.4572153681833722,0.4607368581085689,0.45999968562397175,0.4487915923762323,0.44065357295474605,0.43098284104262147
shot_noise/s5,39296.0,0.7043577432632446,0.5863379240036011,0.7079056514298124,0.5225353417513112,0.431381907960073,0.284454714022022,1.307994715919335,2.2785914699728087,0.4625420784778198,0.4589267251677032,0.46211303461221487,0.4614460272659494,0.4520297513410168,0.44321629057951734,0.43522822797491206
shot_noise/s5,39424.0,0.7054339647293091,0.5871677398681641,0.707785081346861,0.5256881416594503,0.43551495062895357,0.2946345151858985,1.3196652140221863,2.252330023211794,0.47045746660604637,0.46566183758481655,0.47006925975322955,0.46946573912641826,0.45949568815567315,0.45003389528342996,0.44051956261144626
shot_noise/s5,39552.0,0.7453710436820984,0.5332913994789124,0.7096185429241897,0.5260590322847899,0.44325148120561475,0.29637215799985217,1.310179638700026,2.25502507759732,0.4747937577083858,0.4727411689271302,0.47444250094269014,0.4738964242779787,0.4678869373496602,0.4571135066782254,0.4485047618869778
shot_noise/s5,39680.0,0.6886206269264221,0.5117090940475464,0.7085942543389326,0.5253590352976072,0.4448790915608209,0.29645719947517857,1.3153489347532188,2.2649904873688147,0.47353066952674283,0.47163626885078225,0.47321284588568213,0.47271874558406035,0.46648187490114995,0.457496069992612,0.4503945525461589
shot_noise/s5,39808.0,0.6762543320655823,0.5642990469932556,0.7070166971548668,0.5272585480632486,0.4436004451302847,0.30121885806171717,1.327066928543809,2.243102002552795,0.4725737051458512,0.47078525575374164,0.47156111754439173,0.4711140464207947,0.4661214644406002,0.45574153626339253,0.4485909365988742
shot_noise/s5,39936.0,0.7052252292633057,0.5713842511177063,0.7069293084772297,0.5294110213829781,0.4379446918757662,0.30244133439135745,1.3243226902387537,2.2206627331637847,0.4708340901408921,0.46921586793660974,0.46991788208508023,0.4695133638346393,0.4627837581285859,0.4511424013424271,0.44394739117601884
shot_noise/s5,40064.0,0.7073488235473633,0.5408117771148682,0.7069497726269923,0.5299671558089241,0.4357273208465439,0.30336155241478563,1.3205160423143345,2.2231944818302747,0.46628563420838604,0.4618098364851775,0.4654566321543171,0.46432842141135416,0.4574399738926705,0.44766885332649115,0.4396714645917457
shot_noise/s5,40192.0,0.7211281061172485,0.5470607280731201,0.7076413986509072,0.5308009886022995,0.4292221921520483,0.29748314766382444,1.314232415857942,2.2113453769661517,0.45767129662757594,0.45358433152525574,0.4569212001824606,0.45590037416220686,0.45108042848944185,0.4407521272513938,0.43279092661751645
shot_noise/s5,40320.0,0.6756282448768616,0.5569478869438171,0.7060797813936367,0.5320764470579833,0.43530827142371536,0.2967002484215806,1.328354761899469,2.200191541762775,0.45963669968503446,0.4559015575549756,0.4589579984994185,0.45803433616937334,0.4543609944868775,0.4457407707015883,0.43929952372709247
shot_noise/s5,40448.0,0.7095354795455933,0.5526613593101501,0.7062483520351955,0.5330805891190646,0.43837976254340927,0.29892910639454134,1.3312416511227758,2.1998674471621817,0.4626791613449954,0.4600617305420094,0.46206505991529767,0.4612293130955483,0.45790560536260594,0.4507937015092895,0.4435155119505696
shot_noise/s5,40576.0,0.7387770414352417,0.5557751655578613,0.7078351173717831,0.5341876416282743,0.43669727473439945,0.2980457589685291,1.3187705777265828,2.187224867959215,0.46554357787372874,0.4624130827807235,0.4649879275021819,0.4642317282678935,0.46042500045004375,0.4524284473501662,0.44355642098561354
shot_noise/s5,40704.0,0.7322465181350708,0.5232189893722534,0.7090259174090165,0.5336525854206635,0.4338736197923983,0.29717212932250603,1.3051478781571682,2.1979028631342237,0.4637109053812858,0.46011618019600264,0.4632081426120277,0.4625239195094979,0.4575923115315387,0.44883249162379696,0.4400799026288627
shot_noise/s5,40832.0,0.7148240804672241,0.5737249851226807,0.7093087546313681,0.53560733662564,0.43310337638562624,0.3001926286136416,1.2993716535795239,2.177780665202846,0.463762960788183,0.4612354015931708,0.46330805170308986,0.46268895394047965,0.45528950377124944,0.44660126101118097,0.43871893628703157
shot_noise/s5,40960.0,0.7111673355102539,0.5871967077255249,0.7093994171132649,0.5381238913134392,0.4269967195018069,0.30578851167242643,1.300654224715272,2.150884116147442,0.46354979973755284,0.4605749826431962,0.46313818955407476,0.46334021352972604,0.4529827990696432,0.4443965008911399,0.4328027971996282
shot_noise/s5,41088.0,0.7323483824729919,0.5576208829879761,0.7105188788381297,0.5390749640780507,0.43028302222620357,0.3041779156774304,1.2844841367604671,2.1455434368211677,0.46103316204688743,0.45761647745407574,0.4606607295132347,0.46084352455604594,0.4522341388369585,0.4482760724898416,0.43626148396230485
shot_noise/s5,41216.0,0.7031137347221375,0.5983343720436096,0.7101576522958862,0.5419656669056389,0.4311558458096702,0.30740533000914433,1.2913787969351849,2.117699507182449,0.4605778937973323,0.4581370685351869,0.4602409099283938,0.4611313211479749,0.4547542386502164,0.4496485165122243,0.4358402540789207
shot_noise/s5,41344.0,0.7227942943572998,0.5676912069320679,0.7107740738598576,0.543220571297172,0.4272608813066677,0.30567802316710796,1.2889904840547308,2.1037083864140134,0.4568569163984191,0.4568606372647348,0.45655200713925453,0.4573576677371028,0.45452480487030283,0.44773000809940106,0.43302381109698895
shot_noise/s5,41472.0,0.7045607566833496,0.5894210338592529,0.7104709852171012,0.5454742523977614,0.42529821562608056,0.3003785087669073,1.286441390767816,2.0857050876194956,0.4535272872349764,0.45433002931568206,0.4532513996780524,0.453255361468253,0.4521421643115589,0.4445068960851808,0.43123763633463424
shot_noise/s5,41600.0,0.6941969394683838,0.5460741519927979,0.7096771293269197,0.5455035157926411,0.41772224031366356,0.2987437310139595,1.2968039260581223,2.097406505157305,0.44700104335776264,0.4462773495473839,0.4460264003035798,0.4452677898829344,0.4442977286840458,0.4373891962793337,0.42309633840867256
shot_noise/s5,41728.0,0.7275643944740295,0.5557559728622437,0.7105496788462908,0.5460036356496948,0.415068725471197,0.2978408476336897,1.2901011895029744,2.0944641235950248,0.44674737474548304,0.44612974340367095,0.4458654996203122,0.44521627508146533,0.44430136545415444,0.43583817224322813,0.422143534039019
shot_noise/s5,41856.0,0.730393648147583,0.5319676399230957,0.7115176773487929,0.5453189529313242,0.41346715136329004,0.2976745563657596,1.28689240749444,2.1108847276370395,0.44441716656030916,0.4423339320148623,0.4436192295791165,0.442269604044562,0.4414417768327001,0.43454631765731705,0.42063076458854726
shot_noise/s5,41984.0,0.6903296709060669,0.5692422389984131,0.7104841160589038,0.5464859424955724,0.41811557836024044,0.2967618978181561,1.2935359438148066,2.1026620943429175,0.4482575909210174,0.4478598516327219,0.4475356027304201,0.44707663161914263,0.4477776279372616,0.4393262636268764,0.42459734856584197
shot_noise/s5,42112.0,0.7071760296821594,0.531048059463501,0.7103227459917455,0.5457328750305932,0.4185105857738999,0.29013598844819477,1.2889926343611404,2.1171772081632523,0.44429642819206866,0.44546093654572866,0.4436431598768405,0.4432278742966781,0.4461487341419244,0.4362523777373462,0.42437541176005095
shot_noise/s5,42240.0,0.7594906091690063,0.5630699396133423,0.7127211783418558,0.5465785854980444,0.4158935758251646,0.2915024321414064,1.2698310613086015,2.109800095199759,0.4450623838668271,0.4476032626329883,0.4444712945703,0.4440955364695106,0.4452511746757091,0.4348467379765042,0.4226502089750372
shot_noise/s5,42368.0,0.7204055786132812,0.5507965683937073,0.7130960271355838,0.5467843407612475,0.4245867809816034,0.29190226013508574,1.2729030783231108,2.110033354156933,0.4508677191323284,0.4524417385275284,0.45033289056598824,0.4499928976621806,0.44962569106588546,0.44021156363013847,0.42993811293934064
shot_noise/s5,42496.0,0.7296905517578125,0.5377885103225708,0.7139055161415462,0.5463455197642388,0.4214286102754424,0.29771093852793895,1.2627916375017656,2.1171771948565494,0.4496697208805899,0.45258113283781715,0.4491857980671435,0.44960318104948044,0.44782089596145846,0.4370534136118029,0.4277578047476128
shot_noise/s5,42624.0,0.7140336036682129,0.5505685210227966,0.7139117643135786,0.5465515198256319,0.42059736242055196,0.2960326219518114,1.2571050209992634,2.1186259463686397,0.4491992239496592,0.45183352352547285,0.4487613616062613,0.4491390174754668,0.44676417772598354,0.4370215598474433,0.4270863301731821
shot_noise/s5,42752.0,0.741860568523407,0.5815209150314331,0.715275120616497,0.5482573439820123,0.4259427949087802,0.29893849969583886,1.2454208217120875,2.104928858140502,0.4561723793143555,0.45859312271400604,0.45577619333915725,0.4568800985010024,0.4532440894236888,0.44152872845208874,0.43181413336907193
shot_noise/s5,42880.0,0.7237763404846191,0.530207633972168,0.7156898142686005,0.5473768703229955,0.4307050809376886,0.2959163938354377,1.2418811185814438,2.110953642347454,0.45961894047420265,0.4610470789101744,0.45926046405048077,0.46025929792981835,0.4576943843030522,0.4477819428766371,0.4360175769508378
shot_noise/s5,43008.0,0.7150477170944214,0.5645427703857422,0.7156584924552258,0.5482142313016661,0.4311287496170282,0.29894487508845974,1.2390853650357079,2.103042779869853,0.46407594197576574,0.4652937876397235,0.4629893907321721,0.4646181690370337,0.46001080221590857,0.4495546312405503,0.4374228046057253
shot_noise/s5,43136.0,0.6837334632873535,0.5309132933616638,0.714101173959232,0.5473702831094709,0.42952294953450315,0.2972978316535081,1.2588405137012744,2.118679417277181,0.46452082554737634,0.4648605597858533,0.46426270868746805,0.4657364575284522,0.46084261164211593,0.44993164432889765,0.4359429421804331
shot_noise/s5,43264.0,0.7322446703910828,0.5865004658699036,0.7149862225656637,0.5492790725124188,0.42784691031646593,0.2993210897947565,1.2571489214983005,2.099848326376078,0.4676375226993214,0.467182725421941,0.4674039737737292,0.46873744907839127,0.46354721136684013,0.44928749614768193,0.43438085369211105
shot_noise/s5,43392.0,0.6826158761978149,0.5411611199378967,0.7134071812794271,0.5488830748258567,0.42365342093476777,0.2916522174763978,1.2733024947781943,2.100451851656676,0.4633561404078928,0.4629446313901084,0.46314482100526,0.46435137421072753,0.4596551507965281,0.4445404709343392,0.43029046904562807
shot_noise/s5,43520.0,0.7570767402648926,0.601054310798645,0.715537403668962,0.5514280131659927,0.4271092226304472,0.29729879404021475,1.2535617205836331,2.082385003812668,0.46459455060107374,0.46422220960401833,0.46440334488340296,0.4654950566177969,0.46200802163088583,0.4483319787573645,0.43391392231909587
shot_noise/s5,43648.0,0.7419359087944031,0.5545660257339478,0.7168251356263006,0.5515810869497952,0.4250494512914398,0.2995078618293674,1.2434757405491725,2.0823817629418286,0.46640292175147713,0.46530382558459954,0.4662299152692777,0.46721771630914277,0.46105098209433515,0.44570222468170817,0.43193148473964593
shot_noise/s5,43776.0,0.7249645590782166,0.5331721901893616,0.7172221806727355,0.5506830919858716,0.42749864093651385,0.30128358586702425,1.2307649847944586,2.0992261525303118,0.4663660582891116,0.4654087559275288,0.46620951881295136,0.4678654946497359,0.4608356893310433,0.4461856536233659,0.4337256325336118
shot_noise/s5,43904.0,0.7518411874771118,0.5807610154151917,0.7189109127119733,0.5521503077629115,0.440348264642735,0.30158898518961563,1.2172588156986428,2.083661443248447,0.4755534055072806,0.47468722056262413,0.47541176568381854,0.47763513822858317,0.4683000199122646,0.4550072154438664,0.44598256221512406
shot_noise/s5,44032.0,0.7390919923782349,0.5906888246536255,0.7198953556225226,0.5540302354161171,0.4466766570622248,0.3040403607813238,1.2141772121413332,2.0611765058662432,0.4792187565595323,0.47767282122293353,0.47909059821837474,0.48110234696351867,0.4704807140312638,0.4607025429447476,0.4525368692023817
shot_noise/s5,44160.0,0.7236745357513428,0.5833078026771545,0.7200797058727089,0.5554584094288506,0.4426428883947911,0.30538467504366057,1.2188251782256916,2.056728875618572,0.4742998088798623,0.47366321301611053,0.47418384883411535,0.4767663115594954,0.46570563119664016,0.45613314563888224,0.44794531710697344
shot_noise/s5,44288.0,0.7258387207984924,0.5736716985702515,0.7203606334300641,0.5563468625576994,0.44222774137327614,0.3031618624279641,1.2142125051445771,2.0528064813778544,0.47761972594067253,0.47631870731558845,0.4775148031390181,0.47985146334443335,0.46835634446763214,0.4581705916220939,0.4477504921592544
shot_noise/s5,44416.0,0.7018051147460938,0.5514059066772461,0.7194554861771875,0.5561058403196284,0.44036489864887146,0.301076259817331,1.2269408499290537,2.0563559443181987,0.47673831240675957,0.4755983068572338,0.4766433763084155,0.47875762983157827,0.4698810231619681,0.4569653300756721,0.4460870009364818
shot_noise/s5,44544.0,0.7587640285491943,0.5814357399940491,0.7213729760489926,0.5573414451817952,0.441616603715011,0.3036879780976564,1.2079321361082043,2.04480209912701,0.4804396033139091,0.4779208951397101,0.4795915082481261,0.4815045240772341,0.47126058074322036,0.4595742219185587,0.4467940680692379
shot_noise/s5,44672.0,0.7153465151786804,0.530279278755188,0.7210790023480018,0.5560213395024485,0.4434741845630765,0.2970163085583196,1.2119410359533438,2.0628709693043423,0.47932697004191305,0.47556078614366387,0.4785595978854252,0.48029053011390427,0.47105880030365144,0.45823536081982613,0.4473966552845394
shot_noise/s5,44800.0,0.7597625255584717,0.5940638780593872,0.7229660034802199,0.5578770730905919,0.4540410379062697,0.3006651132166592,1.1927670237036574,2.036901583375766,0.48488255290526455,0.47998762981827053,0.48418822033535497,0.48647941481454393,0.47667634459360725,0.4665606685347743,0.4568279670956481
shot_noise/s5,44928.0,0.7044219970703125,0.5915354490280151,0.7220614178016878,0.5595189450875393,0.4487672032453517,0.29610299655118294,1.1986791248413542,2.0153478102160536,0.4789969440624077,0.47456792680165943,0.4783686990660767,0.48044181435628874,0.4714974539719671,0.4608573925290848,0.45056385363026813
shot_noise/s5,45056.0,0.6836420297622681,0.5508861541748047,0.7201873013119598,0.5590978333356985,0.43862279365626405,0.29236550134107625,1.2124801990698941,2.0198354876641416,0.4734856346929935,0.4702031925433218,0.4729171869598469,0.4740679652801399,0.46597494199367157,0.45406103155070676,0.44398505138110517
shot_noise/s5,45184.0,0.753918468952179,0.5856889486312866,0.7218327241236778,0.5603949609110931,0.4438141101434727,0.29515566778095,1.1992577190055869,2.011624616111165,0.47688304602501075,0.47307647582295803,0.4763687039654534,0.4774099495485382,0.46925067624769445,0.45847074895218615,0.4478666050866514
shot_noise/s5,45312.0,0.7484163045883179,0.5763143301010132,0.7231294841463431,0.5611715155057233,0.4422278474290434,0.2944455804252379,1.1846729081119531,2.009444491971214,0.4743986395027015,0.4702293692603921,0.4739332532608296,0.47415037671821925,0.46680489504624817,0.45777603162181746,0.4444445903252806
shot_noise/s5,45440.0,0.7435200214385986,0.5826809406280518,0.7241241445020629,0.5622207557555929,0.44261439972610056,0.2947883568273568,1.179604164897267,1.9971399515968296,0.4739725346124979,0.46947508664191334,0.47355144450310627,0.4737479018372465,0.4663765588134107,0.4589692707297944,0.44538234496415935
shot_noise/s5,45568.0,0.7240250110626221,0.5733325481414795,0.7241193087245291,0.562762794408563,0.44506484353563286,0.29941141626080287,1.1842809747018606,1.9868362630926908,0.48388591620797694,0.47825497131609174,0.48350490606140667,0.4829204691817085,0.47106409634455537,0.46062522949435886,0.44833152688309713
shot_noise/s5,45696.0,0.7552359104156494,0.574536919593811,0.725637191733852,0.5633371419785751,0.4474307715750729,0.30801889597423027,1.178390620506427,1.9873861108416842,0.48400682840709863,0.4804362352003423,0.4836620833547885,0.48313327401866657,0.473929798060719,0.46448451758531806,0.4504237075485965
shot_noise/s5,45824.0,0.7399283051490784,0.5523003339767456,0.7263343192175216,0.562798761100437,0.4480099366839297,0.3105089177732327,1.178057163983578,1.9953340603539067,0.48327967638738667,0.47932392251024425,0.48296774466545705,0.4817270730412801,0.47492398741841374,0.4649276925920694,0.4499929858307051
shot_noise/s5,45952.0,0.7494862675666809,0.5682786703109741,0.7274636825516269,0.5630660737448534,0.4475858796527406,0.3152344223278328,1.1703269968232946,1.9893022267556346,0.48697182497633257,0.48419196081979865,0.48668958336475915,0.48556700065186614,0.4779242325183862,0.4651427843144185,0.45014237444884136
shot_noise/s5,46080.0,0.7366570234298706,0.5733093619346619,0.7279121382042241,0.5635657463394782,0.44445084649126615,0.31569917094624245,1.1714716165299306,1.9885552651905984,0.485999640564546,0.4828337135079796,0.48650645823783384,0.48549072456364567,0.4749131514934357,0.4625488845581383,0.44897623529844594
shot_noise/s5,46208.0,0.7838379144668579,0.6373891234397888,0.7306402248511817,0.5671668866858348,0.45572411511791533,0.32271917847069287,1.1498902963040327,1.9556899640729197,0.4932810549070044,0.4911414802175116,0.4937396329445243,0.49282057826371506,0.48321261357615447,0.47351240536164685,0.45905657578163966
shot_noise/s5,46336.0,0.7355092763900757,0.5850852131843567,0.730877739560396,0.5680409513930798,0.4597896365820043,0.32250869747407723,1.1444693844039149,1.9518580881527876,0.4981591222567244,0.49477316562215057,0.49857405217645523,0.4970174595711544,0.48694832554986966,0.47664700687392314,0.4635299237143807
shot_noise/s5,46464.0,0.7466076612472534,0.5692692995071411,0.7316450528134134,0.5681008708132779,0.46278036123808947,0.32300608498398065,1.1381401415992898,1.9568441746385785,0.4990965347724436,0.49824508323098815,0.4994719710650734,0.49882573230679705,0.4904028275796262,0.4788697783790822,0.46765185245066804
shot_noise/s5,46592.0,0.7380061149597168,0.5759692192077637,0.7319553485278673,0.5684846926861796,0.4624376439280987,0.3226939353126916,1.142484974311347,1.9577733198033793,0.5020454071319969,0.5012378177241719,0.5016600939857088,0.5010753651627831,0.4918554138897153,0.4792078720491279,0.4683326695880226
shot_noise/s5,46720.0,0.762022852897644,0.6002426147460938,0.7334220560581003,0.5700338596159316,0.4638378384382142,0.3247724423620487,1.1324969865242607,1.9488723722417782,0.5041001274525683,0.501120000451199,0.503751488966248,0.5032224154744753,0.4904555827044955,0.4790118521039402,0.4684095719472827
shot_noise/s5,46848.0,0.7483652234077454,0.5717489719390869,0.7341509910507659,0.5701175236316952,0.46419384429775357,0.3227305977588793,1.1339340464267298,1.9446030933170237,0.5035611504196051,0.5008646761964745,0.5032456958463195,0.5013169505869582,0.4897281030895524,0.477161378376022,0.46833043362987326
shot_noise/s5,46976.0,0.7345110774040222,0.5888473391532898,0.7341685562387296,0.5710311731693339,0.46020305602432077,0.31660737013162127,1.1356491980469938,1.9384399337267746,0.5010843306295177,0.4987188712045435,0.500798901476652,0.49905373696773553,0.4871179029144611,0.47346071178461,0.4647081139506467
shot_noise/s5,47104.0,0.7003124356269836,0.5471755266189575,0.7325170381601078,0.5698674830937058,0.4580793267180201,0.31621642472944433,1.144383632789435,1.9510327156221927,0.4957944776249235,0.4951041957775792,0.4955362160297368,0.49391997854130026,0.48464460460017567,0.4715623097111195,0.46139339162339893
shot_noise/s5,47232.0,0.7537901401519775,0.5907505750656128,0.7335547504523942,0.5708861705069695,0.45902061626300333,0.3159370505731617,1.136167218702779,1.9443019227405876,0.4954697504268344,0.4940829754775121,0.4952360705420759,0.4937736688645554,0.48385674812425167,0.46977023978025745,0.4620192436996965
shot_noise/s5,47360.0,0.7285783886909485,0.6131892800331116,0.7333120010981772,0.5729497368253179,0.4659326932397549,0.3193837025114687,1.1307423232528528,1.9266040755771632,0.4982247117187478,0.499907171743781,0.4980132738218307,0.49669006564127827,0.4914164865538292,0.47718354235917404,0.47093249236599544
shot_noise/s5,47488.0,0.7589877843856812,0.5604258179664612,0.7345644783317139,0.5723388139541542,0.4625757741925444,0.31354185694226283,1.1236599152773583,1.9349007238747742,0.4963301823463506,0.4971274885319993,0.4961388694128521,0.4949416060918407,0.48944495898178114,0.47428014153974046,0.4670996852401422
shot_noise/s5,47616.0,0.7235672473907471,0.5633344054222107,0.7340280280419106,0.5718995745135715,0.45416582542942296,0.3096317158888648,1.1309028685559925,1.9428267763154636,0.49069346064770925,0.4876410827228857,0.4897581620326877,0.4879126608362222,0.47923975765097504,0.46628054448658257,0.4590213392327521
shot_noise/s5,47744.0,0.7325443029403687,0.549352765083313,0.733955651207689,0.57079973015112,0.4459800538240049,0.30380716232418997,1.1365044987425674,1.9635913755429817,0.4826188302469754,0.47989416229715,0.4817725547006055,0.4801027109648387,0.47232966769014456,0.4591539013468721,0.45037341283344196
shot_noise/s5,47872.0,0.7357107400894165,0.5722699165344238,0.7340412652994805,0.5708714465600616,0.44143629498293363,0.3024595145122504,1.1286528856264828,1.959549664966704,0.4775249796583281,0.47578466439855155,0.47675925383677625,0.475248348231719,0.4689401692782331,0.4555684615994006,0.44541148775708816
shot_noise/s5,48000.0,0.7411162257194519,0.5828349590301514,0.7343863853199669,0.5714550325342124,0.4440732329976454,0.30624088136414807,1.1247273873971853,1.9537380168453697,0.48042637957187206,0.4781638754016639,0.47973353663636925,0.47836644120193017,0.47120865405841317,0.4576224747725689,0.4476700612007918
shot_noise/s5,48128.0,0.7092200517654419,0.5865167379379272,0.7331587592929169,0.5721897498709789,0.4420347337236279,0.3070225345359126,1.143311526076359,1.9381623940789847,0.48083939519858265,0.4795544345543907,0.48021249805111105,0.4789755247282188,0.47326122119146125,0.45726875914876697,0.4445270155183844
shot_noise/s5,48256.0,0.7408300638198853,0.5319843292236328,0.7335329692698421,0.5702285098394011,0.438554330751718,0.30319379835164967,1.1452561394719687,1.9622813200294549,0.4796515289096039,0.4785260529192315,0.47908430073512187,0.4772400494417732,0.47355685153611693,0.45611215506560054,0.4408093935773127
shot_noise/s5,48384.0,0.717799961566925,0.5858662128448486,0.7327655054794558,0.5709913246201546,0.43025573294072755,0.30422829702133203,1.156089718147632,1.9539247835301492,0.4756766659556856,0.4730967438965801,0.4751634273754433,0.4727325194532641,0.4648639031448149,0.4475924080040324,0.4322961556401502
shot_noise/s5,48512.0,0.7611241936683655,0.5665447115898132,0.7341488561228173,0.570774416667455,0.4286586673425619,0.30482970836968826,1.1368148968080936,1.9569632272547173,0.4771552402847101,0.4725714738052934,0.47669085249140347,0.473729126762888,0.46291002182228635,0.4472452722035296,0.43122989454412164
shot_noise/s5,48640.0,0.7310760021209717,0.5568971037864685,0.7339989608056541,0.5700974745756995,0.42336545688758864,0.30624761239160964,1.1420543117313904,1.9655919467064722,0.473957091298658,0.47129682430568187,0.4735369046040599,0.4708570801941419,0.46110493348703,0.44471895242211096,0.42645414610446697
shot_noise/s5,48768.0,0.7669193744659424,0.6044742465019226,0.7356048346427413,0.5717743902794177,0.4269230279155397,0.30401702465653674,1.1309611205462515,1.9484208501160147,0.4734986531024739,0.47254162389586085,0.47311846038237654,0.47069370551772144,0.4618326019237196,0.44624406700418245,0.42971773124621904
shot_noise/s5,48896.0,0.690617024898529,0.5799577236175537,0.7334103073381455,0.5721735772715218,0.42785539884564894,0.30101347085222624,1.1442637541993639,1.9463522375600564,0.4744966992081278,0.4736307614191579,0.4741526937784621,0.47195873057254867,0.46314166420343694,0.44907404872894796,0.4311834736618079
shot_noise/s5,49024.0,0.7515710592269897,0.5607298612594604,0.7342961976741866,0.571615347222153,0.42797401049627126,0.29692013037848664,1.1449288304694951,1.9541209868196487,0.47170031498843684,0.4709167984048418,0.4713890524908036,0.4694039138613007,0.4621510834345197,0.4494596241027542,0.4309853143602676
shot_noise/s5,49152.0,0.7553901672363281,0.6170847415924072,0.7353251717991691,0.5738333664597264,0.4312044735067391,0.29909087942039153,1.1397450273864842,1.9313258007342773,0.4759554902423631,0.47383370040081163,0.475673854157354,0.47463985900240235,0.4651773039285571,0.45216944572295603,0.4354535473777317
shot_noise/s5,49280.0,0.7398277521133423,0.6136718988418579,0.7355448098632751,0.5757767095027572,0.4330678192764724,0.3025050431876356,1.1440096370518813,1.9187743011565175,0.47740752567438083,0.47541333034481525,0.4771526961173917,0.47766714785404757,0.466093652156654,0.4535617054994741,0.43691246017937524
shot_noise/s5,49408.0,0.7138277292251587,0.5877014398574829,0.7344854400760498,0.5763584036664022,0.4321140113738932,0.2982325524618642,1.1516650046739334,1.9184046731843578,0.4743712650510013,0.47035465523763476,0.474140690538104,0.4753311908899502,0.46264705230831094,0.45214446999684715,0.43635490894278983
shot_noise/s5,49536.0,0.7269035577774048,0.5795867443084717,0.7341155921590427,0.5765158836977227,0.43045161290879924,0.2988655337861365,1.1537573206356475,1.9207520400981741,0.4708618049628631,0.4709641169639752,0.4698909817420917,0.47173036367853316,0.46399013477747825,0.45296281312623704,0.43795111035216133
shot_noise/s5,49664.0,0.6993896961212158,0.6325581669807434,0.7324216460108559,0.5792496536139675,0.4355469382714358,0.300851116531061,1.1721088551966463,1.891190524820134,0.47900776641791476,0.47910034021547077,0.4781293475489121,0.4797936544646335,0.47122858119961,0.46045148052647616,0.4438570129956201
shot_noise/s5,49792.0,0.7207021713256836,0.5322928428649902,0.7318499643188963,0.5769590774798711,0.43127120351627235,0.29517447843173333,1.1788407470888629,1.9165542008217422,0.4713203823448235,0.4706419497131059,0.47052557264836126,0.47203146843587596,0.46351943605271073,0.4545674907083701,0.44100253823101615
shot_noise/s5,49920.0,0.7241026759147644,0.5969158411026001,0.7314720478113776,0.5779325781443945,0.4356378646925938,0.30002104800396573,1.1805563511974881,1.9018866746430376,0.4763739152566785,0.47579723706938376,0.4756547566913489,0.4770173191498913,0.47007766938499285,0.4597655582197685,0.44741737694787365
shot_noise/s5,50000.0,0.7604160308837891,0.5834745764732361,0.732883949424666,0.5782029195262892,0.43246888292530344,0.2980113111326781,1.1890290713645895,1.9403986526812105,0.46772886680869,0.467207077681459,0.46707815879092307,0.4683110305930902,0.4613068918111684,0.45197630223216406,0.4438522191182128
