corruption,n_samples,r_l,r_s,r_l_ema,r_s_ema,large_acc_ema,small_acc_ema,large_ent_ema,small_ent_ema,fixed_ts_duo_acc_ema,"PW NN - β=0.5, pbs=256_duo_acc_ema","PW NN - β=0.01, pbs=256_duo_acc_ema","PW NN - β=0.1, pbs=256_duo_acc_ema","PW NN - β=1, pbs=256_duo_acc_ema","PW NN - β=2, pbs=256_duo_acc_ema","PW NN - β=4, pbs=256_duo_acc_ema"
brightness/s5,128.0,0.6412286758422852,0.45837876200675964,0.6412286758422852,0.45837876200675964,0.6985518292682927,0.7141768292682926,2.1406717067811547,3.7029563915438763,0.731326219512195,0.731326219512195,0.731326219512195,0.731326219512195,0.731326219512195,0.731326219512195,0.731326219512195
brightness/s5,256.0,0.6276370286941528,0.37148112058639526,0.6405656686643275,0.4541398526691809,0.694413939510454,0.7055401292784492,2.1560146511643157,3.756647996746381,0.7285676263403025,0.7285676263403025,0.7285676263403025,0.7285676263403025,0.7285676263403025,0.7262810409744489,0.7255188458524977
brightness/s5,384.0,0.6954902410507202,0.4810732901096344,0.6432449160978101,0.45545367888578836,0.6989796858985131,0.709009688657062,2.1392133636661566,3.743616215481246,0.7365936107457466,0.7343070253798929,0.7365936107457466,0.7358314156237954,0.7335820105077929,0.7285386456407714,0.7271239824756984
brightness/s5,512.0,0.6732807159423828,0.4679226875305176,0.6447100770658379,0.4560619232099215,0.7008242726065665,0.7074642988979126,2.12209744153418,3.733693860726721,0.7400818750412138,0.7395373204061969,0.7400818750412138,0.740154421870192,0.7373569232494663,0.729094158250811,0.7262897545184634
brightness/s5,640.0,0.6838414072990417,0.43641889095306396,0.6466189224430674,0.455103726514465,0.7001323430306886,0.7061031818106633,2.114115909145903,3.7562735055506398,0.741639370575661,0.7396594374407052,0.7408771754537098,0.7417050122930172,0.7339871387640917,0.7249864453893418,0.7231739837136126
brightness/s5,768.0,0.6847144365310669,0.5281410217285156,0.6484772402034576,0.4586665214029553,0.6965690325697069,0.7080691192944788,2.090917815258576,3.6936436466650946,0.7416357719485903,0.7367955112119645,0.7409461236556172,0.7409701509206895,0.7309009149673905,0.7205446956794699,0.7174175367212402
brightness/s5,896.0,0.7037123441696167,0.477814644575119,0.65117163551888,0.4596005761918413,0.7017290294696753,0.714346746250388,2.065185711313737,3.679014589080267,0.7469678816976834,0.7411382942019025,0.7463438751220665,0.746365615437459,0.7350425589919101,0.7256720595648266,0.7205931429821572
brightness/s5,1024.0,0.6666195392608643,0.4569815397262573,0.6519251917989768,0.4594728183154713,0.70266127532622,0.7148402147809876,2.0575610136209823,3.6842602710939985,0.747293663332645,0.742018944367099,0.7467290506012273,0.7467487216421029,0.7357412148879805,0.7265375982142185,0.7197298753574426
brightness/s5,1152.0,0.6588950157165527,0.4591682255268097,0.6522651832095903,0.45945796013065854,0.7014041045634626,0.7115872794062356,2.0588207350813974,3.683550013107301,0.7454877524859922,0.7392278788711228,0.7449768804071782,0.7457196940021645,0.7349977024655671,0.7230078446661667,0.7168480906714279
brightness/s5,1280.0,0.6693167090415955,0.464638888835907,0.6530969649574929,0.4597106883601828,0.693332476526488,0.7106702867203356,2.0524095577807033,3.6802781101781794,0.7407305898460405,0.734341525141569,0.7402683433071494,0.7409404548347961,0.7282645779001353,0.716653736904961,0.7088308720471397
brightness/s5,1408.0,0.673600435256958,0.4564031958580017,0.6540971342403936,0.4595493472625154,0.6989120742396123,0.715361841821315,2.037313393328368,3.679711422293397,0.747784787124228,0.741278827924049,0.7473665378763678,0.7479746768612283,0.7357802932695454,0.7237873788414312,0.7136975052847705
brightness/s5,1536.0,0.6702158451080322,0.4197274446487427,0.6548834128193027,0.4576068154276972,0.6933270463524391,0.7119477164843666,2.0318557768402496,3.7044088542838822,0.7457462291588047,0.7368850965333006,0.7453677894764754,0.7459180449172684,0.7311849054509093,0.7173590738951914,0.7082295690292301
brightness/s5,1664.0,0.6770965456962585,0.493201345205307,0.6559669802767152,0.4593431339534343,0.6958212001796906,0.7082078981396321,2.0247587365373634,3.6689584726262954,0.7469504845630827,0.7396949624194825,0.7466080653145265,0.7471059466503065,0.7338123088583182,0.7182536593662023,0.7093052792941458
brightness/s5,1792.0,0.6876604557037354,0.46586400270462036,0.6575130034682771,0.4596612251120287,0.6956798307396248,0.7069990857051639,2.0051919169488337,3.665115589829518,0.7449913367165072,0.7383520451160219,0.7446815094249819,0.7443698065765117,0.7323042961174907,0.7174643461606149,0.7093676857860771
brightness/s5,1920.0,0.6848654747009277,0.4770137667655945,0.6588472703576748,0.4605076905585441,0.6949756231736878,0.7065931644006866,1.9902617595335885,3.6479441546433637,0.7418058138880472,0.7357984596201483,0.7415254764041628,0.7419684567536431,0.7295641489558021,0.716173867049551,0.7073606484715188
brightness/s5,2048.0,0.6773837208747864,0.48717227578163147,0.6597514874560704,0.46180840203284107,0.6978519767086133,0.7069137138925903,1.9731272340073867,3.62392102038803,0.7470101980509933,0.740849617538516,0.7467565434924043,0.7479195554564492,0.7307470675560825,0.7171069017146741,0.7098203725908269
brightness/s5,2176.0,0.715029239654541,0.4542517066001892,0.662447963173069,0.4614397827434434,0.7003430140236769,0.7070550320229803,1.9538382663550091,3.6307678118137634,0.7463466753334685,0.7385230626270569,0.746117163980932,0.7464072836699935,0.7293820878957772,0.7185274226698507,0.7111722407558879
brightness/s5,2304.0,0.7153333425521851,0.5289453864097595,0.6650277377769283,0.4647327390198491,0.6967596515942965,0.709469484656129,1.9306192672746603,3.5881200235733837,0.7487950881512228,0.7394667330492288,0.7485874220196296,0.7488499276990244,0.7304707945802956,0.7161876620350046,0.7072831518082723
brightness/s5,2432.0,0.7275208830833435,0.5321609973907471,0.6680761838894362,0.46802192235501483,0.7048387448393366,0.7103899977168187,1.9044884147890992,3.543398285613514,0.752646388505657,0.744968114793502,0.752458488335429,0.7534582034683022,0.7368284226987684,0.7223803890275086,0.7143606031531125
brightness/s5,2560.0,0.6867221593856812,0.5358198881149292,0.6689857436697408,0.47132914019696187,0.7056237245095961,0.7119479098913033,1.895670604883602,3.4990392812123314,0.7532310570595503,0.746283612493109,0.7530610414980294,0.7539656023053465,0.739680863131961,0.7251208041111483,0.7156893083854158
brightness/s5,2688.0,0.7124480605125427,0.5006245374679565,0.6711058566864628,0.47275818396627867,0.705423072563412,0.7119075079980204,1.8828485041745748,3.4904885246013717,0.7544850908908839,0.7474738992278516,0.7543312576552663,0.7551497210627197,0.7414996090563429,0.7275260220422703,0.7152927947972738
brightness/s5,2816.0,0.6977323293685913,0.5418472290039062,0.6724047090124203,0.4761283812851873,0.7022299187203744,0.7109972157435984,1.8720648885754265,3.445938896186706,0.7510465932451126,0.7432155269039632,0.7509074020783225,0.7501607529663276,0.7363598485274822,0.7237162876420542,0.7111602265833752
brightness/s5,2944.0,0.7089704275131226,0.5304654836654663,0.6741884025978204,0.4787789716452009,0.7002144297285482,0.7052471833111322,1.8549701790063369,3.4148265793894943,0.7465225272610447,0.7379868033438001,0.746396584509892,0.7457210025352672,0.7340330634207617,0.7196556951240716,0.7082947380329052
brightness/s5,3072.0,0.6940060257911682,0.4828774333000183,0.6751551159243252,0.47897889660397247,0.6982420568810956,0.6990219903725354,1.846541214982917,3.413563357906572,0.7409046781463706,0.7316570064758595,0.7407907228075822,0.7394172485759318,0.728804604082676,0.7157585141485501,0.7047910746865251
brightness/s5,3200.0,0.6910869479179382,0.5219802856445312,0.675932278460599,0.48107652533765827,0.6989670841856909,0.7010112714792541,1.8421614865812903,3.3937396017238806,0.741231270351356,0.7321387905114707,0.7411281614457659,0.7398854164687639,0.7287956887624927,0.7169913444496994,0.7056177719204073
brightness/s5,3328.0,0.7459093332290649,0.5831315517425537,0.6793457933273535,0.48605481930862876,0.7030622754589149,0.7062875633075226,1.811536221026079,3.3430869826129,0.7450031304011971,0.7367760858821814,0.7449098355496786,0.7437853768286673,0.7323011556262649,0.7216203657989247,0.7090799411605826
brightness/s5,3456.0,0.697291374206543,0.5443325042724609,0.6802211875165821,0.48889763320930346,0.7045554556650858,0.7074365757232253,1.8108500187585264,3.316002793918511,0.745478739643201,0.7380719373151682,0.745394324729959,0.7436518787367061,0.7332979224911057,0.7243587604879026,0.7114875612761726
brightness/s5,3584.0,0.728396475315094,0.5903110504150391,0.6825712015555339,0.4938446291705588,0.708044377196071,0.7115621842207172,1.788030782054692,3.2564043651584207,0.7502963491953055,0.7428695221037304,0.7502199690150313,0.7486805517897263,0.7392749197554859,0.7297365703165376,0.715078870137453
brightness/s5,3712.0,0.7045173645019531,0.5166207551956177,0.6836417460895055,0.4949556597083665,0.70616329429817,0.7062231303984002,1.7739659078811736,3.2468608871724003,0.7466430678917665,0.7406853320165223,0.7465739576870092,0.7451810644093834,0.7366706739726913,0.7287652132370337,0.7132532489464997
brightness/s5,3840.0,0.7464081048965454,0.6089284420013428,0.6867035196898488,0.5005153076250971,0.7088485250609853,0.7081776510029545,1.7403036209607308,3.176586859925859,0.7522235908764883,0.7460335455069186,0.7521610586805121,0.7509007429902866,0.7408766181513761,0.7315113856832411,0.7167136773632516
brightness/s5,3968.0,0.7340106964111328,0.5646471977233887,0.6890111868469846,0.5036436925079406,0.710553156821986,0.7122327228884554,1.716334066686841,3.141968781835096,0.7587601616437469,0.7531592937037614,0.7587035813522063,0.7575632243237512,0.7462438050019292,0.7347583686045268,0.7183947074773978
brightness/s5,4096.0,0.7691037058830261,0.5792862772941589,0.6929181389950843,0.5073335746926342,0.7172450038823561,0.7202519164267345,1.6652707332415047,3.096106696754201,0.7645258511957994,0.7587330670573592,0.7644746562978617,0.763442840093055,0.7524758045258383,0.7413213733774451,0.7257902142017382
brightness/s5,4224.0,0.7370784878730774,0.585541844367981,0.6950723023549863,0.5111486122377731,0.7114394116032501,0.7171717221207989,1.6448301481710645,3.0621541601202416,0.7616560497732368,0.7534402111803946,0.7616097276793858,0.7599139261044239,0.7485035387767995,0.7376857875711444,0.7206213062467839
brightness/s5,4352.0,0.7635598182678223,0.6120914220809937,0.6984131567897588,0.5160726517423204,0.7114102290592167,0.7150725397654581,1.6118318569025374,3.0043580765959677,0.7567728148156414,0.7493761518175966,0.7567309017253693,0.755196508985621,0.7456715541222558,0.7351212569278468,0.7197181777521464
brightness/s5,4480.0,0.7014147043228149,0.5910083651542664,0.6985595737425908,0.5197280523965617,0.7098594339078338,0.7102359208704709,1.6113761255671648,2.96180003320628,0.7546409585571627,0.7479483205916504,0.7546030348151616,0.7532146877853239,0.7438713169660625,0.7335630171250772,0.7173766200838874
brightness/s5,4608.0,0.7135318517684937,0.5601536631584167,0.6992899287682446,0.5217000334093351,0.7070062159273142,0.7058968385746497,1.621061373205809,2.948603347250122,0.7512248054523762,0.7444069872813207,0.7511904913467344,0.7499342891858878,0.7399930238580493,0.7284536579698051,0.714570100623196
brightness/s5,4736.0,0.7669118046760559,0.6101069450378418,0.7025885568613085,0.5260125656838964,0.7059117813357791,0.7086074309768244,1.5931006531802565,2.9092483162761282,0.7540826466942677,0.7464265482777446,0.7540515986546001,0.7529149636238758,0.742432712247527,0.730467289572917,0.7135179197191439
brightness/s5,4864.0,0.7324550151824951,0.5661051273345947,0.70404545726722,0.5279683003985647,0.7078587563424865,0.7088849806756394,1.5919895408038096,2.8999316021169665,0.7529690396323504,0.7460416596849788,0.7529409467897958,0.7519124983176175,0.7424279627177208,0.7293892013327821,0.7155031266465304
brightness/s5,4992.0,0.7462753057479858,0.5621117949485779,0.7061054498760378,0.5296338367180775,0.7029837408666995,0.7068123471788503,1.5710238893432544,2.892728956850081,0.7489126468059518,0.7419196099826607,0.7488872278805945,0.7472316537424724,0.7386870501449455,0.7261271417175261,0.7120755536165215
brightness/s5,5120.0,0.7151049375534058,0.5735968351364136,0.7065444492749339,0.531778373226289,0.7008965019977691,0.7051600714211965,1.5781045819801751,2.87478143799744,0.7461532634097873,0.7398258338986478,0.7461302638943391,0.7446322696860799,0.7361387586379905,0.7233242906319793,0.7091229429213142
brightness/s5,5248.0,0.7174020409584045,0.5764340162277222,0.7070740878936398,0.5339566972751394,0.6974091787856078,0.7013412960330994,1.5718409408776464,2.850668593115711,0.74361934184788,0.737131971064749,0.7435985314594228,0.7422431184964471,0.7323458071911857,0.7185016335819396,0.7063398252131581
brightness/s5,5376.0,0.7232884168624878,0.5838617086410522,0.7078650307701689,0.5363910880734766,0.6934172283955441,0.7022360864166234,1.5608741376443587,2.8326488066695075,0.7396906715946612,0.7323335681079614,0.7396718419689363,0.738408258913204,0.7280029582021376,0.7132270878513565,0.7022228579114892
brightness/s5,5504.0,0.7516911625862122,0.6161140203475952,0.7100028908587565,0.5402800115990434,0.6928540180783002,0.7023578747410375,1.5517659941784487,2.7982081571612882,0.7376975083256867,0.7302784694183279,0.7376804709308459,0.7365371575294367,0.7263600531977699,0.7129905714586039,0.7015465299722635
brightness/s5,5632.0,0.7527438402175903,0.623083233833313,0.7120878152177239,0.5443191931714467,0.6944450990464571,0.7024308908275538,1.5443107312120397,2.760457797197417,0.7387941166944494,0.7305568423469819,0.7387787009433768,0.7377442097574498,0.7270113866233242,0.713390041159153,0.7023102451444453
brightness/s5,5760.0,0.7533937692642212,0.6342566013336182,0.7141027398053579,0.5487063838135039,0.6997700747469727,0.7060476709986374,1.528929752224028,2.7117152066144845,0.7450101734040794,0.7360697246934916,0.7449962249463867,0.7440601981208096,0.7321367156776181,0.7183618397400784,0.7076116197886384
brightness/s5,5888.0,0.7370783090591431,0.6310786008834839,0.7152234992811523,0.5527245407437468,0.7000150408626682,0.7087810872034072,1.522675504703353,2.6682456011495836,0.7477345173989319,0.7381578234734092,0.7477218965755229,0.7468749621307266,0.7345991639177021,0.721373205380523,0.7086346066023312
brightness/s5,6016.0,0.7542287111282349,0.6487830877304077,0.7171261925419855,0.5574103235235839,0.7031367502392136,0.7140056714077229,1.5073562865850973,2.624182328658997,0.7537874485209848,0.7451222781100865,0.7537760289657169,0.7530097069606395,0.7404151268999553,0.7262358092705385,0.7132224786687362
brightness/s5,6144.0,0.7317296266555786,0.541828989982605,0.7178385551816729,0.5566502584728044,0.7083966371884853,0.711445643195209,1.5127206078348323,2.6487793431588282,0.7587251393220807,0.7501225371834869,0.7587148066965231,0.7572592292011496,0.7451012242800904,0.7307843045214093,0.7182845865884281
brightness/s5,6272.0,0.7146159410476685,0.5655189752578735,0.7176813544922093,0.5570828788037833,0.7018716746958277,0.7127915367637792,1.5163167169034384,2.6613633099188574,0.752596482396719,0.7441248536918996,0.752587133245337,0.7512700997114505,0.7388564617073274,0.72441503698814,0.7115806699589524
brightness/s5,6400.0,0.7455610036849976,0.6271892786026001,0.7190413373796624,0.5605027031842134,0.7005037580085389,0.7125964767505699,1.5049003434497374,2.6162854702780485,0.7545615703304042,0.7454462536974297,0.75455311104471,0.7533614346586057,0.7391921048523766,0.7246008454842123,0.7092886371252627
brightness/s5,6528.0,0.7515008449554443,0.6362028121948242,0.7206247279931152,0.5641953914286334,0.702277641838779,0.7169187930622348,1.495030591394516,2.5846929702738026,0.7542017539991341,0.7451918512039205,0.7541940998804306,0.753115848968316,0.738807966377433,0.7233561189657864,0.7102263635142918
brightness/s5,6656.0,0.7831041812896729,0.6213942766189575,0.7236725062027034,0.5669855809501125,0.7038083243526371,0.7178552850967632,1.471187570702718,2.5717284189145317,0.7553262152484729,0.7464116928501863,0.7553192896598067,0.7535814730998266,0.739111045127945,0.7251299267977163,0.7117254901280415
brightness/s5,6784.0,0.7868788242340088,0.6833768486976624,0.7267557412286207,0.5726632037670661,0.7112165147771331,0.720152670215453,1.4412249432351263,2.5051778209886044,0.7592437081457033,0.7504526679507039,0.7592374417445364,0.7576650330665295,0.7438469063888187,0.7319587261506997,0.7191423084382814
brightness/s5,6912.0,0.7407045364379883,0.6070998907089233,0.7274361702632239,0.5743430421544737,0.7104463527519449,0.7179556581782891,1.430326657930181,2.4925372408213096,0.7576388638248749,0.7489223723694352,0.7576331938687922,0.756210449312428,0.7422203418306919,0.7314636957020906,0.7176177579622998
brightness/s5,7040.0,0.7374546527862549,0.6364598870277405,0.727924876727762,0.5773731321482916,0.7091360217345082,0.7172318894046269,1.4262377421917922,2.4586107548320695,0.7547739214025192,0.7468870781522372,0.754768791121019,0.75348146543974,0.7408229565285438,0.7296029334698868,0.7156248422728483
brightness/s5,7168.0,0.7397993206977844,0.6259864568710327,0.7285041178970313,0.5797445138420838,0.7016669476848226,0.7144763258681959,1.414249845454063,2.44048914727037,0.7527579621970444,0.7441345900473246,0.752753320223123,0.7508263289314959,0.7356360600118471,0.7254839749004744,0.7120369631748972
brightness/s5,7296.0,0.7589281797409058,0.6504923105239868,0.7299882184747812,0.5831956258753473,0.7010807123311215,0.7156452954464758,1.3970312533444655,2.404077011764292,0.7503575910182656,0.7432800187162288,0.7503533908741047,0.7486098133877485,0.7348281958822246,0.7248802057249384,0.7119509048120277
brightness/s5,7424.0,0.7758548259735107,0.6176126003265381,0.7322256139625242,0.5848745026778445,0.7051234464340486,0.7197517813052288,1.3858255299404416,2.3997231350263184,0.7534466959778595,0.7462805820745889,0.7534428956094664,0.7518652743383494,0.737871020783381,0.7281076995286323,0.7149589983456835
brightness/s5,7552.0,0.752707839012146,0.6054161787033081,0.733224746891774,0.5858765356546963,0.7071082760417535,0.7189314154463133,1.374974996561543,2.3947562407521024,0.7508692293767544,0.7436230013893217,0.750865790732896,0.749438329725538,0.7352888593762774,0.7271798399661211,0.7152826510908891
brightness/s5,7680.0,0.7438153028488159,0.6157026290893555,0.7337413593774833,0.5873314670417529,0.7082907125874522,0.7182634936905667,1.374174342086617,2.395011903087856,0.7500614800012156,0.7435049584254362,0.75005836865243,0.7487667754387527,0.7359268917973336,0.7263774756623855,0.7141626486075207
brightness/s5,7808.0,0.7706412076950073,0.6800675988197327,0.735541351978338,0.5918551807870202,0.7078733931264216,0.719722649555831,1.3606593351149738,2.3434960527071222,0.7486055985019922,0.7434353312106414,0.7486027832958632,0.7474341257836661,0.7380657658677836,0.7264508569199811,0.713948624944699
brightness/s5,7936.0,0.7366347312927246,0.594729483127594,0.7355946875546495,0.591995390657292,0.6991860088907121,0.7121940214006061,1.359351752641898,2.3524283455079775,0.742027284545824,0.7373491307384805,0.742024737295067,0.7417295094092541,0.7339406780992854,0.7219812631619817,0.7069695767643588
brightness/s5,8064.0,0.7734787464141846,0.6754971742630005,0.7374426904258463,0.5960686483941557,0.6979993572413878,0.7104942632661044,1.3462148570267174,2.3053181416673603,0.7404995537145737,0.7355416584492735,0.7404972489148108,0.7394679261222341,0.7316954321172,0.7201493166385331,0.706566464163349
brightness/s5,8192.0,0.7267355918884277,0.6042963266372681,0.736920392936216,0.5964699985523564,0.7015360037859315,0.7127672661676054,1.3487804314812615,2.3067141713112034,0.7422031952408484,0.7377171995843813,0.7422011098152452,0.741269759447899,0.7335120477395961,0.7230649081541991,0.7100498762596393
brightness/s5,8320.0,0.7854152321815491,0.6453620791435242,0.7392859948506225,0.598854978093389,0.7053123210936357,0.71764962036938,1.329080776138851,2.2903641933019396,0.746496020203052,0.7417491734490447,0.7464941332712598,0.7449264153005676,0.738706469132615,0.7278036735886595,0.7137780260505123
brightness/s5,8448.0,0.7661248445510864,0.6089945435523987,0.7405952070311329,0.5993495910426089,0.7037284594785365,0.7193159265805038,1.3212166769532572,2.2993075891282193,0.7477404501658786,0.7426832199976185,0.7477387428349709,0.7463202425176462,0.7384429146643112,0.7270906529020529,0.7128755964442767
brightness/s5,8576.0,0.7760864496231079,0.6672236919403076,0.7423264871575707,0.6026605227937162,0.7015331569701688,0.7163248211356015,1.312624780110683,2.2641882360089043,0.7472305024998818,0.740479582163223,0.7472289576751878,0.7459454722601664,0.7343934700799626,0.7241217329351709,0.711259686015315
brightness/s5,8704.0,0.7550023794174194,0.6370092630386353,0.7429448233653682,0.6043360710983464,0.6996211670146502,0.714343428285098,1.315878260675475,2.255130675893335,0.7424561834041167,0.7370728402559561,0.7424547856180611,0.7412934641925717,0.7315660130824646,0.722271954666505,0.7084219110227806
brightness/s5,8832.0,0.7386138439178467,0.6300408244132996,0.7427335560752452,0.6055899615039538,0.6974821802672712,0.7108775160152494,1.3222998647862612,2.2519851938641464,0.7400510737404291,0.7344179298211239,0.7400498089976625,0.7382368286953608,0.7287102355136398,0.7187764087137145,0.704720241918887
brightness/s5,8960.0,0.80400151014328,0.71973717212677,0.7457222367614907,0.6111581181197009,0.7015328055838902,0.7145640701125486,1.2883969689269683,2.1906009736599508,0.7437865456033269,0.7379273773098924,0.7437854012405974,0.7421449830134703,0.7327629495635015,0.7237746386993216,0.7095691481015034
brightness/s5,9088.0,0.7559275031089783,0.6316742897033691,0.7462200546320998,0.6121589069774408,0.7047331334283741,0.7127874483290817,1.2857540035736994,2.184022241414477,0.7443779511378109,0.7391136471673685,0.7443769156971736,0.7428926348384821,0.7344407770886888,0.725582971720207,0.7142167901620383
brightness/s5,9216.0,0.7934902310371399,0.647895097732544,0.7485259168957603,0.6139021357947628,0.7038178738516103,0.7133921528307752,1.2750824895764703,2.187995777971029,0.7434258558480726,0.7386626159081306,0.743424918962166,0.742081914092404,0.7322222914645423,0.7234453896409487,0.7131610576064606
brightness/s5,9344.0,0.7908961772918701,0.7126556634902954,0.7505927588663023,0.6187193810482035,0.7058154289876853,0.7145527748099995,1.2598936271063836,2.1327758118490125,0.7446278862254124,0.7403180183202063,0.7446270385136552,0.7434118627808128,0.7337284981068226,0.7250247993122444,0.7157193448063216
brightness/s5,9472.0,0.7570234537124634,0.6802704930305481,0.7509064512978223,0.6217218743156349,0.7056337105831465,0.7149894529958412,1.2583236528527806,2.099082392728011,0.7458642266203761,0.7420017583968077,0.7458634595950444,0.7447639460378442,0.7360394382037342,0.7266769599963854,0.717532197174548
brightness/s5,9600.0,0.7555389404296875,0.6767065525054932,0.7511324263774254,0.6244040537395303,0.7048186340255597,0.7140832587785094,1.25750887602757,2.0716086250089196,0.7449565667397929,0.7407367189301276,0.7449558727210366,0.7439610124470916,0.7353419009565019,0.7268705569033326,0.7155846055339009
brightness/s5,9728.0,0.7781603336334229,0.6759008765220642,0.7524508608777178,0.6269160938752637,0.7069440168666723,0.7138024310542015,1.2463659569056709,2.0484986301907484,0.7447487733558744,0.7401683816137561,0.7439859502728712,0.7430857822320204,0.735287050181344,0.7261348108566144,0.7166852677079495
brightness/s5,9856.0,0.7820613384246826,0.6664717197418213,0.7538952744165941,0.6288456366004616,0.7124178165700229,0.7150727231608808,1.2379510809535148,2.0384677532775908,0.7489480275278315,0.7440414089437971,0.7482578110440433,0.74744332229322,0.7403497045364807,0.732068588526419,0.7235184664983886
brightness/s5,9984.0,0.78325355052948,0.6639187335968018,0.7553273854464909,0.6305565193807707,0.7106967572891164,0.7124483116762044,1.2243253011146202,2.0308686649629326,0.7490109755323211,0.7445713759687778,0.7483864548471086,0.7476494903081425,0.7404688581796472,0.7307265455970752,0.720778011626442
brightness/s5,10112.0,0.7357468605041504,0.6327284574508667,0.754372237888328,0.630662467579312,0.7038785055542807,0.7077871100889392,1.2339968932820211,2.0362750973688053,0.7407953264632126,0.736016099255509,0.7402302485558907,0.7388012342407404,0.7315418698936604,0.72203901002567,0.7145246018345142
brightness/s5,10240.0,0.7521945238113403,0.6707969903945923,0.754266007933353,0.6326202491800574,0.7030445906889119,0.7080683786111104,1.232650117521782,2.0255203776806945,0.7438464851579691,0.7380349416821113,0.742572997057412,0.7412799983820142,0.7340237561619617,0.7217259573165044,0.7141645861929184
brightness/s5,10368.0,0.7921278476715088,0.7207475304603577,0.7561129269449703,0.6369191409498282,0.7021785082913949,0.7096613645850677,1.2103268829960803,1.975013691346098,0.745008479432047,0.7397500870306313,0.7438562037622389,0.7426862745621913,0.7353956770507696,0.7243055806534224,0.7144894917307727
brightness/s5,10496.0,0.8094947338104248,0.700739860534668,0.7587169175237729,0.640032346783235,0.7067302267169612,0.7149880639701891,1.1854191872574054,1.9397066094548525,0.7469336092897938,0.742175718247228,0.7458910088770763,0.7448324352225418,0.7382357672779419,0.728963437343162,0.719356643023501
brightness/s5,10624.0,0.7899953722953796,0.7117326259613037,0.7602426958053147,0.643529921377287,0.7092871355362866,0.7183577306952157,1.1699009233681699,1.8989419065299746,0.7457010825281238,0.7413960544045411,0.7447577183236365,0.7437999012334837,0.7378311136405411,0.7294413374175784,0.7199867364894378
brightness/s5,10752.0,0.7538223266601562,0.6308803558349609,0.7599295070665265,0.6429128693996127,0.7101878245988649,0.7192316230740172,1.1773316564200305,1.9217802097952414,0.7491218599198549,0.7452265905706763,0.748268286478436,0.7474016357978159,0.7389893657627977,0.7306359453968689,0.7206312172518945
brightness/s5,10880.0,0.7856324315071106,0.6868129968643188,0.7611833082587501,0.6450543390320373,0.7126015355234226,0.7184607666243784,1.1715996312451986,1.9053739859531489,0.7493169833064243,0.7450674564295054,0.7485446542139803,0.7470354777206888,0.7401489145301696,0.7325905847404148,0.7227759259013274
brightness/s5,11008.0,0.7833088636398315,0.7161875367164612,0.7622626036431931,0.6485242511142043,0.7174624839566484,0.7207748816393096,1.1672764986075834,1.877242680395198,0.7567436832891559,0.752173617625983,0.7560448655915907,0.75467933468957,0.7477232296254538,0.7408471322963538,0.7289550465769892
brightness/s5,11136.0,0.7797723412513733,0.6855000257492065,0.7631167371850556,0.6503279474378629,0.7183100464592873,0.7214558863613264,1.1631629481271935,1.8652476922844292,0.7568268246774575,0.7519667295711601,0.756194521454378,0.7549589637494563,0.7479399359073856,0.7402311054269803,0.7287087304245096
brightness/s5,11264.0,0.7607197165489197,0.6585122346878052,0.7629998093491465,0.6507271809622504,0.7153403216327043,0.7210867954524554,1.161699010685912,1.8643112012562122,0.754615467182875,0.7509801580474327,0.7540433474908441,0.7529253919470095,0.7458494304075749,0.7381493226379756,0.7255114390099221
brightness/s5,11392.0,0.7488130331039429,0.6849552989006042,0.7623077714835267,0.6523968452519261,0.7150142053559448,0.7193028054034412,1.167427624772175,1.85247803918848,0.7541761603718934,0.7508868651934236,0.7536584958557846,0.7526469489300425,0.746244487596622,0.7371022425534568,0.7249422360107624
brightness/s5,11520.0,0.7655788660049438,0.694836437702179,0.7624673370699373,0.6544670692738896,0.7154441441679905,0.7216111344548685,1.1665358912045285,1.8316747760097425,0.7546895835369719,0.7524755633308728,0.7542211910747462,0.7533059246416387,0.749000068789091,0.7384785906744842,0.7259516008164006
brightness/s5,11648.0,0.8027576208114624,0.7502431869506836,0.7644327167646457,0.659139075014221,0.7173947312787111,0.7229375583021147,1.1567117683070753,1.7854692238429841,0.7574035434620666,0.7546752420144304,0.7569797332687024,0.7561515832123333,0.7515305500465242,0.7405233113717372,0.7283892830706397
brightness/s5,11776.0,0.7757089734077454,0.673773467540741,0.7649827780643091,0.6598529478203927,0.7160365177126232,0.7240261904684808,1.153806188532877,1.7898403239517615,0.7582604340308168,0.7557918162426821,0.7578769627017824,0.7571276371599992,0.7522214257113403,0.7414624964880502,0.7275089824809298
brightness/s5,11904.0,0.7751535177230835,0.6834778785705566,0.7654789117062005,0.6610053834667422,0.7132460103753122,0.7213117701978342,1.1520771462359722,1.7860961678339582,0.7552247889118812,0.752991137718691,0.7548778169359969,0.7541998132780241,0.7497605820981251,0.7407507181191697,0.7273631245410435
brightness/s5,12032.0,0.7852769494056702,0.6745248436927795,0.7664446696427599,0.6616648693314269,0.7054601021896786,0.7218301323443816,1.1509634683399201,1.7909572714527764,0.747942090383683,0.7459210413266679,0.7476281436999709,0.7462896585341312,0.7429979746408377,0.7340463071143707,0.7197207390998971
brightness/s5,12160.0,0.7774059772491455,0.738645076751709,0.7669793675747787,0.6654200014007089,0.7082866242894116,0.7201612916691281,1.150190901207307,1.7471581422200948,0.7511123851716727,0.7485586876013455,0.7508283203852799,0.7496172341644338,0.7459138426107758,0.737089192814371,0.7226771232426789
brightness/s5,12288.0,0.7925304174423218,0.7052528858184814,0.7682257602512441,0.6673630689332831,0.7091710027032689,0.7170525429082355,1.137266611187429,1.7257936597785148,0.7486827411339168,0.7478593181687366,0.748425714042838,0.7488171107460463,0.744704018209988,0.736719311285341,0.7221917932493245
brightness/s5,12416.0,0.803267240524292,0.7277488112449646,0.7699351007523684,0.6703087148997066,0.7072198662175324,0.7061158047373148,1.1248654092909232,1.6997421346390909,0.7444208502466907,0.7429507869926522,0.7441882873641621,0.7445424303656967,0.7400958130264079,0.7336332971237379,0.7190013191744333
brightness/s5,12544.0,0.7806269526481628,0.6897216439247131,0.7704566545033827,0.6712556870472679,0.7085404024490581,0.7075414271299559,1.120860373622742,1.7111243034881196,0.7458999781232697,0.7446070178559332,0.7456895509107022,0.7452849711994196,0.7420237844218717,0.735414184964429,0.7207248699966169
brightness/s5,12672.0,0.7868462800979614,0.6985803246498108,0.7712561484348256,0.6725885961986114,0.7087499715199389,0.7099467642264501,1.1193633160245222,1.7094299473625099,0.7476658933524647,0.7457338037827925,0.7474754949049244,0.7471094236730025,0.7419092362318065,0.7359659282158812,0.7219869287714779
brightness/s5,12800.0,0.74688720703125,0.6526252031326294,0.7700674195858705,0.6716147721466124,0.7015407237845491,0.7011363940442776,1.1384670423076138,1.723569230774956,0.7426642318792973,0.7409160413763399,0.7424919558300951,0.7421607277850308,0.7374555016707779,0.7320778862679092,0.7187044132429612
brightness/s5,12928.0,0.8004693388938904,0.7574490904808044,0.7715504400399203,0.6758018120653535,0.7070640635790002,0.7074604136474397,1.1242695719746576,1.6848286093269513,0.7456862264654439,0.7433794163791868,0.7455303478986167,0.7452306466157239,0.7410104509466109,0.7376690749634084,0.7255685083536846
brightness/s5,13056.0,0.729501485824585,0.6684050559997559,0.7694992715416114,0.6754409946962999,0.7015396732323971,0.7019354783805806,1.141575438835369,1.69370237366993,0.742508923530006,0.7389716492044873,0.7423678817095752,0.7420967064262438,0.7368281653121922,0.733042631183429,0.722019453424125
brightness/s5,13184.0,0.8062123656272888,0.7141416072845459,0.7712901541799371,0.6773288294567021,0.7052041005273503,0.705710953371126,1.1253716259370032,1.6795377401557416,0.7460104537115639,0.7428098622486764,0.7458828364546483,0.7456374720251735,0.7401453833669508,0.7359951469541912,0.7245339611291458
brightness/s5,13312.0,0.782336413860321,0.7104979753494263,0.7718289961155655,0.6789468365734204,0.7072184336121948,0.7069892088503762,1.1193016506087206,1.663886064808641,0.7471151993428249,0.7442192447830082,0.7469997288801428,0.7467777185902968,0.7425705699590316,0.7388153590227988,0.7261956602483228
brightness/s5,13440.0,0.8040997982025146,0.708842396736145,0.7734031815832215,0.680405156581358,0.712666113934651,0.7139830973595611,1.1084765757824517,1.6494163453156727,0.7540264534208426,0.75064394486315,0.7539219736030321,0.753721094572184,0.7491521932823837,0.7457172284792842,0.7342986908017245
brightness/s5,13568.0,0.8243813514709473,0.7614824771881104,0.7758899215777447,0.6843601478304678,0.7162196069569329,0.7204600184913103,1.0850825222549636,1.605668742241942,0.758067659519989,0.754282088124242,0.7579731242416489,0.7577913651661462,0.7522073087343876,0.7483742739541887,0.738042569131126
brightness/s5,13696.0,0.7952301502227783,0.6974422931671143,0.7768333473653073,0.6849983012615237,0.7172970090312284,0.7145343177425834,1.0832040411128279,1.6060633659056418,0.7551247234562185,0.7509744533236002,0.7550391861817656,0.7548747271967331,0.7490971544229645,0.7471161634053068,0.7370428302489248
brightness/s5,13824.0,0.7923725843429565,0.697102427482605,0.7775913589251926,0.6855887464430398,0.7128993163215337,0.7156234070710704,1.0813577997869026,1.6096603550993986,0.7523503595341512,0.7485951180875645,0.7522729638206218,0.7513619631565919,0.7468965031988869,0.7428546606421604,0.7329779267154161
brightness/s5,13952.0,0.8080494999885559,0.7198042869567871,0.7790771219038932,0.687257797199808,0.7149062225610069,0.7188954206752517,1.0712094936482517,1.6024079893316097,0.7558632640401212,0.7517404370084386,0.7557932349620259,0.7549689446526925,0.7494413036082729,0.7442597792009078,0.7353231270280475
brightness/s5,14080.0,0.7756004929542542,0.6956582069396973,0.7789075302478132,0.6876675732846805,0.7092488783553191,0.7121333639780236,1.0727200533101615,1.5975494367679604,0.7493191699018584,0.7448265643604015,0.7492558062922314,0.7485099731212046,0.7404968606711381,0.7358085212162884,0.7277224724626176
brightness/s5,14208.0,0.783247709274292,0.7174311876296997,0.7791192462978853,0.6891194569112669,0.7108782236635575,0.715700384658283,1.0664483184602551,1.58302217379415,0.7523583922788378,0.7490555945224096,0.7523010597087947,0.751626216012702,0.7451751785132665,0.7379214817191997,0.7283556696107323
brightness/s5,14336.0,0.7812484502792358,0.680207371711731,0.7792231099067317,0.6886847210478748,0.7100659001738672,0.7047064456069294,1.0706957819450214,1.594826250739859,0.7498473317406974,0.746096703907546,0.749795456167208,0.7491848450656274,0.742585631480475,0.7345351419957777,0.7258426374050706
brightness/s5,14464.0,0.7914868593215942,0.7340711355209351,0.7798213415855054,0.6908986924855851,0.710780924547562,0.7082553561975846,1.072405460845792,1.5772115018030544,0.7519625470419992,0.7470816993714322,0.7519156090602755,0.7513631168023909,0.742417605878526,0.7328839684566197,0.7250560092166045
brightness/s5,14592.0,0.7859666347503662,0.7183586955070496,0.7801211119837913,0.6922382048280955,0.714513852609662,0.707655500759385,1.0660947500795666,1.5596783090270137,0.7555495443491259,0.7503710676644546,0.7555070739920755,0.7550071687426749,0.745388714182771,0.7367625020954899,0.7274673944190693
brightness/s5,14720.0,0.7855780124664307,0.7408744096755981,0.7803873022512371,0.6946107026255346,0.7172036405825675,0.7110352567846665,1.065867034815094,1.5394428004363871,0.7596316817103036,0.7557082950134654,0.7595932537429784,0.7591409301948889,0.7504379739869093,0.7426328171845568,0.7334974163660941
brightness/s5,14848.0,0.784536600112915,0.7206016778945923,0.7805897070249774,0.6958785550776838,0.7173880055479387,0.7134054881436512,1.0573153924274115,1.526676095499414,0.7624887197390671,0.7589387666362171,0.7624539494009935,0.7620446786593849,0.7541700823522243,0.7478328464828737,0.7373547413996604
brightness/s5,14976.0,0.7784779071807861,0.717907726764679,0.7804866923984315,0.6969531488185128,0.7167182667688368,0.718338636208503,1.059370064062268,1.5186516424251653,0.7635122502814521,0.7603001868255121,0.7634807894342124,0.7631104736709841,0.7552603779046597,0.7487641341466098,0.7370339450736962
brightness/s5,15104.0,0.7874919176101685,0.6818920373916626,0.780828410701443,0.6962184604562274,0.7140115905743013,0.7199393609001385,1.0572883539304287,1.5373352353268899,0.7615383002249189,0.7578697704709125,0.761509833866411,0.7611747652906405,0.7533096578185529,0.7466695407715607,0.7345686379875621
brightness/s5,15232.0,0.8102632761001587,0.7532018423080444,0.7822642577940633,0.6989981376197305,0.7122503743387937,0.719026780445634,1.044458452294887,1.5021040827050933,0.7604400681987517,0.7578829095099691,0.7611765064311785,0.7608733301648211,0.7523068052004871,0.7447743138093657,0.7330629972510897
brightness/s5,15360.0,0.7860971689224243,0.7390352487564087,0.7824512290686174,0.7009511674312758,0.7138171144374212,0.7206363670778163,1.0392171706834994,1.4824494884628383,0.75898161435473,0.7559428348391807,0.7596479573360038,0.7586486229510366,0.7508974721653425,0.7440447538988966,0.7327231224383745
brightness/s5,15488.0,0.8347160816192627,0.7109590768814087,0.785000734071088,0.7014393581361603,0.721072029184603,0.7226690448098503,1.0177239078560478,1.4713617059165935,0.7641871120961,0.7614747482393777,0.764790031593136,0.7646480104155424,0.7569096104482367,0.7507091437716964,0.7404651214924256
brightness/s5,15616.0,0.8066588640213013,0.7016725540161133,0.7860572282150008,0.7014507335449385,0.7208510151039744,0.7193587847446651,1.003863220770017,1.4732486161951952,0.7643239723368044,0.7611075800547848,0.7648695050881378,0.7647410016906842,0.756976958650665,0.7513666613187091,0.738398244967269
brightness/s5,15744.0,0.7912247180938721,0.7487658858299255,0.7863093008920189,0.7037587897539622,0.718550353345119,0.7164007802478497,1.0107044967226082,1.459213505281273,0.7600605365403209,0.7571502851060843,0.7605541446990229,0.7604378724399349,0.7519256121996796,0.7461242961723715,0.7329402026146439
brightness/s5,15872.0,0.7861241102218628,0.7269879579544067,0.7863002672007917,0.7048919199100814,0.7230681662331505,0.71803723186019,1.0115683343018027,1.4559345085043705,0.7643267852931755,0.7609685209080036,0.7647734111167244,0.7646682058186441,0.7562411398903703,0.7480547617359767,0.7361255491831488
brightness/s5,16000.0,0.7849345207214355,0.7138080596923828,0.7862336454213108,0.7053268535579984,0.7256315769426662,0.7114312193095471,1.0111749136867196,1.4481929861491933,0.7659375612319571,0.7628989412855879,0.7663416765666494,0.766246484860296,0.7586215191988418,0.7504893174303513,0.7389333493798746
brightness/s5,16128.0,0.7713323831558228,0.7306264638900757,0.7855067545790919,0.7065609808912704,0.7236752697976176,0.7152509723794296,1.0140211770043053,1.4313702265883521,0.7675437421973864,0.7633071324779174,0.7679093932527504,0.7678232620300477,0.7594368415832471,0.7505914644923048,0.7379231852509156
brightness/s5,16256.0,0.7880672216415405,0.7389224767684937,0.7856316554114064,0.708139590446257,0.7262180757657206,0.7201571855973303,1.0125462136398347,1.4211688823879673,0.7696848791684858,0.765126501189121,0.770015727030002,0.7699377939010723,0.7608623950315995,0.7535839485382485,0.7406342443585023
brightness/s5,16384.0,0.8070006966590881,0.7222409248352051,0.7866740476673909,0.7088274604164495,0.7224956533251998,0.7147250620425576,1.0081873846928837,1.4236010844196405,0.7654502981649416,0.7606007782918816,0.7657496554507037,0.7656791401091796,0.7560175210250224,0.7494318475471005,0.7369896999817265
brightness/s5,16512.0,0.783828616142273,0.7156919240951538,0.7865352461295803,0.7091623123032156,0.7206147464054902,0.7098471560777692,1.0139926925913987,1.426974566383769,0.761005296554953,0.757342375836973,0.7612761605832957,0.7612123569934931,0.7531953595949191,0.7472365199994881,0.7352164388293907
brightness/s5,16640.0,0.7978097200393677,0.6985232830047607,0.787085220466643,0.7086433352642665,0.7219244671521419,0.71279522569559,1.00887115217219,1.4418908565811537,0.7636572314456176,0.7603429527947863,0.7639023142458016,0.7638445835735294,0.7565906555287756,0.749711776870447,0.7373485743364088
brightness/s5,16768.0,0.7996645569801331,0.7447518706321716,0.7876988466380327,0.7104047272334325,0.7185363560609207,0.711688898443184,0.9962968004452604,1.421832856830764,0.7606842052521025,0.7554359792985543,0.760905960718539,0.7600915298128127,0.752040831088202,0.7450916791314395,0.7354296142567981
brightness/s5,16896.0,0.8246365785598755,0.7777985334396362,0.7895006872195859,0.7136922299751985,0.7235946148534564,0.7203361478477588,0.9802321420693563,1.386805732801728,0.7654673861918191,0.7607186939399768,0.7656680346537167,0.7649311224540679,0.7576467008240066,0.7513589791546219,0.7411293535303924
brightness/s5,17024.0,0.7877395749092102,0.7186206579208374,0.7894147793020065,0.7139326410944979,0.7252341815539007,0.7128606667914581,0.9897754364816033,1.4001300702200563,0.7661702227232342,0.7611113227142798,0.766351773175671,0.7656850013400578,0.7583317263255884,0.7548175236729209,0.7440743585483205
brightness/s5,17152.0,0.8050422668457031,0.7428044080734253,0.7901770957675527,0.7153410199715188,0.730640208294755,0.7149084319986958,0.980615952626765,1.389604195507607,0.7698549427495771,0.765277556126365,0.7700192129685874,0.7694159054361854,0.7627625257235098,0.7603450050603882,0.7476499698703124
brightness/s5,17280.0,0.7608803510665894,0.7154988050460815,0.7887479862699447,0.7153487168044242,0.728895007029341,0.7212229179476598,0.9902508928991751,1.4010764543531946,0.7702888863308189,0.7661471819560983,0.7704375210738974,0.7698916372209625,0.763146520895573,0.7594718933354254,0.7464979798767073
brightness/s5,17408.0,0.7827638387680054,0.7325932383537292,0.7884560766357037,0.7161899129775611,0.7243414965446922,0.7195375123131412,0.9972633719853847,1.3966623462164025,0.7655320619328824,0.7617845709430252,0.7656665494071373,0.7651726235651897,0.75979453199415,0.7550196310310422,0.7418305635886209
brightness/s5,17536.0,0.8136864900588989,0.7384307384490967,0.7896868285100058,0.7172748312932458,0.7253336800978445,0.7149637455254537,0.9788023055431302,1.3796051368126685,0.7610792779297524,0.7576884785272702,0.761200964692597,0.7607540514233512,0.7558878543504474,0.7523296304569989,0.7403959174409829
brightness/s5,17664.0,0.7897924184799194,0.7249338626861572,0.7896919792402455,0.7176484425807048,0.7254692310700901,0.716197862548611,0.97848060859455,1.372124204438434,0.7600247363064565,0.7577188731945139,0.7601348407480311,0.760492660449088,0.7546024250250033,0.7506578631321208,0.7383728081069214
brightness/s5,17792.0,0.8086981773376465,0.7208170890808105,0.7906191108547528,0.7178030107026612,0.7257034208552093,0.7143772747985944,0.978494856212537,1.3833977409634604,0.7577320784783583,0.7571329007310266,0.7578317030206752,0.7581554649274614,0.7543130805847887,0.7499817726495869,0.738141011975388
brightness/s5,17920.0,0.7882483005523682,0.7292539477348328,0.7905034615717097,0.7183615929969134,0.7279416437363314,0.7138453807071159,0.9775332255373006,1.3760834565721194,0.7628334273441897,0.7615662653253369,0.7629235694791474,0.7632165152615519,0.7590148397200853,0.7550957919095904,0.743657037010449
brightness/s5,18048.0,0.8252389430999756,0.7500813007354736,0.7921978753047958,0.7199088958134284,0.7278289649749909,0.711374969693946,0.963227688717897,1.3653588710013234,0.7638241481204714,0.7626775964068038,0.7639057103972534,0.7641707731783582,0.7603690191637416,0.7568229919657863,0.7435357544871463
brightness/s5,18176.0,0.7967323064804077,0.7108888626098633,0.7924190670694597,0.7194688941937423,0.7270763567679721,0.7091396959574608,0.9697574414293586,1.3754262725304316,0.7618205111786062,0.760020894785692,0.7618943102404654,0.7621341439644751,0.7579320512480969,0.7547607202736233,0.7420131663146635
brightness/s5,18304.0,0.8157121539115906,0.716088056564331,0.7935553152081002,0.7193039752849906,0.7254101062725077,0.7070428182934549,0.9596752044990532,1.3743883627525313,0.7583716522918857,0.7582305359720627,0.7584384270527946,0.759417628179635,0.756303331319664,0.7511844470768476,0.7389252087832261
brightness/s5,18432.0,0.7819221019744873,0.7280800342559814,0.7929878413918263,0.7197320757225998,0.7255012026415729,0.7074692900799195,0.960643727665122,1.3622776653461641,0.7584113819964058,0.7582836973310572,0.758471801039441,0.7593578003933519,0.7557777316699635,0.7518710850707229,0.7392543084826214
brightness/s5,18560.0,0.8021249175071716,0.7252862453460693,0.7934335524218431,0.7200030108261837,0.7271080185709888,0.7070186140461376,0.9599693093394939,1.3619072902757776,0.7597858191651,0.7581830777159653,0.7598404874366387,0.7598799609745914,0.755915633474131,0.7516929925000413,0.7402399186210988
brightness/s5,18688.0,0.785807728767395,0.72294020652771,0.7930615610240651,0.7201462886652825,0.7255502952090862,0.7059229993838044,0.9648442790955963,1.3612187561074263,0.7596165859310631,0.7588914105924944,0.7596660507978152,0.7597017671875989,0.7560775898359032,0.7507696559146715,0.7389194921015414
brightness/s5,18816.0,0.8147166967391968,0.7489113211631775,0.7941179091077301,0.7215494609822529,0.7285652879316002,0.7040207507809437,0.9561671013472701,1.342670477432349,0.7578647098162682,0.7572085577104009,0.7579094665457923,0.7579417833981783,0.754699740714104,0.7513842335789502,0.7398997902953268
brightness/s5,18944.0,0.7689370512962341,0.7069495916366577,0.79288957458034,0.7208372722336873,0.7223328690921855,0.7001616965721685,0.9719927860155515,1.359244558586005,0.7510185744381582,0.7504248758343365,0.7510590711577335,0.7510883120455855,0.7481548516514884,0.745954294630329,0.7333879125753671
brightness/s5,19072.0,0.8068063259124756,0.7333813905715942,0.7935684404989808,0.7214491804452925,0.7219174859543214,0.7041060026688092,0.961113160862338,1.3478839543876213,0.7508100843072211,0.750272894791211,0.7508467264907273,0.7508731841887777,0.7482189347780569,0.7462278299421359,0.734132519349871
brightness/s5,19200.0,0.778316855430603,0.7448470592498779,0.7928244607395476,0.7225905403869796,0.7231775705749689,0.7093108150263288,0.9688503000244834,1.3341692613641434,0.7537445795546003,0.7540207156320237,0.7537777340823295,0.7538016734985905,0.7506750444957909,0.7481484410124858,0.7364050041232325
brightness/s5,19328.0,0.7964550852775574,0.7533774375915527,0.793001564375548,0.7240923402506173,0.7242433580276786,0.7087592204967554,0.9661816110581897,1.3194155276476884,0.7533881650818245,0.752913003257768,0.7534181639138746,0.7534398247420323,0.7498857779167745,0.7468374650684062,0.7369368002804502
brightness/s5,19456.0,0.7908832430839539,0.7210230827331543,0.7928982316296166,0.7239426203717166,0.725319243045865,0.7068100977843932,0.960421194326368,1.3220537140343862,0.7561144551394736,0.7541973099078316,0.7561415986395023,0.7561611977588525,0.7507332053607458,0.7479750353176952,0.7390167300574446
brightness/s5,19584.0,0.8223536610603333,0.7656604051589966,0.7943350818457491,0.7259776342637791,0.7305684525120527,0.7161819802082463,0.9416616161786961,1.2999073205690166,0.761406951973313,0.759672283384778,0.7614315119159326,0.7614492455628878,0.7565378972954755,0.7532800587258859,0.744449402984755
brightness/s5,19712.0,0.8467800617218018,0.7855695486068726,0.7968933735470198,0.7288845569146618,0.7369539656578418,0.7150135585346475,0.9267631398756733,1.2758228482975966,0.7648200320948298,0.7655370571256676,0.7656044495087051,0.7656204952416135,0.7627010064166675,0.7597532536121786,0.7502759024032197
brightness/s5,19840.0,0.8040467500686646,0.75962233543396,0.7972423187431976,0.7303839607448714,0.7388463603602481,0.7153320181625216,0.9185297078829502,1.2596226943032829,0.7685589047092422,0.7684454871434505,0.7692686601444023,0.7692831786213528,0.7658793758237663,0.7632121943748504,0.7531497011036866
brightness/s5,19968.0,0.792291522026062,0.6912721395492554,0.7970008164643129,0.728476067028012,0.7323232088684933,0.7185945863326562,0.9218501133019795,1.289978618982064,0.7674802760635082,0.7673776537449066,0.7681224759545722,0.7681356125419854,0.764293593472902,0.7589058582059176,0.7467523470426576
brightness/s5,20096.0,0.7748672366142273,0.73213791847229,0.7959211296423574,0.7286546939277329,0.7354929212902904,0.718683739328953,0.9342537752301973,1.2902257824537158,0.771802498448897,0.7717096438703169,0.7723835728298062,0.7723954590579177,0.7689191288948745,0.764044206026889,0.7522481081807746
brightness/s5,20224.0,0.8219530582427979,0.7789068222045898,0.7971909798179886,0.7311060172583113,0.7434732202751526,0.7239510514689693,0.924817443102531,1.2695023868480155,0.777925550351441,0.7785665486774253,0.7784513172362493,0.7784620721160576,0.7753166240625247,0.7716307182432469,0.7616824048441153
brightness/s5,20352.0,0.8088059425354004,0.7584763765335083,0.7977575633651793,0.7324411567351501,0.7464925746808488,0.7264676081405724,0.9213259155349525,1.257451084590789,0.7812907567427373,0.7826329390472121,0.7817664803785456,0.7825384067153619,0.7796923469358119,0.776357270938714,0.7659058225864958
brightness/s5,20480.0,0.7943873405456543,0.7585873603820801,0.7975931622520317,0.733716581303293,0.7475142510943313,0.7300831243199349,0.9117022357303766,1.235914425116249,0.7819375318296867,0.7831519632901901,0.7823679754049778,0.7830664286817759,0.7804912609692861,0.7781986371789316,0.7679797776050328
brightness/s5,20608.0,0.8165341019630432,0.7910385131835938,0.7985171105306176,0.736512773102332,0.7403891587831517,0.7312166460979304,0.9030565950596894,1.207002562265259,0.7766482664562484,0.7770220917099221,0.7770377397923682,0.776944698408674,0.7738896239942201,0.7710530203147857,0.762569001628349
brightness/s5,20736.0,0.7978067994117737,0.748544454574585,0.7984824612077471,0.7370996843936614,0.739166068119675,0.7315172627691564,0.9030331156913959,1.1984206188515698,0.7726989965972361,0.773037240625099,0.7730513993005306,0.7729672137296806,0.7702029256961384,0.7676363140385419,0.7592348015923371
brightness/s5,20864.0,0.8209828734397888,0.7749292254447937,0.799580042292237,0.7389450278595703,0.7453095417073323,0.7391509557833948,0.8865586673851938,1.1745715105554002,0.7793873728878025,0.7796934223621509,0.7797062333944718,0.7796300607274504,0.777128881608463,0.774769383493529,0.7671675390969331
brightness/s5,20992.0,0.7881530523300171,0.7430153489112854,0.7990226281477384,0.7391435801059953,0.737483380688193,0.7364469683203709,0.885838196454113,1.1739034237424812,0.7728164450698081,0.7738183791866933,0.773104955974415,0.7730360335315004,0.7707357399919526,0.7678758074322769,0.7595103075350595
brightness/s5,21120.0,0.8202573657035828,0.7343388199806213,0.8000584690041209,0.7389092015632941,0.7379125354115059,0.728125870800288,0.8771163221083467,1.177108242009287,0.7706075627312183,0.7715141313164546,0.7708686127525788,0.770806250447003,0.7687249021580962,0.7661371820966645,0.7570807125287481
brightness/s5,21248.0,0.8161903619766235,0.7636096477508545,0.8008453906125357,0.7401141013773215,0.7412009020588344,0.7308585362803318,0.8738664293474219,1.1822401519625225,0.7744834044700671,0.7753036845522471,0.7747196073745819,0.7746631808030288,0.7727799382406092,0.7704385210999564,0.7607568493493313
brightness/s5,21376.0,0.8176894187927246,0.7107462882995605,0.8016670505237643,0.7386815251296257,0.7420012326183743,0.7260065935052853,0.8675791998519481,1.2035236163015386,0.7698664534199715,0.7728580631790409,0.7700801741919923,0.7700291183827523,0.7713367257965298,0.7684559729881222,0.7596958166926431
brightness/s5,21504.0,0.8415182828903198,0.8060813546180725,0.8036110130782304,0.7419693216900377,0.7486742265392904,0.7372135804411296,0.8577759377885631,1.174730823580233,0.7776609908695874,0.7803678549050096,0.7778543693908506,0.7778081731470352,0.7789913206047123,0.7748975520017453,0.7669711999937596
brightness/s5,21632.0,0.8093728423118591,0.7591626048088074,0.803892077918895,0.7428080184275386,0.7420893804677338,0.7309573800422118,0.8621403171705332,1.1788400004459494,0.7704921874554684,0.7737036033970968,0.7706671599306865,0.7706253607118623,0.7716958944912358,0.7672667618052673,0.759369836520231
brightness/s5,21760.0,0.8261549472808838,0.7666407823562622,0.8049780715463091,0.7439705922777202,0.742805144373244,0.7327698840239169,0.8528312034088845,1.1659272735789032,0.7714789512907598,0.7736225049178965,0.7716372696338929,0.7715994489248913,0.7725309075081318,0.7677983311753787,0.7576786266194355
brightness/s5,21888.0,0.7744426131248474,0.7181552648544312,0.8034885369891646,0.7427113080131695,0.736239812368652,0.7301341425344303,0.8678864712317288,1.1871527180076757,0.7673710499186469,0.770072772147603,0.7675142992939625,0.7674800784144911,0.7683228794288329,0.7640407565245394,0.7541220648948015
brightness/s5,22016.0,0.8017460107803345,0.7278715968132019,0.803403535710685,0.7419874196619516,0.729351281744628,0.72535114859897,0.8755183584989618,1.201538420644629,0.7605310035254383,0.7637377670651422,0.7606606182189869,0.7606296545320885,0.7613922365325728,0.7567926773788366,0.7485802562195079
brightness/s5,22144.0,0.8408559560775757,0.7489786744117737,0.8052304830456553,0.7423284564790161,0.7320416713465671,0.7246856615223278,0.867524169429448,1.207978629736345,0.7617036920655512,0.7646052312350274,0.761820969845972,0.7617929533273685,0.7624829516752191,0.7575961703112495,0.7494404043485255
brightness/s5,22272.0,0.8131430745124817,0.761150598526001,0.8056164631172078,0.7432466097496008,0.7374875860310103,0.7211462767254376,0.8688057761578873,1.197751132098424,0.7642147921663911,0.7675651735327047,0.7650459221509359,0.7650205722849062,0.7671692858405759,0.7635098304838848,0.7554053271945909
brightness/s5,22400.0,0.8164236545562744,0.7703388929367065,0.8061436431874062,0.7445681845392157,0.7402401060994446,0.7194309856629331,0.8675475434883377,1.1867348970789748,0.7636240029060565,0.7666554901506507,0.7643760247421615,0.7643530877128746,0.7670594787409374,0.7644733504854185,0.75645241086435
brightness/s5,22528.0,0.8249825835227966,0.7712052464485168,0.8070626158866935,0.7458675534128401,0.741819721223828,0.7208533784612261,0.8491771770805312,1.1615207700312122,0.7659895053064318,0.7687324512308981,0.7666699486215511,0.7666491947717324,0.7690979876055715,0.7659958156385018,0.7587383205976659
brightness/s5,22656.0,0.8204933404922485,0.8033717274665833,0.8077177731845254,0.7486726350739983,0.7425239714345284,0.726602015847427,0.8366813535774924,1.125122735386277,0.7666798260387166,0.7691988746711457,0.7672955037795236,0.7680389204329594,0.7695296187674444,0.7667227159941471,0.7578694144134739
brightness/s5,22784.0,0.7934684753417969,0.7826984524726868,0.8070226854848801,0.750332431044666,0.74018677010822,0.729442543785804,0.8441653844449268,1.1070717804865007,0.7702416807881546,0.772520962745278,0.77079875743525,0.7714714146213748,0.7720952112702456,0.7695554735437821,0.7615448419529409
brightness/s5,22912.0,0.8726736903190613,0.7948330044746399,0.8102251735255719,0.7525031907241768,0.7455452571889366,0.7320498864355786,0.8231756434959372,1.1001004672509005,0.7757139181908287,0.7777762548099749,0.7762179714806753,0.7768266041874544,0.7773910269732561,0.7750930251398527,0.7678448569960875
brightness/s5,23040.0,0.8376455903053284,0.7973837852478027,0.8115627548319014,0.7546924880180121,0.7466942808949271,0.7345577794577721,0.8134403728155127,1.0771496589353324,0.7762036701774243,0.7773075155062295,0.7766597469494985,0.777210449119047,0.7769589542095909,0.7741174843769874,0.7683214024336995
brightness/s5,23168.0,0.8447705507278442,0.7990749478340149,0.8131826473146304,0.7568574860578171,0.7492583291143271,0.7331275327515,0.8005289262836122,1.0611058081694325,0.7745089424984308,0.7762699173616745,0.7749216092267621,0.7754198947710115,0.7759545326310455,0.7733463377378926,0.7688269500902182
brightness/s5,23296.0,0.800345778465271,0.7484158277511597,0.8125564585902714,0.7564456978477362,0.7428037885680497,0.7251967443872881,0.8077401055629813,1.0669328330302958,0.7671010419631845,0.7671700144599088,0.7674744304782303,0.7679252884870365,0.766884648501975,0.7660119153476113,0.7612348549001915
brightness/s5,23424.0,0.80235755443573,0.7407729625701904,0.8120589510705376,0.7556811741756607,0.7360526843616915,0.7163848888834415,0.8214964879055578,1.0789903714500773,0.7595245001939344,0.7595869077891263,0.7598623490525808,0.7602702937470449,0.7607787331180869,0.7599890679617588,0.7549416801327729
brightness/s5,23552.0,0.8103897571563721,0.749792218208313,0.8119775269771636,0.755393908030912,0.735781459199365,0.7225216632907284,0.8184852021314531,1.0799015902467946,0.7615551842920726,0.761611651842511,0.7618608762099793,0.7622299921411393,0.7626900375208863,0.7612505189588549,0.755884173397946
brightness/s5,23680.0,0.7973064184188843,0.7626488208770752,0.8112618631450524,0.7557478062185297,0.737896995504006,0.7243748958151088,0.8191311481753819,1.075507407259173,0.7634669454540406,0.7635180383417365,0.763743541175121,0.7640775241205667,0.7652187965908791,0.7646413083500404,0.7590235441631622
brightness/s5,23808.0,0.8399341106414795,0.7993963956832886,0.8126605093643904,0.7578770057046155,0.7481953183590678,0.730662085981428,0.8096337664563543,1.0607974321300964,0.7712571231621627,0.7713033529552534,0.7715073921043182,0.7718095860722082,0.7736044257077495,0.7730819036290371,0.7672738314528076
brightness/s5,23936.0,0.8089449405670166,0.7152150273323059,0.8124792621059819,0.7557959335888931,0.7482555498061523,0.7280038862449446,0.8154151581247489,1.0849031577044652,0.7721710793156747,0.7722129088905058,0.772397527299624,0.7726709580106058,0.7750571573477019,0.775309384544774,0.7692919379177396
brightness/s5,24064.0,0.8102278709411621,0.7650846242904663,0.8123694381467222,0.7562490404523844,0.747845295214252,0.7294468536457827,0.8179831101768076,1.08138120439521,0.7739089599281029,0.7739468081037829,0.774113854266941,0.7743612594492155,0.7757953220260883,0.776023541875432,0.7690916344871397
brightness/s5,24192.0,0.8448702096939087,0.7605617046356201,0.8139548416368289,0.7564594143149812,0.7481247436174165,0.724580555856773,0.8035371886301613,1.0806831257479426,0.7753698858124,0.7739169215501807,0.7755552780130976,0.775779134813954,0.7755894912562047,0.7765581839336894,0.7688360357257225
brightness/s5,24320.0,0.8150746822357178,0.7683926820755005,0.8140094680075063,0.7570415249374455,0.7439903242368177,0.7218505505402448,0.8053307171258218,1.0853585761879607,0.7738288794293042,0.7717891955251783,0.7739966257334453,0.7734741606496277,0.7733025676387194,0.7734540438805124,0.7664669008559332
brightness/s5,24448.0,0.8504186272621155,0.7837003469467163,0.8157855245565115,0.7583419552793611,0.7425360102107077,0.7216297961759146,0.7967663973668431,1.0833617024699016,0.7738845779964139,0.7720762143925021,0.7740363579658359,0.7735636218608469,0.7727205266974968,0.7721325703404279,0.7658104736477539
brightness/s5,24576.0,0.8094667792320251,0.7505298256874084,0.8154772930772682,0.7579608757870707,0.7387104530222999,0.7161318679259763,0.8049699391516494,1.092483501493742,0.7677630536184089,0.7661268126656725,0.7679003869518359,0.7674726465498798,0.7667097983979134,0.7654527897012438,0.7597324392731907
brightness/s5,24704.0,0.8043749332427979,0.7218286395072937,0.8149357145487575,0.756198327675862,0.7361227537459358,0.7171804408776977,0.8113827932092581,1.1117501848441862,0.7676339110967281,0.7661534099134371,0.7677581728457716,0.7673711453910571,0.7651936962303546,0.7648185265529992,0.7573932421978126
brightness/s5,24832.0,0.8298026919364929,0.8009986877441406,0.8156609329579152,0.7583837110938269,0.7373692495226462,0.7210292686347282,0.8017594789664437,1.0875384311364296,0.7666805049245231,0.7645787248532645,0.7667929392614031,0.7664427496370005,0.7629853432280602,0.7641330927347482,0.7566523625121195
brightness/s5,24960.0,0.8186740875244141,0.8038673400878906,0.8158079161075005,0.7606024247032933,0.73777208716475,0.7245117594249979,0.8090028541253069,1.064298626205473,0.766505679946579,0.764603950328266,0.7666074126214122,0.7662905545495999,0.7631622290600115,0.7634757192442307,0.7581942256876465
brightness/s5,25088.0,0.8049030303955078,0.7490266561508179,0.8152759704630129,0.7600377530665872,0.7367609128956483,0.7187023415142307,0.8082906386672478,1.0731015522828962,0.7634474355733174,0.7624889104397934,0.7635394851857036,0.7640149812432727,0.7604222191554297,0.7607058708926087,0.7566892726180312
brightness/s5,25216.0,0.7616966962814331,0.7605074644088745,0.8126623473322041,0.7600606658149914,0.7386345023880315,0.7230569669501159,0.8251902966644429,1.0634085549853818,0.7650303685348101,0.7634380623313062,0.7651136567325729,0.7655438943908492,0.761568081698637,0.7610997201830205,0.7567032323926385
brightness/s5,25344.0,0.7947303056716919,0.7682002782821655,0.8117876135926669,0.7604577200816828,0.7396791065628767,0.7218104680137574,0.8356643773053626,1.0655631227036741,0.7649754256641559,0.7635346774574162,0.7650507863713524,0.7654400733899355,0.7625676991455245,0.7621439169532267,0.7581658932000018
brightness/s5,25472.0,0.8211562633514404,0.7977768182754517,0.812244620897973,0.7622781638960129,0.7369992094480282,0.7259807982444526,0.83249033714777,1.04862556192816,0.7635872233403813,0.7622836076220881,0.7636554111069761,0.7640076452267053,0.7614086676980028,0.7603002068327529,0.7567008171071997
brightness/s5,25600.0,0.8102821111679077,0.736951470375061,0.8121488887160185,0.7610427154315762,0.7382738236588048,0.7238425307137492,0.8288497129361202,1.0714228626964264,0.7645805572282688,0.7634010215307531,0.7646422547850746,0.764960962754205,0.7626093596482225,0.7616064036838888,0.7568252188102622
brightness/s5,25728.0,0.7897886037826538,0.7469754219055176,0.8110581431095129,0.7603565059912806,0.7313404139113873,0.7181711714548558,0.8385286341167267,1.0787518926806126,0.7580432941964287,0.7569760284046848,0.7580991192909567,0.7583874921767672,0.7555347031677253,0.7546272099959516,0.7518254954255852
brightness/s5,25856.0,0.8140221834182739,0.7539719343185425,0.8112027304416475,0.7600450634706591,0.7324286255557525,0.7188397393116215,0.8389883619874494,1.0801210823497103,0.7602149616137822,0.7600114748385041,0.7602654731954462,0.7605263983348379,0.758707337012558,0.7564361906031185,0.753176132386862
brightness/s5,25984.0,0.7869078516960144,0.7662699222564697,0.8100176144052751,0.7603487151187475,0.7341010942714452,0.7179946421730972,0.8473263603177963,1.0768679871827824,0.7599677017338267,0.7597835831227631,0.7600134055504305,0.7602494954594221,0.7586035750125525,0.7573107947099007,0.754323853278059
brightness/s5,26112.0,0.8054273128509521,0.7347891926765442,0.8097936972562837,0.759101909145957,0.7290892411581608,0.7166536887241408,0.8497064262922394,1.09462117850921,0.7569926379162107,0.7568632242294602,0.7570339915777542,0.7565225952372284,0.7550333358679907,0.7531385893835568,0.7489115590933537
brightness/s5,26240.0,0.8220083117485046,0.7949201464653015,0.8103895321095628,0.7608491402347054,0.7281794977998587,0.7228764191251744,0.8447554284160376,1.076385025464157,0.7593014885607117,0.7591843926549724,0.7593389061212159,0.7588761852205974,0.7567664805801391,0.7557770936659071,0.75050236845984
brightness/s5,26368.0,0.8113532066345215,0.7524597644805908,0.8104365406229753,0.7604399023930413,0.7259434956297353,0.721182351867573,0.8356518351360304,1.0724251279004562,0.7579142261159085,0.7570832606949511,0.7579480822191369,0.7568043888878814,0.7548954889722733,0.7547252882009783,0.7499154386837695
brightness/s5,26496.0,0.8301529884338379,0.7784644961357117,0.8113983185649686,0.7613191508682935,0.729794798841658,0.7233489632305642,0.8159890073607572,1.0610388219614406,0.7602097191685289,0.7587328313605121,0.760240352799112,0.7592055178456083,0.7574783097720569,0.757324308955198,0.7529722678393893
brightness/s5,26624.0,0.848009467124939,0.7677927017211914,0.8131842282508207,0.7616349338367275,0.7303422897312086,0.7259228275274766,0.8043887191698132,1.060048725481548,0.762212363388062,0.7608760478877684,0.7622400812655854,0.7613037433927247,0.7597409334701358,0.759601590672728,0.7535259187291558
brightness/s5,26752.0,0.833897054195404,0.7564196586608887,0.814194610004215,0.7613805301696135,0.728439543534306,0.7259651223493705,0.7966347929018699,1.0639560931814438,0.7581499135712327,0.7576658053761426,0.7581749932212702,0.7573277773351186,0.7566387327829128,0.7572376677056629,0.7502158967204317
brightness/s5,26880.0,0.8053706884384155,0.7541501522064209,0.8137641748058833,0.7610278288055552,0.728242293703557,0.7245161814951769,0.804492545167267,1.066349711810956,0.7573741930647502,0.7569361629846001,0.757396885597592,0.7566303089391525,0.7560068486393875,0.7558237612018519,0.7487081373657207
brightness/s5,27008.0,0.8300962448120117,0.7678296566009521,0.8145608611476456,0.7613596252833794,0.7323767273784116,0.7274808816503058,0.7956297405487073,1.0610746888538412,0.7617102306076651,0.7613138928611403,0.7617307632325625,0.7610371504440516,0.7604730319931639,0.7595451759595578,0.7531068274439388
brightness/s5,27136.0,0.8027347922325134,0.7433525323867798,0.8139839797371513,0.7604812305079355,0.7340913160871886,0.7281370737597352,0.7993749542541205,1.0699809614048421,0.7643322491102073,0.7632486204888722,0.7643508274103078,0.7637232336855457,0.7632499890907806,0.7616854328581126,0.7543726856289297
brightness/s5,27264.0,0.7970851063728333,0.7243667244911194,0.8131596444510869,0.7587195472876029,0.7327426482859094,0.7221684944607717,0.80776330732895,1.0906303096951493,0.7607930403906158,0.7605747482234233,0.7608098503813672,0.7610041870527752,0.7605759865598317,0.7613725719079055,0.754030847615468
brightness/s5,27392.0,0.8052863478660583,0.7357425689697266,0.8127755812030366,0.7575987190769748,0.7284363878898681,0.7226424926084674,0.8109998063719478,1.1068597083419922,0.7598029235182192,0.7596054087137578,0.7598181335098508,0.7599939729371035,0.757394304317373,0.7573528744032862,0.7499105706264882
brightness/s5,27520.0,0.8185780644416809,0.7895570993423462,0.8130586291658973,0.7591576644557734,0.7267150481739973,0.7251720590466857,0.806343019564161,1.088924135692536,0.7603570771393285,0.7594533472062021,0.7603708394220601,0.760529942199485,0.7574526989094136,0.757415212354193,0.749881902393152
brightness/s5,27648.0,0.8018963932991028,0.7507804036140442,0.812514129855322,0.758749017585445,0.7169221227082986,0.7155259975074413,0.8156416797402483,1.0926541011389186,0.74819861054665,0.7473808989295856,0.7482110629154987,0.7483550220615208,0.7455706752178572,0.7454995764370776,0.7386832977632267
brightness/s5,27776.0,0.8515034914016724,0.8119882941246033,0.8144160499307537,0.7613460554654039,0.719159606567116,0.7217073421825212,0.8012217292056332,1.0653913992409398,0.7512701288765347,0.7497680531064246,0.7512813960109895,0.751411652918247,0.7481301290936115,0.7487908124692415,0.7426233170124139
brightness/s5,27904.0,0.8469564914703369,0.7550239562988281,0.8160033885424406,0.7610376603841075,0.7257944744726849,0.7251624732061955,0.7866140833245272,1.0646583383893549,0.7555736859138662,0.7542145798779725,0.7555838806262433,0.7557017394935477,0.7527325558306859,0.753330354411491,0.7477498900510895
brightness/s5,28032.0,0.8171817064285278,0.768202006816864,0.8160608674637131,0.7613871406979004,0.7199745066466113,0.7214661640372536,0.7909315014985583,1.0602707693058946,0.7498937098601964,0.7464889208770946,0.7499029342251731,0.7500095751158155,0.745147958012179,0.7464138721355608,0.7406395495346264
brightness/s5,28160.0,0.8417137861251831,0.7950306534767151,0.8173122293496384,0.7630282876627206,0.7243567665731682,0.7249070704941479,0.7786947121529125,1.0376135862814853,0.7551276518128249,0.7512847404247832,0.7551359981894634,0.7552324888466122,0.7500714123358263,0.7512168349305102,0.7445049106735079
brightness/s5,28288.0,0.8436179161071777,0.7945719957351685,0.8185954335817135,0.7645670051296692,0.7306456823068344,0.7236331970384289,0.7700467055369973,1.0220120841325653,0.7614249901292721,0.7579478525794735,0.7614325420857666,0.7615198486232582,0.7561249959326541,0.7556741855617525,0.7496011119181472
brightness/s5,28416.0,0.8192743062973022,0.7761175632476807,0.8186285493239374,0.7651304469890844,0.7333244097493723,0.7231684073143665,0.7696940989458311,1.0158327655677877,0.7633863236089369,0.7602401450168823,0.7633931567593403,0.7634721533349053,0.7593158053620267,0.7567328591549229,0.7497506194095785
brightness/s5,28544.0,0.840752124786377,0.7984434366226196,0.8197077481269832,0.766755470873647,0.7333872261920257,0.7188997010857533,0.7665798941763471,1.00446070254651,0.7628372089287287,0.7599904881443652,0.7628433916900396,0.7629148692578173,0.7591541284685559,0.7553298208058523,0.7482871458191367
brightness/s5,28672.0,0.8476510047912598,0.7994874715805054,0.8210708338179236,0.7683521538349571,0.7342062587971867,0.7212092179366036,0.7568387391864899,0.9933715379633358,0.7669135305060062,0.7635755695821412,0.7669191247831945,0.7669837990131707,0.762818815824315,0.7593585112704946,0.7499373877399803
brightness/s5,28800.0,0.8042318224906921,0.7506262063980103,0.8202494186312294,0.7674874734721793,0.7325863888343372,0.7171269901734527,0.7591461204136359,0.9982585752765083,0.7629427304578438,0.7599224814601051,0.7629477922636756,0.7630063107073364,0.7585127417422861,0.7561068088295193,0.7460951914054194
brightness/s5,28928.0,0.837500810623169,0.7740427255630493,0.8210909499479092,0.7678072418668558,0.733332925292699,0.7201071695739569,0.7555220612809085,0.9956900147462001,0.7689981517111125,0.7662653743609874,0.7690027317269783,0.7690556803009272,0.7649898156989989,0.7628128829444967,0.7515419608135888
brightness/s5,29056.0,0.8204106092453003,0.7809929847717285,0.8210577625965625,0.7684504488378251,0.7311083458478258,0.7162413771100467,0.7652253809401044,0.9939155347086118,0.7634160849212386,0.7616684321255573,0.7634202290046008,0.7634681378570554,0.7605142829733357,0.75778235869041,0.7475842191537587
brightness/s5,29184.0,0.8235251903533936,0.7907214164733887,0.8211781249261639,0.7695368375029745,0.7275711148331606,0.717781460192969,0.7595870066040341,0.9805489983176282,0.7605403719007756,0.7581968680921907,0.7605441215443175,0.7605874703632249,0.757152572517813,0.7547178569709182,0.7454903910368037
brightness/s5,29312.0,0.8280309438705444,0.7692145109176636,0.8215124087771093,0.7695211142549105,0.7222326981922886,0.7133376567242746,0.7646276967067486,0.9820425470072571,0.7549639533974298,0.7536057027770504,0.7549673461445013,0.7550065689604194,0.7519357898867303,0.7497328140706523,0.7398964216341334
brightness/s5,29440.0,0.8282355070114136,0.7545233964920044,0.8218403647885387,0.7687895182664761,0.7228121260859434,0.7122540606053669,0.7517096459269622,0.9871824685154078,0.755328032788513,0.7540990624175451,0.7553311026090341,0.7553665921408671,0.7540753042342158,0.7520820108277586,0.7416946503899564
brightness/s5,29568.0,0.8219606280326843,0.7594413757324219,0.8218462312882531,0.7683335113135954,0.7201760819611659,0.7136345485905788,0.750405131940089,0.9948731957328636,0.7562337524517122,0.7543967423778026,0.7562365300822966,0.7562686416693984,0.7521258404165628,0.7503222715461159,0.739473565284428
brightness/s5,29696.0,0.861578106880188,0.7724175453186035,0.8237843715610303,0.7685327324845713,0.7217506369202459,0.7151810817407913,0.7423872707929897,0.996565562943226,0.7596001115282892,0.7571757555958583,0.759602624779996,0.7596316799400089,0.7543588062305723,0.752726903641667,0.7406985679938219
brightness/s5,29824.0,0.8151150345802307,0.764251708984375,0.8233614770741621,0.7683239020699276,0.7228778814727507,0.7154464160188837,0.7451614053588815,0.9997595420751384,0.7578869837207185,0.756455576598037,0.7578892577575096,0.7579155474055642,0.7539067485286737,0.7524301727774987,0.7392601260669858
brightness/s5,29952.0,0.82683265209198,0.7864636182785034,0.8235308026847873,0.7692087662752239,0.7231356381439938,0.7171365251426067,0.7499449348732741,0.9914148788406087,0.7555375385123216,0.7550045699022094,0.7555395961030172,0.755563383464523,0.7541855529518813,0.7520873246844589,0.7401708219797056
brightness/s5,30080.0,0.8217028379440308,0.7980746030807495,0.823441633673043,0.7706168558754934,0.7182193965597945,0.7142041372646666,0.7568581232665142,0.9851874411925349,0.749786642520667,0.7493044026301371,0.749788504266918,0.7498100275131109,0.749325536014165,0.7459026298899833,0.7343581619459442
brightness/s5,30208.0,0.8115010261535645,0.7607004642486572,0.8228591650135562,0.7701331294546722,0.7190320952810514,0.7117367595357273,0.7608271640662825,0.9925052312139009,0.7491191155704547,0.7486827759669472,0.7491208001130173,0.7491402747456524,0.7479397027231082,0.7448425937315079,0.7343597646161695
brightness/s5,30336.0,0.8144630789756775,0.7967429161071777,0.8224495998409767,0.7714311678279651,0.7183545906736938,0.7153787098476152,0.7595740062571206,0.9724634964276626,0.749202959418597,0.7488081512467142,0.7492044836239734,0.7492221046330382,0.7481358047839665,0.7453334830848444,0.733673380119687
brightness/s5,30464.0,0.8118535280227661,0.7757764458656311,0.8219327182888687,0.7716431326102902,0.7204185499195052,0.719324668458193,0.7630757658993529,0.971075585819174,0.752829536749367,0.7524723069876573,0.7528309158786813,0.7528468596947359,0.751863955429157,0.7493283627436337,0.7372908751707578
brightness/s5,30592.0,0.8145630359649658,0.7624762654304504,0.8215732215901417,0.771195968357615,0.7187725249420388,0.7162583704490848,0.7712469695656287,0.9772002554943325,0.748823602258053,0.7492253890114376,0.7488248501198538,0.7488392763805432,0.7486749412300698,0.7463806899066429,0.7347639328582525
brightness/s5,30720.0,0.8288568258285522,0.7887485027313232,0.8219285193578689,0.7720521895465763,0.7254442358339326,0.7195071275746923,0.7623558297451827,0.9691237651443978,0.7563716234589521,0.7567351675707297,0.7563727525474703,0.7556236105739477,0.7562371122016276,0.753436216149913,0.7421629636391446
brightness/s5,30848.0,0.8371655344963074,0.7781153917312622,0.8226717883890122,0.7723479555068048,0.7346040646659199,0.7241197745634187,0.7530627502300002,0.9603267234167063,0.7640749490071779,0.7644038904670314,0.7640759706274254,0.7633981330654219,0.7632282258528705,0.7606939231195822,0.750456494762129
brightness/s5,30976.0,0.8136264085769653,0.8010653257369995,0.8222305503494002,0.7737488028351069,0.7374823214496513,0.7258208965561925,0.7603769344247274,0.9472297880444454,0.7701713250683625,0.7697067622845655,0.7701722494493242,0.7695589294423002,0.76864299912089,0.7656249000980871,0.7549118551654956
brightness/s5,31104.0,0.8419694900512695,0.7520174980163574,0.8231934254568084,0.7726887391854118,0.7348999767548599,0.7177118284723193,0.7533896259743752,0.9626396090750531,0.7674520139375248,0.7670316689082831,0.7674528503345758,0.7668979070087677,0.765306961131989,0.7625761291190901,0.7528827672258886
brightness/s5,31232.0,0.8440426588058472,0.7607820630073547,0.8242104612299321,0.7721079257133114,0.7326006035955632,0.70819954854634,0.7496230478490523,0.9688804716632505,0.7627793058887419,0.7623989699045202,0.7627800626763174,0.762277939655167,0.7608384222972964,0.7576424999346436,0.7495967810532876
brightness/s5,31360.0,0.7869613766670227,0.7776187658309937,0.8223934327146682,0.7723767471824666,0.7318957573282876,0.7099287705764324,0.7610959454334473,0.9624530038292938,0.7614885926572137,0.7619066527214604,0.7614892774126583,0.7610349471835269,0.7612196551541865,0.7583651055327738,0.7480735895193636
brightness/s5,31488.0,0.8657170534133911,0.7897434830665588,0.8245067800658255,0.7732239050304711,0.7372811998193489,0.7130549732580331,0.7469271834314408,0.9583129686119399,0.764856721851054,0.7652349903565384,0.7648573414304896,0.7644462550066295,0.7646133822067326,0.7619933524778993,0.7526813977745104
brightness/s5,31616.0,0.830822229385376,0.7883992791175842,0.82481485076434,0.773964167181062,0.7414662135188754,0.7182073850835624,0.7433800514930801,0.9485046546589571,0.7694286579033034,0.7705331173898243,0.7694292185102762,0.7690572598840473,0.7692456599264962,0.7668378281492474,0.7569249887061453
brightness/s5,31744.0,0.8384811282157898,0.7974740266799927,0.8254814984448985,0.775110989595644,0.7385046762416475,0.7167346417085654,0.7370041092742556,0.9403854911757354,0.765330005158194,0.7663293406007868,0.7653305124057882,0.7649939573370826,0.7651644251922668,0.7629857743099376,0.7532542580737935
brightness/s5,31872.0,0.8496930599212646,0.7767661809921265,0.8266625502242334,0.7751917306393747,0.738111607711806,0.7176514812841926,0.7293159736575185,0.9365265274305014,0.7630714978260636,0.7639757150825679,0.7630719567931015,0.7627674355203465,0.7621594828777143,0.7602253793726442,0.7529445131054372
brightness/s5,32000.0,0.808319628238678,0.7854856252670288,0.8257677735420111,0.7756938718407237,0.7363802827660064,0.7140566050168096,0.7312267220042313,0.9254400937666513,0.7588529138568962,0.7611954566571004,0.7588533291387907,0.7585777926391712,0.7603142911701387,0.7586014586709052,0.7505263857426353
brightness/s5,32128.0,0.8226370811462402,0.7760061025619507,0.8256150568397784,0.7757091026076128,0.7301662165895869,0.7078666545095582,0.7380354688791696,0.9299458248138319,0.7520242605451155,0.7548688516213262,0.7520246362998813,0.7517753257609634,0.7547965716060565,0.7532467689699267,0.7459402931080001
brightness/s5,32256.0,0.8370359539985657,0.7836706638336182,0.8261721737743535,0.7760974714479058,0.738077225123594,0.717937347715073,0.7310908493716487,0.926718060782909,0.759304818732374,0.7611164624128717,0.7593051587222601,0.7590795779193487,0.7618132572354621,0.7604109670453649,0.7538371123243711
brightness/s5,32384.0,0.8206482529640198,0.7858851552009583,0.8259027142226298,0.7765749194358595,0.7362004517626332,0.71504027714136,0.7349470038382652,0.9272731270234817,0.7562441280737304,0.7586083517727411,0.7562444357028897,0.7560403260055498,0.7585138097888983,0.7579700064699583,0.7520218607051568
brightness/s5,32512.0,0.8459264039993286,0.7831333875656128,0.8268794795775908,0.7768948447104815,0.7330151023979565,0.7169177641475363,0.7263530456329086,0.9256039805743831,0.7564119980964568,0.7585511915802137,0.7564122764450298,0.7562275942025231,0.7584656482384974,0.7557613800361728,0.7496171922263792
brightness/s5,32640.0,0.8243003487586975,0.7866609692573547,0.8267536683181326,0.7773712410298411,0.7323823442875026,0.7199922184820954,0.7310079277652921,0.9260970864317951,0.7557273343870973,0.757662916355446,0.7557275862420525,0.7555604823212595,0.7568605002800443,0.7551758233402848,0.7488914332994185
brightness/s5,32768.0,0.8216463327407837,0.8066593408584595,0.8265045299972863,0.7787999288263591,0.7317354525052299,0.7220118467050963,0.7316845615262045,0.9125275774994935,0.7565578676994497,0.7583092181895498,0.7565580955824877,0.7564068968534418,0.7575831772313785,0.7560960305178899,0.7504469780180937
brightness/s5,32896.0,0.8227479457855225,0.7542840242385864,0.8263212819869563,0.7776040310415897,0.7336226194291818,0.7203257101953905,0.726042189159471,0.9227771830035983,0.7575696114044396,0.759154265833614,0.7575698175972418,0.7574330101808953,0.758497330499064,0.7563895374287392,0.7513153501282097
brightness/s5,33024.0,0.7987909913063049,0.7348384261131287,0.8249783409781439,0.7755179039719087,0.7306454516072489,0.7156397413487143,0.7387118890641283,0.9422703203874825,0.7537631641559503,0.7559591840172082,0.7537633507230248,0.7536395648335168,0.754602581611586,0.7519703964480144,0.7481413727215984
brightness/s5,33152.0,0.8229377865791321,0.79072505235672,0.8248788017391677,0.7762597160882408,0.7294760451484983,0.7166979753666831,0.7346454536224075,0.9358466091325184,0.7540928153963118,0.7560798149257426,0.7540929842056636,0.7539809804353237,0.7548523358900787,0.7524706858997203,0.7474817239200184
brightness/s5,33280.0,0.8044038414955139,0.7665977478027344,0.8238800231906969,0.7757884005621185,0.7262428998636917,0.7118181859207168,0.7453528677012128,0.944752592448168,0.7514910304686437,0.7532889045223405,0.7514911832104785,0.7513898401202423,0.7514160635864424,0.7484989073488842,0.7432969673303675
brightness/s5,33408.0,0.8395744562149048,0.7750306129455566,0.8246456052894388,0.7757514353125301,0.7293035102276473,0.7133145215856099,0.7347869553810815,0.9415973538236786,0.7566472976459292,0.758274047458941,0.7566474358495763,0.7565557387405641,0.7565794662194996,0.7539399691122266,0.7499581721055852
brightness/s5,33536.0,0.8392614126205444,0.7960216999053955,0.8253585715007121,0.7767402287073041,0.7262355080643971,0.7057451739034577,0.7272310730451056,0.9289858991225057,0.7523895239259122,0.753861437349821,0.7523896489751372,0.7523066797289697,0.7523281487923014,0.7499398828195697,0.7463370789842922
brightness/s5,33664.0,0.8526754975318909,0.8006271123886108,0.8266911044778428,0.7779054425454166,0.7344462865948531,0.7114074417056271,0.7187939766780331,0.9246773207315272,0.75799938482529,0.7586061845384162,0.7579994979721496,0.7579244258582765,0.757218836593153,0.7565450992079508,0.7533223956782322
brightness/s5,33792.0,0.8404885530471802,0.7671726942062378,0.8273641507495177,0.7773818938459445,0.7344395014341294,0.706882491870469,0.7083711384191688,0.9278022562253929,0.7587252018556013,0.7585492306263718,0.7587253042329801,0.7586573775909806,0.7572939324557916,0.7566843223648383,0.7537683603965444
brightness/s5,33920.0,0.8197872638702393,0.7769898176193237,0.8269945465115042,0.7773627681763531,0.7330205126004228,0.7058741940124826,0.7060783656732142,0.923028090147258,0.7557568602155679,0.755597638181268,0.7557569528485203,0.7556954915620948,0.7552240162196662,0.7546724296947762,0.7505468031904485
brightness/s5,34048.0,0.8319981098175049,0.8030257225036621,0.8272386227703334,0.7786146196069536,0.7301006541732558,0.7057612427679869,0.7093284678654223,0.9180012518771646,0.7529595088565607,0.7528154418047045,0.7529595926725754,0.7529039813598728,0.7517151865973302,0.7512161008719539,0.7459587671937371
brightness/s5,34176.0,0.8114001154899597,0.7675164937973022,0.8264660126590957,0.7780732476162389,0.7284068084458786,0.7079084475015515,0.713178162267623,0.919517646285187,0.7543137495364834,0.7541833949940246,0.7543138253747692,0.7542635072268687,0.7531878636612369,0.7542234916277465,0.7479793485435301
brightness/s5,34304.0,0.8446680903434753,0.7771571278572083,0.827353918887602,0.7780285588475057,0.7298486053814284,0.7058544013384055,0.7049443240906861,0.9139116412052142,0.7576769560053488,0.7590833990398045,0.7576770246252373,0.757631495831093,0.7589076386845576,0.7583946643461048,0.7512576377957817
brightness/s5,34432.0,0.8140554428100586,0.8019159436225891,0.8267052127374779,0.7791937971292171,0.7287922241434577,0.7086062132276709,0.7024261455364016,0.9007004008457417,0.7591956573968681,0.7604682331585619,0.759195719485417,0.7591545241874434,0.7603092019269554,0.759082858102573,0.7511379340198595
brightness/s5,34560.0,0.8584738373756409,0.8133534789085388,0.8282549017442175,0.7808601230696718,0.7367596507568108,0.7192571685421103,0.6891152985704936,0.8837804818818277,0.7672436614518955,0.7683951116205666,0.7672437176307668,0.76720644336056,0.7682512172105288,0.7671415985568194,0.7584656737919133
brightness/s5,34688.0,0.8610355854034424,0.7854093313217163,0.8298539594836918,0.7810820356673325,0.7395442765027419,0.7192460757599939,0.682219516940444,0.8905728976878535,0.7678146097967476,0.7696186584026661,0.7678146606284332,0.7677809341769254,0.7694884600697287,0.7670344267727081,0.7599464841389054
brightness/s5,34816.0,0.8223882913589478,0.743323028087616,0.8294897805507774,0.7792401328585657,0.7391266178231234,0.7088627490963417,0.6937846593097257,0.9145212022275275,0.76619335008974,0.7678256867522041,0.7661933960831926,0.7661628797638925,0.7684700760059828,0.7662496211310462,0.7583491090870167
brightness/s5,34944.0,0.8232502341270447,0.7652618288993835,0.8291854124325465,0.778558264372752,0.7385256309987926,0.7074428860056726,0.6945631034210334,0.9191216728291481,0.7652655178384857,0.7667424863474731,0.7652655594542154,0.7652379477221181,0.7688499319483044,0.7660786280430227,0.756680692993071
brightness/s5,35072.0,0.7980362772941589,0.7807724475860596,0.8276659424257958,0.7786662733099865,0.7337432984825482,0.7069203626499869,0.6997350337686086,0.9062225108252324,0.7616002990079338,0.7629366875279635,0.7616003366626183,0.7615753530549325,0.7648435434225882,0.7608859864684339,0.7508953504119339
brightness/s5,35200.0,0.8472234606742859,0.7862980961799622,0.8286199677062099,0.7790385573524243,0.7375772201022937,0.7118201199230398,0.6890516906017646,0.905230202015265,0.7627827512141981,0.7639919403510008,0.7627827852848557,0.7627601796529162,0.7657172989564286,0.7621364279705459,0.7530967150366159
brightness/s5,35328.0,0.8190937042236328,0.7879880666732788,0.828155271926572,0.7794751187827099,0.7297620177130213,0.7085943797756952,0.6927354113323313,0.8974211772876795,0.7599301395578795,0.7602620412099179,0.7599301703856427,0.7599097163902946,0.7618231776994216,0.7571331094248662,0.7482287945096328
brightness/s5,35456.0,0.8698055744171143,0.839557945728302,0.8301869939992813,0.782405988389812,0.7376743182281411,0.7214958665311315,0.6853171843109229,0.8796632561889118,0.7679454147932984,0.7682457255682837,0.7679454426868307,0.7679269355322057,0.7696582708392743,0.7639274000209526,0.7558706106181745
brightness/s5,35584.0,0.852493405342102,0.7733757495880127,0.8312751116257603,0.7819654889360657,0.7381224794913757,0.7190594663853962,0.6791748902532426,0.8817302316976935,0.7692489446166607,0.7687584762577986,0.7692489698552465,0.7692322242382419,0.7700365734363689,0.7640889800308559,0.7575612425640947
brightness/s5,35712.0,0.8439453840255737,0.7992298603057861,0.8318931736940438,0.7828076533931252,0.7422645992304475,0.7257782262773275,0.6777644533219993,0.8791518424095086,0.7748900325770023,0.7744462477026244,0.7748900554133431,0.7748749036682724,0.775602693751765,0.7687339908548076,0.7620653777156383
brightness/s5,35840.0,0.7818053960800171,0.7282012701034546,0.8294498674689693,0.780143927378995,0.740137986573177,0.7206476396001278,0.6948029516637593,0.9039139076348778,0.7695837237059016,0.7691821789147482,0.7695837443686466,0.7695700347884844,0.7695035378919897,0.7632886080250818,0.7565668884625139
brightness/s5,35968.0,0.8383650183677673,0.8029398918151855,0.8298847528786668,0.781255925644175,0.7425638772027378,0.7247799285138574,0.6989288244765894,0.8978623290433999,0.7721813466726211,0.7718180214927612,0.7721813653686563,0.7721689606860705,0.7721087930599143,0.7657603942927717,0.7589534428027861
brightness/s5,36096.0,0.857435405254364,0.8413154482841492,0.8312286871408959,0.784185658455881,0.7507077080460226,0.7278682458474581,0.691473144576459,0.8710438400213169,0.7768183095116339,0.776489566145443,0.7768183264281535,0.7768071024411143,0.7774776765283341,0.7717335274951252,0.7662994863194751
brightness/s5,36224.0,0.8328627347946167,0.8044916391372681,0.8313083967825408,0.7851761940988754,0.7528897524913744,0.7255503283366946,0.6916805839601564,0.8649274254008414,0.7757529141982125,0.7754554610988809,0.7757529295045933,0.7757427738327988,0.7763495217130256,0.7719143041761364,0.7669974828625351
brightness/s5,36352.0,0.8405616283416748,0.7984035015106201,0.8317597739317668,0.7858214286067654,0.7555519414273529,0.7248658830458728,0.6910179442100174,0.8653417115639979,0.7785255398545395,0.7782563987694215,0.7785255537040371,0.7785163646637042,0.7783403465351052,0.7750522942605016,0.7706034630778797
brightness/s5,36480.0,0.8303749561309814,0.7876805067062378,0.8316922218439236,0.7859121153433251,0.7513984252891158,0.7265703498588771,0.6974025147908203,0.8621203905078582,0.7750482427833163,0.7748047189341405,0.7750482553145988,0.7750399409003534,0.7748806764306335,0.7726677808270214,0.7686423958009846
brightness/s5,36608.0,0.8295584917068481,0.7670822143554688,0.831588137446993,0.7849935835878199,0.7490159160408953,0.720713713346432,0.6924814720371004,0.86826779878305,0.7718647396034646,0.7724065898267862,0.7718647509420015,0.7718572279056737,0.7717503027073132,0.7704730485650799,0.7667936252309918
brightness/s5,36736.0,0.8380554914474487,0.8021001219749451,0.831903618129942,0.7858280488749967,0.7467858169531242,0.7219024735276163,0.6913468642161845,0.8654298731845391,0.7718843063277034,0.7723745824667113,0.7718843165870221,0.7718775096041223,0.7725429568220246,0.7691750487016575,0.7658458381774768
brightness/s5,36864.0,0.8265200853347778,0.8010280728340149,0.8316410067740803,0.7865695134583633,0.7492296118891741,0.7216395968087472,0.6892616398814541,0.8599697928399253,0.7727385662846143,0.7739071921070004,0.7727385755674362,0.7727324164829683,0.77405954034878,0.7710493748216662,0.7679998630981214
brightness/s5,36992.0,0.8383433818817139,0.792951762676239,0.8319679519012819,0.7868808426885036,0.754563943892584,0.7192638767079742,0.6878547399997486,0.863644655025019,0.7773968526584761,0.7784542469927113,0.7773968610577456,0.7773912882038042,0.7785920945095147,0.776593455742864,0.7738342009353019
brightness/s5,37120.0,0.8131065368652344,0.7917368412017822,0.8310478828751333,0.787117720664761,0.748719814789185,0.7153296290736637,0.6951453931462481,0.8607286994304402,0.7708666644220952,0.7718234144413525,0.7708666720219102,0.7708616296002296,0.7719481414330588,0.7686153457375942,0.7661187207748923
brightness/s5,37248.0,0.8487927913665771,0.8227657079696655,0.8319134881673989,0.7888566468747563,0.753414835392237,0.7195033407620717,0.6777725546997511,0.8351641784558891,0.7749409259881063,0.7765316260352748,0.7749409328645599,0.7749363703878341,0.7766444813323511,0.7736289059291377,0.7713699133245753
brightness/s5,37376.0,0.8544894456863403,0.8029370903968811,0.833014754387835,0.7895434977782746,0.7529039051942845,0.7229451703147596,0.665966130775712,0.8343060649303384,0.7746305166138665,0.7760698115405431,0.7746305228358092,0.7746263946221866,0.776171925107975,0.77271836164082,0.7714365783264003
brightness/s5,37504.0,0.8363251686096191,0.795861542224884,0.8331762380084098,0.7898516950683531,0.7525903270675234,0.7136969685001482,0.676335643799422,0.8395552187168706,0.7722861485839922,0.773588449347511,0.7722861542137215,0.7722824189294146,0.77368084359859,0.7713181903960067,0.7694333941906334
brightness/s5,37632.0,0.7941188812255859,0.749727189540863,0.8312710010921744,0.7878944021157925,0.7484956201485442,0.7112406835744944,0.6960136771151704,0.8635348710868207,0.7693283652565449,0.7690195011645236,0.7693283703504284,0.7693249905958593,0.7691031011977724,0.7662403138562321,0.7645349152670752
brightness/s5,37760.0,0.8101671934127808,0.7681814432144165,0.8302415470590332,0.7869327943645059,0.7382655194800332,0.7075309813901285,0.7041320538985818,0.8716117677556868,0.7615770038995864,0.7612975379364904,0.7615770085086268,0.7615739504439631,0.7606109856762712,0.7572584874332713,0.754990396264855
brightness/s5,37888.0,0.8245888352394104,0.7688429355621338,0.8299658050190516,0.7860503622278048,0.7354970881196492,0.7056244037444293,0.7117868322175365,0.8785221004571128,0.7596757126301432,0.7593484861400367,0.7596757168004885,0.7589107546848708,0.7579650857903677,0.7549316831564576,0.7521172770486878
brightness/s5,38016.0,0.8184942007064819,0.7850627899169922,0.8294062145647799,0.7860021879687407,0.7308542956751852,0.7037877561542396,0.7179764884038565,0.8799665047276032,0.7557431641347102,0.7561720984051135,0.7557431679081159,0.7550510159879169,0.7549203720922958,0.7521756930880261,0.7481791364610673
brightness/s5,38144.0,0.8299624919891357,0.8018376231193542,0.8294333500488948,0.7867746482199901,0.7304272062593437,0.7059368989355136,0.7181720571428529,0.8750134900254557,0.7574087463705498,0.7570718391874941,0.7574087497847973,0.756782477880798,0.7551770588651885,0.7519686074877381,0.7475902537521018
brightness/s5,38272.0,0.8276932239532471,0.7754361033439636,0.8293484658491072,0.78622154846994,0.7316023383227017,0.7041076878530137,0.7123252423606632,0.8713345710764911,0.7566292107255241,0.7563243708531697,0.7566292138147986,0.7560625513722151,0.7553721335716548,0.7524690672152585,0.7485074514913426
brightness/s5,38400.0,0.819258451461792,0.7527424097061157,0.8288562700253357,0.7845884197497535,0.7327771603740806,0.7064122803238749,0.7070116517916056,0.8770649401677086,0.7569091490264855,0.7566333242520352,0.7569091518217184,0.7563964251261982,0.755771722285834,0.7538699888366497,0.7487982354065034
brightness/s5,38528.0,0.8201291561126709,0.7908719778060913,0.8284305571515471,0.7848949347768919,0.7300663658114078,0.7069731281217214,0.709660633275012,0.8726019939350387,0.7570509016474029,0.7553141202780164,0.7570509041765814,0.7565869795460721,0.7537723317053858,0.7512894128617158,0.7474997715962473
brightness/s5,38656.0,0.8205947875976562,0.7806669473648071,0.8280483244903817,0.7846886914884975,0.726851393455771,0.7044318131309566,0.7199066199085415,0.8759159481659489,0.7542419223115405,0.7504582254270451,0.7542419245999883,0.7530599618617345,0.7498253816322973,0.7475787905786256,0.7456370628184962
brightness/s5,38784.0,0.8209317922592163,0.8009389042854309,0.8277011765766662,0.785481384795665,0.7284040567794334,0.7096427946294972,0.715081879993197,0.8636206999271173,0.7591363556429821,0.755712796475036,0.7591363577136122,0.7580668958903617,0.7551401876637264,0.753107430380779,0.7498633090701562
brightness/s5,38912.0,0.8452408313751221,0.7881519794464111,0.828556769493664,0.7856116577054575,0.7266114338854955,0.7044864310716629,0.7084240231119291,0.8651737594038004,0.7559801587941557,0.7521202637944853,0.7559801606677002,0.7550124917604045,0.7516021567141747,0.7504878950679148,0.7482775687660366
brightness/s5,39040.0,0.8432117700576782,0.8056877255439758,0.8292716475699573,0.7865909780878242,0.7303619815228071,0.7102313275788217,0.7048533364525454,0.858285366687316,0.7583481984092271,0.7541306789003046,0.7583482001044449,0.7574726353168204,0.7521746760037239,0.7511664713850674,0.7484415122505303
brightness/s5,39168.0,0.827697217464447,0.780596137046814,0.8291948461013958,0.786298546817531,0.7284945412826827,0.709517756839612,0.702083322249135,0.859469927419092,0.7537798095065047,0.7499637195760638,0.7537798110403693,0.7529875837697109,0.7489560869730302,0.7480810249712596,0.7471026413641026
brightness/s5,39296.0,0.8545170426368713,0.8232597708702087,0.8304300752006872,0.788101533356686,0.7297792666811185,0.7117721642790302,0.6922849363387096,0.8452762456714555,0.7518584713024352,0.7484056023052902,0.7518584726903044,0.7511416507517729,0.7467688627519208,0.7459770904112348,0.744366815892207
brightness/s5,39424.0,0.8335416913032532,0.7884589433670044,0.8305818613520318,0.7881189679913356,0.7324661003105182,0.7154851052161838,0.6903445971668682,0.8420440612829239,0.7561432093105316,0.7530189893553516,0.7561432105663015,0.75549461677183,0.7515380370289537,0.750821626719505,0.7493646204473805
brightness/s5,39552.0,0.8550062775611877,0.8183414340019226,0.8317732962890638,0.7895932346259983,0.7386338123571077,0.7195696579618177,0.6829497374676805,0.8314973652590517,0.7629945397747284,0.7601676875725697,0.7629945409109723,0.7624076812075868,0.7595898895425571,0.7589416681977198,0.7568983270080105
brightness/s5,39680.0,0.8381230235099792,0.7949986457824707,0.832083039080328,0.7898569132189969,0.7447907665646405,0.7246782865912698,0.6783439612570602,0.8309530352170742,0.766907165376182,0.7643493770362156,0.7669071664042765,0.7663761648523137,0.7638265746545088,0.7624778568285138,0.7628412286610254
brightness/s5,39808.0,0.8216651678085327,0.809543251991272,0.8315748502378013,0.7908172224274005,0.7468481593960845,0.7264006091048907,0.674232544600588,0.8179807770135299,0.7668966677794008,0.7645823334158738,0.7668966687096398,0.766416208649833,0.7641092921174942,0.7643761571898688,0.7639427476462937
brightness/s5,39936.0,0.8456513285636902,0.804658055305481,0.8322615077171129,0.7914923850068191,0.7487469068658206,0.7271968033602253,0.668706304761266,0.8153259804347247,0.7661621544868938,0.7640681017998476,0.7661621553285913,0.7657274261489565,0.7643651001253472,0.7646065645959491,0.7642144075966761
brightness/s5,40064.0,0.8185959458351135,0.7529376745223999,0.8315948949423811,0.7896116674222132,0.7473789680802576,0.7219311944740647,0.6763181614683879,0.8349335411350616,0.7630250666118771,0.7618925239961738,0.7630250673734607,0.762631716342988,0.7621612535934877,0.7623797351281609,0.7627870993185867
brightness/s5,40192.0,0.8404844999313354,0.8083140850067139,0.8320285342101349,0.7905239804751157,0.743854646311762,0.7164789391999122,0.6777529817543119,0.8295976052453141,0.7588480822823704,0.7570611415813089,0.7588480829714654,0.758492171658349,0.7573042931086822,0.7567397841344037,0.755583984570833
brightness/s5,40320.0,0.8182847499847412,0.7507400512695312,0.8313581057113352,0.7885833010016726,0.7408144955622785,0.7139065832974816,0.6820486220153467,0.8443998708591299,0.7574296152001698,0.7565377729596495,0.7574296158236756,0.7571075806617186,0.7567577809746018,0.7554848076552219,0.7544390187580231
brightness/s5,40448.0,0.8005297780036926,0.7861886024475098,0.8298542848475478,0.7884664864380548,0.7389374466092954,0.7115047074333547,0.6997431216395897,0.8464537870721857,0.7561089796070543,0.7553020241948999,0.7561089801712139,0.7558175967795798,0.7555010915302612,0.7543492816440168,0.7534030324395913
brightness/s5,40576.0,0.8377041816711426,0.7923438549041748,0.8302372066438206,0.7886556263632314,0.737090336878488,0.7100936406937136,0.6965813479280983,0.8434089865451334,0.7556762391328551,0.7556711057706381,0.7556762396433172,0.7554125905423801,0.7558512255904386,0.7548090466273346,0.7539156825345735
brightness/s5,40704.0,0.8465619087219238,0.7973220348358154,0.8310335335744599,0.7890783779960404,0.7331324523451399,0.7042808908358944,0.691648143097032,0.8430821187516389,0.7529981021541181,0.7514690671488045,0.7529981026159936,0.7527595480160382,0.7516320429048526,0.7499268649138464,0.7475941422576362
brightness/s5,40832.0,0.8556689620018005,0.7864958047866821,0.8322352617904276,0.7889523988150962,0.7348122903134787,0.7042452319817938,0.6804810066103374,0.8422395077829469,0.7549993238408171,0.7528908097164375,0.7549993242587306,0.7547834756290267,0.7530382732054021,0.7500081865163357,0.747897495760776
brightness/s5,40960.0,0.8142797946929932,0.8046882748603821,0.8313593853466502,0.7897200025246223,0.7311827742812618,0.7020007423226104,0.6942676753662501,0.8391258361924708,0.750972767139728,0.7483027493032132,0.7509727675178639,0.7500152685495238,0.7491983721269581,0.746419513201277,0.7452719161523736
brightness/s5,41088.0,0.8492475748062134,0.8086007237434387,0.8322319799544338,0.790641013315784,0.7338103805364657,0.7043571559028496,0.6867131879447532,0.8296131376060385,0.7531667631288079,0.7500258665616818,0.7531667634709523,0.7523004006328529,0.7508362427157068,0.7475596844611195,0.7472463322235338
brightness/s5,41216.0,0.8613736629486084,0.8127388954162598,0.8336535254663447,0.7917189587840998,0.7368385418179443,0.7064521023963322,0.668327694541451,0.8182669177361888,0.7566019611653282,0.7537600196551563,0.7566019614749068,0.7558180602989703,0.7544932630402081,0.7515285723172889,0.7504828502748332
brightness/s5,41344.0,0.8484663963317871,0.7942091226577759,0.8343761045329516,0.7918404301925718,0.7350053076175449,0.7082361081170856,0.6643114561926851,0.8205304844363187,0.7566614116195503,0.7548521653155815,0.7566614118996629,0.7559521235661713,0.7555156175396529,0.7520709152258158,0.748113126274849
brightness/s5,41472.0,0.8028916716575623,0.7879192233085632,0.8328402785390301,0.7916491518079859,0.7288849333053454,0.703250815256447,0.6815919998200227,0.8216921250133187,0.7506920030180463,0.748292768259964,0.7506920032714974,0.7500502260226927,0.7488930721462297,0.7465384366796346,0.7429573557787301
brightness/s5,41600.0,0.8293393850326538,0.7683007717132568,0.8326695032460361,0.7905102064375112,0.7236445470300001,0.6996509458685638,0.6856184387115063,0.8390186468337623,0.7456253935695707,0.7427295065576472,0.745625393798898,0.7450447018325494,0.7432726726558091,0.7411421547827032,0.7371397311953887
brightness/s5,41728.0,0.8298152685165405,0.8037006855010986,0.8325302722836215,0.791153644440613,0.7231043164976979,0.6984200408483553,0.6829025591223,0.8294504270789642,0.745967414407684,0.7426221472184302,0.7459674146151837,0.7454419937461674,0.7431136139854168,0.7411858818706076,0.7375644147222998
brightness/s5,41856.0,0.8023874759674072,0.7859371900558472,0.8310598919755136,0.7908991832511122,0.7257386468726938,0.696581280267905,0.7025884268820567,0.8324248891121557,0.7463884219595998,0.7433615621173304,0.7463884221473492,0.7459130115930521,0.7438062503699101,0.7427870174450888,0.7387852318813909
brightness/s5,41984.0,0.8286352753639221,0.8053157925605774,0.8309416179944603,0.7916024324857203,0.7303344627563161,0.7009779162923756,0.7003260422251331,0.819718375160347,0.7505431527665385,0.7470793789294822,0.7505431529364177,0.7493879777709889,0.7474817411139995,0.74728453511837,0.7429386303935724
brightness/s5,42112.0,0.810309886932373,0.7621064186096191,0.8299351920889926,0.7901636025405446,0.7226695228152032,0.6946199647118996,0.7098817882103775,0.8415792860591639,0.7446541554776354,0.7415200686209056,0.7446541556313451,0.7436089317011743,0.741884133393452,0.7417056977483882,0.7377734424917453
brightness/s5,42240.0,0.8293741941452026,0.796170711517334,0.829907826335637,0.7904566322467295,0.7192104962533753,0.691544150105175,0.7093887024486135,0.8374988077418963,0.7405898099235475,0.737754029965733,0.7405898100626269,0.7396440720508543,0.7373212474071626,0.7378848103957754,0.7343268328554101
brightness/s5,42368.0,0.8391252160072327,0.826227068901062,0.8303574551001051,0.7922015315957213,0.7235167547896393,0.7022575266567347,0.6986611226524758,0.8171799755246846,0.747322784588766,0.7447569182497797,0.7473227847146076,0.7464670634082982,0.7443653285581762,0.7441502359381167,0.7402058969500767
brightness/s5,42496.0,0.8437439203262329,0.8095362186431885,0.8310104534038186,0.7930471260858416,0.7224867543337544,0.7016522593961292,0.6961548969545307,0.8130374889634684,0.7470013119330833,0.7446796684461124,0.7470013120469471,0.7462270395264851,0.7443253508250958,0.7426435210362137,0.7397996247835017
brightness/s5,42624.0,0.8157263398170471,0.7831742763519287,0.8302648868873908,0.792565523659797,0.7190823041889591,0.6986692959794839,0.6959908313543011,0.8128190653865136,0.7449257855147051,0.7428251193971069,0.7449257856177314,0.7442252094704245,0.7425045262373413,0.7409827754289595,0.736885175071806
brightness/s5,42752.0,0.8411492109298706,0.802714467048645,0.8307958295236092,0.7930605940690091,0.7161134352596115,0.699818411174774,0.6925114875539253,0.8118582265767277,0.7402592919499502,0.7390835851296844,0.7402592920431702,0.7396253977421271,0.7387935064883975,0.7374165981126992,0.7322218032624728
brightness/s5,42880.0,0.834446370601654,0.7757402658462524,0.8309739046981479,0.7922157000093624,0.7186137924032534,0.7017690680528441,0.6908223934911433,0.8160588322326797,0.7427108168089673,0.7408848203344734,0.7427108168933146,0.7421372575644113,0.740622351795867,0.7401015144136915,0.7346761527437365
brightness/s5,43008.0,0.8399209976196289,0.8012086153030396,0.8314103482552933,0.7926543788041759,0.7201139668324499,0.7019724881073026,0.6779996634180262,0.8096015501154146,0.7433674315088872,0.7417152360075752,0.7433674315852061,0.7428484644589348,0.7407155544803768,0.7410064862719956,0.7368597134581935
brightness/s5,43136.0,0.8418137431144714,0.7891847491264343,0.8319178309313506,0.7924851285759933,0.7237951181155003,0.702230906847833,0.6699255538391048,0.8099220752154535,0.7470475094140496,0.7463147673810362,0.7470475094831044,0.7473401335169778,0.7446852221086574,0.7442234477214189,0.738946980469906
brightness/s5,43264.0,0.8532199263572693,0.8054026961326599,0.832956957537493,0.7931152538226599,0.7275906452431148,0.7036916771657071,0.6610152287454736,0.8020031157938047,0.7531658309451335,0.7525028323536918,0.7531658310076155,0.7534306026646777,0.752515599540314,0.7505733872601298,0.7435497366417174
brightness/s5,43392.0,0.8296670913696289,0.7982987761497498,0.8327964762610118,0.7933681085703228,0.7274741947738117,0.7023736115223321,0.6668269655748225,0.8022488854582349,0.7551882682138894,0.7545883747828467,0.7551882682704242,0.7554278385799968,0.753837731648315,0.752080381929005,0.7449630573658845
brightness/s5,43520.0,0.8350259065628052,0.8186776638031006,0.8329052289586603,0.7946027210207022,0.7280938430999212,0.7032445051311524,0.6629737056368089,0.7881325635513272,0.7547688018758629,0.7549882022871561,0.7547688019270167,0.7549855695896341,0.7535468113248585,0.7511945335597956,0.7432302559509281
brightness/s5,43648.0,0.8423997163772583,0.8057852983474731,0.8333683746863968,0.7951482125976178,0.7271301221623915,0.7009465450948738,0.6586642826610952,0.7818830681429929,0.7527161497044541,0.7529146672687475,0.752716149750739,0.7529122851551656,0.7516104699732955,0.749519265642147,0.742313039441619
brightness/s5,43776.0,0.8275015354156494,0.8118863105773926,0.8330821874048969,0.795964705181997,0.727708159315287,0.70626617792344,0.6530513605395952,0.7735833260435456,0.7546698475315138,0.7548494699082479,0.7546698475733931,0.7548473145276662,0.7551566179829758,0.753264457490604,0.7459819351521132
brightness/s5,43904.0,0.8426840305328369,0.8057333827018738,0.8335505699965037,0.7964412260366251,0.7335665439134749,0.7023049414762358,0.649961837437669,0.777371584277084,0.7594120095749151,0.7595745352352439,0.7594120096128082,0.7595725850068888,0.7598524485140429,0.758177566831177,0.7515882054529234
brightness/s5,44032.0,0.8471900224685669,0.7969130277633667,0.8342159091414822,0.7964642407550028,0.7337178544273618,0.7016208007051485,0.653231341968627,0.7865039007048716,0.7600777314476178,0.7594625925596703,0.7600777314819043,0.7602230230788088,0.759714053652504,0.7589607847413563,0.7522735933931566
brightness/s5,44160.0,0.8449113368988037,0.808681070804596,0.8347376373247662,0.7970601836842511,0.7290956910077437,0.7023774466820528,0.6528648021401289,0.7798552563762964,0.7589326172110806,0.7583760281280538,0.7589326172421036,0.7590640797756503,0.7586035547920633,0.7579591633501505,0.7496590633854795
brightness/s5,44288.0,0.8385070562362671,0.8055771589279175,0.8349215114180102,0.7974756458912593,0.7306206401087317,0.7062967557426545,0.6464714388895451,0.7709963710738151,0.7604805239607695,0.7592518969558416,0.7604805239888396,0.7605994737291873,0.758732752432319,0.7574246802234257,0.7492267611001274
brightness/s5,44416.0,0.8371285200119019,0.8083274364471436,0.8350291703738097,0.7980050015281317,0.7317401806099827,0.7097686588248527,0.6456015788129771,0.7709492824670984,0.7625317530900241,0.7614200685721804,0.7625317531154223,0.7626393810482415,0.7616753518438769,0.7604917838309521,0.7523119593297404
brightness/s5,44544.0,0.8193614482879639,0.8168274164199829,0.8342648912476709,0.798923168108222,0.730355035519205,0.7098613206856639,0.6482505607725864,0.7641617426650353,0.7627889925341621,0.7617831197491293,0.7627889925571429,0.7628863763083732,0.7627391196636149,0.7623932202301477,0.7549919632007942
brightness/s5,44672.0,0.8621060848236084,0.8210763931274414,0.8356229982513751,0.8000038132311107,0.7324107727690129,0.7092945084847677,0.6294503825249972,0.7575877457545015,0.7624454536849855,0.7622975164416571,0.7624454537057789,0.7625335683313716,0.7624003277860548,0.7620873515586286,0.7553905568283211
brightness/s5,44800.0,0.844764769077301,0.8019658327102661,0.8360689382916642,0.8000995214983865,0.7324861899950438,0.709432300657544,0.6200306678287671,0.7520602131107438,0.7618743516090796,0.7617404952455445,0.7618743516278939,0.7619540793765712,0.7618335208581732,0.7615503341586402,0.7547287548696469
brightness/s5,44928.0,0.8321530818939209,0.8023990392684937,0.8358779209064084,0.8002116930969283,0.7312159399062828,0.7110813678168497,0.622365619313559,0.7485569514097569,0.7578812544898333,0.7577601387676818,0.757881254506857,0.7579533936536376,0.757844310068579,0.7575880774867886,0.7521408008070986
brightness/s5,45056.0,0.8329594731330872,0.7761150002479553,0.8357355576003928,0.799036244665271,0.7284678433060416,0.7058996195415992,0.6242623336341454,0.7598350460815351,0.7577817597138824,0.7569471570884259,0.7577817597292857,0.7578470325682227,0.757023316843729,0.7560292777259995,0.7488510755666846
brightness/s5,45184.0,0.8529454469680786,0.8159404993057251,0.8365750643988163,0.7998608424526102,0.732803890344134,0.7092606016197336,0.6184007926585456,0.7562461080635492,0.7592533054876948,0.7584981415416393,0.759253305501632,0.759312365577791,0.7585670523017917,0.7576676272583255,0.7519720320862149
brightness/s5,45312.0,0.856025755405426,0.8345547914505005,0.8375238785942607,0.8015532302086049,0.7365413249336273,0.7146254462008416,0.6124822022813663,0.7449375986201655,0.7657342520206921,0.7650509656661708,0.7657342520333028,0.765787690686389,0.7658383322730666,0.7650245158000671,0.7591088404539754
brightness/s5,45440.0,0.8389438986778259,0.8136460781097412,0.8375931478666298,0.8021431252281725,0.7318735010256081,0.710556397187079,0.6207440606483207,0.7439722175483168,0.7590128181579254,0.7591195828543995,0.7590128181693359,0.7590611704544898,0.759106991902043,0.7576084405305783,0.7515308128081479
brightness/s5,45568.0,0.8260939121246338,0.8096664547920227,0.8370322095377518,0.8025101169142139,0.7321859577988994,0.7090868709824789,0.6259108181240677,0.7406036641801489,0.7589171602725786,0.7590137629515417,0.7589171602829029,0.758960910327947,0.7582773555520567,0.7584086484515226,0.7536716932071343
brightness/s5,45696.0,0.8334906101226807,0.7838488817214966,0.8368594485906751,0.8015998127584716,0.7325058547365413,0.7085565917693933,0.6295829840973962,0.7558070243590616,0.7603921777362237,0.7604795856331319,0.7603921777455652,0.7604317635983386,0.7598132705500763,0.7592070519302592,0.7556831620273952
brightness/s5,45824.0,0.842002272605896,0.8311769366264343,0.8371103180548322,0.8030425992886161,0.7356210024118258,0.7117762201554118,0.623922826532752,0.7418447167984589,0.7616152601646615,0.7616943484521079,0.761615260173114,0.7616510781874318,0.7610914541978976,0.7605429363390387,0.758079470222289
brightness/s5,45952.0,0.8671318292617798,0.8432337045669556,0.8385747820161467,0.8050031410095106,0.7383652853470476,0.7160650689211071,0.6134197113662603,0.7303656980856544,0.7663841824571386,0.7664557430075288,0.7663841824647866,0.7664165912689374,0.7659102330963724,0.7654139239569766,0.7639471292136236
brightness/s5,46080.0,0.8441562652587891,0.8102580308914185,0.8388470494913974,0.805259477101311,0.7349738840052703,0.7125468291665698,0.6172462401574224,0.73380522513276,0.761125277523681,0.7611900268378651,0.7611252775306009,0.7611546016181163,0.7614586344673304,0.7602473696243672,0.7589201865163125
brightness/s5,46208.0,0.8607668876647949,0.8292890787124634,0.8399163098900997,0.8064316527896599,0.7399176249684807,0.7145129251411971,0.6086037704621912,0.7191901575737171,0.7628548763316588,0.7629134627129045,0.7628548763379202,0.7628814093165703,0.7631565038815047,0.7612983338481037,0.7608224888110121
brightness/s5,46336.0,0.8424612283706665,0.8164571523666382,0.8400404522550055,0.8069207015495125,0.7414907540613083,0.7207906955025347,0.6024683525068902,0.7098164750246433,0.7659814199288835,0.76603442997402,0.7659814199345488,0.7660054274660937,0.7662543381343061,0.7645730313997416,0.7626552679842649
brightness/s5,46464.0,0.8559706211090088,0.8053621053695679,0.8408175336625179,0.806844672467564,0.7437878863338785,0.7219349481614248,0.5928800049353247,0.7088108037047609,0.767360344861292,0.7674083093340182,0.767360344866418,0.7673820673265488,0.7668822714469241,0.7646359790356971,0.7629007511029546
brightness/s5,46592.0,0.8231234550476074,0.8058272004127502,0.8399544078764247,0.8067950396844022,0.743579788883896,0.7222452743328536,0.5998854999994682,0.7130531366359051,0.7671208117394557,0.7664391960125172,0.7671208117440937,0.7671404666291972,0.765963227168811,0.7631685449811393,0.7615984785411029
brightness/s5,46720.0,0.8444733619689941,0.7799152135848999,0.8401748446614281,0.8054838286551581,0.7435030391983377,0.722024129839542,0.5950990871303269,0.7294636753318964,0.7685771889682997,0.7679604504075185,0.7685771889724964,0.7685949730773401,0.7675297849635702,0.7635138946557483,0.7628182842718723
brightness/s5,46848.0,0.8542997241020203,0.8165779113769531,0.8408638631707253,0.806025003422075,0.7455714590247898,0.7208387575764088,0.5950760110133899,0.7295663151247733,0.7711962548606686,0.7706382183639712,0.7711962548644657,0.7712123462526081,0.769486349155021,0.7665777119401505,0.7637732661377261
brightness/s5,46976.0,0.8276516795158386,0.7902661561965942,0.8402193664070723,0.8052562791671735,0.7497295890402766,0.7221271566173217,0.6014893620877242,0.7394016203008472,0.7728781996686952,0.7723732778891136,0.7728781996721309,0.7728927594587846,0.7720932403716756,0.7679742414401954,0.7661989219485313
brightness/s5,47104.0,0.8321334719657898,0.7986966371536255,0.8398249325318877,0.8049362966299272,0.7459815317848071,0.7189056545002653,0.6013402168737412,0.7378275839929006,0.7691762294444291,0.769444381718823,0.7691762294475377,0.7691894034127371,0.7684659837033424,0.7632890072757508,0.7609204701271363
brightness/s5,47232.0,0.8476312160491943,0.7909612655639648,0.8402057268498051,0.8042545877974411,0.7402292741491324,0.7151542239707933,0.601399254573162,0.7447079962880643,0.7635400327096826,0.7645076767366625,0.7635400327124955,0.7635519527607215,0.7636224040528161,0.7581759845725263,0.7552706930775575
brightness/s5,47360.0,0.8541966676712036,0.8339699506759644,0.8408882117679221,0.8057041176939543,0.7426092956459431,0.7199952853418063,0.5933918514838842,0.7319277986645404,0.7651885126421338,0.7660640549175869,0.765188512644679,0.7651992981255545,0.7652630437622445,0.7603350223288592,0.7569812457887952
brightness/s5,47488.0,0.8311172127723694,0.7933970093727112,0.8404115776705781,0.8051037709465766,0.7425505584042114,0.7198767572902363,0.606832983309504,0.7436910282695331,0.7651928778873798,0.7644978747945566,0.7651928778896828,0.7644776219208617,0.7630109099121796,0.7571019149090985,0.7548295507702305
brightness/s5,47616.0,0.8495158553123474,0.8176975250244141,0.8408556887750546,0.8057181004137881,0.7410845623633583,0.7182823009151988,0.6153704727971425,0.7447325319991176,0.7637839781479504,0.7624301115779419,0.7637839781500343,0.7631368012740216,0.7610846781537328,0.7557381098017483,0.7536820325529568
brightness/s5,47744.0,0.8366780281066895,0.779526948928833,0.8406519004497685,0.8044404832681805,0.738196531442396,0.7168767874431989,0.6135850007088184,0.7481511662840084,0.7617098041421966,0.760484800541374,0.7617098041440822,0.7611242264948168,0.7600296225293443,0.7544297531281732,0.7525693762718901
brightness/s5,47872.0,0.8372697234153748,0.7973555326461792,0.8404869162041883,0.8040948759207658,0.737033417206356,0.7126306327787659,0.6201780082353409,0.7484360855354524,0.7620824581203336,0.7609740521257762,0.7620824581220398,0.7615526165964404,0.7605621986122145,0.7546959574705243,0.7530126539616566
brightness/s5,48000.0,0.8650823831558228,0.8156546354293823,0.8416866950798777,0.8046587666285031,0.7397548052176486,0.7139380978325419,0.6124416358685094,0.7440625154386247,0.7631818374783029,0.761416736040039,0.7631818374798467,0.762702427033424,0.7610440833368103,0.7564983945940912,0.7542502954644138
brightness/s5,48128.0,0.8696702122688293,0.8083888292312622,0.8430517446988509,0.8048407209018084,0.737718357368259,0.7106594864980942,0.5979194139171449,0.7415894272370352,0.7604399612162396,0.7602928944181435,0.7604399612176365,0.7607311966197725,0.7599557113356861,0.7566048829135115,0.7523213559794011
brightness/s5,48256.0,0.8435843586921692,0.8155293464660645,0.8430777258692567,0.8053621172707964,0.7336263364408815,0.7144039732085671,0.6020433949948182,0.7399817929316654,0.7608963004223084,0.7607632316537752,0.7608963004235723,0.7611598156208649,0.7596959470205702,0.7566640552715354,0.7527882405976614
brightness/s5,48384.0,0.8200274109840393,0.810461163520813,0.8419533202650997,0.8056108512342118,0.7380476845488284,0.7139810786735459,0.6178706605850446,0.7433405253668917,0.7635214294719399,0.7634010263803641,0.7635214294730834,0.7637598629145362,0.7617103125629311,0.7589670006353392,0.756185106453922
brightness/s5,48512.0,0.8402142524719238,0.7972279787063599,0.8418684876898228,0.8052019306230971,0.7392968638898083,0.71519718659278,0.6055463893662325,0.7379031233500697,0.7631081762205952,0.7629992332686102,0.7631081762216299,0.7633239152248719,0.7614694440263047,0.7589872444773057,0.7571951498610442
brightness/s5,48640.0,0.8581876754760742,0.8202201128005981,0.8426645456306155,0.8059345248756581,0.748476668635573,0.7206476328421287,0.5953727782462922,0.732638828571322,0.7699844057296403,0.7691608172525616,0.7699844057305764,0.7701796103849078,0.7677766355526527,0.76480568045805,0.7639463551092492
brightness/s5,48768.0,0.8585551381111145,0.8143746256828308,0.8434396964833228,0.8063462371101543,0.7443459327749592,0.7160797439338952,0.5948012942952084,0.7332472888011988,0.7630071571176579,0.7622619589774814,0.7630071571185049,0.7631837819128166,0.7610095256844644,0.7598457406167126,0.7583431922196122
brightness/s5,48896.0,0.8107380867004395,0.8052301406860352,0.841844496006109,0.8062917933821485,0.7425231491675865,0.7185089473667188,0.6104717035092992,0.7386804092755286,0.7609325615561913,0.7602582924477983,0.7609325615569577,0.7610923749490742,0.7591250675586378,0.7580720532290421,0.7581625492956753
brightness/s5,49024.0,0.863216757774353,0.8213558197021484,0.8428870453606574,0.8070266239343437,0.7439970017155855,0.7192197257256272,0.6047335421932708,0.7403182837484062,0.7599291648583979,0.7585940587823325,0.7599291648590913,0.7600737669824759,0.7575686958695349,0.7566159089597697,0.7566977914805009
brightness/s5,49152.0,0.860736608505249,0.8337370753288269,0.8437577557579545,0.808329572782855,0.7469665018497356,0.7243244811592379,0.599133823975599,0.7298087001362268,0.7664573228730654,0.7660114892373157,0.766457322873693,0.7665881615588018,0.7650837218426904,0.7634966076905471,0.7613956518987756
brightness/s5,49280.0,0.8372486233711243,0.8075569868087769,0.8434402371049384,0.8082918856621681,0.74798024944286,0.727456148627722,0.6030433745184779,0.7245302197308862,0.76859032604993,0.7689491226234128,0.7685903260504977,0.7694709064431512,0.7681096614650398,0.7666736111227376,0.7625975827115036
brightness/s5,49408.0,0.8267930746078491,0.8266457915306091,0.8426281803977633,0.8091871981435554,0.745198072220458,0.7251030946238936,0.6168753049645614,0.7219474532050654,0.7661330374312573,0.7650076534861455,0.7661330374317709,0.7669298029149512,0.764248093449331,0.7636365630682235,0.7599484969090998
brightness/s5,49536.0,0.8320668339729309,0.7759106159210205,0.8421129927672837,0.8075639502302611,0.7402825805159527,0.7214496174437489,0.6182860561402216,0.7340471568748472,0.7636865555817622,0.7626682873006705,0.763686555582227,0.764407483779679,0.7619810232816373,0.7599776694983746,0.7558784436637362
brightness/s5,49664.0,0.8614864349365234,0.8345839977264404,0.8430580387267587,0.8088820013276357,0.7413562194912339,0.7256171137013337,0.6109433939124218,0.7212718154127215,0.7668826597500656,0.7652362968377869,0.7668826597504862,0.7675349689642426,0.7646144475974839,0.7628017759113788,0.7583677054209059
brightness/s5,49792.0,0.7876520156860352,0.7527933120727539,0.8403553058955038,0.8061459677054463,0.7295934323891532,0.7131401724805048,0.6420899929607062,0.7473033737071404,0.7571146790480963,0.754900004455844,0.7571146790484766,0.757704900532191,0.7543373437214591,0.7512099947419435,0.7464729505920272
brightness/s5,49920.0,0.8185471296310425,0.7841130495071411,0.8392914924191885,0.805071191207968,0.7307363835002391,0.7144734993116286,0.6517923975891657,0.7584040952041773,0.757850343148218,0.7558464644719445,0.7578503431485619,0.7583843865017621,0.7553373585962755,0.7525076751948221,0.7489465245987348
brightness/s5,50000.0,0.8676449060440063,0.8050684332847595,0.8406745857667406,0.8050710566751286,0.7271973761474501,0.7094336362004683,0.6581761926692241,0.7785853861811682,0.7508568542108504,0.7490437075918069,0.7508568542111616,0.7513400665491851,0.7478580442742028,0.7476214598282714,0.7443992646726207
