corruption,n_samples,r_l,r_s,r_l_ema,r_s_ema,large_acc_ema,small_acc_ema,large_ent_ema,small_ent_ema,fixed_ts_duo_acc_ema,"PW NN - β=0.5, pbs=256_duo_acc_ema","PW NN - β=0.01, pbs=256_duo_acc_ema","PW NN - β=0.1, pbs=256_duo_acc_ema","PW NN - β=1, pbs=256_duo_acc_ema","PW NN - β=2, pbs=256_duo_acc_ema","PW NN - β=4, pbs=256_duo_acc_ema"
defocus_blur/s5,128.0,0.41910821199417114,0.066339872777462,0.41910821199417114,0.066339872777462,0.3868140243902439,0.140625,3.3259055788924052,6.256727288408976,0.390625,0.390625,0.390625,0.390625,0.390625,0.390625,0.390625
defocus_blur/s5,256.0,0.3732597827911377,0.05630335956811905,0.41687170325255973,0.06585028676725015,0.36929305835666926,0.13844995538370017,3.367745690554637,6.271720624859417,0.3728528405710886,0.3720906454491374,0.3728528405710886,0.3728528405710886,0.37056625520523495,0.37056625520523495,0.37056625520523495
defocus_blur/s5,384.0,0.43297871947288513,0.06495655328035355,0.41765741136086826,0.06580669001179178,0.36838622353390477,0.13953071513302082,3.37429869153009,6.277417995413999,0.3701943310580759,0.36939314201554907,0.36943213593612473,0.37011997055837337,0.368776040551554,0.36953823567350524,0.36953823567350524
defocus_blur/s5,512.0,0.4187319278717041,0.06635001301765442,0.41770982680042124,0.06583319357305337,0.3674913420553653,0.1418099153583133,3.382063168007132,6.280831789604466,0.37065174154630187,0.3684396008361987,0.3699620932533288,0.37054727853616054,0.36860625085003784,0.3685337040210597,0.3685337040210597
defocus_blur/s5,640.0,0.3905739486217499,0.060977753251791,0.4163861254258519,0.06559634282567472,0.3616437128293936,0.13944772829267968,3.4038353441851963,6.28649038754575,0.3689649309291642,0.3639517447185355,0.3690659392256473,0.36807103548691267,0.36337751787204486,0.36331187615468874,0.3625868612825888
defocus_blur/s5,768.0,0.4313145875930786,0.08284491300582886,0.41711434309254586,0.06643773649299932,0.35551611374985587,0.14097263220295406,3.406656813773936,6.278598884542576,0.36797778699777434,0.35981668870725303,0.3680691811791847,0.36716897381058544,0.3592971175986795,0.3570254988883293,0.3563694919755012
defocus_blur/s5,896.0,0.3911963105201721,0.06103040650486946,0.41585004882072274,0.0661739642984564,0.3515333188658719,0.13575289921516545,3.4265291915306286,6.286456463874653,0.3687948923400445,0.35839897889573574,0.3696026023637953,0.36955027315044636,0.35644165131920974,0.35289903855392546,0.3523054713234606
defocus_blur/s5,1024.0,0.4182864725589752,0.06421218812465668,0.4159688987591741,0.06607826789973446,0.3464052218887514,0.1325915584213365,3.428011604919489,6.2919071734370435,0.3651097746872145,0.35414178875693875,0.36584060570810983,0.3657932572646216,0.35084637219305054,0.34764095041077964,0.3471038797638212
defocus_blur/s5,1152.0,0.41430431604385376,0.06170658394694328,0.4158876996023292,0.06586501502398856,0.3485134399124276,0.12900610372329135,3.4350697967792123,6.298087807327451,0.36391327620419583,0.35547644895853886,0.3645745456764039,0.3652567187980305,0.35176968001524683,0.3496315500147506,0.34914559852514687
defocus_blur/s5,1280.0,0.4256212115287781,0.06389974057674408,0.41636250506215594,0.06576914797778151,0.3406611791236183,0.12782542163184185,3.436864881006678,6.300566141761712,0.35825749143758584,0.34917366381078974,0.3588558203294529,0.35798585323724236,0.3450946955997563,0.34167286589674933,0.3412331679695112
defocus_blur/s5,1408.0,0.4086189270019531,0.06122627854347229,0.41598476954702407,0.06554754459074202,0.33656790805890746,0.1261064641891918,3.442377726890434,6.305989013147572,0.3561516326451921,0.34644520681511665,0.3566930117317655,0.3536564442438106,0.3405794360542708,0.337483301028528,0.33708545418300206
defocus_blur/s5,1536.0,0.42844051122665405,0.06830092519521713,0.41659236670212796,0.0656818558397408,0.3312654896832827,0.12596396908492605,3.443544034397473,6.3024633423590215,0.3526846420305397,0.3409648480462774,0.3531744918762732,0.3482147243871719,0.3356573897909256,0.33209375423223736,0.33173377502221657
defocus_blur/s5,1664.0,0.4570746421813965,0.07192201912403107,0.41856711184745815,0.06598625404873057,0.33180312897577213,0.1288838173576279,3.421443832175186,6.2990338119285605,0.356370220421446,0.34359088868434734,0.35532623565961424,0.3494256964859538,0.3357770017085055,0.3325525581125717,0.33222684224199367
defocus_blur/s5,1792.0,0.4744313061237335,0.07475098222494125,0.4212921944950813,0.06641380176464329,0.33572876809764984,0.13068919464661036,3.387817957679831,6.294301609315659,0.3579947086621174,0.347156746989228,0.3570500918728574,0.35247336963422704,0.3393244019028178,0.3364068654903162,0.3361121517252066
defocus_blur/s5,1920.0,0.46879667043685913,0.08266374468803406,0.42360948600443626,0.06720648190724772,0.3393922999860353,0.12949703453747433,3.3596785522921393,6.285391413335641,0.36110050676685335,0.3512569376386769,0.35952078509138374,0.3561046967362637,0.3426456961892837,0.3400058550926656,0.3397391926079948
defocus_blur/s5,2048.0,0.4519161283969879,0.07058683037757874,0.4249902978284632,0.06737137695458094,0.34411998112954173,0.13440436616983845,3.339327716443334,6.28457189514776,0.36307413491515994,0.35637971573374627,0.3616447734229593,0.35924166789759493,0.347063714398513,0.34467513717783715,0.3444338560123498
defocus_blur/s5,2176.0,0.5149575471878052,0.06963001191616058,0.42937894413867495,0.06748155426977995,0.3469476450315484,0.1408337542797884,3.2966290747317837,6.284606563549814,0.3663099400392375,0.35804048044677456,0.3635294172375497,0.36135504275564656,0.3496111895301239,0.34744996052795374,0.3472316448511505
defocus_blur/s5,2304.0,0.47298142313957214,0.07408717274665833,0.4315058943338407,0.06780377956133499,0.3436316883361006,0.1415017193691601,3.2832198504396968,6.278937496264054,0.3611510522306247,0.3544308868289971,0.3586351835920958,0.3574671445754541,0.34680390795676286,0.34408619272041496,0.3438886566440213
defocus_blur/s5,2432.0,0.4543170928955078,0.05832304805517197,0.43261863572709275,0.06734130485371728,0.3407057096723432,0.13916886684145896,3.2727836820146115,6.2872074710235495,0.35884414065602627,0.3497520100338516,0.3565677360164055,0.3555108726348992,0.34357599286272233,0.34111695367504524,0.3409382193667795
defocus_blur/s5,2560.0,0.4843676686286926,0.06943624466657639,0.43514297879546343,0.0674434970397104,0.33657101987604643,0.139270283441915,3.246886100515689,6.28625966751616,0.3558087078749649,0.3454441149681667,0.35374897470609923,0.3506176604864258,0.3398931202523502,0.3369431210825365,0.3367813989630408
defocus_blur/s5,2688.0,0.5043145418167114,0.07208606600761414,0.4385172013818658,0.06766996381863254,0.3359530167944477,0.13726136294774105,3.21371313575954,6.28369417993191,0.3548840241985851,0.3447065727939212,0.3530203393979637,0.3486626779297166,0.33968392974647504,0.33628970087242,0.3361433716970762
defocus_blur/s5,2816.0,0.4789084196090698,0.07792181521654129,0.44048750471002207,0.06817005413072565,0.3323078753981885,0.1353321136487294,3.189147121393803,6.276061818091187,0.3524114222522593,0.3417526455797466,0.3507251256539576,0.3460572178055318,0.3356836746843477,0.3326125134009225,0.3324801120471462
defocus_blur/s5,2944.0,0.5024382472038269,0.06942278146743774,0.44350949214874424,0.06823116278129696,0.3275968343132925,0.13518524381898717,3.1662044880945626,6.276893123957163,0.3479619412526391,0.33686765254419665,0.34643614879218887,0.3414875242606864,0.3306513201635293,0.32787247643236356,0.32775267723004725
defocus_blur/s5,3072.0,0.49415817856788635,0.07520119845867157,0.4459801597789463,0.0685711645216567,0.32322265615140855,0.1357401878933251,3.1422582354853867,6.272114705892511,0.3461481931262724,0.33313545480054907,0.3447676277887681,0.33956500559220937,0.3252613967690232,0.3234720622567667,0.32336366571499214
defocus_blur/s5,3200.0,0.510313093662262,0.06601567566394806,0.44911835167569336,0.06844650652859774,0.327463063656331,0.136930146214008,3.1113783439807934,6.275221738251205,0.34889434964013105,0.33788237760359013,0.3469201736268389,0.34221274450074385,0.33075778375115067,0.3276887309295313,0.3275906517266526
defocus_blur/s5,3328.0,0.4997238516807556,0.0833926796913147,0.45158691265155004,0.06917558814629124,0.3284741640816653,0.14105562307644626,3.085985892279262,6.26415545607681,0.35225285889508584,0.3386267675996791,0.35046658779680073,0.34548220367973315,0.3314552879747175,0.3286783520189275,0.3285896081357754
defocus_blur/s5,3456.0,0.5287501811981201,0.08141747117042542,0.4553509745318705,0.06977275317185877,0.3336275749959624,0.1438775149906453,3.055433658005616,6.257481889179265,0.3574295647706279,0.34506324421125034,0.3558133135270279,0.35202836513793817,0.33704996609729054,0.33381232803140315,0.3337320309188069
defocus_blur/s5,3584.0,0.5217394828796387,0.07796091586351395,0.45858943835371285,0.07017217574218342,0.33901549171258705,0.14139289131515256,3.031124933945294,6.249293226948978,0.36432576919460147,0.34863768259685407,0.3621383401990538,0.35871364864652233,0.3421121347019506,0.3391826596881405,0.3391100053703184
defocus_blur/s5,3712.0,0.5220526456832886,0.07744830846786499,0.4616852045649117,0.0705271090458752,0.3416039933937209,0.14349484693060505,3.0005315251542726,6.246529507056333,0.3675539827156388,0.35332193053528554,0.3655747563609522,0.3632010467527426,0.3458931034394211,0.3425174452026542,0.3416895111054457
defocus_blur/s5,3840.0,0.5265429019927979,0.08313983678817749,0.4648489946833452,0.07114236405769482,0.34322110288628754,0.14024727078016078,2.974916238016162,6.23759709391623,0.36971273510439423,0.3545859050233012,0.3671596992415278,0.3650119227310657,0.3478269841352525,0.34404761103702375,0.3432984808990974
defocus_blur/s5,3968.0,0.5388782620429993,0.08536927402019501,0.46846017845698684,0.07183635966562166,0.3464317653123398,0.14325764357919366,2.943249711782787,6.227555075459258,0.3778007555584673,0.3589642543369667,0.37476570645232826,0.37282235840211236,0.35136144727526414,0.3471796052274319,0.3465017783744956
defocus_blur/s5,4096.0,0.5854222178459167,0.08306541293859482,0.47416564379303217,0.07238411836186424,0.3564382599881432,0.14666931938367256,2.886549324384522,6.219431710804338,0.3848215045832413,0.3692650986594446,0.3820753358203398,0.381804168429276,0.3601737128528713,0.3571149194235121,0.3565016091062509
defocus_blur/s5,4224.0,0.5231334567070007,0.08504097163677216,0.47655431759371353,0.07300152583868902,0.356680602880408,0.14685620748516715,2.867415241386928,6.213825289211641,0.38316166476568114,0.368323744831062,0.38140189517117007,0.38039434276081424,0.3600605099638413,0.3572928568965865,0.3567379223382556
defocus_blur/s5,4352.0,0.5777113437652588,0.07605090737342834,0.48148880667525235,0.0731502761574568,0.3591864645931591,0.14778750243006497,2.8236910660679677,6.21149085694803,0.3876086508676984,0.37193362039740946,0.3860163786765911,0.3843797116830449,0.3630068623765631,0.35974044339066513,0.35923832830249064
defocus_blur/s5,4480.0,0.5042093396186829,0.10549632459878922,0.4825971253554197,0.0747281321789852,0.3568062835491939,0.15374243973594814,2.8212824762975717,6.190252485165107,0.38477261033299776,0.3698273567069957,0.38405690777340573,0.3825760211004826,0.3602630503716552,0.3573075338472348,0.3568532107960073
defocus_blur/s5,4608.0,0.5090705752372742,0.08364148437976837,0.4838885131545345,0.07516292984731608,0.3587610691721142,0.1569927131697663,2.8211219713677935,6.185429670533733,0.38776495557197477,0.3727178224576683,0.3871173746123439,0.38425305062096016,0.36410104081813655,0.35921460974517794,0.3588035298160185
defocus_blur/s5,4736.0,0.5384752154350281,0.08364218473434448,0.48655127911943663,0.07557655203692723,0.35465531600879574,0.15844641090494618,2.797254365521998,6.184344315208767,0.3860480353509658,0.3709459000345708,0.3854620920793427,0.38287039856899485,0.36093705121022346,0.3557907028092895,0.3546937351874861
defocus_blur/s5,4864.0,0.5452128648757935,0.09100227057933807,0.48941281988803936,0.07632902611216678,0.3574654881911828,0.15896236822511786,2.7666337693114027,6.177669605998592,0.38739459355670375,0.3722426912269971,0.38686442120920894,0.3845194088182279,0.3631493187928316,0.35849280724148086,0.3575002505771364
defocus_blur/s5,4992.0,0.5070646405220032,0.08297638595104218,0.4902738843092083,0.07665328756772168,0.3539106231640624,0.15874138136252486,2.7641943952748145,6.175963586146736,0.3825526036881299,0.36655629586928173,0.382072893907916,0.3784266929283311,0.3583284437143943,0.3548401605082048,0.3539420768160764
defocus_blur/s5,5120.0,0.5142990350723267,0.09177170693874359,0.49144584288301896,0.07739077143947884,0.3514563104298268,0.15697985785389668,2.762914639027689,6.168014827628737,0.37878495550841496,0.36209897443020667,0.37686369520163004,0.3728395300083233,0.35469144133824726,0.3522973730713739,0.3514847702779608
defocus_blur/s5,5248.0,0.523506224155426,0.07696761190891266,0.49300976392069734,0.07737012951115854,0.35445942781901635,0.15546035918844547,2.7408208854936498,6.169311438609419,0.3792240733660316,0.362639077994256,0.3774856813811298,0.37235733203013666,0.3573866343102166,0.355220436907531,0.35448517881783365
defocus_blur/s5,5376.0,0.5396263599395752,0.08030255138874054,0.4952837442143011,0.07751317448079668,0.3526778939397524,0.1508879871062615,2.7237798535113016,6.168556349939306,0.37363537512774186,0.3593167981137795,0.3720624457945856,0.36738503986783927,0.35456428958110614,0.3533664690876589,0.3527011939214307
defocus_blur/s5,5504.0,0.5605707168579102,0.07687586545944214,0.49846847458716004,0.07748208623585255,0.3511774697694012,0.14624888660834248,2.7010994433337685,6.168263696218946,0.3715902174713238,0.35718447348664994,0.37016700181651674,0.3651726029976106,0.3528843155579193,0.35180050534344387,0.3511985520252802
defocus_blur/s5,5632.0,0.5854564309120178,0.10464420169591904,0.5027117895298361,0.07880706747780701,0.3497083173820697,0.15162525671105825,2.6719692920021503,6.1525551996417,0.37191476548119184,0.35514356583771234,0.370627013541298,0.3653829739199082,0.3512527031312286,0.350272051533241,0.34972739299848377
defocus_blur/s5,5760.0,0.5495012998580933,0.10905345529317856,0.5049942046677998,0.08028250102977635,0.3467802502903795,0.15656425666717405,2.6540325754896417,6.134339212688019,0.3706096718006501,0.3531853739673768,0.3694444899442679,0.3654246004355624,0.3489026540527059,0.34729032741347976,0.34679751026216166
defocus_blur/s5,5888.0,0.5561901330947876,0.09205262362957001,0.5074915670300918,0.0808566533517175,0.34924316519432913,0.15500995502128004,2.6297852080549666,6.130917926283004,0.3723288583038601,0.3550758202286615,0.37127458013398656,0.36691229462373015,0.35192575063305503,0.350466887564487,0.34925878233714924
defocus_blur/s5,6016.0,0.5517696142196655,0.09486198425292969,0.5096514717710466,0.08153984022494737,0.3538326021776172,0.15516516453739854,2.6122289176063362,6.121005556689814,0.3828448503748787,0.36288389206888405,0.38044089017477306,0.3750809637850646,0.3577470652664346,0.35570204401284045,0.353846732858301
defocus_blur/s5,6144.0,0.5106056928634644,0.08662408590316772,0.5096980191414084,0.08178785220925079,0.35432295533144303,0.15156898587827672,2.633832623348225,6.121501289978237,0.38141033160035126,0.36327492554239893,0.3792351837928791,0.37434824266334515,0.3586270293100815,0.35601446100150524,0.35433574103359655
defocus_blur/s5,6272.0,0.5191308856010437,0.09614594280719757,0.5101581589687076,0.08248824687256526,0.34671711187336396,0.14606569156505583,2.635669355094066,6.113355772204387,0.3727134826675397,0.3540920058001123,0.3699831734378163,0.364836363528226,0.3520987278885389,0.34824761759862544,0.34672868061397993
defocus_blur/s5,6400.0,0.5651745796203613,0.1040072813630104,0.5128418868053737,0.08353795587209915,0.3525322588693555,0.14417216946487207,2.617589970278415,6.1031129930523305,0.377504287410665,0.35916801952526517,0.37503385294403246,0.3703769238110837,0.357401644924728,0.35391708885634104,0.35254272648058504
defocus_blur/s5,6528.0,0.5944012403488159,0.09921233355998993,0.5168203918562733,0.08430255966175236,0.35703171668071965,0.15580658522074387,2.580020635881802,6.096612869996882,0.3848878769492097,0.3637608909565308,0.38112819174769386,0.3753901255899217,0.3629248375553309,0.3582847365559159,0.35704118796964296
defocus_blur/s5,6656.0,0.614709198474884,0.09284194558858871,0.5215954555937664,0.08471911507281754,0.3586676032548332,0.15363656521163083,2.539318105435353,6.09096082306529,0.38615895945255674,0.36700569015162604,0.38275712650103644,0.3768030226188405,0.3647248232728485,0.3598013588944367,0.3586761730528417
defocus_blur/s5,6784.0,0.5810387134552002,0.09987826645374298,0.5244951267089583,0.08545858587188707,0.3661338040158246,0.15606036031343873,2.513072687295245,6.081915452076607,0.3887590882375602,0.3713916744322565,0.38568104664370995,0.37876927269676164,0.37085229399048336,0.3671596471614742,0.36614155812812144
defocus_blur/s5,6912.0,0.5711948275566101,0.09627263247966766,0.5267731608966486,0.0859861003405593,0.36560203206904773,0.15397772637521734,2.4954111294171515,6.075456556138436,0.3868731845385658,0.37184666080396317,0.3840881153748262,0.37707201890052017,0.3698714093750894,0.36653023398727086,0.3656090481337732
defocus_blur/s5,7040.0,0.5488311052322388,0.1042163074016571,0.5278491581813115,0.08687537873378358,0.36413559832065534,0.1564805900158867,2.4940014111230164,6.06426669859113,0.3834564923754661,0.3705480494246448,0.38093651010417046,0.3760382455369965,0.36799861014843005,0.3649754526440446,0.3641419465862397
defocus_blur/s5,7168.0,0.5747675895690918,0.08186156302690506,0.5301378621514471,0.08663080235783828,0.3590349464876363,0.15329832088885406,2.464505157607801,6.069190738733246,0.38170349488583216,0.36853648612426215,0.3794233681549335,0.374229132338948,0.36325528616047714,0.35979486226745494,0.35904069051616333
defocus_blur/s5,7296.0,0.574622631072998,0.11118347942829132,0.5323078508793276,0.08782849392225062,0.3620789135084443,0.1521292362117472,2.447025719675348,6.053247118646453,0.3893008719341765,0.37216329291790756,0.38723777094803913,0.38177573485279,0.366659750297493,0.3635286945323016,0.3620841108120669
defocus_blur/s5,7424.0,0.6033786535263062,0.10706577450037003,0.5357747193011314,0.08876689785289059,0.36936914184791414,0.15923249153959995,2.429328455697018,6.043207137198651,0.3969744950695315,0.38070590037366886,0.39510776300533457,0.39016561136888367,0.3750011779907715,0.370680930626788,0.3693738444646958
defocus_blur/s5,7552.0,0.5762546062469482,0.10193295031785965,0.5377493479326346,0.08940914431459639,0.3699422752829728,0.15826077907895986,2.41605143938593,6.037622324106634,0.39716951635976044,0.38248657017748383,0.39548046254081726,0.3910458922617918,0.3765626363616677,0.371129206117397,0.3699465302979192
defocus_blur/s5,7680.0,0.5905043482780457,0.11626698076725006,0.5403227625836302,0.09071928267814046,0.37053521755229124,0.1619175460910755,2.4045205997297563,6.019635760662019,0.39959538035883135,0.3834099186436364,0.3973420782418697,0.39332959674609475,0.3765254431327165,0.37160917460116644,0.3705390675687894
defocus_blur/s5,7808.0,0.5796955823898315,0.10047025233507156,0.5422433879400302,0.09119493973457611,0.36806012248485126,0.16137810089501836,2.4006240355200426,6.01750713180047,0.3950793120319943,0.3789843761195544,0.3930404824544222,0.3894470949737121,0.3734801897708875,0.36903185875572525,0.36806360605123656
defocus_blur/s5,7936.0,0.5646034479141235,0.12274658679962158,0.5433341225729128,0.09273404446945636,0.3657090697795709,0.1615778354915663,2.391301055936714,5.994116305496576,0.3901193537184196,0.37631855209865683,0.38827458287517913,0.38799763917609525,0.3706132472584889,0.3665883147932528,0.3657122217750926
defocus_blur/s5,8064.0,0.6112365126609802,0.10773538053035736,0.5466464342845259,0.09346581696023201,0.37033000900340707,0.16252075418362422,2.368097441377402,5.985419571341972,0.3960791415857919,0.38134251501609573,0.39440995868717876,0.3941593748880672,0.3754924146818331,0.3711255662109087,0.3703328609874574
defocus_blur/s5,8192.0,0.5822799205780029,0.11413417011499405,0.5483846531281101,0.09447402930924478,0.36932447572527194,0.16127324040053087,2.3419289014687563,5.973394922226087,0.3927714897989229,0.38008817093365943,0.3919861970036876,0.3925216592532719,0.37327050132722667,0.37004431065246407,0.3693270562533746
defocus_blur/s5,8320.0,0.5700048804283142,0.12152410298585892,0.5494392983622665,0.09579354509834791,0.3758878807722419,0.16525675112980814,2.337533333791016,5.961494347985648,0.39485376917558695,0.38490205710297204,0.3941432216791248,0.3953899129828831,0.3794583179766281,0.37653920077477565,0.3758902156819648
defocus_blur/s5,8448.0,0.5845317840576172,0.11091627180576324,0.5511511269327714,0.09653123908407547,0.37729058099618074,0.16813609070103402,2.3319623528078015,5.955032108084606,0.3981878839476905,0.3854839552966214,0.3975449673848595,0.3971857868215141,0.38052117884738323,0.3778799074232205,0.37729269366583484
defocus_blur/s5,8576.0,0.6396931409835815,0.12466809898614883,0.5554702495693962,0.09790376883539612,0.3867951955355092,0.16337968111616463,2.2986582623083507,5.939200470153093,0.4049784482358342,0.39348369780259435,0.4043967253970085,0.40407173215676556,0.38971830043240324,0.38732842902481757,0.3867971071182241
defocus_blur/s5,8704.0,0.5848715305328369,0.0984497219324112,0.5569044583968811,0.0979304006937871,0.37899865699554397,0.15900163294329947,2.2944136327931792,5.941167653168837,0.39766342639304203,0.3850505379879512,0.39713707277147525,0.3976052079776564,0.3816435365601935,0.37948113655368676,0.37900038663106417
defocus_blur/s5,8832.0,0.5796834230422974,0.09640111774206161,0.5580156274039745,0.09785580152541024,0.3769821280727081,0.15637878269289618,2.290189605798798,5.946097307987327,0.3968075975870416,0.3824951625697048,0.3963313430609244,0.3967549204842447,0.3801374593147259,0.3781808796538712,0.37698369307902946
defocus_blur/s5,8960.0,0.6322108507156372,0.13420268893241882,0.5616349065899092,0.0996288204233131,0.3772953996422302,0.1527042703604373,2.263618452566291,5.925220148980312,0.3959960475490126,0.38155868070703214,0.3955651236143164,0.3944611743346438,0.3794253870420572,0.3783800523221523,0.3772968156889969
defocus_blur/s5,9088.0,0.6187411546707153,0.12215878814458847,0.5644205772279973,0.10072784323898507,0.3816500909314885,0.150030157774078,2.243099294574034,5.9137337149118245,0.4029208734812898,0.38844482650529194,0.40253096550706435,0.40153209170909765,0.383577343064229,0.3826315048078487,0.3816513721968854
defocus_blur/s5,9216.0,0.6025026440620422,0.13963918387889862,0.56627823902478,0.10262595741654182,0.3809427652033278,0.14974843543984095,2.2333934456957136,5.891726393924799,0.4009139789203104,0.3870907680633843,0.40056118294839077,0.3996573833965125,0.38421096894746715,0.3818307666940737,0.3809439245160397
defocus_blur/s5,9344.0,0.6342160105705261,0.12258991599082947,0.5695922766611579,0.10359980905431194,0.3832400034945042,0.1524679478310518,2.211625153305406,5.881203465716512,0.4050097631991625,0.39253944570161065,0.40396553198364205,0.40238556225228767,0.38695933002325844,0.38404348372497676,0.38324105246216317
defocus_blur/s5,9472.0,0.5840179920196533,0.115533247590065,0.5702959700932796,0.1041819280072755,0.3825672488489832,0.15500297361750734,2.211162444494427,5.874370067655066,0.40447715635093756,0.3902193616372098,0.40425733143790576,0.40282774550013656,0.38593256452431646,0.38329425267441375,0.3825681979743903
defocus_blur/s5,9600.0,0.5881068706512451,0.1315365582704544,0.5711647945107412,0.10551630021523545,0.38043413771523105,0.15501012663428237,2.2097654169030694,5.862270698412062,0.403158688167624,0.3903323313802475,0.40372198162823003,0.4024284657380771,0.38347913779981274,0.3810919442699484,0.3804349965015155
defocus_blur/s5,9728.0,0.6067084670066833,0.10438242554664612,0.5728986321934701,0.10546098925579206,0.3843785386465594,0.15077805033357733,2.1985253373244853,5.868424108293188,0.4087511092819489,0.3940968031108604,0.40849859253809506,0.40732819535253734,0.3871337112394498,0.3849737342264078,0.384379315692329
defocus_blur/s5,9856.0,0.5992451906204224,0.13379070162773132,0.5741838301655167,0.10684292644466714,0.39012255043510813,0.15049950300854914,2.2000878296328787,5.850210921045167,0.4121753047101988,0.40040302649114734,0.411946822873553,0.4131000506431941,0.3926154817342077,0.39066109444281155,0.3901232535205428
defocus_blur/s5,9984.0,0.6447403430938721,0.14814519882202148,0.577625611283973,0.10885767143868441,0.3917691250516355,0.1533334289565754,2.170278410928373,5.825677933667657,0.4147716469150579,0.40259548084059193,0.41456491230855086,0.41484617907691745,0.3940247755608149,0.39225640966538744,0.39176976121638635
defocus_blur/s5,10112.0,0.5766258239746094,0.14094118773937225,0.5775768411713211,0.11042272101432771,0.3901730155880652,0.15353667188753786,2.175183294491319,5.80905989637533,0.4131983491718043,0.4007310983691495,0.4130112918627637,0.41254077238310016,0.3929761651564541,0.3906139197507759,0.3901735912017392
defocus_blur/s5,10240.0,0.6389392018318176,0.13129577040672302,0.580570127057199,0.11144091854566407,0.39761490583548315,0.15619305647884896,2.152774482745823,5.799591405665666,0.41627361040470806,0.4056808451037932,0.4161043574796333,0.41491642759946185,0.39790184247648225,0.3972516489833017,0.39761542666141897
defocus_blur/s5,10368.0,0.6189181804656982,0.13861513137817383,0.582440763808833,0.11276648990334746,0.40187597964055316,0.15703503206682287,2.1487354626936064,5.783634087754007,0.4189446230967049,0.41073576169117754,0.4187914799086985,0.4191666486488884,0.4028978003609337,0.40154729809851386,0.4018764508935266
defocus_blur/s5,10496.0,0.6492551565170288,0.1351170539855957,0.5857000024775255,0.11385676132199371,0.40366797443978664,0.16138476131685758,2.122210770380197,5.77528164041664,0.422811434699636,0.4131716796741707,0.42267286790073194,0.4222873126680305,0.40607974678701964,0.4033705772800949,0.40366840083822364
defocus_blur/s5,10624.0,0.6760717630386353,0.14853808283805847,0.590108381041482,0.11554853310326516,0.4075759899600925,0.16242041758652015,2.083037455426183,5.754137561249656,0.4285967829733172,0.4169373139705019,0.4284714051618163,0.42815972788106743,0.4097582063432819,0.4073068994901989,0.40757637577331235
defocus_blur/s5,10752.0,0.5960706472396851,0.13799583911895752,0.5903992232950529,0.11664352364061599,0.40889981007097004,0.16796784958304412,2.0813274508535415,5.74390551996163,0.43013203860940835,0.4188573197793773,0.4307807895604537,0.4297365830500318,0.41087431995724677,0.4086563320193887,0.40890015916193223
defocus_blur/s5,10880.0,0.6322849988937378,0.11813074350357056,0.5924424318608424,0.11671607095100402,0.4057847180951489,0.16159152243653188,2.0698937053184205,5.750395873393373,0.4279332722932243,0.41479445769448703,0.4285202741947948,0.42532605164729226,0.40757129128790737,0.4055644146350328,0.4057850339591308
defocus_blur/s5,11008.0,0.6193016767501831,0.14840322732925415,0.5937526389286152,0.11826178589628451,0.4073162142907325,0.1619196642629179,2.0616119371846824,5.7342755978503845,0.4303310572028519,0.41619340877651084,0.43086218741837173,0.4272098004494536,0.408932738875019,0.4071168796311034,0.40731650009032594
defocus_blur/s5,11136.0,0.6736375093460083,0.14189741015434265,0.597649461875805,0.11941474317716538,0.4146136002000025,0.16671538330987395,2.027447729995519,5.719467855842943,0.4377244425969885,0.4248952556508465,0.4382050190739699,0.43566246667675135,0.41607626164717665,0.4144332385002429,0.4146138587967792
defocus_blur/s5,11264.0,0.5907964706420898,0.13499414920806885,0.5973151696205018,0.12017471420306311,0.406195589473054,0.16793149792642373,2.0390777182486315,5.710692030623087,0.43457993883998786,0.4177480272724197,0.43501477335604294,0.4304648196402967,0.4082812278199617,0.4060323948595297,0.40619582345621724
defocus_blur/s5,11392.0,0.6099939346313477,0.13017584383487701,0.5979336459624942,0.1206625741851028,0.4122611490710976,0.17208064149083313,2.039660188340608,5.7127933937873285,0.4393938649468301,0.4227140092096076,0.4397873112876509,0.43639544358887045,0.4141482733576214,0.41211348755582666,0.4122613607834065
defocus_blur/s5,11520.0,0.6396287679672241,0.14653024077415466,0.5999675543529689,0.1219244115796907,0.4109268041267932,0.16763661850538797,2.021523721230193,5.699030153662175,0.43768921391084387,0.42187195598323207,0.43804521146253245,0.43570120148641994,0.41412151920103635,0.4107931972471221,0.4109269956880198
defocus_blur/s5,11648.0,0.6259294748306274,0.14153051376342773,0.6012339894982205,0.12288080680816567,0.4158170250308462,0.16372712477495246,2.0196696375477377,5.6903634027100045,0.43557052014181646,0.42339663596103266,0.4358926333340344,0.4344967444740302,0.4186704822752982,0.41569613504632524,0.41581719835899944
defocus_blur/s5,11776.0,0.6244626641273499,0.14781935513019562,0.6023670955776902,0.12409732136045981,0.41947959254724393,0.16820208612891296,2.014605202949435,5.6793559228388935,0.43880295130023966,0.4263377651973413,0.4390944052951019,0.4363441691522902,0.42206145362327696,0.4193702090454852,0.41947974937777405
defocus_blur/s5,11904.0,0.6314135193824768,0.1396288275718689,0.6037839942998748,0.12485495580979684,0.4150972398955134,0.16996452885310923,2.0089905095499834,5.673321021509002,0.43414294403787296,0.420577626927517,0.43440665702192144,0.430393802070573,0.41670834084533265,0.4142732528008227,0.4150973817986879
defocus_blur/s5,12032.0,0.6212601661682129,0.16562244296073914,0.6046364904885743,0.1268436137195989,0.41261921587214506,0.17239577536322376,2.007573003897252,5.649497796754298,0.43065149784747453,0.4176151520266231,0.430890110250055,0.426497009488008,0.41411415016403985,0.412635852177306,0.41261934426877106
defocus_blur/s5,12160.0,0.6564611196517944,0.15732747316360474,0.6071645211794631,0.12833063125345284,0.4165861554678957,0.1753578074523875,1.9926910530731825,5.6350476535740786,0.4322142642629439,0.4218687663488957,0.4324301651935358,0.4299052358306128,0.4179387997617517,0.41660120830558145,0.416586271643546
defocus_blur/s5,12288.0,0.6562621593475342,0.14518199861049652,0.609559527919369,0.12915264917330863,0.411103535078328,0.1749147680755987,1.9758998414651248,5.629514496153364,0.426731347973788,0.41584615920087464,0.426926699142991,0.42387990106981677,0.412327432741002,0.41111715516525243,0.41110364019621265
defocus_blur/s5,12416.0,0.6552050113677979,0.17572826147079468,0.6117861368680728,0.13142463026099085,0.4099165537502301,0.17230167295834956,1.9631342627995918,5.600917225642237,0.4225696789221484,0.41272055808716857,0.4227464362858353,0.42075183196144633,0.409536749077373,0.4092038625855734,0.4099166488628432
defocus_blur/s5,12544.0,0.6299538612365723,0.13929307460784912,0.6126723673250728,0.13180845681449613,0.4073553410196906,0.1670744167576738,1.9660572828680631,5.602387211672681,0.4187669432722116,0.4098552759372893,0.41892687661555944,0.41784713647433663,0.406249491580419,0.4067104848260899,0.40735542707934824
defocus_blur/s5,12672.0,0.6258204579353333,0.1445295214653015,0.613313737598744,0.1324289965535598,0.3997397226002078,0.16611849368734194,1.958270607653434,5.5975819136289635,0.41311393260977614,0.40345173985759486,0.413258643267261,0.4137317040912944,0.4001891592467681,0.3991562447474614,0.3997398004685834
defocus_blur/s5,12800.0,0.6194852590560913,0.1505742371082306,0.6136147874259316,0.1333141302391535,0.398909350431241,0.16971518673316305,1.9636778889977273,5.59083204768887,0.41318562849462787,0.4037552625362294,0.4133165653834051,0.4137445995971795,0.40004102392286395,0.39838140884050494,0.3989094208879924
defocus_blur/s5,12928.0,0.6542346477508545,0.1738230288028717,0.6155962440271473,0.13529017407153,0.40483186912904073,0.1705714152416068,1.9456345512095856,5.56517546451558,0.4162249202500469,0.4107409305875103,0.4163433943772511,0.4174928828003034,0.4073802185524545,0.405116372900897,0.40483193287961716
defocus_blur/s5,13056.0,0.6343709826469421,0.16988390684127808,0.61651208493543,0.13697767323102988,0.4058405847384122,0.170044837943179,1.9422978555509496,5.552503277647182,0.41759925859626496,0.4118750478427145,0.4177064561854842,0.4201965643898045,0.40738418347310124,0.40609800903168614,0.40584064242111695
defocus_blur/s5,13184.0,0.6395912170410156,0.17629453539848328,0.6176378962576536,0.13889556894651542,0.40645584734510704,0.17453194438523217,1.945261068255111,5.530079659790095,0.42163130417901185,0.4134031515578636,0.4217282985473655,0.42470640954009076,0.40785252413003387,0.4066887696235542,0.4064558995374889
defocus_blur/s5,13312.0,0.6360906362533569,0.16166074573993683,0.6185380299159805,0.14000606537546278,0.4035361950100582,0.1691295879892553,1.9407791924451359,5.521111610891598,0.41578002002158054,0.40833503481232036,0.4158677823263193,0.4178374175553111,0.4040377389659616,0.40374694741072337,0.403536242234694
defocus_blur/s5,13440.0,0.6410801410675049,0.19177398085594177,0.6196376450941037,0.14253132954524225,0.4090183239799515,0.17595321435553676,1.9262233745638888,5.491894499849635,0.42082177897253065,0.41263538842923214,0.4209011879347601,0.4219211553251804,0.4087471153879998,0.4092090166637182,0.40901836670967845
defocus_blur/s5,13568.0,0.6499788761138916,0.1821289360523224,0.6211177051438493,0.14446292010656323,0.41260298677781454,0.17498875016940596,1.9159024934328415,5.466744394387499,0.4270567672916235,0.41961238893567043,0.42712861799450935,0.4272893082983934,0.4138076219542818,0.41277552905741544,0.4126030254404645
defocus_blur/s5,13696.0,0.649977445602417,0.1665375828742981,0.6225254973613404,0.1455397329245015,0.4172964859542272,0.17625394943942088,1.9065761642823587,5.458190143288933,0.4303373545809395,0.4243265577460765,0.430402366430487,0.4305477619999145,0.41834928197053095,0.41745260541126045,0.41729652093691044
defocus_blur/s5,13824.0,0.6683124303817749,0.1837494671344757,0.6247590062891665,0.1474036223981588,0.421543251122177,0.17858849321675144,1.8917566346961168,5.4392678537519,0.432469135227608,0.4271048151884488,0.43252795915572323,0.43342171088748954,0.4217336453760723,0.42168451090453724,0.4215432827751581
defocus_blur/s5,13952.0,0.6399767994880676,0.1894800066947937,0.6255013376647226,0.14945612894921415,0.4209613533354141,0.18016171813365792,1.8900200494788464,5.412137178397737,0.431609491184528,0.4267185745994233,0.4316627161664813,0.4331964141938558,0.4211336255901284,0.421089167808329,0.42096138197561894
defocus_blur/s5,14080.0,0.6311204433441162,0.16472986340522766,0.6257754403807905,0.15020118916658065,0.4172745201803479,0.17628701563432103,1.88684950764725,5.413417310219369,0.4298092124281184,0.42397097083029317,0.4298573713796657,0.43124508982085347,0.4189176053079032,0.4181151839598265,0.4172745460945368
defocus_blur/s5,14208.0,0.618243932723999,0.1807987093925476,0.6254080497633859,0.1516937511288229,0.41641109172772695,0.1736548487684725,1.890244033231417,5.399342867722457,0.4292771041660726,0.42174514969237115,0.429320679279281,0.43057631268145036,0.4186599807693758,0.41717173991843903,0.41641111517536605
defocus_blur/s5,14336.0,0.6321218609809875,0.18543927371501923,0.6257355527496105,0.1533398741818081,0.41707987538243463,0.17134757583393614,1.8936699124106944,5.381704521395679,0.42944629710683907,0.4211440349090401,0.4294857246780407,0.4313468599574574,0.4191147119275553,0.4177681239833109,0.4170798965982937
defocus_blur/s5,14464.0,0.6619791388511658,0.17138555645942688,0.6275035325594424,0.1542201513660822,0.4151753363811321,0.1676239814654473,1.8800990990710382,5.371643495046411,0.42937630452082226,0.42106488821930393,0.428649784197085,0.43109596906323183,0.41850370424854944,0.416523091361461,0.41517535557763513
defocus_blur/s5,14592.0,0.6417206525802612,0.1881231665611267,0.6281970506092384,0.15587395698535267,0.4136007951431897,0.17336396538307278,1.8701704203762386,5.359472266061259,0.43239893466756135,0.4196919660806432,0.43174156559415,0.4332299041910622,0.41813675440930614,0.41482026886423684,0.41360081251254194
defocus_blur/s5,14720.0,0.6547980308532715,0.17438536882400513,0.6294946594016302,0.15677695268479913,0.41953781047756783,0.1739472583864686,1.8529911837034303,5.35059612445172,0.43803392601389696,0.42653642499027855,0.43743912627525405,0.43806078778977137,0.42512924060473206,0.4206412129342678,0.41953782619368013
defocus_blur/s5,14848.0,0.6749331951141357,0.19425827264785767,0.6317111733388255,0.15860530975616785,0.4258578285165857,0.18129760856979105,1.8293610605815223,5.331733802332067,0.44041841253250286,0.4307402750804364,0.4398802266892691,0.4411677324379787,0.4287048334085648,0.4268562075389776,0.4258578427368158
defocus_blur/s5,14976.0,0.6550631523132324,0.18685182929039001,0.6328502942644063,0.15998318875783724,0.4293268930242277,0.18417454648105425,1.820184693664493,5.320545998984059,0.44478816505766616,0.43450681641721817,0.44430120451777416,0.44619117848790335,0.43190291589198515,0.43023024489398265,0.4293269058909559
defocus_blur/s5,15104.0,0.6322386264801025,0.17061224579811096,0.6328204568115134,0.16050167934516765,0.42419316138599067,0.18231602331807467,1.832083138425676,5.3208859582750705,0.439744377782695,0.4304416227070724,0.43857875197592766,0.44028883550273706,0.42728618981065397,0.4250105309242995,0.42419317302804516
defocus_blur/s5,15232.0,0.6333525776863098,0.18357613682746887,0.6328464139273572,0.1616272626369872,0.42553408594175596,0.18124787118785934,1.8349208776613994,5.307879247944887,0.44246799441253953,0.4334000345850429,0.4414133145481177,0.4437600052347787,0.4298199254622276,0.4269986719428076,0.425534096475703
defocus_blur/s5,15360.0,0.6840822100639343,0.23900505900382996,0.6353457210559706,0.1654017892890283,0.42457233475158285,0.18344170855248904,1.8117392586218055,5.262220405971055,0.4406566445576874,0.4331396208232303,0.43970235064109875,0.44255069480196213,0.4291752567686188,0.4266225342207081,0.42457234428289364
defocus_blur/s5,15488.0,0.660313069820404,0.20180432498455048,0.6365636405078943,0.16717752273759034,0.43080355214584026,0.18234077258080655,1.804531165873982,5.2395640674082165,0.44398126494482004,0.4378675569733095,0.4431178020970322,0.4456950367601335,0.4342433465467395,0.4326586106779875,0.43080356076994714
defocus_blur/s5,15616.0,0.681611180305481,0.22260993719100952,0.6387610814736301,0.1698815429548303,0.43013962094813984,0.18149334627924257,1.787007131972958,5.2119791427344735,0.4421002403218746,0.4372934587486042,0.441318963110997,0.4436508928686276,0.4332520107659672,0.43258030746057047,0.4301396287513918
defocus_blur/s5,15744.0,0.6437095403671265,0.1946583390235901,0.6390024697123372,0.17109016715330638,0.4251144339453425,0.17843999386717901,1.7878836444967312,5.204915496825562,0.4366988194702982,0.43532397427520936,0.4359919053490936,0.43806469842545065,0.4294177920137037,0.4273228124018606,0.42511444100586965
defocus_blur/s5,15872.0,0.6929266452789307,0.22345826029777527,0.6416329173009515,0.17364470828230485,0.4277433396971243,0.1836896077763113,1.7711426550012224,5.1775041230222865,0.4390244821025125,0.4370183015303946,0.4383848530850514,0.43949815961041666,0.4316742781991929,0.43050371663487796,0.4277433460856203
defocus_blur/s5,16000.0,0.6370301842689514,0.23089945316314697,0.6414083937384149,0.17643762266673615,0.42417318243862345,0.18343881227113,1.775002642352216,5.145667680756623,0.4372806289577165,0.4347403846684891,0.4367018807509596,0.43847141628045433,0.42772996855501033,0.4266708227255499,0.42417318821905325
defocus_blur/s5,16128.0,0.6144364476203918,0.19152089953422546,0.6400926890497307,0.1771733922700283,0.41739212402685677,0.18386254221557924,1.7942472086545758,5.14136451363773,0.4336764346488321,0.431377974468038,0.4331527725295714,0.4339916859979601,0.42206039986446797,0.41965203531562245,0.41739212925709696
defocus_blur/s5,16256.0,0.6407577395439148,0.1970987319946289,0.6401251305372518,0.1781453600614722,0.4143052770046693,0.18054650607370376,1.7923717315110905,5.135919910489678,0.43418908810283974,0.4298971738048101,0.43371526889796436,0.4351993482468158,0.4185292196275168,0.41635008668355844,0.4143052817370877
defocus_blur/s5,16384.0,0.6736915111541748,0.22694718837738037,0.6417625149575895,0.1805259370524921,0.40900257366097675,0.17446013428798537,1.7813642767946583,5.10865472091782,0.4254694247498032,0.42242257665503635,0.4250407043389671,0.4264207071287369,0.41282447534411243,0.4108527554108818,0.40900257794295675
defocus_blur/s5,16512.0,0.6618503332138062,0.2208632528781891,0.6427424085310636,0.18249361099520903,0.40946559460936677,0.17650066285069943,1.766997483281472,5.090653613149601,0.4303139470817672,0.42458268238685914,0.4299260328968287,0.43117468503438955,0.4143737519324182,0.41113967339675855,0.4094655984837818
defocus_blur/s5,16640.0,0.6502205729484558,0.226145401597023,0.643107197039229,0.1846229666343219,0.41129739405166377,0.18052201558352993,1.7707505516932993,5.066161614018766,0.4316857605659535,0.42722502076764585,0.4313347686115862,0.4339517822351615,0.41726277613873175,0.4128121316100355,0.41129739755730643
defocus_blur/s5,16768.0,0.6638296842575073,0.2044837325811386,0.644118050074267,0.18559178448538613,0.4138285760574542,0.17893678506992802,1.7618404275126396,5.058994756130272,0.4374258130998306,0.42969021807709057,0.43710822906497476,0.43798894157030377,0.4199883596115473,0.41519913871437475,0.41382857922942473
defocus_blur/s5,16896.0,0.6419448852539062,0.20401544868946075,0.6440120420342494,0.18649049981241414,0.4191304367539488,0.18066276031609788,1.767587414122422,5.057421028606709,0.4389572645596921,0.4327201497294793,0.440157118624525,0.44167901851780605,0.42470392324162015,0.4203705472840952,0.41913043962400653
defocus_blur/s5,17024.0,0.5994508266448975,0.22838905453681946,0.6418383242103787,0.18853433175019,0.4178300977410804,0.18047698301057993,1.7990854330100403,5.03412397062448,0.43798200439934065,0.43157635201578703,0.4390676546269497,0.44113253251968054,0.42436030175520767,0.4196771876377803,0.4178301003379619
defocus_blur/s5,17152.0,0.6682542562484741,0.23418140411376953,0.6431269062610174,0.19076101820694996,0.42191453222140585,0.1877077579768543,1.7824655546186008,5.016270716393925,0.44239775650886204,0.436638983590727,0.4433800729848842,0.4459734276992469,0.4285853771384122,0.4243480085645829,0.4219145345711125
defocus_blur/s5,17280.0,0.6966588497161865,0.20666664838790894,0.6457382205759037,0.19153690260602113,0.42187358923780977,0.18772516352337618,1.7565708547481114,5.013837562896436,0.4403700104996901,0.4366837561222461,0.4412588286793627,0.4428803292864691,0.4279094935321386,0.4240754437993638,0.421873591363868
defocus_blur/s5,17408.0,0.6702193021774292,0.22220958769321442,0.6469324196784171,0.19303313114685983,0.42778538324253934,0.18999031750092515,1.7505898082688272,5.005290745690875,0.4460084984949605,0.4419109119940132,0.44608770280863214,0.4467926715316594,0.43477117172063223,0.4297776621170924,0.4277853851662363
defocus_blur/s5,17536.0,0.6892956495285034,0.23256349563598633,0.6489989186954944,0.19496144160974405,0.4331716644330174,0.18967892499637548,1.7349726169908657,4.9806480743335335,0.45183532195766496,0.44519050990059134,0.4519069874907373,0.4525448562758203,0.4387303403849385,0.43421212021421624,0.43317166617361413
defocus_blur/s5,17664.0,0.6499161124229431,0.19051715731620789,0.6490436598529309,0.1947446472539618,0.42835981653933336,0.18424770667429333,1.7420971923094182,4.990475586254963,0.4468086107659776,0.44079626148649576,0.4468734550704411,0.44745061058627167,0.4341516048337248,0.4293012402414175,0.4283598181142576
defocus_blur/s5,17792.0,0.6865796446800232,0.27346187829971313,0.6508746835030329,0.1985845121830228,0.4420755686831207,0.18898171436740044,1.7234801713945433,4.945326349549073,0.45579396012793094,0.4525660997745152,0.45585263245814445,0.45709986835319405,0.4473160862296819,0.44292738632194883,0.44207557010814147
defocus_blur/s5,17920.0,0.7123012542724609,0.2529692053794861,0.6538711015893465,0.20123742404626493,0.44762607969484025,0.19322795214325764,1.7009322580184978,4.914978587535534,0.4584399841490677,0.4570809266847338,0.4592552670843769,0.459658774399291,0.45309281210906965,0.44839682010451165,0.4476260809842255
defocus_blur/s5,18048.0,0.7080040574073792,0.23909154534339905,0.65651173358047,0.20308396654856417,0.4453237758571397,0.19333341178458946,1.6792411376929695,4.8929203326419675,0.457357802433511,0.4575781317593576,0.4580954855653404,0.4592227815950753,0.4524824016763206,0.4460211560850459,0.4453237770237995
defocus_blur/s5,18176.0,0.6940164566040039,0.18590328097343445,0.6583412322645448,0.2022458843253871,0.4438169024858474,0.19064031488659164,1.6711342553765984,4.913860916467709,0.45321830309421185,0.454142676029734,0.453160757611471,0.45490577085431855,0.4495319648719117,0.44444790505969944,0.4438169035414628
defocus_blur/s5,18304.0,0.6632946729660034,0.22040876746177673,0.6585828635182744,0.20313187862472318,0.44161689986970487,0.18801764957912306,1.6759390735574817,4.901189056132299,0.4493612665117764,0.44947264142845056,0.4493091982909264,0.45088811866116507,0.44602579926839836,0.44218784271017425,0.4416169008248453
defocus_blur/s5,18432.0,0.7032304406166077,0.27932360768318176,0.660760794108437,0.20684854833489189,0.44271225740738906,0.19177935455671993,1.6562116967471856,4.852678360853731,0.4579177491757358,0.4543190884073011,0.45787063688310475,0.45853707821750866,0.4474637065361296,0.4432288570863623,0.44271225827161786
defocus_blur/s5,18560.0,0.6456270217895508,0.2389739453792572,0.6600225613123938,0.2084156408736414,0.4445399128593924,0.1906098443074188,1.674474068868741,4.841836650043334,0.4567365535373552,0.4557670038474152,0.45669392546056053,0.4587841439433853,0.44880193196993046,0.44500734183721413,0.4445399136413627
defocus_blur/s5,18688.0,0.6542447209358215,0.22370456159114838,0.6597407154403658,0.20916144188425148,0.43784664334273404,0.18646568898963953,1.6863206895758827,4.840470373926401,0.45471968942910007,0.45387960312428227,0.4546811187540229,0.45657238723253357,0.44612744707094837,0.43899459662962675,0.4378466440502752
defocus_blur/s5,18816.0,0.6861553192138672,0.2851260006427765,0.6610292326976098,0.21286703011637464,0.43697709370868437,0.19175078105487314,1.6713050185097054,4.79276966951314,0.4530435143495902,0.4530084035407694,0.45373362975899395,0.4554448845810134,0.4444697186168426,0.43801578314911493,0.4369770943488807
defocus_blur/s5,18944.0,0.6547936201095581,0.23528888821601868,0.6607250564738024,0.21396077929196702,0.4324536939505705,0.18920832122811543,1.6845588717191804,4.782645733109793,0.4469165290456435,0.4469219403840037,0.44754095827687673,0.4491265136512322,0.4384709649114917,0.43339351943474347,0.43245369452983196
defocus_blur/s5,19072.0,0.6529368162155151,0.28883326053619385,0.6603451423148615,0.21761309545022198,0.4262973340266613,0.18904572075429124,1.6867955657320315,4.740670501747035,0.44232081539466017,0.4415635165520937,0.44288581055272425,0.44432045048395247,0.43170469222509145,0.4264226906961599,0.42629733455078783
defocus_blur/s5,19200.0,0.6335697174072266,0.2590917646884918,0.6590390240266841,0.21963644516916195,0.423627004791524,0.18744856708344854,1.6949804810605906,4.7193498569540075,0.43732597276340157,0.43744013008669513,0.4378371908689431,0.4384102648340819,0.42851968285209047,0.42450262495470503,0.4236270052657634
defocus_blur/s5,19328.0,0.6647536754608154,0.2727847695350647,0.6593177875112759,0.22222904635774254,0.4227724118309982,0.1875278230421923,1.686731763299608,4.690860393324369,0.43596686768181664,0.43607015934673604,0.4364294273121133,0.43698513552209306,0.4272365780000176,0.423564689206488,0.4227724122600988
defocus_blur/s5,19456.0,0.678442656993866,0.2503247857093811,0.6602507079738412,0.22359957022855417,0.42272417513084365,0.18375137944507702,1.679428267807754,4.682328948582781,0.430089592947081,0.4302574136623352,0.4305081254858562,0.43028592571630186,0.42451403042119373,0.4219538324111054,0.4227241755191019
defocus_blur/s5,19584.0,0.7081236839294434,0.27945995330810547,0.6625859750936267,0.22632446696414205,0.42630560402975204,0.18120811905768122,1.662181461062715,4.654173543145487,0.43456872151844744,0.43312181807282085,0.43494741752765453,0.4354713819241494,0.4272000834447565,0.42560858363907866,0.4263056043810553
defocus_blur/s5,19712.0,0.7072480916976929,0.2617645263671875,0.6647646149279713,0.22805325034965643,0.4356065280959267,0.17890692985528445,1.6441036965093705,4.638709669088598,0.4408337450503025,0.4410117699516719,0.44117639622817517,0.44241268406105366,0.43637868942265,0.4349758511094816,0.43560652841379244
defocus_blur/s5,19840.0,0.6829668283462524,0.27975520491600037,0.6656525277776436,0.2305752969138683,0.4352104576049402,0.18273643088036148,1.6356132787796407,4.610684500467246,0.44062797514664487,0.4401012207593652,0.4409380122921204,0.4420566284692817,0.43514692838301644,0.4346398093619997,0.43521045789255103
defocus_blur/s5,19968.0,0.6593203544616699,0.3279905915260315,0.6653436412744254,0.23532726250470554,0.43920217490607616,0.18833929885129674,1.6505724409558746,4.562975978493288,0.44033024996909387,0.44282805281082355,0.43984858221077633,0.44158574176191395,0.4391075122371017,0.43868584178441494,0.43920217516631177
defocus_blur/s5,20096.0,0.6587868928909302,0.2837151885032654,0.6650237998898646,0.23768764913878163,0.43835232482578335,0.19420825315456416,1.6480912141762616,4.544718662677803,0.4401352232022557,0.4438453113178243,0.439699401274593,0.44127121547880493,0.4397167020301199,0.4378851370339649,0.4383523250612493
defocus_blur/s5,20224.0,0.6760267019271851,0.24484488368034363,0.6655605268185144,0.23803678253105293,0.4397212290660419,0.19364411246168475,1.645963693074737,4.548825769974298,0.4427844583525466,0.44690361006211227,0.4423901185833765,0.4445745203707687,0.44091856263403467,0.43929850888082134,0.4397212292790959
defocus_blur/s5,20352.0,0.6886056661605835,0.24650989472866058,0.6666846799571519,0.23845010507727768,0.43577319417575827,0.19092144262595034,1.6385623049570495,4.55124000989956,0.43938141651054335,0.44528354604668213,0.439024610568302,0.4410010978488633,0.4383437738050962,0.43539070910632316,0.4357731943685335
defocus_blur/s5,20480.0,0.6972247958183289,0.2847161591053009,0.6681744417064776,0.24070698576157148,0.43129002280864265,0.19200863428558623,1.6247050217436723,4.5302448243588165,0.4368413947129901,0.4398951656972061,0.436518550073996,0.43602032708395067,0.4336159309682043,0.4309439432187493,0.4312900229830693
defocus_blur/s5,20608.0,0.6563595533370972,0.24585172533988953,0.6675981056884589,0.24095794866783088,0.43061696888277534,0.18929291061771367,1.6295247521138445,4.544123230545633,0.43484057784560254,0.43916525700502707,0.4345484620241213,0.4333726457434199,0.4334836888772389,0.4303038296464709,0.4306169690405998
defocus_blur/s5,20736.0,0.6575554609298706,0.25742366909980774,0.6671082205782838,0.24176115454256147,0.42318540135080385,0.18161184833405264,1.632469651209585,4.536346881272676,0.42914486549860886,0.4331322759694504,0.4281183585596005,0.4278166532871753,0.425779262809209,0.42290206715781214,0.42318540149360634
defocus_blur/s5,20864.0,0.6951133608818054,0.2658126950263977,0.6684743249833336,0.24293440041982176,0.4321698366773187,0.18438451595246524,1.6182666069786633,4.531040807698464,0.4367998753262249,0.4411327732001987,0.4358710727954505,0.4355980842651954,0.43447963041808857,0.43191347064070923,0.432169836806529
defocus_blur/s5,20992.0,0.6626690626144409,0.27014797925949097,0.6681911414531437,0.2442618920705373,0.42531547982522405,0.1817809927208207,1.6191360055843766,4.518625521234512,0.43324143984008806,0.4364369113845939,0.4316760271992149,0.4313918418604177,0.4274054240725239,0.42508351507704856,0.4253154799421359
defocus_blur/s5,21120.0,0.6904686689376831,0.2683448791503906,0.6692778501109261,0.24543667192809113,0.4286874448626804,0.18000157045114115,1.6094491751643543,4.503335442504243,0.43582182034311356,0.43875032255560215,0.4344054059309969,0.43563547975591627,0.4313406603297495,0.4284775588531772,0.4286874449684644
defocus_blur/s5,21248.0,0.6659613251686096,0.2983016073703766,0.6691160684064228,0.24801544926673919,0.43238911578592315,0.18292750663663634,1.6133953543747253,4.474416950189032,0.43888161138719556,0.4445057945312736,0.43760001333792165,0.4387130069653472,0.4362770043792677,0.43292422190106034,0.4323891158816385
defocus_blur/s5,21376.0,0.6915911436080933,0.3280404210090637,0.6702124135382116,0.25191910642490134,0.4372628465855973,0.1877499926200618,1.6027194882077638,4.426417000291922,0.4438252117310674,0.4489140770268097,0.4426655980291367,0.44367265532081684,0.44074350009569674,0.43774702053034664,0.43726284667220233
defocus_blur/s5,21504.0,0.7018609642982483,0.30282625555992126,0.6717562452826036,0.2544023819924633,0.4424720640432442,0.1936006774390922,1.5924790047900421,4.3990280902106935,0.44989702382091223,0.4552265384638772,0.44884778382053353,0.4489967928274612,0.4456214239414365,0.44291015361490615,0.44247206412160606
defocus_blur/s5,21632.0,0.6546037197113037,0.30347615480422974,0.6709195367181499,0.256796224568647,0.43753718584757545,0.18707116620158193,1.6038275428522042,4.3789240724961225,0.446467652130641,0.45197773051966517,0.4462432951761044,0.44710313616333636,0.4418368148809785,0.43640918717922195,0.43753718591847873
defocus_blur/s5,21760.0,0.6703946590423584,0.3411775231361389,0.6708939329290868,0.2609123854743783,0.4395971503118157,0.18997486245842124,1.5997664062253432,4.33235985906013,0.44546537709143663,0.4519010280311783,0.4452623747548214,0.445315359966945,0.44276251959189067,0.439338711302556,0.4395971503759703
defocus_blur/s5,21888.0,0.6631224155426025,0.2722317576408386,0.67051483451999,0.26146454997030316,0.43817059228094685,0.18836363224227168,1.6058955458379938,4.339550126308803,0.444205287659771,0.4508277594499835,0.4440216073778009,0.444794564253256,0.44183405252782015,0.43721173699654226,0.43817059233899514
defocus_blur/s5,22016.0,0.6787603497505188,0.30062049627304077,0.6709170547751377,0.2633745961314123,0.4357829987265438,0.18309478562789722,1.602545389538648,4.307956398416857,0.4383060633732967,0.44502321363677855,0.4381398660449941,0.4388020715224285,0.43837275068103176,0.4349154086684954,0.43578299877906695
defocus_blur/s5,22144.0,0.6935782432556152,0.31045857071876526,0.6720224786034537,0.2656713753795758,0.44189526535578416,0.18583784588937044,1.592994917236611,4.284580117869836,0.4413153018386581,0.45033034380817377,0.4411649234113242,0.44325130921214384,0.4450007161129383,0.4418724488904113,0.4418952654033081
defocus_blur/s5,22272.0,0.7090017795562744,0.3240359425544739,0.6738263469426156,0.2685184274368879,0.4445256981595168,0.1882826374763429,1.5758537270408703,4.2506139410476225,0.4469381761431284,0.4543701385676575,0.4468021109509958,0.4486899115476923,0.44657337252098694,0.4445050533981651,0.4445256982025173
defocus_blur/s5,22400.0,0.7196641564369202,0.3018805980682373,0.6760623376496547,0.2701458503945147,0.4446191772163147,0.19110820440304438,1.553611581701276,4.239088273381838,0.4497764520604987,0.4542888047361137,0.4496533377492353,0.45212364988937537,0.4472341461061399,0.44536269257502026,0.4446191772552223
defocus_blur/s5,22528.0,0.6979506611824036,0.3470326364040375,0.6771300607488131,0.27389642532180847,0.4438300229304073,0.19228916055742445,1.5417853345007329,4.188610008403586,0.4500951716740145,0.452616461632141,0.4499837755601349,0.4514567647125163,0.44619609531673926,0.4452649645488434,0.4438300229656115
defocus_blur/s5,22656.0,0.6931588053703308,0.3470081686973572,0.6779119507303505,0.2774628518279328,0.44406407785672186,0.19259551648295217,1.5335465000563664,4.157350958705193,0.44832005122913504,0.4512520155517468,0.44821925795774253,0.45027706075415663,0.44620494406707933,0.4453624396661456,0.44406407788857527
defocus_blur/s5,22784.0,0.6999680995941162,0.31642064452171326,0.678987860431022,0.2793632319593367,0.4434764797263973,0.18844826327815006,1.5219603697740836,4.138867224222567,0.4495767685422453,0.4544418891458697,0.4494855689195279,0.4520725219554266,0.4476629803248231,0.44465126158965335,0.44347647975521887
defocus_blur/s5,22912.0,0.6951502561569214,0.3074149489402771,0.6797762699786268,0.28073160839743133,0.4465327041426831,0.19419530544084845,1.5101395156793207,4.140507197603159,0.4534652081812939,0.46015384496779765,0.45338268906995943,0.4564856073136251,0.4495957127150838,0.448357863698907,0.4465327041687614
defocus_blur/s5,23040.0,0.6645088791847229,0.3436029255390167,0.6790315192081925,0.28379850191653305,0.44502230398633014,0.19718311099079744,1.5232174182622313,4.108168704012365,0.45133214256023074,0.45807197989055337,0.45125747773670927,0.4540278755050706,0.45004317610924593,0.4466737422284578,0.44502230400992626
defocus_blur/s5,23168.0,0.7089626789093018,0.3352302312850952,0.6804915757789782,0.28630736676377994,0.45406613584961814,0.19641017954610523,1.5160827611964134,4.081556609364368,0.45523940442243366,0.4650371691930587,0.45517184630430385,0.4576785536247545,0.45708472389182814,0.4540731778283666,0.4533411209988684
defocus_blur/s5,23296.0,0.6773071885108948,0.3337247371673584,0.6803362398146815,0.28862040922249105,0.4531771818127716,0.197662779946238,1.5202353203754355,4.066498612988166,0.45500097211571777,0.46462836665237495,0.45493984427652956,0.45724513983536674,0.45892005653746015,0.4539457486477963,0.45252117491926164
defocus_blur/s5,23424.0,0.6938345432281494,0.305192768573761,0.6809946936397288,0.2894288169957237,0.449509960462359,0.19909359803582866,1.5225336454620944,4.071006234956389,0.4520338956502122,0.4621949706592875,0.4519785860467587,0.45482665537750905,0.45775500059100344,0.45172976424348493,0.4489163932493735
defocus_blur/s5,23552.0,0.7085071802139282,0.3300992250442505,0.6823367661555434,0.2914127393395543,0.44966814388057585,0.1965772531900627,1.5172721400833338,4.061792491007835,0.45343905727779454,0.46187079141747545,0.45338901212202254,0.45669101298583653,0.45712840922005726,0.4516766635421419,0.44913107324943313
defocus_blur/s5,23680.0,0.7070145606994629,0.3475862145423889,0.6835405610113443,0.2941529088616438,0.44919779705077684,0.19636392153604126,1.5066662583715886,4.039921668743459,0.4548963748480223,0.46248838414395005,0.45485109306222266,0.4578388047301948,0.45671017871725583,0.4510151429194514,0.4487118455754835
defocus_blur/s5,23808.0,0.6859633922576904,0.3582855463027954,0.68365874790141,0.29728133020023656,0.44667153439276114,0.19628243584551977,1.5081465980152364,4.007056683923699,0.45110269847938245,0.4579349091510696,0.45106172667914374,0.45376506364939095,0.4519444865133528,0.44827872241551786,0.44623183647847137
defocus_blur/s5,23936.0,0.6845221519470215,0.3298107385635376,0.6837008651719276,0.2988681306082025,0.4466351301673942,0.19407084171388195,1.5048139928486464,3.993548693909612,0.4551061596592152,0.4605258755614377,0.45506908761390696,0.45751511707955006,0.45361841998025554,0.449539373464606,0.4462372833335841
defocus_blur/s5,24064.0,0.7162455320358276,0.36067065596580505,0.6852884098969959,0.30188288794271967,0.4509150999313543,0.19272040466794432,1.4857211464051692,3.957090464902314,0.45564260490283537,0.4642458993033591,0.4556090614281692,0.45934666453182366,0.4579587250386488,0.4535429131705328,0.4505551207319342
defocus_blur/s5,24192.0,0.7127165794372559,0.31684571504592896,0.6866263693867647,0.30261278194775426,0.44670099166900046,0.19436138340270276,1.476983462391258,3.9569804482093796,0.45612799051589087,0.46173736635360446,0.4560976397574332,0.4602416875389077,0.4538363895203955,0.44907868586102334,0.44637527580801417
defocus_blur/s5,24320.0,0.6825284957885742,0.35368311405181885,0.6864264731136822,0.3051040176601476,0.44513739341377134,0.19145890193665133,1.4822285751004827,3.9360674484407756,0.454466492310928,0.4602297943032911,0.45443903038135386,0.45818864172913654,0.45311802406931684,0.44728877524962307,0.4448426796573406
defocus_blur/s5,24448.0,0.6994197368621826,0.35644254088401794,0.6870602908575114,0.30760833586619,0.44524701093536356,0.19348021406641683,1.4824595331164223,3.9111369723022684,0.450713732781036,0.4589028953809076,0.4506888847174534,0.4555688126531925,0.4524680336760445,0.44719362115090816,0.4449803484585455
defocus_blur/s5,24576.0,0.6947275400161743,0.30653995275497437,0.6874343030115925,0.3075562196168624,0.44462118003134316,0.19077314431589532,1.4843510919527618,3.9195991313592113,0.4510547814157976,0.4570144579859372,0.4510322984266785,0.4546855526743044,0.4497048656878427,0.44638250908419463,0.44437989887296114
defocus_blur/s5,24704.0,0.6703346967697144,0.34547364711761475,0.6866001758778423,0.3094058502266552,0.4402067607541183,0.18901157198362686,1.4962665695356618,3.909704657866213,0.44820304731316357,0.45359547328769206,0.4481827042873158,0.4522132514084574,0.4470559790072627,0.44252545884417605,0.43998844508374413
defocus_blur/s5,24832.0,0.7049195766448975,0.345645010471344,0.6874938051835523,0.31117361414103023,0.4316765217769267,0.1931062468691829,1.485708505821628,3.895231186464495,0.4485228048562295,0.4496653568534084,0.4485043981088681,0.45291350707451733,0.4415360761868212,0.43377452284473034,0.43147898570635024
defocus_blur/s5,24960.0,0.6987419128417969,0.34081539511680603,0.6880424933620033,0.3126195546764339,0.4352052288058927,0.1926098164711643,1.4827512972709964,3.8877187192392846,0.45262310302577335,0.45445628065082344,0.4526064482591245,0.45808310188003615,0.4463385614991999,0.43710353911173994,0.4350264945028904
defocus_blur/s5,25088.0,0.6877110004425049,0.38331687450408936,0.6880263229756862,0.31606820442412437,0.4309248381997399,0.19284847165534855,1.482194698312681,3.8496732530453315,0.4451976440822137,0.4468563372218336,0.44518257454023097,0.45013795238520815,0.4395112742654866,0.4318802694758812,0.43076311608500667
defocus_blur/s5,25216.0,0.7167786359786987,0.3785719871520996,0.6894288748294917,0.3191171694352451,0.43288916056026433,0.19378942616762948,1.464625311218033,3.8198656434908327,0.44881506046939146,0.44951650143629324,0.44880142526810907,0.45328514311594387,0.4421455372741256,0.4337536525120852,0.43274283138922964
defocus_blur/s5,25344.0,0.7282891273498535,0.3524787127971649,0.6913244969036556,0.3207445617943631,0.44134037073894233,0.1977267800124714,1.444715075637919,3.8055687918883345,0.4528131808292352,0.4548978873792992,0.4528008434460403,0.4575828094463716,0.44822850219746874,0.44136038398029837,0.441207969389065
defocus_blur/s5,25472.0,0.7001853585243225,0.367595374584198,0.6917567340558832,0.3230299672963063,0.4372382236132845,0.19892842498451457,1.4404402547256236,3.7802687720507198,0.4543300702208607,0.4532791116620547,0.45359389225545943,0.4586457187197687,0.44572013791930387,0.43653131709341686,0.437118424414496
defocus_blur/s5,25600.0,0.698651909828186,0.33836960792541504,0.6920930840935564,0.3237782424489457,0.43867598936097896,0.19715281641965893,1.443745769396393,3.7800627725733618,0.45559103914689414,0.4538779172147443,0.45492493166005576,0.4587337228868341,0.44558838773067294,0.43727417209939734,0.4385675928223964
defocus_blur/s5,25728.0,0.6958169341087341,0.3347441554069519,0.6922747353138089,0.32431316503226304,0.4362774716347703,0.19329680771820418,1.4459360309770972,3.784614279245447,0.45158252263083043,0.4500324581104259,0.4509798162135305,0.4544260812081348,0.44180692310431496,0.4350090813582292,0.43617939243477977
defocus_blur/s5,25856.0,0.7189616560935974,0.3399333953857422,0.6935765363274571,0.3250751274885303,0.4394054338825018,0.19720668919654288,1.4383668355690649,3.7790203959444413,0.452454352719508,0.4510890058215097,0.45267120788862575,0.4557894524197341,0.4444085842008703,0.438257770818481,0.43931669000196305
defocus_blur/s5,25984.0,0.725382924079895,0.3708340525627136,0.695128067437332,0.3273072701750758,0.44669730216257303,0.19936875328253523,1.4217207985009122,3.758626511777128,0.457779191247098,0.45726881490453075,0.456488195834979,0.46003465623463147,0.45042487005920506,0.44489668019923234,0.44661700505234136
defocus_blur/s5,26112.0,0.6673096418380737,0.38650864362716675,0.6937710710666365,0.33019514205078754,0.4444090402077772,0.19903844363042003,1.4369245135629696,3.732121986374011,0.455309875007041,0.4547737165198044,0.45414175839678944,0.45807567646215014,0.4470567979536293,0.4428169842849687,0.4443363858920947
defocus_blur/s5,26240.0,0.7063837647438049,0.37415021657943726,0.6943863244167423,0.33233929202779483,0.4446251636859186,0.20163963281491307,1.4309731327354822,3.709648658461879,0.45372624621398533,0.4554533449295791,0.4533943274964406,0.456953809576996,0.44847093378195724,0.4439096568098973,0.4452844395846972
defocus_blur/s5,26368.0,0.7137693762779236,0.3464798331260681,0.695331839141678,0.33302907452039354,0.45225676619053073,0.204866972939609,1.4296008119141284,3.708586294053119,0.46038005383192837,0.46201712530510997,0.46084192273770735,0.46333759331743657,0.45569931010253234,0.45233437716112657,0.45285329126015733
defocus_blur/s5,26496.0,0.7051550149917603,0.34551334381103516,0.695811018451438,0.3336380632662785,0.45310160105639335,0.20382743357593414,1.4260966460385855,3.711788247287677,0.4605260629853439,0.46349452563299953,0.4609439705437554,0.4639271144769905,0.45777804917665177,0.4531718249030776,0.4536413480111239
defocus_blur/s5,26624.0,0.7102877497673035,0.3728106617927551,0.6965172004668461,0.3355489217309846,0.4523788133294315,0.20467149105829613,1.4216558395012904,3.694818180317303,0.45844594991118853,0.4603696748886331,0.45958627554851395,0.46076108930368975,0.4558851355131988,0.45316736804139257,0.4528671863919806
defocus_blur/s5,26752.0,0.6878609657287598,0.3598949909210205,0.6960949451137687,0.3367365348622059,0.4511113474563148,0.2016242343246094,1.429419138632176,3.682944203273929,0.45728883986610214,0.45834162730851336,0.45832062766763215,0.4593836209583058,0.453521737724911,0.4518248463955729,0.45155323646769924
defocus_blur/s5,26880.0,0.7130229473114014,0.3714359998703003,0.6969207013185312,0.338429191691869,0.45130300980431576,0.1958925998856222,1.4207125233284714,3.6606395176558912,0.45395527985505135,0.4578822814611831,0.4548888606082501,0.45661287178916304,0.453521155906954,0.4519485968873684,0.45170283918344467
defocus_blur/s5,27008.0,0.7334647178649902,0.3444923758506775,0.698703336272017,0.33872495677278647,0.44987767871050816,0.19738036551221377,1.412501834217305,3.661137487488934,0.4567763121115604,0.45960452117933337,0.45762103330466886,0.45918095061946274,0.45337190846786257,0.4504618178855962,0.4502394517537295
defocus_blur/s5,27136.0,0.687867283821106,0.3315107226371765,0.6981747483475822,0.3383730429125128,0.4455764124441897,0.19788996784299653,1.4221015122383613,3.6770801927505823,0.4547928439748265,0.452890230049831,0.455557163388698,0.4540313657895316,0.4487380563828786,0.4461049524116549,0.44590375140834176
defocus_blur/s5,27264.0,0.7202502489089966,0.38251978158950806,0.6992516020335048,0.3405265423601711,0.44564424350244647,0.1998382754843532,1.4183184025567102,3.6569076606360835,0.45623284692784716,0.45302411654122127,0.45692441731957734,0.4563060424544186,0.4485049576194874,0.4468474911470119,0.44594042587274707
defocus_blur/s5,27392.0,0.6802880167961121,0.3800088167190552,0.6983265490950954,0.3424525069630435,0.4411324475712201,0.20015111065538443,1.4283770634413602,3.64735603785759,0.45143822735113354,0.45009647903581057,0.4520639730773807,0.4507794411500123,0.44452025017206437,0.4422211683727573,0.44140043887712566
defocus_blur/s5,27520.0,0.7339334487915039,0.412206768989563,0.7000634710315056,0.34585515389116644,0.44231109622595227,0.2041336045846756,1.4117467257744258,3.6158199422228385,0.4523609719221143,0.45042191827095057,0.45292715826930163,0.451764889940017,0.4453392626482509,0.44329619101425577,0.4425535797335563
defocus_blur/s5,27648.0,0.7027193903923035,0.37044477462768555,0.7001930280734957,0.3470546475856308,0.4387300281735118,0.20167665828274337,1.4094094200507037,3.6051805970221134,0.4530843475868743,0.44911763098757634,0.4535966435024436,0.4525450015459642,0.44303153985008303,0.4396213602217032,0.4389494317517782
defocus_blur/s5,27776.0,0.7057331204414368,0.39798271656036377,0.7004632764816879,0.3495389436331788,0.43785075719923344,0.21142560811900815,1.4097960245128196,3.5781065783131076,0.45747548642453056,0.4494618778894132,0.45721400640524495,0.4547752512500961,0.4439178894181893,0.44083229559619896,0.4380492776290628
defocus_blur/s5,27904.0,0.7138028144836426,0.40114888548851013,0.701113985652515,0.35205650177246317,0.44281811522905057,0.2165100237650276,1.4021721370440148,3.5471548849990597,0.4590877244804943,0.45484846298024834,0.458851132505876,0.4581688918211756,0.44983215931294823,0.446278061631064,0.44299774019857496
defocus_blur/s5,28032.0,0.6718125343322754,0.40237367153167725,0.6996846465637229,0.3545109978582785,0.4392631488776835,0.21672322792778523,1.4104276220977663,3.522886110094576,0.45627077866438537,0.4539594064205578,0.4553316909824136,0.4554765820702011,0.44865836663592756,0.44315596772209886,0.43942567688401696
defocus_blur/s5,28160.0,0.7451791763305664,0.3668642044067383,0.701903891918203,0.35511359329966674,0.44329669806243693,0.2138673585235939,1.3842343977944758,3.5186120344777785,0.4550232625511779,0.4551441149111651,0.45417355858670494,0.45502967360426877,0.4517976654689148,0.44758118792701507,0.4442059515411004
defocus_blur/s5,28288.0,0.6697453260421753,0.3711407780647278,0.700335181387665,0.35589540719064533,0.4419455846240134,0.20983328513645824,1.3952495156426838,3.5112400294812853,0.4533553731947303,0.4534647226531125,0.45258654527684605,0.45408618890665836,0.4519240030804398,0.4450972557031469,0.4427682940475988
defocus_blur/s5,28416.0,0.7393291592597961,0.38811928033828735,0.7022373266497202,0.3574673034417498,0.44823348257770634,0.2105332698944396,1.370402173837245,3.4844905626671845,0.46298172077881306,0.461630632454125,0.4622860710089725,0.4643679912712833,0.45802433592227776,0.45108517306632145,0.44897788533396654
defocus_blur/s5,28544.0,0.7117981910705566,0.4040873050689697,0.7027037102800049,0.3597414498625898,0.4419880291497271,0.21059033522274992,1.370361649615278,3.4667651257920498,0.4604447931615554,0.4562478833805616,0.4598153563382791,0.46093692131089936,0.45225982447220964,0.4445682916322872,0.4426615785799899
defocus_blur/s5,28672.0,0.6816061735153198,0.353279709815979,0.7016745621451421,0.35942624303104787,0.44236022744600534,0.20610597850910328,1.3851362480227858,3.4755598922590942,0.459710904460872,0.4545006131004367,0.45914137834058444,0.46095556651628666,0.4509293236301195,0.4446948968308797,0.4429696674718409
defocus_blur/s5,28800.0,0.7040696144104004,0.4007299244403839,0.7017913939629595,0.3614410567583325,0.43903474476226895,0.20361001981698162,1.3831970703110545,3.4578440536051422,0.45545897423259146,0.450707425654827,0.4549436564283336,0.4565851675617323,0.447513236907443,0.44114719695405585,0.43958617740908384
defocus_blur/s5,28928.0,0.7314626574516296,0.40873485803604126,0.7032387726697239,0.3637480714548061,0.4396508606682993,0.2064267341711059,1.3763378729204103,3.442761828567789,0.4567240331991503,0.45242474385543835,0.45625776408536317,0.4562558238318826,0.4510217925854971,0.44228726149144487,0.44014980716193725
defocus_blur/s5,29056.0,0.6981579065322876,0.4562393128871918,0.7029909255410685,0.3682598393295566,0.4384980422822624,0.20603810985975732,1.3750945442383697,3.3889044916529905,0.4524961359285589,0.4508182840000724,0.4513120518583208,0.45131029628095976,0.4510360776457711,0.44160852155174757,0.43894949833034297
defocus_blur/s5,29184.0,0.7500559091567993,0.41973477602005005,0.7052867784003723,0.37077081185104405,0.4404665510477817,0.2094230904798875,1.3582866378242633,3.364481735116208,0.4524444513666497,0.4509262998001845,0.45137307012284705,0.45209649651596656,0.45184837840524555,0.44328097042249137,0.44087503685928114
defocus_blur/s5,29312.0,0.7531336545944214,0.3985360562801361,0.7076207723610576,0.37212521401831683,0.4431214301866008,0.21252306402136162,1.3430037842983886,3.358330573796984,0.4554092864537026,0.45258560499469397,0.4544398808190662,0.45436943557453013,0.45269490395858325,0.44639298394563315,0.44349103573049764
defocus_blur/s5,29440.0,0.7143913507461548,0.4111885726451874,0.7079510444774038,0.37403074370743244,0.44476141898502064,0.2160901727403278,1.336713025682141,3.3337593108451005,0.4551918647805363,0.45404979488217106,0.45431472856977967,0.45348879328308167,0.4549108857352796,0.44844659641957646,0.4450958449411581
defocus_blur/s5,29568.0,0.7115462422370911,0.421110600233078,0.7081264199778763,0.3763273220745371,0.45364418100905196,0.2282781991303025,1.3288615639625232,3.308211865705238,0.46456905195193077,0.46281067103853785,0.4645004177005561,0.46302808125137845,0.4643148168967045,0.45774079307208554,0.4539467758212382
defocus_blur/s5,29696.0,0.7158658504486084,0.4229579567909241,0.7085039531715704,0.37860198718265353,0.4567179056006948,0.2305687929073112,1.3323211248112548,3.286365922790434,0.4658779167274757,0.46428690104081854,0.46581581518295406,0.4652458129585643,0.4656478801308076,0.4611867913519584,0.4569916990030359
defocus_blur/s5,29824.0,0.719688892364502,0.42164403200149536,0.7090495599614695,0.38070159912503604,0.45332714718539957,0.2249078727019752,1.3332099216605857,3.2715523496231964,0.4615409347665023,0.46376360885370904,0.46148474413639085,0.4616940104164047,0.4635821985002726,0.4573706779573638,0.4535748805375476
defocus_blur/s5,29952.0,0.7272802591323853,0.43466997146606445,0.7099388623600508,0.3833342026538667,0.4511328619089784,0.21989730778090677,1.3335549283557382,3.2473557091244154,0.46005205935743604,0.4606131463810181,0.46000121703239166,0.46022774529646127,0.4604118226763323,0.4547915236009223,0.45135701564402725
defocus_blur/s5,30080.0,0.7516758441925049,0.4406526982784271,0.7119748126933412,0.38613022683067455,0.45273532597475086,0.22040157949717978,1.3118607887277063,3.2127783413587654,0.46232997161371814,0.46283765356664397,0.4622839685343651,0.4624889355121461,0.4618932970200484,0.4560457509797756,0.4529381444346017
defocus_blur/s5,30208.0,0.7160549759864807,0.4339427649974823,0.7121738450491041,0.38846254576564077,0.44838514622700537,0.22405535539274865,1.3107690859991676,3.1949824274792427,0.45927878454757004,0.45828811485714777,0.45923716010753673,0.4594226180332981,0.4567086286540711,0.4506554653422003,0.44856866013386626
defocus_blur/s5,30336.0,0.7221442461013794,0.3995054364204407,0.7126602060760443,0.3890012233585578,0.449598487454655,0.22133815916262387,1.306009000309887,3.19558056507764,0.459492433847028,0.45932107239602715,0.4594547712811204,0.4596225770545189,0.4571669090915182,0.4524149094500217,0.44976453424367074
defocus_blur/s5,30464.0,0.7256669998168945,0.41400018334388733,0.7132946838195005,0.39022068482125677,0.4491719508736051,0.22559062467956628,1.305610544877048,3.1936219875924694,0.4595370266991847,0.4609435461715391,0.45950294891051996,0.4611791729327325,0.4567821943653772,0.45172030176887745,0.44932219309019816
defocus_blur/s5,30592.0,0.7107677459716797,0.4177781343460083,0.7131714185586312,0.3915649506517324,0.44359936780413645,0.22120290906461648,1.3037341208882296,3.1928320048166774,0.4553016464065794,0.4565371110808512,0.45527081219089877,0.45602529567560146,0.45200964760841084,0.4466301778646416,0.44373530975026254
defocus_blur/s5,30720.0,0.7300397157669067,0.40825414657592773,0.7139942623248885,0.39237905776998583,0.4444688509399712,0.2210066178984424,1.2924250874568584,3.193878505533137,0.4536444403238591,0.4554873265639349,0.45361654095321646,0.4535741967415763,0.44990358358857396,0.4472111841357049,0.44459185373596033
defocus_blur/s5,30848.0,0.6917753219604492,0.43092820048332214,0.7129104115754036,0.3942595037560022,0.44902937077911725,0.2282650599783051,1.3014006301273706,3.178000902877712,0.45881882435014254,0.45972410690288223,0.45879358048176216,0.4595174617750967,0.4561590426164312,0.4515106847533653,0.449140665991907
defocus_blur/s5,30976.0,0.7476462125778198,0.4402899146080017,0.7146048408925946,0.39650488965122166,0.45098076915826135,0.22739658312135755,1.2888321265314941,3.1536718754160216,0.4620134930616102,0.4613825797735181,0.46199065194096384,0.4619577985484367,0.45815684343818663,0.4517386981022419,0.45108147113247504
defocus_blur/s5,31104.0,0.737579882144928,0.44782939553260803,0.7157255746122205,0.39900852408445997,0.45992221885170465,0.22592293451968165,1.2786092098061004,3.1344740599856955,0.4684548024668109,0.46784676016390303,0.46843413539691015,0.46764221391562893,0.4686646691668542,0.46064518727751924,0.4592883209949402
defocus_blur/s5,31232.0,0.6822030544281006,0.4494537115097046,0.7140903297251903,0.4014692649344719,0.45362385179859765,0.21929136430959892,1.2907445926988934,3.112783471206615,0.4612327510719925,0.4599575682387248,0.4612140511235576,0.45973531074697893,0.45772320749719525,0.4527536168049415,0.4537753041245116
defocus_blur/s5,31360.0,0.7425130605697632,0.4109637141227722,0.7154768044005352,0.4019324087973158,0.4535020098665479,0.2208385872188578,1.2785816791969349,3.114793520194503,0.46263608826918534,0.4606829038019633,0.4626191682087633,0.46055616159795054,0.46014842272649253,0.4549640102083974,0.45363904674204764
defocus_blur/s5,31488.0,0.7068557143211365,0.4298325777053833,0.7150562634210522,0.40329339264648983,0.44679227067639454,0.21392875738244063,1.2850826784165483,3.0950938806766803,0.45211971460882266,0.451114632172984,0.45210440502411003,0.4502377583524585,0.45208105351992567,0.44811511572098295,0.4469162641848033
defocus_blur/s5,31616.0,0.7612434029579163,0.4296179413795471,0.7173092946179724,0.4045775169749316,0.45429196531754673,0.21529856631689007,1.2687929620360623,3.087647729891902,0.4583501403450442,0.4582029182243359,0.45833628794864445,0.45664731139446124,0.4598395493181481,0.455488900066398,0.4544041569453217
defocus_blur/s5,31744.0,0.7145824432373047,0.4202485680580139,0.717176277477452,0.4053419584911795,0.45479436600118295,0.2155155379940451,1.26878845969276,3.088024183346556,0.4592284732092874,0.4590952639019719,0.45921593930391913,0.45844991709159755,0.45985110322004946,0.45515235990540825,0.4548958790683131
defocus_blur/s5,31872.0,0.7322641015052795,0.4574046730995178,0.7179122688934436,0.4078816031062204,0.4516238731039853,0.21429900850026332,1.2645658900962256,3.0575485768921298,0.45861035559269847,0.4570026153449727,0.45783681956053596,0.4571437084451635,0.4576493325387836,0.45267280750513145,0.45171572401124577
defocus_blur/s5,32000.0,0.7052385807037354,0.4734072685241699,0.7172940402012626,0.4110779770290472,0.45256612789480166,0.22292090537114845,1.2695984762150663,3.02518259920594,0.4565638613066593,0.45510914809024594,0.45586395154763537,0.4552368117460402,0.45801807542622835,0.45351522320958054,0.45188704117852757
defocus_blur/s5,32128.0,0.7155849933624268,0.44431865215301514,0.7172106720627828,0.41269947337655777,0.45631875700653973,0.21802510236140202,1.2760813501581802,3.013775846474229,0.4562737257866918,0.45861972887880076,0.4556404344461353,0.4558351818356497,0.4604895852012453,0.45717751606292206,0.45570430674154694
defocus_blur/s5,32256.0,0.7223147749900818,0.4847920536994934,0.7174596526933827,0.4162161846118229,0.45242687650621466,0.2203063240283715,1.2791948873436436,2.9818637026133157,0.4568105811550019,0.4581710931735014,0.45696258226803793,0.4564137784485563,0.4598629738792944,0.4547282878832269,0.45187091050201833
defocus_blur/s5,32384.0,0.7501053810119629,0.43292519450187683,0.7190521272455086,0.41703125826499626,0.4516567692837314,0.2157709213843861,1.2627703830127208,2.98897860136018,0.45348536224673275,0.45616640851689205,0.4536228956750063,0.4538513426652314,0.45845944870339483,0.4522890992685235,0.45115372092419387
defocus_blur/s5,32512.0,0.7255204916000366,0.4359440207481384,0.7193676572140222,0.4179538320446617,0.44878491735904547,0.21681666949771045,1.2589204678809574,2.9861750674169305,0.45200103270510433,0.4536646980096328,0.45212547550367904,0.45233217858049785,0.45494010795827694,0.44859486614361943,0.4483297498665669
defocus_blur/s5,32640.0,0.7093755602836609,0.4297124147415161,0.7188802378515655,0.4185274214445082,0.4461864124349245,0.21250187644617347,1.2724629058941244,2.988473194909189,0.4528330284024174,0.4528511336541651,0.4529456265562735,0.4523704602147158,0.4532801333756926,0.4452894356956842,0.44577456843964797
defocus_blur/s5,32768.0,0.7036195993423462,0.45006734132766724,0.7181358164608719,0.4200659541217355,0.4444858913227366,0.212260026219292,1.2784024486850847,2.9744187997724802,0.45194990255804685,0.45272847964781976,0.4520517834575205,0.45229355739832394,0.4523544514363048,0.44367429012084214,0.444113247231829
defocus_blur/s5,32896.0,0.70719313621521,0.46767741441726685,0.7176020271805956,0.42238846438005406,0.44396968512901985,0.20925267690633143,1.2835268745645307,2.957424440446621,0.44774884104151647,0.44772829717093027,0.4478410247703085,0.4480597863193639,0.45108930436324784,0.4439975284198696,0.4436325098391504
defocus_blur/s5,33024.0,0.7153946161270142,0.44442668557167053,0.717494348592616,0.4234634995601329,0.43668003633625174,0.20192122044885788,1.2866964913387837,2.9530720918906233,0.4408245016205512,0.44153092801724264,0.4409079111693273,0.4418308655513102,0.44384701483432476,0.4359430343406434,0.4363749538758761
defocus_blur/s5,33152.0,0.7299982309341431,0.4519488513469696,0.7181042940726904,0.42485302891558835,0.4344343160424978,0.20435956353522478,1.278544584767427,2.9405368043568245,0.44054525102014175,0.4426716487294623,0.4406207215279873,0.44145582778319015,0.4432057165752575,0.43376746295783375,0.43415827176990335
defocus_blur/s5,33280.0,0.6884121298789978,0.441286563873291,0.7166558958193394,0.4256546647671836,0.42957664765058845,0.19833039627428725,1.2847400623712382,2.944692611961752,0.43804317477789145,0.4392421640199358,0.43811146189415145,0.4388670815337491,0.43747599340331145,0.42893608635268593,0.42932687766925814
defocus_blur/s5,33408.0,0.6965770721435547,0.45756545662879944,0.7156764410058865,0.4272112887604331,0.4264826478742088,0.20397339841355797,1.295166023834165,2.928806268581103,0.437879933871013,0.4397269967128628,0.4379417213212399,0.438625419995736,0.4366789030139421,0.4274274463667075,0.4262566513592752
defocus_blur/s5,33536.0,0.7485038042068481,0.46262186765670776,0.7172777757961772,0.42893863407244653,0.43580390090224363,0.2069414271189897,1.2842153690700466,2.911368961507322,0.4431047765721658,0.4469882581798122,0.4431606830039297,0.44526651624837266,0.4449553012993491,0.43662159186422494,0.43559941506095035
defocus_blur/s5,33664.0,0.7159832119941711,0.45017942786216736,0.7172146263424207,0.4299747703548719,0.43970195316615857,0.2087903989577533,1.2823780284864503,2.9044011167064805,0.4477207704736848,0.4519968118331317,0.4477713556507894,0.4496767526554282,0.4487073249710351,0.4396796200032636,0.4395169305816213
defocus_blur/s5,33792.0,0.7350858449935913,0.45726242661476135,0.7180863931058925,0.43130587553828115,0.43938082734427547,0.20817679762923424,1.280190234702162,2.895283430372828,0.4459113872043275,0.45130481903521313,0.4459571576114519,0.4477183764359942,0.4483284302682596,0.43939780013382745,0.43921341547569653
defocus_blur/s5,33920.0,0.7130074501037598,0.44297197461128235,0.7178386397887153,0.43187495354184213,0.4361902072520184,0.20849533563002098,1.2876562762620605,2.8933361931198602,0.44591015463282696,0.449265841613658,0.44595156854670925,0.44754515202804707,0.4443233446984074,0.4362055645470264,0.43603872988610015
defocus_blur/s5,34048.0,0.7338524460792542,0.4784488081932068,0.7186198010711805,0.43414684889068916,0.43410265034522305,0.20584631498706835,1.287378874440589,2.870627240316588,0.44590903937925624,0.4481831321203889,0.4452214965850951,0.4459012053745744,0.44298605430474575,0.4348787410327348,0.43396559081306263
defocus_blur/s5,34176.0,0.7192041873931885,0.48712673783302307,0.7186483077210345,0.43673123371714445,0.4447993046847616,0.20783670142494406,1.285915054285931,2.840973510904043,0.4518940505031819,0.4575767661838855,0.45050975390001763,0.45112476702839244,0.4543615637105998,0.4462637210653121,0.44543748579813697
defocus_blur/s5,34304.0,0.7035902738571167,0.4415178596973419,0.7179137694837703,0.43696472766739797,0.44345389198424884,0.20368880004005946,1.2923467998275484,2.8469675233706715,0.44766112481578796,0.45425298118125507,0.44640858755617296,0.4469650628496043,0.4521060014299954,0.4448161033553478,0.4440313301005154
defocus_blur/s5,34432.0,0.7461711168289185,0.5032837390899658,0.7192921766713385,0.44019980139532805,0.44807383682810376,0.205810181356889,1.2718969730655485,2.8040523460136244,0.45249409330446966,0.4592207224132593,0.4520857892165015,0.45186428351829155,0.4565902606633094,0.44926921070998455,0.44859631355317303
defocus_blur/s5,34560.0,0.7288590669631958,0.45169797539711,0.7197588542465511,0.4407606879320003,0.4537412586648101,0.21001623191185495,1.2695945865651432,2.8070409495137656,0.4592279987603202,0.4638643478825505,0.45885855764324734,0.4586581351762769,0.46220927214092417,0.4555850502616814,0.4549762004249709
defocus_blur/s5,34688.0,0.7526115775108337,0.4781659245491028,0.7213614261131014,0.44258533362063945,0.4521210317841619,0.2093974947875856,1.2601027888562082,2.7925629543167396,0.4578477311805158,0.4635299959127658,0.45751345400082044,0.4580571229048882,0.46127025754095513,0.45378932864248506,0.4532384300097446
defocus_blur/s5,34816.0,0.6602760553359985,0.4510892629623413,0.7183816519288525,0.44300015944218585,0.4470671263198752,0.20731325970964765,1.290099189380469,2.795236084827729,0.4536615997177659,0.45960239368430506,0.45335913952126583,0.4538882414862195,0.4575949207137374,0.4508260373975132,0.4480781689737189
defocus_blur/s5,34944.0,0.7081019878387451,0.4496687650680542,0.7178802049000667,0.44332545727759404,0.4423083576041226,0.20550176562663536,1.2919659262284444,2.796779667321052,0.45128675976842464,0.45662492016289585,0.451013088168855,0.4507296343251278,0.45557071648161485,0.4479588952299926,0.44322316776265697
defocus_blur/s5,35072.0,0.7128498554229736,0.4205823838710785,0.7176348219987451,0.44221603906264206,0.4425385258274066,0.2030633167865035,1.2893242525760253,2.8200665359488655,0.45218674099213196,0.45922903246148994,0.4519391178493923,0.4532070337944791,0.45675077916034273,0.4483762520195233,0.4433662630380733
defocus_blur/s5,35200.0,0.7519888877868652,0.45975178480148315,0.7193106300859704,0.44307144129380505,0.4406089219413953,0.20528141274971554,1.2735677219419177,2.807842008899696,0.4514766704634341,0.45864804186432245,0.4512526164479034,0.45319922569982307,0.4556434771581685,0.44661601982254306,0.44135787393272424
defocus_blur/s5,35328.0,0.745051383972168,0.5068559646606445,0.7205662766170045,0.44618288145804114,0.4387514397815956,0.20507616227978423,1.2601096121796052,2.769611366627581,0.4494213359755403,0.4559101259224476,0.4492186077437602,0.45097993592470603,0.4539165548825546,0.4442239536883331,0.4401913005661353
defocus_blur/s5,35456.0,0.7321476936340332,0.48761487007141113,0.7211312237885669,0.44820395407332747,0.44393051154539376,0.20634047758926344,1.257370277039416,2.7470324969788966,0.45499768115335915,0.4623932489756352,0.4548142488865313,0.45865733643157514,0.4598272337753513,0.4496071585722514,0.4452333243076096
defocus_blur/s5,35584.0,0.7474766373634338,0.49821987748146057,0.72241636591417,0.4506437552151876,0.44549349081531464,0.20741009304775115,1.2453087453446614,2.7256720627024005,0.45035780668308106,0.4599866934514819,0.45019183376348254,0.45439414557550606,0.45991432038804836,0.4491797966617456,0.4466722999832684
defocus_blur/s5,35712.0,0.7066343426704407,0.5127285718917847,0.7216465111217929,0.4536722828579485,0.44988212345633166,0.21607421268627575,1.2460669909878983,2.6990013106761825,0.45805724209694604,0.46676963756079953,0.45790706671877274,0.46170939644279874,0.4651797628258308,0.4532175614054224,0.4509487318706432
defocus_blur/s5,35840.0,0.6983038187026978,0.47177284955978394,0.7205078431989101,0.45455523733120873,0.4448925995104583,0.21621735722535718,1.2614236313283615,2.6880059877543125,0.45610057419955674,0.46398371132062827,0.4559646927300734,0.45788072099315696,0.46250798290189676,0.44863558054589375,0.44585768660038566
defocus_blur/s5,35968.0,0.7534465789794922,0.468899667263031,0.7221146107979629,0.4552549656205659,0.4464011861126752,0.2128333434501893,1.2466910740219623,2.6875008696092153,0.4602418044958511,0.4666124181550717,0.4601188564202508,0.46109031923295163,0.4652771516917221,0.45127511481874144,0.44803660994597655
defocus_blur/s5,36096.0,0.7570440769195557,0.47585350275039673,0.7238184871941381,0.4562597723098259,0.45222781325245626,0.2169472131991302,1.2344410265337558,2.6806377175595526,0.46620109139690036,0.4720025211266294,0.46608984569613415,0.4662438284076855,0.47006933237543685,0.45663783440767736,0.4537075750909163
defocus_blur/s5,36224.0,0.7290322780609131,0.44100746512413025,0.724072818455932,0.4555157573251578,0.45231320877869474,0.21711880504216363,1.2435328114641775,2.6945555928480873,0.46716871505930124,0.4724179563555046,0.46706805788448547,0.46796957942182604,0.47143096641465754,0.4577906877656616,0.4536521247550765
defocus_blur/s5,36352.0,0.7443861365318298,0.4861370325088501,0.7250637120206099,0.4570094780658257,0.44937887599785525,0.21937474864314746,1.241395135982987,2.6851501531908815,0.46427044354860036,0.46905723475117334,0.46417936706859153,0.4642700656160603,0.4674019928118347,0.45433500064935833,0.4505903520240757
defocus_blur/s5,36480.0,0.7373861074447632,0.43421295285224915,0.7256648044803247,0.4558974524456512,0.44611036311287194,0.21779089392399006,1.2327435476058146,2.705117198526597,0.46179675469210063,0.4669273075886583,0.4609893321304745,0.46255860785367503,0.46470459908792416,0.45211914692901484,0.4472065291068525
defocus_blur/s5,36608.0,0.7102386951446533,0.5212704539299011,0.7249123113419992,0.45908637934732194,0.442353576617893,0.2186443781430035,1.2315456789341985,2.671945524100045,0.45875913973033017,0.46492574946005305,0.45802856881050064,0.4594484786112074,0.46447617204802655,0.4508392162278593,0.444107603076456
defocus_blur/s5,36736.0,0.751997709274292,0.493322491645813,0.7262335502655256,0.4607564336057849,0.44345317670185314,0.21945380675521017,1.2281061253213943,2.6641729658182123,0.4546349800891327,0.46242686789336146,0.45397394596119656,0.4567087364471424,0.46202008190663196,0.4496439309236014,0.44431523752485996
defocus_blur/s5,36864.0,0.7340229749679565,0.5146422386169434,0.7266135222022294,0.4633850094599877,0.4487238439997136,0.21782524692128177,1.2263651845713441,2.639428566029279,0.45956636211515217,0.4651665770766227,0.45896824616715043,0.46220493047953815,0.46403631444377585,0.45356315820035553,0.4487416575105961
defocus_blur/s5,36992.0,0.7257126569747925,0.47699958086013794,0.7265695775569886,0.4640491348941413,0.4499793079854636,0.21863828112270647,1.2308200313453181,2.635261668108352,0.4597526393677254,0.46485699805683706,0.45921145295671373,0.4621400649966553,0.46383431544853243,0.4528707992996673,0.4492332308587844
defocus_blur/s5,37120.0,0.7030014991760254,0.4802614748477936,0.7254199151969416,0.46483998074553895,0.45169156897435464,0.2199502234310747,1.2340056846743859,2.6272587040161053,0.45980964573367655,0.4658781939586253,0.4593199702243674,0.4626948476263609,0.46350282200905285,0.45282063398857453,0.4510165045426598
defocus_blur/s5,37248.0,0.7572755813598633,0.5166275501251221,0.7269738501317183,0.46736620364210396,0.4561780942355701,0.22360977979694505,1.2214864902228384,2.6049193607564383,0.46211063126765145,0.46905159608035046,0.4616675637782646,0.46472121549059775,0.46690231545256955,0.45719969321631276,0.45632947853027095
defocus_blur/s5,37376.0,0.7397817969322205,0.4965667128562927,0.7275986280244258,0.46879061872572286,0.46404856117329096,0.22154846821603413,1.2146858517916634,2.5927359703722797,0.4649176205580594,0.47341015921369,0.4645167248701609,0.46800474048851826,0.4721904650823071,0.46493574264248166,0.4641855364928864
defocus_blur/s5,37504.0,0.7529541254043579,0.5245906114578247,0.7288354815551541,0.4715125695907034,0.4599972406570943,0.2227693159765544,1.2069202931185339,2.565308951409001,0.4614714163407545,0.4706800131850223,0.46110867848156734,0.4642646997519549,0.4688142161750084,0.46152499378894385,0.46012117846857836
defocus_blur/s5,37632.0,0.7138020396232605,0.44516927003860474,0.72810214292433,0.470227530588162,0.4495461350621299,0.21567571659746532,1.2190215994016291,2.5863693904642133,0.4553416265641211,0.46367373590387795,0.4550134146165758,0.4578690412389788,0.4604983181452634,0.4509284744515072,0.4503832911663936
defocus_blur/s5,37760.0,0.73830246925354,0.5020511150360107,0.7285997198184377,0.4717799005612278,0.4485854678343245,0.220467141549521,1.2192480070919405,2.573932931216163,0.4590531612159596,0.4665550281438419,0.45875618895408193,0.4613400129235495,0.4621574609749825,0.4505612490426784,0.4500679570874983
defocus_blur/s5,37888.0,0.7218657732009888,0.4940023720264435,0.7282712346175865,0.472863923559531,0.4468053221749004,0.22418903765426612,1.223620205016667,2.5711142015016457,0.4547522951870759,0.4615773038707814,0.45448358917261067,0.45682148105694154,0.4576354837257277,0.44935524080542166,0.44814670596673695
defocus_blur/s5,38016.0,0.7030923366546631,0.47431662678718567,0.7270429956925657,0.4729347871316117,0.44153235873172125,0.21852187761578748,1.2303098869354034,2.563021295330037,0.44937358178437975,0.45631117143810734,0.44913045159520565,0.452008014686263,0.45201952453708016,0.44452740705832616,0.4434710825552688
defocus_blur/s5,38144.0,0.7225437164306641,0.47836124897003174,0.7268235186553997,0.4731994925871444,0.4485102424931279,0.22231738599263104,1.2253157531270993,2.5697199716126584,0.45567948714696105,0.4648939867682102,0.45545949843920747,0.4595132006768625,0.4602486298756091,0.4512202178082772,0.45026443579212594
defocus_blur/s5,38272.0,0.7381025552749634,0.5154669284820557,0.727373715563671,0.4752613187283595,0.44978603737777956,0.23090109702248174,1.2195826792224387,2.543686284626672,0.46080889348633414,0.46918352401811286,0.46060984362048457,0.4650027235154716,0.4641809435102924,0.4552496735790539,0.4513732640332085
defocus_blur/s5,38400.0,0.7072247266769409,0.47816675901412964,0.7263908380570012,0.47540304752278734,0.4471666049087464,0.2312689283588309,1.2317427039211308,2.5455017007946945,0.4601518899421262,0.46696721596165947,0.4599717859290642,0.4639465451915718,0.4624036080185334,0.45134800922887625,0.4478405619241583
defocus_blur/s5,38528.0,0.7444292306900024,0.5327942967414856,0.7272707596488549,0.47820262065540675,0.4462837037871524,0.23758776920510516,1.22578040301004,2.5199098626399494,0.46031961606304217,0.4664862495405616,0.4601566546092246,0.4637530905629867,0.4623570123713202,0.45010429627431336,0.4461684977314959
defocus_blur/s5,38656.0,0.7481676936149597,0.47649914026260376,0.7282901222813478,0.47811952405087976,0.4470092287092556,0.23655695833489884,1.2267488712496777,2.525555539047767,0.46344579775840994,0.466738896818081,0.4632983472103692,0.4657530938407512,0.4615526566429375,0.44970397658133887,0.4469049881318294
defocus_blur/s5,38784.0,0.7269982099533081,0.4953904449939728,0.7282271021677849,0.4789620079993233,0.4460669463811884,0.2333376761614403,1.2264265898036006,2.5180262752217475,0.4624262691198938,0.46914254138031003,0.46229285312728824,0.4652761485614411,0.4651749498833479,0.45151680450934945,0.44597262757198836
defocus_blur/s5,38912.0,0.6917174458503723,0.5341290831565857,0.726446143323033,0.4816530848362629,0.4392283316155785,0.23035044940008964,1.2394940848803127,2.48752023642509,0.4533055355927177,0.4616319485065149,0.45394701344830773,0.4566463545282283,0.4580419980800548,0.44713388438948276,0.4399051853283725
defocus_blur/s5,39040.0,0.7295658588409424,0.47847989201545715,0.726598324567809,0.4814982949425651,0.4406253970180219,0.22623470168800497,1.240164661215536,2.5001107666635916,0.45557493732095394,0.4631088302667514,0.4553931632688138,0.4578355771787241,0.45913556161794367,0.44854068301987104,0.4404756316980693
defocus_blur/s5,39168.0,0.6914889812469482,0.46932289004325867,0.7248856736741084,0.480904372752355,0.44188948772421843,0.22838517624476834,1.2584613734488035,2.50720721805337,0.4568289587538197,0.46448232054475247,0.4566644862176477,0.46039881789936904,0.4624116235698348,0.4513007905254157,0.44175397728302396
defocus_blur/s5,39296.0,0.780021071434021,0.4833887815475464,0.7275752052721529,0.4810255634252911,0.44212234433583353,0.2267430714267059,1.2258678021245528,2.5125819696121874,0.4564764106273407,0.46187692418118287,0.45632759282393937,0.45898147056807864,0.4599661388755019,0.45140006090967116,0.44199973197351544
defocus_blur/s5,39424.0,0.7442660927772522,0.5309768915176392,0.728389394906548,0.48346221357613733,0.44595811168043,0.2273579486258297,1.2214767613243158,2.4905125524547156,0.4598568533992773,0.46844277315858357,0.45972220028864474,0.4628484930006232,0.46591448377729827,0.4566021669503925,0.44584716973927246
defocus_blur/s5,39552.0,0.7533231973648071,0.5252253413200378,0.7296056779532923,0.4854994393197422,0.45193845203208444,0.2288995775490107,1.2100748838630844,2.468763568895416,0.46455147175508665,0.4723573515610979,0.46442963512137336,0.46725836279235444,0.47079472327499733,0.4616065710479161,0.4518380697046005
defocus_blur/s5,39680.0,0.7547353506088257,0.4736344814300537,0.7308315156438061,0.48492066088609886,0.44831477426579436,0.23170732150627318,1.2017647116570187,2.485357334365878,0.462664508351866,0.4690023984083461,0.46327928317644784,0.4666009635973653,0.4675885033321064,0.4578248629172399,0.4482239464727527
defocus_blur/s5,39808.0,0.7142595052719116,0.4901899993419647,0.7300231248939576,0.485177701786385,0.44590973923752125,0.23435936110115496,1.1997998149423668,2.4876323840971826,0.46125459084068304,0.46695205114758737,0.46181085051241944,0.46405417348696765,0.46414834239627234,0.45451464396021524,0.44582755656457873
defocus_blur/s5,39936.0,0.7424105405807495,0.5357867479324341,0.7306273890738011,0.4876464357447288,0.44602020427142763,0.23523458550556617,1.193979747722476,2.453273818631123,0.4561307154483515,0.46281027352497345,0.4573962246456811,0.4601510397820808,0.4617606358029329,0.45453109664692876,0.44594584386360747
defocus_blur/s5,40064.0,0.7159782648086548,0.49730464816093445,0.7299127976462328,0.48811756805771445,0.4444842240909229,0.23511558866981924,1.1976432588048915,2.4514644762750426,0.44837139690478434,0.4566645901436553,0.4495164531148607,0.45128404610859296,0.45865209818932834,0.45218503747767913,0.4444169414137697
defocus_blur/s5,40192.0,0.7387343049049377,0.4885314106941223,0.7303431150734867,0.4881377555033929,0.4430200802155227,0.23489637737465502,1.1944606842558039,2.447680719615041,0.4457007107032581,0.454003921242415,0.44673677881481444,0.44761111489064237,0.45652727028314594,0.4499879190978881,0.4429592016004424
defocus_blur/s5,40320.0,0.6966110467910767,0.4718480110168457,0.7286976483280032,0.48734313382112227,0.4410818215394467,0.23404737655374794,1.2072092937143037,2.4645840373086694,0.44648172574637446,0.45475681987490374,0.44741917940352927,0.4474852800408489,0.45555278292722484,0.4481114663580534,0.441788932560543
defocus_blur/s5,40448.0,0.7394520044326782,0.5091135501861572,0.7292222510648166,0.48840510535112397,0.4384171329931579,0.23327918485321275,1.2053395661271438,2.4603226483309673,0.44330306654386403,0.45079052530025493,0.44415129201235454,0.4442111010958544,0.45151072744337234,0.4447776860979174,0.4390569401692956
defocus_blur/s5,40576.0,0.7394307851791382,0.5201990008354187,0.729720228338686,0.48995602708206515,0.4397798686987467,0.23483351586064044,1.2002541514229996,2.4410766039635923,0.45243617740227077,0.45848595418303845,0.4532036675495486,0.45249558879642743,0.457650396455306,0.44850943519032266,0.4418459881008319
defocus_blur/s5,40704.0,0.7215334177017212,0.5298610925674438,0.7293208717222486,0.4919026156423275,0.44010198113670057,0.22956604855683171,1.205656626343666,2.4168893244374154,0.4487279451688601,0.45710195497465883,0.4494223844990264,0.45023173144519096,0.45634592683433695,0.44803783517220747,0.44197144431967
defocus_blur/s5,40832.0,0.7153217792510986,0.5185970664024353,0.7286379891626803,0.49320478397208883,0.4400774023253549,0.22628715636819813,1.2109744464223702,2.4099033636751344,0.44857016930507804,0.4554221139300749,0.44919851090007085,0.4506930181606993,0.4547380456365416,0.44649571522720255,0.44176892731125406
defocus_blur/s5,40960.0,0.7654716968536377,0.5080834031105042,0.7304347553915075,0.4939305702715237,0.4412449309558981,0.22332035385843507,1.1991242112957061,2.4053872249283157,0.4488921638982889,0.45585412569163825,0.4494606990356977,0.4508129569437381,0.45527234825293256,0.44705233959582097,0.4427754541584874
defocus_blur/s5,41088.0,0.7661067247390747,0.5538065433502197,0.7321748514572425,0.4968513494460942,0.43940127304218973,0.22727261048107064,1.1818769753789504,2.372039664442518,0.45074508107632205,0.45700721307375475,0.4512595022208781,0.45172085515254345,0.4550307803050032,0.4453809390394073,0.44078611884298585
defocus_blur/s5,41216.0,0.7232235074043274,0.5287367701530457,0.731738200527832,0.49840673582204303,0.44894294247303423,0.22798580639007046,1.1877966338210821,2.3546246928593138,0.4584448354057619,0.46563531890849547,0.4589102932052085,0.46008992902261664,0.46457202072808435,0.4558778454960966,0.4501959766568599
defocus_blur/s5,41344.0,0.7367165684700012,0.5494202375411987,0.7319810477445231,0.5008951993205384,0.4499916511014188,0.2292817736581185,1.1833692539106044,2.3308215182088254,0.4607641848020011,0.46727026773338576,0.4611853396580143,0.4622526960400951,0.4671075511763333,0.45924090005922835,0.4511254196877358
defocus_blur/s5,41472.0,0.7425422668457031,0.5357998013496399,0.7324962291640927,0.5025978628341531,0.4480404826444128,0.22537928479119465,1.1733327011250279,2.319041751386057,0.4571370167066291,0.4644738710425221,0.4582431003092443,0.45920886417429185,0.4650144767038685,0.4585844193873208,0.45051636724868893
defocus_blur/s5,41600.0,0.7001017332077026,0.5060017108917236,0.7309160098491468,0.502763904202815,0.44036336948373106,0.22707206553682752,1.1820903542585155,2.3252277381334228,0.44943063796001353,0.4545447696940369,0.45043144293299253,0.4505430888810814,0.4564839494744699,0.45215312426419685,0.44336579094899214
defocus_blur/s5,41728.0,0.7483394145965576,0.5492523908615112,0.7317659320319473,0.5050316352593368,0.44012801010395886,0.22784152985218006,1.171215979584571,2.305235386392347,0.4438706129311009,0.4492229891163772,0.4447761598459736,0.4448771791719957,0.45246480496767916,0.4514834336739104,0.44360685189376386
defocus_blur/s5,41856.0,0.7036725282669067,0.5065200328826904,0.7303955220921892,0.5051042400214516,0.43392903234272545,0.22099016472645203,1.1816514237989306,2.32017935906249,0.4409776634552079,0.44509557789768567,0.4417970191110802,0.4418884232722221,0.44657880330508026,0.4456908403438535,0.4378389480847203
defocus_blur/s5,41984.0,0.735514760017395,0.5224958658218384,0.7306452410153699,0.5059526120117144,0.44239280677768317,0.2235654613616499,1.1761126876133645,2.3223213231180555,0.44869617853383176,0.4539093539454967,0.449437546738818,0.44952025092031517,0.4545263889512356,0.4522357335889358,0.44593057111056483
defocus_blur/s5,42112.0,0.7348414659500122,0.5352182388305664,0.7308499349146207,0.5073802035638535,0.444213687750658,0.22093207420051725,1.1747783361218056,2.3135246898886357,0.4469798557703498,0.4523846682635933,0.4476506594822975,0.44768831151088595,0.45591739297729283,0.4531197506179484,0.4474147225813022
defocus_blur/s5,42240.0,0.7313419580459595,0.545952320098877,0.7308739360429787,0.5092617702240986,0.4435746692853961,0.21923717124270478,1.1795603845211722,2.2940675371856036,0.4490519694388472,0.45245513410406024,0.4496589250877897,0.4489679784699926,0.4556516089937313,0.45315743051154045,0.4472332201345393
defocus_blur/s5,42368.0,0.7436821460723877,0.5218430161476135,0.7314987267761206,0.5098754895374408,0.4392970386573988,0.2206780115765342,1.1727379694753495,2.2947606077127314,0.44490365586941494,0.449507292666434,0.4454528406059061,0.44558985440384213,0.4524367027242506,0.4509421188626133,0.4426073633698003
defocus_blur/s5,42496.0,0.7606520652770996,0.5273537039756775,0.7329208408493391,0.5107280853636962,0.44442417953474334,0.22430547626883313,1.1541601176443834,2.2857685791848064,0.4494599705992743,0.45141320175231775,0.44995688314192933,0.45008085576933005,0.4562760112097472,0.4541986691195924,0.44741942277541114
defocus_blur/s5,42624.0,0.7328990697860718,0.5431971549987793,0.7329197788462528,0.5123119424190661,0.44434142003113897,0.2281639675222458,1.1467767396438504,2.264249352358333,0.4467228526362262,0.4506652170525135,0.4471724683277064,0.4472846410619578,0.45506517730519064,0.4524233645038072,0.4470515717081501
defocus_blur/s5,42752.0,0.7135722637176514,0.49351221323013306,0.7319759976204674,0.5113948824586303,0.44517745381758617,0.2279929474130493,1.161287693929536,2.2820184336920457,0.449544443105116,0.45387376272270846,0.44995126372780575,0.450052759699725,0.4563677184302171,0.45172795205847155,0.4468674542344415
defocus_blur/s5,42880.0,0.746872067451477,0.5138519406318665,0.7327026351731996,0.5115147389548858,0.4487967919432174,0.22772666449449613,1.1624829225515951,2.281518476438706,0.44981088516530715,0.4567025538972275,0.4501789840154625,0.45027081945465897,0.4581969361881976,0.456211014325363,0.4510509505595393
defocus_blur/s5,43008.0,0.7373489737510681,0.5154561996459961,0.7329292858355345,0.5117070053300619,0.45142098188318486,0.22534786240102833,1.1592837417071173,2.282552260321279,0.4538629424963903,0.45933645715507615,0.45419600516806574,0.4542790995779514,0.4606886019882501,0.4581295079053403,0.453460586437275
defocus_blur/s5,43136.0,0.7200393080711365,0.5292692184448242,0.7323005064323932,0.5125636986527332,0.4575691930067366,0.22769428834739092,1.1661174174790738,2.2738663688010985,0.458979348921481,0.46473126194697845,0.45928071020858297,0.4601180906948626,0.46667972256045714,0.4643642067364798,0.45941466506311435
defocus_blur/s5,43264.0,0.738706111907959,0.5321869850158691,0.7326129749921768,0.5135209321338617,0.4644706975391114,0.23427900807637214,1.162208420094795,2.264021241206852,0.46273503254584925,0.4701516950751661,0.46300770983179934,0.4644904021099857,0.4727140737742149,0.46989393720772504,0.466140514908386
defocus_blur/s5,43392.0,0.7263380885124207,0.5260676741600037,0.732306882968774,0.5141329683302589,0.463539518713259,0.22833930474965022,1.1655441711639523,2.254472221444286,0.46044466656884986,0.4694419858473097,0.4606913900381718,0.4635201675248592,0.47393551826923314,0.47214600148301594,0.46577541533352473
defocus_blur/s5,43520.0,0.7313141822814941,0.526069700717926,0.7322584585450043,0.5147152479589255,0.4640726400730915,0.2288394304129792,1.1635141622445127,2.2535953058537133,0.46413523964974457,0.4752877813645199,0.4643584796240686,0.46844240024111294,0.4771413880353977,0.4740721702889157,0.4668579159561518
defocus_blur/s5,43648.0,0.7624471783638,0.5087518692016602,0.7337310790239698,0.5144243514341809,0.46607940841830586,0.22867847927313584,1.1567052862089844,2.2542300537050046,0.4690361091655333,0.47691491103833117,0.4692381008377206,0.4721711128891926,0.47717923926343836,0.4744393343304228,0.46787456286097967
defocus_blur/s5,43776.0,0.7419219613075256,0.5665256977081299,0.734130634257314,0.5169658805207149,0.4676349079144814,0.23437014692114194,1.1508053824045412,2.2301527414936526,0.4711095609998668,0.47965129666228534,0.4712923268139042,0.47470836567784763,0.48061548061849474,0.476723514287075,0.4692591969729626
defocus_blur/s5,43904.0,0.7706463932991028,0.5336570143699646,0.7359118907959378,0.5177800821718977,0.47296486908859386,0.23440778909402551,1.1291785838634896,2.2243844406490028,0.4761459799409859,0.48314968603410824,0.47631134984173007,0.479402245208808,0.48474711244540775,0.48198778419431354,0.473709541104031
defocus_blur/s5,44032.0,0.7295396327972412,0.5440505743026733,0.7356010489423428,0.5190615695929112,0.47481309689693707,0.23440466818085237,1.1340972869174564,2.214849766363607,0.4768548694171561,0.4817047426876137,0.47700449917267773,0.47907618379690475,0.48318730400325105,0.48069061258747814,0.4747246948359495
defocus_blur/s5,44160.0,0.733879566192627,0.5554609894752502,0.7355170741740639,0.5208371510505863,0.47274879261168423,0.2333422071999265,1.1403798529231781,2.2033738000148295,0.47680845115020487,0.4826839164948605,0.4769438389301861,0.47958053275139323,0.48250097524624913,0.48024192251371456,0.4726688047861267
defocus_blur/s5,44288.0,0.7490280866622925,0.5637155175209045,0.7361761479539773,0.5229287786832847,0.47194060890087547,0.22912760092271753,1.1368554967849591,2.1782052634298403,0.4770267127896856,0.48165510826215513,0.4771492141658614,0.4788099288012308,0.48373898474095467,0.4817321321495299,0.47263042955365775
defocus_blur/s5,44416.0,0.7351018190383911,0.4981296956539154,0.7361237416654122,0.5217190673159984,0.4685881416646232,0.22657827543334524,1.140787365618104,2.1948522539767064,0.47315296261339185,0.47955304560781553,0.4732638041322279,0.4762536595518573,0.4822379510951767,0.47893490362845625,0.46993731906669445
defocus_blur/s5,44544.0,0.7219252586364746,0.4917822778224945,0.7354311327371713,0.5202587361211932,0.46189251247584284,0.22365812429156343,1.1429831280115748,2.2144441890757403,0.4696851018054545,0.4755131959366373,0.46978539326895813,0.4724906699454937,0.47794254825446975,0.47346667960671146,0.46456330297468307
defocus_blur/s5,44672.0,0.7179832458496094,0.531773567199707,0.7345800163036317,0.5208204351981939,0.4663190133704681,0.22029090246726232,1.1517522885993674,2.2115331071315327,0.47333271257947424,0.48085548543701684,0.4741856532790514,0.47663343782694584,0.48377862337599553,0.4782415643556265,0.4701856239289071
defocus_blur/s5,44800.0,0.7793845534324646,0.579789936542511,0.7367656034806479,0.52369699623938,0.4724248776540642,0.21850830615865913,1.1316612162489232,2.1798780441519874,0.47575940263734695,0.484778372010531,0.4765311592132285,0.48095818497012766,0.4881854765942232,0.4824504279505698,0.475198443781004
defocus_blur/s5,44928.0,0.731775164604187,0.5757193565368652,0.7365221674378937,0.5262346723514525,0.46902631702072084,0.21276837219947684,1.1273111720402416,2.1457862369437453,0.4676561876331973,0.483215588237964,0.46835448730715074,0.47384735237332787,0.48557338483034707,0.4803470261230319,0.47153589113081923
defocus_blur/s5,45056.0,0.7687153816223145,0.551026463508606,0.7380925681298166,0.5274440280176551,0.4675499870246974,0.21558711726079968,1.1129031880025853,2.1399932184039328,0.4670352833968429,0.481113717852435,0.4683921327746438,0.47336217903618777,0.4832470959708256,0.47775599448728817,0.47054571113026533
defocus_blur/s5,45184.0,0.7247928977012634,0.5271974802017212,0.7374438037186677,0.5274320012949266,0.4678872874863562,0.21599970574281757,1.1272564377878456,2.143217272069346,0.46883442358512667,0.4830228821258499,0.470062126085802,0.4752841310612978,0.48354035274933116,0.4778468873379924,0.470597874258854
defocus_blur/s5,45312.0,0.7517898082733154,0.49969029426574707,0.7381436088188943,0.5260787472935032,0.47380670093203314,0.2163358432092954,1.1179736782390814,2.158476445163398,0.4724142821374049,0.4867766530121461,0.47352513014664177,0.47825009717087086,0.4879327046589725,0.48129394148785626,0.4747348999094092
defocus_blur/s5,45440.0,0.7625982761383057,0.6102018356323242,0.7393365194198411,0.5301823125783237,0.476374177345403,0.2196144066159062,1.1155344561521428,2.115824199010314,0.4736270809821492,0.4880724504648865,0.47463219687866864,0.48111965960552916,0.49060567744574485,0.483873786438447,0.47721402900785925
defocus_blur/s5,45568.0,0.7145369648933411,0.5337156057357788,0.7381267850526947,0.530354668342102,0.46958811644399634,0.2216328152663851,1.1324017193441156,2.1179314006777554,0.469314717533521,0.48234797570320775,0.4702241650520256,0.4760941417370671,0.4831900567489458,0.4755745265751801,0.4695858346942022
defocus_blur/s5,45696.0,0.7517713308334351,0.5170601606369019,0.7387923726517551,0.5297061557711166,0.4715718471810341,0.22792073885792485,1.133020950294114,2.1333154025693117,0.4706366361501995,0.48471595541021945,0.4714595211446347,0.4782579949923135,0.4854035254700455,0.4777506572997317,0.4715697826114702
defocus_blur/s5,45824.0,0.7838975191116333,0.5636609792709351,0.7409926236985784,0.5313624886247663,0.4682172989663015,0.22701067448120388,1.11384222051284,2.117367366640789,0.4704198831555344,0.48384694716177495,0.47116444477155817,0.4773158300912009,0.48446907331346767,0.47529521103681854,0.4682154309054409
defocus_blur/s5,45952.0,0.7423316240310669,0.511467456817627,0.7410579407879682,0.5303919992683205,0.46823082196772425,0.22702378696365919,1.1067267351810048,2.129563175274485,0.47323536126089694,0.48607225260741205,0.4746340693025223,0.4809249717838885,0.4851107736524594,0.4746350481778709,0.46822913171158564
defocus_blur/s5,46080.0,0.741396427154541,0.5445645451545715,0.7410744523180448,0.5310833429700889,0.4690052529523549,0.22471188576545248,1.1072362575883814,2.1283311478925904,0.4706705737524237,0.48373566104454113,0.47193615074904005,0.47839047119767664,0.48286569704068455,0.4747999156921723,0.46900372357722886
defocus_blur/s5,46208.0,0.7721753120422363,0.6072185039520264,0.742591567426542,0.5347972532618906,0.4725688517195311,0.23237985023750934,1.0928675570946196,2.0972839251621593,0.47567441563202645,0.4852465439909262,0.4768195331881558,0.4818973270027758,0.48369718929142247,0.4763619403734646,0.4718424530404313
defocus_blur/s5,46336.0,0.7601155042648315,0.60646653175354,0.7434463936137755,0.538293315627337,0.46995596279917123,0.23996862118456377,1.0859001690370313,2.0698134758939535,0.47352812978959674,0.48363919893527585,0.4745642534082004,0.4783965403755039,0.4822001337967005,0.47560024468057077,0.46929870379208566
defocus_blur/s5,46464.0,0.7606109380722046,0.5452332496643066,0.7442836884654062,0.538631848994994,0.47724004724422336,0.24146253588442682,1.079230094901086,2.070497891161001,0.48036066948838585,0.49179593788254283,0.48129817336934727,0.48552789286801984,0.49049384503556304,0.4852843379887853,0.47664534709563494
defocus_blur/s5,46592.0,0.7250455617904663,0.5530570149421692,0.7433452432617506,0.5393355156265635,0.4704459320990266,0.23628912378358904,1.0914677942641995,2.0695039310683496,0.4733438895251843,0.48662797234940375,0.47419216043710716,0.4787443040168103,0.48320040945811504,0.4777245556698051,0.47063285123882254
defocus_blur/s5,46720.0,0.7235369682312012,0.528605580329895,0.7423789859431871,0.5388121041486771,0.47032169109019595,0.23229595911650144,1.098007507578478,2.086708493360597,0.4759554169945302,0.4879379214416675,0.47672294825986916,0.4808418122603025,0.48556161379285717,0.4791569299070633,0.47049081899717365
defocus_blur/s5,46848.0,0.7417622208595276,0.5564638376235962,0.7423488998415452,0.5396731643181853,0.46574764553729214,0.23314449959321756,1.097108395946665,2.0804904708822236,0.4759574296541823,0.4860744072056967,0.4766519061887335,0.47961653566205836,0.4817120550737274,0.4751919633483898,0.46590067560660386
defocus_blur/s5,46976.0,0.7619225978851318,0.5552034378051758,0.7433037143802567,0.540430738634624,0.46755780420120246,0.23013847940587978,1.0958466400259987,2.0697099922184763,0.4759964309958425,0.48671203055316165,0.4766248062540533,0.48010663339797194,0.4827648933772393,0.4761031982468179,0.4669712537761121
defocus_blur/s5,47104.0,0.7045304775238037,0.5448635220527649,0.7414123369726248,0.5406469719720943,0.4557735991612308,0.22974234216320236,1.1051942677146136,2.0723291861289215,0.4649334155530496,0.47386689379616825,0.46550198114956276,0.4686524029734178,0.4725448559350273,0.465030020543373,0.4552428774500098
defocus_blur/s5,47232.0,0.7615543007850647,0.5584202408790588,0.7423948717927438,0.5415139606992633,0.4517105260703343,0.22800824058907246,1.09959845820523,2.057966545255685,0.4644229476836338,0.47181828998451625,0.46493739638815285,0.4677879565274054,0.4698598904682787,0.4600859079396016,0.4512303192156245
defocus_blur/s5,47360.0,0.7495301365852356,0.5838178396224976,0.7427429334899385,0.5435775645491772,0.45028358724151013,0.23086364303151646,1.1025702819890266,2.0467715749158275,0.46628483249661334,0.47373847059277163,0.466750315232826,0.4693295549543032,0.47047926436778814,0.46011119332310174,0.44984908716654665
defocus_blur/s5,47488.0,0.7593156695365906,0.550459086894989,0.7435513596385557,0.5439132485660461,0.45280344211441814,0.23199723441459638,1.0953679287406868,2.048533044197885,0.4694195301768881,0.4762009005185042,0.46984070759615015,0.47289946643991376,0.4725268953619308,0.4624206573732526,0.4524102983821044
defocus_blur/s5,47616.0,0.711613655090332,0.5416059494018555,0.7419934228313252,0.5438006973873051,0.4468480282308328,0.22765038283438493,1.1135615104394936,2.0463505417142835,0.46184539286082493,0.4709557225988369,0.46222648200698646,0.4664813137746037,0.46618138479803495,0.4563120582181542,0.446492304484938
defocus_blur/s5,47744.0,0.730851411819458,0.5421552062034607,0.7414499100990389,0.5437204295246785,0.44969488455627404,0.22241596210059456,1.1179241949955592,2.048665069567084,0.46402697355223954,0.4737573789844324,0.46437179008484614,0.46970885083353486,0.4686752744067883,0.4597453245388533,0.44937301910862026
defocus_blur/s5,47872.0,0.756973147392273,0.5316345691680908,0.7422071411865137,0.5431308753609425,0.4491848122606144,0.22435361591612393,1.110423078220431,2.052120927815931,0.4636399623872435,0.47320640894427224,0.46395195878587203,0.4687810304091651,0.468608026396624,0.4597658468908958,0.448893582429632
defocus_blur/s5,48000.0,0.7592066526412964,0.5310777425765991,0.7430363856477225,0.5425429176641453,0.4486117486308117,0.22675749542440482,1.1032338848914676,2.0557486549109623,0.46473981724628033,0.47484574539217017,0.46502211737853144,0.47015374613464606,0.4691606532714248,0.4589106800244214,0.4483482384744023
defocus_blur/s5,48128.0,0.7419183254241943,0.5699223279953003,0.7429818461246235,0.543878498655909,0.45067725738695097,0.22599533048216522,1.1004538229328455,2.0396782657439965,0.4615707983531186,0.473689249697496,0.46182622875237733,0.4664694216958933,0.4693074679511226,0.4592709067918768,0.449713813634483
defocus_blur/s5,48256.0,0.7226884365081787,0.5030431747436523,0.7419919237043091,0.5418865316357989,0.4486980121865273,0.2245806946242554,1.1103086094728587,2.0567296979496614,0.4563052851249812,0.46795811944669324,0.45653640329111594,0.460737650445838,0.4632683871229372,0.4549493154256065,0.4478262703974114
defocus_blur/s5,48384.0,0.724165678024292,0.542360246181488,0.7411223507443082,0.5419096396624179,0.45129442387609037,0.21658967074568258,1.1202061930276535,2.0497948662605254,0.4545153710143346,0.46650910153386105,0.4547244910206944,0.45925087229513356,0.4645151498001115,0.4577129141953287,0.4505056557254389
defocus_blur/s5,48512.0,0.7383543252944946,0.5461630821228027,0.7409873251126099,0.5421171246604854,0.4559302907290502,0.21599591862235765,1.1150814547987002,2.0553058589441497,0.46185626371969235,0.47335906807436207,0.46204547938279367,0.46537883804931474,0.47151772328731084,0.4647122798876234,0.4552165986665036
defocus_blur/s5,48640.0,0.7658839821815491,0.566635012626648,0.7422017961891435,0.5433131191954202,0.4525773183812525,0.21763372529720762,1.1087476602999047,2.050538583199312,0.46167586384155385,0.47132161959613605,0.46184706968544265,0.4648631544753169,0.46958117615704925,0.46269846978529156,0.4519315565566639
defocus_blur/s5,48768.0,0.7892909646034241,0.5881272554397583,0.7444988287947182,0.5454991746219733,0.44972938801777806,0.21773997393042996,1.0839167605771278,2.028184967664481,0.46238637055502874,0.4681396094025716,0.46254128078022494,0.46378308028373405,0.466564823875593,0.45961220853267604,0.449145090733305
defocus_blur/s5,48896.0,0.7217736840248108,0.5435245037078857,0.7433902851474056,0.54540284921153,0.443880665779322,0.21685083304472574,1.0987528169430563,2.029625768493772,0.4584188992350974,0.4651117465207087,0.45932126000399887,0.4604076829931942,0.46140026598142586,0.45365938083176693,0.44262696787945083
defocus_blur/s5,49024.0,0.7344468832015991,0.5802749395370483,0.742954021637854,0.5471039267883845,0.4432733448247167,0.2125699685074526,1.1065607305952678,2.011892688765117,0.452728373430448,0.460271395870314,0.4535448462023095,0.45452786188735766,0.4584003893859302,0.45212130770084324,0.4421389756958029
defocus_blur/s5,49152.0,0.7559896111488342,0.542969822883606,0.7435899040530237,0.5469022631832734,0.4427981900525842,0.21232163718015196,1.101359554153781,2.018649228718457,0.45429051516223157,0.45886617675118835,0.4550292748802574,0.4551565305952831,0.4571732553575252,0.4514918257067118,0.4417717918104201
defocus_blur/s5,49280.0,0.7347961664199829,0.5382922291755676,0.7431609412416559,0.546482261524361,0.4482799209220586,0.2099218977697865,1.1053968614215814,2.022621391522031,0.4579161948612458,0.462781353265055,0.4585846383657772,0.45946197682059814,0.46048737144485175,0.45465887382504977,0.44586400674815524
defocus_blur/s5,49408.0,0.7359493970870972,0.5802154541015625,0.74280915859997,0.5481277831134928,0.44641731690806136,0.21301157436516674,1.1096475221085855,2.011530877332827,0.45368636667695106,0.46033785741591227,0.45429118676641705,0.4550850188840748,0.4582250398379652,0.45295130701243347,0.44499354804517793
defocus_blur/s5,49536.0,0.7038440704345703,0.5025568604469299,0.7409084225919017,0.5459048112760995,0.4418691189870085,0.21359494622808958,1.1312170726081667,2.0351984997981662,0.45073287550008473,0.4590006728908998,0.4512801279427247,0.4519984019766078,0.45483955121567216,0.44858056987859085,0.4406180467440307
defocus_blur/s5,49664.0,0.7700878381729126,0.618815541267395,0.7423318087178047,0.5494614322512845,0.4474764604278643,0.2238826075032268,1.1189253731479918,1.990724826855381,0.4554593715857399,0.4645017986121705,0.4559545357530543,0.4573666385523025,0.46073673848842195,0.454311300883603,0.4463444670420409
defocus_blur/s5,49792.0,0.7012941241264343,0.5002585649490356,0.7403299704450549,0.5470612923828821,0.4436268270736357,0.22339407853206897,1.1350557697703467,2.0251911336727475,0.4529877776216005,0.45968232343195203,0.45343581135062194,0.4547135081725473,0.45703782227298617,0.45049895219747776,0.44405260819211434
defocus_blur/s5,49920.0,0.7660809755325317,0.5720142126083374,0.7415861170346878,0.5482785080036361,0.44914122782807847,0.223862964573038,1.1197644002119966,2.0076477917398745,0.45242454477242966,0.4614191338132058,0.45282993400612487,0.4554360475493423,0.4575763103374253,0.453109849073387,0.4495264824867376
defocus_blur/s5,50000.0,0.7852973937988281,0.5585718154907227,0.7437183744378165,0.5487806205639817,0.44933450774926076,0.21952814938464651,1.1332471463824043,2.05029259923124,0.4537553436043221,0.4604437849672136,0.45412214730714806,0.4557551923394108,0.45696672696206064,0.45292538991113723,0.4496830933148887
