corruption,n_samples,r_l,r_s,r_l_ema,r_s_ema,large_acc_ema,small_acc_ema,large_ent_ema,small_ent_ema,fixed_ts_duo_acc_ema,"PW NN - β=0.5, pbs=256_duo_acc_ema","PW NN - β=0.01, pbs=256_duo_acc_ema","PW NN - β=0.1, pbs=256_duo_acc_ema","PW NN - β=1, pbs=256_duo_acc_ema","PW NN - β=2, pbs=256_duo_acc_ema","PW NN - β=4, pbs=256_duo_acc_ema"
pixelate/s5,128.0,0.534212052822113,0.14331591129302979,0.534212052822113,0.14331591129302979,0.4977134146341463,0.48437499999999994,2.6800244261578814,5.83800448440924,0.53125,0.53125,0.53125,0.53125,0.53125,0.53125,0.53125
pixelate/s5,256.0,0.4979885518550873,0.12199435383081436,0.532445052774941,0.14227583531926316,0.48515963929716627,0.47454082391433666,2.7019019791631633,5.852023215217848,0.5237024092801904,0.5198914336704343,0.5229402141582392,0.5229402141582392,0.5191292385484831,0.5191292385484831,0.5191292385484831
pixelate/s5,384.0,0.5821086168289185,0.15418358147144318,0.5348676656556228,0.14285670098522316,0.49034596155323606,0.4711639459688912,2.6904749493132325,5.842286821562632,0.5326934054224686,0.5247463537255982,0.5320037571294954,0.5304793668855929,0.522569495438574,0.5210822854445228,0.5210822854445228
pixelate/s5,512.0,0.5602412223815918,0.17408843338489532,0.5361054001300603,0.14438020012667058,0.49122766658088757,0.47074828186715256,2.6768461677000284,5.821462488248548,0.5346938843828523,0.5260160345131677,0.5340698778072352,0.532690581221289,0.5196219229994473,0.5190384629155974,0.5190384629155974
pixelate/s5,640.0,0.5201631784439087,0.15184086561203003,0.5353277307795162,0.14474413502839542,0.488140113545229,0.46892215152881556,2.6899633670283376,5.819746432153017,0.5333808138883512,0.5217923191520095,0.5328162011569333,0.5308431731335994,0.5145567786330514,0.5133038382478426,0.5133038382478426
pixelate/s5,768.0,0.5484845638275146,0.1870606541633606,0.535969527513565,0.14680835547400348,0.4893433151114178,0.46444413591631667,2.6880333206023046,5.79676239687291,0.5339030148269971,0.5212796653362323,0.5333921427481829,0.5316440906223705,0.5154950091022434,0.5128741153926047,0.5128741153926047
pixelate/s5,896.0,0.5797907114028931,0.1349671185016632,0.5381071462398735,0.14623073415827956,0.49188202396458447,0.4581429391604507,2.6732739733042337,5.806778053986859,0.5388743221605369,0.5260396317527718,0.5384120756216455,0.5360682104917462,0.5170317720669317,0.5131731287996144,0.5131731287996144
pixelate/s5,1024.0,0.5456984043121338,0.17361730337142944,0.5384774515116911,0.14756666436379906,0.4862039312612332,0.4613647593474393,2.6655038696743203,5.793864093207218,0.535973583584876,0.5208098036263925,0.5362803492091153,0.5341967567864045,0.5104099198773367,0.50691854783118,0.50619353295908
pixelate/s5,1152.0,0.5196691751480103,0.14644643664360046,0.5375599746159018,0.1475120191091552,0.48396634708407826,0.46050612669093105,2.676622917832273,5.7954826040918395,0.5370855565928592,0.5211156819248918,0.5366381089512577,0.5339906407329693,0.5088056145945444,0.5041593463719362,0.5020533097149081
pixelate/s5,1280.0,0.5321312546730042,0.15054500102996826,0.5372951590089312,0.14765996944675586,0.48407960375662284,0.4559182443170173,2.6760439070769144,5.7950014310168125,0.5365673001652224,0.5214296265364428,0.5361624412343028,0.5338041431022286,0.5073168291483058,0.5023506043020315,0.5004450232459103
pixelate/s5,1408.0,0.5491558313369751,0.16131266951560974,0.537873728390787,0.14832595481596822,0.48715650048413045,0.45275231981331543,2.66737719710829,5.786228156459086,0.5383105969966111,0.5224387043200055,0.5379442731215791,0.5343604114565673,0.5089069881823753,0.5036884408943425,0.5019642357864542
pixelate/s5,1536.0,0.5507426261901855,0.1297072172164917,0.5385014795029527,0.14741772371355472,0.4869661137634517,0.45057556718385056,2.6551566091063576,5.798897697591693,0.5383263938321508,0.5203401363894874,0.5372699223188113,0.5340271777664717,0.5080963884743563,0.5019245202857198,0.5003644275021992
pixelate/s5,1664.0,0.5878524780273438,0.16122061014175415,0.5409088452846303,0.1480910352466376,0.48683102857478294,0.4479553466309558,2.630419580375073,5.786953348106466,0.5414266478397985,0.5214529134136885,0.5404707328060154,0.5367744422265339,0.5074001230633528,0.5003656724298511,0.49895407152340576
pixelate/s5,1792.0,0.5914008617401123,0.15851855278015137,0.5433718704775807,0.14859969463851633,0.4855748033683788,0.4440229519486518,2.605602923947071,5.776495238666065,0.5425587039645055,0.5229988883415944,0.5409687594276915,0.5376242871068162,0.5072348823196666,0.49858339545853864,0.4965439576365854
pixelate/s5,1920.0,0.5759055614471436,0.16651423275470734,0.5449588797931691,0.1494735745466232,0.4870593551001214,0.4441271028637117,2.5895626591156984,5.767209712140398,0.5467061503450402,0.5245836163995032,0.5452675390181551,0.5415163835154475,0.5073828114266585,0.49882977066771994,0.49698444947367415
pixelate/s5,2048.0,0.577347993850708,0.15574905276298523,0.5465388365764637,0.1497796954352262,0.49576429453140075,0.44784641490523824,2.572778307274845,5.761313666020572,0.5533217160468805,0.5312041526137088,0.550570004072941,0.545725859207017,0.5148783498988385,0.5064143850003581,0.5047447041341215
pixelate/s5,2176.0,0.6185989379882812,0.18404513597488403,0.5500539634746011,0.15145118033959976,0.5004803640584536,0.447549462861908,2.5383099606497814,5.74228551230562,0.5622820226694261,0.5354842451668358,0.560554417724535,0.5554091504187227,0.5192623261131073,0.5101167635845001,0.5086060053468167
pixelate/s5,2304.0,0.5995951890945435,0.18575967848300934,0.5524706086267933,0.15312476561488803,0.5025725066822772,0.44861926413620584,2.5150430354009545,5.725597697743879,0.5636412590602005,0.5371819077327527,0.5620780900410575,0.5566975418125385,0.5210539845437454,0.5120538949506392,0.509924737734984
pixelate/s5,2432.0,0.6320109963417053,0.17661289870738983,0.5563506275397159,0.15427052820476617,0.50675210152513,0.4460737065741636,2.4777547275879908,5.712761915971623,0.567194886990223,0.541078930197214,0.5657805026486903,0.5609120827465027,0.5249616957115031,0.51605605248062,0.5134045366418267
pixelate/s5,2560.0,0.6169880628585815,0.1932656466960907,0.5593085512138068,0.15617272910678198,0.5098088616417148,0.4518571431881635,2.4545270903454584,5.6891735117851745,0.5673986752600412,0.5438056530814768,0.5653938991842105,0.5617138773690842,0.5270474355604975,0.5182272491511143,0.5158281084070305
pixelate/s5,2688.0,0.5768323540687561,0.1630355417728424,0.5601633708652678,0.1565075004563459,0.5089496005693326,0.44889185888708905,2.445296684150041,5.687079817864751,0.5683824420407629,0.5442093386894266,0.5666056636877954,0.5625508967747632,0.5267967873215448,0.5165667138363145,0.5143959267621019
pixelate/s5,2816.0,0.6052947044372559,0.20109280943870544,0.562364899332194,0.1586823935774366,0.5021117444770701,0.4500569704742786,2.4229428199711536,5.660900016228159,0.563398093006544,0.536952649700546,0.561028235853145,0.5566343926201159,0.5197102400452527,0.5090038499375577,0.5070396815021755
pixelate/s5,2944.0,0.6120719909667969,0.19768661260604858,0.5647896355094917,0.1605850384081006,0.5043460519628933,0.44828548607458524,2.4061108089865613,5.64174524504024,0.5612119271046718,0.53659576454166,0.5590676363668254,0.55589138082998,0.5195073022658115,0.5105821569036437,0.508804940847596
pixelate/s5,3072.0,0.5982714295387268,0.1834295392036438,0.5664228937548202,0.1616994043005661,0.5002701338700539,0.44131006800680794,2.387439631602431,5.628319968359334,0.5553485075111277,0.5331125269886169,0.5534083134526719,0.5498093636183222,0.5154383442869122,0.5051504822429755,0.5043046192916083
pixelate/s5,3200.0,0.6058183312416077,0.215370774269104,0.5683446224127123,0.16431751990878746,0.5010066172613635,0.4381217212601754,2.373080871193309,5.601275956743051,0.5575535871055474,0.5351474738546617,0.5557980635107163,0.5517794717807663,0.5169433204404481,0.5061474619224068,0.5046570945523713
pixelate/s5,3328.0,0.6525825262069702,0.18143907189369202,0.5724537884514566,0.16515271756658767,0.5075103003298833,0.4462236097779457,2.336929596577016,5.596977774387269,0.5638988732822947,0.5398887910368474,0.5623104429505053,0.5586743465666539,0.5226923202795488,0.5128868468673293,0.5108133199370355
pixelate/s5,3456.0,0.6313709020614624,0.20301084220409393,0.575327793993408,0.1669994553537831,0.5143058696024703,0.44699203478420907,2.3179873609187576,5.58278577716955,0.5667773267473946,0.5442903635734948,0.5653400855013198,0.5620500780058778,0.528767857909098,0.5191706687003022,0.517294503048323
pixelate/s5,3584.0,0.6308422088623047,0.2091474086046219,0.5780358142309152,0.1690554530733362,0.5175173870704087,0.45581120458464125,2.2931965120250526,5.5653319522684725,0.5738806150998139,0.5491095437211694,0.5725801725446207,0.5703655078209043,0.5320900725043058,0.5219191475866505,0.520221558082391
pixelate/s5,3712.0,0.6314206719398499,0.19601723551750183,0.580639953631351,0.1703706619730516,0.5189360176883353,0.4563549031369657,2.261821884136795,5.554666800350674,0.5759577130082194,0.5504956073765013,0.5747810484475717,0.5727771787005327,0.5336088639375665,0.5236810074237331,0.5213828018104204
pixelate/s5,3840.0,0.6410375237464905,0.22392891347408295,0.5835861765637967,0.17298325960724825,0.5193458851302546,0.4634091657771117,2.2381178546956173,5.523753786545717,0.581276282858716,0.5508760076262096,0.5794494198029485,0.5762234317688937,0.5333471636222716,0.5236392399116585,0.521559780817162
pixelate/s5,3968.0,0.6367228031158447,0.22640454769134521,0.5861782071273113,0.17558917609915542,0.5265764968965598,0.4676541291772676,2.2190569701910605,5.496817380246794,0.5870367199453344,0.5565555666861777,0.585383740345202,0.580977596502372,0.5414573384113475,0.5304612039890735,0.5285796708048205
pixelate/s5,4096.0,0.676842987537384,0.20604047179222107,0.5906008793424368,0.17707460515735374,0.5403690373466196,0.4727219990949577,2.1797337023581687,5.4858850388195,0.60018685368046,0.5704690761033172,0.5986912070583297,0.5947044463296298,0.5545585138153832,0.5431217973036174,0.5421815462784842
pixelate/s5,4224.0,0.6556671857833862,0.1955200433731079,0.5937748455102879,0.17797438263129295,0.5387760593719263,0.46277002416622876,2.1545526185147703,5.48128086290783,0.5958375695704817,0.5652489379852144,0.5937220856250561,0.5893525953999803,0.5508899461708494,0.5412668076732908,0.5404160510943333
pixelate/s5,4352.0,0.635938286781311,0.21503978967666626,0.5958315987430207,0.17978245126765263,0.5417591530664485,0.46330202662512426,2.1424749568496484,5.463020305963077,0.5963267063157066,0.5679245298486086,0.5951747722996492,0.5904961615724985,0.5527200226804652,0.5440128283587599,0.5432430480157531
pixelate/s5,4480.0,0.6147980690002441,0.23074248433113098,0.5967567924141047,0.1822683065390418,0.5393088470042047,0.4592845820920963,2.1327390879312715,5.437087545846242,0.593943587332653,0.5659953657940117,0.5929012960545904,0.5879058071099167,0.5499886403908314,0.5413480142377595,0.5406515026959906
pixelate/s5,4608.0,0.6310180425643921,0.23742693662643433,0.5984280729092406,0.18495897142135362,0.5372404855998781,0.4609848895669711,2.1325360663566215,5.411948249103109,0.5932373267893903,0.5635619877291443,0.5922942422956764,0.586324201436159,0.5483537906213292,0.5398105768326187,0.5384553453900068
pixelate/s5,4736.0,0.6767462491989136,0.22882719337940216,0.6022484717526393,0.18709888468759986,0.5405184584160706,0.45642579835298214,2.103190894429603,5.395017843949712,0.5949220547570866,0.5665840471957336,0.594068734403167,0.5886669306272445,0.5535484030547541,0.544293954409526,0.5416176861024392
pixelate/s5,4864.0,0.6350541114807129,0.22884142398834229,0.6038487468613258,0.18913510611690437,0.543484429060585,0.4576731941076061,2.107097015362585,5.3801638355014605,0.5993836676297017,0.5722185221800777,0.5978865526634247,0.5929617200975841,0.5582114045486501,0.5476255827822063,0.5444790306732956
pixelate/s5,4992.0,0.6527959108352661,0.23336480557918549,0.60623641339664,0.19129265243213758,0.5409070889953301,0.4549537050789225,2.0890500376897387,5.363507382074409,0.597360237040319,0.5706056646257573,0.5960056196318079,0.5915867199693191,0.5556823594994033,0.5453790966161427,0.5418070229946953
pixelate/s5,5120.0,0.6649590134620667,0.21196089684963226,0.6091009304730022,0.1923008594768934,0.5474611435823302,0.4541289919244742,2.07791412301297,5.3598619828964935,0.6000282097194082,0.576582371145614,0.5988025267459725,0.5948042243148925,0.5608300825690614,0.5515074990798055,0.5482754205680734
pixelate/s5,5248.0,0.6580316424369812,0.26600146293640137,0.611487794471245,0.19589601086516206,0.5467175189700918,0.45777004563779017,2.057039238112898,5.319567186942569,0.6017544062957881,0.5768779217801777,0.6014075807142321,0.5977898424645756,0.560338373341786,0.551865946520157,0.5474542919000831
pixelate/s5,5376.0,0.6522986888885498,0.21692928671836853,0.6134785698086744,0.19692202432141603,0.5430330733810289,0.45504133814103437,2.0400578643589014,5.3131092952352486,0.5958430707768553,0.5695977507600537,0.5955292565534486,0.5914936647166088,0.5545952801028297,0.5476914661851033,0.5436997192028711
pixelate/s5,5504.0,0.6636451482772827,0.24736887216567993,0.6159257199778748,0.19938284616747767,0.5426737386154342,0.4563461483120245,2.0264246483834776,5.2910262018100855,0.595755390036643,0.569795912496158,0.5962336402247443,0.5910949518345996,0.554697008350032,0.547650934008056,0.5432769321282372
pixelate/s5,5632.0,0.6448863744735718,0.2909303903579712,0.6173384348313234,0.20384858003042858,0.538686351239783,0.4597018093888098,2.021434615836521,5.241915006590027,0.5919394397654574,0.56845082266904,0.5916099742902058,0.5877225887807411,0.5510896190960135,0.54395200513162,0.5392321319256684
pixelate/s5,5760.0,0.644081711769104,0.2451372891664505,0.6186429849258492,0.20586266340291745,0.5377926473740094,0.4582392635814275,2.013616595022335,5.228356576742646,0.5889142700078885,0.5668991381794228,0.5886161635308761,0.5858237998426573,0.5489781740898492,0.5425571087478847,0.538286479868496
pixelate/s5,5888.0,0.6636605262756348,0.2404961735010147,0.620838962552668,0.20755210291989779,0.5371327285281787,0.45100426526314763,2.0002005798587166,5.2156133399068425,0.5864001217620455,0.56571822675247,0.5868554043607749,0.5835666267463901,0.548740810702356,0.5422058967314293,0.5375795573349091
pixelate/s5,6016.0,0.6581717729568481,0.25375208258628845,0.622660075255311,0.20980576046459976,0.5446966865504818,0.4533068039650491,1.9867278249552502,5.189773372184296,0.5900741137418627,0.571323571023502,0.5904860618874114,0.5889975248550026,0.555199894752102,0.5492869833007161,0.5451009855481241
pixelate/s5,6144.0,0.6303998231887817,0.23167240619659424,0.6230376239349924,0.21087242611006288,0.5457033969323514,0.4466156447536226,1.9897517432359768,5.188291175895058,0.5889739601435889,0.5704837308309022,0.5893466984715958,0.5880370227867098,0.5558947292789691,0.5498567826296187,0.5460692141693615
pixelate/s5,6272.0,0.6512815952301025,0.2181464433670044,0.6244153786323148,0.2112272562201576,0.5435655066829901,0.4413235548306127,1.9879692259040975,5.192348358165738,0.5841675451388452,0.5660243929766818,0.5845048056961911,0.5833197868284268,0.5520617984731183,0.5473235671502973,0.543896504908744
pixelate/s5,6400.0,0.6693304777145386,0.27080440521240234,0.6266063590753501,0.21413345861002317,0.5431554941492135,0.44309748774382024,1.9719474970801545,5.160785776787466,0.5805064462559092,0.5634395310633747,0.5808116058678802,0.5811894085461257,0.5493558866612807,0.5458308421389662,0.5434549874873287
pixelate/s5,6528.0,0.6477147936820984,0.2728143334388733,0.6276360388122647,0.21699594030899147,0.5436582430701689,0.4499635805225167,1.9653554209438238,5.1336556730555944,0.5826779028883033,0.5635360063934521,0.5821918218471419,0.5818086498504801,0.5492684732967329,0.5460789475867743,0.5439292302012058
pixelate/s5,6656.0,0.6813489198684692,0.28511181473731995,0.6302561793515917,0.22031866589086116,0.5447266137476068,0.4539639238398262,1.9467639420165481,5.103997580170584,0.5859068056472988,0.5664118178015708,0.5854669904994068,0.585120289365009,0.5535022890448129,0.5484413023673311,0.5449718079333933
pixelate/s5,6784.0,0.7282027006149292,0.29611387848854065,0.6350340584376082,0.2240159933346504,0.5434067100000654,0.46646958843567854,1.904182081227333,5.069292699708631,0.5887911965434511,0.5674523348460376,0.5883932436345019,0.5865923320191426,0.5535593287550031,0.5475300243311783,0.5436285662502625
pixelate/s5,6912.0,0.6517285108566284,0.2772589921951294,0.6358484219702433,0.22661321279125912,0.5460234122011299,0.4638981225524491,1.8914797284716034,5.047043405344597,0.5894119035946395,0.5693047301016201,0.5890518284164646,0.5874223301612824,0.5574590952030695,0.5497542635382048,0.5462241518540447
pixelate/s5,7040.0,0.649808406829834,0.26559174060821533,0.6365293968414428,0.22851460439208623,0.5431672278155375,0.4659586819763683,1.8867442443898481,5.030141477003772,0.5876869454892604,0.5672441965999786,0.5873611427849152,0.5844367127753187,0.5550388362902252,0.5465429713513441,0.5433488607792992
pixelate/s5,7168.0,0.6755180358886719,0.2666706442832947,0.638431281673015,0.23037587463068177,0.5374225779342252,0.4645512524009852,1.8685646840587993,5.019621723853154,0.5799170696544705,0.5598957007903435,0.5796222773205568,0.5777383938912907,0.5488520642459442,0.5404770133405082,0.5375869228110138
pixelate/s5,7296.0,0.6822918653488159,0.26728105545043945,0.6405708223401272,0.23217612735359677,0.5383594533241859,0.46128864063170644,1.8460697160187787,5.005144378706077,0.5819959030008623,0.5609057768602691,0.5817291694256793,0.5792995818611857,0.5509504697906491,0.5411231631712748,0.5385081556190077
pixelate/s5,7424.0,0.7148001194000244,0.2660694718360901,0.6441917636601222,0.23382946123079157,0.5466432055360422,0.4649732435459997,1.8244103124129416,4.996669088372795,0.5861634553624696,0.5685307475338901,0.5859221098729673,0.5844487888226433,0.5595230009230084,0.5506310714952463,0.5467777541323681
pixelate/s5,7552.0,0.6835224628448486,0.2780856192111969,0.64611033435206,0.23598829820544548,0.5541384982869245,0.4631204957962317,1.8026522721204876,4.975331027912335,0.588409943846708,0.5747049476496411,0.5881915699683422,0.5876206768585606,0.5665173910790575,0.5577467934231229,0.5542602403541533
pixelate/s5,7680.0,0.6664721369743347,0.3035081624984741,0.6471035930165612,0.23928195012217857,0.5542093431852542,0.45690810476268195,1.8001334600109515,4.941562764210741,0.5882303834567775,0.5727810680399192,0.5880327947185298,0.5875162400368059,0.5646849802684393,0.557474195595818,0.554319497667262
pixelate/s5,7808.0,0.7031323313713074,0.26072758436203003,0.6498367022045975,0.2403280786216835,0.5609844800623269,0.4579236926496366,1.7879015097648843,4.942375140003196,0.5909679733716589,0.5770263262871608,0.5907891914139701,0.5895967882783949,0.5719502409210565,0.5639385791203089,0.5610841498821567
pixelate/s5,7936.0,0.6817208528518677,0.32719141244888306,0.6513920266264156,0.24456531441813226,0.5564811982003564,0.4589541561690049,1.7798425357805001,4.894311512463647,0.5911584101715011,0.5754577883895131,0.5902344498159718,0.5898805561995472,0.5679276123979339,0.5599163169791729,0.5565713813032482
pixelate/s5,8064.0,0.6988286972045898,0.34038418531417847,0.6537060105570582,0.24923940568135403,0.5570912566702807,0.4620244030535732,1.7639586925226505,4.8404925685623725,0.5914050814222801,0.5764366723024684,0.5905690649435413,0.5917360654250513,0.5703482441744542,0.5601994158984663,0.5571728560156101
pixelate/s5,8192.0,0.6732312440872192,0.30348092317581177,0.6546584609731636,0.25188533336401053,0.5584798045184396,0.4656389750413354,1.7557410843270675,4.820250434243667,0.5954020695082022,0.5788839551291222,0.5946456262814553,0.5964265648491986,0.571925002611151,0.5612921246767205,0.5585536371206085
pixelate/s5,8320.0,0.7011858224868774,0.33697929978370667,0.6569280883640765,0.2560362585552152,0.567599811226976,0.46509853125393874,1.7409083784155786,4.7790498531055166,0.6002083865092062,0.5845374751644228,0.5995239426377713,0.6011353689087633,0.5790030808873056,0.5701444507039214,0.5676666163357795
pixelate/s5,8448.0,0.668913722038269,0.3190447688102722,0.6575127534213541,0.25910984442131557,0.5679137792244083,0.4647954289335162,1.7379066938892456,4.7530459624165795,0.599705208733196,0.5825142770524014,0.5990859112147829,0.5997817644915103,0.577506654390001,0.570216216252626,0.567974225726782
pixelate/s5,8576.0,0.7103546857833862,0.3322197496891022,0.6600904086585264,0.2626761812636466,0.5681235027961482,0.4682206111885058,1.722150873763953,4.723373674631667,0.5999005785146884,0.5843087242098172,0.5993402266256305,0.6006948624578151,0.5782533440375918,0.5701696103035361,0.5681781959134059
pixelate/s5,8704.0,0.6521288156509399,0.29004454612731934,0.6597020382679124,0.2640112234521184,0.5646138297162054,0.46239651970120005,1.7418125691142314,4.7160123755491465,0.5985529624752176,0.5822329384432671,0.5980459456856536,0.6007588553232224,0.5759917229513248,0.5664651857654243,0.5646633170638252
pixelate/s5,8832.0,0.6746179461479187,0.3087611198425293,0.6604296435303517,0.2661941452272604,0.5567906811411948,0.46292689260292996,1.738238863796475,4.699055810290962,0.5972220737208839,0.5772687682166622,0.5967633155192618,0.5984929916398698,0.5700972103563147,0.5584658224564011,0.5568354582118251
pixelate/s5,8960.0,0.7479830384254456,0.342265248298645,0.6647005408423075,0.2699049307429377,0.5669451969159769,0.47084283381859393,1.6972954170640675,4.667320283830455,0.6065026913322213,0.5862363453049036,0.6060875983966669,0.6076526414540404,0.5789851915240658,0.5684608958692362,0.5669857120405628
pixelate/s5,9088.0,0.7082325220108032,0.2952982187271118,0.6668240521188195,0.27114362771777545,0.5695336969120767,0.4750680846151584,1.6785132725499303,4.66258524295017,0.6118883661608022,0.5884758960194875,0.6115127823684297,0.6107538177582363,0.5811527223724593,0.5709051294569354,0.5695703557487781
pixelate/s5,9216.0,0.717491090297699,0.35975271463394165,0.6692956149568136,0.27546602220149086,0.5733630297461443,0.48110339482430453,1.662685216750961,4.62467785620563,0.6138985454673291,0.592714507939108,0.6135587102810122,0.6128719850150371,0.5853633496302859,0.5753289422391427,0.5733961993419937
pixelate/s5,9344.0,0.7008293867111206,0.3695615530014038,0.6708338477253163,0.28005604809416956,0.5700424855704256,0.4790166647993856,1.6452144134621447,4.575872859799236,0.6103820271599092,0.5927015268146242,0.6100745379758593,0.6086909810873714,0.582387807726154,0.5725462945542749,0.5700724980363905
pixelate/s5,9472.0,0.7018314599990845,0.31757521629333496,0.6723459263728171,0.2818862514209581,0.568599566063425,0.4757157032479866,1.6363586443599487,4.564470520570881,0.6088733273707447,0.5928385022516618,0.6085951054499001,0.6080682523699535,0.5834692775440095,0.5715900737757597,0.5693517367717726
pixelate/s5,9600.0,0.6809589266777039,0.3039143681526184,0.672766072729153,0.2829607937005512,0.5754922308045624,0.4752014185842877,1.6303741948888542,4.561295551274711,0.6089954377935173,0.5959740404073631,0.6087436974356323,0.608266990990303,0.5882587871174529,0.5781980976876444,0.57617280882205
pixelate/s5,9728.0,0.7203770279884338,0.31566929817199707,0.6750885583515569,0.2845563305040364,0.5744043325721233,0.4716129432877464,1.6219389805728734,4.551329269433907,0.6062430463319094,0.5952604196666266,0.6060152669836981,0.6063461292660624,0.5874801399200749,0.5768526511498556,0.5750201321941333
pixelate/s5,9856.0,0.6890778541564941,0.37013310194015503,0.6757709630249684,0.2887308071594568,0.5849458595135035,0.4735526690902214,1.6246107009239403,4.5013980459724054,0.6145534940338098,0.6046533898351809,0.6143473950518767,0.6146467653858899,0.5975764680656953,0.5871611436043606,0.5855030464409736
pixelate/s5,9984.0,0.7430267333984375,0.3775876462459564,0.6790517323114791,0.2930652871148958,0.5859325712790237,0.4716826946378505,1.5944808728463757,4.459560531742649,0.6134099431442145,0.604452145115592,0.613223460960086,0.6134943367947284,0.598048814948199,0.5879370014409472,0.5864367243526
pixelate/s5,10112.0,0.7029097080230713,0.3429139256477356,0.6802155360047274,0.2954969280189368,0.5806906251727514,0.46683038580854885,1.5956457848233359,4.443419797005307,0.6084899009651101,0.5996597041765707,0.6083211684237302,0.6085662619064733,0.5923786421988164,0.5817420756642955,0.5811467922309962
pixelate/s5,10240.0,0.7380387187004089,0.32626330852508545,0.6830361790630533,0.2969977270680172,0.5834952057630903,0.4677381123229047,1.572601242799649,4.436126433885536,0.6123851215752127,0.6014581558908769,0.612232449240032,0.6125285748719488,0.5955951307462224,0.5844465776831609,0.5839079541840244
pixelate/s5,10368.0,0.7141963839530945,0.33218932151794434,0.6845561890576894,0.29871439021191604,0.5895835561961097,0.46710941037664366,1.5595393736775154,4.424790196443859,0.6194231230909568,0.6072867966151242,0.6192849823284287,0.6187907271744403,0.601256807772162,0.5904443751672146,0.5899570186281388
pixelate/s5,10496.0,0.7372377514839172,0.4005689024925232,0.687126021371164,0.30368290300609196,0.5936423789258077,0.4738278781575699,1.5370577793836566,4.372759460733463,0.6227796372524361,0.6103856143079143,0.6226546449265555,0.621482418817563,0.6042045536118134,0.5944212639079912,0.5939802946659125
pixelate/s5,10624.0,0.7459475994110107,0.44069066643714905,0.6899953666414004,0.31036620853931424,0.5952141929483364,0.47925621813067437,1.5138428535847606,4.295828885117199,0.6237531696971774,0.6110516177051384,0.6236400743208156,0.6225794223804362,0.6047710446422178,0.5951567474146666,0.5955199453818281
pixelate/s5,10752.0,0.6884386539459229,0.36813798546791077,0.6899194294367429,0.3131843439992458,0.5919888682179772,0.4842050611402473,1.5246534143442152,4.276175718523551,0.6282591142828119,0.6145542894286231,0.6281567834871865,0.6264720710533275,0.6036476852473606,0.5934612806768044,0.592265518694682
pixelate/s5,10880.0,0.700514018535614,0.3519970774650574,0.690436238661078,0.31507764807074873,0.5915058409039521,0.4864706412815682,1.5243875500701634,4.268054314371425,0.6303470332088975,0.6172216384419605,0.6302544424057172,0.6287300833266574,0.6043043600602233,0.5936003021471858,0.5917561593900127
pixelate/s5,11008.0,0.7195571660995483,0.4184012711048126,0.691856771706857,0.32011782480411766,0.5962182534294533,0.4915693607312702,1.5176711480989447,4.213622177082706,0.6342997248725359,0.6231858191970387,0.6342159469952979,0.633598873729831,0.6099736357237355,0.5988383757084292,0.5964447462416473
pixelate/s5,11136.0,0.7519408464431763,0.4092409610748291,0.6947877021817994,0.3244652948661036,0.6018206207413436,0.49393337160753237,1.4943767975717366,4.167587908179247,0.6415756285134605,0.6299579898861962,0.6414998247351863,0.6394170951475746,0.6165161510623448,0.6056785660038791,0.6020255556416095
pixelate/s5,11264.0,0.7014089226722717,0.36519092321395874,0.6951106885471883,0.3264519108830721,0.6001787115690562,0.48776258668355543,1.4960525917360565,4.152000312326914,0.63984921532955,0.6293373602718051,0.6397806266640205,0.6378961342768953,0.6164127398963869,0.605844496663831,0.6003641404704866
pixelate/s5,11392.0,0.6872119903564453,0.34270042181015015,0.6947253861964203,0.3272445211721979,0.5973545926808652,0.4896523761723306,1.5060554258966177,4.162725616943674,0.6369486356432157,0.6252250892167849,0.6368865753456129,0.6359064665289458,0.6142556676873315,0.6039683101877971,0.5975223721925105
pixelate/s5,11520.0,0.738716721534729,0.4115429222583771,0.696871304993411,0.33135663829835293,0.5985730728540131,0.48476279842838477,1.482008451060705,4.127811891120791,0.6403845180329155,0.628215265139042,0.6403283647237817,0.6386793489533173,0.6168027189485016,0.6045572872074,0.5987248828702012
pixelate/s5,11648.0,0.7346855401992798,0.3905196785926819,0.6987159018327216,0.3342426402639299,0.595251126597831,0.481788647477438,1.4685311454931302,4.104749593007561,0.6390317382082478,0.625808547457753,0.6389809296519167,0.63748886957644,0.6132700389771986,0.6014279499360234,0.5953884871181296
pixelate/s5,11776.0,0.7378858327865601,0.41605302691459656,0.7006266301719332,0.3382333908322551,0.6010942674332544,0.4835963907276521,1.4535314144243763,4.065835707929563,0.6429200022693305,0.6316804287229283,0.642874029744536,0.6415239860950418,0.6181231286640803,0.6066831718338439,0.6012185537814843
pixelate/s5,11904.0,0.7149916291236877,0.4175117611885071,0.7013273618281163,0.34210062841060884,0.595208584631755,0.48279676400759,1.459701925229954,4.031160116352125,0.6367155404233502,0.6235713456796989,0.6366739436296485,0.635452399078262,0.6105794340857026,0.6009905439377018,0.5960460560985351
pixelate/s5,12032.0,0.7395080327987671,0.429548442363739,0.7031898335827821,0.3463663754327127,0.5958691298185005,0.48290980253155524,1.447678657715458,3.990125676267712,0.6371620089136916,0.6245067024264259,0.637124371362698,0.6352569000583204,0.6105019745653502,0.6011007539138872,0.5966268895454323
pixelate/s5,12160.0,0.7460219860076904,0.4140309691429138,0.7052792068718019,0.3496670873210152,0.6083644833158472,0.4854845685011871,1.434068484257552,3.964718065891923,0.6479764518487358,0.6343134707856001,0.6479423966940294,0.64625267399685,0.6201545230897665,0.6130981538982881,0.6090501183810841
pixelate/s5,12288.0,0.7711427211761475,0.43440383672714233,0.7084920612281114,0.3538005872920458,0.6068990952548504,0.48374302718043166,1.4163165220781402,3.928631080134383,0.6427407395966253,0.6318654307346208,0.6427099258605704,0.6426682433963169,0.6190541520639707,0.6119072231286712,0.6075194705875246
pixelate/s5,12416.0,0.7432883381843567,0.4353276491165161,0.7101894405918306,0.3577775171371419,0.6078969505548052,0.4830038038913959,1.4106356669093274,3.8922336566782247,0.6411265109616102,0.6312863296533956,0.6410986301213132,0.6396108853098144,0.6188950715581794,0.6131534124798983,0.6084582776702112
pixelate/s5,12544.0,0.7331794500350952,0.38199251890182495,0.7113109044671119,0.3589587367354191,0.6089113693003323,0.4878562080421256,1.414307060533327,3.901510987773684,0.6397774676815046,0.6308367087464691,0.6397522405797248,0.6391311163332704,0.6195876881855982,0.6136675136120913,0.6094192684927968
pixelate/s5,12672.0,0.7093418836593628,0.41078704595565796,0.7112148546716118,0.3614869469412844,0.608769597088522,0.4876364023986157,1.4205456142863016,3.8827669680193724,0.6420331816440026,0.632381846521939,0.6412481605721364,0.6399239607036908,0.6214413288104074,0.615322449853653,0.6092291537046662
pixelate/s5,12800.0,0.7021450400352478,0.40947046875953674,0.7107724246893501,0.3638276065421748,0.6015027109884842,0.4851509328068379,1.4331861033702153,3.85927610707566,0.6344630989176252,0.6242803620225278,0.6337527972815107,0.6318296217907875,0.6151061934090598,0.6081196884160656,0.6019185263443173
pixelate/s5,12928.0,0.7519129514694214,0.4203917682170868,0.7127792796542316,0.36658683394095093,0.61056179263146,0.48793995764378373,1.411268826469004,3.8340611541492535,0.643359383375198,0.6334208391649403,0.6427166892713728,0.6409765643924971,0.625082700877561,0.6180361666156072,0.6109380300831092
pixelate/s5,13056.0,0.6943827867507935,0.4034895896911621,0.7118818897565028,0.3683869683677905,0.6068609378896197,0.4884371954647204,1.4228048273616423,3.8238179497001417,0.6380611969742273,0.6268192125936194,0.637479675420439,0.635180163260552,0.6199997251842774,0.6143860853196541,0.6072013645189822
pixelate/s5,13184.0,0.7427821159362793,0.4709223210811615,0.7133892178628333,0.37338869289039395,0.6092009140571752,0.48873838447462203,1.4177770660697149,3.774150666263589,0.6389558778095179,0.6280217265644824,0.638429706314389,0.6355868699103507,0.6203641177901761,0.6152847922493717,0.6087839235177703
pixelate/s5,13312.0,0.712739109992981,0.4438726305961609,0.713357505283816,0.3768269337540899,0.604718673575826,0.49068401712427134,1.4203245429028954,3.737865754088131,0.6353037716527523,0.6239974991698855,0.6348276819180164,0.6308054010313168,0.6155443623788566,0.609498464611121,0.6043413727962692
pixelate/s5,13440.0,0.7369632720947266,0.4448230266571045,0.7145090061038604,0.3801438163347247,0.6103113340326183,0.49958306962880233,1.4103009592326874,3.7142878169764972,0.6394725084377372,0.6284801881245662,0.6390417336093414,0.635402299207991,0.620831633062606,0.6168484025422456,0.6107321404063804
pixelate/s5,13568.0,0.7732864618301392,0.5048036575317383,0.7173761990661178,0.38622478419799366,0.6153716770158313,0.5033593687718074,1.3835898872240224,3.64363885805899,0.6424450834823309,0.6324990280413236,0.6420553104222535,0.6387622826266236,0.624091263467117,0.6220115528059224,0.6157524304331378
pixelate/s5,13696.0,0.7179358005523682,0.4334411919116974,0.7174034966995934,0.3885280235986621,0.6118636649262815,0.49872671023314635,1.3905538519928113,3.634453843158109,0.6393346055780043,0.6288480200183542,0.6389819316789098,0.6367273538816743,0.6212033383304489,0.6178715477797785,0.6122081776851889
pixelate/s5,13824.0,0.7582608461380005,0.4656270742416382,0.7193965381356131,0.39228895289831944,0.613950555831573,0.49881072353635664,1.375460677697145,3.5996687947527675,0.6424318471648689,0.630768345299177,0.6428749363971575,0.6408349525603965,0.6231262805476578,0.6193865997460102,0.6142622773701203
pixelate/s5,13952.0,0.7465481758117676,0.46042367815971375,0.7207210082661571,0.39561259803302157,0.618850413694124,0.502047061569779,1.367257146893511,3.573403135851507,0.6476324149540545,0.6370790619869412,0.6480333303153342,0.6461875150769559,0.6286771699660842,0.6237690471229516,0.619132465127872
pixelate/s5,14080.0,0.7382000684738159,0.41722798347473145,0.7215736453494576,0.3966670070789586,0.6148625694400728,0.4973162288207221,1.356812436674435,3.5750594263718405,0.6452179673677078,0.6364312928507658,0.6455807230277353,0.6446727902629684,0.6288662852578311,0.6208002502522364,0.61511777481231
pixelate/s5,14208.0,0.7263860702514648,0.4851055145263672,0.7218083977837019,0.4009810806129785,0.6151396300525583,0.5027583188794278,1.3525086131467843,3.5234919322666456,0.6448923428710788,0.6354919669399256,0.6452205709251548,0.6436740416359161,0.6271226174165145,0.6197871389849207,0.6153705446100675
pixelate/s5,14336.0,0.7352160215377808,0.5025122761726379,0.72246242821073,0.40593382185979116,0.6086792845389298,0.5061208524780545,1.3544039454286103,3.4723659081696647,0.637700775435402,0.6307195310622408,0.6379977622707677,0.6373606289876435,0.6194845336647941,0.6136094517525665,0.6088882203164263
pixelate/s5,14464.0,0.7387093305587769,0.4314359426498413,0.7232549600325859,0.40717782775198874,0.6048973478784725,0.5023779396901374,1.3491651097760846,3.4724277587293764,0.6357297022232281,0.6279257327457871,0.6359984214240557,0.6346969165319487,0.616997903452797,0.6093954349290027,0.6058485919698301
pixelate/s5,14592.0,0.7290785312652588,0.45230403542518616,0.7235390366780822,0.4093791061750715,0.6044498013820087,0.5036388139611535,1.3472125764037632,3.460667261210122,0.6376456734571861,0.6298223019074016,0.6378888155776257,0.6367111897948209,0.6199345991384321,0.6122563691415901,0.6060355195634216
pixelate/s5,14720.0,0.7330676317214966,0.49535053968429565,0.724003846192395,0.41357283463893607,0.6072051742427336,0.5069175407703238,1.3441988871751673,3.4253423512950105,0.6387286254184295,0.6316870738852813,0.6389486249218135,0.637883087256349,0.6242277068944408,0.616518106760475,0.6086399614848093
pixelate/s5,14848.0,0.7175202965736389,0.43963804841041565,0.7236875754792849,0.41484430848144727,0.6081367162541331,0.508545704647033,1.3449523867440734,3.4239068215326816,0.6397456807028145,0.630362753943791,0.639944740336751,0.6382184269583027,0.623576199991936,0.6180504404418099,0.6094349383809607
pixelate/s5,14976.0,0.7198210954666138,0.5132327675819397,0.7234989666981789,0.4196437455107396,0.6089424125059705,0.5136067916526693,1.345304304752295,3.373390437362952,0.6420787806954078,0.6336261146630019,0.6422588935468163,0.6399718782888628,0.6274111541866357,0.6201991195193294,0.6108792631037724
pixelate/s5,15104.0,0.7313396334648132,0.4645922780036926,0.7238814382477708,0.4218363568518592,0.610656698049721,0.5137617073787686,1.3436703867346513,3.366708950737503,0.6414012941330846,0.633753165022264,0.6415642635840022,0.6394949297307319,0.6274047385591153,0.6193547654901248,0.6124091964192967
pixelate/s5,15232.0,0.7443684339523315,0.4792212247848511,0.7248808038918957,0.42463561870224903,0.6165207244102472,0.5115409321374819,1.3362927278370405,3.34409834494247,0.6427774350841293,0.6373816561563732,0.6429248928680947,0.6418147163119828,0.630875286941353,0.6235915218979653,0.6181064174620762
pixelate/s5,15360.0,0.7439841628074646,0.4897974133491516,0.7258126750585088,0.4278142428313662,0.6114904948411576,0.511316185473593,1.3270627679193692,3.318876179286466,0.6374230986097328,0.6325408976881878,0.6375565211495372,0.6365520127962677,0.6266538140617477,0.6186132985168383,0.6136874544674704
pixelate/s5,15488.0,0.758905827999115,0.5062739849090576,0.7274269752019529,0.4316415473229609,0.6172007987230224,0.5169873099972248,1.3106869424110452,3.2811863122773435,0.6406650999318284,0.638496999038509,0.6407858231222165,0.6398769253201209,0.6323708811349898,0.6236456436907264,0.6191886485693173
pixelate/s5,15616.0,0.7526450157165527,0.5023225545883179,0.7286571235197382,0.4350894013359051,0.618017498428148,0.5199807843579887,1.3082292793543084,3.24963831261268,0.6430222290281445,0.640335476226991,0.6431314616114762,0.6430712691326019,0.6339930756730039,0.6253733040176055,0.620578336986277
pixelate/s5,15744.0,0.7471149563789368,0.49295473098754883,0.7295575056104308,0.4379121003433024,0.6165814188633034,0.5122788655612734,1.306119624275584,3.2289510275554485,0.638443968085549,0.6375001542779615,0.6385428037543457,0.6399755504763162,0.6317614325393449,0.6232370882871968,0.6188985131208371
pixelate/s5,15872.0,0.7539747953414917,0.5139968395233154,0.7307485929143849,0.4416235510350104,0.6210077858959455,0.5133595505762623,1.2965798006282536,3.1967905576769717,0.6415144410815705,0.6413854757030215,0.6416038694291254,0.6429002452554888,0.6355051391388122,0.6277921542443939,0.6231043357863136
pixelate/s5,16000.0,0.7245934009552002,0.516662061214447,0.7304483396480831,0.4452839661657146,0.6199005605875867,0.5128873446915496,1.3011157611758717,3.1637747911422456,0.6421919779209212,0.6413502727806636,0.6422728943496131,0.6426836841365844,0.6360296351160817,0.6275635732336248,0.621797557841156
pixelate/s5,16128.0,0.750484824180603,0.4939165413379669,0.7314257291374743,0.44765628690582443,0.6218731425661626,0.5184089240189452,1.2891526179987822,3.151415241519722,0.6495160609266633,0.6450550356331881,0.6495892756131836,0.6484365755929474,0.6379542385553599,0.6288067786367301,0.6235895808901833
pixelate/s5,16256.0,0.7542310953140259,0.5320901870727539,0.7325381860241352,0.4517750137432356,0.6222079416080507,0.5227171168547387,1.2798119726033645,3.1156942985324774,0.6539308023018767,0.6476077984521587,0.6539970483091327,0.6521918688143206,0.6396956554685914,0.6292438193375767,0.6237610068613735
pixelate/s5,16384.0,0.7476154565811157,0.5006009340286255,0.7332736626366709,0.454156765952279,0.6178633427637389,0.515981698236798,1.2718460561124254,3.0943242295038402,0.6503033910179383,0.6431321900331548,0.6503633316348547,0.6472799419789301,0.6352109410872858,0.6249917306439345,0.6192685850304277
pixelate/s5,16512.0,0.7391543388366699,0.5138553380966187,0.7335605248903294,0.45706889142273455,0.6170554100795045,0.5159477471851098,1.2774339622597584,3.0719849001024557,0.6471699629615016,0.640681327210249,0.6472241983442083,0.6444342901546417,0.6327890192705304,0.6235424879889496,0.618326899364236
pixelate/s5,16640.0,0.7497473955154419,0.4838535785675049,0.7343501283354568,0.4583754615273575,0.621622563195078,0.5137048027772468,1.2669835716671651,3.0656658704336475,0.6502836190746245,0.6444125810153412,0.650332692255527,0.6470461364218976,0.6365464594351438,0.6274921916901799,0.6227730302992284
pixelate/s5,16768.0,0.76175457239151,0.5268670320510864,0.7356869304845325,0.4617165137480272,0.6218696719926909,0.5144638637859562,1.2515503305513684,3.0390377795843033,0.6492527570568136,0.645464923095975,0.6492971593817112,0.647085617785667,0.6368603002979499,0.62794281591955,0.6229106359816337
pixelate/s5,16896.0,0.7359302043914795,0.5139710307121277,0.7356987975043835,0.46426551457554427,0.620531690125451,0.5158756911471978,1.258360657808212,3.0227791800956556,0.652595742702804,0.648480605609148,0.6526359187504954,0.6513970699892917,0.6385199385801199,0.6282390083364875,0.6214735736633342
pixelate/s5,17024.0,0.7539438009262085,0.5203872919082642,0.7365887976713018,0.4670031622503111,0.6253814400242778,0.5196256253628124,1.2500468356607446,3.0004527111010804,0.659654595271246,0.6521945277403415,0.65969094730488,0.657807818830287,0.6431447510888533,0.632355164592384,0.6262336737310715
pixelate/s5,17152.0,0.7695093154907227,0.5387841463088989,0.7381946765893224,0.4705046736678032,0.6247316598910924,0.5205461488261973,1.2328010707156547,2.9658565596326882,0.6585683458700565,0.6525805334283518,0.6586012378647962,0.657622363141503,0.6422170829304853,0.631041615315298,0.6255027767667816
pixelate/s5,17280.0,0.7188063859939575,0.5363677740097046,0.7372489063163777,0.4737175078308227,0.6202955709068122,0.5260265867725438,1.2396443094212517,2.931830240515964,0.6553732623845068,0.6506432131734223,0.6554030236718352,0.655242334526012,0.6382917508252636,0.6267299505619085,0.6209932917681587
pixelate/s5,17408.0,0.7356743812561035,0.5632950663566589,0.7371721002158765,0.47808714483208303,0.6179548265016426,0.5305206356222719,1.2500074817723605,2.8872412235495823,0.6556054325323228,0.6498383862205683,0.6556323610974785,0.656249161697837,0.6372125240959107,0.6260261777541122,0.6201105275308562
pixelate/s5,17536.0,0.7865296602249146,0.5772820711135864,0.739579786069976,0.48292592172386367,0.6260242659779882,0.5318913663185458,1.226651294856748,2.826398896152563,0.6615784431181814,0.6563603125767307,0.6616028085837385,0.6621609012149969,0.6456983933074837,0.6363017943866773,0.6287369794018037
pixelate/s5,17664.0,0.7393541932106018,0.4810354709625244,0.7395687815402504,0.4828337046135544,0.6253504809949554,0.5251936455505701,1.224006990960825,2.8421460993161887,0.6604206198588661,0.655699158494472,0.6604426661843346,0.6609476387555089,0.6438770114340765,0.6346497794539775,0.6278049944498176
pixelate/s5,17792.0,0.7894057035446167,0.5796312689781189,0.741999850906317,0.4875555370215819,0.6337012680507597,0.5243200683417115,1.2075367368317078,2.7983450264439,0.6653962003601042,0.6596741047412801,0.6654161482845763,0.665873056839458,0.6497022215295838,0.6428404607671027,0.6366471722535232
pixelate/s5,17920.0,0.7865830659866333,0.5419394969940186,0.7441746418858446,0.4902084131177983,0.6334865429537212,0.5262066174585028,1.1916873535373127,2.770632813217142,0.668039185453729,0.6606495022673926,0.6680572347060324,0.6677456391747862,0.6523889523774521,0.6439680790165158,0.6368770666255852
pixelate/s5,18048.0,0.7663394808769226,0.5122239589691162,0.745255853543946,0.49128234218371625,0.6342031718218976,0.5274488489913044,1.186859583903459,2.764795378036407,0.6683671035545042,0.6601935710581225,0.6683834348529895,0.6666514676887862,0.6519570770768022,0.6429248650708629,0.6372709805696104
pixelate/s5,18176.0,0.7522362470626831,0.5132485628128052,0.74559636054486,0.49235386514123275,0.6267648865800751,0.5240368526566175,1.1955710558308676,2.768488125528528,0.6621014958396199,0.6539809170609187,0.6621162727016043,0.6613113517874145,0.6443161595680048,0.6354186316316374,0.629540696874704
pixelate/s5,18304.0,0.7374274134635925,0.5094496011734009,0.7451978753213835,0.49318780348426533,0.6228231067747141,0.5200758791735366,1.2028164517986304,2.7721598350429026,0.6577335664319225,0.6496609011598199,0.6577469368109102,0.6570186294281126,0.6409160491986526,0.6321403859082215,0.6260969065713413
pixelate/s5,18432.0,0.7757257223129272,0.5564801692962646,0.7466870385892637,0.4962752359628994,0.624591877099548,0.520414433208179,1.1834254150690093,2.7431633306385907,0.6599161240588661,0.6518868118168268,0.6599282218259336,0.659269235788316,0.643974307454581,0.633821699563596,0.6283162670404582
pixelate/s5,18560.0,0.7324934005737305,0.5135427117347717,0.74599466600314,0.4971175518542102,0.6178825074767474,0.517746343194313,1.1951886612177671,2.7483626548146876,0.6557933817332154,0.6478032961174263,0.6558043280173973,0.6544458700975779,0.6391567053173216,0.6300076175111418,0.6212524046213782
pixelate/s5,18688.0,0.7310014963150024,0.5183138847351074,0.7452632918720113,0.4981515193118149,0.6162733752957364,0.5108333955969958,1.2052807327089807,2.7440041736670193,0.6520630479572995,0.6455956653150537,0.6520729523583946,0.6508437944190457,0.6384970843472018,0.6286944296457148,0.6200475356508722
pixelate/s5,18816.0,0.7520021200180054,0.5766186714172363,0.7455920151962061,0.5019791852681769,0.6163046126263028,0.5134273317686083,1.2034713320262824,2.702377189667519,0.653112222452738,0.6472604146009499,0.6531211841386781,0.652009019221516,0.6408746670387233,0.6290306231357121,0.6197195429654828
pixelate/s5,18944.0,0.7496647238731384,0.4771488606929779,0.745790683912154,0.5007679499230452,0.6081718119004204,0.5025010241642196,1.2039706335065783,2.7266483052688297,0.6437626058004846,0.6384306011945536,0.6437707145002555,0.6435266021629541,0.6326526582783452,0.6219359475249364,0.6120238993756689
pixelate/s5,19072.0,0.7317534685134888,0.573881208896637,0.7451059416975849,0.5043344503607814,0.6090113479479712,0.5038989040772028,1.2092163119867463,2.6852560757930384,0.6464755642013902,0.6431010972141082,0.6464829011034435,0.6462620237298352,0.6348243267348977,0.6251276479389818,0.6124967881917862
pixelate/s5,19200.0,0.7367528676986694,0.5477900505065918,0.7446984746732475,0.5064542357337477,0.6135075908559572,0.5028399661519486,1.2116249351464223,2.6648082647883484,0.6489302993160705,0.6458770189545857,0.648936937881224,0.6487370839340151,0.6376258482830335,0.6296143084563898,0.616661281879659
pixelate/s5,19328.0,0.7292000651359558,0.5953470468521118,0.7439424546958185,0.5107904704224484,0.6145642746531296,0.5076447581898357,1.2154557895728821,2.616173628127011,0.6488276235929467,0.6453399439797292,0.6488336302899118,0.6494149938510629,0.6378741316112397,0.6291751119346632,0.6174549730749322
pixelate/s5,19456.0,0.7226835489273071,0.49437233805656433,0.7429054349022326,0.5099895859167956,0.6133825173988162,0.5024183088677812,1.2140803872827897,2.6507084895141277,0.6473962316983175,0.6434783193296656,0.6474016666692182,0.6479276952096766,0.6359609186083852,0.6280898841479017,0.6159980749833265
pixelate/s5,19584.0,0.7693264484405518,0.55125492811203,0.744194264830931,0.5120025294385143,0.6173883456059486,0.5088619855966062,1.2020786904595662,2.631787123420997,0.6481274053617734,0.6446195857825231,0.6481323230243193,0.6486082834110162,0.6370926872119892,0.6299708291427474,0.619754950654158
pixelate/s5,19712.0,0.7967777848243713,0.5765537619590759,0.7467593145867085,0.5151513700492734,0.6234481996827173,0.5140416895255431,1.1856990886284686,2.6028583863612584,0.6556115607110393,0.6509875907050671,0.6556160103033846,0.6552844729733227,0.6420020685600449,0.6355580791945976,0.6255895478554279
pixelate/s5,19840.0,0.7732075452804565,0.5857236981391907,0.7480494721815254,0.5185939226390254,0.6265703222590201,0.5172039915338197,1.1705609711603573,2.561476565937876,0.6586839285196258,0.6537750597634783,0.6586879545933658,0.6583879734636667,0.6433953874359477,0.6390147759993949,0.6285078538299259
pixelate/s5,19968.0,0.7518801093101501,0.6041372418403625,0.7482363325292631,0.522766767478115,0.6315703213301425,0.5238019161944912,1.1714171444508625,2.524896500177862,0.6652004790472045,0.659271633492118,0.6652041219134499,0.6641704982975831,0.6498427330696469,0.6421424594259844,0.6333234358568216
pixelate/s5,20096.0,0.7462155818939209,0.5687224268913269,0.748137759327539,0.5250085069616863,0.6339565489251318,0.5207370401735997,1.1719655434430971,2.502727507228575,0.6666723251819142,0.6627578254262412,0.6666756213149061,0.6665025746047732,0.6535013664479077,0.6450096256912089,0.636267814359444
pixelate/s5,20224.0,0.7464897632598877,0.5747659206390381,0.7480573692754584,0.5274356978727767,0.6346284419483196,0.5157888388483314,1.1739365435000577,2.4864401771371694,0.6678925381330705,0.6636256112274319,0.6678955205353792,0.667738944660238,0.6559752102125327,0.6489795601881788,0.6374447326833517
pixelate/s5,20352.0,0.7730735540390015,0.5704251527786255,0.749277670971241,0.5295327444535498,0.6390473588360464,0.5164982593029815,1.1648902671477281,2.473615218128777,0.6683459550864962,0.6652473555484377,0.6683486536194596,0.6682069808615241,0.6590873258377525,0.6535197269757406,0.642357786086483
pixelate/s5,20480.0,0.7389085292816162,0.5887919664382935,0.7487718591815031,0.5324234382089031,0.6383981456214315,0.5148163904817578,1.1619236044677237,2.4426077298744495,0.6649080593019396,0.6643166137948684,0.6649105009846508,0.6647823128437704,0.6587429045801437,0.654467432914992,0.6413934816404168
pixelate/s5,20608.0,0.749568521976471,0.5634276270866394,0.7488107207812575,0.5339358376663537,0.6335349967223064,0.5126067697339403,1.1653055852726435,2.432352918811768,0.6619089281369721,0.6621359723866715,0.6619111374168077,0.6625573455296698,0.6563677619669235,0.6517742209778123,0.6362452323468613
pixelate/s5,20736.0,0.7248978614807129,0.5474699139595032,0.7476442398397676,0.5345960365099219,0.6216614991163759,0.5077817648812154,1.1743231453298804,2.4338494632569287,0.651684848123935,0.6511652671029907,0.6516868471213353,0.6515093530937701,0.6444960535108214,0.6396518977437553,0.6241137706124782
pixelate/s5,20864.0,0.7693737149238586,0.5957369804382324,0.7487042142341135,0.5375785215795956,0.6309025224009563,0.5131014660228012,1.1587880155864734,2.4072013165150064,0.6603547911936377,0.6575608990265609,0.6603565999235876,0.6594338049111388,0.6508014559131227,0.647143388737806,0.6331213831657223
pixelate/s5,20992.0,0.7391480803489685,0.5690537691116333,0.7482380613616674,0.5391138995079877,0.6265297362116923,0.511129434753528,1.1588595006775197,2.3958005182265354,0.6561531156487346,0.6543873452822123,0.656154752221164,0.6560448050385734,0.6467468854514333,0.6426748032541361,0.628537402614553
pixelate/s5,21120.0,0.7662343978881836,0.5808449387550354,0.7491159314361316,0.5411495599590632,0.624822563223072,0.5115945093754408,1.1468901093861816,2.3727765623452672,0.6539129321247621,0.6537652600679623,0.6539144129258718,0.6545399455465022,0.6461270153311303,0.6424053395297684,0.627364151919533
pixelate/s5,21248.0,0.7654131650924683,0.5988966226577759,0.7499109184437578,0.5439664898468053,0.628464526271441,0.5125544311481531,1.1439170229341193,2.3511043449563083,0.6540610171099127,0.6554517909359729,0.6540623569662409,0.6546283504915109,0.6493027604513082,0.6451359437387137,0.6307642028968529
pixelate/s5,21376.0,0.7795007228851318,0.5952595472335815,0.7513543235384589,0.5464685902071359,0.6317970222836774,0.5143710825558245,1.1339223603398336,2.331202549742809,0.6563328715194392,0.6583534646125014,0.6563340838463132,0.657608400414984,0.6513396779574299,0.64611943511397,0.6338778123772238
pixelate/s5,21504.0,0.7872461080551147,0.632836103439331,0.753105142295369,0.5506816396330966,0.641597722125802,0.521238647571332,1.1183398214454705,2.293455803920202,0.6660847992748761,0.667913069408456,0.666085896210733,0.667238921493867,0.6600052945706429,0.655319102206037,0.6434804596226993
pixelate/s5,21632.0,0.7294076681137085,0.5806272029876709,0.751949167945044,0.5521423988211246,0.633957546313709,0.5147183122879213,1.1370843749734834,2.2833082822310784,0.6619512074343167,0.6643304750566694,0.6619521999622395,0.6637576737609587,0.6564503587400046,0.6507601751667949,0.6363860970173263
pixelate/s5,21760.0,0.7551583647727966,0.6347569227218628,0.7521057141317636,0.5561723755967704,0.6345178036544625,0.5192662421117955,1.1349041926898018,2.2391363105600472,0.6635836029194501,0.6650485738020191,0.6635845009771364,0.6644931123083987,0.6579184983007418,0.6527699145917281,0.6389646065219233
pixelate/s5,21888.0,0.7527464628219604,0.5808979272842407,0.7521369701654318,0.5573785000693299,0.6308977271614739,0.5185664510720052,1.142646273088588,2.2382743223806063,0.6594835871745888,0.6600841051474545,0.6594843997538516,0.66030652815055,0.6529076656248829,0.6489741463973934,0.6357206523021091
pixelate/s5,22016.0,0.7308568954467773,0.5783728361129761,0.7510989177401315,0.5584026140226784,0.6236625181514586,0.5168736300300534,1.1530773597428299,2.236560045573631,0.6531526092162697,0.6536959690239609,0.6531533444530686,0.6538972214854173,0.6479276082185883,0.6421934423976414,0.6280263903340321
pixelate/s5,22144.0,0.7590256929397583,0.6234588027000427,0.7514855897010888,0.5615760866410864,0.6282886318312721,0.5212164136083944,1.1574692363112176,2.210171281935086,0.6542467987019311,0.6547384407408949,0.6542474639578331,0.654920537703343,0.650969150565421,0.6450557560302276,0.6314749492552425
pixelate/s5,22272.0,0.7856928110122681,0.6167067289352417,0.7531542346430975,0.5642653862651914,0.6339616353452499,0.5236958150495942,1.1434220279714178,2.193636014158963,0.6566496911514796,0.6586189282373,0.656650293087367,0.6580214978267608,0.6566956145211215,0.6513450653908245,0.6383318844837738
pixelate/s5,22400.0,0.7738332748413086,0.5957047343254089,0.7541629683113029,0.5657990129998361,0.6309707896252974,0.5222026083821729,1.1359729755088908,2.185397249624013,0.6574482035939324,0.6585049909868729,0.6574487482366955,0.6579644248628811,0.6529909456791347,0.6474246546457132,0.6356500870314217
pixelate/s5,22528.0,0.7729687094688416,0.5705137252807617,0.7550803215384999,0.5660289989647593,0.6324659851398436,0.5245881423850595,1.1237819267127303,2.181764422318245,0.6602342163393046,0.6596660269429111,0.6602347091421854,0.6607013029247126,0.6561640263997406,0.6503653478382688,0.6366999002824463
pixelate/s5,22656.0,0.7896013855934143,0.6310571432113647,0.7567642758826421,0.5692011035621547,0.638466397024213,0.5252222275833881,1.0981961749190712,2.154653439912675,0.6620672177585261,0.6615531094468576,0.6620676636557192,0.6617648314982081,0.659908824600836,0.6546620726127346,0.6422973220283169
pixelate/s5,22784.0,0.766282320022583,0.6247317790985107,0.7572285707187367,0.5719099170029526,0.6408097203294634,0.5316704391162006,1.0913293459053541,2.1258381885029416,0.6650642404584879,0.6639112310937956,0.6650646439145442,0.664790635757748,0.6616612565246113,0.6584754684378162,0.6450382074985543
pixelate/s5,22912.0,0.8122320175170898,0.6659092903137207,0.75991166568451,0.5764952522864046,0.6465550771095263,0.5314817001164431,1.0704844254854713,2.0841901641387257,0.6700625875891493,0.6705065333097341,0.6700629526436774,0.6713022349717636,0.6691957294312514,0.664788778996977,0.6511432859044027
pixelate/s5,23040.0,0.7785142660140991,0.6182448863983154,0.7608191096030266,0.5785318198040588,0.6439271399664424,0.5316455478150566,1.0666660358180893,2.067982010909155,0.6688966066169517,0.6685732820726386,0.6688969369250644,0.6700182625770685,0.6666250472724171,0.6619125418527079,0.6480786364429486
pixelate/s5,23168.0,0.8161547183990479,0.6550094485282898,0.7635184075930763,0.5822624358393871,0.6532239321171676,0.5338201238707323,1.0416616894358537,2.039816853980581,0.6796277445951121,0.6785729994244396,0.679628043464023,0.6798804446042362,0.6775352152893196,0.6710218478036696,0.6577424783044168
pixelate/s5,23296.0,0.7737083435058594,0.5836124420166016,0.7640154776376022,0.5823282897992512,0.6520991081202925,0.5269760014321141,1.0377698199334755,2.05274375071709,0.6774026172094976,0.6764854444524524,0.6774028876316353,0.6776312648679614,0.6755464381053273,0.6689280074416308,0.6562247528263044
pixelate/s5,23424.0,0.7448717355728149,0.5751436948776245,0.7630816365612711,0.5819778217542938,0.6407452370321027,0.5246314682797415,1.0547851308455478,2.0642364739560852,0.6666519219367315,0.6636098221369304,0.666652166619701,0.6653715965878461,0.6642102215099362,0.6567345326107795,0.6444781969356388
pixelate/s5,23552.0,0.7743083238601685,0.635521411895752,0.7636292798441442,0.5845897042002185,0.6363465232158406,0.5297602398890462,1.0551361073958843,2.05176671636065,0.6634868074156862,0.662221469048347,0.6634870288093784,0.66309054039864,0.6620397066725836,0.6530633397388432,0.6397613548715685
pixelate/s5,23680.0,0.7709513902664185,0.6018643379211426,0.7639864559623039,0.5854323692597757,0.6383525055391396,0.5260167012916355,1.0562852293737548,2.0494890267622,0.6621473432952164,0.6617646367772373,0.6621475436163382,0.6617887935433262,0.6616001748060677,0.6534781913996316,0.6414423086018177
pixelate/s5,23808.0,0.7800103425979614,0.6253898739814758,0.7647681089689213,0.587381515831566,0.6409669309488586,0.5296007749343115,1.049861010545163,2.032262998963055,0.6661963766520071,0.6666122918133122,0.6661965579062763,0.665871954181677,0.6664634835693212,0.6583523671141223,0.6444876569799909
pixelate/s5,23936.0,0.7565635442733765,0.5971075892448425,0.764367886300846,0.5878559584370916,0.6402093705967958,0.5297949308001711,1.0512346171702853,2.0423426710008745,0.6659746810753734,0.6641016037168637,0.6659748450776003,0.665681137602814,0.6654913494996653,0.6574272459134919,0.64339498885578
pixelate/s5,24064.0,0.7596590518951416,0.62642502784729,0.7641381870615432,0.5897373764571013,0.6394867356797896,0.529134051009554,1.0562696200702315,2.029205361162293,0.6628740273144812,0.6611792321554727,0.66287417570674,0.6626084237322308,0.6646489248001135,0.6565158185808574,0.6430941570789062
pixelate/s5,24192.0,0.8140771389007568,0.6582428216934204,0.7665742334927244,0.5930791054930193,0.6425323170547055,0.531473314447074,1.037047373341053,2.003257508811563,0.6644185874749112,0.6636473004809482,0.6644187217429812,0.6641782644239875,0.6667867427846357,0.6594277573239047,0.647283588885792
pixelate/s5,24320.0,0.7980417013168335,0.5664938688278198,0.7681092319231687,0.5917822646800828,0.6417373017490821,0.5238672880868527,1.0345161730814632,2.0343498644673588,0.6591794595772398,0.6599687947837729,0.6591795810654816,0.6597242059422278,0.6650960058152473,0.6569874294406062,0.6460363406872632
pixelate/s5,24448.0,0.7869138717651367,0.5974880456924438,0.769026531427655,0.5920605954611736,0.6424308066391158,0.5218186467460457,1.0353760363316173,2.0335566116974912,0.6619865901350277,0.6649130201464121,0.6619867000598438,0.6632045016288688,0.6658527809904765,0.6577166152166342,0.6470828519841328
pixelate/s5,24576.0,0.7563929557800293,0.6076377630233765,0.768410259444844,0.5928204572934761,0.6364216281368799,0.5182918867940128,1.0431237931196577,2.031533780124612,0.6591911681114676,0.6626012514233747,0.6591912675734815,0.6610553521579472,0.6612393396112521,0.6509775263203454,0.640630885108784
pixelate/s5,24704.0,0.7730121612548828,0.6023216247558594,0.7686347424599678,0.593283928877007,0.6375095457443155,0.5181124091693596,1.0425395568764466,2.0302351455231804,0.6559739837582048,0.6590223101814116,0.6559740737532809,0.6576607320834251,0.6592772370902524,0.6499549777116272,0.6413181595779062
pixelate/s5,24832.0,0.7903589010238647,0.6774665713310242,0.7696944575118652,0.5973903992406175,0.6369695235437857,0.5238616742097537,1.0311891906893342,1.9845202805867814,0.6582124802476084,0.6609334823235734,0.6582125616768233,0.6597386814389588,0.6604391300501332,0.6497547716236676,0.6419400182736439
pixelate/s5,24960.0,0.7839474678039551,0.6055437326431274,0.7703897263066012,0.5977881228212277,0.6396412226710874,0.5267771305609966,1.025976529834828,1.989741316696813,0.6602379134185676,0.6641871365937865,0.6602379870972326,0.6616188485833767,0.6637770177312627,0.6518973870550853,0.6441386185569377
pixelate/s5,25088.0,0.7796424627304077,0.6091017723083496,0.7708410793028844,0.5983400081620629,0.6374482746476644,0.522666874231574,1.0275671904334345,1.9915211281012501,0.6605833529504113,0.6626694733843838,0.6605834196162348,0.6618328487182128,0.6607739999817077,0.6485006994115315,0.6422426167906615
pixelate/s5,25216.0,0.7619303464889526,0.6257646083831787,0.7704064094095219,0.5996777935387027,0.6361518891963698,0.5300089623475454,1.0211015436033422,1.9742775772139332,0.6608587328004613,0.6635456686601116,0.6608587931209358,0.6619892997622853,0.6617934288948111,0.6498889433699818,0.6419771089462202
pixelate/s5,25344.0,0.7672114968299866,0.6340153813362122,0.7702505600153982,0.601352797821508,0.6304800853466259,0.5329527850866249,1.023786419800402,1.9608358309925138,0.6580219408622853,0.6597281154265495,0.6580219954413702,0.6575948690888969,0.6566554463706173,0.645159032043868,0.6365130474165381
pixelate/s5,25472.0,0.789553701877594,0.6341381072998047,0.7711921766916028,0.6029520812106931,0.6315572336777024,0.5373267020325738,1.0150170712811066,1.9393411886639025,0.6565891564851492,0.6595829646423448,0.6565892058693183,0.6562027340179728,0.6537911564126764,0.6433889873520067,0.637015969732632
pixelate/s5,25600.0,0.7885472774505615,0.6047296524047852,0.7720387669725276,0.6030387920006487,0.6301709116143875,0.5301116381865227,1.0086186263504433,1.9500289925035692,0.652820259972583,0.6554919329095814,0.6528203046562958,0.6524706177521337,0.651013592447163,0.6401143068187995,0.6358722724350585
pixelate/s5,25728.0,0.7574658393859863,0.5709948539733887,0.771327892456111,0.6014756730724897,0.6236555363268788,0.5235461342544324,1.0191413290202445,1.9754052192708669,0.6463984922179052,0.6503030814726194,0.6463985326485581,0.6453199343253988,0.6447637859084682,0.634901909977034,0.6288142334168493
pixelate/s5,25856.0,0.7900257110595703,0.6293854713439941,0.7722399811684748,0.6028371266467094,0.623746324064951,0.5264172636531776,1.0105779984992667,1.95224561845625,0.6487862026552254,0.6500697423675514,0.6487862392376303,0.6470852885835405,0.645094865179524,0.6354094616746393,0.6291390238114383
pixelate/s5,25984.0,0.7653669118881226,0.6540459990501404,0.7719047094962626,0.6053351204224865,0.6267657102336647,0.5298888506939222,1.013481686796902,1.926707499860686,0.6546460822359297,0.655807452790628,0.6546461153363687,0.6531070636142565,0.6498188815812349,0.6380809287371364,0.6316451250548469
pixelate/s5,26112.0,0.7647398710250854,0.6242945194244385,0.7715552051805953,0.6062599691542889,0.6245713237747793,0.5271927078557143,1.0169239484488757,1.9195534558450686,0.6512852118267989,0.6530982365821209,0.6512852417766904,0.6498926792131375,0.6484046810738003,0.6355717386134351,0.6297113237408817
pixelate/s5,26240.0,0.7733965516090393,0.6695846319198608,0.7716450269575925,0.6093489770940729,0.6247608467944314,0.5290660967570145,1.0145632135507172,1.8880540458871735,0.6481698734018804,0.6505725269728768,0.6481699005010981,0.6469098840471041,0.6470879059567224,0.6362014363063859,0.6308988241581683
pixelate/s5,26368.0,0.7902595400810242,0.6636230945587158,0.7725530519880037,0.6119964950191774,0.6285945853505831,0.5337355937938245,1.0035170033337972,1.8650939527961528,0.6497383268555978,0.6519122924008005,0.6497383513754731,0.6485982651015142,0.6494843575015912,0.6389090628328453,0.6348733560645888
pixelate/s5,26496.0,0.7588199973106384,0.6260254383087158,0.7718831468817908,0.6126808337162281,0.6246645534314317,0.5395222118741267,1.0022051507033327,1.8650029635218668,0.6497446431572661,0.6494994626660425,0.6497446653433042,0.647988079250091,0.6465404269838906,0.6362466892140142,0.6318329117038902
pixelate/s5,26624.0,0.7928546071052551,0.6671093702316284,0.772906144941472,0.6153358842779549,0.624808022468297,0.5386604903394091,0.9936572088710348,1.8424094065189607,0.6510888472588945,0.6538786036377459,0.6510888673332335,0.6509866856272388,0.6489889883655547,0.6389871887534297,0.6312940860806764
pixelate/s5,26752.0,0.8061031103134155,0.6067715883255005,0.774525509105957,0.6149181137436889,0.6278007151542413,0.5371929540786682,0.9833696184545033,1.8529045116768865,0.6500928832128366,0.6525799263135106,0.6500929013764711,0.6492382503504046,0.648880726534211,0.6399052731076541,0.6336694258945321
pixelate/s5,26880.0,0.7473002672195435,0.6315591335296631,0.7731974485261318,0.6157298708064193,0.6245225388159436,0.5321284849218645,0.9996144721723186,1.8510355986732516,0.6454922815982893,0.6469804092342947,0.645492298033083,0.6447189939220496,0.6450833343596282,0.6361999823894955,0.6291076423471643
pixelate/s5,27008.0,0.804021954536438,0.6503663063049316,0.7747010829656589,0.6174194530258589,0.6288808932415527,0.5371943340667198,0.9877244634327984,1.841424376224951,0.6470925105954777,0.6484761763506021,0.647092525465984,0.6471550206754536,0.647521862915523,0.6386846658027497,0.632267384895917
pixelate/s5,27136.0,0.7616897225379944,0.5785338878631592,0.7740663824569922,0.615522596188654,0.629236519107913,0.5350669732989178,0.9996534881439206,1.8709941296846333,0.6472019384983471,0.6484539049549468,0.6472019519534571,0.6472584987789202,0.6468282293245154,0.6388321693551352,0.6323006796113562
pixelate/s5,27264.0,0.7917227745056152,0.6560345888137817,0.7749276698739982,0.6174987909508552,0.6273832513760473,0.5377896290229947,0.9896248393944731,1.8475358119645666,0.6481375065175407,0.6485081138824949,0.648137518691974,0.6474264881872323,0.6462749772769708,0.638277798684807,0.6308807755436483
pixelate/s5,27392.0,0.7991002202033997,0.6005285382270813,0.7761068186705543,0.6166709737448175,0.630893025189154,0.5365908838453152,0.9852511677732356,1.8691026412995257,0.651846905064354,0.650657847242876,0.6518469160800073,0.650441367360369,0.6471872340501323,0.6422378237951168,0.6340576499713795
pixelate/s5,27520.0,0.7988317012786865,0.6483222246170044,0.7772153495294876,0.6182149372019973,0.6318565088118401,0.5376069210759812,0.9774723820552798,1.8578055926975963,0.6537903882230115,0.6534023412590211,0.653790398190179,0.6525186316211309,0.6488492165319758,0.6421214931542967,0.6347199200514385
pixelate/s5,27648.0,0.7716100215911865,0.6578100919723511,0.776941918898351,0.6201464081664048,0.624344140334806,0.5330049833174108,0.981349005673175,1.8424328267060879,0.6464397266431888,0.6445642243039684,0.646439735661667,0.6445268225435693,0.6397194576711096,0.6351192986839292,0.626897827720546
pixelate/s5,27776.0,0.818156361579895,0.6689884662628174,0.7789523795169628,0.622528947585742,0.6303182257282807,0.54107336682081,0.9625420989618978,1.8211933541124103,0.6503107223225997,0.6486137329960358,0.6503107304826863,0.6485798911890355,0.6435050833538118,0.6415921792375111,0.633428224844111
pixelate/s5,27904.0,0.7735570669174194,0.6709929704666138,0.7786891935364972,0.6248930462628576,0.6319127134638398,0.5438377994850994,0.9664554450512152,1.8006175839226017,0.6485894459563796,0.6485411885109877,0.6485894533397774,0.647023357821846,0.6446438023683211,0.6414257612256125,0.6362510886305133
pixelate/s5,28032.0,0.7829993367195129,0.647304892539978,0.7788994444234736,0.6259863070568634,0.6289681660788223,0.5410781041147152,0.9641672656791596,1.7896957765236008,0.6462698080307276,0.6462261437984606,0.646269814711363,0.6448527824194096,0.6419375213576539,0.6382635828817111,0.6336186233236233
pixelate/s5,28160.0,0.787084698677063,0.6899369359016418,0.7792987251187706,0.6291058499273404,0.6380900241557933,0.5481549948592992,0.9564945550509526,1.7615210759821913,0.6530198560468392,0.6529803478390591,0.653019862091602,0.6517377049731837,0.6468505175401497,0.6427640746954686,0.641535649063195
pixelate/s5,28288.0,0.8079510927200317,0.6711187362670898,0.7806964015871248,0.6311552590170842,0.637606291933945,0.5465459531118345,0.9511924810519383,1.7458091516017085,0.654851696042381,0.6540537531607429,0.6548517015117945,0.6536915819537253,0.6492695640562567,0.6433598498583033,0.6407611375521235
pixelate/s5,28416.0,0.7925480008125305,0.6448090076446533,0.781274528378608,0.6318212955355023,0.6394923676570674,0.5495516922564546,0.9435309932684446,1.7384468553412704,0.6573829147415001,0.6581853114559725,0.6573829196903269,0.6563332219819251,0.6523320981139599,0.6454976690270549,0.6431091256494823
pixelate/s5,28544.0,0.7875275015830994,0.6715528964996338,0.7815795514617538,0.6337594224118013,0.6367001137456272,0.5531078964438236,0.9463347688007328,1.725647825530995,0.6587622922794893,0.6587633008474325,0.6587622967572797,0.6578125107879287,0.6527793701554628,0.6436210318799228,0.6399726235055696
pixelate/s5,28672.0,0.8007264137268066,0.6686275005340576,0.7825135447429759,0.6354603042714234,0.6445469202897673,0.5584634803635073,0.9418497038778987,1.7135035995846297,0.66817144351999,0.6689345512129357,0.6681714475715779,0.6665498684761686,0.6635201796588096,0.6529841400888534,0.648195782481839
pixelate/s5,28800.0,0.7597507238388062,0.6547244787216187,0.7814031632354553,0.6364000200982622,0.6381876060444592,0.5498500616495506,0.9550545412963207,1.7063714304352022,0.6625007528815614,0.6617040168916568,0.6625007565475133,0.6603085068127617,0.6560799781445862,0.645821759116684,0.6414891642801172
pixelate/s5,28928.0,0.7794688940048218,0.6670570373535156,0.781308808638839,0.6378954843546161,0.635370820222262,0.5501431848714852,0.9538339374186393,1.693577060960361,0.6610692416019363,0.6603483400905473,0.6610692449189577,0.6590856566699645,0.6538095757036976,0.6438027338587011,0.6391203265140143
pixelate/s5,29056.0,0.7797109484672546,0.6470528244972229,0.7812308642402251,0.6383421838737676,0.6336215155015232,0.5504084082031702,0.9578308466367517,1.697947661200768,0.6598111638765883,0.657671668814826,0.6598111668778909,0.6580163794140489,0.6517552734356479,0.6412508674593007,0.6370141383865651
pixelate/s5,29184.0,0.8003414273262024,0.6975581645965576,0.782163086829785,0.6412307682992695,0.6355894259832343,0.5552587381778833,0.9471066447451284,1.668742393292536,0.6623722666604942,0.6604364118187687,0.6631344644980797,0.6607483123669055,0.6558081623412376,0.6463035808480645,0.6393841490100924
pixelate/s5,29312.0,0.7838667631149292,0.6628718376159668,0.7822461929900358,0.6422864302171571,0.6300455186915523,0.5477125465607142,0.9560205253059432,1.666146242573596,0.6543163102859082,0.6525647128949119,0.6550059610360375,0.6528469262998591,0.6491391819875207,0.6405020799939953,0.634241249639709
pixelate/s5,29440.0,0.7957937717437744,0.6817236542701721,0.7829070504902181,0.6442101972441334,0.6332275335692155,0.5498450525394684,0.9490306195923512,1.6482323893279769,0.6537753467845724,0.6521904689548845,0.6543993555834698,0.6524458208816689,0.6498159998828191,0.6419638094413248,0.6370239088054713
pixelate/s5,29568.0,0.7847172617912292,0.6481339931488037,0.7829953534805113,0.6444016019224099,0.6368688748118838,0.5531130725238139,0.9488416831766356,1.6513066829357286,0.6539737075903239,0.6532646955861864,0.6545383223334074,0.65277072787687,0.6511162318987316,0.6447736193695747,0.6410289204599178
pixelate/s5,29696.0,0.8127137422561646,0.6630427837371826,0.7844450309817627,0.645310927864594,0.6388994994579864,0.558802786025414,0.9422517396496204,1.6469790485812725,0.6582244254877351,0.656783522895056,0.6587352993867416,0.6563737519932892,0.6540401777025405,0.6475390690429048,0.6426635859723586
pixelate/s5,29824.0,0.7845003604888916,0.6524990797042847,0.7844477299821103,0.6456615694177495,0.6321667987362267,0.5553065363144881,0.9457228637581349,1.643521025109891,0.6555640102122813,0.6535352399306247,0.6560262583981163,0.6538894864853019,0.6495658002888542,0.6415084318942641,0.6363348091992608
pixelate/s5,29952.0,0.7929204702377319,0.6739256381988525,0.7848610343848236,0.6470403044802423,0.6338084181307561,0.5513808695623654,0.9478849180429334,1.634818377707208,0.6526548837197381,0.6508192147141464,0.653073134457784,0.6511397435717693,0.6479897871739128,0.6429859160685162,0.6375797113575704
pixelate/s5,30080.0,0.7990460991859436,0.673539400100708,0.785552988765366,0.6483329432909967,0.6329328399624509,0.5495391449163342,0.9452693534705485,1.624003018858458,0.6492604569528386,0.6483617046878148,0.6496388979835155,0.6478895300253784,0.645801586134159,0.6419618253064919,0.6356201611986108
pixelate/s5,30208.0,0.7941068410873413,0.6604017019271851,0.7859702498542427,0.6489216632244692,0.6306162103408017,0.5522971680057966,0.9421707429530606,1.622733655184861,0.6491263563505457,0.648313148619968,0.6494687768191119,0.6478859162216541,0.6451973304640426,0.6417602238495981,0.634572138716887
pixelate/s5,30336.0,0.7989043593406677,0.6920852661132812,0.7866011820243122,0.6510272048288014,0.6323310564713619,0.551018883127196,0.9352925582004914,1.6024689438643913,0.653541010118489,0.6528052046704172,0.6538508385139019,0.6524186368668269,0.6499859545721647,0.6439015767253056,0.6366726490115318
pixelate/s5,30464.0,0.7915892601013184,0.6627236604690552,0.7868445029061173,0.651597763640521,0.633771140328936,0.5484122374993844,0.9321496036667503,1.6068887332750794,0.6581861251577763,0.6545459347434291,0.6584664636404789,0.6571705810079975,0.652720039800275,0.6464897669239676,0.6384616889628434
pixelate/s5,30592.0,0.7764183878898621,0.6749325394630432,0.7863359119297145,0.652736045387961,0.6337728461869789,0.5466671702775512,0.9477917736620811,1.6040978705390927,0.6588012173497785,0.6555075054995573,0.6590548728121167,0.6571573192820728,0.6530932067437349,0.6489803304529177,0.6395041516433579
pixelate/s5,30720.0,0.7812678217887878,0.6569178700447083,0.786088688020401,0.6529400368346316,0.6364885479181409,0.5481369815539294,0.9474679277076726,1.604540797743758,0.6599712383039934,0.6577532218113185,0.6602007504742591,0.6584838088209592,0.6548065243647953,0.6525351473045138,0.6439609248361376
pixelate/s5,30848.0,0.796216607093811,0.6862359046936035,0.7865827328532502,0.654564225510679,0.642979822357818,0.5549138006802656,0.9429160530951787,1.589595604881609,0.6671646362048625,0.6658827485871596,0.6673723030763522,0.6658187824013557,0.66397871716767,0.6597113081797534,0.651190997427582
pixelate/s5,30976.0,0.7836331129074097,0.682181715965271,0.7864388489534531,0.6559114201670005,0.6361190123773,0.5585359255411565,0.9428486882581331,1.572558016267681,0.6669623210396168,0.6673640158245507,0.6671502218793168,0.666506762660596,0.6641168226127461,0.6594933966337924,0.6465602362209115
pixelate/s5,31104.0,0.803046464920044,0.6565572023391724,0.7872489765615794,0.6559429217363748,0.6356741628946301,0.5537637672505051,0.9308288130498419,1.569969066153891,0.6672811958960483,0.6676446567930647,0.66745121206332,0.6668689982193734,0.6654315509779815,0.6605231744675777,0.6473338008875706
pixelate/s5,31232.0,0.7987267971038818,0.6468552350997925,0.7878088702465698,0.6554996199492245,0.6302709112211378,0.5561940452040561,0.9243723386142454,1.5745486756839402,0.6618067810576379,0.6636228572172823,0.6619606148413502,0.6614338169492366,0.6594081731335573,0.6542419680935072,0.6408207680844706
pixelate/s5,31360.0,0.7937967777252197,0.6501650810241699,0.7881009632943088,0.6552393985382461,0.6305314134249558,0.5515704299556035,0.9175300652824429,1.5829693770287665,0.6576156240265717,0.6622332634309853,0.6577548156892882,0.6588025494228369,0.657731904423641,0.6514958557229176,0.6400771197242593
pixelate/s5,31488.0,0.7731882333755493,0.6482129693031311,0.7873735130543693,0.6548966458926307,0.631566496025793,0.5473868970627441,0.9297043677078747,1.586258162849766,0.6590100322096463,0.6639503531698564,0.6591359754095224,0.6608461794599255,0.6598774399930742,0.6527105571413192,0.6394414331353946
pixelate/s5,31616.0,0.8021583557128906,0.6921120882034302,0.7880947248913703,0.6567120333224259,0.640515401817508,0.5518741644452313,0.9266673942261974,1.565792609412365,0.6683956032069435,0.6735907121780794,0.6685095589517451,0.6700569833185881,0.6691432696189565,0.6618591656228117,0.6491280010701577
pixelate/s5,31744.0,0.8119966983795166,0.6728897094726562,0.7892606748176214,0.6575011882565834,0.6478503427509992,0.5476245414165358,0.9206841300928751,1.5634924567709478,0.6731512269350154,0.6763274677113973,0.6732543362079739,0.6731300842519763,0.6715783242655757,0.6671997566402716,0.6556803626577691
pixelate/s5,31872.0,0.8080979585647583,0.693740963935852,0.7901795667077256,0.6592689821921575,0.6448760388603627,0.548817327480399,0.915733183883881,1.5430180616679197,0.6691072374587498,0.6720183393153094,0.6692005326426701,0.6690881071667197,0.6677584064294709,0.6645959725460161,0.6534479961942098
pixelate/s5,32000.0,0.7871209383010864,0.6729350090026855,0.7900303653220359,0.6599356176463296,0.6437835842395072,0.5486324539546026,0.9130703378366731,1.534405793777702,0.6686456622098502,0.6705546663287243,0.6687300774238556,0.668628352766556,0.6667373802374927,0.6623515611198634,0.6500524403399125
pixelate/s5,32128.0,0.7691348195075989,0.6559712290763855,0.7890110704042584,0.6597422328380396,0.6381103995409223,0.5394675564931294,0.9259351313050665,1.5420574563554112,0.6606060691381214,0.6616455368744733,0.660682449590532,0.6613526023545101,0.658953780690795,0.6564726201447425,0.6438197571427763
pixelate/s5,32256.0,0.7739033699035645,0.6796802878379822,0.7882741094042245,0.6607148208868173,0.6429229135643919,0.5477945588495239,0.9289525205339425,1.5330049471140104,0.6662890131820836,0.6671923626330004,0.666358123633075,0.6669644902922127,0.6632696016839376,0.6610617818204362,0.6480888462904002
pixelate/s5,32384.0,0.7699295878410339,0.683433473110199,0.787379254693825,0.6618230478245433,0.6403804292275074,0.543970418804358,0.9336305732254458,1.5291352823709357,0.6615968703450025,0.663176432816653,0.6616594027637758,0.6622080545713597,0.6596270459020042,0.6568671743895796,0.6458168561616291
pixelate/s5,32512.0,0.7843799591064453,0.6692266464233398,0.7872329475920015,0.662184198975704,0.6381171224598683,0.544209700774199,0.9392841264517243,1.5284845321173466,0.6602885721563051,0.6624799847198863,0.6603451526494365,0.660841582988125,0.6585434186894398,0.6545590257266809,0.6437611173241152
pixelate/s5,32640.0,0.7872303128242493,0.6597734093666077,0.7872328190667452,0.6620665994825774,0.6337826551228195,0.5392023824375707,0.9404152739001812,1.5298818587439644,0.6545316289409518,0.6572766548238829,0.6545828240212925,0.6550320034056739,0.6537519570652218,0.6494217894885672,0.6388894464306837
pixelate/s5,32768.0,0.7848817706108093,0.6643866300582886,0.7871181337762118,0.6621797717057828,0.6374455195965546,0.5362332383626085,0.9374555361994998,1.5273230969485563,0.6591568159543055,0.661640566321907,0.659203138213198,0.6596095640571267,0.6576891592481869,0.65228393326122,0.6427912540280012
pixelate/s5,32896.0,0.7555042505264282,0.653034508228302,0.7855759931298808,0.6617336612922471,0.6341974332577986,0.5314460175785412,0.9456665424513345,1.5380869954355514,0.6568538174101717,0.65910116084213,0.6568957306497764,0.6572634722967815,0.6540386443881572,0.6483857004701461,0.639071533240089
pixelate/s5,33024.0,0.7853894829750061,0.6295840740203857,0.7855668950735454,0.6601653887424002,0.6361477073082162,0.524716325245069,0.9549204124147403,1.5497905665020288,0.6588226688166989,0.6615811217375844,0.658860592693819,0.6591933321614541,0.6555504331435973,0.6504355445657894,0.640557883437344
pixelate/s5,33152.0,0.7932775020599365,0.6648277640342712,0.7859430222436132,0.660392821683467,0.6320750522402123,0.5261004049361986,0.9504657044606604,1.546890612173288,0.6546924623856033,0.6579505569083081,0.6547267766135032,0.6550278454595906,0.6510438481923922,0.6456907872008124,0.6367904763284951
pixelate/s5,33280.0,0.7582342624664307,0.6555839776992798,0.7845913754252141,0.6601582439281408,0.6249136849835591,0.5193032218369767,0.959969843001393,1.5542797325236852,0.6453039769711497,0.649014156488719,0.6453350251214387,0.645607437801331,0.642764838251415,0.6394828598051372,0.6299424833406548
pixelate/s5,33408.0,0.7917008996009827,0.6611833572387695,0.7849381814825687,0.6602082494554886,0.6248475400713821,0.5272257289792037,0.9546552209284183,1.5557433020775884,0.6494689761886488,0.6513016252345875,0.6494970691312958,0.6482191629362429,0.6425983456159441,0.6410787803471824,0.631684275527148
pixelate/s5,33536.0,0.7910065054893494,0.719847559928894,0.7852341972877774,0.6631174841127279,0.6300486962811256,0.530657545376186,0.9478882991705108,1.521875735873523,0.6539253794068618,0.6548585794061912,0.6539507984227844,0.6520695103069754,0.6461843150992569,0.6440471891184202,0.6340596567976158
pixelate/s5,33664.0,0.8013169765472412,0.6651308536529541,0.7860187231053123,0.6632156972610316,0.6355169940770923,0.5345620919197971,0.9428971844193411,1.527337577346095,0.6600954801176898,0.6616648716697304,0.6601184797150832,0.6584162553104754,0.652329026333117,0.6526447201957863,0.6428828007074203
pixelate/s5,33792.0,0.7847103476524353,0.6596242785453796,0.785954899912489,0.6630405061041704,0.637416030928767,0.5327596322486683,0.943120318870945,1.5344085038566115,0.6603801161564582,0.6625623258832004,0.660400926619061,0.6588607223838389,0.6556022897398398,0.6558879354061814,0.6456051397239657
pixelate/s5,33920.0,0.7704211473464966,0.6355464458465576,0.7851971558848796,0.6616993324330673,0.6310847906262074,0.5268158243011447,0.9493158409280446,1.5528575795767998,0.6541125262783896,0.6530754299038357,0.6541313559712028,0.6520127357202968,0.6468150402702535,0.6463484828987518,0.6377322531351289
pixelate/s5,34048.0,0.7977888584136963,0.7149417400360107,0.7858113852765292,0.664296523047845,0.6296690758729693,0.5295244608935401,0.9511587263937888,1.5338115831247428,0.6535165987325583,0.6525410344341073,0.653533636188102,0.6516166692626838,0.6468765176984269,0.6457293530571097,0.6364088382025763
pixelate/s5,34176.0,0.7743944525718689,0.6786885261535645,0.7852544617299604,0.6649985719798313,0.635285047235447,0.5291124063171174,0.9488908694924061,1.521056437725674,0.6552639777943015,0.6543812691102184,0.6552793936002992,0.653544886346545,0.6485308943600876,0.6482551136227624,0.6390967239179765
pixelate/s5,34304.0,0.783966064453125,0.6304319500923157,0.7851916130823099,0.6633123953023914,0.6343432818828763,0.5249657763285757,0.9481710232236285,1.5453186306888707,0.6523834088192341,0.6508597027463666,0.6523973573266241,0.6508279429703122,0.6448039799653144,0.6460416584296381,0.6377921576913992
pixelate/s5,34432.0,0.7800137996673584,0.6991088390350342,0.7849390368181659,0.6650585632893495,0.6311673894966418,0.5232773324186576,0.9451800585374097,1.5280700151658935,0.6518777006627334,0.6497740082553383,0.6518903215311095,0.6497080911706394,0.6428446481423218,0.6439645225886255,0.6342879963406414
pixelate/s5,34560.0,0.8025800585746765,0.7165883183479309,0.785799574464825,0.667572209877573,0.6424408681882166,0.5336472769832113,0.9341250696855461,1.5051580861166853,0.6634293472385588,0.6622509021751156,0.6634407668345137,0.6614662443013339,0.6559810885332964,0.6547449666016059,0.6437772411862673
pixelate/s5,34688.0,0.7867012023925781,0.7080516815185547,0.7858435563149593,0.6695468182503038,0.6437180609841031,0.5341441155808831,0.929668670359497,1.4880342199933163,0.6619094510112125,0.6600809769234687,0.6619197836735844,0.6601331990376734,0.6551701282921737,0.6555388722195374,0.6463772658205309
pixelate/s5,34816.0,0.7922806143760681,0.6288790702819824,0.7861575591472085,0.6675630256664832,0.6472718148464134,0.5285704638896628,0.9274972742648173,1.5050738615318,0.6667061421701689,0.6642895097564521,0.6667154913548612,0.6643367612946468,0.6590467073958335,0.6594175339951911,0.6511279424824672
pixelate/s5,34944.0,0.7932339906692505,0.6626115441322327,0.7865027509287715,0.6673214899818856,0.6479404701852438,0.528026130622354,0.920246653260854,1.5104753977126975,0.6663243856280945,0.6655878015107457,0.6663328449439285,0.664905540707411,0.6608440166264502,0.6596551571723294,0.6507045511694424
pixelate/s5,35072.0,0.7721884250640869,0.6975349187850952,0.7858044911304942,0.668795315777164,0.6443069334632693,0.5304336672674602,0.917419668428512,1.4964291050695118,0.664677656478484,0.6632861666257253,0.6646853106244588,0.6626688443878477,0.6589939020159612,0.6579553801660397,0.6475701203621188
pixelate/s5,35200.0,0.8029698729515076,0.6916821599006653,0.7866418268290801,0.6699117471978225,0.6521547268278598,0.5342479821022053,0.9069843943436621,1.4871114521303903,0.6698987004781525,0.669401849754746,0.6699056260914943,0.6680810900142274,0.6670053390638173,0.6660284849687961,0.6551073188999301
pixelate/s5,35328.0,0.7819956541061401,0.6285929679870605,0.7864151842572293,0.6678961969924195,0.6442719152321086,0.5286644442459573,0.9074026653180295,1.5060130897309931,0.6625392167919512,0.6620896570356745,0.6625454832154448,0.6608946091086496,0.6599212496823713,0.6575129837225097,0.6469434753401508
pixelate/s5,35456.0,0.8133630156517029,0.7311345338821411,0.7877297126179353,0.6709809939138693,0.6528480565544541,0.5325727957751939,0.9031283238946709,1.4813775570486398,0.6723882502918248,0.6720186605301967,0.6723939202681092,0.6709001787354288,0.6700566453104619,0.6686397966935973,0.654503138603432
pixelate/s5,35584.0,0.7977640628814697,0.6406784057617188,0.7882191931185956,0.6695028188820571,0.648710228446951,0.5353841299072397,0.9004751510108091,1.498229937867255,0.6730644132622638,0.6712427915921647,0.6730695435620428,0.6717179784988621,0.6687425089334993,0.6666983228857593,0.6524571825198215
pixelate/s5,35712.0,0.8046023845672607,0.698661208152771,0.789018373189262,0.6709251793342871,0.6547260603615778,0.5423895071915,0.8959014210456119,1.4819798824437116,0.6804244334157664,0.6795755716904713,0.6804290754062267,0.6799683493734499,0.676588254662613,0.6740136223136465,0.6610907939397076
pixelate/s5,35840.0,0.7716611623764038,0.6490750312805176,0.7881716799788787,0.6698593184536153,0.652584525764402,0.5389682869948075,0.9055710521838956,1.4916484668530998,0.676599085797371,0.6758310199531272,0.6766032859564964,0.6761864124907895,0.6724030251884796,0.6700734500529781,0.6591056499597235
pixelate/s5,35968.0,0.7963716983795166,0.687768816947937,0.7885716808764708,0.6707329525265091,0.6589194311050894,0.5410965285657955,0.9076478946080346,1.4844941293572287,0.6835483102306967,0.6843405599932816,0.6835521106126299,0.6831749157635281,0.6827632369492429,0.6791681841347886,0.6662698950557642
pixelate/s5,36096.0,0.8296646475791931,0.6867438554763794,0.7905762158375792,0.6715139721826003,0.6646513710355983,0.5460338012781528,0.893882293422183,1.479429087288367,0.6884604282337237,0.6891772705233677,0.6884638668898334,0.6881225739894861,0.6855006742414029,0.683009998851287,0.6713022072455783
pixelate/s5,36224.0,0.8325873613357544,0.6860600709915161,0.7926255400082218,0.6722235379781571,0.6632010620732571,0.5437529219179479,0.8772002855558724,1.4725269905240177,0.6899677640353917,0.6898541811219763,0.6899708753952626,0.6896620672445022,0.685802513694928,0.6828238895019676,0.6692188621180992
pixelate/s5,36352.0,0.775486946105957,0.6799262762069702,0.7917895110373796,0.6725992813063919,0.6638407587230363,0.5440129055545501,0.8861384658085706,1.467102809645886,0.6911085479463598,0.690968595768308,0.691111363162519,0.690831947816114,0.6857781816359223,0.6838452623036839,0.6700479710182207
pixelate/s5,36480.0,0.8304281830787659,0.707131028175354,0.7936743243076911,0.6742837567634145,0.6625791457571315,0.5427237533304405,0.8728443444289622,1.4506328965714907,0.6871771870472416,0.6870505557189747,0.6871797343070739,0.6869269141155915,0.6831163677978809,0.6806424116382529,0.6689205615221379
pixelate/s5,36608.0,0.8016133904457092,0.7076148986816406,0.7940615958266188,0.6759096661252791,0.664114592918856,0.540795109348959,0.8639276243764104,1.4362863398683468,0.684159132361008,0.6862195986011663,0.6841614371689824,0.68465769563939,0.6826598723501349,0.6804585711491865,0.6705774384742246
pixelate/s5,36736.0,0.8342206478118896,0.7045482397079468,0.7960205739722418,0.6773066697146776,0.6685154942472218,0.5458354320760063,0.8522643405935857,1.4253488435172676,0.6865034445693593,0.6876427777943925,0.6865055300023927,0.6869545538771636,0.685184066534536,0.6824300932289784,0.6735638214867908
pixelate/s5,36864.0,0.7984074354171753,0.7202795147895813,0.7961370062378482,0.6794029060597948,0.6724975114515312,0.551808859124096,0.8411580721446331,1.405411651787019,0.6894983576383079,0.6890420374927251,0.6895002445768229,0.6884193197187185,0.6860551547882385,0.6858127137425795,0.6778275267587204
pixelate/s5,36992.0,0.8105399012565613,0.6744580268859863,0.7968395864826635,0.6791616924415602,0.6755985811527536,0.5506142324376859,0.834783748236103,1.4135940822475406,0.6909440820748758,0.6912933902596281,0.6909457894118665,0.6899677485378767,0.6893529984728797,0.6868470479491156,0.6811462928019117
pixelate/s5,37120.0,0.7981470823287964,0.6882372498512268,0.7969033667678407,0.6796044025591049,0.6750954443386902,0.5516711764055444,0.8364607769621921,1.4112870803700923,0.6919175781296169,0.6915086237863737,0.691919122959815,0.6910341734242179,0.6897529212833134,0.6875226709878671,0.6823645219224912
pixelate/s5,37248.0,0.8339905142784119,0.7606290578842163,0.7987124959146978,0.683556824770086,0.6822249677805757,0.5608257640171522,0.8178233405253368,1.3726613038626028,0.698933156653865,0.7000503371678014,0.6989345544449009,0.6988588505521923,0.6991495795787744,0.6971687879670111,0.6902893740892975
pixelate/s5,37376.0,0.8210218548774719,0.6779634952545166,0.7998007573275161,0.683283979427863,0.6840655419359046,0.5551106407317599,0.8077426301469706,1.375303897440732,0.6999456164607546,0.70095646212506,0.6999468812080274,0.6998783829208116,0.7001414399401046,0.6983491829255346,0.6913623664424874
pixelate/s5,37504.0,0.8114393353462219,0.7227294445037842,0.8003684928406237,0.6852081484559567,0.6785923196219578,0.5498651306085703,0.81296733082801,1.3620709915915892,0.6959353257803733,0.6968499576991172,0.6959364701471799,0.6958744916255528,0.6953874956269477,0.6930408133430922,0.6851946218673547
pixelate/s5,37632.0,0.7505529522895813,0.6805816888809204,0.7979384664722801,0.6849824675010768,0.6689181547560962,0.5495433454227456,0.8378972371826782,1.3692386823278462,0.6860232781153764,0.6868508540513725,0.6860243135597027,0.6859682342429897,0.6848025763525207,0.6819542397946716,0.6756170552410745
pixelate/s5,37760.0,0.8033194541931152,0.7268723249435425,0.7982009536781743,0.6870258751811972,0.6690880507935884,0.5499028425865533,0.8377221605254344,1.3522703467899972,0.6838400690145673,0.6853138899536808,0.6838410059038119,0.6845152791692964,0.6834605702749458,0.681608357363293,0.6751865205363916
pixelate/s5,37888.0,0.7868044376373291,0.685852587223053,0.7976450260664257,0.6869686416222633,0.6560056069345913,0.54366580819402,0.8476235630050004,1.35520222148054,0.6730529416842098,0.6736242871026463,0.6730537893989874,0.6736638843643663,0.6719473690590081,0.6717958426826701,0.6629736452919999
pixelate/s5,38016.0,0.8010774850845337,0.6507651805877686,0.7978124630916993,0.6852026191327758,0.6529057276308824,0.54157313757472,0.8511569161171315,1.371589046034159,0.6720670876274141,0.6725840515664039,0.6720678546554788,0.6726198799037484,0.6710667449962827,0.6687174162524337,0.6592477183159617
pixelate/s5,38144.0,0.8096154928207397,0.7171765565872192,0.7983882206394574,0.6867623233988461,0.6578343912710125,0.5415386628501779,0.8495025698394701,1.361747680012598,0.67368473544396,0.6749146891329567,0.6736854294651893,0.6749471072775736,0.6742668168586234,0.673628310600804,0.6650227718968338
pixelate/s5,38272.0,0.7923688292503357,0.7261004447937012,0.7980945917912075,0.6886812561498146,0.6546719863909637,0.5443703487180968,0.8468214616815793,1.3461249497967853,0.6750368724629762,0.6753875622672382,0.6750375004262658,0.6761790899281316,0.6748013554086653,0.6712120228577172,0.6604511517281881
pixelate/s5,38400.0,0.7931497693061829,0.6855170726776123,0.7978533809382794,0.6885269057365364,0.6557702803692181,0.5476575255206575,0.8452709279337923,1.349260836345218,0.6756468370114139,0.6759641476552465,0.6756474052042536,0.6766803365738776,0.6754337368093872,0.6706988321038594,0.6617243913019477
pixelate/s5,38528.0,0.7975677251815796,0.66877281665802,0.7978394465111233,0.6875632916351454,0.652228046663641,0.5433073148821654,0.8441678393519781,1.360698329057896,0.6709377389020585,0.6719498623341045,0.6709382530134858,0.6718728684883211,0.6714699367561439,0.6672228873467996,0.6576154367461406
pixelate/s5,38656.0,0.7950688004493713,0.6928319931030273,0.7977042930446964,0.6878203014628469,0.653335876844377,0.5384602474335358,0.8476608117726799,1.3605811580134957,0.6666768595300601,0.6683176624688714,0.6666773247076216,0.6682479970081714,0.6678834168983312,0.6654906375101024,0.6589355022551338
pixelate/s5,38784.0,0.7740479707717896,0.6859509944915771,0.7965503261045545,0.6877291157569313,0.6544869831530621,0.5377367854529493,0.8519863422813034,1.3533067266309846,0.6679710013951345,0.6709428403421495,0.6679714222964261,0.6693925957462395,0.6683748822738618,0.6662098510724959,0.6595164479060431
pixelate/s5,38912.0,0.8108425140380859,0.6964530944824219,0.797247506003751,0.6881546756947601,0.652368204268773,0.5355577933812826,0.846708405557472,1.3552425713647351,0.666855379608566,0.6709943843904874,0.6668557604478667,0.6681416645627782,0.6686708482680213,0.6651874976093196,0.6583689870702508
pixelate/s5,39040.0,0.7787262201309204,0.6640632152557373,0.7963440286441007,0.6869794825026125,0.6452272687048208,0.529923946301565,0.8626017461132989,1.3680388670981807,0.6605477587059065,0.6657800170481447,0.6605481032963743,0.6617116132064162,0.6636776384388222,0.6590386281164635,0.6506568883604115
pixelate/s5,39168.0,0.7885451316833496,0.6848711967468262,0.7959635946460153,0.6868766392950131,0.6441757440214351,0.5329502214899942,0.8656749458318266,1.3638215393170485,0.6609380672169445,0.6656723116777086,0.6609383790087955,0.6619911443705884,0.6645694158628486,0.6603719532213806,0.6513379697776238
pixelate/s5,39296.0,0.8314149975776672,0.7005863189697266,0.7976929313743886,0.6875454041571942,0.6459756434602039,0.5378263158157531,0.8542986851730446,1.3534004036343428,0.6648791197126545,0.6691255717202824,0.6648794018277084,0.6658319634667846,0.6674026362447308,0.6636046941402259,0.6539061880022402
pixelate/s5,39424.0,0.806308388710022,0.7031860947608948,0.7981131975858828,0.6883083646744479,0.6520658558613741,0.5408254469695184,0.8469456257478032,1.3486673132860647,0.6730554081397663,0.6753732864881318,0.6730556634027034,0.673155363731695,0.673052147369563,0.669541338362453,0.6592415597569348
pixelate/s5,39552.0,0.8409813046455383,0.7061160802841187,0.8002043247595245,0.6891770337285782,0.6606995340661214,0.5481494674840198,0.8298904339417266,1.3464049583840094,0.6788918951698897,0.6809891545201954,0.678892126136533,0.6789823368446808,0.679688320136291,0.6765116749847061,0.6671550638847696
pixelate/s5,39680.0,0.8119866847991943,0.6896002292633057,0.8007790740297523,0.6891976774131989,0.6638639151187213,0.5524154313165938,0.8257482582390687,1.3477569178991406,0.6811240764743616,0.6830217156604503,0.6811242854572677,0.6812059097803447,0.6826068916878636,0.6796954239451147,0.6704671934376767
pixelate/s5,39808.0,0.7834856510162354,0.689395546913147,0.7999354924193368,0.689207329583928,0.6631763919664337,0.5528733617088274,0.8201713715843139,1.3369473247319965,0.6840918919199904,0.6843217010824182,0.6840920810116026,0.6841659362141012,0.6832213457806309,0.6798248006070908,0.6691511607487841
pixelate/s5,39936.0,0.7824710607528687,0.7216836214065552,0.7990835689234116,0.6907915389411293,0.6605279846406578,0.5487517151452269,0.8324186482984509,1.3176169475750632,0.6770917713327218,0.676574692056132,0.6770919424263221,0.6771587679843235,0.6755790701560616,0.6732680081638223,0.6651346909571092
pixelate/s5,40064.0,0.7825387716293335,0.6674718856811523,0.7982765056407736,0.6896539948796669,0.6579085750377397,0.545784567957103,0.8340825284314632,1.3308016957774518,0.6737695325384114,0.6747516993559647,0.6737696873470767,0.6738301523522641,0.6730886470597083,0.6709975552749398,0.6643633937809418
pixelate/s5,40192.0,0.8052560091018677,0.7171215415000916,0.7986169692242415,0.6909938752026145,0.6555384846117799,0.535515067140246,0.8391048996718328,1.3191765516448422,0.6631043777459391,0.6640302407617027,0.6631045178196927,0.6631592276786398,0.6669871101593196,0.6658200663731012,0.6613789244145225
pixelate/s5,40320.0,0.7737157344818115,0.6775518655776978,0.7974022748465619,0.6903381674160332,0.6483188786998912,0.5300340078050649,0.8469112982357245,1.32685727879349,0.6566890294774381,0.6575267675184711,0.65668915621877,0.6567386587145811,0.6617265880739589,0.6599084300734603,0.6558900024000527
pixelate/s5,40448.0,0.8090499639511108,0.6816697120666504,0.7979704548028813,0.6899153159355755,0.6521969152305381,0.5302984686921496,0.8436952797612682,1.3334007547468036,0.659807563257099,0.6605655641853625,0.6598076779350084,0.6598524687120035,0.6651278348961877,0.6627205366696807,0.6583223936052827
pixelate/s5,40576.0,0.8163992166519165,0.7247786521911621,0.7988694187955171,0.6916159664846285,0.6541814444173994,0.5335865382990834,0.8352258054003227,1.3251504962406429,0.6611792407579105,0.6618650940665891,0.6611793445206114,0.6612198720469704,0.667443151027425,0.6652278026618587,0.6597238909420791
pixelate/s5,40704.0,0.8064413070678711,0.699760913848877,0.7992387791990465,0.6920132809902017,0.6536161373937326,0.5290140539874514,0.8347137462812065,1.3242905417973387,0.6570849941658428,0.6628922118234872,0.6570850880522605,0.6585717878545163,0.6679393412925123,0.6666598678457387,0.6586310458791803
pixelate/s5,40832.0,0.7909048199653625,0.6971947550773621,0.7988322446022813,0.6922660358237217,0.6524911629838591,0.5286505806751418,0.8385507594717749,1.317744122366079,0.6578792540905691,0.6631337324113765,0.6578793390407425,0.6592245326155379,0.6669382737096438,0.6650183872655375,0.6585531355040054
pixelate/s5,40960.0,0.790602445602417,0.6786753535270691,0.7984307909925318,0.6916030757116899,0.6476994698979475,0.5282101625264073,0.8389500327625168,1.328264652787263,0.6570363447184744,0.6625157091003591,0.657036421582968,0.658253577696748,0.664470918686715,0.6627337697982644,0.6539094700187937
pixelate/s5,41088.0,0.7909095883369446,0.7155246734619141,0.7980639030581129,0.6927699829190178,0.6477511265406175,0.5313995581217521,0.8407713700115884,1.3132771906772545,0.6584487092901841,0.6641315547541025,0.6584487788386046,0.6595500842812336,0.6644506349330717,0.6635666649989055,0.6526078547879746
pixelate/s5,41216.0,0.8186523914337158,0.7196789979934692,0.7990682195642398,0.6940826178006984,0.656683946144128,0.5396951088061779,0.8368180836494382,1.299216315436101,0.6664004978169957,0.6730296518625757,0.6664005607456975,0.6673970423508366,0.6740805566527079,0.6732435439996045,0.6618405991270133
pixelate/s5,41344.0,0.8138235211372375,0.7100794315338135,0.7997879903726787,0.6948629501779234,0.6558060869037589,0.539690666564067,0.835315137223038,1.2947721482757195,0.6667728478165678,0.6720460145645315,0.6667729047556251,0.6676745398070331,0.6729968927238362,0.6722395481400347,0.6604719222321161
pixelate/s5,41472.0,0.7908209562301636,0.7351703643798828,0.7993505740730438,0.6968291655048483,0.6513495289593201,0.5411366768851551,0.8331589788883265,1.2778506914275511,0.6634846826466386,0.6689809566642786,0.6634847341661545,0.6643005502953582,0.6706407042432806,0.6706804596793533,0.6570584733581492
pixelate/s5,41600.0,0.8084582686424255,0.6993429660797119,0.7997948518569161,0.6969517899231343,0.6497524589810385,0.5365705743856757,0.83581956307628,1.2803013076932028,0.6630191566362507,0.6679922873803497,0.6630192032520648,0.6637573688276263,0.6694940577953775,0.6710172392458633,0.6586918131931854
pixelate/s5,41728.0,0.7727278470993042,0.6941412687301636,0.7984745101614228,0.6968146913283553,0.6435855086913502,0.530728788602387,0.8436800651510736,1.2780226746194872,0.6579504088303018,0.6624501898307624,0.6579504510091555,0.6586183569225577,0.6645340344478103,0.6643878470511351,0.6531612122943693
pixelate/s5,41856.0,0.7816516160964966,0.697782039642334,0.7976538811826459,0.6968618790509883,0.6468544370728992,0.5306668575040039,0.8505556669335594,1.2865720245275112,0.6614508160802433,0.6655223014471086,0.661450854244453,0.6620551879114873,0.668857832477763,0.6680005445358574,0.6578052967874691
pixelate/s5,41984.0,0.7964186668395996,0.716537594795227,0.7975936268244485,0.6978216700629024,0.6485480956501366,0.5412071923043367,0.8496819544973192,1.2740461088956923,0.6662168002724866,0.6699007558007448,0.6662168348041719,0.6667636471227674,0.6736438210581068,0.6721431161445801,0.6614310567601073
pixelate/s5,42112.0,0.7990785241127014,0.6967002153396606,0.7976660608385095,0.6977669649544516,0.645544558883913,0.5409101067786414,0.8474208573290707,1.2758040017692616,0.6659188002465509,0.6692892918339874,0.6659188314914607,0.6664135974263706,0.6726760867515648,0.667618786231949,0.6564762863367777
pixelate/s5,42240.0,0.7899352312088013,0.7129228115081787,0.7972889471980359,0.6985062745424383,0.6427897228211967,0.541291952653369,0.8481677947040512,1.269711253068591,0.6611875343099368,0.6649994127778076,0.6611875625809112,0.662397431103813,0.6687888625515348,0.6649379380480632,0.654130982461772
pixelate/s5,42368.0,0.8163450956344604,0.7139449715614319,0.7982185154144468,0.6992593817140964,0.6461715754973469,0.5433849256310376,0.8303751280379448,1.2603217842216237,0.668116442406552,0.6715655007941971,0.6681164679866542,0.6692111794817962,0.6742320701611448,0.6707476821957788,0.6586827628342387
pixelate/s5,42496.0,0.8176762461662292,0.7131849527359009,0.7991676730120947,0.6999386778615014,0.6473539359497112,0.5481787459160071,0.8278006234652264,1.2620838155056653,0.6685485478288908,0.6716693198738689,0.6685485709742421,0.6695390862533087,0.6733942467073772,0.668791478060547,0.6593993053366312
pixelate/s5,42624.0,0.7780956029891968,0.6784666776657104,0.7981397671573192,0.6988912632178043,0.644278159773653,0.5448571520156139,0.8239822264435738,1.2665844095066618,0.6649054677262004,0.6677292001952139,0.6649054886685439,0.6658017252773839,0.669289946009471,0.6651252755086804,0.6559392286835312
pixelate/s5,42752.0,0.8105608224868774,0.7210955619812012,0.7987456722953463,0.6999743997428479,0.6446182813894862,0.5436363641973521,0.8244131983448543,1.2648453719349155,0.6626315981032426,0.6636621734068532,0.6626316170522636,0.6626803534484836,0.6657993800597295,0.6627189435149928,0.6574188380890249
pixelate/s5,42880.0,0.8185735940933228,0.712443470954895,0.7997128879928085,0.7005826471190453,0.6464876002340323,0.5440933432148558,0.8201848181695057,1.2623006625792166,0.6635113984027554,0.6644810623151836,0.6642736106701325,0.6635926933938986,0.6664520268119265,0.6629025955302225,0.6573447666468808
pixelate/s5,43008.0,0.8292893171310425,0.7014554738998413,0.8011556406336979,0.7006252240351816,0.6496662046138983,0.5458081350563925,0.8065292938938154,1.2571903193403209,0.6657946680372343,0.6674342330644819,0.666484331843707,0.6658682252540867,0.6707419885668888,0.6660060070205046,0.659489970297386
pixelate/s5,43136.0,0.7948824167251587,0.7097474336624146,0.8008496297113301,0.7010702098706563,0.6564276009623672,0.5490328217851117,0.810379682965455,1.2541808532922705,0.6701843783965695,0.6717050675140255,0.6708083990090887,0.6710131294535788,0.676222376329707,0.6726993674468693,0.6645541313636668
pixelate/s5,43264.0,0.8173086643218994,0.7204768657684326,0.801652509448431,0.7020168760120112,0.6570613510194887,0.5539025413058625,0.8052342465394036,1.2528673061785858,0.6716837831892815,0.674584121171227,0.6730106037435002,0.6739580427715011,0.6779464511585273,0.6740337524608495,0.6659387768019852
pixelate/s5,43392.0,0.7875149250030518,0.6903964877128601,0.8009628711828027,0.7014500278022966,0.6579322218326248,0.5541073856788917,0.8071847012241494,1.2540075589035262,0.6718878847298614,0.6737499692453517,0.6730884165936131,0.6739456770109774,0.676104433201737,0.6725641507989008,0.6667268765709812
pixelate/s5,43520.0,0.8167290091514587,0.7305724024772644,0.8017319510837128,0.702870631444978,0.659296495780739,0.5535305375476468,0.7975152131090882,1.2421186720361983,0.6734854090863289,0.676620287461142,0.6745716725989801,0.676072352607791,0.6779884550266757,0.6732607515556979,0.667979077492244
pixelate/s5,43648.0,0.8350926637649536,0.7196738719940186,0.803359302921822,0.7036903017156628,0.6641188102810851,0.5588087136287749,0.7858937315431599,1.2368233432946623,0.6798572618800156,0.6834559531400339,0.6808401332677267,0.6821979763928911,0.6846938965470397,0.6796911678264226,0.6741871962318281
pixelate/s5,43776.0,0.806932806968689,0.7056596279144287,0.8035336201924008,0.7037863664082855,0.6653961692073351,0.55901133458023,0.7891339699527208,1.2359160133274478,0.6833732274357546,0.6866665703307504,0.6842625477098228,0.6870155396154594,0.6885488796240615,0.6832973029529974,0.6752684268105952
pixelate/s5,43904.0,0.8184857368469238,0.7025205492973328,0.8042629917365238,0.7037246192321414,0.6696750882595816,0.56025430689859,0.7864181275120588,1.241560191159399,0.6867776198273543,0.6889953024824933,0.687582293317454,0.6900732514902519,0.6921484806116581,0.6903339963066681,0.6808570952878734
pixelate/s5,44032.0,0.7873181104660034,0.7233128547668457,0.8034364121623521,0.7046801429167611,0.6683600887821673,0.5597430403288254,0.7956978157827969,1.2402848037813021,0.6838719570240367,0.6858785574514409,0.6846000405329252,0.6868539057208048,0.6887316115468958,0.6893020573363726,0.680002166527576
pixelate/s5,44160.0,0.7973390817642212,0.7182745337486267,0.8031389814112238,0.7053432839329496,0.6619092474941561,0.5561572958596926,0.8048960318607468,1.2385340396802127,0.680369123517882,0.6814225377059141,0.6810279069902315,0.6830672460448209,0.6832790191331519,0.6830701541990617,0.6731682303916972
pixelate/s5,44288.0,0.8114932775497437,0.7407530546188354,0.8035465080521271,0.7070705898200661,0.6547710978218986,0.5554596948260514,0.7965949364736571,1.2189981324643504,0.6752477316303976,0.6762008803394975,0.6758438111434516,0.6776890429709534,0.6763934491978132,0.6776173138231842,0.6672078396346051
pixelate/s5,44416.0,0.8018144369125366,0.7160927057266235,0.8034620167770251,0.7075106930350201,0.65574841748192,0.5576541914517693,0.7946562879137824,1.219385321133818,0.6779383104163205,0.6795257519312169,0.6784776542231944,0.6801472542289233,0.6826744117964746,0.6808445474866527,0.6684514420489198
pixelate/s5,44544.0,0.7939181327819824,0.7224746346473694,0.8029964614601937,0.7082406414063542,0.6609828036823321,0.5624655117181089,0.8000258817225044,1.2148232789480302,0.6810606306622388,0.683984187202487,0.6815486389491247,0.68305932402272,0.684620928222747,0.6814408427883394,0.6724395558336747
pixelate/s5,44672.0,0.810104489326477,0.6840403079986572,0.8033431945268416,0.707060137337686,0.6652170400956734,0.5586578187526733,0.7959531242957216,1.230610889196983,0.6839973047217519,0.6866425929416909,0.6844388636773461,0.6858057595708251,0.6879809231569293,0.685140703082132,0.6769961715782385
pixelate/s5,44800.0,0.8280419111251831,0.7352800369262695,0.8045480099706631,0.7084367178054217,0.6665385889265432,0.5581869674734182,0.7835977075219126,1.2101881229159441,0.6835685011789321,0.6859620070578891,0.6839680319174559,0.685204824691984,0.6879351481985065,0.6853280841094127,0.677921580589233
pixelate/s5,44928.0,0.782272458076477,0.6934148073196411,0.8034613976831418,0.7077039416841641,0.6611348564885616,0.5550095940077745,0.7865144349158671,1.208983195335354,0.6779938669203782,0.679434540591939,0.6783553697480371,0.679474442805775,0.6796954850743179,0.6796231504642575,0.6714715788674738
pixelate/s5,45056.0,0.7856078147888184,0.6981741189956665,0.8025904912004919,0.7072390722847252,0.6577698493272469,0.55434687238895,0.7931935293751022,1.2129014932969535,0.6729498343759044,0.6757777728972867,0.6732769288440003,0.6750145017891633,0.6760138803081721,0.6759484306104316,0.6678477224612894
pixelate/s5,45184.0,0.8153391480445862,0.7064214944839478,0.8032123769002038,0.7071991904407847,0.6569373532580265,0.5574094841782231,0.7906117087814422,1.2194841242341248,0.6714718608481562,0.6740306321099185,0.6717678219938872,0.6733400102446861,0.6742442664775311,0.6741850463762442,0.6660931801687218
pixelate/s5,45312.0,0.8164993524551392,0.7456880807876587,0.803860522049225,0.7090766972869736,0.6604970043459002,0.5600318711689931,0.7889668624203412,1.2060298199545798,0.6751353065734953,0.6782127254248579,0.6754030977113041,0.6775878379429908,0.678406025765809,0.6783524423190169,0.6695435615922818
pixelate/s5,45440.0,0.7940599918365479,0.7408285140991211,0.8033824474047041,0.7106255663997614,0.6557426791255884,0.555842341491992,0.7966102838347299,1.1946143031885073,0.6681511310519251,0.6717350121185061,0.6683934334437202,0.6703702269549607,0.6719099138547266,0.6718986108073912,0.6639281720296613
pixelate/s5,45568.0,0.7611000537872314,0.6996870040893555,0.8013198916184859,0.7100919779943757,0.6513293366746103,0.5519028562815703,0.8208008243089097,1.2121864328262266,0.6639695837775003,0.668699555878791,0.664188823478821,0.6659774629378317,0.6681327953438663,0.6681225681368482,0.6609479474462313
pixelate/s5,45696.0,0.8060336112976074,0.6841378211975098,0.8015498291638089,0.7088259215652604,0.6495482873778003,0.5491005320667867,0.8132633070369735,1.220798061038125,0.6639970178022474,0.6690017992216781,0.6641953899531747,0.6658137841335168,0.6684889837703869,0.6669553397597536,0.6590135800509921
pixelate/s5,45824.0,0.8223928809165955,0.7343863844871521,0.802566563395652,0.7100727734151088,0.6515990155274445,0.5540753475750044,0.8004027868883777,1.2073336896989078,0.6676840952273756,0.672212514346325,0.6678635860313972,0.6693279391237829,0.6717485094079467,0.6688736298480578,0.6608884028896841
pixelate/s5,45952.0,0.8520397543907166,0.7673608064651489,0.8049798897856552,0.7128673116126717,0.6602771282672474,0.562276087841512,0.7796898877896422,1.1820867532584791,0.676244056419297,0.6803786343371566,0.6764064630301934,0.6777314368871349,0.6799587940568037,0.6765953545502058,0.668682338367168
pixelate/s5,46080.0,0.8141077756881714,0.6834412217140198,0.8054251525126072,0.7114318925932253,0.6515840345594783,0.5547869896531467,0.7788802680184768,1.2036792846830735,0.6698050028636232,0.6750704359469454,0.6699519513794908,0.6719130074392219,0.6746905566688866,0.672372269048699,0.663725215143642
pixelate/s5,46208.0,0.8465456962585449,0.7629404067993164,0.8074310326953358,0.7139445030423028,0.6578282668441204,0.5600199353137632,0.7687797745806689,1.1797548242161007,0.6758021471478708,0.6798042136081521,0.6759351088924481,0.6777095088132399,0.6787354769145605,0.6773628621196138,0.6688138323816057
pixelate/s5,46336.0,0.8086849451065063,0.7317718267440796,0.8074921991544173,0.714814128588731,0.6567671290124373,0.5623938558073966,0.7593513886352291,1.1706136569724543,0.6745546197572346,0.6774135686484231,0.6746749260115488,0.6762804359934192,0.6749593458578503,0.6752045885091805,0.6681942826010839
pixelate/s5,46464.0,0.8306246995925903,0.7202856540679932,0.8086206138099379,0.7150810322706461,0.6693406027530737,0.5652296577531529,0.7544413328510274,1.176435373180196,0.6816240789118106,0.684973104053689,0.6824951293655952,0.6839478245960681,0.6842396877155208,0.6867109929342435,0.6789179082904513
pixelate/s5,46592.0,0.8038982152938843,0.7412906885147095,0.8083902529067157,0.7163595520874297,0.6651202003494499,0.5656948598706398,0.7545192316153705,1.1755067505952332,0.6813839821682711,0.6829642125316246,0.6821721247858834,0.682761535520892,0.6830256186884635,0.6845366866466296,0.6752731341521573
pixelate/s5,46720.0,0.8161378502845764,0.7088708281517029,0.8087681844861235,0.715994248480809,0.6628630724161291,0.5632157238924707,0.7531286125617079,1.184460930574643,0.6797910689339324,0.6819459055684718,0.6805041950025751,0.6810375047752985,0.6812764521268013,0.6818814993393953,0.6735368453571869
pixelate/s5,46848.0,0.8150891065597534,0.7517468333244324,0.8090765221482518,0.7177382770097662,0.668795944762006,0.5638726151341152,0.7488941362922288,1.171744901183307,0.6842242509509285,0.6869361822543996,0.6848695006537279,0.6861142443564716,0.685568253233114,0.6845913209370734,0.6777659380061162
pixelate/s5,46976.0,0.7969564199447632,0.7292603254318237,0.8084852976505206,0.7183003281523055,0.6698140285443255,0.563890688649012,0.7647088393422592,1.1732639991074627,0.6853354168330531,0.688514237483011,0.685919250740226,0.6870455179453856,0.6880387050372196,0.6856303683196244,0.6794174549121372
pixelate/s5,47104.0,0.7909542322158813,0.6983872652053833,0.8076301237268796,0.7173289592280654,0.6618863101819863,0.5601332465408373,0.7718751287616842,1.180793087280116,0.6767297257603057,0.679605981684509,0.6772579895156953,0.6782770569868718,0.6791757111014938,0.6762344082178161,0.6713750439746345
pixelate/s5,47232.0,0.7831501960754395,0.6974642276763916,0.8064359809146142,0.7163599479328617,0.6544529017173117,0.5573097370544995,0.7807244184171563,1.1897869960073468,0.6738323396082242,0.6764348293528485,0.6743103224588771,0.6752323936210778,0.6752461371715478,0.6710975817366438,0.6630013039175605
pixelate/s5,47360.0,0.8137077689170837,0.7466294765472412,0.8067907022805882,0.7178365103042949,0.6606471525949025,0.5569300178821497,0.7775590642684969,1.1719403304830938,0.6796320574325454,0.6827490335786331,0.6800645451873599,0.6808988522889109,0.6817106630802642,0.6779569731239947,0.6698691155613381
pixelate/s5,47488.0,0.7833584547042847,0.7542178630828857,0.8056476658134514,0.7196112104398359,0.6587785955364941,0.5516228775721295,0.7969356985491944,1.1602586035064515,0.6759564898006551,0.680301177913802,0.6763478127483488,0.6771027092988896,0.6793616410143258,0.6774524426660298,0.6686471890355712
pixelate/s5,47616.0,0.8185345530509949,0.7022846937179565,0.8062762944591851,0.7187660145021832,0.6592629350452156,0.5473228118900707,0.7985098513165577,1.1688150402080493,0.6748058126036861,0.6802613572914293,0.6759220839918134,0.6766051284019101,0.6794112468666208,0.6792081590095367,0.6704416267240355
pixelate/s5,47744.0,0.7818344831466675,0.7045271396636963,0.8050840109805257,0.7180714352417692,0.6627127746601862,0.5428557387773929,0.7987105291073285,1.1786419520093985,0.6745640338906642,0.6809875219751719,0.6755740569610637,0.6761920882208835,0.6824677314004344,0.6815589588658566,0.6735896574939071
pixelate/s5,47872.0,0.7968388199806213,0.7158467769622803,0.8046818065415059,0.7179629153256966,0.6612610828424409,0.5476255673292175,0.8028611788962574,1.1738617374885287,0.6787325375060679,0.6837824336253636,0.6796464251265781,0.6802056312813586,0.6858467694586916,0.6828122703360902,0.6741514687972829
pixelate/s5,48000.0,0.8373675346374512,0.7480553984642029,0.8062762323022837,0.7194308413324529,0.6667329607396505,0.5496548113668885,0.7904670314473677,1.1515255122002537,0.6832664720682505,0.6878357118049839,0.6840933745493903,0.6845993546573148,0.6897035611818381,0.6869578900542492,0.6784336014519139
pixelate/s5,48128.0,0.8061678409576416,0.7117105722427368,0.8062709449196183,0.7190542428402716,0.6620729228346272,0.5465645259304208,0.7888937437514412,1.1558706908174605,0.6808437263627656,0.6849408790335398,0.6815919230753257,0.6820497432681591,0.685868748695762,0.6841094293709179,0.6748349243357292
pixelate/s5,48256.0,0.7853537201881409,0.7145506143569946,0.8052505924936925,0.7188345536459655,0.661481508406584,0.5458318821773765,0.8004998493268745,1.1669908188651963,0.6822022949421572,0.6859094747233874,0.6828792772144975,0.6832935214222904,0.68747404328748,0.683744314142276,0.6738281796041905
pixelate/s5,48384.0,0.7747839689254761,0.7240163087844849,0.8037644157342673,0.7190873221893078,0.6624335956492649,0.5430311081450266,0.8161466007027456,1.1636258599510612,0.6774455327822849,0.6852614878371636,0.6780580789073472,0.6798829244992883,0.6888521831292427,0.6847524401013692,0.673567912657926
pixelate/s5,48512.0,0.7772795557975769,0.7482477426528931,0.8024724713471116,0.7205097817241168,0.6611200172412444,0.5471335904155772,0.8168348636832974,1.1492720096216371,0.6777890573241256,0.6841360636527816,0.6783433004271713,0.6799944545885888,0.6873849913977264,0.683675467813315,0.6727933046714487
pixelate/s5,48640.0,0.8402426242828369,0.7493024468421936,0.8043149178317811,0.721914301973779,0.6672931565877053,0.5560322373718577,0.8050618619293737,1.1415815754058787,0.6831006283105264,0.6888435174395483,0.6836021177571251,0.6850961126884256,0.6917832075645102,0.6884267617751648,0.6793425737092643
pixelate/s5,48768.0,0.849791407585144,0.739830732345581,0.8065332831856037,0.7227882741870376,0.6663535937953002,0.5559971939575226,0.7860967681847923,1.1328889978429582,0.6806564876028023,0.68585276027695,0.6811102445619199,0.6824620389048753,0.6885126464637835,0.6855128522665233,0.6795055351646586
pixelate/s5,48896.0,0.7925410270690918,0.6771671175956726,0.8058507341067495,0.720562851914288,0.660707207711274,0.555816765026408,0.7950768252315011,1.1552611819585046,0.6781103614776098,0.6820498503160267,0.6785209291961215,0.6797440578074452,0.6837315498342742,0.6810172803672707,0.6740573581115084
pixelate/s5,49024.0,0.8263956308364868,0.7207064032554626,0.8068529241911269,0.7205698544187356,0.660171423515079,0.5548541342089033,0.7932231356230426,1.157100671579712,0.6737430754357195,0.6780326129272317,0.674114564727722,0.6752212741969804,0.6802792607364254,0.679310549338857,0.6730130825030364
pixelate/s5,49152.0,0.8244761228561401,0.7119243741035461,0.8077125924186884,0.720148123671653,0.6599097175291108,0.5526818192336359,0.7813983479598199,1.1582832853108493,0.6766884103139378,0.6805696634517069,0.6770245407203243,0.6780259119890584,0.6826396523379553,0.6810009491638319,0.6729791186716944
pixelate/s5,49280.0,0.8169347047805786,0.7171604633331299,0.8081624515582928,0.7200023841429446,0.6624614398344898,0.5573157626736229,0.7748610896353866,1.1568606846705023,0.6784424878569301,0.6849659179714729,0.6787466248873368,0.6796526841971193,0.6860766872135812,0.6845939581666795,0.6757740865554116
pixelate/s5,49408.0,0.8104282021522522,0.7006765604019165,0.8082729759775102,0.7190596610336262,0.6574829565664836,0.5600957912115292,0.775521290632011,1.1774346637094142,0.6749545056694768,0.6794069965702619,0.6752296944994879,0.6760495137797848,0.6796498460748703,0.6782338848135153,0.6702535012794651
pixelate/s5,49536.0,0.8068675994873047,0.7139719128608704,0.8082044210267685,0.7188114781959307,0.6521789571312442,0.5535764119171539,0.7796342305742159,1.186330237311598,0.6694747490322869,0.6742656405611948,0.6697237449932903,0.670465532694261,0.6752475704222949,0.6739663823922408,0.6637711632635731
pixelate/s5,49664.0,0.8193206787109375,0.7613357305526733,0.808746677499167,0.7208858319694303,0.6577530897064975,0.5567495374931536,0.7712180760784783,1.1650613707163864,0.6793886634610995,0.683723551037226,0.6796139596280752,0.6802851429077756,0.6838870045284416,0.6827277618195112,0.6712535332087417
pixelate/s5,49792.0,0.7852295637130737,0.6783464550971985,0.8075995012169185,0.7188107404146873,0.6502111537439517,0.5491358099506761,0.788714861790547,1.1871768225633692,0.6748253462964499,0.6795098281544442,0.6750291984499123,0.6756364975388024,0.6782076941628552,0.6749465649776779,0.6631144402204021
pixelate/s5,49920.0,0.8180004954338074,0.7242264747619629,0.808106866788474,0.719074922577969,0.6529981646903928,0.5512443884205701,0.7857661396026504,1.1851612293010418,0.6774445875769781,0.6809581788357582,0.6776290367890045,0.6781785322763345,0.6790549689599659,0.6761414189952696,0.6646732977841949
pixelate/s5,50000.0,0.847061812877655,0.7277645468711853,0.810007108061117,0.7194988066898331,0.6516345678132585,0.5467944466315806,0.7785569061217927,1.2158241536108336,0.6768029254637619,0.6776583224325925,0.6769698185342509,0.6774670122500326,0.6766612776847758,0.673300028728022,0.6621984449314458
