global_idx,corruption,large_acc,large_nll,large_ent,large_acc_run,large_nll_run,large_ent_run,small_acc,small_nll,small_ent,small_acc_run,small_nll_run,small_ent_run,duo_acc,duo_nll,duo_ent,duo_acc_run,duo_nll_run,duo_ent_run,w_l
0,brightness/s5,0.71875,1.3544942140579224,2.219430685043335,0.71875,1.3544942140579224,2.219430685043335,0.7109375,1.6262457370758057,3.8334720134735107,0.7109375,1.6262457370758057,3.8334720134735107,0.7265625,1.3508371114730835,0.491349995136261,0.7265625,1.3508371114730835,0.491349995136261,0.8512575030326843
1,brightness/s5,0.6640625,1.2497053146362305,1.5951883792877197,0.69140625,1.3020997643470764,1.9073095321655273,0.6953125,1.8548779487609863,4.304325103759766,0.703125,1.740561842918396,4.068898558616638,0.6640625,1.5433893203735352,0.33274680376052856,0.6953125,1.4471132159233093,0.4120483994483948,0.9795849323272705
2,brightness/s5,0.6796875,1.3927509784698486,1.4826126098632812,0.6875,1.3323168357213337,1.765743891398112,0.6875,1.894913673400879,4.441642761230469,0.6979166666666666,1.7920124530792236,4.193146626154582,0.6796875,1.7708792686462402,0.4292108714580536,0.6901041666666666,1.5550352334976196,0.4177692234516144,0.9939950108528137
3,brightness/s5,0.7421875,1.2641985416412354,1.0359010696411133,0.701171875,1.3152872622013092,1.5832831859588623,0.734375,1.5857625007629395,3.8893182277679443,0.70703125,1.7404499650001526,4.117189526557922,0.7421875,1.7460522651672363,0.2773597836494446,0.703125,1.6027894914150238,0.38266686350107193,0.9968453049659729
4,brightness/s5,0.7578125,1.1006468534469604,0.9959115386009216,0.7125,1.2723591804504395,1.4658088564872742,0.734375,1.5468848943710327,3.812746047973633,0.7125,1.7017369508743285,4.056300830841065,0.7578125,1.4593329429626465,0.31503963470458984,0.7140625,1.5740981817245483,0.3691414177417755,0.9977598190307617
5,brightness/s5,0.671875,1.4431366920471191,1.0677522420883179,0.7057291666666666,1.300822099049886,1.3994660874207814,0.71875,1.5494234561920166,3.652158737182617,0.7135416666666666,1.6763513684272766,3.9889438152313232,0.671875,1.978734016418457,0.375705361366272,0.70703125,1.6415374875068665,0.3702354083458583,0.9969105124473572
6,brightness/s5,0.78125,0.9804450273513794,0.8124513626098633,0.7165178571428571,1.2550539459500993,1.3156068410192217,0.7578125,1.4566528797149658,3.513420820236206,0.7198660714285714,1.6449658700398035,3.9210119588034495,0.78125,1.2956651449203491,0.3048092722892761,0.7176339285714286,1.5921271528516496,0.36088881748063223,0.9977723956108093
7,brightness/s5,0.734375,1.017594814300537,0.8834266066551208,0.71875,1.2253715544939041,1.261584311723709,0.7109375,1.6936678886413574,3.97573184967041,0.71875,1.6510536223649979,3.9278519451618195,0.734375,1.3380814790725708,0.3227856159210205,0.7197265625,1.5603714436292648,0.35612591728568077,0.9986082911491394
8,brightness/s5,0.671875,1.269279956817627,0.9443552494049072,0.7135416666666666,1.2302502658632066,1.2263366381327312,0.7109375,1.6084551811218262,3.82857084274292,0.7178819444444444,1.6463204622268677,3.9168207115597196,0.671875,1.717914342880249,0.3642028868198395,0.7144097222222222,1.5778762102127075,0.35702335834503174,0.9983154535293579
9,brightness/s5,0.734375,1.0699502229690552,0.8147720694541931,0.715625,1.2142202615737916,1.1851801812648772,0.71875,1.557159662246704,3.4876646995544434,0.71796875,1.6374043822288513,3.8739051103591917,0.734375,1.4468406438827515,0.3014666736125946,0.71640625,1.564772653579712,0.351467689871788,0.9979766011238098
10,brightness/s5,0.78125,0.8833417296409607,0.5965391397476196,0.7215909090909091,1.1841403950344433,1.131667359308763,0.765625,1.223473310470581,2.8163702487945557,0.7223011363636364,1.5997742847962813,3.7777655774896797,0.78125,1.2331407070159912,0.21917176246643066,0.7223011363636364,1.534624294801192,0.3394407873803919,0.9971670508384705
11,brightness/s5,0.7109375,1.1087892055511475,0.7167589664459229,0.720703125,1.1778611292441685,1.0970916599035263,0.765625,1.2455112934112549,2.8841376304626465,0.7259114583333334,1.5702523688475292,3.7032965819040933,0.7109375,1.5405397415161133,0.29068276286125183,0.7213541666666666,1.535117248694102,0.33537761867046356,0.9952155351638794
12,brightness/s5,0.640625,1.5809637308120728,0.8059889078140259,0.7145432692307693,1.208869021672469,1.0746991405120263,0.6796875,1.6747015714645386,3.2387382984161377,0.7223557692307693,1.5782869228949914,3.667561329328097,0.640625,2.306302309036255,0.2798318862915039,0.7151442307692307,1.594439176412729,0.3311048700259282,0.9959834814071655
13,brightness/s5,0.765625,1.135408639907837,0.5914580821990967,0.7181919642857143,1.2036218515464239,1.0401819220611028,0.7578125,1.3070793151855469,2.7235968112945557,0.7248883928571429,1.5589149509157454,3.600135292325701,0.765625,1.6593095064163208,0.20037855207920074,0.71875,1.5990727714129858,0.32176727588687626,0.9962102174758911
14,brightness/s5,0.7578125,1.0094553232192993,0.6123837828636169,0.7208333333333333,1.1906774163246154,1.0116620461146038,0.7421875,1.2972346544265747,2.9147846698760986,0.7260416666666667,1.5414695978164672,3.554445250829061,0.7578125,1.3791718482971191,0.2750014066696167,0.7213541666666666,1.5844127098719278,0.31864955127239225,0.9958407282829285
15,brightness/s5,0.703125,1.4721083641052246,0.7195956707000732,0.7197265625,1.2082668505609035,0.9934078976511955,0.703125,1.5666366815567017,2.8050119876861572,0.724609375,1.543042540550232,3.5076056718826294,0.703125,2.118736505508423,0.271145761013031,0.72021484375,1.6178079470992088,0.3156805643811822,0.9948275685310364
16,brightness/s5,0.734375,1.135487675666809,0.5553319454193115,0.7205882352941176,1.2039857226259567,0.9676387239904964,0.78125,1.144290804862976,2.3420324325561523,0.7279411764705882,1.5195865560980404,3.4390425401575424,0.734375,1.6501201391220093,0.24003830552101135,0.7210477941176471,1.6197086642770206,0.3112310197423486,0.9928810596466064
17,brightness/s5,0.6484375,1.618897795677185,0.7287147045135498,0.7165798611111112,1.227036393351025,0.9543651673528883,0.6640625,1.482715129852295,2.8104188442230225,0.7243923611111112,1.5175381435288324,3.4041190014945135,0.6484375,2.3872811794281006,0.2851596474647522,0.7170138888888888,1.662351581785414,0.30978261017137104,0.9920200705528259
18,brightness/s5,0.6796875,1.1421171426773071,0.6475723385810852,0.7146381578947368,1.2225669591050399,0.9382181763648987,0.71875,1.3040952682495117,2.745103120803833,0.7240953947368421,1.5063043079878156,3.3694339551423726,0.6796875,1.6196417808532715,0.273125022649765,0.7150493421052632,1.6601036975258274,0.30785326345970754,0.9928234815597534
19,brightness/s5,0.734375,1.3861123323440552,0.5454237461090088,0.715625,1.2307442277669907,0.9185784548521042,0.7421875,1.3918603658676147,2.7561187744140625,0.725,1.5005821108818054,3.338768196105957,0.734375,2.0276739597320557,0.23870417475700378,0.716015625,1.678482210636139,0.30439580902457236,0.9942569136619568
20,brightness/s5,0.71875,1.1279796361923218,0.580842912197113,0.7157738095238095,1.2258506757872445,0.9024958099637713,0.7421875,1.1788294315338135,2.558518409729004,0.7258184523809523,1.4852605547223772,3.301613444373721,0.71875,1.6407963037490845,0.2247898429632187,0.7161458333333334,1.6766876436415172,0.30060504873593646,0.9953022003173828
21,brightness/s5,0.796875,1.0005176067352295,0.44901520013809204,0.7194602272727273,1.2156082635576075,0.881883054971695,0.75,1.1415085792541504,2.6185190677642822,0.7269176136363636,1.469635464928367,3.270563699982383,0.796875,1.4797428846359253,0.18277186155319214,0.7198153409090909,1.6677356091412632,0.29524899477308447,0.9967420697212219
22,brightness/s5,0.7265625,1.0391484498977661,0.4762107729911804,0.7197690217391305,1.20793609774631,0.8642451296681943,0.6875,1.1373310089111328,2.1663103103637695,0.725203804347826,1.4551874451015308,3.2225526830424434,0.7265625,1.5138349533081055,0.2230890840291977,0.720108695652174,1.661044276278952,0.2921116073494372,0.9928224682807922
23,brightness/s5,0.75,1.2733582258224487,0.5461299419403076,0.7210286458333334,1.2106620197494824,0.8509903301795324,0.734375,1.3600069284439087,2.2695093154907227,0.7255859375,1.4512215902407963,3.1828425427277884,0.7578125,1.8963134288787842,0.20245033502578735,0.7216796875,1.6708471576372783,0.2883757210026185,0.9930319786071777
24,brightness/s5,0.765625,1.2184661626815796,0.5108342170715332,0.7228125,1.2109741854667664,0.8373840856552124,0.65625,1.478554368019104,3.0291523933410645,0.7228125,1.4523149013519288,3.176694936752319,0.765625,1.7566434144973755,0.20978450775146484,0.7234375,1.674279007911682,0.2852320724725723,0.9964704513549805
25,brightness/s5,0.703125,1.4740819931030273,0.4229101538658142,0.7220552884615384,1.2210937165296996,0.8214427805863894,0.7109375,1.1921762228012085,1.781716227531433,0.7223557692307693,1.4423095675615163,3.123041909474593,0.703125,2.2727410793304443,0.17375990748405457,0.72265625,1.6972967798893268,0.2809446815114755,0.9937124848365784
26,brightness/s5,0.6875,1.4736641645431519,0.4419393539428711,0.7207754629629629,1.2304481775672347,0.8073870981181109,0.7109375,1.3108282089233398,2.317330837249756,0.7219328703703703,1.4374398876119543,3.093200758651451,0.6875,2.2776947021484375,0.1596045047044754,0.7213541666666666,1.7187929992322568,0.276450600888994,0.9938469529151917
27,brightness/s5,0.65625,1.272817850112915,0.5662150382995605,0.7184709821428571,1.231961380158152,0.7987738102674484,0.6953125,1.2175021171569824,2.058162212371826,0.7209821428571429,1.4295849672385625,3.0562350962843214,0.6640625,1.8637014627456665,0.24879708886146545,0.7193080357142857,1.7239683015005929,0.27546297545943943,0.9912653565406799
28,brightness/s5,0.7578125,1.1556923389434814,0.43721508979797363,0.7198275862068966,1.229331413219715,0.7863062681822941,0.7265625,1.2692848443984985,2.5930709838867188,0.7211745689655172,1.4240573767958016,3.0402639199947488,0.7578125,1.7328046560287476,0.1736951321363449,0.720635775862069,1.7242730033808742,0.271953739482781,0.9948329925537109
29,brightness/s5,0.7265625,1.3006161451339722,0.44810184836387634,0.7200520833333334,1.2317075709501901,0.7750327875216801,0.7265625,1.1889182329177856,2.117741107940674,0.7213541666666666,1.4162194053332011,3.0095131595929465,0.7265625,1.964066505432129,0.21347340941429138,0.7208333333333333,1.732266120115916,0.2700043951471647,0.9922518134117126
30,brightness/s5,0.7734375,1.3350276947021484,0.4680916965007782,0.7217741935483871,1.2350404781679953,0.7651314620048769,0.7734375,1.1408743858337402,1.8633081912994385,0.7230342741935484,1.4073373079299927,2.9725388057770266,0.78125,1.8975268602371216,0.20631735026836395,0.7227822580645161,1.7375971117327291,0.2679499743446227,0.990592896938324
31,brightness/s5,0.71875,1.3759645223617554,0.447814404964447,0.7216796875,1.2394443545490503,0.7552153039723635,0.75,1.1731886863708496,1.786010503768921,0.723876953125,1.4000201635062695,2.9354597963392735,0.71875,2.0219850540161133,0.193475142121315,0.72265625,1.7464842349290848,0.26562263583764434,0.9873122572898865
32,brightness/s5,0.7578125,1.0307223796844482,0.38983017206192017,0.7227746212121212,1.23311944621982,0.7441430272478046,0.78125,0.9607506990432739,1.9602500200271606,0.7256155303030303,1.3867089676134514,2.905907984935876,0.7578125,1.5387907028198242,0.17089828848838806,0.7237215909090909,1.7401904915318345,0.26275220106948505,0.9900065660476685
33,brightness/s5,0.6796875,1.4222054481506348,0.5585676431655884,0.7215073529411765,1.238680799217785,0.7386849277159747,0.6875,1.1899152994155884,2.161842107772827,0.7244944852941176,1.3809209185488083,2.8840236944310806,0.6796875,2.1004600524902344,0.26760488748550415,0.7224264705882353,1.7507866550894344,0.26289492714054447,0.9879580140113831
34,brightness/s5,0.703125,1.4015246629714966,0.5831177234649658,0.7209821428571429,1.2433334810393197,0.7342401504516601,0.765625,1.191788673400879,2.271148443222046,0.7256696428571429,1.3755171401160105,2.8665129729679655,0.703125,2.0684814453125,0.2376568615436554,0.721875,1.7598636490958077,0.2621738395520619,0.9886624217033386
35,brightness/s5,0.7109375,1.489693284034729,0.4231724441051483,0.720703125,1.2501768089003034,0.7255993808309237,0.7734375,1.200613021850586,1.8645439147949219,0.7269965277777778,1.3706586923864152,2.838680499129825,0.7109375,2.28041672706604,0.1791633665561676,0.7215711805555556,1.774323456817203,0.25986799307995373,0.9893428087234497
36,brightness/s5,0.7578125,1.3217647075653076,0.5573161244392395,0.721706081081081,1.2521116169723305,0.7210511847122295,0.7421875,1.2462204694747925,2.2108652591705322,0.7274070945945946,1.3672954971725877,2.821712519671466,0.7578125,1.955148458480835,0.22552186250686646,0.7225506756756757,1.7792106190243282,0.2589397192806811,0.9904748797416687
37,brightness/s5,0.71875,1.4380606412887573,0.4151783585548401,0.7216282894736842,1.2570050123490786,0.7130018998133508,0.7265625,1.2149815559387207,1.7248528003692627,0.7273848684210527,1.36328723556117,2.7928477902161446,0.71875,2.091325044631958,0.20042945444583893,0.7224506578947368,1.7874241565403186,0.2573999754692379,0.9877849817276001
38,brightness/s5,0.734375,1.435486078262329,0.4020307660102844,0.7219551282051282,1.2615814499365978,0.7050282809978876,0.7421875,1.1221894025802612,1.8590989112854004,0.7277644230769231,1.357105239843711,2.7689055112692027,0.734375,2.1804590225219727,0.1805894672870636,0.7227564102564102,1.7975019736167712,0.2554304752594385,0.9861268997192383
39,brightness/s5,0.71875,1.8056522607803345,0.4170651435852051,0.721875,1.2751832202076911,0.6978292025625705,0.703125,1.326180338859558,1.7704973220825195,0.7271484375,1.356332117319107,2.7439453065395356,0.71875,2.626098155975342,0.17718413472175598,0.72265625,1.8182168781757355,0.25347431674599646,0.9879043698310852
40,brightness/s5,0.5703125,2.30387020111084,0.5172845721244812,0.7181783536585366,1.3002731465711825,0.6934256749909099,0.625,1.5089036226272583,1.8742995262145996,0.7246570121951219,1.360053373546135,2.7227344338486836,0.5703125,3.452341079711914,0.21891342103481293,0.7189405487804879,1.8580735660180814,0.25263136807011394,0.9887251257896423
41,brightness/s5,0.7421875,1.3797825574874878,0.3699805736541748,0.71875,1.3021662277834756,0.685724601149559,0.703125,1.1463372707366943,1.3864424228668213,0.7241443452380952,1.354964894907815,2.690917957396734,0.7421875,2.085050106048584,0.16561366617679596,0.7194940476190477,1.863477769352141,0.25055951802503496,0.9824999570846558
42,brightness/s5,0.609375,2.032276153564453,0.554922878742218,0.7162063953488372,1.3191455283830331,0.682682700628458,0.7109375,1.3819420337677002,1.706303596496582,0.7238372093023255,1.355592270230138,2.6680199490037073,0.609375,3.0456154346466064,0.23326437175273895,0.7169331395348837,1.89096934296364,0.2501573053210281,0.9768016934394836
43,brightness/s5,0.7265625,1.4209824800491333,0.43287354707717896,0.7164417613636364,1.3214600045572629,0.677005219865929,0.734375,1.064807653427124,1.4648137092590332,0.7240767045454546,1.3489835289391605,2.640674352645874,0.7265625,2.085873603820801,0.20262165367603302,0.7171519886363636,1.8953989852558484,0.24907694960182364,0.9760642051696777
44,brightness/s5,0.71875,1.3573451042175293,0.47478586435317993,0.7164930555555555,1.3222574512163798,0.6725114564100901,0.75,1.0284589529037476,1.4716037511825562,0.7246527777777778,1.341860760582818,2.614695005946689,0.71875,1.9938786029815674,0.2369188517332077,0.7171875,1.8975874212053088,0.24880676964918771,0.9695743322372437
45,brightness/s5,0.65625,1.9893842935562134,0.5292321443557739,0.7151834239130435,1.3367602086585502,0.6693966887567354,0.671875,1.444832444190979,1.8562744855880737,0.7235054347826086,1.344099275443865,2.5982076033301977,0.65625,3.0233473777770996,0.20599734783172607,0.7158627717391305,1.922060463739478,0.2478761300444603,0.9756539463996887
46,brightness/s5,0.71875,1.648016095161438,0.5137163400650024,0.7152593085106383,1.3433826743288244,0.6660843409122305,0.765625,1.0310529470443726,1.6552515029907227,0.7244015957446809,1.3374387152651523,2.5781447075782937,0.71875,2.4745304584503174,0.20811547338962555,0.7159242021276596,1.9338151444780065,0.2470301586262723,0.9808654189109802
47,brightness/s5,0.703125,1.413694977760315,0.5627843141555786,0.7150065104166666,1.344847513983647,0.6639322570214669,0.7421875,0.9695774912834167,1.3642455339431763,0.7247721354166666,1.3297749397655327,2.5528551414608955,0.703125,2.010143756866455,0.2864496111869812,0.7156575520833334,1.935405323902766,0.2478513972212871,0.9605919122695923
48,brightness/s5,0.7578125,1.4916777610778809,0.5125333070755005,0.7158801020408163,1.3478440496386315,0.6608424825327737,0.7890625,0.8858816623687744,1.3452873229980469,0.7260841836734694,1.3207158932880478,2.5282109002677764,0.7578125,2.0904500484466553,0.2522403597831726,0.7165178571428571,1.938569501954682,0.24794096788581538,0.949537456035614
49,brightness/s5,0.703125,1.6430002450942993,0.4681885242462158,0.715625,1.3537471735477447,0.6569894033670426,0.7265625,1.1469511985778809,1.6021864414215088,0.72609375,1.3172405993938445,2.5096904110908507,0.703125,2.3809235095977783,0.21562089025974274,0.71625,1.947416582107544,0.2472945663332939,0.9624254703521729
50,brightness/s5,0.6484375,2.120619773864746,0.42451712489128113,0.7143075980392157,1.3687838912010193,0.6524311233969295,0.640625,1.4642620086669922,1.4870655536651611,0.7244178921568627,1.3201233721246906,2.4896389432981905,0.6484375,3.2253379821777344,0.18962135910987854,0.7149203431372549,1.9724738644618613,0.2461637191328348,0.9736289381980896
51,brightness/s5,0.7109375,1.4688228368759155,0.3850483298301697,0.7142427884615384,1.3707077170793827,0.6472891465975688,0.7734375,0.9996258020401001,1.3937492370605469,0.7253605769230769,1.3139599573153715,2.4685641412551584,0.71875,2.222200870513916,0.1823841780424118,0.7149939903846154,1.9772763068859394,0.2449371894964805,0.9696598649024963
52,brightness/s5,0.65625,2.0105764865875244,0.39362460374832153,0.7131485849056604,1.3827807127304796,0.642503023147583,0.7109375,1.1460132598876953,1.2470815181732178,0.7250884433962265,1.3107911517035287,2.4455172993102163,0.65625,3.057276487350464,0.1867152452468872,0.7138856132075472,1.9976536687814965,0.24383866224648817,0.9684720039367676
53,brightness/s5,0.6640625,1.818356990814209,0.4151008427143097,0.7122395833333334,1.3908469401024006,0.638291871658078,0.7109375,1.1429457664489746,1.2413344383239746,0.7248263888888888,1.3076829038284443,2.42321761669936,0.6640625,2.6904172897338867,0.18749521672725677,0.7129629629629629,2.0104826247250593,0.24279526510724314,0.9596956968307495
54,brightness/s5,0.703125,1.5797024965286255,0.39101675152778625,0.7120738636363636,1.3942806774919683,0.6337959603829817,0.7265625,1.1287063360214233,1.2526129484176636,0.7248579545454545,1.3044287844137712,2.4019338954578746,0.7109375,2.3244261741638184,0.1743471622467041,0.7129261363636363,2.016190689260309,0.24155075414614244,0.9616673588752747
55,brightness/s5,0.6328125,1.732839822769165,0.45108500123023987,0.7106584821428571,1.4003263765147753,0.6305332646838256,0.703125,1.2761967182159424,1.3043928146362305,0.7244698660714286,1.3039246403745242,2.3823349475860596,0.6484375,2.563364267349243,0.22922664880752563,0.7117745535714286,2.0259616460118974,0.2413306808365243,0.9509433507919312
56,brightness/s5,0.5625,2.4066765308380127,0.5327128171920776,0.7080592105263158,1.4179816423800953,0.628817116482216,0.5703125,1.541731834411621,1.5233731269836426,0.721765350877193,1.3080966964102627,2.3672654419614556,0.5625,3.601519823074341,0.24979065358638763,0.7091557017543859,2.053603017539309,0.24147910141108328,0.9553731679916382
57,brightness/s5,0.6484375,1.7478837966918945,0.4990132749080658,0.70703125,1.423669610557885,0.6265791192136961,0.7578125,0.9496645331382751,1.17496657371521,0.7223868534482759,1.301916831526263,2.3467085649227273,0.6640625,2.45969557762146,0.28107693791389465,0.7083782327586207,2.060604613402794,0.2421618227300973,0.9374183416366577
58,brightness/s5,0.7734375,1.215742588043213,0.34854012727737427,0.708156779661017,1.4201454237356024,0.6218665939266399,0.8046875,0.7980714440345764,0.9187781810760498,0.723781779661017,1.2933770791958954,2.322506355027021,0.78125,1.6778303384780884,0.17589622735977173,0.7096133474576272,2.0541169138277993,0.24103867704585447,0.9179763197898865
59,brightness/s5,0.7109375,1.6613712310791016,0.4309134781360626,0.708203125,1.424165853857994,0.6186840419967969,0.734375,0.9832975268363953,1.3343935012817383,0.7239583333333334,1.2882090866565705,2.3060378074645995,0.71875,2.353956937789917,0.2117663025856018,0.709765625,2.059114247560501,0.24055080413818358,0.9313722252845764
60,brightness/s5,0.671875,1.8240019083023071,0.5174999237060547,0.7076075819672131,1.430720543275114,0.6170252859592438,0.765625,0.9829800724983215,1.3181734085083008,0.7246413934426229,1.2832053323261072,2.289843309121054,0.671875,2.558239459991455,0.22683008015155792,0.7091444672131147,2.067296628092156,0.2403258742367635,0.9424951076507568
61,brightness/s5,0.640625,2.109417200088501,0.4856839179992676,0.7065272177419355,1.4416672635462977,0.614906876798599,0.734375,1.1101735830307007,1.3013496398925781,0.7247983870967742,1.2804144976600524,2.2738998628431752,0.640625,3.074598550796509,0.22793391346931458,0.708039314516129,2.083543433297065,0.24012600390180464,0.9426928758621216
62,brightness/s5,0.671875,1.9838937520980835,0.3843461275100708,0.7059771825396826,1.4502740332058497,0.6112471823654477,0.734375,1.0608586072921753,1.1413662433624268,0.7249503968253969,1.276929483527229,2.255923138724433,0.671875,2.857837677001953,0.1919267177581787,0.7074652777777778,2.0958338181177774,0.23936093586777885,0.9413517713546753
63,brightness/s5,0.6875,1.6033751964569092,0.48705339431762695,0.7056884765625,1.4526662388816476,0.6093066544272006,0.6875,1.2420775890350342,1.4203503131866455,0.724365234375,1.2763849226757884,2.242867313325405,0.6875,2.333681344985962,0.2564854621887207,0.7071533203125,2.099550185725093,0.23962850659154356,0.9588225483894348
64,brightness/s5,0.6015625,2.76542067527771,0.45593881607055664,0.7040865384615385,1.4728624609800485,0.6069471492217138,0.734375,1.230065941810608,1.4462451934814453,0.7245192307692307,1.2756723229701703,2.2306115884047286,0.609375,4.053031921386719,0.2069282829761505,0.7056490384615385,2.129603750889118,0.23912542622822983,0.9512013792991638
65,brightness/s5,0.625,2.1544485092163086,0.44035327434539795,0.7028882575757576,1.4831895223169616,0.6044229996023756,0.7109375,1.1379108428955078,1.164711594581604,0.724313446969697,1.2735850278175238,2.2144615884983176,0.625,3.1343588829040527,0.2076258808374405,0.7044270833333334,2.144827313495405,0.23864816038897543,0.9465771913528442
66,brightness/s5,0.6640625,1.6979167461395264,0.40062975883483887,0.7023087686567164,1.4863944062546117,0.6013813094416661,0.75,0.960902750492096,0.922118067741394,0.7246968283582089,1.2689181281559503,2.195172879233289,0.6640625,2.381711959838867,0.19495244324207306,0.7038246268656716,2.1483629052318745,0.23799598550618584,0.9308676719665527
67,brightness/s5,0.65625,2.5370099544525146,0.418613076210022,0.7016314338235294,1.5018446349045809,0.5986935413059067,0.765625,1.0650782585144043,1.2295764684677124,0.7252987132352942,1.2659204830141628,2.1809729320161484,0.65625,3.7062296867370605,0.19426696002483368,0.703125,2.1712727108422447,0.2373529116020483,0.945074737071991
68,brightness/s5,0.6328125,2.271451711654663,0.47300946712493896,0.7006340579710145,1.512998360654582,0.5968720329844434,0.65625,1.350353479385376,1.2548878192901611,0.7242980072463768,1.2671441496282383,2.167551408643308,0.65625,3.213959217071533,0.24166525900363922,0.7024456521739131,2.186384109483249,0.23741540939047717,0.9385702610015869
69,brightness/s5,0.59375,2.580479383468628,0.505006730556488,0.6991071428571428,1.5282480895519257,0.5955596715211868,0.7109375,1.1645522117614746,1.4187066555023193,0.7241071428571428,1.265678550515856,2.1568536264555793,0.59375,3.6770331859588623,0.24289944767951965,0.7008928571428571,2.207679096290043,0.23749375279460636,0.9427413940429688
70,brightness/s5,0.609375,2.7957980632781982,0.3923306167125702,0.6978433098591549,1.5461009060832815,0.5926972904675444,0.6640625,1.3328537940979004,1.193198561668396,0.7232614436619719,1.2666246807071524,2.1432810199092813,0.6015625,4.119878768920898,0.18690741062164307,0.699493838028169,2.2346114860454076,0.2367812691020294,0.9540892243385315
71,brightness/s5,0.6640625,2.296992301940918,0.3662221431732178,0.6973741319444444,1.556529953247971,0.5895518023106787,0.765625,0.8679296374320984,0.9879575371742249,0.7238498263888888,1.2610872495505545,2.12723486042685,0.6640625,3.299015998840332,0.17520582675933838,0.6990017361111112,2.249394882056448,0.23592605462504757,0.9558707475662231
72,brightness/s5,0.6640625,1.9312858581542969,0.4254489243030548,0.696917808219178,1.5616635957809344,0.5873038176804373,0.71875,1.18651282787323,1.1248281002044678,0.7237799657534246,1.260065682130317,2.113503260971749,0.671875,2.824324131011963,0.20437386631965637,0.6986301369863014,2.257270625192825,0.23549383286743947,0.9486173391342163
73,brightness/s5,0.59375,2.4960131645202637,0.36599618196487427,0.6955236486486487,1.574289941304439,0.5843131739545513,0.7265625,1.032006859779358,1.0985585451126099,0.7238175675675675,1.2569838061526015,2.099787791838517,0.609375,3.674190044403076,0.18110650777816772,0.6974239864864865,2.2764181849118827,0.23475886901488174,0.9508161544799805
74,brightness/s5,0.5703125,3.0216236114501953,0.41480720043182373,0.6938541666666667,1.593587723573049,0.5820530943075816,0.640625,1.461295485496521,1.3632457256317139,0.7227083333333333,1.2597079618771871,2.0899672309557595,0.578125,4.380728721618652,0.19414116442203522,0.6958333333333333,2.3044756587346393,0.23421729962031046,0.947144091129303
75,brightness/s5,0.6484375,2.0962581634521484,0.42073535919189453,0.6932565789473685,1.6002018083083003,0.5799304925297436,0.6796875,1.287198543548584,1.13983154296875,0.7221422697368421,1.2600696800570739,2.0774654455875097,0.671875,2.977386236190796,0.19639870524406433,0.6955180921052632,2.3133297452801154,0.23371968653641248,0.9446185827255249
76,brightness/s5,0.65625,1.836989164352417,0.35731756687164307,0.692775974025974,1.6032769687764057,0.5770394155731449,0.7578125,0.954545795917511,0.9743664264678955,0.7226055194805194,1.2561018374059107,2.0631394843002417,0.6640625,2.631666660308838,0.1805594116449356,0.695109577922078,2.3174639909298387,0.2330292933560037,0.9539211392402649
77,brightness/s5,0.6953125,1.8721879720687866,0.33947011828422546,0.6928084935897436,1.6067245457416925,0.573993655351492,0.7421875,0.9753125905990601,0.7621903419494629,0.7228565705128205,1.2525019752673614,2.0464606491418986,0.6875,2.718439817428589,0.16116571426391602,0.6950120192307693,2.322604706654182,0.23210796541892564,0.9318974614143372
78,brightness/s5,0.6875,1.4714025259017944,0.4684627056121826,0.6927412974683544,1.605011608781694,0.5726578205446654,0.625,1.2498202323913574,2.164947032928467,0.7216178797468354,1.252468029155007,2.0479604767847666,0.6875,2.2148208618164062,0.23015978932380676,0.6949169303797469,2.3212403541878808,0.23208330496202542,0.9872280359268188
79,contrast/s5,0.171875,5.429831027984619,5.917196273803711,0.171875,5.429831027984619,5.917196273803711,0.1953125,4.9976983070373535,6.230370998382568,0.1953125,4.9976983070373535,6.230370998382568,0.2890625,4.25231409072876,5.388626575469971,0.2890625,4.25231409072876,5.388626575469971,0.3819655478000641
80,contrast/s5,0.203125,4.7090911865234375,4.766232490539551,0.1875,5.069461107254028,5.341714382171631,0.203125,4.850362777709961,6.21123743057251,0.19921875,4.924030542373657,6.220804214477539,0.2265625,4.834014892578125,2.6776463985443115,0.2578125,4.543164491653442,4.033136487007141,0.8643302917480469
81,contrast/s5,0.1328125,5.682774066925049,3.0689444541931152,0.16927083333333334,5.273898760477702,4.584124406178792,0.2421875,4.893922805786133,6.170339107513428,0.21354166666666666,4.9139946301778155,6.203982512156169,0.1328125,8.155774116516113,1.0618174076080322,0.21614583333333334,5.747367699940999,3.042696793874105,0.9892346858978271
82,contrast/s5,0.1875,5.583651065826416,2.4754323959350586,0.173828125,5.35133683681488,4.056951403617859,0.171875,5.085213661193848,6.15535831451416,0.203125,4.956799387931824,6.1918264627456665,0.1875,8.345602989196777,0.8045181632041931,0.208984375,6.396926522254944,2.483152136206627,0.9982598423957825
83,contrast/s5,0.1328125,6.161502361297607,2.2525720596313477,0.165625,5.513369941711426,3.6960755348205567,0.2109375,4.775637626647949,6.1174798011779785,0.2046875,4.920567035675049,6.176957130432129,0.1328125,9.377233505249023,0.6664671897888184,0.19375,6.99298791885376,2.1198151469230653,0.9989643096923828
84,contrast/s5,0.09375,8.223981857299805,1.312048316001892,0.15364583333333334,5.965138594309489,3.298737665017446,0.1953125,4.896543502807617,6.13277006149292,0.203125,4.916563113530477,6.169592618942261,0.09375,12.797630310058594,0.3868236541748047,0.17708333333333334,7.9604283173878985,1.8309832314650218,0.998227059841156
85,contrast/s5,0.015625,10.877054214477539,0.3429948687553406,0.13392857142857142,6.666840825762067,2.8764886941228593,0.28125,4.502755165100098,6.101983547210693,0.21428571428571427,4.857447692326137,6.159934180123465,0.015625,16.68929100036621,0.07538840919733047,0.15401785714285715,9.207408700670515,1.580183971141066,0.9814188480377197
86,contrast/s5,0.0,12.582518577575684,0.04505707696080208,0.1171875,7.4063005447387695,2.5225597419776022,0.2265625,4.796050071716309,6.125138282775879,0.2158203125,4.8497729897499084,6.155584692955017,0.0,17.67348861694336,0.0003768636379390955,0.134765625,10.26566869020462,1.382708082703175,0.873437762260437
87,contrast/s5,0.0,13.56716251373291,0.02025187760591507,0.10416666666666667,8.090840763515896,2.2445255348251925,0.2109375,4.822267532348633,6.054914474487305,0.2152777777777778,4.846716827816433,6.144399113125271,0.0,14.274453163146973,0.003976756706833839,0.11979166666666667,10.711089187198215,1.229515713148026,0.6777433753013611
88,contrast/s5,0.0,13.714495658874512,0.04892498999834061,0.09375,8.653206253051758,2.0249654803425075,0.203125,4.816723346710205,6.027557373046875,0.2140625,4.843717479705811,6.132714939117432,0.0,10.466300010681152,0.16476775705814362,0.1078125,10.68661026954651,1.1230409175390377,0.53081876039505
89,contrast/s5,0.0,14.629619598388672,0.011325694620609283,0.08522727272727272,9.196516557173295,1.841907318004153,0.21875,4.860864162445068,6.025947570800781,0.21448863636363635,4.845276269045743,6.123008814725009,0.0,8.406942367553711,0.5185273885726929,0.09801136363636363,10.479367733001709,1.068085142178461,0.4254491329193115
90,contrast/s5,0.0,15.135128021240234,0.005877589341253042,0.078125,9.691400845845541,1.688904840615578,0.234375,4.733415603637695,5.980981826782227,0.21614583333333334,4.835954546928406,6.111173232396443,0.0,6.6937408447265625,1.5354219675064087,0.08984375,10.163898825645447,1.1070298776224565,0.3532603085041046
91,contrast/s5,0.0,15.723211288452148,0.0030382750555872917,0.07211538461538461,10.155386264507587,1.5592227971109633,0.1875,4.698897838592529,5.987521648406982,0.21394230769230768,4.825411723210261,6.101661572089562,0.0,6.549881458282471,1.5402865409851074,0.0829326923076923,9.885897489694448,1.1403573132657374,0.33942002058029175
92,contrast/s5,0.0,16.076126098632812,0.0024615642614662647,0.06696428571428571,10.578296252659388,1.448025566193142,0.25,4.503249168395996,5.829105377197266,0.21651785714285715,4.8024001121521,6.082193272454398,0.140625,4.6162543296813965,4.439051628112793,0.08705357142857142,9.509494406836373,1.3759783357548128,0.22278553247451782
93,contrast/s5,0.0,16.411808013916016,0.0017628669738769531,0.0625,10.967197036743164,1.3516080529118577,0.2265625,4.706950664520264,5.843066215515137,0.2171875,4.79603681564331,6.066251468658447,0.1484375,4.772912502288818,4.617722511291504,0.09114583333333333,9.193722279866536,1.5920946141239256,0.2097906470298767
94,contrast/s5,0.0,16.510883331298828,0.0016338505083695054,0.05859375,11.313677430152893,1.2672346652616397,0.1796875,4.894464492797852,5.957056999206543,0.21484375,4.802188545465469,6.059426814317703,0.1015625,5.134825706481934,4.460286617279053,0.091796875,8.940041244029999,1.771356614321121,0.22725993394851685
95,contrast/s5,0.0078125,16.728740692138672,0.0011965457815676928,0.05560661764705882,11.63221056321088,1.1927618347039886,0.25,4.410923957824707,5.94639778137207,0.21691176470588236,4.779172981486601,6.052778047673843,0.0390625,4.863955020904541,3.771843910217285,0.08869485294117647,8.700271466199089,1.8890323376091307,0.25614863634109497
96,contrast/s5,0.0,17.066242218017578,0.0010146002750843763,0.05251736111111111,11.934101210700142,1.1265536550134938,0.2421875,4.713283061981201,5.849116325378418,0.2183159722222222,4.7755124304029675,6.041463507546319,0.1484375,4.8838958740234375,4.427397727966309,0.0920138888888889,8.48825059996711,2.0300526370734184,0.21555805206298828
97,contrast/s5,0.0,17.370676040649414,0.0007927606930024922,0.04975328947368421,12.220236728065892,1.0673030816282048,0.234375,4.583541393280029,5.8349504470825195,0.21916118421052633,4.765408691607024,6.030594399100856,0.1484375,4.680259704589844,4.5231032371521,0.09498355263157894,8.2878300265262,2.1612658265512437,0.20589271187782288
98,contrast/s5,0.0,17.470748901367188,0.0006672193412669003,0.047265625,12.482762336730957,1.0139712885138579,0.1875,4.624560832977295,5.8537139892578125,0.217578125,4.758366298675537,6.021750378608703,0.1640625,4.646616458892822,4.642183303833008,0.0984375,8.10576934814453,2.285311700415332,0.1941969394683838
99,contrast/s5,0.0,17.64516830444336,0.0005378735368140042,0.04501488095238095,12.72859119233631,0.965712554467332,0.2421875,4.497848033905029,5.783941268920898,0.21875,4.745960667019799,6.010426135290237,0.1953125,4.489146709442139,4.475951671600342,0.10305059523809523,7.9335492224920365,2.38962788951938,0.18105299770832062
100,contrast/s5,0.0,17.83324432373047,0.00045911280903965235,0.04296875,12.960620880126953,0.9218373980283187,0.2578125,4.541484832763672,5.862977027893066,0.22052556818181818,4.736666310917247,6.00372390313582,0.203125,4.5155792236328125,4.6679511070251465,0.10759943181818182,7.778186949816617,2.493188035769642,0.19172964990139008
101,contrast/s5,0.0,17.992435455322266,0.000395230483263731,0.04110054347826087,13.179395426874576,0.8817746950915771,0.25,4.358394145965576,5.723282337188721,0.2218070652173913,4.720219695049783,5.991530791572902,0.2421875,4.240079879760742,4.490945816040039,0.11345108695652174,7.624356207640274,2.5800470696944418,0.15993689000606537
102,contrast/s5,0.0,17.991504669189453,0.0003506551729515195,0.039388020833333336,13.379899978637695,0.8450486934283011,0.2421875,4.323755741119385,5.64073371887207,0.22265625,4.703700363636017,5.976914246877034,0.2421875,4.146414756774902,4.300203800201416,0.11881510416666667,7.4794419805208845,2.651720266798899,0.12543319165706635
103,contrast/s5,0.0,18.13292694091797,0.00031722598941996694,0.0378125,13.570021057128907,0.8112594347307458,0.21875,4.6512131690979,5.914804458618164,0.2225,4.701600875854492,5.9744298553466795,0.1328125,4.726441860198975,4.5634331703186035,0.119375,7.369321975708008,2.7281887829396876,0.19206586480140686
104,contrast/s5,0.0,18.153032302856445,0.0002680921461433172,0.03635817307692308,13.746290720426119,0.7800674600159534,0.296875,4.310341835021973,5.442966461181641,0.22536057692307693,4.6865524512070875,5.953988955571101,0.296875,4.165659427642822,3.8371710777282715,0.12620192307692307,7.246104185397808,2.7708419481238638,0.09222689270973206
105,contrast/s5,0.0,18.17917823791504,0.00025016546715050936,0.03501157407407408,13.910471739592376,0.7511853379956274,0.2578125,4.574076175689697,5.502694129943848,0.2265625,4.682386663224962,5.9372743323997215,0.2578125,4.529884338378906,3.741436004638672,0.1310763888888889,7.145503450323035,2.806789876142931,0.07202684134244919
106,contrast/s5,0.0,18.254573822021484,0.00022835441632196307,0.03376116071428571,14.065618242536273,0.7243654457249379,0.25,4.573935031890869,5.581070423126221,0.22739955357142858,4.678513390677316,5.924552764211382,0.2421875,4.486096382141113,3.8877153396606445,0.13504464285714285,7.050524626459394,2.845394356982849,0.06870387494564056
107,contrast/s5,0.0,18.171886444091797,0.0002158465067623183,0.03259698275862069,14.207213697762326,0.6993947698898284,0.2421875,4.414265155792236,5.569096565246582,0.2279094827586207,4.66940138257783,5.912295653902251,0.25,4.241311550140381,3.910921573638916,0.13900862068965517,6.953655210034601,2.8821366747985753,0.0708395466208458
108,contrast/s5,0.0,18.253921508789062,0.00019546542898751795,0.031510416666666666,14.342103958129883,0.6760881264078004,0.2890625,4.085093021392822,5.508116722106934,0.22994791666666667,4.649924437204997,5.898823022842407,0.2890625,3.8299643993377686,3.6936028003692627,0.14401041666666667,6.849532183011373,2.909185545650932,0.059976644814014435
109,contrast/s5,0.0,18.202314376831055,0.0001903437077999115,0.030493951612903226,14.466626874862179,0.6542849721271552,0.3203125,4.0794291496276855,5.526499271392822,0.23286290322580644,4.631521363412181,5.886812579247259,0.3125,3.8063693046569824,3.716946840286255,0.14944556451612903,6.751365638548328,2.93524236160691,0.06119091063737869
110,contrast/s5,0.0,18.206125259399414,0.00018081664165947586,0.029541015625,14.583486199378967,0.6338442172682335,0.1875,4.655272006988525,5.488333702087402,0.2314453125,4.632263571023941,5.874360114336014,0.1953125,4.635568618774414,3.729315757751465,0.15087890625,6.685246981680393,2.960057155236427,0.06305190175771713
111,contrast/s5,0.0,18.32505989074707,0.00017043716798070818,0.028645833333333332,14.696867220329516,0.6146419815076197,0.2265625,4.41874361038208,5.499439716339111,0.23129734848484848,4.625793269186309,5.862998890154289,0.2265625,4.28314733505249,3.862825393676758,0.15317234848484848,6.6124560832977295,2.9874137685224977,0.06468112021684647
112,contrast/s5,0.0,18.27747344970703,0.0001619139511603862,0.02780330882352941,14.802179168252383,0.5965690383441945,0.171875,4.757487773895264,5.5710248947143555,0.22954963235294118,4.629666636971867,5.854411419700174,0.171875,4.739800930023193,3.870776891708374,0.15372242647058823,6.557377990554361,3.0133950368514943,0.06877070665359497
113,contrast/s5,0.0,18.295028686523438,0.0001549785229144618,0.027008928571428573,14.901974868774413,0.5795286366350151,0.21875,4.519140243530273,5.491939067840576,0.22924107142857142,4.6265087400163925,5.8440550667899,0.2109375,4.455862045288086,3.7686877250671387,0.15535714285714286,6.497334677832467,3.03497482794337,0.06990841031074524
114,contrast/s5,0.0,18.298969268798828,0.00014940374239813536,0.026258680555555556,14.996335824330648,0.5634347690546646,0.28125,4.286011695861816,5.428170680999756,0.2306857638888889,4.617050488789876,5.832502722740173,0.2734375,4.150771617889404,3.629333972930908,0.1586371527777778,6.432152370611827,3.0514848041930236,0.06360826641321182
115,contrast/s5,0.0,18.334217071533203,0.00014081274275667965,0.025548986486486486,15.086548831011799,0.5482106080732617,0.328125,4.1198410987854,5.278649806976318,0.23331925675675674,4.603612397168134,5.817533725016826,0.3359375,4.0028157234191895,3.33614444732666,0.16342905405405406,6.366494623390404,3.0591783080615,0.041692283004522324
116,contrast/s5,0.0,18.35546112060547,0.00013925242819823325,0.024876644736842105,15.172572838632684,0.5337876776615494,0.234375,4.544208526611328,5.421351432800293,0.2333470394736842,4.602049137416639,5.807107875221654,0.2421875,4.5362138748168945,3.5266528129577637,0.16550164473684212,6.318329340533206,3.071480268716665,0.045416612178087234
117,contrast/s5,0.0,18.320449829101562,0.000132695262436755,0.024238782051282052,15.253287633260092,0.5201042165743928,0.1796875,4.515847206115723,5.474257946014404,0.23197115384615385,4.5998388314858465,5.798573261652237,0.1953125,4.450978755950928,3.6958606243133545,0.16626602564102563,6.270448556313148,3.0874900214242724,0.05639989301562309
118,contrast/s5,0.0078125,18.16896629333496,0.00013212833437137306,0.023828125,15.326179599761963,0.5071049143683922,0.2421875,4.326653003692627,5.375754356384277,0.2322265625,4.593009185791016,5.788002789020538,0.2421875,4.25813627243042,3.3886210918426514,0.1681640625,6.22014074921608,3.095018298184732,0.04736234247684479
119,contrast/s5,0.0,18.392335891723633,0.00012657670595217496,0.023246951219512195,15.400963899565905,0.4947395890595522,0.1953125,4.639712333679199,5.358277320861816,0.23132621951219512,4.59414828695902,5.777521680041057,0.1953125,4.707638263702393,3.46117901802063,0.16882621951219512,6.183250444691356,3.103949047449022,0.04554155468940735
120,contrast/s5,0.0,18.35890007019043,0.00012759755190927535,0.02269345238095238,15.471390951247443,0.482963113071275,0.328125,4.032243251800537,5.11534309387207,0.23363095238095238,4.580769595645723,5.76175552322751,0.328125,3.9800713062286377,3.0488266944885254,0.17261904761904762,6.130793798537481,3.1026366104737724,0.027392886579036713
121,contrast/s5,0.0,18.369112014770508,0.00012445473112165928,0.022165697674418606,15.538779813189839,0.47173430706336444,0.21875,4.347858905792236,5.121428966522217,0.23328488372093023,4.575353067974712,5.746864207955294,0.2109375,4.408419132232666,3.1871399879455566,0.17351017441860464,6.090738573739695,3.1046018052986977,0.023243682458996773
122,contrast/s5,0.0,18.3464412689209,0.0001181013067252934,0.02166193181818182,15.60259030082009,0.4610157569325317,0.265625,4.112944602966309,5.0551958084106445,0.23401988636363635,4.564843784679066,5.731144471602007,0.265625,4.1350178718566895,2.918551445007324,0.17560369318181818,6.046290375969627,3.100373388019348,0.01987902820110321
123,contrast/s5,0.0,18.379228591918945,0.0001172574920929037,0.021180555555555557,15.664293373955621,0.45077356805607754,0.3359375,3.8274426460266113,4.599414825439453,0.23628472222222222,4.548457092709011,5.705994923909505,0.3359375,3.9799294471740723,2.3675951957702637,0.17916666666666667,6.000371244218615,3.0840894281915907,0.008871656842529774
124,contrast/s5,0.0,18.35400390625,0.00011601643200265244,0.020720108695652172,15.722765342048977,0.440976664759902,0.2578125,4.463830947875977,5.016562461853027,0.23675271739130435,4.546617393908293,5.691007261690886,0.2578125,4.693496227264404,2.841202735900879,0.18087635869565216,5.971960917763088,3.07880928270701,0.01063234731554985
125,contrast/s5,0.0,18.33323097229004,0.00011223825276829302,0.020279255319148936,15.778307163969,0.43159657057889916,0.234375,4.345609664916992,4.8584184646606445,0.23670212765957446,4.542340633716989,5.673292606434924,0.234375,4.61599588394165,2.624112844467163,0.18201462765957446,5.943110597894547,3.0691348904040345,0.0093741649761796
126,contrast/s5,0.0,18.38453483581543,0.00011185757466591895,0.019856770833333332,15.832603573799133,0.4226073057246443,0.2578125,3.987600326538086,4.677528381347656,0.23714192708333334,4.5307835439840956,5.652547518412272,0.2578125,4.168717384338379,2.5047078132629395,0.18359375,5.906144072612126,3.057375992963595,0.007893765345215797
127,contrast/s5,0.0,18.404932022094727,0.00011310351692372933,0.0194515306122449,15.885100072743942,0.4139849750673439,0.28125,4.234391212463379,4.819101333618164,0.2380420918367347,4.524734720891836,5.635538412600147,0.28125,4.452375888824463,2.700228452682495,0.18558673469387754,5.8764753341674805,3.050087267651736,0.007834666408598423
128,contrast/s5,0.0,18.382883071899414,0.00011137963156215847,0.0190625,15.93505573272705,0.40570750315862825,0.3046875,3.9435579776763916,4.745152473449707,0.239375,4.513111186027527,5.617730693817139,0.3046875,4.058110237121582,2.5791244506835938,0.18796875,5.840108032226563,3.040668011312373,0.007699988782405853
129,contrast/s5,0.0,18.39887809753418,0.00010902761277975515,0.018688725490196078,15.98336597517425,0.39775459187341555,0.1875,4.4403815269470215,4.6033830642700195,0.23835784313725492,4.5116851142808505,5.597841524610333,0.1875,4.8800554275512695,2.4615163803100586,0.1879595588235294,5.8212834713505766,3.029312096978994,0.006155342794954777
130,contrast/s5,0.0,18.30650520324707,0.00010824057972058654,0.018329326923076924,16.028041729560265,0.3901075466562291,0.3203125,3.9250497817993164,4.805828094482422,0.23993389423076922,4.500403665579283,5.582610497107873,0.3203125,3.9924373626708984,2.674689292907715,0.19050480769230768,5.786113353875967,3.022492427669931,0.007613806519657373
131,contrast/s5,0.0,18.351943969726562,0.00010563460091361776,0.017983490566037735,16.071888941638875,0.38274902001367594,0.2421875,4.377915382385254,4.735509395599365,0.23997641509433962,4.498092565896376,5.566627457456769,0.2421875,4.713787078857422,2.576775074005127,0.19147995283018868,5.7658807826492025,3.014082666280029,0.007302452810108662
132,contrast/s5,0.0,18.332860946655273,0.00010232345812255517,0.01765046296296296,16.113758793583624,0.375662970077462,0.234375,4.338486671447754,4.802481174468994,0.23987268518518517,4.495136901184365,5.552476600364402,0.234375,4.612013339996338,2.6731057167053223,0.19227430555555555,5.744512867044519,3.007768278324942,0.007640138268470764
133,contrast/s5,0.0,18.28261375427246,0.00010266494064126164,0.017329545454545455,16.1531925201416,0.3688346008931562,0.2421875,4.190313816070557,4.587272644042969,0.23991477272727274,4.489594663273205,5.534927437522194,0.2421875,4.499697208404541,2.4783902168273926,0.19318181818181818,5.721879855069247,2.9981432226613505,0.006228123791515827
134,contrast/s5,0.0,18.396724700927734,0.0001052371080731973,0.017020089285714284,16.193255594798497,0.36225014796842253,0.3203125,3.9980318546295166,4.581692218780518,0.24135044642857142,4.4808167559759955,5.517905380044665,0.3203125,4.235611915588379,2.4209513664245605,0.19545200892857142,5.695339356149946,2.9878362252285506,0.0056973109021782875
135,contrast/s5,0.0,18.320478439331055,0.00010199366079177707,0.016721491228070175,16.230575293825385,0.3558966715770606,0.1875,4.6632184982299805,4.606688976287842,0.24040570175438597,4.484016786541855,5.501919127347176,0.1875,5.18980073928833,2.53139591217041,0.1953125,5.686470257608514,2.9798285004380567,0.00571058364585042
136,contrast/s5,0.0,18.373676300048828,9.905479964800179e-05,0.016433189655172414,16.267525311174065,0.34976222990848455,0.2734375,3.7626333236694336,4.319068908691406,0.24097521551724138,4.471579140630261,5.481525158060008,0.265625,3.995048999786377,2.270232915878296,0.19652478448275862,5.657307822128822,2.967594093807716,0.004281099885702133
137,contrast/s5,0.0,18.40005874633789,0.00010102977830683812,0.01615466101694915,16.303669945668364,0.343835768889329,0.265625,3.8882596492767334,4.2714524269104,0.24139300847457626,4.461692369590371,5.461015450752388,0.265625,4.233972072601318,2.140042781829834,0.1976959745762712,5.633183487391068,2.953567800384362,0.003064970951527357
138,contrast/s5,0.0,18.381288528442383,0.00010056472092401236,0.015885416666666666,16.338296922047935,0.3381068488198556,0.2109375,4.400427341461182,4.484821796417236,0.24088541666666666,4.4606712857882185,5.444745556513468,0.2109375,4.86693000793457,2.4080801010131836,0.19791666666666666,5.620412596066793,2.9444763387281756,0.003922249656170607
139,contrast/s5,0.0,18.397077560424805,0.00010165254207095131,0.015625,16.372047424316406,0.33256578002841647,0.2421875,4.269916534423828,4.4508843421936035,0.24090676229508196,4.45754415871667,5.428452749721339,0.2421875,4.715307712554932,2.2862043380737305,0.19864241803278687,5.605574811091189,2.933684994455152,0.003765955800190568
140,contrast/s5,0.0078125,18.260486602783203,9.77827949100174e-05,0.015498991935483871,16.40250612074329,0.32720339297626316,0.2578125,3.955261707305908,4.45791482925415,0.24117943548387097,4.449442828855207,5.412798912294449,0.2578125,4.199864387512207,2.4423089027404785,0.19959677419354838,5.582902062323786,2.9257595736210447,0.0043463627807796
141,contrast/s5,0.0,18.35033416748047,9.909748041536659e-05,0.01525297619047619,16.433424026247057,0.32201126130172586,0.265625,4.028614044189453,4.288928985595703,0.24156746031746032,4.442763006876385,5.394959707108755,0.265625,4.428068161010742,2.1639513969421387,0.20064484126984128,5.564571365477547,2.913667380340427,0.0032532906625419855
142,contrast/s5,0.0,18.326557159423828,9.502590546617284e-05,0.0150146484375,16.463004231452942,0.3169813201236593,0.2578125,4.251433849334717,4.35363245010376,0.2418212890625,4.439773488789797,5.378688968718052,0.2578125,4.689868450164795,2.35200834274292,0.2015380859375,5.550904132425785,2.904891457877966,0.0032994712237268686
143,contrast/s5,0.0078125,18.228940963745117,9.73828646237962e-05,0.014903846153846155,16.490172488872822,0.31210618262736645,0.2109375,4.33526611328125,4.302125930786133,0.24134615384615385,4.438165683012742,5.362126460442176,0.2109375,4.8662495613098145,2.2391443252563477,0.2016826923076923,5.540370985177847,2.8946491942991717,0.0033456485252827406
144,contrast/s5,0.0,18.342132568359375,9.55054274527356e-05,0.014678030303030304,16.518232490077164,0.30737874812433746,0.265625,4.287329196929932,3.778388738632202,0.24171401515151514,4.4358802817084575,5.338130434354146,0.265625,5.0603461265563965,1.789531946182251,0.20265151515151514,5.53309788125934,2.8779049935701275,0.0016258824616670609
145,contrast/s5,0.0,18.397674560546875,9.389696060679853e-05,0.014458955223880597,16.546283864263277,0.30279240706219224,0.25,4.025509834289551,4.0055975914001465,0.24183768656716417,4.4297553496574285,5.318241884459311,0.25,4.5416131019592285,2.02803111076355,0.20335820895522388,5.518299600971279,2.865220308752119,0.0016897146124392748
146,contrast/s5,0.0,18.369043350219727,9.484860493103042e-05,0.014246323529411764,16.57308915082146,0.2983409723789972,0.3203125,3.906947612762451,3.784308910369873,0.24299172794117646,4.422067000585444,5.295684046605054,0.3203125,4.484732151031494,1.7883518934249878,0.205078125,5.503100079648635,2.84938400852672,0.0011260535102337599
147,contrast/s5,0.0,18.40718650817871,9.322808182332665e-05,0.014039855072463768,16.599670271942582,0.2940185413022266,0.21875,4.39239501953125,3.9174985885620117,0.24264039855072464,4.421636971874514,5.275710344314575,0.21875,5.131319046020508,1.9638187885284424,0.20527626811594202,5.497711948726488,2.8365497299760203,0.001124737085774541
148,contrast/s5,0.0,18.375442504882812,9.518443403067067e-05,0.013839285714285714,16.62503844669887,0.2898196362041095,0.2578125,4.062865257263184,3.949552059173584,0.24285714285714285,4.41651166166578,5.2567652259554185,0.2578125,4.623879909515381,1.9831537008285522,0.2060267857142857,5.485228633880615,2.8243583581310565,0.0012641370994970202
149,contrast/s5,0.0,18.38654327392578,9.501502790953964e-05,0.013644366197183098,16.64984837384291,0.2857390077368391,0.234375,4.4916863441467285,3.881514310836792,0.24273767605633803,4.417570460010582,5.237395494756564,0.234375,5.316099643707275,1.8851540088653564,0.20642605633802816,5.48284653542747,2.8111301278597085,0.0011342932702973485
150,contrast/s5,0.0078125,18.25052833557129,9.457315172767267e-05,0.013563368055555556,16.672080039978027,0.28177172392315697,0.296875,3.9464497566223145,3.6372761726379395,0.24348958333333334,4.411027116907968,5.215171615282695,0.296875,4.594871997833252,1.7652775049209595,0.20768229166666666,5.470513555738661,2.7966043969855594,0.0009181673522107303
151,contrast/s5,0.0,18.36207389831543,9.122150368057191e-05,0.013377568493150685,16.69523064077717,0.2779130869037121,0.265625,4.190245628356934,3.8983824253082275,0.2437928082191781,4.408002712955214,5.197133407200853,0.265625,4.845041275024414,1.9297744035720825,0.20847602739726026,5.461945442304219,2.7847300135141415,0.0010623624548316002
152,contrast/s5,0.0,18.364532470703125,8.974860975285992e-05,0.013196790540540541,16.717788773614007,0.27415871746730724,0.28125,4.1107354164123535,3.464848756790161,0.24429898648648649,4.403985587326256,5.1737241551682756,0.28125,4.891361236572266,1.741989254951477,0.20945945945945946,5.454234844929463,2.7706389221822136,0.0007288712658919394
153,contrast/s5,0.0,18.402254104614258,8.901550609152764e-05,0.013020833333333334,16.740248311360677,0.27050445477449103,0.296875,4.052735805511475,3.5155301094055176,0.245,4.399302256902059,5.1516149012247725,0.296875,4.813159942626953,1.6588033437728882,0.210625,5.44568717956543,2.7558144478034228,0.0006333626224659383
154,contrast/s5,0.0,18.36774253845215,8.976463868748397e-05,0.012849506578947368,16.761662709085567,0.26694636674638833,0.2265625,4.4444475173950195,3.531233787536621,0.24475740131578946,4.399896273487492,5.130294097097297,0.2265625,5.3795881271362305,1.7258079051971436,0.21083470394736842,5.4448174551913615,2.742261730137551,0.0005982247530482709
155,contrast/s5,0.0,18.340049743652344,9.018211130751297e-05,0.01268262987012987,16.782161242002015,0.2634807020108678,0.3203125,3.9108803272247314,3.6595609188079834,0.24573863636363635,4.393545417042522,5.111193666210422,0.3203125,4.5192646980285645,1.8243789672851562,0.2122564935064935,5.432797289513922,2.7303411747758313,0.0006641161744482815
156,contrast/s5,0.0,18.362228393554688,8.74709730851464e-05,0.012520032051282052,16.80241851317577,0.26010386571551164,0.2734375,3.9305076599121094,3.5946803092956543,0.24609375,4.38760903554085,5.091751187275618,0.2734375,4.5767621994018555,1.7804012298583984,0.2130408653846154,5.421822480666331,2.7181624575333,0.0007058645715005696
157,contrast/s5,0.0,18.420682907104492,9.267255518352613e-05,0.012361550632911392,16.82290287259259,0.25681258478943153,0.25,4.347127437591553,4.559081554412842,0.24614319620253164,4.387096610250352,5.085008533695076,0.25,4.70712947845459,2.622805595397949,0.21350870253164558,5.412775733802892,2.7169554086455108,0.024606117978692055
158,defocus_blur/s5,0.34375,3.7296085357666016,3.7224555015563965,0.34375,3.7296085357666016,3.7224555015563965,0.1171875,5.404955863952637,6.326333045959473,0.1171875,5.404955863952637,6.326333045959473,0.34375,4.4780473709106445,1.5892977714538574,0.34375,4.4780473709106445,1.5892977714538574,0.9882097244262695
159,defocus_blur/s5,0.34375,3.3704276084899902,2.778583288192749,0.34375,3.550018072128296,3.2505193948745728,0.203125,5.056368350982666,6.34324836730957,0.16015625,5.230662107467651,6.3347907066345215,0.34375,4.517282485961914,0.8981192708015442,0.34375,4.497664928436279,1.2437085211277008,0.9996034502983093
160,defocus_blur/s5,0.3203125,3.8702237606048584,2.477637767791748,0.3359375,3.6567533016204834,2.9928921858469644,0.1484375,5.4343132972717285,6.376448631286621,0.15625,5.298545837402344,6.348676681518555,0.3203125,5.492060661315918,0.797028660774231,0.3359375,4.829130172729492,1.094815234343211,0.9999469518661499
161,defocus_blur/s5,0.4140625,3.519193410873413,2.082857608795166,0.35546875,3.622363328933716,2.765383541584015,0.15625,5.215407848358154,6.268556594848633,0.15625,5.277761340141296,6.328646659851074,0.4140625,5.06288480758667,0.7003852128982544,0.35546875,4.887568831443787,0.9962077289819717,0.9999798536300659
162,defocus_blur/s5,0.40625,3.514573335647583,2.0137619972229004,0.365625,3.600805330276489,2.615059232711792,0.140625,5.481296539306641,6.287346363067627,0.153125,5.318468379974365,6.320386600494385,0.40625,5.081956386566162,0.6743385195732117,0.365625,4.926446342468262,0.9318338871002197,0.9999897480010986
163,defocus_blur/s5,0.25,3.98093581199646,1.910902976989746,0.3463541666666667,3.664160410563151,2.4976998567581177,0.1015625,5.503871917724609,6.331666946411133,0.14453125,5.349368969599406,6.322266658147176,0.25,5.919642448425293,0.6225496530532837,0.3463541666666667,5.091979026794434,0.8802865147590637,0.9999945163726807
164,defocus_blur/s5,0.4453125,2.772256851196289,1.6328229904174805,0.36049107142857145,3.536745616367885,2.3741460187094554,0.1953125,5.156893253326416,6.240780830383301,0.15178571428571427,5.321872438703265,6.310625825609479,0.4453125,3.9600071907043457,0.6031426787376404,0.36049107142857145,4.93026876449585,0.8406945381845746,0.9999959468841553
165,defocus_blur/s5,0.3671875,3.6321492195129395,1.5723384618759155,0.361328125,3.548671066761017,2.2739200741052628,0.125,5.27064323425293,6.256357192993164,0.1484375,5.315468788146973,6.30384224653244,0.3671875,5.467935085296631,0.5218186378479004,0.361328125,4.997477054595947,0.8008350506424904,0.9999977350234985
166,defocus_blur/s5,0.4140625,3.4281015396118164,1.627392292022705,0.3671875,3.535274452633328,2.2020836538738675,0.1875,4.966838359832764,6.169032096862793,0.1527777777777778,5.276732073889838,6.288863341013591,0.4140625,5.05661153793335,0.5968491435050964,0.3671875,5.004047552744548,0.7781699498494467,0.9999964237213135
167,defocus_blur/s5,0.421875,3.3279759883880615,1.2994258403778076,0.37265625,3.5145446062088013,2.1118178725242616,0.1328125,5.172487258911133,6.23225212097168,0.15078125,5.266307592391968,6.283202219009399,0.421875,5.012798309326172,0.450959712266922,0.37265625,5.00492262840271,0.7454489260911942,0.999997615814209
168,defocus_blur/s5,0.390625,3.4679336547851562,1.4500480890274048,0.3742897727272727,3.5103072469884697,2.0516569831154565,0.1484375,5.232507228851318,6.18369197845459,0.15056818181818182,5.263234832070091,6.274155833504417,0.390625,5.198555946350098,0.5191007852554321,0.3742897727272727,5.022525657307018,0.7248718223788522,0.9999971389770508
169,defocus_blur/s5,0.4453125,3.098687171936035,1.3149938583374023,0.3802083333333333,3.476005574067434,1.990268389383952,0.1328125,5.1692118644714355,6.185973644256592,0.14908854166666666,5.255399584770203,6.266807317733765,0.4453125,4.629969120025635,0.5268194675445557,0.3802083333333333,4.989812612533569,0.7083674594759941,0.9999973773956299
170,defocus_blur/s5,0.328125,4.518916130065918,1.513667106628418,0.3762019230769231,3.556229462990394,1.9536067522489107,0.1015625,5.539950370788574,6.207730770111084,0.14543269230769232,5.277288106771616,6.2622629679166355,0.328125,6.898285865783691,0.5635830760002136,0.3762019230769231,5.136618247398963,0.6972301992086264,0.9999967813491821
171,defocus_blur/s5,0.4609375,3.3088719844818115,1.1241888999938965,0.3822544642857143,3.538561071668352,1.8943626199449812,0.21875,4.940329551696777,6.186025619506836,0.15066964285714285,5.253219638551984,6.256817443030221,0.4609375,5.053248405456543,0.45682406425476074,0.3822544642857143,5.130663258688791,0.6800583324262074,0.9999982118606567
172,defocus_blur/s5,0.3125,4.040860652923584,1.3502212762832642,0.3776041666666667,3.572047710418701,1.8580865303675334,0.1640625,5.259183883666992,6.173154830932617,0.1515625,5.253617254892985,6.251239935557048,0.3125,6.186363220214844,0.5484793186187744,0.3776041666666667,5.201043256123861,0.6712863981723786,0.9999974966049194
173,defocus_blur/s5,0.328125,4.247165203094482,1.2800073623657227,0.37451171875,3.6142425537109375,1.8219565823674202,0.1171875,5.285754203796387,6.22367525100708,0.1494140625,5.255625814199448,6.249517142772675,0.328125,6.505771636962891,0.5127414464950562,0.37451171875,5.2825887799263,0.6613773386925459,0.9999980926513672
174,defocus_blur/s5,0.390625,3.987316131591797,1.1572864055633545,0.37545955882352944,3.6361880582921646,1.7828583366730635,0.125,5.078790187835693,6.060739994049072,0.1479779411764706,5.245223718530991,6.238412604612463,0.390625,6.075278282165527,0.45936524868011475,0.37545955882352944,5.329217574175666,0.6494942745741676,0.999997615814209
175,defocus_blur/s5,0.2578125,4.811141014099121,1.2391340732574463,0.3689236111111111,3.701463222503662,1.7526514331499736,0.125,5.350416660308838,6.054489612579346,0.1467013888888889,5.251067770851983,6.228194660610622,0.2578125,7.421769618988037,0.5280902981758118,0.3689236111111111,5.4454704655541315,0.6427496092187034,0.9999959468841553
176,defocus_blur/s5,0.3203125,4.309855937957764,1.3138420581817627,0.36636513157894735,3.7334838917380884,1.7295562028884888,0.1484375,5.097253322601318,6.191391944885254,0.14679276315789475,5.242972273575632,6.2262576755724455,0.3203125,6.503287315368652,0.5383228063583374,0.36636513157894735,5.501145036597001,0.6372534616997367,0.999996542930603
177,defocus_blur/s5,0.34375,4.612244129180908,1.1231316328048706,0.365234375,3.7774219036102297,1.6992349743843078,0.140625,5.367920875549316,6.111731052398682,0.146484375,5.249219703674316,6.220531344413757,0.34375,6.972494602203369,0.41822895407676697,0.365234375,5.574712514877319,0.6263022363185883,0.9999967813491821
178,defocus_blur/s5,0.3125,4.903378963470459,1.1148579120635986,0.3627232142857143,3.8310389064607167,1.6714074952261788,0.1953125,5.037193775177002,5.9552001953125,0.1488095238095238,5.23912323088873,6.207896527789888,0.3125,7.38875675201416,0.4497441053390503,0.3627232142857143,5.6610955737885975,0.6178947062719435,0.9999951124191284
179,defocus_blur/s5,0.375,4.016138076782227,0.8579307794570923,0.36328125,3.8394525051116943,1.6344312808730386,0.21875,4.710891246795654,5.95858907699585,0.15198863636363635,5.215112686157227,6.196564370935613,0.375,6.212715148925781,0.33044618368148804,0.36328125,5.686169190840288,0.6048288643360138,0.9999958276748657
180,defocus_blur/s5,0.3046875,4.1012115478515625,1.0562974214553833,0.3607336956521739,3.850833333056906,1.6092950261157493,0.140625,4.981184482574463,6.036715030670166,0.1514945652173913,5.204941894697106,6.189614399619725,0.3046875,6.220826625823975,0.4395793676376343,0.3607336956521739,5.709415166274361,0.5976441036099973,0.9999947547912598
181,defocus_blur/s5,0.28125,4.911304473876953,0.980338454246521,0.357421875,3.8950196305910745,1.5830885022878647,0.125,5.022819995880127,6.007517337799072,0.150390625,5.197353482246399,6.182027022043864,0.28125,7.459243297576904,0.41776043176651,0.357421875,5.7823246717453,0.5901489506165186,0.9999934434890747
182,defocus_blur/s5,0.328125,4.845677375793457,0.7811760902404785,0.35625,3.93304594039917,1.5510120058059693,0.1484375,5.089827537536621,6.024364948272705,0.1503125,5.193052444458008,6.175720539093017,0.328125,7.422094345092773,0.3160587549209595,0.35625,5.847915458679199,0.5791853427886963,0.9999908208847046
183,defocus_blur/s5,0.328125,5.139876842498779,0.9231066107749939,0.3551682692307692,3.979462513556847,1.5268617983047779,0.15625,5.085295677185059,5.928730010986328,0.1505408653846154,5.188907953409048,6.1662209033966064,0.328125,7.789811611175537,0.4191111922264099,0.3551682692307692,5.922603772236751,0.5730286446901468,0.9999878406524658
184,defocus_blur/s5,0.3046875,5.300015926361084,0.7397099733352661,0.3532986111111111,4.028371899216263,1.4977080270096108,0.1484375,4.921084403991699,5.818422794342041,0.15046296296296297,5.178988562689887,6.153339491950141,0.3046875,8.120733261108398,0.3068833351135254,0.3532986111111111,6.004015975528294,0.5631714110021238,0.9999802112579346
185,defocus_blur/s5,0.3203125,5.508185863494873,0.8055641651153564,0.3521205357142857,4.0812223979405,1.4729886033705302,0.140625,5.282192230224609,5.967867374420166,0.15011160714285715,5.182674407958984,6.146715487752642,0.3203125,8.181302070617676,0.3474084734916687,0.3521205357142857,6.0817761932100565,0.5554655918053218,0.9999796152114868
186,defocus_blur/s5,0.2890625,5.809546947479248,0.6280444860458374,0.3499461206896552,4.140819796200456,1.4438525993248512,0.203125,4.807956218719482,5.84650993347168,0.15193965517241378,5.169753091088657,6.136363572087781,0.2890625,8.784072875976562,0.2790437936782837,0.3499461206896552,6.174958837443385,0.5459338056630102,0.9999715089797974
187,defocus_blur/s5,0.3359375,5.334897041320801,0.5441147089004517,0.3494791666666667,4.180622371037801,1.4138613363107047,0.1640625,4.836696147918701,5.8918304443359375,0.15234375,5.158651192982991,6.128212467829386,0.3359375,7.692633152008057,0.23435251414775848,0.3494791666666667,6.225547981262207,0.5355477626125018,0.9999674558639526
188,defocus_blur/s5,0.3359375,6.296560287475586,0.5381219387054443,0.34904233870967744,4.248878432858374,1.385611678323438,0.21875,4.73723030090332,5.834652900695801,0.1544858870967742,5.145056970657841,6.118742804373464,0.3359375,8.995162010192871,0.2346992939710617,0.34904233870967744,6.314890369292228,0.5258429733014875,0.9999048709869385
189,defocus_blur/s5,0.1953125,7.915097236633301,0.3761512041091919,0.34423828125,4.363447770476341,1.354066038504243,0.203125,4.6801438331604,5.714595794677734,0.156005859375,5.130528435111046,6.106113210320473,0.1953125,11.489853858947754,0.1684587001800537,0.34423828125,6.476607978343964,0.5146747147664428,0.9995779395103455
190,defocus_blur/s5,0.2890625,7.578224182128906,0.32394078373908997,0.3425662878787879,4.460865237496116,1.3228501216931776,0.2265625,4.58223819732666,5.737082481384277,0.1581439393939394,5.11391357942061,6.09493046095877,0.2890625,10.501666069030762,0.14783820509910583,0.3425662878787879,6.598579435637503,0.5035584568977356,0.9993759989738464
191,defocus_blur/s5,0.109375,10.412549018859863,0.2033817321062088,0.3357077205882353,4.6359147604774025,1.2899245808229727,0.1328125,5.245626926422119,5.885430335998535,0.15739889705882354,5.117787501391242,6.088768692577586,0.109375,14.072723388671875,0.0842004120349884,0.3357077205882353,6.818407198962043,0.49122439675471363,0.9951103329658508
192,defocus_blur/s5,0.0234375,12.611300468444824,0.07968130707740784,0.3267857142857143,4.863782923562186,1.2553462015730994,0.1328125,5.084998607635498,5.727483749389648,0.15669642857142857,5.116850675855364,6.07844626562936,0.0234375,16.33287239074707,0.0376884900033474,0.3267857142857143,7.090249061584473,0.47826622799038887,0.9460848569869995
193,defocus_blur/s5,0.0234375,12.970765113830566,0.06884044408798218,0.318359375,5.088976873291863,1.222387708309624,0.2421875,4.66018533706665,5.8248701095581055,0.15907118055555555,5.104165527555677,6.07140248351627,0.03125,15.824738502502441,0.049597207456827164,0.3185763888888889,7.332873768276638,0.4663587551977899,0.8465681076049805
194,defocus_blur/s5,0.0,14.990297317504883,0.010304861702024937,0.30975506756756754,5.356580128540864,1.1896287124553644,0.15625,5.077619552612305,5.730533123016357,0.15899493243243243,5.1034480687734245,6.062189798097353,0.0,10.992730140686035,0.06779235601425171,0.30996621621621623,7.431788805368784,0.4555866903549916,0.5058245062828064
195,defocus_blur/s5,0.0078125,15.69998836517334,0.0040676528587937355,0.30180921052631576,5.628775082136455,1.1584297372028232,0.15625,4.924334526062012,5.713204860687256,0.15892269736842105,5.0987345544915454,6.053005983954982,0.0234375,6.592716217041016,1.4372302293777466,0.30242598684210525,7.409707947781212,0.48141941506611674,0.3326926529407501
196,defocus_blur/s5,0.0,16.08384132385254,0.001902394462376833,0.29407051282051283,5.896853703718919,1.128775189953068,0.171875,4.860217571258545,5.621642112731934,0.15925480769230768,5.0926187344086475,6.041945371872339,0.1015625,4.978894233703613,4.24627685546875,0.297275641025641,7.347379391009991,0.5779542212302868,0.2176506370306015
197,defocus_blur/s5,0.0,16.62980842590332,0.0011171277146786451,0.28671875,6.165177571773529,1.1005837383971084,0.140625,4.771181583404541,5.6136932373046875,0.1587890625,5.084582805633545,6.031239068508148,0.1171875,4.725956439971924,4.455183029174805,0.2927734375,7.281843817234039,0.6748849414288998,0.166329488158226
198,defocus_blur/s5,0.0078125,16.47437858581543,0.007108625024557114,0.27991615853658536,6.4166214989452826,1.0739136136807046,0.15625,5.052578449249268,5.682467460632324,0.15872713414634146,5.083802211575392,6.022732443925811,0.15625,5.031938076019287,4.459506988525391,0.2894435975609756,7.226968067448314,0.7671927962361312,0.1370455026626587
199,defocus_blur/s5,0.0,16.87187385559082,0.001995458034798503,0.2732514880952381,6.665556078865414,1.0483917528319926,0.1875,4.6499714851379395,5.528485298156738,0.15941220238095238,5.073472908564976,6.0109646547408335,0.1953125,4.557514667510986,4.174558639526367,0.28720238095238093,7.163409653164091,0.8483205544097083,0.11001934111118317
200,defocus_blur/s5,0.0,17.04833984375,0.0017851332668215036,0.2668968023255814,6.9070161664208705,1.0240520640048956,0.109375,5.156197547912598,5.588972091674805,0.1582485465116279,5.075396737387014,6.001150874204414,0.09375,5.20257568359375,4.28593635559082,0.282703488372093,7.1178088631740835,0.9282651079255481,0.11502909660339355
201,defocus_blur/s5,0.0,17.073923110961914,0.0014577724505215883,0.2608309659090909,7.138082233342257,1.0008112846513872,0.2421875,4.467868804931641,5.312752723693848,0.16015625,5.061589284376665,5.98550546169281,0.2421875,4.449676990509033,3.4938902854919434,0.28178267045454547,7.057169502431696,0.986574771052057,0.05989076569676399
202,defocus_blur/s5,0.0,17.403024673461914,0.001575013971887529,0.25503472222222223,7.366192065344917,0.9786060341918427,0.2265625,4.435683727264404,5.291214942932129,0.16163194444444445,5.047680271996392,5.970076783498128,0.2265625,4.439288139343262,3.347524881362915,0.28055555555555556,6.998994361029731,1.0390403290589652,0.046380914747714996
203,defocus_blur/s5,0.0,17.722911834716797,0.00044319842709228396,0.24949048913043478,7.591338147287783,0.957341624718696,0.140625,5.046301364898682,5.502790927886963,0.16117527173913043,5.047650295755138,5.959918395332668,0.140625,5.180807590484619,3.793487548828125,0.27751358695652173,6.959468561670055,1.098919616445251,0.05500016734004021
204,defocus_blur/s5,0.0,17.84723472595215,0.00042350811418145895,0.24418218085106383,7.809548712791281,0.9369816647909404,0.1875,4.757015228271484,5.314865589141846,0.16173537234042554,5.04146657091506,5.946193867541374,0.1875,4.885469913482666,3.4746437072753906,0.2755984042553192,6.915340930857557,1.1494669375267434,0.046584852039813995
205,defocus_blur/s5,0.0,17.901386260986328,0.0003347477177157998,0.23909505208333334,8.019795328378677,0.9174681873519148,0.1484375,4.626695156097412,5.387999534606934,0.16145833333333334,5.0328254997730255,5.934564818938573,0.1484375,4.637414455413818,3.6398489475250244,0.27294921875,6.867884129285812,1.2013498960683744,0.05181622505187988
206,defocus_blur/s5,0.0,18.00286293029785,0.00034318529651500285,0.2342155612244898,8.223531401887232,0.898751350575274,0.2421875,4.480860233306885,5.303775787353516,0.16310586734693877,5.021560902498206,5.921691573396021,0.2421875,4.49399995803833,3.4397711753845215,0.27232142857142855,6.819437513546068,1.2470319629931936,0.04273499175906181
207,defocus_blur/s5,0.0,18.024858474731445,0.00026772578712552786,0.22953125,8.419557943344117,0.880781678079511,0.1875,4.731945991516113,5.39045524597168,0.16359375,5.0157686042785645,5.911066846847534,0.1875,4.801238536834717,3.5881903171539307,0.270625,6.77907353401184,1.2938551300764083,0.04331833869218826
208,defocus_blur/s5,0.0078125,17.87531280517578,0.00031367814517579973,0.22518382352941177,8.604964901419248,0.863517599649426,0.109375,5.066152572631836,5.363165855407715,0.16253063725490197,5.0167565252266675,5.900323690152636,0.1171875,5.262533664703369,3.6572835445404053,0.26761642156862747,6.749337458143048,1.3401968636933494,0.050565652549266815
209,defocus_blur/s5,0.0,18.163761138916016,0.0006585749215446413,0.2208533653846154,8.788787905986492,0.8469241568661976,0.234375,4.352315902709961,5.248323440551758,0.1639122596153846,5.0039788209475,5.8877852238141575,0.2265625,4.311427116394043,3.489279270172119,0.2668269230769231,6.702454566955566,1.381525371510249,0.04640278220176697
210,defocus_blur/s5,0.0,18.216093063354492,0.00020552656496874988,0.21668632075471697,8.966661588200983,0.8309483336529668,0.1875,4.7535319328308105,5.12403678894043,0.1643573113207547,4.999253407964167,5.873374875986351,0.1875,4.997937202453613,3.179682970046997,0.2653301886792453,6.670293861964963,1.415452873369433,0.032390449196100235
211,defocus_blur/s5,0.0,18.188552856445312,0.00021843293507117778,0.2126736111111111,9.13743735242773,0.8155644466026354,0.1328125,5.022507190704346,5.148913383483887,0.16377314814814814,4.999684033570467,5.859958922421491,0.1328125,5.381100654602051,3.249391555786133,0.2628761574074074,6.646419913680465,1.4494147008215938,0.028505343943834305
212,defocus_blur/s5,0.0,18.22536849975586,0.00018985387578140944,0.20880681818181818,9.302672464197332,0.8007394540076017,0.171875,4.620546340942383,5.182131767272949,0.16392045454545454,4.992790620977228,5.847634792327881,0.171875,4.745726585388184,3.35056734085083,0.2612215909090909,6.61186185316606,1.4839811124584892,0.03084450587630272
213,defocus_blur/s5,0.0,18.213436126708984,0.00023033372417557985,0.205078125,9.46179324388504,0.7864446482882548,0.1640625,4.683919429779053,5.208288669586182,0.16392299107142858,4.987275063991547,5.836217897278922,0.1640625,4.851868629455566,3.274266242980957,0.25948660714285715,6.580433402742658,1.5159504897892475,0.030024481937289238
214,defocus_blur/s5,0.0,18.264421463012695,0.00018546884530223906,0.20148026315789475,9.616225317904824,0.7726506275962732,0.1484375,4.864137172698975,5.1354827880859375,0.16365131578947367,4.985114750109221,5.8239242988720274,0.1484375,5.14640998840332,3.2321810722351074,0.25753837719298245,6.555275097227933,1.54605979825321,0.03062644973397255
215,defocus_blur/s5,0.0,18.313344955444336,0.000183402284164913,0.19800646551724138,9.76617565648309,0.7593322271598575,0.265625,4.072315692901611,4.929409027099609,0.1654094827586207,4.969376835329779,5.808501621772503,0.265625,4.114663600921631,2.9111430644989014,0.25767780172413796,6.513195588670928,1.5695957166367565,0.022692708298563957
216,defocus_blur/s5,0.0,18.2435359954834,0.00016897154273465276,0.19465042372881355,9.909859730025468,0.7464650533358385,0.28125,4.327678203582764,5.104154586791992,0.1673728813559322,4.9585005873340675,5.79656353643385,0.28125,4.376611709594727,3.2169864177703857,0.2580773305084746,6.476982302584891,1.5975175929271568,0.021369844675064087
217,defocus_blur/s5,0.0,18.276567459106445,0.00018814804207067937,0.19140625,10.049304858843486,0.7340271049142757,0.21875,4.345091819763184,4.651381015777588,0.16822916666666668,4.948277107874552,5.777477161089579,0.21875,4.701584339141846,2.5077781677246094,0.257421875,6.447392336527506,1.6126886025071143,0.010774805210530758
218,defocus_blur/s5,0.0,18.308456420898438,0.00016580880037508905,0.1882684426229508,10.184700786090287,0.7219965918632282,0.234375,4.510457992553711,4.854696750640869,0.16931352459016394,4.941099745328309,5.762349613377305,0.234375,4.831106662750244,2.7477288246154785,0.25704405737704916,6.420895850072141,1.6312958192629892,0.010149972513318062
219,defocus_blur/s5,0.0,18.302413940429688,0.0001495019532740116,0.1852318548387097,10.315631643418342,0.7103538968646805,0.1953125,4.399595260620117,4.644430160522461,0.1697328629032258,4.932365802026564,5.744318654460292,0.1953125,4.747485637664795,2.6664011478424072,0.2560483870967742,6.393905362775249,1.6479910664981412,0.008763873018324375
220,defocus_blur/s5,0.0078125,18.149974822998047,0.00015247560804709792,0.1824156746031746,10.439986297062465,0.6990808584320355,0.15625,4.37803840637207,4.897876739501953,0.16951884920634921,4.923566954476493,5.730883068508572,0.1640625,4.610610008239746,2.776826858520508,0.25458829365079366,6.365599087306431,1.6659090949429407,0.011501820757985115
221,defocus_blur/s5,0.0,18.308958053588867,0.00015622295904904604,0.1795654296875,10.56293898075819,0.6881601610027701,0.234375,4.3991618156433105,4.825753688812256,0.1705322265625,4.915373124182224,5.716740421950817,0.2421875,4.6626434326171875,2.7767391204833984,0.25439453125,6.338990405201912,1.6832658140920103,0.011123890057206154
222,defocus_blur/s5,0.0,18.312183380126953,0.0001471184950787574,0.17680288461538463,10.682158125363863,0.6775753449641903,0.203125,4.471242904663086,4.716262340545654,0.17103365384615385,4.908540351574238,5.701348451467661,0.203125,4.821854114532471,2.7121825218200684,0.2536057692307692,6.315649846883921,1.6990953019032111,0.009258328936994076
223,defocus_blur/s5,0.0,18.310285568237305,0.00015096247079782188,0.17412405303030304,10.797735813892249,0.6673113391688358,0.1875,4.406762599945068,4.508730888366699,0.17128314393939395,4.900937658367735,5.683278488390373,0.1875,4.846652984619141,2.480907917022705,0.2526041666666667,6.293392318667787,1.7109409475868398,0.006823929492384195
224,defocus_blur/s5,0.0,18.317943572998047,0.0001383009075652808,0.17152518656716417,10.909977720744575,0.6573535326276229,0.1875,4.487756729125977,4.568174362182617,0.17152518656716417,4.894770778826813,5.666635143223093,0.1875,4.964766025543213,2.431190252304077,0.25163246268656714,6.273562075486824,1.721690937209485,0.006769629195332527
225,defocus_blur/s5,0.0,18.277013778686523,0.00014327264216262847,0.16900275735294118,11.018316486302544,0.6476886758631307,0.25,4.080185413360596,4.452708721160889,0.17267922794117646,4.882791582275839,5.64878328407512,0.25,4.391278266906738,2.4250659942626953,0.2516084558823529,6.245881431242999,1.732034688048503,0.005324040073901415
226,defocus_blur/s5,0.0,18.334327697753906,0.00013741079601459205,0.1665534420289855,11.124345634294594,0.6383038749201291,0.1171875,4.957728385925293,4.735006332397461,0.171875,4.88387762290844,5.635540139847907,0.1171875,5.544322490692139,2.740309715270996,0.2496603260869565,6.23571391036545,1.7466473696024523,0.0074218325316905975
227,defocus_blur/s5,0.0,18.35840606689453,0.00013524485984817147,0.16417410714285716,11.227689354760306,0.6291871802049822,0.203125,4.521365165710449,4.632949352264404,0.17232142857142857,4.878698873519897,5.621217414311,0.203125,4.934152603149414,2.6748204231262207,0.2489955357142857,6.217120177405221,1.7599069846527917,0.007411603350192308
228,defocus_blur/s5,0.0,18.308887481689453,0.00013506294635590166,0.16186179577464788,11.327424539646632,0.6203272912295086,0.1640625,4.538127422332764,4.537364959716797,0.1722051056338028,4.873902092517262,5.605951886781504,0.1640625,5.030185699462891,2.4909873008728027,0.24779929577464788,6.200402790391949,1.7702038905150455,0.006476575508713722
229,defocus_blur/s5,0.0,18.3673095703125,0.0001278444833587855,0.1596137152777778,11.425200720628103,0.6117134100247009,0.25,4.235274791717529,4.208702087402344,0.1732855902777778,4.865032268895043,5.586545639567905,0.25,4.752665042877197,2.1928887367248535,0.2478298611111111,6.180295321676466,1.7760745133790705,0.003988872282207012
230,defocus_blur/s5,0.0,18.353736877441406,0.00012616829189937562,0.15742722602739725,11.520112174831025,0.6033355026037037,0.2421875,4.331378936767578,4.056278228759766,0.1742294520547945,4.857721949276859,5.565583072296561,0.2421875,4.965077877044678,2.1024999618530273,0.2477525684931507,6.1636485073664415,1.7805460948650151,0.002825405914336443
231,defocus_blur/s5,0.0,18.330236434936523,0.00012766587315127254,0.15529983108108109,11.612140881048667,0.5951840453505881,0.203125,4.34768533706665,4.469054222106934,0.17461993243243243,4.8508295626253695,5.550765114861566,0.203125,4.752624034881592,2.562309980392456,0.24714949324324326,6.144580609089619,1.791110471696467,0.00377045595087111
232,defocus_blur/s5,0.0,18.344141006469727,0.00012831254571210593,0.15322916666666667,11.701900882720947,0.5872499689131897,0.1640625,4.797355651855469,4.200568675994873,0.17447916666666666,4.850116577148437,5.5327624956766766,0.1640625,5.590497970581055,2.2290186882019043,0.24604166666666666,6.137192840576172,1.7969492479165394,0.0029014700558036566
233,defocus_blur/s5,0.0,18.352210998535156,0.00013031417620368302,0.15121299342105263,11.789404963192187,0.5795247102982294,0.171875,4.724421501159668,4.234720706939697,0.17444490131578946,4.848462694569638,5.515682998456453,0.171875,5.45791482925415,2.2694766521453857,0.2450657894736842,6.128254972006145,1.8031667137616558,0.002895037643611431
234,defocus_blur/s5,0.0,18.34302520751953,0.00012244508252479136,0.14924918831168832,11.874516914417217,0.5720000055551683,0.21875,4.35496187210083,4.072486400604248,0.1750202922077922,4.842053592979134,5.496940185497333,0.21875,4.984257698059082,2.14597225189209,0.24472402597402598,6.1133978645522875,1.807618733737376,0.002376410411670804
235,defocus_blur/s5,0.0,18.345483779907227,0.00011868137517012656,0.14733573717948717,11.957478028077345,0.5646681937067068,0.21875,4.3597941398620605,4.237735271453857,0.1755809294871795,4.8358707794776326,5.480796532753186,0.21875,4.8963189125061035,2.3316447734832764,0.24439102564102563,6.097794288244003,1.8143370162982206,0.002836796920746565
236,defocus_blur/s5,0.0,18.34147071838379,0.0001302481978200376,0.14547072784810128,12.038288062131858,0.5575221437635564,0.1875,4.296024322509766,4.587367057800293,0.17573180379746836,4.829037280022344,5.469487298893023,0.1875,4.500371932983398,2.896286725997925,0.24367088607594936,6.077573752101464,1.8280325822437866,0.0551392138004303
237,elastic_transform/s5,0.390625,3.0805835723876953,2.800171375274658,0.390625,3.0805835723876953,2.800171375274658,0.4921875,3.11950421333313,5.587095737457275,0.4921875,3.11950421333313,5.587095737457275,0.3984375,3.836268186569214,0.8615267276763916,0.3984375,3.836268186569214,0.8615267276763916,0.9422197937965393
238,elastic_transform/s5,0.375,3.4271399974823,2.7630114555358887,0.3828125,3.2538617849349976,2.7815914154052734,0.453125,3.3282883167266846,5.703083515167236,0.47265625,3.2238962650299072,5.645089626312256,0.375,4.610337257385254,0.7973651885986328,0.38671875,4.223302721977234,0.8294459581375122,0.991344690322876
239,elastic_transform/s5,0.40625,3.4368600845336914,2.216541290283203,0.390625,3.314861218134562,2.5932413736979165,0.4140625,3.347060203552246,5.56208610534668,0.453125,3.26495091120402,5.617421785990397,0.40625,4.898660659790039,0.6451570987701416,0.3932291666666667,4.448422034581502,0.7680163383483887,0.9972435235977173
240,elastic_transform/s5,0.3984375,3.2911441326141357,1.9246108531951904,0.392578125,3.3089319467544556,2.426083743572235,0.5078125,3.201862096786499,5.544046401977539,0.466796875,3.24917870759964,5.599077939987183,0.3984375,4.762973308563232,0.5900363922119141,0.39453125,4.527059853076935,0.72352135181427,0.9981693029403687
241,elastic_transform/s5,0.4453125,3.125983953475952,1.5979304313659668,0.403125,3.272342348098755,2.2604530811309815,0.484375,3.136157274246216,5.533034324645996,0.4703125,3.226574420928955,5.585869216918946,0.4453125,4.621461391448975,0.5044185519218445,0.4046875,4.545940160751343,0.6797007918357849,0.999026894569397
242,elastic_transform/s5,0.2734375,4.507889270782471,1.6515952348709106,0.3815104166666667,3.4782668352127075,2.1589767734209695,0.4140625,3.3082923889160156,5.5241827964782715,0.4609375,3.240194082260132,5.5755881468455,0.2734375,6.853675365447998,0.5990458130836487,0.3828125,4.930562694867452,0.6662582953770956,0.998342752456665
243,elastic_transform/s5,0.296875,5.295937538146973,0.8829367160797119,0.36941964285714285,3.737934078489031,1.976685336657933,0.59375,2.8438570499420166,5.478830337524414,0.4799107142857143,3.1835745062146867,5.561765602656773,0.296875,8.42152214050293,0.29496967792510986,0.3705357142857143,5.429271187101092,0.6132170643125262,0.9957220554351807
244,elastic_transform/s5,0.0859375,8.38354206085205,0.5252811908721924,0.333984375,4.318635076284409,1.7952598184347153,0.4921875,3.015075445175171,5.434202671051025,0.4814453125,3.1625121235847473,5.545820236206055,0.0859375,12.62941837310791,0.18084567785263062,0.3349609375,6.329289585351944,0.5591706410050392,0.9413967728614807
245,elastic_transform/s5,0.0078125,11.308476448059082,0.17462560534477234,0.2977430555555556,5.095284117592706,1.6151893503136106,0.4765625,3.046189308166504,5.3817524909973145,0.4809027777777778,3.1495873663160534,5.527590486738417,0.0859375,5.35170841217041,1.085463523864746,0.3072916666666667,6.22066945499844,0.617647627989451,0.45361971855163574
246,elastic_transform/s5,0.0078125,12.569198608398438,0.08400040119886398,0.26875,5.842675566673279,1.4620704554021358,0.53125,2.808488368988037,5.023149490356445,0.4859375,3.115477466583252,5.47714638710022,0.53125,2.3425729274749756,2.680422782897949,0.3296875,5.832859802246094,0.8239251434803009,0.06108522415161133
247,elastic_transform/s5,0.0078125,12.904474258422852,0.15933868288993835,0.2450284090909091,6.48465726592324,1.3436402942646632,0.5390625,2.8990068435668945,5.230765342712402,0.49076704545454547,3.0957983190363105,5.4547481103376905,0.5390625,2.3388030529022217,2.7567553520202637,0.3487215909090909,5.515218279578469,0.9996369806202975,0.02445894479751587
248,elastic_transform/s5,0.0,13.68226432800293,0.04313071444630623,0.224609375,7.084457854429881,1.235264495946467,0.53125,2.691119909286499,4.938511848449707,0.494140625,3.062075118223826,5.411728421847026,0.53125,2.1823275089263916,2.4037692546844482,0.3639322916666667,5.237477382024129,1.1166480034589767,0.010238048620522022
249,elastic_transform/s5,0.0,14.439806938171387,0.019993916153907776,0.20733173076923078,7.650253937794612,1.1417821436547315,0.3828125,3.4005496501922607,5.377979278564453,0.4855769230769231,3.0881116206829367,5.409132333902212,0.3828125,2.965433120727539,3.025130271911621,0.36538461538461536,5.062704746539776,1.263454331801488,0.012977897189557552
250,elastic_transform/s5,0.0,15.048229217529297,0.013642760924994946,0.19252232142857142,8.178680743489947,1.0612007591740362,0.5625,2.8276171684265137,5.042774677276611,0.49107142857142855,3.069504874093192,5.382963929857526,0.5625,2.366246461868286,2.3313984870910645,0.3794642857142857,4.870100583348956,1.3397360571793147,0.007777566555887461
251,elastic_transform/s5,0.0,15.474241256713867,0.008584405295550823,0.1796875,8.66505144437154,0.9910263355821372,0.4453125,3.2866275310516357,5.19907283782959,0.48802083333333335,3.0839797178904216,5.37070452372233,0.4453125,2.8893251419067383,2.8033313751220703,0.38385416666666666,4.738048887252807,1.4373090783754985,0.008971499279141426
252,elastic_transform/s5,0.0,16.075782775878906,0.004366404376924038,0.16845703125,9.128222152590752,0.9293600898818113,0.453125,3.1606736183166504,5.309286594390869,0.48583984375,3.088773086667061,5.366865903139114,0.4609375,2.6485698223114014,2.9433841705322266,0.388671875,4.60745644569397,1.531438771635294,0.011128045618534088
253,elastic_transform/s5,0.0,16.430402755737305,0.008818075992166996,0.15854779411764705,9.55776218806996,0.8752105596530086,0.5,2.6898999214172363,4.831995010375977,0.4866727941176471,3.065309959299424,5.335402909447165,0.5,2.2641310691833496,2.2212448120117188,0.3952205882352941,4.469613776487463,1.5720155975397896,0.0057729315012693405
254,elastic_transform/s5,0.0,16.935155868530273,0.0019245573785156012,0.14973958333333334,9.967617392539978,0.826694670637759,0.53125,2.6905713081359863,4.931867599487305,0.4891493055555556,3.0444911453458996,5.312984281116062,0.53125,2.2223916053771973,2.2155935764312744,0.4027777777777778,4.3447681003146705,1.6077699297004275,0.004795098677277565
255,elastic_transform/s5,0.0078125,17.02825927734375,0.0014023189432919025,0.14226973684210525,10.339230123319124,0.7832582310748923,0.4296875,2.9357845783233643,5.078888893127441,0.48601973684210525,3.038769747081556,5.300663471221924,0.4296875,2.487788200378418,2.4555044174194336,0.4041940789473684,4.247032316107499,1.6523875343172174,0.005820539314299822
256,elastic_transform/s5,0.0,17.641340255737305,0.001044518081471324,0.13515625,10.704335629940033,0.7441475454252213,0.546875,2.6779863834381104,4.8543901443481445,0.4890625,3.0207305788993835,5.278349804878235,0.546875,2.197035074234009,2.352842092514038,0.411328125,4.144532454013825,1.6874102622270584,0.0043486785143613815
257,elastic_transform/s5,0.0,17.706689834594727,0.0007987804710865021,0.12872023809523808,11.037781068256923,0.7087499851893101,0.5,2.8115272521972656,4.8040571212768555,0.4895833333333333,3.0107685157230923,5.255764438992455,0.5,2.431957960128784,2.288440704345703,0.41555059523809523,4.062981287638347,1.7160307594708033,0.003676898078992963
258,elastic_transform/s5,0.0,17.977964401245117,0.0006242119707167149,0.12286931818181818,11.353243947029114,0.6765624500430104,0.4765625,2.5788838863372803,4.462033271789551,0.4889914772727273,2.991137396205555,5.219685749574141,0.4765625,2.280864715576172,1.903329610824585,0.41832386363636365,3.9819759889082476,1.724544343623248,0.0021025885362178087
259,elastic_transform/s5,0.0,18.08209991455078,0.0005256963195279241,0.11752717391304347,11.645802902138751,0.6471695477072068,0.515625,2.5648114681243896,4.441218852996826,0.49014945652173914,2.972601486288983,5.185839362766432,0.515625,2.2681682109832764,1.915144681930542,0.422554347826087,3.907462607259336,1.732831314854,0.0018369244644418359
260,elastic_transform/s5,0.0,18.15212631225586,0.00044599513057619333,0.11263020833333333,11.916899710893631,0.6202227330165139,0.484375,2.7164320945739746,4.510480880737305,0.4899088541666667,2.961927761634191,5.157699426015218,0.484375,2.4407432079315186,2.0358495712280273,0.4251302083333333,3.84634929895401,1.745457075536251,0.001783503103069961
261,elastic_transform/s5,0.0,18.18984031677246,0.0003819991834461689,0.108125,12.167817335128785,0.5954291036631912,0.4375,2.8438854217529297,4.754240989685059,0.4878125,2.9572060680389405,5.141561088562011,0.4375,2.5357859134674072,2.1104423999786377,0.425625,3.7939267635345457,1.7600564885139465,0.002277862746268511
262,elastic_transform/s5,0.0,18.257102966308594,0.0003293681365903467,0.10396634615384616,12.4020206286357,0.5725406522967835,0.5546875,2.4575817584991455,4.053146839141846,0.49038461538461536,2.937989748441256,5.099699002045852,0.5546875,2.2827839851379395,1.660241723060608,0.4305889423076923,3.7358058874423685,1.7562174590734334,0.0011139500420540571
263,elastic_transform/s5,0.0,18.34446907043457,0.00031210295855998993,0.10011574074074074,12.622111311665288,0.5513470023212937,0.515625,2.672666549682617,4.198713302612305,0.4913194444444444,2.928162963302047,5.066329161326091,0.515625,2.503923177719116,1.8827886581420898,0.43373842592592593,3.690180601897063,1.7609052812611614,0.0010009300895035267
264,elastic_transform/s5,0.0,18.305570602416992,0.00026890268782153726,0.09654017857142858,12.825092000620705,0.5316656416200983,0.453125,2.6798830032348633,4.036306858062744,0.48995535714285715,2.9192958218710765,5.029542650495257,0.453125,2.6355702877044678,1.59205162525177,0.43443080357142855,3.652515947818756,1.7548747935465403,0.0007451429846696556
265,elastic_transform/s5,0.0,18.320085525512695,0.00025844559422694147,0.09321120689655173,13.01457453596181,0.5133412555502407,0.546875,2.6026148796081543,4.274672508239746,0.49191810344827586,2.9083757893792512,5.003512645589894,0.546875,2.3657748699188232,1.916439175605774,0.43830818965517243,3.608145565822207,1.7604459791347897,0.0008249134989455342
266,elastic_transform/s5,0.0,18.303348541259766,0.00022621607058681548,0.09010416666666667,13.190867002805074,0.4962374209009189,0.5390625,2.3118703365325928,3.975411891937256,0.4934895833333333,2.8884922742843626,4.9692426204681395,0.5390625,2.1076395511627197,1.57377290725708,0.44166666666666665,3.5581286986668905,1.7542235434055329,0.0006111859111115336
267,elastic_transform/s5,0.0,18.344623565673828,0.00021036046382505447,0.0871975806451613,13.357117214510518,0.4802365479835932,0.5703125,2.341442108154297,4.011418342590332,0.4959677419354839,2.87084549473178,4.938345063117243,0.5703125,2.108449697494507,1.685279369354248,0.4458165322580645,3.5113648599193943,1.7519995377909752,0.0005801312508992851
268,elastic_transform/s5,0.0,18.30194664001465,0.00023683866311330348,0.08447265625,13.511643134057522,0.46523655706732825,0.5078125,2.46040415763855,3.786334991455078,0.496337890625,2.8580192029476166,4.9023447483778,0.5078125,2.397859811782837,1.4969289302825928,0.44775390625,3.476567827165127,1.7440285813063383,0.0004460308118723333
269,elastic_transform/s5,0.0,18.344375610351562,0.0001915042521432042,0.08191287878787878,13.658089572733099,0.4511442827395954,0.5,2.3446123600006104,3.9101195335388184,0.49644886363636365,2.8424614198280103,4.8722773176251035,0.5,2.1699752807617188,1.5896275043487549,0.4493371212121212,3.436974113637751,1.7393497607924722,0.00046804314479231834
270,elastic_transform/s5,0.0,18.3623104095459,0.00018460932187736034,0.07950367647058823,13.796449009109946,0.4378807629331919,0.578125,2.2135612964630127,3.71152663230896,0.49885110294117646,2.8239643573760986,4.838137591586394,0.578125,2.051093101501465,1.5156596899032593,0.453125,3.396212907398448,1.7327706410604364,0.0003658801142591983
271,elastic_transform/s5,0.0,18.30974578857422,0.00017338094767183065,0.07723214285714286,13.925400345666068,0.4253748377336056,0.515625,2.5381245613098145,3.7937750816345215,0.4993303571428571,2.815797506059919,4.808298662730626,0.515625,2.5013325214385986,1.5471923351287842,0.4549107142857143,3.370644896371024,1.7274684037481036,0.00035294092958793044
272,elastic_transform/s5,0.0,18.332733154296875,0.0001634525542613119,0.07508680555555555,14.047826257016924,0.4135634103675127,0.53125,2.389036178588867,3.951080799102783,0.5002170138888888,2.8039430247412787,4.78448705540763,0.53125,2.2002956867218018,1.66341233253479,0.45703125,3.33813519610299,1.7256890684366226,0.0004111996095161885
273,elastic_transform/s5,0.0,18.337705612182617,0.0001595317735336721,0.07305743243243243,14.163768942291671,0.4023903325676754,0.5625,2.4235239028930664,3.5643601417541504,0.5019003378378378,2.793661426853489,4.751510652335915,0.5625,2.413257360458374,1.4697972536087036,0.45988175675675674,3.3131384978423246,1.7187730734412734,0.0003231584560126066
274,elastic_transform/s5,0.0,18.369739532470703,0.0001612531195860356,0.07113486842105263,14.274452378875331,0.3918053567927257,0.4765625,2.5708882808685303,3.9689018726348877,0.501233552631579,2.7877989756433585,4.730915684449045,0.4765625,2.469053030014038,1.6663472652435303,0.4603207236842105,3.290925722373159,1.7173934469097538,0.00039886959712021053
275,elastic_transform/s5,0.0,18.36338996887207,0.00015275346231646836,0.06931089743589744,14.37929693246499,0.38176298234835626,0.46875,2.5334243774414062,3.912909984588623,0.5004006410256411,2.7812765500484367,4.709941179324419,0.46875,2.4188101291656494,1.6905821561813354,0.460536858974359,3.2685637840857873,1.7167059779167175,0.0004966576234437525
276,elastic_transform/s5,0.0,18.406097412109375,0.0001525434199720621,0.067578125,14.4799669444561,0.37222272137514667,0.4921875,2.4868898391723633,3.5693206787109375,0.5001953125,2.773916882276535,4.681425666809082,0.4921875,2.4978015422821045,1.4755043983459473,0.461328125,3.249294728040695,1.7106759384274484,0.00035122138797305524
277,elastic_transform/s5,0.0,18.410297393798828,0.0001453738077543676,0.06592987804878049,14.575828662732752,0.3631476641174054,0.40625,2.943589210510254,3.9706106185913086,0.49790396341463417,2.77805523174565,4.664088714413527,0.40625,3.0081686973571777,1.7281893491744995,0.45998475609756095,3.243413605341097,1.7111030947871324,0.00046337704407051206
278,elastic_transform/s5,0.0,18.404848098754883,0.00013898609904572368,0.06436011904761904,14.66699579216185,0.3545046003550635,0.6328125,1.9735198020935059,3.1189162731170654,0.5011160714285714,2.758899626277742,4.627298894382658,0.6328125,1.9474889039993286,1.1149781942367554,0.4640997023809524,3.2125582553091503,1.6969096447740282,0.00018235199968330562
279,elastic_transform/s5,0.0078125,18.226839065551758,0.00013721878349315375,0.06304505813953488,14.749782845031383,0.3462634984580502,0.4140625,2.836899518966675,3.8265395164489746,0.49909156976744184,2.760713577270508,4.608676583267922,0.4140625,2.903031826019287,1.663103699684143,0.4629360465116279,3.2053599662558976,1.696123460004496,0.00030569409136660397
280,elastic_transform/s5,0.0,18.36691665649414,0.00015506996714975685,0.06161221590909091,14.831990431655537,0.33839739781052974,0.546875,2.405212640762329,2.9679601192474365,0.5001775568181818,2.7526340105316858,4.571387572722002,0.546875,2.615032434463501,1.1826491355895996,0.46484375,3.191943431442434,1.6844535889950665,0.00013470486737787724
281,elastic_transform/s5,0.0,18.356388092041016,0.0001328235084656626,0.06024305555555556,14.910310379664104,0.3308804072704839,0.609375,2.159661293029785,2.856123924255371,0.5026041666666666,2.7394568390316434,4.533270602756076,0.609375,2.317390203475952,1.0482585430145264,0.46805555555555556,3.1725089152654014,1.67031592130661,8.351953147212043e-05
282,elastic_transform/s5,0.0,18.354537963867188,0.00013377275899983943,0.05893342391304348,14.98518489236417,0.32369026304197335,0.453125,2.587594509124756,3.548628091812134,0.5015285326086957,2.7361554840336675,4.511865330779034,0.453125,2.594937324523926,1.6818382740020752,0.46773097826086957,3.1599530111188474,1.6705664072347723,0.00015117709699552506
283,elastic_transform/s5,0.0,18.354053497314453,0.00013507751282304525,0.057679521276595744,15.056862947788645,0.3168061101583744,0.5234375,2.4052133560180664,3.2984752655029297,0.5019946808510638,2.7291141621609953,4.486048520879542,0.5234375,2.4604861736297607,1.4247403144836426,0.4689162234042553,3.145070737980782,1.6653360648358122,0.00015611539129167795
284,elastic_transform/s5,0.0,18.3447208404541,0.00012699309445451945,0.056477864583333336,15.125359987219175,0.31020862855287606,0.59375,1.965193748474121,2.869081974029541,0.50390625,2.7131991535425186,4.4523617178201675,0.59375,2.0077717304229736,1.0908334255218506,0.4715169270833333,3.1213770086566606,1.6533672598501046,9.878212586045265e-05
285,elastic_transform/s5,0.0,18.406234741210938,0.00012692675227299333,0.05532525510204082,15.19231661485166,0.3038804305569454,0.5234375,2.3097915649414062,3.141493320465088,0.5043048469387755,2.7049663456118838,4.425609301547615,0.5234375,2.4131171703338623,1.2503372430801392,0.4725765306122449,3.1069227262419097,1.6451421574670442,0.00010633239435264841
286,elastic_transform/s5,0.0,18.333532333374023,0.00011982441355939955,0.05421875,15.255140929222106,0.2978052184340777,0.546875,2.103386640548706,2.9243311882019043,0.50515625,2.69293475151062,4.395583739280701,0.546875,2.159763813018799,1.2205686569213867,0.4740625,3.0879795479774477,1.636650687456131,8.580446592532098e-05
287,elastic_transform/s5,0.0,18.409170150756836,0.00012308094301261008,0.05315563725490196,15.316984639448279,0.29196831377739013,0.5,2.5054492950439453,2.920952320098877,0.5050551470588235,2.689258566089705,4.366669397728116,0.5,2.778829336166382,1.1986082792282104,0.47457107843137253,3.081917779118407,1.6280616206281326,8.260752656497061e-05
288,elastic_transform/s5,0.0,18.39739227294922,0.00011695049761328846,0.052133413461538464,15.376223247784834,0.28635578756047136,0.625,1.863808035850525,2.405343532562256,0.5073617788461539,2.673384517431259,4.328951592628773,0.625,2.017807960510254,0.9087269306182861,0.4774639423076923,3.061454128760558,1.6142282612048662,4.715921022580005e-05
289,elastic_transform/s5,0.0,18.351716995239258,0.00011734206782421097,0.0511497641509434,15.43236463924624,0.2809550621738176,0.5390625,2.285661220550537,2.7773351669311523,0.5079599056603774,2.6660689835278495,4.299675811011836,0.5390625,2.4922916889190674,1.12957763671875,0.478626179245283,3.0507152148012846,1.6050839097994678,4.497879490372725e-05
290,elastic_transform/s5,0.0078125,18.269372940063477,0.00012151779083069414,0.050347222222222224,15.484901830002114,0.2757544409815401,0.4921875,2.441803216934204,2.699049234390259,0.5076678240740741,2.6619159137761153,4.270034578111437,0.4921875,2.751816987991333,1.1170830726623535,0.4788773148148148,3.045180062452952,1.5960468572598916,4.910520510748029e-05
291,elastic_transform/s5,0.0,18.35386085510254,0.00011376889597158879,0.04943181818181818,15.537064721367576,0.2707427923981661,0.5625,2.3773486614227295,2.723482847213745,0.5086647727272727,2.6567419637333263,4.241915455731479,0.5625,2.6415915489196777,1.1553618907928467,0.4803977272727273,3.0378420894796196,1.5880344033241272,5.02556940773502e-05
292,elastic_transform/s5,0.0078125,18.250783920288086,0.00011441972310421988,0.04868861607142857,15.58552399277687,0.2659101428861114,0.5234375,2.3299524784088135,2.648914098739624,0.5089285714285714,2.6509064372096742,4.213469002928052,0.5234375,2.5982301235198975,1.1002647876739502,0.48116629464285715,3.0299918758017674,1.5793242316160883,4.667324174079113e-05
293,elastic_transform/s5,0.0,18.39919662475586,0.00011581869330257177,0.0478344298245614,15.634886670530888,0.26124708456693935,0.421875,2.689483880996704,2.827512264251709,0.5074013157894737,2.6515832344690957,4.1891539724249585,0.421875,3.0713188648223877,1.1700966358184814,0.48012609649122806,3.0307169106968663,1.572144800110867,5.7845551054924726e-05
294,elastic_transform/s5,0.0,18.415979385375977,0.00011372558219591156,0.04700969827586207,15.682836544924768,0.25674478527409894,0.5859375,2.0850918292999268,2.4807827472686768,0.5087553879310345,2.641816141276524,4.159699296129161,0.5859375,2.28596568107605,1.046217918395996,0.48195043103448276,3.017876372255128,1.5630770952537143,4.3323707359377295e-05
295,elastic_transform/s5,0.0,18.403039932250977,0.00011159203131683171,0.04621292372881356,15.72894168708284,0.2523950701343908,0.6171875,1.7631460428237915,2.2658984661102295,0.510593220338983,2.626923427743427,4.127600976976297,0.6171875,1.8974201679229736,0.9130654335021973,0.4842425847457627,2.9988855891308543,1.5520599484443665,2.8026255677104928e-05
296,elastic_transform/s5,0.0,18.42011833190918,0.00011465956049505621,0.04544270833333333,15.773794631163279,0.24819039662482587,0.5703125,1.9604495763778687,2.306215763092041,0.5115885416666667,2.6158155302206674,4.097244556744894,0.5703125,2.156367778778076,0.981074333190918,0.4856770833333333,2.9848436256249746,1.5425435215234757,2.3032413082546555e-05
297,elastic_transform/s5,0.0078125,18.250579833984375,0.00011429190635681152,0.044825819672131145,15.8143976672751,0.2441235752359985,0.5625,1.995463252067566,2.636167526245117,0.5124231557377049,2.605645820742748,4.073292474277684,0.5625,2.097382068634033,1.108161449432373,0.4869364754098361,2.9702950755103688,1.5354225039482117,3.24812535836827e-05
298,elastic_transform/s5,0.0,18.407339096069336,0.00011342249490553513,0.044102822580645164,15.856219303223394,0.24018792761114216,0.53125,2.1212618350982666,2.2240445613861084,0.512726814516129,2.597833175812998,4.043465895037497,0.53125,2.434082269668579,0.933429479598999,0.4876512096774194,2.9616464818677595,1.5257129390393533,2.451529144309461e-05
299,elastic_transform/s5,0.0,18.3990535736084,0.00011125821038149297,0.043402777777777776,15.896581751959664,0.2363771868270031,0.5703125,2.050605058670044,2.1814489364624023,0.513640873015873,2.5891470152234275,4.01391007029821,0.5703125,2.350533962249756,0.896426260471344,0.48896329365079366,2.951946283143664,1.5157242616017659,2.1938107238383964e-05
300,elastic_transform/s5,0.0,18.39300537109375,0.00010574173938948661,0.042724609375,15.935588371008635,0.23268544549750914,0.5546875,2.2268106937408447,2.503793716430664,0.5142822265625,2.583485510200262,3.9903145022690296,0.5546875,2.5018794536590576,1.0139106512069702,0.489990234375,2.944913988932967,1.5078834239393473,2.6693722247728147e-05
301,elastic_transform/s5,0.0,18.410680770874023,0.00010624688002280891,0.042067307692307696,15.973666715621949,0.22910730398031703,0.515625,2.352407693862915,2.23125958442688,0.5143028846153846,2.5799304668719953,3.963252118917612,0.515625,2.798731803894043,0.8730234503746033,0.49038461538461536,2.9426650322400607,1.4981163474229666,2.1447012841235846e-05
302,elastic_transform/s5,0.0,18.37609100341797,0.00010756433039205149,0.04142992424242424,16.010067083618857,0.22563761095531817,0.53125,2.11838698387146,2.1346888542175293,0.5145596590909091,2.5729373837962295,3.9355466149070044,0.53125,2.473207473754883,0.8550221920013428,0.4910037878787879,2.935552038929679,1.488372496583245,1.6874166249181144e-05
303,elastic_transform/s5,0.0,18.406049728393555,0.0001048620615620166,0.04081156716417911,16.045828018615495,0.22227145052406808,0.59375,1.9621139764785767,2.0547685623168945,0.515741604477612,2.5638206165228317,3.9074753006892418,0.59375,2.2613906860351562,0.8420350551605225,0.4925373134328358,2.9254899291849847,1.4787256690993238,1.7869117073132657e-05
304,elastic_transform/s5,0.0,18.407859802246094,0.00011207575153093785,0.04021139705882353,16.080563780139475,0.21900440089506018,0.484375,2.255497694015503,2.34841251373291,0.5152803308823529,2.5592864558977237,3.884547906763413,0.484375,2.5671370029449463,1.0648868083953857,0.4924172794117647,2.9202200332108665,1.4726398035007364,2.1542187823797576e-05
305,elastic_transform/s5,0.0078125,18.261363983154297,0.00010218043462373316,0.03974184782608696,16.112169580183167,0.2158319049463582,0.4765625,2.439993143081665,2.1235899925231934,0.5147192028985508,2.557557567306187,3.8590267775715263,0.4765625,2.9541642665863037,0.8931164741516113,0.4921875,2.920711978622105,1.4642409146695896,1.927764060383197e-05
306,elastic_transform/s5,0.0,18.398712158203125,0.00010520039359107614,0.03917410714285714,16.14483447415488,0.21275009488131869,0.53125,2.2990939617156982,2.0586483478546143,0.5149553571428571,2.5538652300834657,3.8333070857184275,0.53125,2.739915132522583,0.9262416362762451,0.4927455357142857,2.918129166534969,1.456555210692542,1.860223892435897e-05
307,elastic_transform/s5,0.0,18.405372619628906,0.00010282013681717217,0.03862235915492958,16.17667303958409,0.20975506284266374,0.4921875,2.5618033409118652,2.083942174911499,0.5146346830985915,2.5539770344613304,3.808668143312696,0.4921875,3.1304361820220947,0.9370607137680054,0.492737676056338,2.921119406189717,1.4492383867921963,1.6441976185888052e-05
308,elastic_transform/s5,0.0,18.350797653198242,0.00014086304872762412,0.0380859375,16.206869214773178,0.2068437545121924,0.5859375,1.9526933431625366,1.6658400297164917,0.515625,2.5456258720821805,3.778906641734971,0.5859375,2.3671250343322754,0.730842113494873,0.4940321180555556,2.9134250399139194,1.439260660774178,9.401976967637893e-06
309,elastic_transform/s5,0.0,18.41461753845215,0.00010266147000947967,0.037564212328767124,16.237112342494807,0.20401168474449125,0.5234375,2.098339319229126,1.926378846168518,0.5157320205479452,2.539498659029399,3.7535295486450195,0.5234375,2.5083565711975098,0.8016895055770874,0.4944349315068493,2.9078761567808176,1.430526809333122,9.706365744932555e-06
310,elastic_transform/s5,0.0,18.378232955932617,0.0001023376826196909,0.037056587837837836,16.266046404838562,0.20125615302743893,0.5625,2.106806516647339,1.9468741416931152,0.5163640202702703,2.533651467916128,3.7291152863889128,0.5625,2.4997305870056152,0.849938690662384,0.4953547297297297,2.90236067610818,1.4226810239456795,1.0450033187225927e-05
311,elastic_transform/s5,0.0,18.420682907104492,9.84840007731691e-05,0.0365625,16.29477489153544,0.19857405077375007,0.6171875,2.121079921722412,1.8466792106628418,0.5177083333333333,2.528150513966878,3.704016138712565,0.6171875,2.5544233322143555,0.8239481449127197,0.4969791666666667,2.8977215115229287,1.4146979188919067,1.0418230885989033e-05
312,elastic_transform/s5,0.0,18.383625030517578,9.868245251709595e-05,0.03608141447368421,16.322259761785205,0.1959625327695233,0.46875,2.4538607597351074,1.9342756271362305,0.5170641447368421,2.5271730172006706,3.6807300793497184,0.46875,3.0071587562561035,0.9080421924591064,0.4966077302631579,2.899161475269418,1.4080313961756856,1.0336436389479786e-05
313,elastic_transform/s5,0.0,18.384624481201172,0.00010447224485687912,0.03561282467532467,16.34904371918022,0.1934189215938783,0.546875,2.12662410736084,1.910628318786621,0.5174512987012987,2.521971083306647,3.657741744796951,0.546875,2.5393006801605225,0.8463351130485535,0.49726055194805197,2.894487958449822,1.4007366392519567,1.0147946341021452e-05
314,elastic_transform/s5,0.0,18.4099178314209,9.79997857939452e-05,0.03515625,16.37546518215766,0.1909404482373644,0.5859375,1.927604079246521,1.8281620740890503,0.5183293269230769,2.5143509935110044,3.6342855951724906,0.5859375,2.27413272857666,0.7944517135620117,0.4983974358974359,2.8865346862719607,1.392963755589265,9.112555744650308e-06
315,elastic_transform/s5,0.0,18.420682907104492,0.00010614450729917735,0.03471123417721519,16.401354014119015,0.18852482413951546,0.6875,1.823082447052002,2.606901168823242,0.5204707278481012,2.5056007587457003,3.621280729016171,0.6875,1.8789536952972412,1.013999104499817,0.5007911392405063,2.8737804965127873,1.3881667346893987,0.00022779253777116537
316,fog/s5,0.4921875,3.0183463096618652,4.807033061981201,0.4921875,3.0183463096618652,4.807033061981201,0.6484375,2.8363404273986816,5.693160057067871,0.6484375,2.8363404273986816,5.693160057067871,0.59375,1.8540486097335815,2.312041997909546,0.59375,1.8540486097335815,2.312041997909546,0.6430057287216187
317,fog/s5,0.40625,2.6836605072021484,3.030423641204834,0.44921875,2.851003408432007,3.9187283515930176,0.6171875,2.6142637729644775,5.392746925354004,0.6328125,2.7253021001815796,5.5429534912109375,0.484375,2.787724256515503,1.00714111328125,0.5390625,2.3208864331245422,1.659591555595398,0.8934692144393921
318,fog/s5,0.453125,2.8768362998962402,2.178034543991089,0.4505208333333333,2.859614372253418,3.3384970823923745,0.5859375,2.945249319076538,5.542537689208984,0.6171875,2.7986178398132324,5.54281489054362,0.453125,3.946157693862915,0.5999226570129395,0.5104166666666666,2.862643520037333,1.3063685894012451,0.9881227612495422
319,fog/s5,0.4296875,3.2959911823272705,2.066901922225952,0.4453125,2.968708574771881,3.020598292350769,0.5546875,2.97733473777771,5.5986785888671875,0.6015625,2.843297064304352,5.556780815124512,0.4296875,4.70944356918335,0.6063544154167175,0.490234375,3.3243435323238373,1.1313650459051132,0.9962741136550903
320,fog/s5,0.4296875,3.092536687850952,1.7665722370147705,0.4421875,2.9934741973876955,2.769793081283569,0.6015625,2.68239688873291,5.492701053619385,0.6015625,2.8111170291900636,5.543964862823486,0.4296875,4.472600936889648,0.5100756287574768,0.478125,3.5539950132369995,1.0071071624755858,0.9980556964874268
321,fog/s5,0.3984375,3.539530038833618,1.514585256576538,0.4348958333333333,3.084483504295349,2.560591777165731,0.59375,2.768789291381836,5.516181945800781,0.6002604166666666,2.8040624062220254,5.539334376653035,0.3984375,5.315366268157959,0.484408974647522,0.46484375,3.8475568890571594,0.9199907978375753,0.9983943104743958
322,fog/s5,0.4453125,3.2802364826202393,1.1889159679412842,0.43638392857142855,3.112448215484619,2.364638090133667,0.625,2.786567449569702,5.641513347625732,0.6037946428571429,2.801563126700265,5.553931372506278,0.4453125,5.02114200592041,0.3944813013076782,0.46205357142857145,4.01521190575191,0.8449180126190186,0.9988773465156555
323,fog/s5,0.328125,4.749028205871582,0.8645951151847839,0.4228515625,3.3170207142829895,2.1771327182650566,0.625,2.708968162536621,5.487846851348877,0.6064453125,2.7899887561798096,5.545670807361603,0.328125,7.408717632293701,0.2793084383010864,0.4453125,4.4394001215696335,0.774216815829277,0.9971721768379211
324,fog/s5,0.265625,5.679008483886719,0.522446870803833,0.4053819444444444,3.579463799794515,1.9932787352138095,0.640625,2.6055564880371094,5.368708610534668,0.6102430555555556,2.769496281941732,5.526008341047499,0.28125,8.681927680969238,0.19424012303352356,0.4270833333333333,4.910792072614034,0.7097749610741934,0.9882549047470093
325,fog/s5,0.09375,8.179079055786133,0.25184327363967896,0.37421875,4.039425325393677,1.8191351890563965,0.5625,2.744276285171509,5.450677394866943,0.60546875,2.7669742822647097,5.5184752464294435,0.1015625,11.427226066589355,0.11162684857845306,0.39453125,5.5624354720115665,0.6499601498246192,0.9012819528579712
326,fog/s5,0.0546875,9.339385032653809,0.14794926345348358,0.34517045454545453,4.521239844235507,1.6672091958197681,0.640625,2.445704221725464,5.318714141845703,0.6086647727272727,2.737767913124778,5.500315146012739,0.1875,5.351058483123779,0.252021849155426,0.3757102272727273,5.543219382112676,0.6137839406728745,0.527797520160675
327,fog/s5,0.0078125,11.466635704040527,0.043406084179878235,0.3170572916666667,5.100022832552592,1.5318922698497772,0.65625,2.455465793609619,5.271111011505127,0.6126302083333334,2.7142427364985147,5.481214801470439,0.6796875,1.691572666168213,2.9483373165130615,0.4010416666666667,5.222248822450638,0.8083300553262234,0.11758997291326523
328,fog/s5,0.0078125,12.79780101776123,0.023910753428936005,0.2932692307692308,5.69215961603018,1.4158936916635587,0.5625,2.8094215393066406,5.247270107269287,0.6087740384615384,2.7215641828683705,5.463219055762658,0.5625,2.1694748401641846,2.853494167327881,0.41346153846153844,4.987420054582449,0.9656503716340432,0.04183667525649071
329,fog/s5,0.0,13.771326065063477,0.0068090492859482765,0.27232142857142855,6.269242933818272,1.3152447886365866,0.6484375,2.496074676513672,4.990392684936523,0.6116071428571429,2.705457789557321,5.429445743560791,0.6484375,1.889251947402954,2.301302909851074,0.4302455357142857,4.766122332641056,1.0610541243638312,0.012432686984539032
330,fog/s5,0.0,14.558751106262207,0.005027676932513714,0.25416666666666665,6.821876811981201,1.2278969811896483,0.6328125,2.2788617610931396,4.950483798980713,0.6130208333333333,2.6770180543263753,5.397514947255453,0.6328125,1.5795608758926392,2.2729687690734863,0.44375,4.553684902191162,1.1418484340111414,0.00719572976231575
331,fog/s5,0.0,15.19747543334961,0.011496304534375668,0.23828125,7.345351725816727,1.1518719388986938,0.5625,2.935161828994751,5.428144931793213,0.60986328125,2.693152040243149,5.3994293212890625,0.5625,2.2773518562316895,2.819108486175537,0.451171875,4.411414086818695,1.2466771872714162,0.011160094290971756
332,fog/s5,0.0,15.238883972167969,0.015452062711119652,0.22426470588235295,7.809677152072682,1.08502371088766,0.671875,2.109387159347534,4.808775901794434,0.6135110294117647,2.6588129296022305,5.364685002495261,0.671875,1.4216303825378418,2.0819315910339355,0.4641544117647059,4.2355444571551155,1.2958097992574467,0.0055526625365018845
333,fog/s5,0.0,16.042972564697266,0.0047069997526705265,0.21180555555555555,8.267082452774048,1.025006115824605,0.5546875,2.600576639175415,5.065412521362305,0.6102430555555556,2.6555775801340737,5.34805875354343,0.5546875,2.006335973739624,2.3545122146606445,0.4691840277777778,4.11169954140981,1.35462660011318,0.005771480966359377
334,fog/s5,0.0,16.49674415588379,0.0060767922550439835,0.20065789473684212,8.700222542411403,0.971378256689365,0.6015625,2.3980093002319336,4.980236053466797,0.6097861842105263,2.6420213548760665,5.328699664065712,0.6015625,1.7524490356445312,2.2714626789093018,0.4761513157894737,3.9875284621590064,1.4028811305761337,0.005398249719291925
335,fog/s5,0.0,16.70965003967285,0.001036701025441289,0.190625,9.100693917274475,0.9228611789061688,0.59375,2.3729259967803955,4.888797760009766,0.608984375,2.628566586971283,5.306704568862915,0.59375,1.7725117206573486,2.141206741333008,0.48203125,3.8767776250839234,1.4397974111139775,0.004020230378955603
336,fog/s5,0.0,16.946407318115234,0.0008969685295596719,0.18154761904761904,9.474299317314511,0.8789581212691874,0.5859375,2.4953322410583496,5.064209938049316,0.6078869047619048,2.6222220943087624,5.295157205490839,0.5859375,1.8215888738632202,2.4645190238952637,0.4869791666666667,3.7789114940734136,1.4885936783892768,0.00509754940867424
337,fog/s5,0.0,17.04007911682129,0.0007591287139803171,0.17329545454545456,9.818198399110274,0.8390399852439507,0.671875,1.9676650762557983,4.681074619293213,0.6107954545454546,2.5924695025790823,5.267244360663674,0.671875,1.302189588546753,1.8467888832092285,0.4953835227272727,3.6663332256403836,1.5048752786083655,0.003130526514723897
338,fog/s5,0.0,17.07680892944336,0.0006770772743038833,0.16576086956521738,10.133790161298668,0.8025894240278791,0.609375,2.1665985584259033,4.870465278625488,0.610733695652174,2.5739533745724223,5.249993096227231,0.609375,1.4837963581085205,2.0806798934936523,0.5003396739130435,3.5714403183563896,1.5299102618642475,0.0033357148058712482
339,fog/s5,0.0,17.3906192779541,0.0006080649327486753,0.15885416666666666,10.436158041159311,0.769173534065582,0.59375,2.402172565460205,4.901515007019043,0.6100260416666666,2.566795840859413,5.235473175843556,0.59375,1.7877436876296997,2.2518632411956787,0.5042317708333334,3.4971196254094443,1.5599916360030572,0.0036431921180337667
340,fog/s5,0.0,17.59321403503418,0.0005174432881176472,0.1525,10.722440280914306,0.7384272904344834,0.5703125,2.5072805881500244,5.007737159729004,0.6084375,2.5644152307510377,5.226363735198975,0.5703125,1.8886442184448242,2.346848487854004,0.506875,3.4327806091308593,1.591465910077095,0.004456944763660431
341,fog/s5,0.0,17.648923873901367,0.0004679382545873523,0.1466346153846154,10.988843496029194,0.7100442384275644,0.625,2.154207229614258,4.291411399841309,0.6090745192307693,2.5486379999380846,5.19040402999291,0.625,1.724494457244873,1.765658974647522,0.5114182692307693,3.367077295596783,1.5981656433298037,0.0018700645305216312
342,fog/s5,0.0,17.70049285888672,0.0004549640289042145,0.1412037037037037,11.237423102060953,0.683763154190577,0.6328125,2.2886767387390137,4.562824249267578,0.6099537037037037,2.5390098050788596,5.16716033441049,0.6328125,1.7793422937393188,2.0198516845703125,0.5159143518518519,3.308272295527988,1.61378364485723,0.0018537025898694992
343,fog/s5,0.0,17.858793258666992,0.0003939156304113567,0.13616071428571427,11.473900607654027,0.6593571099562853,0.5703125,2.2312495708465576,4.5912652015686035,0.6085379464285714,2.528018368141992,5.146592651094709,0.5703125,1.6928197145462036,1.9808369874954224,0.5178571428571429,3.2505775604929243,1.626892692808594,0.0019010918913409114
344,fog/s5,0.0,17.809612274169922,0.00037254716153256595,0.1314655172413793,11.692373423740781,0.6366335043426732,0.59375,2.3709254264831543,4.711174964904785,0.6080280172413793,2.522601370153756,5.131578248122643,0.59375,1.8653595447540283,2.0020148754119873,0.5204741379310345,3.2028114220191695,1.639827940484573,0.002168435836210847
345,fog/s5,0.0,17.840024948120117,0.00034140481147915125,0.12708333333333333,11.897295141220093,0.6154237676916333,0.6328125,1.9643008708953857,4.290031433105469,0.6088541666666667,2.50399135351181,5.10352668762207,0.6328125,1.5015463829040527,1.5313506126403809,0.52421875,3.1461025873819985,1.6362120295564333,0.001226490014232695
346,fog/s5,0.0,17.87519073486328,0.0003166794776916504,0.12298387096774194,12.090130482950519,0.5955816035556998,0.6640625,1.9753891229629517,4.322785377502441,0.6106350806451613,2.4869396686553955,5.078341484069824,0.6640625,1.507690668106079,1.5513935089111328,0.5287298387096774,3.093250589986001,1.6334759482452947,0.001028190366923809
347,fog/s5,0.0,18.08397102355957,0.00028901221230626106,0.119140625,12.277437999844551,0.5769787100762187,0.6328125,2.071909189224243,4.099475860595703,0.611328125,2.473969966173172,5.047751933336258,0.6328125,1.6944841146469116,1.6409742832183838,0.531982421875,3.0495391376316547,1.6337102712132037,0.0007365611381828785
348,fog/s5,0.0,18.088457107543945,0.0002886806323658675,0.11553030303030302,12.453529487956654,0.5595032546385262,0.6875,2.046370267868042,4.486599445343018,0.6136363636363636,2.461012399557865,5.030747312487978,0.6875,1.4856892824172974,1.8225667476654053,0.5366950757575758,3.0021497480797046,1.6394331947420582,0.001038252143189311
349,fog/s5,0.0,18.142454147338867,0.000258966552792117,0.11213235294117647,12.620850801467896,0.5430548932242399,0.578125,2.2929909229278564,4.547714710235596,0.6125919117647058,2.4560705914216885,5.016540471245261,0.578125,1.8193868398666382,1.9193220138549805,0.5379136029411765,2.9673626037204968,1.6476652188336147,0.0014030995080247521
350,fog/s5,0.0,18.127952575683594,0.0002492938656359911,0.10892857142857143,12.778196566445487,0.527546161813994,0.625,2.2716026306152344,4.409267425537109,0.6129464285714286,2.4508000782557895,4.999189812796456,0.625,1.840947151184082,1.8814924955368042,0.5404017857142858,2.9351793050765993,1.6543459981679915,0.0012388498289510608
351,fog/s5,0.0,18.211889266967773,0.00023538709501735866,0.10590277777777778,12.929132474793327,0.5128986402940225,0.6171875,2.1584606170654297,4.007707595825195,0.6130642361111112,2.4426795376671686,4.97164864010281,0.6171875,1.8635915517807007,1.5665092468261719,0.5425347222222222,2.9054129785961575,1.6519060884084966,0.0007378791342489421
352,fog/s5,0.0,18.17136001586914,0.00023020533262751997,0.10304054054054054,13.07081430022781,0.49904273664641724,0.625,2.1100215911865234,4.090633392333984,0.6133868243243243,2.4336887823568807,4.947837417190139,0.625,1.7397985458374023,1.6790103912353516,0.5447635135135135,2.873909885818894,1.6526386371335469,0.0006324731511995196
353,fog/s5,0.0078125,18.173006057739258,0.00022316422837320715,0.10053453947368421,13.205082504372848,0.4859159057933108,0.5625,2.2606945037841797,4.257757186889648,0.612047697368421,2.42913630134181,4.9296774111296005,0.5625,1.8816468715667725,1.791844367980957,0.5452302631578947,2.8477977012333118,1.6563019458400576,0.0007174572674557567
354,fog/s5,0.0,18.259794235229492,0.00021473472588695586,0.09795673076923077,13.334690497471737,0.4734620296120948,0.5625,2.0794553756713867,3.9411399364471436,0.6107772435897436,2.4201701237605167,4.904330296394153,0.5625,1.7518565654754639,1.624216079711914,0.5456730769230769,2.81969664647029,1.6554792313239513,0.0006091833347454667
355,fog/s5,0.0,18.185522079467773,0.00021267071133479476,0.0955078125,13.455961287021637,0.4616307956395758,0.59375,2.1991424560546875,3.9128568172454834,0.6103515625,2.4146444320678713,4.879543459415435,0.59375,1.9348430633544922,1.615922212600708,0.546875,2.797575306892395,1.6544903058558702,0.0005302726640366018
356,fog/s5,0.0,18.26320457458496,0.00019738344417419285,0.09317835365853659,13.57321112330367,0.4503763221713953,0.546875,2.30484938621521,3.7780816555023193,0.6088033536585366,2.411966504120245,4.852678537368774,0.546875,2.1729793548583984,1.4655169248580933,0.546875,2.7823412592818095,1.649881199002266,0.00041183512075804174
357,fog/s5,0.0,18.267730712890625,0.0001949113793671131,0.09095982142857142,13.684985399246216,0.4396577171525375,0.6796875,1.745849609375,3.456538200378418,0.6104910714285714,2.3961065780548823,4.819437100773766,0.6796875,1.4997004270553589,1.1947578191757202,0.5500372023809523,2.7518021918478466,1.639044928054015,0.00022163648100104183
358,fog/s5,0.0,18.24161148071289,0.00019637774676084518,0.08884447674418605,13.790953447652418,0.4294376860035659,0.5703125,2.2396888732910156,3.918360948562622,0.6095566860465116,2.392468957013862,4.798481841420019,0.5703125,2.0075039863586426,1.5797131061553955,0.5505087209302325,2.7344929312550743,1.6376651182424191,0.0003107583033852279
359,fog/s5,0.0,18.293960571289062,0.00018594393623061478,0.08682528409090909,13.89329451864416,0.41968196459294466,0.65625,1.9521485567092896,3.464418888092041,0.6106178977272727,2.382461675188758,4.768162228844383,0.65625,1.7660808563232422,1.3446381092071533,0.5529119318181818,2.7124835659157145,1.6310054134916177,0.00021516185370273888
360,fog/s5,0.0,18.284595489501953,0.0001863715733634308,0.08489583333333334,13.990878984663222,0.41035984030362066,0.640625,1.7221590280532837,3.280160903930664,0.6112847222222222,2.367788283030192,4.735095532735189,0.640625,1.5195521116256714,1.164541482925415,0.5548611111111111,2.6859739780426026,1.6206395483679241,0.00014802128134761006
361,fog/s5,0.0,18.29668617248535,0.0001819239987526089,0.08305027173913043,14.084483488746312,0.4014429290796018,0.5625,2.256675958633423,3.893087387084961,0.6102241847826086,2.3653727977172188,4.716791007829749,0.5625,2.0193262100219727,1.6409342288970947,0.5550271739130435,2.6714816352595454,1.62108073707508,0.000249724427703768
362,fog/s5,0.0078125,18.105493545532227,0.00018319988157600164,0.08144946808510638,14.170036894209842,0.39290548803283526,0.609375,1.9767338037490845,3.639911413192749,0.6102061170212766,2.3571038829519395,4.6938786760289615,0.609375,1.7526005506515503,1.3459203243255615,0.5561835106382979,2.651930973884907,1.615226260208069,0.00023150513879954815
363,fog/s5,0.0078125,18.133996963500977,0.00017840377404354513,0.07991536458333333,14.252619395653406,0.38472367377744376,0.640625,1.7110729217529297,3.1216354370117188,0.61083984375,2.3436449045936265,4.661123608549436,0.640625,1.562696099281311,1.1072986125946045,0.5579427083333334,2.629238580663999,1.604644434216122,0.00013486616080626845
364,fog/s5,0.0,18.256986618041992,0.00018289776926394552,0.07828443877551021,14.334341175702153,0.3768759028385013,0.6328125,1.884067177772522,3.4660837650299072,0.6112882653061225,2.3342657673115634,4.636735040314344,0.6328125,1.6493983268737793,1.3642520904541016,0.5594706632653061,2.609241840790729,1.599738468016897,0.00015267980052158237
365,fog/s5,0.0078125,18.196441650390625,0.00016849000530783087,0.076875,14.411583185195923,0.36934175458183743,0.6171875,1.8059691190719604,3.1191418170928955,0.61140625,2.323699834346771,4.606383175849914,0.6171875,1.662540078163147,1.2369728088378906,0.560625,2.5903078055381776,1.5924831548333167,0.0001095135958166793
366,fog/s5,0.0,18.29994010925293,0.0001688814809313044,0.07536764705882353,14.487825477824492,0.36210307079554516,0.46875,2.291656732559204,3.5658185482025146,0.608609068627451,2.3230715382332896,4.585979947856829,0.46875,2.2162649631500244,1.4510979652404785,0.5588235294117647,2.5829736321580175,1.5897108962138493,0.00016792888345662504
367,fog/s5,0.0,18.248708724975586,0.0001710042415652424,0.07391826923076923,14.56015015565432,0.35514283874643016,0.65625,1.5999696254730225,3.3051273822784424,0.6095252403846154,2.309165732218669,4.561348167749552,0.65625,1.3251608610153198,1.1553456783294678,0.5606971153846154,2.558784925020658,1.581357718946842,0.000131629261886701
368,fog/s5,0.0,18.283090591430664,0.0001646260789129883,0.07252358490566038,14.630394314819911,0.348445136620628,0.6171875,1.7953399419784546,3.045750141143799,0.6096698113207547,2.2994709059877216,4.532751978568311,0.6171875,1.6761689186096191,1.2017227411270142,0.5617629716981132,2.5421317928242235,1.574194794837034,9.13565163500607e-05
369,fog/s5,0.0,18.31977081298828,0.00016523129306733608,0.07118055555555555,14.69871610182303,0.34199550874419166,0.5859375,1.8228800296783447,3.041130781173706,0.6092303240740741,2.2906451490190296,4.5051293638017444,0.5859375,1.7561899423599243,1.0647881031036377,0.5622106481481481,2.5275773141119213,1.5647613375827119,7.963692769408226e-05
370,fog/s5,0.0,18.311119079589844,0.00015903959865681827,0.06988636363636364,14.764396155964244,0.33578030021427285,0.6015625,1.7716920375823975,3.012590169906616,0.6090909090909091,2.2812096379019997,4.477992287549106,0.6015625,1.6676520109176636,1.1208264827728271,0.5629261363636363,2.5119423085992985,1.5566897947679867,7.284940511453897e-05
371,fog/s5,0.0,18.342735290527344,0.00016299294657073915,0.06863839285714286,14.828295069081443,0.32978713401306387,0.578125,1.9669281244277954,3.0478343963623047,0.6085379464285714,2.275597468018532,4.452453753777912,0.578125,1.937350869178772,1.1849861145019531,0.5631975446428571,2.501681747181075,1.5500522290489502,7.48896345612593e-05
372,fog/s5,0.0,18.34113121032715,0.00015250375145114958,0.06743421052631579,14.889923773313823,0.32400407032426365,0.5390625,2.38213849067688,3.390549659729004,0.6073190789473685,2.277466608766924,4.43382385739109,0.5390625,2.4302568435668945,1.3411481380462646,0.5627741228070176,2.5004286786966157,1.5463872449962717,0.00011423322575865313
373,fog/s5,0.0,18.302682876586914,0.0001608004968147725,0.06627155172413793,14.948764447508188,0.3184205656720663,0.6953125,1.5868324041366577,2.7529819011688232,0.6088362068965517,2.265559122480195,4.4048438236631196,0.6953125,1.4829413890838623,1.030930757522583,0.5650592672413793,2.4828857943929474,1.5375000641777599,6.908045179443434e-05
374,fog/s5,0.0,18.36187744140625,0.0001645479496801272,0.06514830508474577,15.00661382028612,0.3130263958801614,0.671875,1.4829213619232178,2.6651978492736816,0.6099046610169492,2.252294075691094,4.3753582986734685,0.671875,1.3336918354034424,1.072380781173706,0.5668697033898306,2.463407930681261,1.529616686499725,4.6985620429040864e-05
375,fog/s5,0.0,18.31757354736328,0.00015847006579861045,0.0640625,15.061796482404073,0.307811930449922,0.6875,1.576107144355774,2.8384647369384766,0.6111979166666667,2.241024293502172,4.349743405977885,0.6875,1.4439418315887451,1.0398480892181396,0.5688802083333333,2.4464168290297192,1.5214538765450318,4.396071381052025e-05
376,fog/s5,0.0,18.312053680419922,0.000156259149662219,0.0630122950819672,15.11507938728958,0.3027683948548358,0.625,1.6421905755996704,2.9553380012512207,0.6114241803278688,2.231207347307049,4.326884300982366,0.625,1.4896241426467896,1.1192960739135742,0.5698002049180327,2.4307317030234414,1.514861125682221,5.1709921535803005e-05
377,fog/s5,0.0,18.27012825012207,0.0001522528036730364,0.061995967741935484,15.165967272173974,0.29788748933788156,0.5859375,1.8882960081100464,2.4805192947387695,0.6110131048387096,2.2256765192554844,4.297104220236501,0.5859375,2.0243544578552246,0.9510300755500793,0.5700604838709677,2.42417723132718,1.5057670764865414,3.325174839119427e-05
378,fog/s5,0.0,18.34730339050293,0.00015234752208925784,0.06101190476190476,15.216464670877608,0.29316153470588485,0.5859375,1.7935335636138916,2.85701322555542,0.6106150793650794,2.2188171072611733,4.2742456330193415,0.5859375,1.7431491613388062,1.1122139692306519,0.5703125,2.4133672619622852,1.499520201768194,4.595896461978555e-05
379,fog/s5,0.0,18.288509368896484,0.0001463976950617507,0.06005859375,15.264465369284153,0.28858317319009075,0.59375,1.7622874975204468,2.735835552215576,0.6103515625,2.2116838321089745,4.2502079755067825,0.59375,1.729793667793274,1.078851580619812,0.5706787109375,2.4026864245533943,1.4929472545627505,4.237697794451378e-05
380,fog/s5,0.0,18.373416900634766,0.00014849384024273604,0.05913461538461538,15.312295392843394,0.2841457165847085,0.6328125,1.8158680200576782,2.7044358253479004,0.6106971153846154,2.205594358077416,4.226426865504338,0.6328125,1.830434799194336,1.0602374076843262,0.5716346153846154,2.393882553394024,1.48629017999539,3.863353776978329e-05
381,fog/s5,0.0,18.32970428466797,0.0001576430513523519,0.05823863636363636,15.35801370938619,0.27984286698571825,0.59375,1.6780012845993042,2.4324231147766113,0.6104403409090909,2.197600523630778,4.1992449904933125,0.59375,1.7433288097381592,0.8662821054458618,0.571969696969697,2.3840256784901475,1.4768961182597913,2.7347792638465762e-05
382,fog/s5,0.0,18.349876403808594,0.00014542241115123034,0.057369402985074626,15.40266837646712,0.2756682782607247,0.65625,1.5472770929336548,2.3897008895874023,0.6111240671641791,2.187894203769627,4.172236869584268,0.65625,1.561734914779663,0.8678882718086243,0.5732276119402985,2.3717526820168566,1.4678064489097737,2.4674125597812235e-05
383,fog/s5,0.0,18.32968521118164,0.00015026889741420746,0.05652573529411765,15.445712741683511,0.2716165428289113,0.640625,1.7583181858062744,2.5369081497192383,0.6115579044117647,2.181576909387813,4.148187917821548,0.640625,1.8030575513839722,0.9737138152122498,0.57421875,2.363389518331079,1.460540380767163,2.426795799692627e-05
384,fog/s5,0.0,18.314882278442383,0.00013951730215921998,0.05570652173913043,15.487294908882916,0.26768209318359604,0.625,1.7083849906921387,2.4183077812194824,0.6117527173913043,2.174719055493673,4.123117191204126,0.625,1.776064157485962,0.9270615577697754,0.5749547101449275,2.3548775565797,1.4528088036222735,2.3563537979498506e-05
385,fog/s5,0.0078125,18.191404342651367,0.00015028679626993835,0.05502232142857143,15.525925043651036,0.26386021023520567,0.5703125,1.976933240890503,2.7291555404663086,0.6111607142857143,2.1718935438564846,4.103203453336444,0.5703125,2.0624287128448486,1.0748456716537476,0.5748883928571429,2.350699715954917,1.4474093303084374,3.422949157538824e-05
386,fog/s5,0.0078125,18.249942779541016,0.00013964343816041946,0.05435739436619718,15.564291490635402,0.2601458360549656,0.5859375,1.919782042503357,2.6022026538848877,0.6108054577464789,2.1683426776402435,4.082062597006139,0.5859375,2.003690719604492,1.0788822174072266,0.575044014084507,2.345812265302094,1.442218807591519,3.65014020644594e-05
387,fog/s5,0.0,18.332565307617188,0.00014070348697714508,0.05360243055555555,15.602739738093483,0.256534653658188,0.71875,1.3981682062149048,1.982717752456665,0.6123046875,2.157645809981558,4.05290502972073,0.71875,1.481874704360962,0.6808444261550903,0.5770399305555556,2.333813132511245,1.4316441634049017,1.8115335478796624e-05
388,fog/s5,0.0,18.32245635986328,0.00014519740943796933,0.05286815068493151,15.63999613017252,0.25302246932601336,0.65625,1.6453680992126465,2.2253434658050537,0.6129066780821918,2.150628307094313,4.027869939804077,0.65625,1.7161930799484253,0.9384772777557373,0.578125,2.325352583846001,1.4248884526425845,1.631430677662138e-05
389,fog/s5,0.0,18.308609008789062,0.00014467642176896334,0.052153716216216214,15.67605846637004,0.24960520185433435,0.609375,1.5500879287719727,2.3077893257141113,0.6128589527027027,2.1425128965764433,4.004625607181239,0.609375,1.5626569986343384,0.9048982262611389,0.5785472972972973,2.3150458867485457,1.417861557691484,1.679846172919497e-05
390,fog/s5,0.0078125,18.258512496948242,0.00013910277630202472,0.0515625,15.71049118677775,0.24627898719996058,0.578125,2.0529680252075195,2.2319788932800293,0.6123958333333334,2.1413189649581907,3.980990317662557,0.578125,2.337940216064453,0.9180517196655273,0.5785416666666666,2.315351144472758,1.4111974265178044,1.6755326214479282e-05
391,fog/s5,0.0,18.31450080871582,0.00014785546227358282,0.05088404605263158,15.744754471276936,0.24304041967709628,0.59375,1.7696877717971802,2.119025230407715,0.6121504934210527,2.1364290808376514,3.956490777040783,0.59375,1.9488463401794434,0.8619143962860107,0.5787417763157895,2.3105287128373195,1.4039700182252808,1.4056267900741659e-05
392,fog/s5,0.0,18.35022735595703,0.0001500510988989845,0.05022321428571429,15.778591781467586,0.23988599930595086,0.671875,1.5498552322387695,2.107147693634033,0.6129261363636364,2.1288112386480553,3.9324733343991367,0.671875,1.6364963054656982,0.8226315975189209,0.5799512987012987,2.3017750452091166,1.3964201686057178,1.3280146049510222e-05
393,fog/s5,0.0,18.361600875854492,0.00013562108506448567,0.04957932692307692,15.811707282677675,0.23681227650824718,0.65625,1.3476343154907227,1.9083929061889648,0.6134815705128205,2.118796149889628,3.906523585319519,0.65625,1.4021204710006714,0.7392027378082275,0.5809294871794872,2.2902410122064443,1.387994304108314,9.05655360838864e-06
394,fog/s5,0.0,18.351436614990234,0.0001609218306839466,0.04895174050632911,15.843855755238593,0.23381668974017678,0.625,2.2424299716949463,4.321032524108887,0.6136273734177216,2.1203611349757714,3.9117705339117896,0.625,1.7149524688720703,2.213425636291504,0.5814873417721519,2.2829588787465154,1.3984428019840507,0.0015146465739235282
